solid OpenSCAD_Model
  facet normal 0 -1 0
    outer loop
      vertex -151 -43 0
      vertex 55 -43 6
      vertex -151 -43 6
    endloop
  endfacet
  facet normal 0 -1 -0
    outer loop
      vertex 55 -43 6
      vertex -151 -43 0
      vertex 55 -43 0
    endloop
  endfacet
  facet normal 1 -0 0
    outer loop
      vertex 55 -43 6
      vertex 55 43 0
      vertex 55 43 6
    endloop
  endfacet
  facet normal 1 0 0
    outer loop
      vertex 55 43 0
      vertex 55 -43 6
      vertex 55 -43 0
    endloop
  endfacet
  facet normal 0 0 1
    outer loop
      vertex -23 -1.69706 6
      vertex -24.6971 0 6
      vertex -23 -23 6
    endloop
  endfacet
  facet normal 0 0 1
    outer loop
      vertex 39.3579 -33.44 6
      vertex 16.6855 -36.7781 6
      vertex 16.7 -37 6
    endloop
  endfacet
  facet normal 0 0 1
    outer loop
      vertex 39.3 -33 6
      vertex 16.6421 -36.56 6
      vertex 16.6855 -36.7781 6
    endloop
  endfacet
  facet normal 0 0 1
    outer loop
      vertex 23 -23 6
      vertex 16.5706 -36.3494 6
      vertex 16.6421 -36.56 6
    endloop
  endfacet
  facet normal 0 0 1
    outer loop
      vertex 23 -23 6
      vertex 16.4722 -36.15 6
      vertex 16.5706 -36.3494 6
    endloop
  endfacet
  facet normal 0 0 1
    outer loop
      vertex 23 -23 6
      vertex 16.3487 -35.9651 6
      vertex 16.4722 -36.15 6
    endloop
  endfacet
  facet normal 0 0 1
    outer loop
      vertex 23 -23 6
      vertex 16.2021 -35.7979 6
      vertex 16.3487 -35.9651 6
    endloop
  endfacet
  facet normal 0 0 1
    outer loop
      vertex 23 -23 6
      vertex 16.0349 -35.6513 6
      vertex 16.2021 -35.7979 6
    endloop
  endfacet
  facet normal 0 0 1
    outer loop
      vertex 23 -23 6
      vertex 15.85 -35.5278 6
      vertex 16.0349 -35.6513 6
    endloop
  endfacet
  facet normal 0 0 1
    outer loop
      vertex 23 -23 6
      vertex 15.6506 -35.4294 6
      vertex 15.85 -35.5278 6
    endloop
  endfacet
  facet normal 0 0 1
    outer loop
      vertex 23 -23 6
      vertex 15.44 -35.3579 6
      vertex 15.6506 -35.4294 6
    endloop
  endfacet
  facet normal 0 0 1
    outer loop
      vertex 23 -23 6
      vertex 15.2219 -35.3145 6
      vertex 15.44 -35.3579 6
    endloop
  endfacet
  facet normal 0 0 1
    outer loop
      vertex 23 -23 6
      vertex 15 -35.3 6
      vertex 15.2219 -35.3145 6
    endloop
  endfacet
  facet normal -0 0 1
    outer loop
      vertex 1.69706 -23 6
      vertex 15 -35.3 6
      vertex 23 -23 6
    endloop
  endfacet
  facet normal -0 0 1
    outer loop
      vertex 0 -24.6971 6
      vertex 15 -35.3 6
      vertex 1.69706 -23 6
    endloop
  endfacet
  facet normal -0 0 1
    outer loop
      vertex -23 -23 6
      vertex 0 -24.6971 6
      vertex -1.69706 -23 6
    endloop
  endfacet
  facet normal 0 0 1
    outer loop
      vertex -23 -23 6
      vertex 15 -35.3 6
      vertex 0 -24.6971 6
    endloop
  endfacet
  facet normal 0 0 1
    outer loop
      vertex -123.3 -33 6
      vertex -24.6971 0 6
      vertex -123.3 33 6
    endloop
  endfacet
  facet normal 0 0 1
    outer loop
      vertex -24.6971 0 6
      vertex -123.3 -33 6
      vertex -23 -23 6
    endloop
  endfacet
  facet normal 0 0 1
    outer loop
      vertex -123.315 -33.2219 6
      vertex -23 -23 6
      vertex -123.3 -33 6
    endloop
  endfacet
  facet normal 0 0 1
    outer loop
      vertex -123.358 -33.44 6
      vertex -23 -23 6
      vertex -123.315 -33.2219 6
    endloop
  endfacet
  facet normal 0 0 1
    outer loop
      vertex -123.429 -33.6506 6
      vertex -23 -23 6
      vertex -123.358 -33.44 6
    endloop
  endfacet
  facet normal 0 0 1
    outer loop
      vertex -123.528 -33.85 6
      vertex -23 -23 6
      vertex -123.429 -33.6506 6
    endloop
  endfacet
  facet normal 0 0 1
    outer loop
      vertex -123.651 -34.0349 6
      vertex -23 -23 6
      vertex -123.528 -33.85 6
    endloop
  endfacet
  facet normal 0 0 1
    outer loop
      vertex -123.798 -34.2021 6
      vertex -23 -23 6
      vertex -123.651 -34.0349 6
    endloop
  endfacet
  facet normal 0 0 1
    outer loop
      vertex -123.965 -34.3487 6
      vertex -23 -23 6
      vertex -123.798 -34.2021 6
    endloop
  endfacet
  facet normal 0 0 1
    outer loop
      vertex -124.15 -34.4722 6
      vertex -23 -23 6
      vertex -123.965 -34.3487 6
    endloop
  endfacet
  facet normal 0 0 1
    outer loop
      vertex -124.349 -34.5706 6
      vertex -23 -23 6
      vertex -124.15 -34.4722 6
    endloop
  endfacet
  facet normal 0 0 1
    outer loop
      vertex -23 -23 6
      vertex -124.349 -34.5706 6
      vertex 15 -35.3 6
    endloop
  endfacet
  facet normal -0 0 1
    outer loop
      vertex -124.56 -34.6421 6
      vertex 15 -35.3 6
      vertex -124.349 -34.5706 6
    endloop
  endfacet
  facet normal -0 0 1
    outer loop
      vertex -124.778 -34.6855 6
      vertex 15 -35.3 6
      vertex -124.56 -34.6421 6
    endloop
  endfacet
  facet normal -0 0 1
    outer loop
      vertex -125 -34.7 6
      vertex 15 -35.3 6
      vertex -124.778 -34.6855 6
    endloop
  endfacet
  facet normal 0 0 1
    outer loop
      vertex -125 -34.7 6
      vertex -135 -35.3 6
      vertex 15 -35.3 6
    endloop
  endfacet
  facet normal 0 0 1
    outer loop
      vertex -125.222 -34.6855 6
      vertex -135 -35.3 6
      vertex -125 -34.7 6
    endloop
  endfacet
  facet normal 0 0 1
    outer loop
      vertex -125.44 -34.6421 6
      vertex -135 -35.3 6
      vertex -125.222 -34.6855 6
    endloop
  endfacet
  facet normal 0 0 1
    outer loop
      vertex -125.651 -34.5706 6
      vertex -135 -35.3 6
      vertex -125.44 -34.6421 6
    endloop
  endfacet
  facet normal 0 0 1
    outer loop
      vertex -125.85 -34.4722 6
      vertex -135 -35.3 6
      vertex -125.651 -34.5706 6
    endloop
  endfacet
  facet normal 0 0 1
    outer loop
      vertex -126.035 -34.3487 6
      vertex -135 -35.3 6
      vertex -125.85 -34.4722 6
    endloop
  endfacet
  facet normal 0 0 1
    outer loop
      vertex -126.202 -34.2021 6
      vertex -135 -35.3 6
      vertex -126.035 -34.3487 6
    endloop
  endfacet
  facet normal 0 0 1
    outer loop
      vertex -126.349 -34.0349 6
      vertex -135 -35.3 6
      vertex -126.202 -34.2021 6
    endloop
  endfacet
  facet normal 0 0 1
    outer loop
      vertex -126.472 -33.85 6
      vertex -135 -35.3 6
      vertex -126.349 -34.0349 6
    endloop
  endfacet
  facet normal 0 0 1
    outer loop
      vertex -126.571 -33.6506 6
      vertex -135 -35.3 6
      vertex -126.472 -33.85 6
    endloop
  endfacet
  facet normal 0 0 1
    outer loop
      vertex -126.642 -33.44 6
      vertex -135 -35.3 6
      vertex -126.571 -33.6506 6
    endloop
  endfacet
  facet normal 0 0 1
    outer loop
      vertex -126.685 -33.2219 6
      vertex -135 -35.3 6
      vertex -126.642 -33.44 6
    endloop
  endfacet
  facet normal 0 0 1
    outer loop
      vertex -135 -35.3 6
      vertex -126.685 -33.2219 6
      vertex -126.7 -33 6
    endloop
  endfacet
  facet normal 0 0 1
    outer loop
      vertex 55 43 6
      vertex 42.7 33 6
      vertex 55 -43 6
    endloop
  endfacet
  facet normal 0 0 1
    outer loop
      vertex 55 43 6
      vertex 42.6855 33.2219 6
      vertex 42.7 33 6
    endloop
  endfacet
  facet normal 0 0 1
    outer loop
      vertex 55 43 6
      vertex 42.6421 33.44 6
      vertex 42.6855 33.2219 6
    endloop
  endfacet
  facet normal 0 0 1
    outer loop
      vertex 55 43 6
      vertex 42.5706 33.6506 6
      vertex 42.6421 33.44 6
    endloop
  endfacet
  facet normal 0 0 1
    outer loop
      vertex 55 43 6
      vertex 42.4722 33.85 6
      vertex 42.5706 33.6506 6
    endloop
  endfacet
  facet normal 0 0 1
    outer loop
      vertex 55 43 6
      vertex 42.3487 34.0349 6
      vertex 42.4722 33.85 6
    endloop
  endfacet
  facet normal 0 0 1
    outer loop
      vertex 55 43 6
      vertex 42.2021 34.2021 6
      vertex 42.3487 34.0349 6
    endloop
  endfacet
  facet normal 0 0 1
    outer loop
      vertex 55 43 6
      vertex 42.0349 34.3487 6
      vertex 42.2021 34.2021 6
    endloop
  endfacet
  facet normal 0 0 1
    outer loop
      vertex 55 43 6
      vertex 41.85 34.4722 6
      vertex 42.0349 34.3487 6
    endloop
  endfacet
  facet normal 0 0 1
    outer loop
      vertex 55 43 6
      vertex 41.6506 34.5706 6
      vertex 41.85 34.4722 6
    endloop
  endfacet
  facet normal 0 0 1
    outer loop
      vertex 55 43 6
      vertex 41.44 34.6421 6
      vertex 41.6506 34.5706 6
    endloop
  endfacet
  facet normal 0 0 1
    outer loop
      vertex 55 43 6
      vertex 41.2219 34.6855 6
      vertex 41.44 34.6421 6
    endloop
  endfacet
  facet normal 0 0 1
    outer loop
      vertex 55 43 6
      vertex 41 34.7 6
      vertex 41.2219 34.6855 6
    endloop
  endfacet
  facet normal 0 0 1
    outer loop
      vertex 55 43 6
      vertex 40.7781 34.6855 6
      vertex 41 34.7 6
    endloop
  endfacet
  facet normal 0 0 1
    outer loop
      vertex 55 43 6
      vertex 40.56 34.6421 6
      vertex 40.7781 34.6855 6
    endloop
  endfacet
  facet normal 0 0 1
    outer loop
      vertex 55 43 6
      vertex 40.3494 34.5706 6
      vertex 40.56 34.6421 6
    endloop
  endfacet
  facet normal 0 0 1
    outer loop
      vertex 0 24.6971 6
      vertex 40.3494 34.5706 6
      vertex 55 43 6
    endloop
  endfacet
  facet normal 0 0 1
    outer loop
      vertex 39.3 33 6
      vertex 24.6971 0 6
      vertex 39.3 -33 6
    endloop
  endfacet
  facet normal 0 0 1
    outer loop
      vertex 23 23 6
      vertex 39.3 33 6
      vertex 39.3145 33.2219 6
    endloop
  endfacet
  facet normal 0 0 1
    outer loop
      vertex 23 23 6
      vertex 39.3145 33.2219 6
      vertex 39.3579 33.44 6
    endloop
  endfacet
  facet normal 0 0 1
    outer loop
      vertex 23 23 6
      vertex 39.3579 33.44 6
      vertex 39.4294 33.6506 6
    endloop
  endfacet
  facet normal 0 0 1
    outer loop
      vertex 39.3 33 6
      vertex 23 23 6
      vertex 24.6971 0 6
    endloop
  endfacet
  facet normal 0 0 1
    outer loop
      vertex 39.5278 33.85 6
      vertex 23 23 6
      vertex 39.4294 33.6506 6
    endloop
  endfacet
  facet normal 0 0 1
    outer loop
      vertex 39.6513 34.0349 6
      vertex 23 23 6
      vertex 39.5278 33.85 6
    endloop
  endfacet
  facet normal 0 0 1
    outer loop
      vertex 0 24.6971 6
      vertex 39.6513 34.0349 6
      vertex 39.7979 34.2021 6
    endloop
  endfacet
  facet normal 0 0 1
    outer loop
      vertex 0 24.6971 6
      vertex 39.7979 34.2021 6
      vertex 39.9651 34.3487 6
    endloop
  endfacet
  facet normal 0 0 1
    outer loop
      vertex 39.6513 34.0349 6
      vertex 0 24.6971 6
      vertex 23 23 6
    endloop
  endfacet
  facet normal 0 0 1
    outer loop
      vertex 0 24.6971 6
      vertex 39.9651 34.3487 6
      vertex 40.15 34.4722 6
    endloop
  endfacet
  facet normal 0 0 1
    outer loop
      vertex 40.3494 34.5706 6
      vertex 0 24.6971 6
      vertex 40.15 34.4722 6
    endloop
  endfacet
  facet normal 0 0 1
    outer loop
      vertex 23 23 6
      vertex 0 24.6971 6
      vertex 1.69706 23 6
    endloop
  endfacet
  facet normal 0 0 1
    outer loop
      vertex 0 24.6971 6
      vertex -23 23 6
      vertex -1.69706 23 6
    endloop
  endfacet
  facet normal 0 0 1
    outer loop
      vertex 55 43 6
      vertex -23 23 6
      vertex 0 24.6971 6
    endloop
  endfacet
  facet normal 0 0 1
    outer loop
      vertex -23 23 6
      vertex -24.6971 0 6
      vertex -23 1.69706 6
    endloop
  endfacet
  facet normal 0 0 1
    outer loop
      vertex -23 23 6
      vertex -123.3 33 6
      vertex -24.6971 0 6
    endloop
  endfacet
  facet normal -0 0 1
    outer loop
      vertex -124.349 34.5706 6
      vertex -23 23 6
      vertex 55 43 6
    endloop
  endfacet
  facet normal 0 0 1
    outer loop
      vertex -23 23 6
      vertex -123.315 33.2219 6
      vertex -123.3 33 6
    endloop
  endfacet
  facet normal 0 0 1
    outer loop
      vertex -23 23 6
      vertex -123.358 33.44 6
      vertex -123.315 33.2219 6
    endloop
  endfacet
  facet normal 0 0 1
    outer loop
      vertex -23 23 6
      vertex -123.429 33.6506 6
      vertex -123.358 33.44 6
    endloop
  endfacet
  facet normal 0 0 1
    outer loop
      vertex -23 23 6
      vertex -123.528 33.85 6
      vertex -123.429 33.6506 6
    endloop
  endfacet
  facet normal 0 0 1
    outer loop
      vertex -23 23 6
      vertex -123.651 34.0349 6
      vertex -123.528 33.85 6
    endloop
  endfacet
  facet normal 0 0 1
    outer loop
      vertex -23 23 6
      vertex -123.798 34.2021 6
      vertex -123.651 34.0349 6
    endloop
  endfacet
  facet normal 0 0 1
    outer loop
      vertex -23 23 6
      vertex -123.965 34.3487 6
      vertex -123.798 34.2021 6
    endloop
  endfacet
  facet normal 0 0 1
    outer loop
      vertex -23 23 6
      vertex -124.15 34.4722 6
      vertex -123.965 34.3487 6
    endloop
  endfacet
  facet normal 0 0 1
    outer loop
      vertex -23 23 6
      vertex -124.349 34.5706 6
      vertex -124.15 34.4722 6
    endloop
  endfacet
  facet normal 0 0 1
    outer loop
      vertex 55 43 6
      vertex -124.56 34.6421 6
      vertex -124.349 34.5706 6
    endloop
  endfacet
  facet normal -0 0 1
    outer loop
      vertex -151 43 6
      vertex -124.56 34.6421 6
      vertex 55 43 6
    endloop
  endfacet
  facet normal 0 0 1
    outer loop
      vertex -124.56 34.6421 6
      vertex -151 43 6
      vertex -124.778 34.6855 6
    endloop
  endfacet
  facet normal 0 0 1
    outer loop
      vertex -135.222 -35.3145 6
      vertex -126.7 -33 6
      vertex -126.7 33 6
    endloop
  endfacet
  facet normal 0 0 1
    outer loop
      vertex -151 43 6
      vertex -126.7 33 6
      vertex -126.685 33.2219 6
    endloop
  endfacet
  facet normal 0 0 1
    outer loop
      vertex -126.7 -33 6
      vertex -135.222 -35.3145 6
      vertex -135 -35.3 6
    endloop
  endfacet
  facet normal 0 0 1
    outer loop
      vertex -126.7 33 6
      vertex -135.44 -35.3579 6
      vertex -135.222 -35.3145 6
    endloop
  endfacet
  facet normal 0 0 1
    outer loop
      vertex -126.7 33 6
      vertex -135.651 -35.4294 6
      vertex -135.44 -35.3579 6
    endloop
  endfacet
  facet normal 0 0 1
    outer loop
      vertex -126.7 33 6
      vertex -155 39 6
      vertex -135.651 -35.4294 6
    endloop
  endfacet
  facet normal 0 0 1
    outer loop
      vertex -155 -39 6
      vertex -135.651 -35.4294 6
      vertex -155 39 6
    endloop
  endfacet
  facet normal 0 0 1
    outer loop
      vertex -135.651 -35.4294 6
      vertex -155 -39 6
      vertex -135.85 -35.5278 6
    endloop
  endfacet
  facet normal 0 0 1
    outer loop
      vertex -135.85 -35.5278 6
      vertex -155 -39 6
      vertex -136.035 -35.6513 6
    endloop
  endfacet
  facet normal 0 0 1
    outer loop
      vertex -136.035 -35.6513 6
      vertex -155 -39 6
      vertex -136.202 -35.7979 6
    endloop
  endfacet
  facet normal 0 0 1
    outer loop
      vertex -136.202 -35.7979 6
      vertex -155 -39 6
      vertex -136.349 -35.9651 6
    endloop
  endfacet
  facet normal 0 0 1
    outer loop
      vertex -136.349 -35.9651 6
      vertex -155 -39 6
      vertex -136.472 -36.15 6
    endloop
  endfacet
  facet normal 0 0 1
    outer loop
      vertex -136.472 -36.15 6
      vertex -155 -39 6
      vertex -136.571 -36.3494 6
    endloop
  endfacet
  facet normal 0 0 1
    outer loop
      vertex -136.571 -36.3494 6
      vertex -155 -39 6
      vertex -136.642 -36.56 6
    endloop
  endfacet
  facet normal 0 0 1
    outer loop
      vertex -126.7 33 6
      vertex -151 43 6
      vertex -155 39 6
    endloop
  endfacet
  facet normal 0 0 1
    outer loop
      vertex -126.642 33.44 6
      vertex -151 43 6
      vertex -126.685 33.2219 6
    endloop
  endfacet
  facet normal 0 0 1
    outer loop
      vertex -126.571 33.6506 6
      vertex -151 43 6
      vertex -126.642 33.44 6
    endloop
  endfacet
  facet normal 0 0 1
    outer loop
      vertex -126.472 33.85 6
      vertex -151 43 6
      vertex -126.571 33.6506 6
    endloop
  endfacet
  facet normal 0 0 1
    outer loop
      vertex -126.349 34.0349 6
      vertex -151 43 6
      vertex -126.472 33.85 6
    endloop
  endfacet
  facet normal 0 0 1
    outer loop
      vertex -126.202 34.2021 6
      vertex -151 43 6
      vertex -126.349 34.0349 6
    endloop
  endfacet
  facet normal 0 0 1
    outer loop
      vertex -126.035 34.3487 6
      vertex -151 43 6
      vertex -126.202 34.2021 6
    endloop
  endfacet
  facet normal 0 0 1
    outer loop
      vertex -125.85 34.4722 6
      vertex -151 43 6
      vertex -126.035 34.3487 6
    endloop
  endfacet
  facet normal 0 0 1
    outer loop
      vertex -125.651 34.5706 6
      vertex -151 43 6
      vertex -125.85 34.4722 6
    endloop
  endfacet
  facet normal 0 0 1
    outer loop
      vertex -125.44 34.6421 6
      vertex -151 43 6
      vertex -125.651 34.5706 6
    endloop
  endfacet
  facet normal 0 0 1
    outer loop
      vertex -125.222 34.6855 6
      vertex -151 43 6
      vertex -125.44 34.6421 6
    endloop
  endfacet
  facet normal 0 0 1
    outer loop
      vertex -125 34.7 6
      vertex -151 43 6
      vertex -125.222 34.6855 6
    endloop
  endfacet
  facet normal 0 0 1
    outer loop
      vertex -124.778 34.6855 6
      vertex -151 43 6
      vertex -125 34.7 6
    endloop
  endfacet
  facet normal -0 0 1
    outer loop
      vertex 42.7 -33 6
      vertex 55 -43 6
      vertex 42.7 33 6
    endloop
  endfacet
  facet normal -0 0 1
    outer loop
      vertex 42.6855 -33.2219 6
      vertex 55 -43 6
      vertex 42.7 -33 6
    endloop
  endfacet
  facet normal -0 0 1
    outer loop
      vertex 42.6421 -33.44 6
      vertex 55 -43 6
      vertex 42.6855 -33.2219 6
    endloop
  endfacet
  facet normal -0 0 1
    outer loop
      vertex 42.5706 -33.6506 6
      vertex 55 -43 6
      vertex 42.6421 -33.44 6
    endloop
  endfacet
  facet normal -0 0 1
    outer loop
      vertex 42.4722 -33.85 6
      vertex 55 -43 6
      vertex 42.5706 -33.6506 6
    endloop
  endfacet
  facet normal -0 0 1
    outer loop
      vertex 42.3487 -34.0349 6
      vertex 55 -43 6
      vertex 42.4722 -33.85 6
    endloop
  endfacet
  facet normal -0 0 1
    outer loop
      vertex 42.2021 -34.2021 6
      vertex 55 -43 6
      vertex 42.3487 -34.0349 6
    endloop
  endfacet
  facet normal -0 0 1
    outer loop
      vertex 42.0349 -34.3487 6
      vertex 55 -43 6
      vertex 42.2021 -34.2021 6
    endloop
  endfacet
  facet normal -0 0 1
    outer loop
      vertex 41.85 -34.4722 6
      vertex 55 -43 6
      vertex 42.0349 -34.3487 6
    endloop
  endfacet
  facet normal -0 0 1
    outer loop
      vertex 41.6506 -34.5706 6
      vertex 55 -43 6
      vertex 41.85 -34.4722 6
    endloop
  endfacet
  facet normal -0 0 1
    outer loop
      vertex 41.44 -34.6421 6
      vertex 55 -43 6
      vertex 41.6506 -34.5706 6
    endloop
  endfacet
  facet normal -0 0 1
    outer loop
      vertex 41.2219 -34.6855 6
      vertex 55 -43 6
      vertex 41.44 -34.6421 6
    endloop
  endfacet
  facet normal -0 0 1
    outer loop
      vertex 41 -34.7 6
      vertex 55 -43 6
      vertex 41.2219 -34.6855 6
    endloop
  endfacet
  facet normal 0 0 1
    outer loop
      vertex 40.7781 -34.6855 6
      vertex 55 -43 6
      vertex 41 -34.7 6
    endloop
  endfacet
  facet normal 0 0 1
    outer loop
      vertex 40.56 -34.6421 6
      vertex 55 -43 6
      vertex 40.7781 -34.6855 6
    endloop
  endfacet
  facet normal 0 0 1
    outer loop
      vertex 16.0349 -38.3487 6
      vertex 40.56 -34.6421 6
      vertex 40.3494 -34.5706 6
    endloop
  endfacet
  facet normal 0 0 1
    outer loop
      vertex 16.2021 -38.2021 6
      vertex 40.3494 -34.5706 6
      vertex 40.15 -34.4722 6
    endloop
  endfacet
  facet normal -0 0 1
    outer loop
      vertex 23 -23 6
      vertex 39.3 -33 6
      vertex 24.6971 0 6
    endloop
  endfacet
  facet normal 0 0 1
    outer loop
      vertex 16.6421 -36.56 6
      vertex 39.3 -33 6
      vertex 23 -23 6
    endloop
  endfacet
  facet normal 0 0 1
    outer loop
      vertex 16.6855 -36.7781 6
      vertex 39.3145 -33.2219 6
      vertex 39.3 -33 6
    endloop
  endfacet
  facet normal 0 0 1
    outer loop
      vertex 23 -23 6
      vertex 24.6971 0 6
      vertex 23 -1.69706 6
    endloop
  endfacet
  facet normal 0 0 1
    outer loop
      vertex 16.6855 -36.7781 6
      vertex 39.3579 -33.44 6
      vertex 39.3145 -33.2219 6
    endloop
  endfacet
  facet normal 0 0 1
    outer loop
      vertex 39.3579 -33.44 6
      vertex 16.7 -37 6
      vertex 39.4294 -33.6506 6
    endloop
  endfacet
  facet normal 0 0 1
    outer loop
      vertex 16.6855 -37.2219 6
      vertex 39.4294 -33.6506 6
      vertex 16.7 -37 6
    endloop
  endfacet
  facet normal 0 0 1
    outer loop
      vertex 39.4294 -33.6506 6
      vertex 16.6855 -37.2219 6
      vertex 39.5278 -33.85 6
    endloop
  endfacet
  facet normal 0 0 1
    outer loop
      vertex 16.6421 -37.44 6
      vertex 39.5278 -33.85 6
      vertex 16.6855 -37.2219 6
    endloop
  endfacet
  facet normal 0 0 1
    outer loop
      vertex 39.5278 -33.85 6
      vertex 16.6421 -37.44 6
      vertex 39.6513 -34.0349 6
    endloop
  endfacet
  facet normal 0 0 1
    outer loop
      vertex 16.5706 -37.6506 6
      vertex 39.6513 -34.0349 6
      vertex 16.6421 -37.44 6
    endloop
  endfacet
  facet normal 0 0 1
    outer loop
      vertex 39.6513 -34.0349 6
      vertex 16.5706 -37.6506 6
      vertex 39.7979 -34.2021 6
    endloop
  endfacet
  facet normal 0 0 1
    outer loop
      vertex 16.4722 -37.85 6
      vertex 39.7979 -34.2021 6
      vertex 16.5706 -37.6506 6
    endloop
  endfacet
  facet normal 0 0 1
    outer loop
      vertex 39.7979 -34.2021 6
      vertex 16.4722 -37.85 6
      vertex 39.9651 -34.3487 6
    endloop
  endfacet
  facet normal 0 0 1
    outer loop
      vertex 16.3487 -38.0349 6
      vertex 39.9651 -34.3487 6
      vertex 16.4722 -37.85 6
    endloop
  endfacet
  facet normal 0 0 1
    outer loop
      vertex 39.9651 -34.3487 6
      vertex 16.3487 -38.0349 6
      vertex 40.15 -34.4722 6
    endloop
  endfacet
  facet normal 0 0 1
    outer loop
      vertex 16.2021 -38.2021 6
      vertex 40.15 -34.4722 6
      vertex 16.3487 -38.0349 6
    endloop
  endfacet
  facet normal 0 0 1
    outer loop
      vertex 40.3494 -34.5706 6
      vertex 16.2021 -38.2021 6
      vertex 16.0349 -38.3487 6
    endloop
  endfacet
  facet normal 0 0 1
    outer loop
      vertex 40.56 -34.6421 6
      vertex 16.0349 -38.3487 6
      vertex 15.85 -38.4722 6
    endloop
  endfacet
  facet normal 0 0 1
    outer loop
      vertex 40.56 -34.6421 6
      vertex 15.85 -38.4722 6
      vertex 55 -43 6
    endloop
  endfacet
  facet normal -0 0 1
    outer loop
      vertex 15.6506 -38.5706 6
      vertex 55 -43 6
      vertex 15.85 -38.4722 6
    endloop
  endfacet
  facet normal -0 0 1
    outer loop
      vertex 15.44 -38.6421 6
      vertex 55 -43 6
      vertex 15.6506 -38.5706 6
    endloop
  endfacet
  facet normal -0 0 1
    outer loop
      vertex 15.2219 -38.6855 6
      vertex 55 -43 6
      vertex 15.44 -38.6421 6
    endloop
  endfacet
  facet normal -0 0 1
    outer loop
      vertex 15 -38.7 6
      vertex 55 -43 6
      vertex 15.2219 -38.6855 6
    endloop
  endfacet
  facet normal 0 0 1
    outer loop
      vertex -151 -43 6
      vertex 15 -38.7 6
      vertex -135 -38.7 6
    endloop
  endfacet
  facet normal 0 -0 1
    outer loop
      vertex -151 -43 6
      vertex -136.642 -36.56 6
      vertex -155 -39 6
    endloop
  endfacet
  facet normal 0 0 1
    outer loop
      vertex 15 -38.7 6
      vertex -151 -43 6
      vertex 55 -43 6
    endloop
  endfacet
  facet normal 0 0 1
    outer loop
      vertex -135.222 -38.6855 6
      vertex -151 -43 6
      vertex -135 -38.7 6
    endloop
  endfacet
  facet normal 0 0 1
    outer loop
      vertex -135.44 -38.6421 6
      vertex -151 -43 6
      vertex -135.222 -38.6855 6
    endloop
  endfacet
  facet normal 0 0 1
    outer loop
      vertex -135.651 -38.5706 6
      vertex -151 -43 6
      vertex -135.44 -38.6421 6
    endloop
  endfacet
  facet normal 0 0 1
    outer loop
      vertex -135.85 -38.4722 6
      vertex -151 -43 6
      vertex -135.651 -38.5706 6
    endloop
  endfacet
  facet normal 0 0 1
    outer loop
      vertex -136.035 -38.3487 6
      vertex -151 -43 6
      vertex -135.85 -38.4722 6
    endloop
  endfacet
  facet normal 0 0 1
    outer loop
      vertex -136.202 -38.2021 6
      vertex -151 -43 6
      vertex -136.035 -38.3487 6
    endloop
  endfacet
  facet normal 0 0 1
    outer loop
      vertex -136.349 -38.0349 6
      vertex -151 -43 6
      vertex -136.202 -38.2021 6
    endloop
  endfacet
  facet normal 0 0 1
    outer loop
      vertex -136.472 -37.85 6
      vertex -151 -43 6
      vertex -136.349 -38.0349 6
    endloop
  endfacet
  facet normal 0 0 1
    outer loop
      vertex -136.571 -37.6506 6
      vertex -151 -43 6
      vertex -136.472 -37.85 6
    endloop
  endfacet
  facet normal 0 0 1
    outer loop
      vertex -136.642 -37.44 6
      vertex -151 -43 6
      vertex -136.571 -37.6506 6
    endloop
  endfacet
  facet normal 0 0 1
    outer loop
      vertex -136.685 -37.2219 6
      vertex -151 -43 6
      vertex -136.642 -37.44 6
    endloop
  endfacet
  facet normal 0 0 1
    outer loop
      vertex -136.642 -36.56 6
      vertex -151 -43 6
      vertex -136.685 -36.7781 6
    endloop
  endfacet
  facet normal 0 0 1
    outer loop
      vertex -155 39 6
      vertex -151 43 6
      vertex -151.522 42.9658 6
    endloop
  endfacet
  facet normal 0 0 1
    outer loop
      vertex -136.685 -36.7781 6
      vertex -151 -43 6
      vertex -136.7 -37 6
    endloop
  endfacet
  facet normal 0 0 1
    outer loop
      vertex -155 39 6
      vertex -151.522 42.9658 6
      vertex -152.035 42.8637 6
    endloop
  endfacet
  facet normal 0 0 1
    outer loop
      vertex -136.7 -37 6
      vertex -151 -43 6
      vertex -136.685 -37.2219 6
    endloop
  endfacet
  facet normal 0 0 1
    outer loop
      vertex -155 39 6
      vertex -152.035 42.8637 6
      vertex -152.531 42.6955 6
    endloop
  endfacet
  facet normal 0 0 1
    outer loop
      vertex -151 -43 6
      vertex -155 -39 6
      vertex -151.522 -42.9658 6
    endloop
  endfacet
  facet normal 0 0 1
    outer loop
      vertex -155 39 6
      vertex -152.531 42.6955 6
      vertex -153 42.4641 6
    endloop
  endfacet
  facet normal 0 0 1
    outer loop
      vertex -151.522 -42.9658 6
      vertex -155 -39 6
      vertex -152.035 -42.8637 6
    endloop
  endfacet
  facet normal 0 0 1
    outer loop
      vertex -155 39 6
      vertex -153 42.4641 6
      vertex -153.435 42.1734 6
    endloop
  endfacet
  facet normal 0 0 1
    outer loop
      vertex -152.035 -42.8637 6
      vertex -155 -39 6
      vertex -152.531 -42.6955 6
    endloop
  endfacet
  facet normal 0 0 1
    outer loop
      vertex -155 39 6
      vertex -153.435 42.1734 6
      vertex -153.828 41.8284 6
    endloop
  endfacet
  facet normal 0 0 1
    outer loop
      vertex -152.531 -42.6955 6
      vertex -155 -39 6
      vertex -153 -42.4641 6
    endloop
  endfacet
  facet normal 0 0 1
    outer loop
      vertex -155 39 6
      vertex -153.828 41.8284 6
      vertex -154.173 41.435 6
    endloop
  endfacet
  facet normal 0 0 1
    outer loop
      vertex -153 -42.4641 6
      vertex -155 -39 6
      vertex -153.435 -42.1734 6
    endloop
  endfacet
  facet normal 0 0 1
    outer loop
      vertex -155 39 6
      vertex -154.173 41.435 6
      vertex -154.464 41 6
    endloop
  endfacet
  facet normal 0 0 1
    outer loop
      vertex -153.435 -42.1734 6
      vertex -155 -39 6
      vertex -153.828 -41.8284 6
    endloop
  endfacet
  facet normal 0 0 1
    outer loop
      vertex -155 39 6
      vertex -154.464 41 6
      vertex -154.696 40.5307 6
    endloop
  endfacet
  facet normal 0 0 1
    outer loop
      vertex -153.828 -41.8284 6
      vertex -155 -39 6
      vertex -154.173 -41.435 6
    endloop
  endfacet
  facet normal 0 0 1
    outer loop
      vertex -155 39 6
      vertex -154.696 40.5307 6
      vertex -154.864 40.0353 6
    endloop
  endfacet
  facet normal 0 0 1
    outer loop
      vertex -154.173 -41.435 6
      vertex -155 -39 6
      vertex -154.464 -41 6
    endloop
  endfacet
  facet normal 0 0 1
    outer loop
      vertex -155 39 6
      vertex -154.864 40.0353 6
      vertex -154.966 39.5221 6
    endloop
  endfacet
  facet normal 0 0 1
    outer loop
      vertex -154.464 -41 6
      vertex -155 -39 6
      vertex -154.696 -40.5307 6
    endloop
  endfacet
  facet normal 0 0 1
    outer loop
      vertex -154.696 -40.5307 6
      vertex -155 -39 6
      vertex -154.864 -40.0353 6
    endloop
  endfacet
  facet normal 0 0 1
    outer loop
      vertex -154.864 -40.0353 6
      vertex -155 -39 6
      vertex -154.966 -39.5221 6
    endloop
  endfacet
  facet normal 0 0 1
    outer loop
      vertex 24.6971 0 6
      vertex 23 23 6
      vertex 23 1.69706 6
    endloop
  endfacet
  facet normal 0 1 -0
    outer loop
      vertex 55 43 0
      vertex -151 43 6
      vertex 55 43 6
    endloop
  endfacet
  facet normal 0 1 0
    outer loop
      vertex -151 43 6
      vertex 55 43 0
      vertex -151 43 0
    endloop
  endfacet
  facet normal 0 0 -1
    outer loop
      vertex -123.3 33 0
      vertex -53.65 -35.3 0
      vertex -123.3 -33 0
    endloop
  endfacet
  facet normal 0 0 -1
    outer loop
      vertex -53.65 -35.3 0
      vertex -123.315 -33.2219 0
      vertex -123.3 -33 0
    endloop
  endfacet
  facet normal 0 0 -1
    outer loop
      vertex -53.65 -35.3 0
      vertex -123.358 -33.44 0
      vertex -123.315 -33.2219 0
    endloop
  endfacet
  facet normal 0 0 -1
    outer loop
      vertex -53.65 -35.3 0
      vertex -123.429 -33.6506 0
      vertex -123.358 -33.44 0
    endloop
  endfacet
  facet normal 0 0 -1
    outer loop
      vertex -53.65 -35.3 0
      vertex -123.528 -33.85 0
      vertex -123.429 -33.6506 0
    endloop
  endfacet
  facet normal 0 0 -1
    outer loop
      vertex -53.65 -35.3 0
      vertex -123.651 -34.0349 0
      vertex -123.528 -33.85 0
    endloop
  endfacet
  facet normal 0 0 -1
    outer loop
      vertex -53.65 -35.3 0
      vertex -123.798 -34.2021 0
      vertex -123.651 -34.0349 0
    endloop
  endfacet
  facet normal 0 0 -1
    outer loop
      vertex -53.65 -35.3 0
      vertex -123.965 -34.3487 0
      vertex -123.798 -34.2021 0
    endloop
  endfacet
  facet normal 0 0 -1
    outer loop
      vertex -53.65 -35.3 0
      vertex -124.15 -34.4722 0
      vertex -123.965 -34.3487 0
    endloop
  endfacet
  facet normal 0 0 -1
    outer loop
      vertex -53.65 -35.3 0
      vertex -124.349 -34.5706 0
      vertex -124.15 -34.4722 0
    endloop
  endfacet
  facet normal 0 0 -1
    outer loop
      vertex -53.65 -35.3 0
      vertex -124.56 -34.6421 0
      vertex -124.349 -34.5706 0
    endloop
  endfacet
  facet normal 0 0 -1
    outer loop
      vertex -53.65 -35.3 0
      vertex -124.778 -34.6855 0
      vertex -124.56 -34.6421 0
    endloop
  endfacet
  facet normal 0 0 -1
    outer loop
      vertex -53.65 -35.3 0
      vertex -125 -34.7 0
      vertex -124.778 -34.6855 0
    endloop
  endfacet
  facet normal 0 0 -1
    outer loop
      vertex -126.7 -33 0
      vertex -134.75 -6.25 0
      vertex -126.7 33 0
    endloop
  endfacet
  facet normal 0 0 -1
    outer loop
      vertex -135 -35.3 0
      vertex -126.7 -33 0
      vertex -126.685 -33.2219 0
    endloop
  endfacet
  facet normal 0 0 -1
    outer loop
      vertex -135 -35.3 0
      vertex -126.685 -33.2219 0
      vertex -126.642 -33.44 0
    endloop
  endfacet
  facet normal 0 0 -1
    outer loop
      vertex -135 -35.3 0
      vertex -125 -34.7 0
      vertex -53.65 -35.3 0
    endloop
  endfacet
  facet normal 0 0 -1
    outer loop
      vertex -135 -35.3 0
      vertex -125.222 -34.6855 0
      vertex -125 -34.7 0
    endloop
  endfacet
  facet normal 0 0 -1
    outer loop
      vertex -135 -35.3 0
      vertex -125.44 -34.6421 0
      vertex -125.222 -34.6855 0
    endloop
  endfacet
  facet normal 0 0 -1
    outer loop
      vertex -135 -35.3 0
      vertex -125.651 -34.5706 0
      vertex -125.44 -34.6421 0
    endloop
  endfacet
  facet normal 0 0 -1
    outer loop
      vertex -135 -35.3 0
      vertex -125.85 -34.4722 0
      vertex -125.651 -34.5706 0
    endloop
  endfacet
  facet normal 0 0 -1
    outer loop
      vertex -135 -35.3 0
      vertex -126.035 -34.3487 0
      vertex -125.85 -34.4722 0
    endloop
  endfacet
  facet normal 0 0 -1
    outer loop
      vertex -135 -35.3 0
      vertex -126.202 -34.2021 0
      vertex -126.035 -34.3487 0
    endloop
  endfacet
  facet normal 0 0 -1
    outer loop
      vertex -135 -35.3 0
      vertex -126.349 -34.0349 0
      vertex -126.202 -34.2021 0
    endloop
  endfacet
  facet normal 0 0 -1
    outer loop
      vertex -135 -35.3 0
      vertex -126.472 -33.85 0
      vertex -126.349 -34.0349 0
    endloop
  endfacet
  facet normal 0 0 -1
    outer loop
      vertex -135 -35.3 0
      vertex -126.571 -33.6506 0
      vertex -126.472 -33.85 0
    endloop
  endfacet
  facet normal 0 0 -1
    outer loop
      vertex -135 -35.3 0
      vertex -126.642 -33.44 0
      vertex -126.571 -33.6506 0
    endloop
  endfacet
  facet normal -0 0 -1
    outer loop
      vertex -126.7 -33 0
      vertex -135 -35.3 0
      vertex -134.75 -6.25 0
    endloop
  endfacet
  facet normal 0 0 -1
    outer loop
      vertex -135.222 -35.3145 0
      vertex -134.75 -6.25 0
      vertex -135 -35.3 0
    endloop
  endfacet
  facet normal 0 0 -1
    outer loop
      vertex -135.44 -35.3579 0
      vertex -134.75 -6.25 0
      vertex -135.222 -35.3145 0
    endloop
  endfacet
  facet normal 0 0 -1
    outer loop
      vertex -135.651 -35.4294 0
      vertex -134.75 -6.25 0
      vertex -135.44 -35.3579 0
    endloop
  endfacet
  facet normal 0 0 -1
    outer loop
      vertex -147.25 -6.25 0
      vertex -135.651 -35.4294 0
      vertex -135.85 -35.5278 0
    endloop
  endfacet
  facet normal 0 0 -1
    outer loop
      vertex -147.25 -6.25 0
      vertex -135.85 -35.5278 0
      vertex -136.035 -35.6513 0
    endloop
  endfacet
  facet normal 0 0 -1
    outer loop
      vertex -147.25 -6.25 0
      vertex -136.035 -35.6513 0
      vertex -136.202 -35.7979 0
    endloop
  endfacet
  facet normal 0 0 -1
    outer loop
      vertex -155 -39 0
      vertex -136.202 -35.7979 0
      vertex -136.349 -35.9651 0
    endloop
  endfacet
  facet normal 0 0 -1
    outer loop
      vertex -155 -39 0
      vertex -136.349 -35.9651 0
      vertex -136.472 -36.15 0
    endloop
  endfacet
  facet normal 0 0 -1
    outer loop
      vertex -155 -39 0
      vertex -136.472 -36.15 0
      vertex -136.571 -36.3494 0
    endloop
  endfacet
  facet normal 0 0 -1
    outer loop
      vertex -155 -39 0
      vertex -136.571 -36.3494 0
      vertex -136.642 -36.56 0
    endloop
  endfacet
  facet normal 0 0 -1
    outer loop
      vertex -151 -43 0
      vertex -136.642 -36.56 0
      vertex -136.685 -36.7781 0
    endloop
  endfacet
  facet normal 0 0 -1
    outer loop
      vertex -151 -43 0
      vertex -136.685 -36.7781 0
      vertex -136.7 -37 0
    endloop
  endfacet
  facet normal 0 0 -1
    outer loop
      vertex -135.651 -35.4294 0
      vertex -147.25 -6.25 0
      vertex -134.75 -6.25 0
    endloop
  endfacet
  facet normal 0 0 -1
    outer loop
      vertex 55 -43 0
      vertex 53.65 -39 0
      vertex 55 43 0
    endloop
  endfacet
  facet normal 0 0 -1
    outer loop
      vertex 55 -43 0
      vertex 53.6273 -39.3459 0
      vertex 53.65 -39 0
    endloop
  endfacet
  facet normal 0 0 -1
    outer loop
      vertex 55 -43 0
      vertex 53.5597 -39.6859 0
      vertex 53.6273 -39.3459 0
    endloop
  endfacet
  facet normal 0 0 -1
    outer loop
      vertex 55 -43 0
      vertex 53.4483 -40.0141 0
      vertex 53.5597 -39.6859 0
    endloop
  endfacet
  facet normal 0 0 -1
    outer loop
      vertex 55 -43 0
      vertex 53.295 -40.325 0
      vertex 53.4483 -40.0141 0
    endloop
  endfacet
  facet normal 0 0 -1
    outer loop
      vertex 55 -43 0
      vertex 53.1024 -40.6132 0
      vertex 53.295 -40.325 0
    endloop
  endfacet
  facet normal 0 0 -1
    outer loop
      vertex 55 -43 0
      vertex 52.8738 -40.8738 0
      vertex 53.1024 -40.6132 0
    endloop
  endfacet
  facet normal 0 0 -1
    outer loop
      vertex 55 -43 0
      vertex 52.6132 -41.1024 0
      vertex 52.8738 -40.8738 0
    endloop
  endfacet
  facet normal 0 0 -1
    outer loop
      vertex 55 -43 0
      vertex 52.325 -41.295 0
      vertex 52.6132 -41.1024 0
    endloop
  endfacet
  facet normal 0 0 -1
    outer loop
      vertex 55 -43 0
      vertex 52.0141 -41.4483 0
      vertex 52.325 -41.295 0
    endloop
  endfacet
  facet normal 0 0 -1
    outer loop
      vertex 55 -43 0
      vertex 51.6859 -41.5597 0
      vertex 52.0141 -41.4483 0
    endloop
  endfacet
  facet normal 0 0 -1
    outer loop
      vertex 55 -43 0
      vertex 51.3459 -41.6273 0
      vertex 51.6859 -41.5597 0
    endloop
  endfacet
  facet normal 0 0 -1
    outer loop
      vertex 55 -43 0
      vertex 51 -41.65 0
      vertex 51.3459 -41.6273 0
    endloop
  endfacet
  facet normal 0 0 -1
    outer loop
      vertex 55 -43 0
      vertex -51 -41.65 0
      vertex 51 -41.65 0
    endloop
  endfacet
  facet normal 0 0 -1
    outer loop
      vertex -53.65 -39 0
      vertex -135 -38.7 0
      vertex -53.65 -38.7 0
    endloop
  endfacet
  facet normal 0 0 -1
    outer loop
      vertex -53.6273 -39.3459 0
      vertex -135 -38.7 0
      vertex -53.65 -39 0
    endloop
  endfacet
  facet normal 0 0 -1
    outer loop
      vertex -53.5597 -39.6859 0
      vertex -135 -38.7 0
      vertex -53.6273 -39.3459 0
    endloop
  endfacet
  facet normal 0 0 -1
    outer loop
      vertex -53.4483 -40.0141 0
      vertex -135 -38.7 0
      vertex -53.5597 -39.6859 0
    endloop
  endfacet
  facet normal 0 0 -1
    outer loop
      vertex -53.295 -40.325 0
      vertex -135 -38.7 0
      vertex -53.4483 -40.0141 0
    endloop
  endfacet
  facet normal 0 0 -1
    outer loop
      vertex -53.1024 -40.6132 0
      vertex -135 -38.7 0
      vertex -53.295 -40.325 0
    endloop
  endfacet
  facet normal 0 0 -1
    outer loop
      vertex -52.8738 -40.8738 0
      vertex -135 -38.7 0
      vertex -53.1024 -40.6132 0
    endloop
  endfacet
  facet normal 0 0 -1
    outer loop
      vertex -52.6132 -41.1024 0
      vertex -135 -38.7 0
      vertex -52.8738 -40.8738 0
    endloop
  endfacet
  facet normal 0 0 -1
    outer loop
      vertex -52.325 -41.295 0
      vertex -135 -38.7 0
      vertex -52.6132 -41.1024 0
    endloop
  endfacet
  facet normal 0 0 -1
    outer loop
      vertex -52.0141 -41.4483 0
      vertex -135 -38.7 0
      vertex -52.325 -41.295 0
    endloop
  endfacet
  facet normal 0 0 -1
    outer loop
      vertex -51.6859 -41.5597 0
      vertex -135 -38.7 0
      vertex -52.0141 -41.4483 0
    endloop
  endfacet
  facet normal 0 0 -1
    outer loop
      vertex -151 -43 0
      vertex -51.6859 -41.5597 0
      vertex -51.3459 -41.6273 0
    endloop
  endfacet
  facet normal 0 0 -1
    outer loop
      vertex -151 -43 0
      vertex -51.3459 -41.6273 0
      vertex -51 -41.65 0
    endloop
  endfacet
  facet normal 0 0 -1
    outer loop
      vertex -151 -43 0
      vertex -136.7 -37 0
      vertex -136.685 -37.2219 0
    endloop
  endfacet
  facet normal 0 0 -1
    outer loop
      vertex -151 -43 0
      vertex -136.685 -37.2219 0
      vertex -136.642 -37.44 0
    endloop
  endfacet
  facet normal 0 0 -1
    outer loop
      vertex -151 -43 0
      vertex -136.642 -37.44 0
      vertex -136.571 -37.6506 0
    endloop
  endfacet
  facet normal -0 0 -1
    outer loop
      vertex -136.202 -35.7979 0
      vertex -155 -39 0
      vertex -147.25 -6.25 0
    endloop
  endfacet
  facet normal 0 0 -1
    outer loop
      vertex -136.642 -36.56 0
      vertex -151 -43 0
      vertex -155 -39 0
    endloop
  endfacet
  facet normal -0 0 -1
    outer loop
      vertex -136.472 -37.85 0
      vertex -151 -43 0
      vertex -136.571 -37.6506 0
    endloop
  endfacet
  facet normal -0 0 -1
    outer loop
      vertex -136.349 -38.0349 0
      vertex -151 -43 0
      vertex -136.472 -37.85 0
    endloop
  endfacet
  facet normal -0 0 -1
    outer loop
      vertex -136.202 -38.2021 0
      vertex -151 -43 0
      vertex -136.349 -38.0349 0
    endloop
  endfacet
  facet normal -0 0 -1
    outer loop
      vertex -136.035 -38.3487 0
      vertex -151 -43 0
      vertex -136.202 -38.2021 0
    endloop
  endfacet
  facet normal -0 0 -1
    outer loop
      vertex -135.85 -38.4722 0
      vertex -151 -43 0
      vertex -136.035 -38.3487 0
    endloop
  endfacet
  facet normal -0 0 -1
    outer loop
      vertex -135.651 -38.5706 0
      vertex -151 -43 0
      vertex -135.85 -38.4722 0
    endloop
  endfacet
  facet normal -0 0 -1
    outer loop
      vertex -135.44 -38.6421 0
      vertex -151 -43 0
      vertex -135.651 -38.5706 0
    endloop
  endfacet
  facet normal -0 0 -1
    outer loop
      vertex -135.222 -38.6855 0
      vertex -151 -43 0
      vertex -135.44 -38.6421 0
    endloop
  endfacet
  facet normal -0 0 -1
    outer loop
      vertex -135 -38.7 0
      vertex -151 -43 0
      vertex -135.222 -38.6855 0
    endloop
  endfacet
  facet normal -0 0 -1
    outer loop
      vertex -51.6859 -41.5597 0
      vertex -151 -43 0
      vertex -135 -38.7 0
    endloop
  endfacet
  facet normal 0 0 -1
    outer loop
      vertex -151 -43 0
      vertex -51 -41.65 0
      vertex 55 -43 0
    endloop
  endfacet
  facet normal 0 0 -1
    outer loop
      vertex 53.65 39 0
      vertex 55 43 0
      vertex 53.65 -39 0
    endloop
  endfacet
  facet normal 0 0 -1
    outer loop
      vertex 53.6273 39.3459 0
      vertex 55 43 0
      vertex 53.65 39 0
    endloop
  endfacet
  facet normal 0 0 -1
    outer loop
      vertex 53.5597 39.6859 0
      vertex 55 43 0
      vertex 53.6273 39.3459 0
    endloop
  endfacet
  facet normal 0 0 -1
    outer loop
      vertex 53.4483 40.0141 0
      vertex 55 43 0
      vertex 53.5597 39.6859 0
    endloop
  endfacet
  facet normal 0 0 -1
    outer loop
      vertex 53.295 40.325 0
      vertex 55 43 0
      vertex 53.4483 40.0141 0
    endloop
  endfacet
  facet normal 0 0 -1
    outer loop
      vertex 53.1024 40.6132 0
      vertex 55 43 0
      vertex 53.295 40.325 0
    endloop
  endfacet
  facet normal 0 0 -1
    outer loop
      vertex 52.8738 40.8738 0
      vertex 55 43 0
      vertex 53.1024 40.6132 0
    endloop
  endfacet
  facet normal 0 0 -1
    outer loop
      vertex 52.6132 41.1024 0
      vertex 55 43 0
      vertex 52.8738 40.8738 0
    endloop
  endfacet
  facet normal 0 0 -1
    outer loop
      vertex 52.325 41.295 0
      vertex 55 43 0
      vertex 52.6132 41.1024 0
    endloop
  endfacet
  facet normal 0 0 -1
    outer loop
      vertex 52.0141 41.4483 0
      vertex 55 43 0
      vertex 52.325 41.295 0
    endloop
  endfacet
  facet normal 0 0 -1
    outer loop
      vertex 51.6859 41.5597 0
      vertex 55 43 0
      vertex 52.0141 41.4483 0
    endloop
  endfacet
  facet normal 0 0 -1
    outer loop
      vertex 51.3459 41.6273 0
      vertex 55 43 0
      vertex 51.6859 41.5597 0
    endloop
  endfacet
  facet normal 0 0 -1
    outer loop
      vertex 51 41.65 0
      vertex 55 43 0
      vertex 51.3459 41.6273 0
    endloop
  endfacet
  facet normal 0 0 -1
    outer loop
      vertex -51 41.65 0
      vertex 55 43 0
      vertex 51 41.65 0
    endloop
  endfacet
  facet normal 0 0 -1
    outer loop
      vertex -53.65 -35.3 0
      vertex -123.3 33 0
      vertex -53.65 39 0
    endloop
  endfacet
  facet normal 0 0 -1
    outer loop
      vertex -123.315 33.2219 0
      vertex -53.65 39 0
      vertex -123.3 33 0
    endloop
  endfacet
  facet normal 0 0 -1
    outer loop
      vertex -123.358 33.44 0
      vertex -53.65 39 0
      vertex -123.315 33.2219 0
    endloop
  endfacet
  facet normal -0 0 -1
    outer loop
      vertex -53.65 39 0
      vertex -123.358 33.44 0
      vertex -53.6273 39.3459 0
    endloop
  endfacet
  facet normal 0 0 -1
    outer loop
      vertex -123.429 33.6506 0
      vertex -53.6273 39.3459 0
      vertex -123.358 33.44 0
    endloop
  endfacet
  facet normal -0 0 -1
    outer loop
      vertex -53.6273 39.3459 0
      vertex -123.429 33.6506 0
      vertex -53.5597 39.6859 0
    endloop
  endfacet
  facet normal 0 0 -1
    outer loop
      vertex -123.528 33.85 0
      vertex -53.5597 39.6859 0
      vertex -123.429 33.6506 0
    endloop
  endfacet
  facet normal -0 0 -1
    outer loop
      vertex -53.5597 39.6859 0
      vertex -123.528 33.85 0
      vertex -53.4483 40.0141 0
    endloop
  endfacet
  facet normal 0 0 -1
    outer loop
      vertex -123.651 34.0349 0
      vertex -53.4483 40.0141 0
      vertex -123.528 33.85 0
    endloop
  endfacet
  facet normal -0 0 -1
    outer loop
      vertex -53.4483 40.0141 0
      vertex -123.651 34.0349 0
      vertex -53.295 40.325 0
    endloop
  endfacet
  facet normal 0 0 -1
    outer loop
      vertex -123.798 34.2021 0
      vertex -53.295 40.325 0
      vertex -123.651 34.0349 0
    endloop
  endfacet
  facet normal -0 0 -1
    outer loop
      vertex -53.295 40.325 0
      vertex -123.798 34.2021 0
      vertex -53.1024 40.6132 0
    endloop
  endfacet
  facet normal 0 0 -1
    outer loop
      vertex -123.965 34.3487 0
      vertex -53.1024 40.6132 0
      vertex -123.798 34.2021 0
    endloop
  endfacet
  facet normal -0 0 -1
    outer loop
      vertex -53.1024 40.6132 0
      vertex -123.965 34.3487 0
      vertex -52.8738 40.8738 0
    endloop
  endfacet
  facet normal 0 0 -1
    outer loop
      vertex -124.15 34.4722 0
      vertex -52.8738 40.8738 0
      vertex -123.965 34.3487 0
    endloop
  endfacet
  facet normal -0 0 -1
    outer loop
      vertex -52.8738 40.8738 0
      vertex -124.15 34.4722 0
      vertex -52.6132 41.1024 0
    endloop
  endfacet
  facet normal 0 0 -1
    outer loop
      vertex -124.349 34.5706 0
      vertex -52.6132 41.1024 0
      vertex -124.15 34.4722 0
    endloop
  endfacet
  facet normal -0 0 -1
    outer loop
      vertex -52.6132 41.1024 0
      vertex -124.349 34.5706 0
      vertex -52.325 41.295 0
    endloop
  endfacet
  facet normal 0 0 -1
    outer loop
      vertex -124.56 34.6421 0
      vertex -52.325 41.295 0
      vertex -124.349 34.5706 0
    endloop
  endfacet
  facet normal -0 0 -1
    outer loop
      vertex -52.325 41.295 0
      vertex -124.56 34.6421 0
      vertex -52.0141 41.4483 0
    endloop
  endfacet
  facet normal 0 0 -1
    outer loop
      vertex -124.778 34.6855 0
      vertex -52.0141 41.4483 0
      vertex -124.56 34.6421 0
    endloop
  endfacet
  facet normal 0 0 -1
    outer loop
      vertex -151 43 0
      vertex -52.0141 41.4483 0
      vertex -124.778 34.6855 0
    endloop
  endfacet
  facet normal 0 0 -1
    outer loop
      vertex -52.0141 41.4483 0
      vertex -151 43 0
      vertex -51.6859 41.5597 0
    endloop
  endfacet
  facet normal 0 0 -1
    outer loop
      vertex -151 43 0
      vertex -124.778 34.6855 0
      vertex -125 34.7 0
    endloop
  endfacet
  facet normal 0 0 -1
    outer loop
      vertex -151 43 0
      vertex -125 34.7 0
      vertex -125.222 34.6855 0
    endloop
  endfacet
  facet normal 0 0 -1
    outer loop
      vertex -134.75 6.25 0
      vertex -126.7 33 0
      vertex -134.75 -6.25 0
    endloop
  endfacet
  facet normal 0 0 -1
    outer loop
      vertex -147.25 6.25 0
      vertex -126.7 33 0
      vertex -134.75 6.25 0
    endloop
  endfacet
  facet normal 0 0 -1
    outer loop
      vertex -155 39 0
      vertex -126.7 33 0
      vertex -147.25 6.25 0
    endloop
  endfacet
  facet normal 0 -0 -1
    outer loop
      vertex -151 43 0
      vertex -126.7 33 0
      vertex -155 39 0
    endloop
  endfacet
  facet normal 0 0 -1
    outer loop
      vertex -126.7 33 0
      vertex -151 43 0
      vertex -126.685 33.2219 0
    endloop
  endfacet
  facet normal 0 0 -1
    outer loop
      vertex -126.685 33.2219 0
      vertex -151 43 0
      vertex -126.642 33.44 0
    endloop
  endfacet
  facet normal 0 0 -1
    outer loop
      vertex -126.642 33.44 0
      vertex -151 43 0
      vertex -126.571 33.6506 0
    endloop
  endfacet
  facet normal 0 0 -1
    outer loop
      vertex -51 41.65 0
      vertex -151 43 0
      vertex 55 43 0
    endloop
  endfacet
  facet normal 0 0 -1
    outer loop
      vertex -51.3459 41.6273 0
      vertex -151 43 0
      vertex -51 41.65 0
    endloop
  endfacet
  facet normal 0 0 -1
    outer loop
      vertex -51.6859 41.5597 0
      vertex -151 43 0
      vertex -51.3459 41.6273 0
    endloop
  endfacet
  facet normal 0 0 -1
    outer loop
      vertex -125.44 34.6421 0
      vertex -151 43 0
      vertex -125.222 34.6855 0
    endloop
  endfacet
  facet normal 0 0 -1
    outer loop
      vertex -125.651 34.5706 0
      vertex -151 43 0
      vertex -125.44 34.6421 0
    endloop
  endfacet
  facet normal 0 0 -1
    outer loop
      vertex -125.85 34.4722 0
      vertex -151 43 0
      vertex -125.651 34.5706 0
    endloop
  endfacet
  facet normal 0 0 -1
    outer loop
      vertex -126.035 34.3487 0
      vertex -151 43 0
      vertex -125.85 34.4722 0
    endloop
  endfacet
  facet normal 0 0 -1
    outer loop
      vertex -126.202 34.2021 0
      vertex -151 43 0
      vertex -126.035 34.3487 0
    endloop
  endfacet
  facet normal 0 0 -1
    outer loop
      vertex -126.349 34.0349 0
      vertex -151 43 0
      vertex -126.202 34.2021 0
    endloop
  endfacet
  facet normal 0 0 -1
    outer loop
      vertex -126.571 33.6506 0
      vertex -151 43 0
      vertex -126.472 33.85 0
    endloop
  endfacet
  facet normal -0 0 -1
    outer loop
      vertex -147.25 -6.25 0
      vertex -155 -39 0
      vertex -147.25 6.25 0
    endloop
  endfacet
  facet normal 0 0 -1
    outer loop
      vertex -155 -39 0
      vertex -151 -43 0
      vertex -151.522 -42.9658 0
    endloop
  endfacet
  facet normal 0 0 -1
    outer loop
      vertex -155 39 0
      vertex -147.25 6.25 0
      vertex -155 -39 0
    endloop
  endfacet
  facet normal 0 0 -1
    outer loop
      vertex -155 -39 0
      vertex -151.522 -42.9658 0
      vertex -152.035 -42.8637 0
    endloop
  endfacet
  facet normal 0 0 -1
    outer loop
      vertex -126.472 33.85 0
      vertex -151 43 0
      vertex -126.349 34.0349 0
    endloop
  endfacet
  facet normal 0 0 -1
    outer loop
      vertex -155 -39 0
      vertex -152.035 -42.8637 0
      vertex -152.531 -42.6955 0
    endloop
  endfacet
  facet normal 0 0 -1
    outer loop
      vertex -151 43 0
      vertex -155 39 0
      vertex -151.522 42.9658 0
    endloop
  endfacet
  facet normal 0 0 -1
    outer loop
      vertex -155 -39 0
      vertex -152.531 -42.6955 0
      vertex -153 -42.4641 0
    endloop
  endfacet
  facet normal 0 0 -1
    outer loop
      vertex -151.522 42.9658 0
      vertex -155 39 0
      vertex -152.035 42.8637 0
    endloop
  endfacet
  facet normal 0 0 -1
    outer loop
      vertex -155 -39 0
      vertex -153 -42.4641 0
      vertex -153.435 -42.1734 0
    endloop
  endfacet
  facet normal 0 0 -1
    outer loop
      vertex -152.035 42.8637 0
      vertex -155 39 0
      vertex -152.531 42.6955 0
    endloop
  endfacet
  facet normal 0 0 -1
    outer loop
      vertex -155 -39 0
      vertex -153.435 -42.1734 0
      vertex -153.828 -41.8284 0
    endloop
  endfacet
  facet normal 0 0 -1
    outer loop
      vertex -152.531 42.6955 0
      vertex -155 39 0
      vertex -153 42.4641 0
    endloop
  endfacet
  facet normal 0 0 -1
    outer loop
      vertex -155 -39 0
      vertex -153.828 -41.8284 0
      vertex -154.173 -41.435 0
    endloop
  endfacet
  facet normal 0 0 -1
    outer loop
      vertex -153 42.4641 0
      vertex -155 39 0
      vertex -153.435 42.1734 0
    endloop
  endfacet
  facet normal 0 0 -1
    outer loop
      vertex -155 -39 0
      vertex -154.173 -41.435 0
      vertex -154.464 -41 0
    endloop
  endfacet
  facet normal 0 0 -1
    outer loop
      vertex -153.435 42.1734 0
      vertex -155 39 0
      vertex -153.828 41.8284 0
    endloop
  endfacet
  facet normal 0 0 -1
    outer loop
      vertex -155 -39 0
      vertex -154.464 -41 0
      vertex -154.696 -40.5307 0
    endloop
  endfacet
  facet normal 0 0 -1
    outer loop
      vertex -153.828 41.8284 0
      vertex -155 39 0
      vertex -154.173 41.435 0
    endloop
  endfacet
  facet normal 0 0 -1
    outer loop
      vertex -155 -39 0
      vertex -154.696 -40.5307 0
      vertex -154.864 -40.0353 0
    endloop
  endfacet
  facet normal 0 0 -1
    outer loop
      vertex -154.173 41.435 0
      vertex -155 39 0
      vertex -154.464 41 0
    endloop
  endfacet
  facet normal 0 0 -1
    outer loop
      vertex -155 -39 0
      vertex -154.864 -40.0353 0
      vertex -154.966 -39.5221 0
    endloop
  endfacet
  facet normal 0 0 -1
    outer loop
      vertex -154.464 41 0
      vertex -155 39 0
      vertex -154.696 40.5307 0
    endloop
  endfacet
  facet normal 0 0 -1
    outer loop
      vertex -154.696 40.5307 0
      vertex -155 39 0
      vertex -154.864 40.0353 0
    endloop
  endfacet
  facet normal 0 0 -1
    outer loop
      vertex -154.864 40.0353 0
      vertex -155 39 0
      vertex -154.966 39.5221 0
    endloop
  endfacet
  facet normal 0 0 -1
    outer loop
      vertex -30.4756 -31.3686 0
      vertex -23 -23 0
      vertex -30.4062 -31.5729 0
    endloop
  endfacet
  facet normal 0 0 -1
    outer loop
      vertex -23 23 0
      vertex -30.3641 31.7846 0
      vertex -30.35 32 0
    endloop
  endfacet
  facet normal 0 0 -1
    outer loop
      vertex -30.5711 -31.175 0
      vertex -23 -23 0
      vertex -30.4756 -31.3686 0
    endloop
  endfacet
  facet normal 0 0 -1
    outer loop
      vertex -23 23 0
      vertex -30.4062 31.5729 0
      vertex -30.3641 31.7846 0
    endloop
  endfacet
  facet normal 0 0 -1
    outer loop
      vertex -30.691 -30.9955 0
      vertex -23 -23 0
      vertex -30.5711 -31.175 0
    endloop
  endfacet
  facet normal 0 0 -1
    outer loop
      vertex -23 23 0
      vertex -30.4756 31.3686 0
      vertex -30.4062 31.5729 0
    endloop
  endfacet
  facet normal 0 0 -1
    outer loop
      vertex -30.8333 -30.8333 0
      vertex -23 -23 0
      vertex -30.691 -30.9955 0
    endloop
  endfacet
  facet normal 0 0 -1
    outer loop
      vertex -23 23 0
      vertex -30.5711 31.175 0
      vertex -30.4756 31.3686 0
    endloop
  endfacet
  facet normal 0 0 -1
    outer loop
      vertex -30.9955 -30.691 0
      vertex -23 -23 0
      vertex -30.8333 -30.8333 0
    endloop
  endfacet
  facet normal 0 0 -1
    outer loop
      vertex -23 23 0
      vertex -30.691 30.9955 0
      vertex -30.5711 31.175 0
    endloop
  endfacet
  facet normal 0 0 -1
    outer loop
      vertex -31.175 -30.5711 0
      vertex -23 -23 0
      vertex -30.9955 -30.691 0
    endloop
  endfacet
  facet normal 0 0 -1
    outer loop
      vertex -23 23 0
      vertex -30.8333 30.8333 0
      vertex -30.691 30.9955 0
    endloop
  endfacet
  facet normal 0 0 -1
    outer loop
      vertex -31.3686 -30.4756 0
      vertex -23 -23 0
      vertex -31.175 -30.5711 0
    endloop
  endfacet
  facet normal 0 0 -1
    outer loop
      vertex -23 23 0
      vertex -30.9955 30.691 0
      vertex -30.8333 30.8333 0
    endloop
  endfacet
  facet normal 0 0 -1
    outer loop
      vertex -31.5729 -30.4062 0
      vertex -23 -23 0
      vertex -31.3686 -30.4756 0
    endloop
  endfacet
  facet normal 0 0 -1
    outer loop
      vertex -23 23 0
      vertex -31.175 30.5711 0
      vertex -30.9955 30.691 0
    endloop
  endfacet
  facet normal 0 0 -1
    outer loop
      vertex -31.7846 -30.3641 0
      vertex -23 -23 0
      vertex -31.5729 -30.4062 0
    endloop
  endfacet
  facet normal 0 0 -1
    outer loop
      vertex -23 23 0
      vertex -31.3686 30.4756 0
      vertex -31.175 30.5711 0
    endloop
  endfacet
  facet normal 0 0 -1
    outer loop
      vertex -32 -30.35 0
      vertex -23 -23 0
      vertex -31.7846 -30.3641 0
    endloop
  endfacet
  facet normal 0 0 -1
    outer loop
      vertex -23 23 0
      vertex -31.5729 30.4062 0
      vertex -31.3686 30.4756 0
    endloop
  endfacet
  facet normal 0 0 -1
    outer loop
      vertex -32.2154 -30.3641 0
      vertex -23 -23 0
      vertex -32 -30.35 0
    endloop
  endfacet
  facet normal 0 0 -1
    outer loop
      vertex -23 23 0
      vertex -31.7846 30.3641 0
      vertex -31.5729 30.4062 0
    endloop
  endfacet
  facet normal 0 0 -1
    outer loop
      vertex -32.4271 -30.4062 0
      vertex -23 -23 0
      vertex -32.2154 -30.3641 0
    endloop
  endfacet
  facet normal 0 0 -1
    outer loop
      vertex -23 23 0
      vertex -32 30.35 0
      vertex -31.7846 30.3641 0
    endloop
  endfacet
  facet normal 0 0 -1
    outer loop
      vertex -32.6314 -30.4756 0
      vertex -23 -23 0
      vertex -32.4271 -30.4062 0
    endloop
  endfacet
  facet normal 0 0 -1
    outer loop
      vertex -23 23 0
      vertex -32.2154 30.3641 0
      vertex -32 30.35 0
    endloop
  endfacet
  facet normal 0 0 -1
    outer loop
      vertex -32.825 -30.5711 0
      vertex -23 -23 0
      vertex -32.6314 -30.4756 0
    endloop
  endfacet
  facet normal 0 0 -1
    outer loop
      vertex -23 23 0
      vertex -32.4271 30.4062 0
      vertex -32.2154 30.3641 0
    endloop
  endfacet
  facet normal -0 0 -1
    outer loop
      vertex -23 -23 0
      vertex -32.825 -30.5711 0
      vertex -23 23 0
    endloop
  endfacet
  facet normal 0 0 -1
    outer loop
      vertex -23 23 0
      vertex -32.6314 30.4756 0
      vertex -32.4271 30.4062 0
    endloop
  endfacet
  facet normal 0 0 -1
    outer loop
      vertex -32.825 30.5711 0
      vertex -23 23 0
      vertex -32.825 -30.5711 0
    endloop
  endfacet
  facet normal 0 0 -1
    outer loop
      vertex -23 23 0
      vertex -32.825 30.5711 0
      vertex -32.6314 30.4756 0
    endloop
  endfacet
  facet normal 0 0 -1
    outer loop
      vertex -51.75 -35.3 0
      vertex -32.825 -30.5711 0
      vertex -33.0045 -30.691 0
    endloop
  endfacet
  facet normal -0 0 -1
    outer loop
      vertex -32.825 -30.5711 0
      vertex -51.75 -35.3 0
      vertex -32.825 30.5711 0
    endloop
  endfacet
  facet normal 0 0 -1
    outer loop
      vertex -51.75 -35.3 0
      vertex -33.0045 -30.691 0
      vertex -33.1667 -30.8333 0
    endloop
  endfacet
  facet normal -0 0 -1
    outer loop
      vertex -32.825 30.5711 0
      vertex -51.75 -35.3 0
      vertex -33.0045 30.691 0
    endloop
  endfacet
  facet normal 0 0 -1
    outer loop
      vertex -51.75 -35.3 0
      vertex -33.1667 -30.8333 0
      vertex -33.309 -30.9955 0
    endloop
  endfacet
  facet normal 0 0 -1
    outer loop
      vertex -51.75 39 0
      vertex -33.0045 30.691 0
      vertex -51.75 -35.3 0
    endloop
  endfacet
  facet normal 0 0 -1
    outer loop
      vertex -51.75 -35.3 0
      vertex -33.309 -30.9955 0
      vertex -33.4289 -31.175 0
    endloop
  endfacet
  facet normal 0 0 -1
    outer loop
      vertex -33.0045 30.691 0
      vertex -51.75 39 0
      vertex -33.1667 30.8333 0
    endloop
  endfacet
  facet normal 0 0 -1
    outer loop
      vertex -51.75 -35.3 0
      vertex -33.4289 -31.175 0
      vertex -33.5244 -31.3686 0
    endloop
  endfacet
  facet normal 0 0 -1
    outer loop
      vertex -33.1667 30.8333 0
      vertex -51.75 39 0
      vertex -33.309 30.9955 0
    endloop
  endfacet
  facet normal 0 0 -1
    outer loop
      vertex -51.75 -35.3 0
      vertex -33.5244 -31.3686 0
      vertex -33.5938 -31.5729 0
    endloop
  endfacet
  facet normal 0 0 -1
    outer loop
      vertex -33.309 30.9955 0
      vertex -51.75 39 0
      vertex -33.4289 31.175 0
    endloop
  endfacet
  facet normal 0 0 -1
    outer loop
      vertex -51.75 -35.3 0
      vertex -33.5938 -31.5729 0
      vertex -33.6359 -31.7846 0
    endloop
  endfacet
  facet normal 0 0 -1
    outer loop
      vertex -33.4289 31.175 0
      vertex -51.75 39 0
      vertex -33.5244 31.3686 0
    endloop
  endfacet
  facet normal 0 0 -1
    outer loop
      vertex -51.75 -35.3 0
      vertex -33.6359 -31.7846 0
      vertex -33.65 -32 0
    endloop
  endfacet
  facet normal 0 0 -1
    outer loop
      vertex -33.5244 31.3686 0
      vertex -51.75 39 0
      vertex -33.5938 31.5729 0
    endloop
  endfacet
  facet normal 0 0 -1
    outer loop
      vertex 33.5244 -31.3686 0
      vertex 39.3 -33 0
      vertex 33.5938 -31.5729 0
    endloop
  endfacet
  facet normal 0 0 -1
    outer loop
      vertex 39.3 33 0
      vertex 33.6359 31.7846 0
      vertex 33.65 32 0
    endloop
  endfacet
  facet normal 0 0 -1
    outer loop
      vertex 33.4289 -31.175 0
      vertex 39.3 -33 0
      vertex 33.5244 -31.3686 0
    endloop
  endfacet
  facet normal 0 0 -1
    outer loop
      vertex 39.3 33 0
      vertex 33.5938 31.5729 0
      vertex 33.6359 31.7846 0
    endloop
  endfacet
  facet normal 0 0 -1
    outer loop
      vertex 33.309 -30.9955 0
      vertex 39.3 -33 0
      vertex 33.4289 -31.175 0
    endloop
  endfacet
  facet normal 0 0 -1
    outer loop
      vertex 39.3 33 0
      vertex 33.5244 31.3686 0
      vertex 33.5938 31.5729 0
    endloop
  endfacet
  facet normal 0 0 -1
    outer loop
      vertex 33.1667 -30.8333 0
      vertex 39.3 -33 0
      vertex 33.309 -30.9955 0
    endloop
  endfacet
  facet normal 0 0 -1
    outer loop
      vertex 39.3 33 0
      vertex 33.4289 31.175 0
      vertex 33.5244 31.3686 0
    endloop
  endfacet
  facet normal 0 0 -1
    outer loop
      vertex 33.0045 -30.691 0
      vertex 39.3 -33 0
      vertex 33.1667 -30.8333 0
    endloop
  endfacet
  facet normal 0 0 -1
    outer loop
      vertex 39.3 33 0
      vertex 33.309 30.9955 0
      vertex 33.4289 31.175 0
    endloop
  endfacet
  facet normal 0 0 -1
    outer loop
      vertex 32.825 -30.5711 0
      vertex 39.3 -33 0
      vertex 33.0045 -30.691 0
    endloop
  endfacet
  facet normal 0 0 -1
    outer loop
      vertex 39.3 33 0
      vertex 33.1667 30.8333 0
      vertex 33.309 30.9955 0
    endloop
  endfacet
  facet normal 0 0 -1
    outer loop
      vertex 23 -23 0
      vertex 39.3 -33 0
      vertex 32.825 -30.5711 0
    endloop
  endfacet
  facet normal 0 0 -1
    outer loop
      vertex 39.3 33 0
      vertex 33.0045 30.691 0
      vertex 33.1667 30.8333 0
    endloop
  endfacet
  facet normal 0 0 -1
    outer loop
      vertex 39.3 -33 0
      vertex 23 -23 0
      vertex 39.3 33 0
    endloop
  endfacet
  facet normal 0 0 -1
    outer loop
      vertex 39.3 33 0
      vertex 32.825 30.5711 0
      vertex 33.0045 30.691 0
    endloop
  endfacet
  facet normal 0 0 -1
    outer loop
      vertex 23 -23 0
      vertex 32.825 -30.5711 0
      vertex 32.6314 -30.4756 0
    endloop
  endfacet
  facet normal 0 0 -1
    outer loop
      vertex 23 23 0
      vertex 39.3 33 0
      vertex 23 -23 0
    endloop
  endfacet
  facet normal 0 0 -1
    outer loop
      vertex 23 -23 0
      vertex 32.6314 -30.4756 0
      vertex 32.4271 -30.4062 0
    endloop
  endfacet
  facet normal 0 0 -1
    outer loop
      vertex 39.3 33 0
      vertex 23 23 0
      vertex 32.825 30.5711 0
    endloop
  endfacet
  facet normal 0 0 -1
    outer loop
      vertex 23 -23 0
      vertex 32.4271 -30.4062 0
      vertex 32.2154 -30.3641 0
    endloop
  endfacet
  facet normal 0 0 -1
    outer loop
      vertex 32.825 30.5711 0
      vertex 23 23 0
      vertex 32.6314 30.4756 0
    endloop
  endfacet
  facet normal 0 0 -1
    outer loop
      vertex 23 -23 0
      vertex 32.2154 -30.3641 0
      vertex 32 -30.35 0
    endloop
  endfacet
  facet normal 0 0 -1
    outer loop
      vertex 32.6314 30.4756 0
      vertex 23 23 0
      vertex 32.4271 30.4062 0
    endloop
  endfacet
  facet normal 0 0 -1
    outer loop
      vertex 23 -23 0
      vertex 32 -30.35 0
      vertex 31.7846 -30.3641 0
    endloop
  endfacet
  facet normal 0 0 -1
    outer loop
      vertex 32.4271 30.4062 0
      vertex 23 23 0
      vertex 32.2154 30.3641 0
    endloop
  endfacet
  facet normal 0 0 -1
    outer loop
      vertex 23 -23 0
      vertex 31.7846 -30.3641 0
      vertex 31.5729 -30.4062 0
    endloop
  endfacet
  facet normal 0 0 -1
    outer loop
      vertex 32.2154 30.3641 0
      vertex 23 23 0
      vertex 32 30.35 0
    endloop
  endfacet
  facet normal 0 0 -1
    outer loop
      vertex 23 -23 0
      vertex 31.5729 -30.4062 0
      vertex 31.3686 -30.4756 0
    endloop
  endfacet
  facet normal -0 0 -1
    outer loop
      vertex 32 30.35 0
      vertex 23 23 0
      vertex 31.7846 30.3641 0
    endloop
  endfacet
  facet normal 0 0 -1
    outer loop
      vertex 23 -23 0
      vertex 31.3686 -30.4756 0
      vertex 31.175 -30.5711 0
    endloop
  endfacet
  facet normal -0 0 -1
    outer loop
      vertex 31.7846 30.3641 0
      vertex 23 23 0
      vertex 31.5729 30.4062 0
    endloop
  endfacet
  facet normal 0 0 -1
    outer loop
      vertex 23 -23 0
      vertex 31.175 -30.5711 0
      vertex 30.9955 -30.691 0
    endloop
  endfacet
  facet normal -0 0 -1
    outer loop
      vertex 31.5729 30.4062 0
      vertex 23 23 0
      vertex 31.3686 30.4756 0
    endloop
  endfacet
  facet normal 0 0 -1
    outer loop
      vertex 23 -23 0
      vertex 30.9955 -30.691 0
      vertex 30.8333 -30.8333 0
    endloop
  endfacet
  facet normal -0 0 -1
    outer loop
      vertex 31.3686 30.4756 0
      vertex 23 23 0
      vertex 31.175 30.5711 0
    endloop
  endfacet
  facet normal 0 0 -1
    outer loop
      vertex 23 -23 0
      vertex 30.8333 -30.8333 0
      vertex 30.691 -30.9955 0
    endloop
  endfacet
  facet normal -0 0 -1
    outer loop
      vertex 31.175 30.5711 0
      vertex 23 23 0
      vertex 30.9955 30.691 0
    endloop
  endfacet
  facet normal 0 0 -1
    outer loop
      vertex 23 -23 0
      vertex 30.691 -30.9955 0
      vertex 30.5711 -31.175 0
    endloop
  endfacet
  facet normal -0 0 -1
    outer loop
      vertex 30.9955 30.691 0
      vertex 23 23 0
      vertex 30.8333 30.8333 0
    endloop
  endfacet
  facet normal 0 0 -1
    outer loop
      vertex 23 -23 0
      vertex 30.5711 -31.175 0
      vertex 30.4756 -31.3686 0
    endloop
  endfacet
  facet normal -0 0 -1
    outer loop
      vertex 30.8333 30.8333 0
      vertex 23 23 0
      vertex 30.691 30.9955 0
    endloop
  endfacet
  facet normal 0 0 -1
    outer loop
      vertex 23 -23 0
      vertex 30.4756 -31.3686 0
      vertex 30.4062 -31.5729 0
    endloop
  endfacet
  facet normal -0 0 -1
    outer loop
      vertex 30.691 30.9955 0
      vertex 23 23 0
      vertex 30.5711 31.175 0
    endloop
  endfacet
  facet normal 0 0 -1
    outer loop
      vertex 23 -23 0
      vertex 30.4062 -31.5729 0
      vertex 30.3641 -31.7846 0
    endloop
  endfacet
  facet normal -0 0 -1
    outer loop
      vertex 30.5711 31.175 0
      vertex 23 23 0
      vertex 30.4756 31.3686 0
    endloop
  endfacet
  facet normal 0 0 -1
    outer loop
      vertex 16.3487 -35.9651 0
      vertex 30.3641 -31.7846 0
      vertex 30.35 -32 0
    endloop
  endfacet
  facet normal -0 0 -1
    outer loop
      vertex 30.4756 31.3686 0
      vertex 23 23 0
      vertex 30.4062 31.5729 0
    endloop
  endfacet
  facet normal 0 0 -1
    outer loop
      vertex 51 -39.75 0
      vertex 51.75 -39 0
      vertex 51.7436 -39.0979 0
    endloop
  endfacet
  facet normal 0 0 -1
    outer loop
      vertex 51.75 -39 0
      vertex 42.7 -33 0
      vertex 51.75 39 0
    endloop
  endfacet
  facet normal 0 0 -1
    outer loop
      vertex 51 -39.75 0
      vertex 51.7436 -39.0979 0
      vertex 51.7244 -39.1941 0
    endloop
  endfacet
  facet normal 0 0 -1
    outer loop
      vertex 42.7 33 0
      vertex 51.75 39 0
      vertex 42.7 -33 0
    endloop
  endfacet
  facet normal 0 0 -1
    outer loop
      vertex 51 -39.75 0
      vertex 51.7244 -39.1941 0
      vertex 51.6929 -39.287 0
    endloop
  endfacet
  facet normal 0 0 -1
    outer loop
      vertex 42.6855 33.2219 0
      vertex 51.75 39 0
      vertex 42.7 33 0
    endloop
  endfacet
  facet normal 0 0 -1
    outer loop
      vertex 51 -39.75 0
      vertex 51.6929 -39.287 0
      vertex 51.6495 -39.375 0
    endloop
  endfacet
  facet normal 0 0 -1
    outer loop
      vertex 42.6421 33.44 0
      vertex 51.75 39 0
      vertex 42.6855 33.2219 0
    endloop
  endfacet
  facet normal 0 0 -1
    outer loop
      vertex 51 -39.75 0
      vertex 51.6495 -39.375 0
      vertex 51.595 -39.4566 0
    endloop
  endfacet
  facet normal 0 0 -1
    outer loop
      vertex 42.5706 33.6506 0
      vertex 51.75 39 0
      vertex 42.6421 33.44 0
    endloop
  endfacet
  facet normal 0 0 -1
    outer loop
      vertex 51 -39.75 0
      vertex 51.595 -39.4566 0
      vertex 51.5303 -39.5303 0
    endloop
  endfacet
  facet normal 0 0 -1
    outer loop
      vertex 51.75 39 0
      vertex 51 39.75 0
      vertex 51.7436 39.0979 0
    endloop
  endfacet
  facet normal 0 0 -1
    outer loop
      vertex 51 -39.75 0
      vertex 51.5303 -39.5303 0
      vertex 51.4566 -39.595 0
    endloop
  endfacet
  facet normal 0 0 -1
    outer loop
      vertex 51.7436 39.0979 0
      vertex 51 39.75 0
      vertex 51.7244 39.1941 0
    endloop
  endfacet
  facet normal 0 0 -1
    outer loop
      vertex 51 -39.75 0
      vertex 51.4566 -39.595 0
      vertex 51.375 -39.6495 0
    endloop
  endfacet
  facet normal 0 0 -1
    outer loop
      vertex 51.6929 39.287 0
      vertex 51 39.75 0
      vertex 51.6495 39.375 0
    endloop
  endfacet
  facet normal 0 0 -1
    outer loop
      vertex 51 -39.75 0
      vertex 51.375 -39.6495 0
      vertex 51.287 -39.6929 0
    endloop
  endfacet
  facet normal 0 0 -1
    outer loop
      vertex 51.6495 39.375 0
      vertex 51 39.75 0
      vertex 51.595 39.4566 0
    endloop
  endfacet
  facet normal 0 0 -1
    outer loop
      vertex 51 -39.75 0
      vertex 51.287 -39.6929 0
      vertex 51.1941 -39.7244 0
    endloop
  endfacet
  facet normal 0 0 -1
    outer loop
      vertex 51.5303 39.5303 0
      vertex 51 39.75 0
      vertex 51.4566 39.595 0
    endloop
  endfacet
  facet normal 0 0 -1
    outer loop
      vertex 51 -39.75 0
      vertex 51.1941 -39.7244 0
      vertex 51.0979 -39.7436 0
    endloop
  endfacet
  facet normal 0 0 -1
    outer loop
      vertex 51.4566 39.595 0
      vertex 51 39.75 0
      vertex 51.375 39.6495 0
    endloop
  endfacet
  facet normal 0 0 -1
    outer loop
      vertex 42.5706 -33.6506 0
      vertex 51.75 -39 0
      vertex 51 -39.75 0
    endloop
  endfacet
  facet normal 0 0 -1
    outer loop
      vertex 51.375 39.6495 0
      vertex 51 39.75 0
      vertex 51.287 39.6929 0
    endloop
  endfacet
  facet normal 0 0 -1
    outer loop
      vertex 51.287 39.6929 0
      vertex 51 39.75 0
      vertex 51.1941 39.7244 0
    endloop
  endfacet
  facet normal 0 0 -1
    outer loop
      vertex 51.75 -39 0
      vertex 42.6855 -33.2219 0
      vertex 42.7 -33 0
    endloop
  endfacet
  facet normal 0 0 -1
    outer loop
      vertex 51.75 -39 0
      vertex 42.6421 -33.44 0
      vertex 42.6855 -33.2219 0
    endloop
  endfacet
  facet normal 0 0 -1
    outer loop
      vertex 51.75 -39 0
      vertex 42.5706 -33.6506 0
      vertex 42.6421 -33.44 0
    endloop
  endfacet
  facet normal 0 0 -1
    outer loop
      vertex 51 -39.75 0
      vertex 42.4722 -33.85 0
      vertex 42.5706 -33.6506 0
    endloop
  endfacet
  facet normal 0 0 -1
    outer loop
      vertex 51 -39.75 0
      vertex 42.3487 -34.0349 0
      vertex 42.4722 -33.85 0
    endloop
  endfacet
  facet normal 0 0 -1
    outer loop
      vertex 51 -39.75 0
      vertex 42.2021 -34.2021 0
      vertex 42.3487 -34.0349 0
    endloop
  endfacet
  facet normal 0 0 -1
    outer loop
      vertex 51 -39.75 0
      vertex 42.0349 -34.3487 0
      vertex 42.2021 -34.2021 0
    endloop
  endfacet
  facet normal 0 0 -1
    outer loop
      vertex 51 -39.75 0
      vertex 41.85 -34.4722 0
      vertex 42.0349 -34.3487 0
    endloop
  endfacet
  facet normal 0 0 -1
    outer loop
      vertex 51 -39.75 0
      vertex 41.6506 -34.5706 0
      vertex 41.85 -34.4722 0
    endloop
  endfacet
  facet normal 0 0 -1
    outer loop
      vertex 51 -39.75 0
      vertex 41.44 -34.6421 0
      vertex 41.6506 -34.5706 0
    endloop
  endfacet
  facet normal 0 0 -1
    outer loop
      vertex 51 -39.75 0
      vertex 41.2219 -34.6855 0
      vertex 41.44 -34.6421 0
    endloop
  endfacet
  facet normal 0 0 -1
    outer loop
      vertex 51 -39.75 0
      vertex 41 -34.7 0
      vertex 41.2219 -34.6855 0
    endloop
  endfacet
  facet normal 0 0 -1
    outer loop
      vertex 51 -39.75 0
      vertex 40.7781 -34.6855 0
      vertex 41 -34.7 0
    endloop
  endfacet
  facet normal 0 0 -1
    outer loop
      vertex 51 -39.75 0
      vertex 40.56 -34.6421 0
      vertex 40.7781 -34.6855 0
    endloop
  endfacet
  facet normal 0 0 -1
    outer loop
      vertex 32 -33.65 0
      vertex 40.56 -34.6421 0
      vertex 51 -39.75 0
    endloop
  endfacet
  facet normal 0 0 -1
    outer loop
      vertex 33.6359 -31.7846 0
      vertex 39.3 -33 0
      vertex 33.65 -32 0
    endloop
  endfacet
  facet normal 0 0 -1
    outer loop
      vertex 33.5938 -32.4271 0
      vertex 39.3 -33 0
      vertex 39.3145 -33.2219 0
    endloop
  endfacet
  facet normal 0 0 -1
    outer loop
      vertex 33.5244 -32.6314 0
      vertex 39.3145 -33.2219 0
      vertex 39.3579 -33.44 0
    endloop
  endfacet
  facet normal 0 0 -1
    outer loop
      vertex 33.4289 -32.825 0
      vertex 39.3579 -33.44 0
      vertex 39.4294 -33.6506 0
    endloop
  endfacet
  facet normal 0 0 -1
    outer loop
      vertex 33.309 -33.0045 0
      vertex 39.4294 -33.6506 0
      vertex 39.5278 -33.85 0
    endloop
  endfacet
  facet normal 0 0 -1
    outer loop
      vertex 33.1667 -33.1667 0
      vertex 39.5278 -33.85 0
      vertex 39.6513 -34.0349 0
    endloop
  endfacet
  facet normal 0 0 -1
    outer loop
      vertex 33.0045 -33.309 0
      vertex 39.6513 -34.0349 0
      vertex 39.7979 -34.2021 0
    endloop
  endfacet
  facet normal 0 0 -1
    outer loop
      vertex 32.825 -33.4289 0
      vertex 39.7979 -34.2021 0
      vertex 39.9651 -34.3487 0
    endloop
  endfacet
  facet normal 0 0 -1
    outer loop
      vertex 32.6314 -33.5244 0
      vertex 39.9651 -34.3487 0
      vertex 40.15 -34.4722 0
    endloop
  endfacet
  facet normal 0 0 -1
    outer loop
      vertex 32.4271 -33.5938 0
      vertex 40.15 -34.4722 0
      vertex 40.3494 -34.5706 0
    endloop
  endfacet
  facet normal 0 -0 -1
    outer loop
      vertex 32.2154 -33.6359 0
      vertex 40.56 -34.6421 0
      vertex 32 -33.65 0
    endloop
  endfacet
  facet normal 0 0 -1
    outer loop
      vertex 39.3 -33 0
      vertex 33.6359 -32.2154 0
      vertex 33.65 -32 0
    endloop
  endfacet
  facet normal 0 0 -1
    outer loop
      vertex 39.3 -33 0
      vertex 33.5938 -32.4271 0
      vertex 33.6359 -32.2154 0
    endloop
  endfacet
  facet normal 0 0 -1
    outer loop
      vertex 39.3145 -33.2219 0
      vertex 33.5244 -32.6314 0
      vertex 33.5938 -32.4271 0
    endloop
  endfacet
  facet normal 0 0 -1
    outer loop
      vertex 39.3579 -33.44 0
      vertex 33.4289 -32.825 0
      vertex 33.5244 -32.6314 0
    endloop
  endfacet
  facet normal 0 0 -1
    outer loop
      vertex 39.4294 -33.6506 0
      vertex 33.309 -33.0045 0
      vertex 33.4289 -32.825 0
    endloop
  endfacet
  facet normal 0 0 -1
    outer loop
      vertex 39.5278 -33.85 0
      vertex 33.1667 -33.1667 0
      vertex 33.309 -33.0045 0
    endloop
  endfacet
  facet normal 0 0 -1
    outer loop
      vertex 39.6513 -34.0349 0
      vertex 33.0045 -33.309 0
      vertex 33.1667 -33.1667 0
    endloop
  endfacet
  facet normal 0 0 -1
    outer loop
      vertex 39.7979 -34.2021 0
      vertex 32.825 -33.4289 0
      vertex 33.0045 -33.309 0
    endloop
  endfacet
  facet normal 0 0 -1
    outer loop
      vertex 39.9651 -34.3487 0
      vertex 32.6314 -33.5244 0
      vertex 32.825 -33.4289 0
    endloop
  endfacet
  facet normal 0 0 -1
    outer loop
      vertex 40.15 -34.4722 0
      vertex 32.4271 -33.5938 0
      vertex 32.6314 -33.5244 0
    endloop
  endfacet
  facet normal 0 0 -1
    outer loop
      vertex 40.3494 -34.5706 0
      vertex 32.2154 -33.6359 0
      vertex 32.4271 -33.5938 0
    endloop
  endfacet
  facet normal 0 0 -1
    outer loop
      vertex 40.56 -34.6421 0
      vertex 32.2154 -33.6359 0
      vertex 40.3494 -34.5706 0
    endloop
  endfacet
  facet normal 0 0 -1
    outer loop
      vertex 15.85 -38.4722 0
      vertex 32 -33.65 0
      vertex 51 -39.75 0
    endloop
  endfacet
  facet normal 0 -0 -1
    outer loop
      vertex 16.0349 -38.3487 0
      vertex 32 -33.65 0
      vertex 15.85 -38.4722 0
    endloop
  endfacet
  facet normal -0 0 -1
    outer loop
      vertex 30.4062 31.5729 0
      vertex 23 23 0
      vertex 30.3641 31.7846 0
    endloop
  endfacet
  facet normal 0 0 -1
    outer loop
      vertex 16.4722 -36.15 0
      vertex 30.35 -32 0
      vertex 30.3641 -32.2154 0
    endloop
  endfacet
  facet normal 0 0 -1
    outer loop
      vertex 16.5706 -36.3494 0
      vertex 30.3641 -32.2154 0
      vertex 30.4062 -32.4271 0
    endloop
  endfacet
  facet normal 0 0 -1
    outer loop
      vertex 16.6421 -36.56 0
      vertex 30.4062 -32.4271 0
      vertex 30.4756 -32.6314 0
    endloop
  endfacet
  facet normal 0 0 -1
    outer loop
      vertex 16.6855 -36.7781 0
      vertex 30.4756 -32.6314 0
      vertex 30.5711 -32.825 0
    endloop
  endfacet
  facet normal 0 0 -1
    outer loop
      vertex 16.7 -37 0
      vertex 30.5711 -32.825 0
      vertex 30.691 -33.0045 0
    endloop
  endfacet
  facet normal 0 0 -1
    outer loop
      vertex 30.5711 -32.825 0
      vertex 16.7 -37 0
      vertex 16.6855 -36.7781 0
    endloop
  endfacet
  facet normal 0 0 -1
    outer loop
      vertex 16.6855 -37.2219 0
      vertex 30.691 -33.0045 0
      vertex 30.8333 -33.1667 0
    endloop
  endfacet
  facet normal 0 0 -1
    outer loop
      vertex 16.6421 -37.44 0
      vertex 30.8333 -33.1667 0
      vertex 30.9955 -33.309 0
    endloop
  endfacet
  facet normal 0 0 -1
    outer loop
      vertex 16.5706 -37.6506 0
      vertex 30.9955 -33.309 0
      vertex 31.175 -33.4289 0
    endloop
  endfacet
  facet normal 0 0 -1
    outer loop
      vertex 16.4722 -37.85 0
      vertex 31.175 -33.4289 0
      vertex 31.3686 -33.5244 0
    endloop
  endfacet
  facet normal 0 0 -1
    outer loop
      vertex 16.3487 -38.0349 0
      vertex 31.3686 -33.5244 0
      vertex 31.5729 -33.5938 0
    endloop
  endfacet
  facet normal -0 0 -1
    outer loop
      vertex 32 -33.65 0
      vertex 16.0349 -38.3487 0
      vertex 31.7846 -33.6359 0
    endloop
  endfacet
  facet normal 0 0 -1
    outer loop
      vertex 30.691 -33.0045 0
      vertex 16.6855 -37.2219 0
      vertex 16.7 -37 0
    endloop
  endfacet
  facet normal 0 0 -1
    outer loop
      vertex 30.8333 -33.1667 0
      vertex 16.6421 -37.44 0
      vertex 16.6855 -37.2219 0
    endloop
  endfacet
  facet normal 0 0 -1
    outer loop
      vertex 30.9955 -33.309 0
      vertex 16.5706 -37.6506 0
      vertex 16.6421 -37.44 0
    endloop
  endfacet
  facet normal 0 0 -1
    outer loop
      vertex 31.175 -33.4289 0
      vertex 16.4722 -37.85 0
      vertex 16.5706 -37.6506 0
    endloop
  endfacet
  facet normal 0 0 -1
    outer loop
      vertex 31.3686 -33.5244 0
      vertex 16.3487 -38.0349 0
      vertex 16.4722 -37.85 0
    endloop
  endfacet
  facet normal 0 0 -1
    outer loop
      vertex 31.5729 -33.5938 0
      vertex 16.2021 -38.2021 0
      vertex 16.3487 -38.0349 0
    endloop
  endfacet
  facet normal -0 0 -1
    outer loop
      vertex 31.7846 -33.6359 0
      vertex 16.2021 -38.2021 0
      vertex 31.5729 -33.5938 0
    endloop
  endfacet
  facet normal 0 -0 -1
    outer loop
      vertex 16.2021 -38.2021 0
      vertex 31.7846 -33.6359 0
      vertex 16.0349 -38.3487 0
    endloop
  endfacet
  facet normal 0 0 -1
    outer loop
      vertex 51 -39.75 0
      vertex 15.6506 -38.5706 0
      vertex 15.85 -38.4722 0
    endloop
  endfacet
  facet normal 0 0 -1
    outer loop
      vertex 51 -39.75 0
      vertex 15.44 -38.6421 0
      vertex 15.6506 -38.5706 0
    endloop
  endfacet
  facet normal 0 0 -1
    outer loop
      vertex 51 -39.75 0
      vertex 15.2219 -38.6855 0
      vertex 15.44 -38.6421 0
    endloop
  endfacet
  facet normal 0 0 -1
    outer loop
      vertex 51 -39.75 0
      vertex 15 -38.7 0
      vertex 15.2219 -38.6855 0
    endloop
  endfacet
  facet normal 0 0 -1
    outer loop
      vertex -51 -39.75 0
      vertex 15 -38.7 0
      vertex 51 -39.75 0
    endloop
  endfacet
  facet normal 0 0 -1
    outer loop
      vertex -51.75 -39 0
      vertex -51 -39.75 0
      vertex -51.0979 -39.7436 0
    endloop
  endfacet
  facet normal 0 0 -1
    outer loop
      vertex -51.75 -39 0
      vertex -51.0979 -39.7436 0
      vertex -51.1941 -39.7244 0
    endloop
  endfacet
  facet normal 0 0 -1
    outer loop
      vertex -51.75 -39 0
      vertex -51.1941 -39.7244 0
      vertex -51.287 -39.6929 0
    endloop
  endfacet
  facet normal 0 0 -1
    outer loop
      vertex -51.75 -39 0
      vertex -51.287 -39.6929 0
      vertex -51.375 -39.6495 0
    endloop
  endfacet
  facet normal 0 0 -1
    outer loop
      vertex -51.75 -39 0
      vertex -51.375 -39.6495 0
      vertex -51.4566 -39.595 0
    endloop
  endfacet
  facet normal 0 0 -1
    outer loop
      vertex -51.75 -39 0
      vertex -51.4566 -39.595 0
      vertex -51.5303 -39.5303 0
    endloop
  endfacet
  facet normal 0 0 -1
    outer loop
      vertex -51.75 -39 0
      vertex -51.5303 -39.5303 0
      vertex -51.595 -39.4566 0
    endloop
  endfacet
  facet normal 0 0 -1
    outer loop
      vertex -51.75 -39 0
      vertex -51.595 -39.4566 0
      vertex -51.6495 -39.375 0
    endloop
  endfacet
  facet normal 0 0 -1
    outer loop
      vertex -51.75 -39 0
      vertex -51.6495 -39.375 0
      vertex -51.6929 -39.287 0
    endloop
  endfacet
  facet normal 0 0 -1
    outer loop
      vertex -51.75 -39 0
      vertex -51.6929 -39.287 0
      vertex -51.7244 -39.1941 0
    endloop
  endfacet
  facet normal 0 0 -1
    outer loop
      vertex -51.75 -39 0
      vertex -51.7244 -39.1941 0
      vertex -51.7436 -39.0979 0
    endloop
  endfacet
  facet normal 0 0 -1
    outer loop
      vertex -51 -39.75 0
      vertex -51.75 -39 0
      vertex -51.75 -38.7 0
    endloop
  endfacet
  facet normal 0 0 -1
    outer loop
      vertex -51 -39.75 0
      vertex -51.75 -38.7 0
      vertex 15 -38.7 0
    endloop
  endfacet
  facet normal 0 0 -1
    outer loop
      vertex 51.1941 39.7244 0
      vertex 51 39.75 0
      vertex 51.0979 39.7436 0
    endloop
  endfacet
  facet normal 0 0 -1
    outer loop
      vertex 51.595 39.4566 0
      vertex 51 39.75 0
      vertex 51.5303 39.5303 0
    endloop
  endfacet
  facet normal 0 0 -1
    outer loop
      vertex 51.7244 39.1941 0
      vertex 51 39.75 0
      vertex 51.6929 39.287 0
    endloop
  endfacet
  facet normal -0 0 -1
    outer loop
      vertex 51.75 39 0
      vertex 42.5706 33.6506 0
      vertex 51 39.75 0
    endloop
  endfacet
  facet normal 0 0 -1
    outer loop
      vertex 42.4722 33.85 0
      vertex 51 39.75 0
      vertex 42.5706 33.6506 0
    endloop
  endfacet
  facet normal 0 0 -1
    outer loop
      vertex 42.3487 34.0349 0
      vertex 51 39.75 0
      vertex 42.4722 33.85 0
    endloop
  endfacet
  facet normal 0 0 -1
    outer loop
      vertex 42.2021 34.2021 0
      vertex 51 39.75 0
      vertex 42.3487 34.0349 0
    endloop
  endfacet
  facet normal 0 0 -1
    outer loop
      vertex 42.0349 34.3487 0
      vertex 51 39.75 0
      vertex 42.2021 34.2021 0
    endloop
  endfacet
  facet normal 0 0 -1
    outer loop
      vertex 41.85 34.4722 0
      vertex 51 39.75 0
      vertex 42.0349 34.3487 0
    endloop
  endfacet
  facet normal 0 0 -1
    outer loop
      vertex 41.6506 34.5706 0
      vertex 51 39.75 0
      vertex 41.85 34.4722 0
    endloop
  endfacet
  facet normal 0 0 -1
    outer loop
      vertex 41.44 34.6421 0
      vertex 51 39.75 0
      vertex 41.6506 34.5706 0
    endloop
  endfacet
  facet normal 0 0 -1
    outer loop
      vertex 41.2219 34.6855 0
      vertex 51 39.75 0
      vertex 41.44 34.6421 0
    endloop
  endfacet
  facet normal 0 0 -1
    outer loop
      vertex 41 34.7 0
      vertex 51 39.75 0
      vertex 41.2219 34.6855 0
    endloop
  endfacet
  facet normal 0 0 -1
    outer loop
      vertex 40.7781 34.6855 0
      vertex 51 39.75 0
      vertex 41 34.7 0
    endloop
  endfacet
  facet normal 0 0 -1
    outer loop
      vertex 40.56 34.6421 0
      vertex 51 39.75 0
      vertex 40.7781 34.6855 0
    endloop
  endfacet
  facet normal 0 0 -1
    outer loop
      vertex 32.2154 33.6359 0
      vertex 40.56 34.6421 0
      vertex 40.3494 34.5706 0
    endloop
  endfacet
  facet normal 0 0 -1
    outer loop
      vertex 33.5938 -31.5729 0
      vertex 39.3 -33 0
      vertex 33.6359 -31.7846 0
    endloop
  endfacet
  facet normal 0 0 -1
    outer loop
      vertex 33.6359 32.2154 0
      vertex 39.3 33 0
      vertex 33.65 32 0
    endloop
  endfacet
  facet normal 0 0 -1
    outer loop
      vertex 33.5938 32.4271 0
      vertex 39.3 33 0
      vertex 33.6359 32.2154 0
    endloop
  endfacet
  facet normal -0 0 -1
    outer loop
      vertex 39.3 33 0
      vertex 33.5938 32.4271 0
      vertex 39.3145 33.2219 0
    endloop
  endfacet
  facet normal 0 0 -1
    outer loop
      vertex 33.5244 32.6314 0
      vertex 39.3145 33.2219 0
      vertex 33.5938 32.4271 0
    endloop
  endfacet
  facet normal -0 0 -1
    outer loop
      vertex 39.3145 33.2219 0
      vertex 33.5244 32.6314 0
      vertex 39.3579 33.44 0
    endloop
  endfacet
  facet normal 0 0 -1
    outer loop
      vertex 33.4289 32.825 0
      vertex 39.3579 33.44 0
      vertex 33.5244 32.6314 0
    endloop
  endfacet
  facet normal -0 0 -1
    outer loop
      vertex 39.3579 33.44 0
      vertex 33.4289 32.825 0
      vertex 39.4294 33.6506 0
    endloop
  endfacet
  facet normal 0 0 -1
    outer loop
      vertex 33.309 33.0045 0
      vertex 39.4294 33.6506 0
      vertex 33.4289 32.825 0
    endloop
  endfacet
  facet normal -0 0 -1
    outer loop
      vertex 39.4294 33.6506 0
      vertex 33.309 33.0045 0
      vertex 39.5278 33.85 0
    endloop
  endfacet
  facet normal 0 0 -1
    outer loop
      vertex 33.1667 33.1667 0
      vertex 39.5278 33.85 0
      vertex 33.309 33.0045 0
    endloop
  endfacet
  facet normal -0 0 -1
    outer loop
      vertex 39.5278 33.85 0
      vertex 33.1667 33.1667 0
      vertex 39.6513 34.0349 0
    endloop
  endfacet
  facet normal 0 0 -1
    outer loop
      vertex 33.0045 33.309 0
      vertex 39.6513 34.0349 0
      vertex 33.1667 33.1667 0
    endloop
  endfacet
  facet normal -0 0 -1
    outer loop
      vertex 39.6513 34.0349 0
      vertex 33.0045 33.309 0
      vertex 39.7979 34.2021 0
    endloop
  endfacet
  facet normal 0 0 -1
    outer loop
      vertex 32.825 33.4289 0
      vertex 39.7979 34.2021 0
      vertex 33.0045 33.309 0
    endloop
  endfacet
  facet normal -0 0 -1
    outer loop
      vertex 39.7979 34.2021 0
      vertex 32.825 33.4289 0
      vertex 39.9651 34.3487 0
    endloop
  endfacet
  facet normal 0 0 -1
    outer loop
      vertex 32.6314 33.5244 0
      vertex 39.9651 34.3487 0
      vertex 32.825 33.4289 0
    endloop
  endfacet
  facet normal -0 0 -1
    outer loop
      vertex 39.9651 34.3487 0
      vertex 32.6314 33.5244 0
      vertex 40.15 34.4722 0
    endloop
  endfacet
  facet normal 0 0 -1
    outer loop
      vertex 32.4271 33.5938 0
      vertex 40.15 34.4722 0
      vertex 32.6314 33.5244 0
    endloop
  endfacet
  facet normal -0 0 -1
    outer loop
      vertex 40.15 34.4722 0
      vertex 32.4271 33.5938 0
      vertex 40.3494 34.5706 0
    endloop
  endfacet
  facet normal 0 0 -1
    outer loop
      vertex 32.2154 33.6359 0
      vertex 40.3494 34.5706 0
      vertex 32.4271 33.5938 0
    endloop
  endfacet
  facet normal 0 0 -1
    outer loop
      vertex 40.56 34.6421 0
      vertex 32.2154 33.6359 0
      vertex 32 33.65 0
    endloop
  endfacet
  facet normal -0 0 -1
    outer loop
      vertex 40.56 34.6421 0
      vertex 32 33.65 0
      vertex 51 39.75 0
    endloop
  endfacet
  facet normal 0 0 -1
    outer loop
      vertex 31.7846 33.6359 0
      vertex 51 39.75 0
      vertex 32 33.65 0
    endloop
  endfacet
  facet normal 0 0 -1
    outer loop
      vertex 31.5729 33.5938 0
      vertex 51 39.75 0
      vertex 31.7846 33.6359 0
    endloop
  endfacet
  facet normal -0 0 -1
    outer loop
      vertex 30.3641 31.7846 0
      vertex 23 23 0
      vertex 30.35 32 0
    endloop
  endfacet
  facet normal -0 0 -1
    outer loop
      vertex 30.35 32 0
      vertex 23 23 0
      vertex 30.3641 32.2154 0
    endloop
  endfacet
  facet normal 0 0 -1
    outer loop
      vertex 23 23 0
      vertex 30.4062 32.4271 0
      vertex 30.3641 32.2154 0
    endloop
  endfacet
  facet normal 0 0 -1
    outer loop
      vertex 23 23 0
      vertex 30.4756 32.6314 0
      vertex 30.4062 32.4271 0
    endloop
  endfacet
  facet normal 0 0 -1
    outer loop
      vertex 23 23 0
      vertex 30.5711 32.825 0
      vertex 30.4756 32.6314 0
    endloop
  endfacet
  facet normal 0 0 -1
    outer loop
      vertex -23 23 0
      vertex 30.5711 32.825 0
      vertex 23 23 0
    endloop
  endfacet
  facet normal 0 0 -1
    outer loop
      vertex -30.5711 32.825 0
      vertex 30.5711 32.825 0
      vertex -23 23 0
    endloop
  endfacet
  facet normal 0 0 -1
    outer loop
      vertex 30.5711 32.825 0
      vertex -30.5711 32.825 0
      vertex 30.691 33.0045 0
    endloop
  endfacet
  facet normal 0 0 -1
    outer loop
      vertex -30.691 33.0045 0
      vertex 30.691 33.0045 0
      vertex -30.5711 32.825 0
    endloop
  endfacet
  facet normal 0 0 -1
    outer loop
      vertex 30.691 33.0045 0
      vertex -30.691 33.0045 0
      vertex 30.8333 33.1667 0
    endloop
  endfacet
  facet normal 0 0 -1
    outer loop
      vertex -30.8333 33.1667 0
      vertex 30.8333 33.1667 0
      vertex -30.691 33.0045 0
    endloop
  endfacet
  facet normal 0 0 -1
    outer loop
      vertex 30.8333 33.1667 0
      vertex -30.8333 33.1667 0
      vertex 30.9955 33.309 0
    endloop
  endfacet
  facet normal 0 0 -1
    outer loop
      vertex -30.9955 33.309 0
      vertex 30.9955 33.309 0
      vertex -30.8333 33.1667 0
    endloop
  endfacet
  facet normal 0 0 -1
    outer loop
      vertex -30.4062 -31.5729 0
      vertex -23 -23 0
      vertex -30.3641 -31.7846 0
    endloop
  endfacet
  facet normal 0 0 -1
    outer loop
      vertex -30.3641 32.2154 0
      vertex -23 23 0
      vertex -30.35 32 0
    endloop
  endfacet
  facet normal 0 0 -1
    outer loop
      vertex -30.4062 32.4271 0
      vertex -23 23 0
      vertex -30.3641 32.2154 0
    endloop
  endfacet
  facet normal 0 0 -1
    outer loop
      vertex -30.4756 32.6314 0
      vertex -23 23 0
      vertex -30.4062 32.4271 0
    endloop
  endfacet
  facet normal 0 0 -1
    outer loop
      vertex -30.5711 32.825 0
      vertex -23 23 0
      vertex -30.4756 32.6314 0
    endloop
  endfacet
  facet normal 0 0 -1
    outer loop
      vertex 30.9955 33.309 0
      vertex -30.9955 33.309 0
      vertex 31.175 33.4289 0
    endloop
  endfacet
  facet normal 0 0 -1
    outer loop
      vertex -31.175 33.4289 0
      vertex 31.175 33.4289 0
      vertex -30.9955 33.309 0
    endloop
  endfacet
  facet normal 0 0 -1
    outer loop
      vertex 31.175 33.4289 0
      vertex -31.175 33.4289 0
      vertex 31.3686 33.5244 0
    endloop
  endfacet
  facet normal 0 0 -1
    outer loop
      vertex -31.3686 33.5244 0
      vertex 31.3686 33.5244 0
      vertex -31.175 33.4289 0
    endloop
  endfacet
  facet normal 0 0 -1
    outer loop
      vertex 31.3686 33.5244 0
      vertex -31.3686 33.5244 0
      vertex 31.5729 33.5938 0
    endloop
  endfacet
  facet normal 0 0 -1
    outer loop
      vertex -31.5729 33.5938 0
      vertex 31.5729 33.5938 0
      vertex -31.3686 33.5244 0
    endloop
  endfacet
  facet normal 0 0 -1
    outer loop
      vertex 31.5729 33.5938 0
      vertex -31.5729 33.5938 0
      vertex 51 39.75 0
    endloop
  endfacet
  facet normal 0 0 -1
    outer loop
      vertex -51 39.75 0
      vertex -31.5729 33.5938 0
      vertex -31.7846 33.6359 0
    endloop
  endfacet
  facet normal 0 0 -1
    outer loop
      vertex -51 39.75 0
      vertex -31.7846 33.6359 0
      vertex -32 33.65 0
    endloop
  endfacet
  facet normal 0 0 -1
    outer loop
      vertex -51 39.75 0
      vertex -32 33.65 0
      vertex -32.2154 33.6359 0
    endloop
  endfacet
  facet normal 0 0 -1
    outer loop
      vertex -31.5729 33.5938 0
      vertex -51 39.75 0
      vertex 51 39.75 0
    endloop
  endfacet
  facet normal 0 0 -1
    outer loop
      vertex -32.4271 33.5938 0
      vertex -51 39.75 0
      vertex -32.2154 33.6359 0
    endloop
  endfacet
  facet normal 0 0 -1
    outer loop
      vertex -32.6314 33.5244 0
      vertex -51 39.75 0
      vertex -32.4271 33.5938 0
    endloop
  endfacet
  facet normal 0 0 -1
    outer loop
      vertex -32.825 33.4289 0
      vertex -51 39.75 0
      vertex -32.6314 33.5244 0
    endloop
  endfacet
  facet normal 0 0 -1
    outer loop
      vertex -33.0045 33.309 0
      vertex -51 39.75 0
      vertex -32.825 33.4289 0
    endloop
  endfacet
  facet normal 0 0 -1
    outer loop
      vertex -33.1667 33.1667 0
      vertex -51 39.75 0
      vertex -33.0045 33.309 0
    endloop
  endfacet
  facet normal 0 0 -1
    outer loop
      vertex -33.309 33.0045 0
      vertex -51 39.75 0
      vertex -33.1667 33.1667 0
    endloop
  endfacet
  facet normal 0 0 -1
    outer loop
      vertex -33.4289 32.825 0
      vertex -51 39.75 0
      vertex -33.309 33.0045 0
    endloop
  endfacet
  facet normal 0 0 -1
    outer loop
      vertex -33.5244 32.6314 0
      vertex -51 39.75 0
      vertex -33.4289 32.825 0
    endloop
  endfacet
  facet normal 0 0 -1
    outer loop
      vertex -33.5938 32.4271 0
      vertex -51 39.75 0
      vertex -33.5244 32.6314 0
    endloop
  endfacet
  facet normal 0 0 -1
    outer loop
      vertex -33.6359 32.2154 0
      vertex -51 39.75 0
      vertex -33.5938 32.4271 0
    endloop
  endfacet
  facet normal 0 0 -1
    outer loop
      vertex -51 39.75 0
      vertex -33.6359 32.2154 0
      vertex -33.65 32 0
    endloop
  endfacet
  facet normal 0 0 -1
    outer loop
      vertex 30.4756 -32.6314 0
      vertex 16.6855 -36.7781 0
      vertex 16.6421 -36.56 0
    endloop
  endfacet
  facet normal 0 0 -1
    outer loop
      vertex 30.4062 -32.4271 0
      vertex 16.6421 -36.56 0
      vertex 16.5706 -36.3494 0
    endloop
  endfacet
  facet normal 0 0 -1
    outer loop
      vertex 30.3641 -32.2154 0
      vertex 16.5706 -36.3494 0
      vertex 16.4722 -36.15 0
    endloop
  endfacet
  facet normal 0 0 -1
    outer loop
      vertex 30.35 -32 0
      vertex 16.4722 -36.15 0
      vertex 16.3487 -35.9651 0
    endloop
  endfacet
  facet normal -0 0 -1
    outer loop
      vertex 30.3641 -31.7846 0
      vertex 16.3487 -35.9651 0
      vertex 23 -23 0
    endloop
  endfacet
  facet normal 0 0 -1
    outer loop
      vertex 16.2021 -35.7979 0
      vertex 23 -23 0
      vertex 16.3487 -35.9651 0
    endloop
  endfacet
  facet normal 0 0 -1
    outer loop
      vertex 16.0349 -35.6513 0
      vertex 23 -23 0
      vertex 16.2021 -35.7979 0
    endloop
  endfacet
  facet normal 0 0 -1
    outer loop
      vertex 15.85 -35.5278 0
      vertex 23 -23 0
      vertex 16.0349 -35.6513 0
    endloop
  endfacet
  facet normal 0 0 -1
    outer loop
      vertex 15.6506 -35.4294 0
      vertex 23 -23 0
      vertex 15.85 -35.5278 0
    endloop
  endfacet
  facet normal 0 0 -1
    outer loop
      vertex 15.44 -35.3579 0
      vertex 23 -23 0
      vertex 15.6506 -35.4294 0
    endloop
  endfacet
  facet normal 0 0 -1
    outer loop
      vertex 15.2219 -35.3145 0
      vertex 23 -23 0
      vertex 15.44 -35.3579 0
    endloop
  endfacet
  facet normal 0 0 -1
    outer loop
      vertex 15 -35.3 0
      vertex 23 -23 0
      vertex 15.2219 -35.3145 0
    endloop
  endfacet
  facet normal 0 0 -1
    outer loop
      vertex 15 -35.3 0
      vertex -23 -23 0
      vertex 23 -23 0
    endloop
  endfacet
  facet normal 0 0 -1
    outer loop
      vertex -30.3641 -31.7846 0
      vertex -23 -23 0
      vertex -30.35 -32 0
    endloop
  endfacet
  facet normal 0 0 -1
    outer loop
      vertex -30.4756 -32.6314 0
      vertex -23 -23 0
      vertex 15 -35.3 0
    endloop
  endfacet
  facet normal 0 0 -1
    outer loop
      vertex -23 -23 0
      vertex -30.3641 -32.2154 0
      vertex -30.35 -32 0
    endloop
  endfacet
  facet normal 0 0 -1
    outer loop
      vertex -23 -23 0
      vertex -30.4062 -32.4271 0
      vertex -30.3641 -32.2154 0
    endloop
  endfacet
  facet normal 0 0 -1
    outer loop
      vertex -23 -23 0
      vertex -30.4756 -32.6314 0
      vertex -30.4062 -32.4271 0
    endloop
  endfacet
  facet normal 0 0 -1
    outer loop
      vertex 15 -35.3 0
      vertex -30.5711 -32.825 0
      vertex -30.4756 -32.6314 0
    endloop
  endfacet
  facet normal 0 0 -1
    outer loop
      vertex 15 -35.3 0
      vertex -30.691 -33.0045 0
      vertex -30.5711 -32.825 0
    endloop
  endfacet
  facet normal 0 0 -1
    outer loop
      vertex 15 -35.3 0
      vertex -30.8333 -33.1667 0
      vertex -30.691 -33.0045 0
    endloop
  endfacet
  facet normal 0 0 -1
    outer loop
      vertex 15 -35.3 0
      vertex -30.9955 -33.309 0
      vertex -30.8333 -33.1667 0
    endloop
  endfacet
  facet normal 0 0 -1
    outer loop
      vertex 15 -35.3 0
      vertex -31.175 -33.4289 0
      vertex -30.9955 -33.309 0
    endloop
  endfacet
  facet normal 0 0 -1
    outer loop
      vertex 15 -35.3 0
      vertex -31.3686 -33.5244 0
      vertex -31.175 -33.4289 0
    endloop
  endfacet
  facet normal 0 0 -1
    outer loop
      vertex 15 -35.3 0
      vertex -31.5729 -33.5938 0
      vertex -31.3686 -33.5244 0
    endloop
  endfacet
  facet normal 0 0 -1
    outer loop
      vertex 15 -35.3 0
      vertex -31.7846 -33.6359 0
      vertex -31.5729 -33.5938 0
    endloop
  endfacet
  facet normal 0 0 -1
    outer loop
      vertex 15 -35.3 0
      vertex -32 -33.65 0
      vertex -31.7846 -33.6359 0
    endloop
  endfacet
  facet normal 0 0 -1
    outer loop
      vertex -33.5938 31.5729 0
      vertex -51.75 39 0
      vertex -33.6359 31.7846 0
    endloop
  endfacet
  facet normal 0 0 -1
    outer loop
      vertex -51.75 -35.3 0
      vertex -33.65 -32 0
      vertex -33.6359 -32.2154 0
    endloop
  endfacet
  facet normal 0 0 -1
    outer loop
      vertex -51.75 -35.3 0
      vertex -33.6359 -32.2154 0
      vertex -33.5938 -32.4271 0
    endloop
  endfacet
  facet normal 0 0 -1
    outer loop
      vertex -33.65 32 0
      vertex -51.75 39 0
      vertex -51 39.75 0
    endloop
  endfacet
  facet normal 0 0 -1
    outer loop
      vertex -51 39.75 0
      vertex -51.75 39 0
      vertex -51.0979 39.7436 0
    endloop
  endfacet
  facet normal 0 0 -1
    outer loop
      vertex -51.0979 39.7436 0
      vertex -51.75 39 0
      vertex -51.1941 39.7244 0
    endloop
  endfacet
  facet normal 0 0 -1
    outer loop
      vertex -51.1941 39.7244 0
      vertex -51.75 39 0
      vertex -51.287 39.6929 0
    endloop
  endfacet
  facet normal 0 0 -1
    outer loop
      vertex -51.287 39.6929 0
      vertex -51.75 39 0
      vertex -51.375 39.6495 0
    endloop
  endfacet
  facet normal 0 0 -1
    outer loop
      vertex -51.375 39.6495 0
      vertex -51.75 39 0
      vertex -51.4566 39.595 0
    endloop
  endfacet
  facet normal 0 0 -1
    outer loop
      vertex -51.4566 39.595 0
      vertex -51.75 39 0
      vertex -51.5303 39.5303 0
    endloop
  endfacet
  facet normal 0 0 -1
    outer loop
      vertex -51.5303 39.5303 0
      vertex -51.75 39 0
      vertex -51.595 39.4566 0
    endloop
  endfacet
  facet normal 0 0 -1
    outer loop
      vertex -51.595 39.4566 0
      vertex -51.75 39 0
      vertex -51.6495 39.375 0
    endloop
  endfacet
  facet normal 0 0 -1
    outer loop
      vertex -51.6495 39.375 0
      vertex -51.75 39 0
      vertex -51.6929 39.287 0
    endloop
  endfacet
  facet normal 0 0 -1
    outer loop
      vertex -51.6929 39.287 0
      vertex -51.75 39 0
      vertex -51.7244 39.1941 0
    endloop
  endfacet
  facet normal 0 0 -1
    outer loop
      vertex -51.75 -35.3 0
      vertex -32 -33.65 0
      vertex 15 -35.3 0
    endloop
  endfacet
  facet normal 0 0 -1
    outer loop
      vertex -51.75 -35.3 0
      vertex -32.2154 -33.6359 0
      vertex -32 -33.65 0
    endloop
  endfacet
  facet normal 0 0 -1
    outer loop
      vertex -51.75 -35.3 0
      vertex -32.4271 -33.5938 0
      vertex -32.2154 -33.6359 0
    endloop
  endfacet
  facet normal 0 0 -1
    outer loop
      vertex -51.75 -35.3 0
      vertex -32.6314 -33.5244 0
      vertex -32.4271 -33.5938 0
    endloop
  endfacet
  facet normal 0 0 -1
    outer loop
      vertex -51.75 -35.3 0
      vertex -32.825 -33.4289 0
      vertex -32.6314 -33.5244 0
    endloop
  endfacet
  facet normal 0 0 -1
    outer loop
      vertex -51.75 -35.3 0
      vertex -33.0045 -33.309 0
      vertex -32.825 -33.4289 0
    endloop
  endfacet
  facet normal 0 0 -1
    outer loop
      vertex -51.75 -35.3 0
      vertex -33.1667 -33.1667 0
      vertex -33.0045 -33.309 0
    endloop
  endfacet
  facet normal 0 0 -1
    outer loop
      vertex -51.75 -35.3 0
      vertex -33.309 -33.0045 0
      vertex -33.1667 -33.1667 0
    endloop
  endfacet
  facet normal 0 0 -1
    outer loop
      vertex -51.75 -35.3 0
      vertex -33.4289 -32.825 0
      vertex -33.309 -33.0045 0
    endloop
  endfacet
  facet normal 0 0 -1
    outer loop
      vertex -51.75 -35.3 0
      vertex -33.5244 -32.6314 0
      vertex -33.4289 -32.825 0
    endloop
  endfacet
  facet normal 0 0 -1
    outer loop
      vertex -51.75 -35.3 0
      vertex -33.5938 -32.4271 0
      vertex -33.5244 -32.6314 0
    endloop
  endfacet
  facet normal 0 0 -1
    outer loop
      vertex -33.6359 31.7846 0
      vertex -51.75 39 0
      vertex -33.65 32 0
    endloop
  endfacet
  facet normal 0 0 -1
    outer loop
      vertex -51.7244 39.1941 0
      vertex -51.75 39 0
      vertex -51.7436 39.0979 0
    endloop
  endfacet
  facet normal -1 0 0
    outer loop
      vertex -155 -39 0
      vertex -155 39 6
      vertex -155 39 0
    endloop
  endfacet
  facet normal -1 -0 0
    outer loop
      vertex -155 39 6
      vertex -155 -39 0
      vertex -155 -39 6
    endloop
  endfacet
  facet normal -0.0653771 -0.997861 0
    outer loop
      vertex -151.522 -42.9658 0
      vertex -151 -43 6
      vertex -151.522 -42.9658 6
    endloop
  endfacet
  facet normal -0.0653771 -0.997861 -0
    outer loop
      vertex -151 -43 6
      vertex -151.522 -42.9658 0
      vertex -151 -43 0
    endloop
  endfacet
  facet normal -0.751842 -0.659343 0
    outer loop
      vertex -153.828 -41.8284 0
      vertex -154.173 -41.435 6
      vertex -154.173 -41.435 0
    endloop
  endfacet
  facet normal -0.751842 -0.659343 0
    outer loop
      vertex -154.173 -41.435 6
      vertex -153.828 -41.8284 0
      vertex -153.828 -41.8284 6
    endloop
  endfacet
  facet normal -0.997886 0.064984 0
    outer loop
      vertex -155 39 0
      vertex -154.966 39.5221 6
      vertex -154.966 39.5221 0
    endloop
  endfacet
  facet normal -0.997886 0.064984 0
    outer loop
      vertex -154.966 39.5221 6
      vertex -155 39 0
      vertex -155 39 6
    endloop
  endfacet
  facet normal -0.0653771 0.997861 0
    outer loop
      vertex -151 43 0
      vertex -151.522 42.9658 6
      vertex -151 43 6
    endloop
  endfacet
  facet normal -0.0653771 0.997861 0
    outer loop
      vertex -151.522 42.9658 6
      vertex -151 43 0
      vertex -151.522 42.9658 0
    endloop
  endfacet
  facet normal -0.947026 -0.321156 0
    outer loop
      vertex -154.696 -40.5307 0
      vertex -154.864 -40.0353 6
      vertex -154.864 -40.0353 0
    endloop
  endfacet
  facet normal -0.947026 -0.321156 0
    outer loop
      vertex -154.864 -40.0353 6
      vertex -154.696 -40.5307 0
      vertex -154.696 -40.5307 6
    endloop
  endfacet
  facet normal -0.831167 0.556022 0
    outer loop
      vertex -154.464 41 0
      vertex -154.173 41.435 6
      vertex -154.173 41.435 0
    endloop
  endfacet
  facet normal -0.831167 0.556022 0
    outer loop
      vertex -154.173 41.435 6
      vertex -154.464 41 0
      vertex -154.464 41 6
    endloop
  endfacet
  facet normal -0.555626 0.831432 0
    outer loop
      vertex -153 42.4641 0
      vertex -153.435 42.1734 6
      vertex -153 42.4641 6
    endloop
  endfacet
  facet normal -0.555626 0.831432 0
    outer loop
      vertex -153.435 42.1734 6
      vertex -153 42.4641 0
      vertex -153.435 42.1734 0
    endloop
  endfacet
  facet normal -0.659722 -0.75151 0
    outer loop
      vertex -153.828 -41.8284 0
      vertex -153.435 -42.1734 6
      vertex -153.828 -41.8284 6
    endloop
  endfacet
  facet normal -0.659722 -0.75151 -0
    outer loop
      vertex -153.435 -42.1734 6
      vertex -153.828 -41.8284 0
      vertex -153.435 -42.1734 0
    endloop
  endfacet
  facet normal -0.997886 -0.064984 0
    outer loop
      vertex -154.966 -39.5221 0
      vertex -155 -39 6
      vertex -155 -39 0
    endloop
  endfacet
  facet normal -0.997886 -0.064984 0
    outer loop
      vertex -155 -39 6
      vertex -154.966 -39.5221 0
      vertex -154.966 -39.5221 6
    endloop
  endfacet
  facet normal -0.896443 0.443159 0
    outer loop
      vertex -154.696 40.5307 0
      vertex -154.464 41 6
      vertex -154.464 41 0
    endloop
  endfacet
  facet normal -0.896443 0.443159 0
    outer loop
      vertex -154.464 41 6
      vertex -154.696 40.5307 0
      vertex -154.696 40.5307 6
    endloop
  endfacet
  facet normal -0.555626 -0.831432 0
    outer loop
      vertex -153.435 -42.1734 0
      vertex -153 -42.4641 6
      vertex -153.435 -42.1734 6
    endloop
  endfacet
  facet normal -0.555626 -0.831432 -0
    outer loop
      vertex -153 -42.4641 6
      vertex -153.435 -42.1734 0
      vertex -153 -42.4641 0
    endloop
  endfacet
  facet normal -0.32115 -0.947028 0
    outer loop
      vertex -152.531 -42.6955 0
      vertex -152.035 -42.8637 6
      vertex -152.531 -42.6955 6
    endloop
  endfacet
  facet normal -0.32115 -0.947028 -0
    outer loop
      vertex -152.035 -42.8637 6
      vertex -152.531 -42.6955 0
      vertex -152.035 -42.8637 0
    endloop
  endfacet
  facet normal -0.896443 -0.443159 0
    outer loop
      vertex -154.464 -41 0
      vertex -154.696 -40.5307 6
      vertex -154.696 -40.5307 0
    endloop
  endfacet
  facet normal -0.896443 -0.443159 0
    outer loop
      vertex -154.696 -40.5307 6
      vertex -154.464 -41 0
      vertex -154.464 -41 6
    endloop
  endfacet
  facet normal -0.980815 -0.19494 0
    outer loop
      vertex -154.864 -40.0353 0
      vertex -154.966 -39.5221 6
      vertex -154.966 -39.5221 0
    endloop
  endfacet
  facet normal -0.980815 -0.19494 0
    outer loop
      vertex -154.966 -39.5221 6
      vertex -154.864 -40.0353 0
      vertex -154.864 -40.0353 6
    endloop
  endfacet
  facet normal -0.947026 0.321156 0
    outer loop
      vertex -154.864 40.0353 0
      vertex -154.696 40.5307 6
      vertex -154.696 40.5307 0
    endloop
  endfacet
  facet normal -0.947026 0.321156 0
    outer loop
      vertex -154.696 40.5307 6
      vertex -154.864 40.0353 0
      vertex -154.864 40.0353 6
    endloop
  endfacet
  facet normal -0.980815 0.19494 0
    outer loop
      vertex -154.966 39.5221 0
      vertex -154.864 40.0353 6
      vertex -154.864 40.0353 0
    endloop
  endfacet
  facet normal -0.980815 0.19494 0
    outer loop
      vertex -154.864 40.0353 6
      vertex -154.966 39.5221 0
      vertex -154.966 39.5221 6
    endloop
  endfacet
  facet normal -0.751842 0.659343 0
    outer loop
      vertex -154.173 41.435 0
      vertex -153.828 41.8284 6
      vertex -153.828 41.8284 0
    endloop
  endfacet
  facet normal -0.751842 0.659343 0
    outer loop
      vertex -153.828 41.8284 6
      vertex -154.173 41.435 0
      vertex -154.173 41.435 6
    endloop
  endfacet
  facet normal -0.32115 0.947028 0
    outer loop
      vertex -152.035 42.8637 0
      vertex -152.531 42.6955 6
      vertex -152.035 42.8637 6
    endloop
  endfacet
  facet normal -0.32115 0.947028 0
    outer loop
      vertex -152.531 42.6955 6
      vertex -152.035 42.8637 0
      vertex -152.531 42.6955 0
    endloop
  endfacet
  facet normal -0.659722 0.75151 0
    outer loop
      vertex -153.435 42.1734 0
      vertex -153.828 41.8284 6
      vertex -153.435 42.1734 6
    endloop
  endfacet
  facet normal -0.659722 0.75151 0
    outer loop
      vertex -153.828 41.8284 6
      vertex -153.435 42.1734 0
      vertex -153.828 41.8284 0
    endloop
  endfacet
  facet normal -0.442465 -0.896786 0
    outer loop
      vertex -153 -42.4641 0
      vertex -152.531 -42.6955 6
      vertex -153 -42.4641 6
    endloop
  endfacet
  facet normal -0.442465 -0.896786 -0
    outer loop
      vertex -152.531 -42.6955 6
      vertex -153 -42.4641 0
      vertex -152.531 -42.6955 0
    endloop
  endfacet
  facet normal -0.195197 -0.980764 0
    outer loop
      vertex -152.035 -42.8637 0
      vertex -151.522 -42.9658 6
      vertex -152.035 -42.8637 6
    endloop
  endfacet
  facet normal -0.195197 -0.980764 -0
    outer loop
      vertex -151.522 -42.9658 6
      vertex -152.035 -42.8637 0
      vertex -151.522 -42.9658 0
    endloop
  endfacet
  facet normal -0.831167 -0.556022 0
    outer loop
      vertex -154.173 -41.435 0
      vertex -154.464 -41 6
      vertex -154.464 -41 0
    endloop
  endfacet
  facet normal -0.831167 -0.556022 0
    outer loop
      vertex -154.464 -41 6
      vertex -154.173 -41.435 0
      vertex -154.173 -41.435 6
    endloop
  endfacet
  facet normal -0.442465 0.896786 0
    outer loop
      vertex -152.531 42.6955 0
      vertex -153 42.4641 6
      vertex -152.531 42.6955 6
    endloop
  endfacet
  facet normal -0.442465 0.896786 0
    outer loop
      vertex -153 42.4641 6
      vertex -152.531 42.6955 0
      vertex -153 42.4641 0
    endloop
  endfacet
  facet normal -0.195197 0.980764 0
    outer loop
      vertex -151.522 42.9658 0
      vertex -152.035 42.8637 6
      vertex -151.522 42.9658 6
    endloop
  endfacet
  facet normal -0.195197 0.980764 0
    outer loop
      vertex -152.035 42.8637 6
      vertex -151.522 42.9658 0
      vertex -152.035 42.8637 0
    endloop
  endfacet
  facet normal -0.065485 0.997854 0
    outer loop
      vertex 51.3459 -41.6273 0
      vertex 51 -41.65 2.2
      vertex 51.3459 -41.6273 2.2
    endloop
  endfacet
  facet normal -0.065485 0.997854 0
    outer loop
      vertex 51 -41.65 2.2
      vertex 51.3459 -41.6273 0
      vertex 51 -41.65 0
    endloop
  endfacet
  facet normal -0.195007 0.980802 0
    outer loop
      vertex 51.6859 -41.5597 0
      vertex 51.3459 -41.6273 2.2
      vertex 51.6859 -41.5597 2.2
    endloop
  endfacet
  facet normal -0.195007 0.980802 0
    outer loop
      vertex 51.3459 -41.6273 2.2
      vertex 51.6859 -41.5597 0
      vertex 51.3459 -41.6273 0
    endloop
  endfacet
  facet normal 0 0 -1
    outer loop
      vertex -53.65 39 2.2
      vertex -51.75 39 2.2
      vertex -51.75 -35.3 2.2
    endloop
  endfacet
  facet normal 0 -0 -1
    outer loop
      vertex -53.6273 39.3459 2.2
      vertex -51.75 39 2.2
      vertex -53.65 39 2.2
    endloop
  endfacet
  facet normal 0 0 -1
    outer loop
      vertex -51.75 39 2.2
      vertex -52.325 41.295 2.2
      vertex -52.0141 41.4483 2.2
    endloop
  endfacet
  facet normal 0 0 -1
    outer loop
      vertex -51.75 39 2.2
      vertex -52.6132 41.1024 2.2
      vertex -52.325 41.295 2.2
    endloop
  endfacet
  facet normal 0 0 -1
    outer loop
      vertex -51.75 39 2.2
      vertex -52.8738 40.8738 2.2
      vertex -52.6132 41.1024 2.2
    endloop
  endfacet
  facet normal 0 0 -1
    outer loop
      vertex -51.75 39 2.2
      vertex -53.1024 40.6132 2.2
      vertex -52.8738 40.8738 2.2
    endloop
  endfacet
  facet normal 0 0 -1
    outer loop
      vertex -51.75 39 2.2
      vertex -53.295 40.325 2.2
      vertex -53.1024 40.6132 2.2
    endloop
  endfacet
  facet normal 0 0 -1
    outer loop
      vertex -51.75 39 2.2
      vertex -53.4483 40.0141 2.2
      vertex -53.295 40.325 2.2
    endloop
  endfacet
  facet normal 0 0 -1
    outer loop
      vertex -51.75 39 2.2
      vertex -53.5597 39.6859 2.2
      vertex -53.4483 40.0141 2.2
    endloop
  endfacet
  facet normal 0 0 -1
    outer loop
      vertex -53.65 39 2.2
      vertex -51.75 -35.3 2.2
      vertex -53.65 -35.3 2.2
    endloop
  endfacet
  facet normal 0 0 -1
    outer loop
      vertex -51.75 39 2.2
      vertex -53.6273 39.3459 2.2
      vertex -53.5597 39.6859 2.2
    endloop
  endfacet
  facet normal 0 0 -1
    outer loop
      vertex 51.75 -39 2.2
      vertex 53.65 -39 2.2
      vertex 53.6273 -39.3459 2.2
    endloop
  endfacet
  facet normal 0 0 -1
    outer loop
      vertex 53.65 -39 2.2
      vertex 51.75 -39 2.2
      vertex 53.65 39 2.2
    endloop
  endfacet
  facet normal 0 0 -1
    outer loop
      vertex 51.7436 -39.0979 2.2
      vertex 53.6273 -39.3459 2.2
      vertex 53.5597 -39.6859 2.2
    endloop
  endfacet
  facet normal 0 0 -1
    outer loop
      vertex 51.75 39 2.2
      vertex 53.65 39 2.2
      vertex 51.75 -39 2.2
    endloop
  endfacet
  facet normal 0 0 -1
    outer loop
      vertex 51.7244 -39.1941 2.2
      vertex 53.5597 -39.6859 2.2
      vertex 53.4483 -40.0141 2.2
    endloop
  endfacet
  facet normal 0 0 -1
    outer loop
      vertex 53.65 39 2.2
      vertex 51.75 39 2.2
      vertex 53.6273 39.3459 2.2
    endloop
  endfacet
  facet normal 0 0 -1
    outer loop
      vertex 51.6929 -39.287 2.2
      vertex 53.4483 -40.0141 2.2
      vertex 53.295 -40.325 2.2
    endloop
  endfacet
  facet normal 0 0 -1
    outer loop
      vertex 51.7436 39.0979 2.2
      vertex 53.6273 39.3459 2.2
      vertex 51.75 39 2.2
    endloop
  endfacet
  facet normal 0 0 -1
    outer loop
      vertex 51.6495 -39.375 2.2
      vertex 53.295 -40.325 2.2
      vertex 53.1024 -40.6132 2.2
    endloop
  endfacet
  facet normal -0 0 -1
    outer loop
      vertex 53.6273 39.3459 2.2
      vertex 51.7436 39.0979 2.2
      vertex 53.5597 39.6859 2.2
    endloop
  endfacet
  facet normal 0 0 -1
    outer loop
      vertex 51.595 -39.4566 2.2
      vertex 53.1024 -40.6132 2.2
      vertex 52.8738 -40.8738 2.2
    endloop
  endfacet
  facet normal 0 0 -1
    outer loop
      vertex 51.7244 39.1941 2.2
      vertex 53.5597 39.6859 2.2
      vertex 51.7436 39.0979 2.2
    endloop
  endfacet
  facet normal 0 0 -1
    outer loop
      vertex 51.5303 -39.5303 2.2
      vertex 52.8738 -40.8738 2.2
      vertex 52.6132 -41.1024 2.2
    endloop
  endfacet
  facet normal -0 0 -1
    outer loop
      vertex 53.5597 39.6859 2.2
      vertex 51.7244 39.1941 2.2
      vertex 53.4483 40.0141 2.2
    endloop
  endfacet
  facet normal 0 0 -1
    outer loop
      vertex 51.4566 -39.595 2.2
      vertex 52.6132 -41.1024 2.2
      vertex 52.325 -41.295 2.2
    endloop
  endfacet
  facet normal 0 0 -1
    outer loop
      vertex 51.6929 39.287 2.2
      vertex 53.4483 40.0141 2.2
      vertex 51.7244 39.1941 2.2
    endloop
  endfacet
  facet normal 0 0 -1
    outer loop
      vertex 51.375 -39.6495 2.2
      vertex 52.325 -41.295 2.2
      vertex 52.0141 -41.4483 2.2
    endloop
  endfacet
  facet normal -0 0 -1
    outer loop
      vertex 53.4483 40.0141 2.2
      vertex 51.6929 39.287 2.2
      vertex 53.295 40.325 2.2
    endloop
  endfacet
  facet normal 0 0 -1
    outer loop
      vertex 51.6495 39.375 2.2
      vertex 53.295 40.325 2.2
      vertex 51.6929 39.287 2.2
    endloop
  endfacet
  facet normal 0 0 -1
    outer loop
      vertex 53.6273 -39.3459 2.2
      vertex 51.7436 -39.0979 2.2
      vertex 51.75 -39 2.2
    endloop
  endfacet
  facet normal 0 0 -1
    outer loop
      vertex 53.5597 -39.6859 2.2
      vertex 51.7244 -39.1941 2.2
      vertex 51.7436 -39.0979 2.2
    endloop
  endfacet
  facet normal 0 0 -1
    outer loop
      vertex 53.4483 -40.0141 2.2
      vertex 51.6929 -39.287 2.2
      vertex 51.7244 -39.1941 2.2
    endloop
  endfacet
  facet normal 0 0 -1
    outer loop
      vertex 51.287 -39.6929 2.2
      vertex 52.0141 -41.4483 2.2
      vertex 51.6859 -41.5597 2.2
    endloop
  endfacet
  facet normal 0 0 -1
    outer loop
      vertex 53.295 -40.325 2.2
      vertex 51.6495 -39.375 2.2
      vertex 51.6929 -39.287 2.2
    endloop
  endfacet
  facet normal 0 0 -1
    outer loop
      vertex 53.1024 -40.6132 2.2
      vertex 51.595 -39.4566 2.2
      vertex 51.6495 -39.375 2.2
    endloop
  endfacet
  facet normal 0 0 -1
    outer loop
      vertex 52.8738 -40.8738 2.2
      vertex 51.5303 -39.5303 2.2
      vertex 51.595 -39.4566 2.2
    endloop
  endfacet
  facet normal 0 0 -1
    outer loop
      vertex 52.6132 -41.1024 2.2
      vertex 51.4566 -39.595 2.2
      vertex 51.5303 -39.5303 2.2
    endloop
  endfacet
  facet normal 0 0 -1
    outer loop
      vertex 52.325 -41.295 2.2
      vertex 51.375 -39.6495 2.2
      vertex 51.4566 -39.595 2.2
    endloop
  endfacet
  facet normal 0 0 -1
    outer loop
      vertex 51.1941 -39.7244 2.2
      vertex 51.6859 -41.5597 2.2
      vertex 51.3459 -41.6273 2.2
    endloop
  endfacet
  facet normal 0 0 -1
    outer loop
      vertex 52.0141 -41.4483 2.2
      vertex 51.287 -39.6929 2.2
      vertex 51.375 -39.6495 2.2
    endloop
  endfacet
  facet normal 0 0 -1
    outer loop
      vertex 51.6859 -41.5597 2.2
      vertex 51.1941 -39.7244 2.2
      vertex 51.287 -39.6929 2.2
    endloop
  endfacet
  facet normal 0 0 -1
    outer loop
      vertex 51.3459 -41.6273 2.2
      vertex 51.0979 -39.7436 2.2
      vertex 51.1941 -39.7244 2.2
    endloop
  endfacet
  facet normal 0 0 -1
    outer loop
      vertex 51 -41.65 2.2
      vertex 51.0979 -39.7436 2.2
      vertex 51.3459 -41.6273 2.2
    endloop
  endfacet
  facet normal 0 0 -1
    outer loop
      vertex 51 -41.65 2.2
      vertex 51 -39.75 2.2
      vertex 51.0979 -39.7436 2.2
    endloop
  endfacet
  facet normal 0 0 -1
    outer loop
      vertex -51 -41.65 2.2
      vertex 51 -39.75 2.2
      vertex 51 -41.65 2.2
    endloop
  endfacet
  facet normal 0 0 -1
    outer loop
      vertex -51 -41.65 2.2
      vertex -51 -39.75 2.2
      vertex 51 -39.75 2.2
    endloop
  endfacet
  facet normal 0 0 -1
    outer loop
      vertex -51 -41.65 2.2
      vertex -51.0979 -39.7436 2.2
      vertex -51 -39.75 2.2
    endloop
  endfacet
  facet normal 0 0 -1
    outer loop
      vertex -51.3459 -41.6273 2.2
      vertex -51.0979 -39.7436 2.2
      vertex -51 -41.65 2.2
    endloop
  endfacet
  facet normal -0 0 -1
    outer loop
      vertex -51.0979 -39.7436 2.2
      vertex -51.3459 -41.6273 2.2
      vertex -51.1941 -39.7244 2.2
    endloop
  endfacet
  facet normal 0 0 -1
    outer loop
      vertex -51.6859 -41.5597 2.2
      vertex -51.1941 -39.7244 2.2
      vertex -51.3459 -41.6273 2.2
    endloop
  endfacet
  facet normal -0 0 -1
    outer loop
      vertex -51.1941 -39.7244 2.2
      vertex -51.6859 -41.5597 2.2
      vertex -51.287 -39.6929 2.2
    endloop
  endfacet
  facet normal 0 0 -1
    outer loop
      vertex -52.0141 -41.4483 2.2
      vertex -51.287 -39.6929 2.2
      vertex -51.6859 -41.5597 2.2
    endloop
  endfacet
  facet normal -0 0 -1
    outer loop
      vertex -51.287 -39.6929 2.2
      vertex -52.0141 -41.4483 2.2
      vertex -51.375 -39.6495 2.2
    endloop
  endfacet
  facet normal 0 0 -1
    outer loop
      vertex -52.325 -41.295 2.2
      vertex -51.375 -39.6495 2.2
      vertex -52.0141 -41.4483 2.2
    endloop
  endfacet
  facet normal -0 0 -1
    outer loop
      vertex -51.375 -39.6495 2.2
      vertex -52.325 -41.295 2.2
      vertex -51.4566 -39.595 2.2
    endloop
  endfacet
  facet normal 0 0 -1
    outer loop
      vertex -52.6132 -41.1024 2.2
      vertex -51.4566 -39.595 2.2
      vertex -52.325 -41.295 2.2
    endloop
  endfacet
  facet normal -0 0 -1
    outer loop
      vertex -51.4566 -39.595 2.2
      vertex -52.6132 -41.1024 2.2
      vertex -51.5303 -39.5303 2.2
    endloop
  endfacet
  facet normal 0 0 -1
    outer loop
      vertex -52.8738 -40.8738 2.2
      vertex -51.5303 -39.5303 2.2
      vertex -52.6132 -41.1024 2.2
    endloop
  endfacet
  facet normal -0 0 -1
    outer loop
      vertex -51.5303 -39.5303 2.2
      vertex -52.8738 -40.8738 2.2
      vertex -51.595 -39.4566 2.2
    endloop
  endfacet
  facet normal 0 0 -1
    outer loop
      vertex -53.1024 -40.6132 2.2
      vertex -51.595 -39.4566 2.2
      vertex -52.8738 -40.8738 2.2
    endloop
  endfacet
  facet normal -0 0 -1
    outer loop
      vertex -51.595 -39.4566 2.2
      vertex -53.1024 -40.6132 2.2
      vertex -51.6495 -39.375 2.2
    endloop
  endfacet
  facet normal 0 0 -1
    outer loop
      vertex -53.295 -40.325 2.2
      vertex -51.6495 -39.375 2.2
      vertex -53.1024 -40.6132 2.2
    endloop
  endfacet
  facet normal -0 0 -1
    outer loop
      vertex -51.6495 -39.375 2.2
      vertex -53.295 -40.325 2.2
      vertex -51.6929 -39.287 2.2
    endloop
  endfacet
  facet normal 0 0 -1
    outer loop
      vertex -53.4483 -40.0141 2.2
      vertex -51.6929 -39.287 2.2
      vertex -53.295 -40.325 2.2
    endloop
  endfacet
  facet normal -0 0 -1
    outer loop
      vertex -51.6929 -39.287 2.2
      vertex -53.4483 -40.0141 2.2
      vertex -51.7244 -39.1941 2.2
    endloop
  endfacet
  facet normal 0 0 -1
    outer loop
      vertex -53.5597 -39.6859 2.2
      vertex -51.7244 -39.1941 2.2
      vertex -53.4483 -40.0141 2.2
    endloop
  endfacet
  facet normal -0 0 -1
    outer loop
      vertex -51.7244 -39.1941 2.2
      vertex -53.5597 -39.6859 2.2
      vertex -51.7436 -39.0979 2.2
    endloop
  endfacet
  facet normal 0 0 -1
    outer loop
      vertex -53.6273 -39.3459 2.2
      vertex -51.7436 -39.0979 2.2
      vertex -53.5597 -39.6859 2.2
    endloop
  endfacet
  facet normal -0 0 -1
    outer loop
      vertex -51.7436 -39.0979 2.2
      vertex -53.6273 -39.3459 2.2
      vertex -51.75 -39 2.2
    endloop
  endfacet
  facet normal 0 0 -1
    outer loop
      vertex -53.65 -39 2.2
      vertex -51.75 -39 2.2
      vertex -53.6273 -39.3459 2.2
    endloop
  endfacet
  facet normal 0 0 -1
    outer loop
      vertex -51.75 -39 2.2
      vertex -53.65 -39 2.2
      vertex -51.75 -38.7 2.2
    endloop
  endfacet
  facet normal -0 0 -1
    outer loop
      vertex -51.75 -38.7 2.2
      vertex -53.65 -39 2.2
      vertex -53.65 -38.7 2.2
    endloop
  endfacet
  facet normal -0 0 -1
    outer loop
      vertex 53.295 40.325 2.2
      vertex 51.6495 39.375 2.2
      vertex 53.1024 40.6132 2.2
    endloop
  endfacet
  facet normal 0 0 -1
    outer loop
      vertex 51.595 39.4566 2.2
      vertex 53.1024 40.6132 2.2
      vertex 51.6495 39.375 2.2
    endloop
  endfacet
  facet normal -0 0 -1
    outer loop
      vertex 53.1024 40.6132 2.2
      vertex 51.595 39.4566 2.2
      vertex 52.8738 40.8738 2.2
    endloop
  endfacet
  facet normal 0 0 -1
    outer loop
      vertex 51.5303 39.5303 2.2
      vertex 52.8738 40.8738 2.2
      vertex 51.595 39.4566 2.2
    endloop
  endfacet
  facet normal -0 0 -1
    outer loop
      vertex 52.8738 40.8738 2.2
      vertex 51.5303 39.5303 2.2
      vertex 52.6132 41.1024 2.2
    endloop
  endfacet
  facet normal 0 0 -1
    outer loop
      vertex 51.4566 39.595 2.2
      vertex 52.6132 41.1024 2.2
      vertex 51.5303 39.5303 2.2
    endloop
  endfacet
  facet normal -0 0 -1
    outer loop
      vertex 52.6132 41.1024 2.2
      vertex 51.4566 39.595 2.2
      vertex 52.325 41.295 2.2
    endloop
  endfacet
  facet normal 0 0 -1
    outer loop
      vertex 51.375 39.6495 2.2
      vertex 52.325 41.295 2.2
      vertex 51.4566 39.595 2.2
    endloop
  endfacet
  facet normal -0 0 -1
    outer loop
      vertex 52.325 41.295 2.2
      vertex 51.375 39.6495 2.2
      vertex 52.0141 41.4483 2.2
    endloop
  endfacet
  facet normal 0 0 -1
    outer loop
      vertex 51.287 39.6929 2.2
      vertex 52.0141 41.4483 2.2
      vertex 51.375 39.6495 2.2
    endloop
  endfacet
  facet normal -0 0 -1
    outer loop
      vertex 52.0141 41.4483 2.2
      vertex 51.287 39.6929 2.2
      vertex 51.6859 41.5597 2.2
    endloop
  endfacet
  facet normal 0 0 -1
    outer loop
      vertex 51.1941 39.7244 2.2
      vertex 51.6859 41.5597 2.2
      vertex 51.287 39.6929 2.2
    endloop
  endfacet
  facet normal -0 0 -1
    outer loop
      vertex 51.6859 41.5597 2.2
      vertex 51.1941 39.7244 2.2
      vertex 51.3459 41.6273 2.2
    endloop
  endfacet
  facet normal 0 0 -1
    outer loop
      vertex 51.0979 39.7436 2.2
      vertex 51.3459 41.6273 2.2
      vertex 51.1941 39.7244 2.2
    endloop
  endfacet
  facet normal 0 0 -1
    outer loop
      vertex 51 39.75 2.2
      vertex 51.3459 41.6273 2.2
      vertex 51.0979 39.7436 2.2
    endloop
  endfacet
  facet normal 0 0 -1
    outer loop
      vertex 51 39.75 2.2
      vertex 51 41.65 2.2
      vertex 51.3459 41.6273 2.2
    endloop
  endfacet
  facet normal 0 0 -1
    outer loop
      vertex -51 39.75 2.2
      vertex 51 41.65 2.2
      vertex 51 39.75 2.2
    endloop
  endfacet
  facet normal 0 0 -1
    outer loop
      vertex -51 39.75 2.2
      vertex -51 41.65 2.2
      vertex 51 41.65 2.2
    endloop
  endfacet
  facet normal 0 0 -1
    outer loop
      vertex -51.0979 39.7436 2.2
      vertex -51 41.65 2.2
      vertex -51 39.75 2.2
    endloop
  endfacet
  facet normal 0 0 -1
    outer loop
      vertex -51.3459 41.6273 2.2
      vertex -51.0979 39.7436 2.2
      vertex -51.1941 39.7244 2.2
    endloop
  endfacet
  facet normal 0 0 -1
    outer loop
      vertex -51.6859 41.5597 2.2
      vertex -51.1941 39.7244 2.2
      vertex -51.287 39.6929 2.2
    endloop
  endfacet
  facet normal 0 0 -1
    outer loop
      vertex -51.0979 39.7436 2.2
      vertex -51.3459 41.6273 2.2
      vertex -51 41.65 2.2
    endloop
  endfacet
  facet normal 0 0 -1
    outer loop
      vertex -52.0141 41.4483 2.2
      vertex -51.287 39.6929 2.2
      vertex -51.375 39.6495 2.2
    endloop
  endfacet
  facet normal 0 0 -1
    outer loop
      vertex -52.0141 41.4483 2.2
      vertex -51.375 39.6495 2.2
      vertex -51.4566 39.595 2.2
    endloop
  endfacet
  facet normal 0 0 -1
    outer loop
      vertex -52.0141 41.4483 2.2
      vertex -51.4566 39.595 2.2
      vertex -51.5303 39.5303 2.2
    endloop
  endfacet
  facet normal 0 0 -1
    outer loop
      vertex -52.0141 41.4483 2.2
      vertex -51.5303 39.5303 2.2
      vertex -51.595 39.4566 2.2
    endloop
  endfacet
  facet normal 0 0 -1
    outer loop
      vertex -52.0141 41.4483 2.2
      vertex -51.595 39.4566 2.2
      vertex -51.6495 39.375 2.2
    endloop
  endfacet
  facet normal 0 0 -1
    outer loop
      vertex -51.1941 39.7244 2.2
      vertex -51.6859 41.5597 2.2
      vertex -51.3459 41.6273 2.2
    endloop
  endfacet
  facet normal 0 0 -1
    outer loop
      vertex -52.0141 41.4483 2.2
      vertex -51.6495 39.375 2.2
      vertex -51.6929 39.287 2.2
    endloop
  endfacet
  facet normal 0 0 -1
    outer loop
      vertex -52.0141 41.4483 2.2
      vertex -51.6929 39.287 2.2
      vertex -51.7244 39.1941 2.2
    endloop
  endfacet
  facet normal 0 0 -1
    outer loop
      vertex -52.0141 41.4483 2.2
      vertex -51.7244 39.1941 2.2
      vertex -51.7436 39.0979 2.2
    endloop
  endfacet
  facet normal 0 0 -1
    outer loop
      vertex -52.0141 41.4483 2.2
      vertex -51.7436 39.0979 2.2
      vertex -51.75 39 2.2
    endloop
  endfacet
  facet normal 0 0 -1
    outer loop
      vertex -51.287 39.6929 2.2
      vertex -52.0141 41.4483 2.2
      vertex -51.6859 41.5597 2.2
    endloop
  endfacet
  facet normal 0.065485 -0.997854 0
    outer loop
      vertex -51.3459 41.6273 0
      vertex -51 41.65 2.2
      vertex -51.3459 41.6273 2.2
    endloop
  endfacet
  facet normal 0.065485 -0.997854 0
    outer loop
      vertex -51 41.65 2.2
      vertex -51.3459 41.6273 0
      vertex -51 41.65 0
    endloop
  endfacet
  facet normal 0.555632 0.831428 -0
    outer loop
      vertex -52.325 -41.295 0
      vertex -52.6132 -41.1024 2.2
      vertex -52.325 -41.295 2.2
    endloop
  endfacet
  facet normal 0.555632 0.831428 0
    outer loop
      vertex -52.6132 -41.1024 2.2
      vertex -52.325 -41.295 0
      vertex -52.6132 -41.1024 0
    endloop
  endfacet
  facet normal -0.065485 -0.997854 0
    outer loop
      vertex 51 41.65 0
      vertex 51.3459 41.6273 2.2
      vertex 51 41.65 2.2
    endloop
  endfacet
  facet normal -0.065485 -0.997854 -0
    outer loop
      vertex 51.3459 41.6273 2.2
      vertex 51 41.65 0
      vertex 51.3459 41.6273 0
    endloop
  endfacet
  facet normal 0.659444 -0.751754 0
    outer loop
      vertex -52.8738 40.8738 0
      vertex -52.6132 41.1024 2.2
      vertex -52.8738 40.8738 2.2
    endloop
  endfacet
  facet normal 0.659444 -0.751754 0
    outer loop
      vertex -52.6132 41.1024 2.2
      vertex -52.8738 40.8738 0
      vertex -52.6132 41.1024 0
    endloop
  endfacet
  facet normal 0.659444 0.751754 -0
    outer loop
      vertex -52.6132 -41.1024 0
      vertex -52.8738 -40.8738 2.2
      vertex -52.6132 -41.1024 2.2
    endloop
  endfacet
  facet normal 0.659444 0.751754 0
    outer loop
      vertex -52.8738 -40.8738 2.2
      vertex -52.6132 -41.1024 0
      vertex -52.8738 -40.8738 0
    endloop
  endfacet
  facet normal 0 1 -0
    outer loop
      vertex 51 -41.65 0
      vertex -51 -41.65 2.2
      vertex 51 -41.65 2.2
    endloop
  endfacet
  facet normal 0 1 0
    outer loop
      vertex -51 -41.65 2.2
      vertex 51 -41.65 0
      vertex -51 -41.65 0
    endloop
  endfacet
  facet normal 0 -1 0
    outer loop
      vertex -51 41.65 0
      vertex 51 41.65 2.2
      vertex -51 41.65 2.2
    endloop
  endfacet
  facet normal 0 -1 -0
    outer loop
      vertex 51 41.65 2.2
      vertex -51 41.65 0
      vertex 51 41.65 0
    endloop
  endfacet
  facet normal 0.442245 -0.896894 0
    outer loop
      vertex -52.325 41.295 0
      vertex -52.0141 41.4483 2.2
      vertex -52.325 41.295 2.2
    endloop
  endfacet
  facet normal 0.442245 -0.896894 0
    outer loop
      vertex -52.0141 41.4483 2.2
      vertex -52.325 41.295 0
      vertex -52.0141 41.4483 0
    endloop
  endfacet
  facet normal 1 -0 0
    outer loop
      vertex -53.65 -35.3 2.2
      vertex -53.65 39 0
      vertex -53.65 39 2.2
    endloop
  endfacet
  facet normal 1 0 0
    outer loop
      vertex -53.65 39 0
      vertex -53.65 -35.3 2.2
      vertex -53.65 -35.3 0
    endloop
  endfacet
  facet normal 1 -0 0
    outer loop
      vertex -53.65 -39 2.2
      vertex -53.65 -38.7 0
      vertex -53.65 -38.7 2.2
    endloop
  endfacet
  facet normal 1 0 0
    outer loop
      vertex -53.65 -38.7 0
      vertex -53.65 -39 2.2
      vertex -53.65 -39 0
    endloop
  endfacet
  facet normal 0.321416 0.946938 -0
    outer loop
      vertex -51.6859 -41.5597 0
      vertex -52.0141 -41.4483 2.2
      vertex -51.6859 -41.5597 2.2
    endloop
  endfacet
  facet normal 0.321416 0.946938 0
    outer loop
      vertex -52.0141 -41.4483 2.2
      vertex -51.6859 -41.5597 0
      vertex -52.0141 -41.4483 0
    endloop
  endfacet
  facet normal -1 0 0
    outer loop
      vertex 53.65 -39 0
      vertex 53.65 39 2.2
      vertex 53.65 39 0
    endloop
  endfacet
  facet normal -1 -0 0
    outer loop
      vertex 53.65 39 2.2
      vertex 53.65 -39 0
      vertex 53.65 -39 2.2
    endloop
  endfacet
  facet normal -0.659444 -0.751754 0
    outer loop
      vertex 52.6132 41.1024 0
      vertex 52.8738 40.8738 2.2
      vertex 52.6132 41.1024 2.2
    endloop
  endfacet
  facet normal -0.659444 -0.751754 -0
    outer loop
      vertex 52.8738 40.8738 2.2
      vertex 52.6132 41.1024 0
      vertex 52.8738 40.8738 0
    endloop
  endfacet
  facet normal 0.997854 -0.065485 0
    outer loop
      vertex -53.65 39 2.2
      vertex -53.6273 39.3459 0
      vertex -53.6273 39.3459 2.2
    endloop
  endfacet
  facet normal 0.997854 -0.065485 0
    outer loop
      vertex -53.6273 39.3459 0
      vertex -53.65 39 2.2
      vertex -53.65 39 0
    endloop
  endfacet
  facet normal 0.997854 0.065485 0
    outer loop
      vertex -53.6273 -39.3459 2.2
      vertex -53.65 -39 0
      vertex -53.65 -39 2.2
    endloop
  endfacet
  facet normal 0.997854 0.065485 0
    outer loop
      vertex -53.65 -39 0
      vertex -53.6273 -39.3459 2.2
      vertex -53.6273 -39.3459 0
    endloop
  endfacet
  facet normal 0.065485 0.997854 -0
    outer loop
      vertex -51 -41.65 0
      vertex -51.3459 -41.6273 2.2
      vertex -51 -41.65 2.2
    endloop
  endfacet
  facet normal 0.065485 0.997854 0
    outer loop
      vertex -51.3459 -41.6273 2.2
      vertex -51 -41.65 0
      vertex -51.3459 -41.6273 0
    endloop
  endfacet
  facet normal -0.321416 0.946938 0
    outer loop
      vertex 52.0141 -41.4483 0
      vertex 51.6859 -41.5597 2.2
      vertex 52.0141 -41.4483 2.2
    endloop
  endfacet
  facet normal -0.321416 0.946938 0
    outer loop
      vertex 51.6859 -41.5597 2.2
      vertex 52.0141 -41.4483 0
      vertex 51.6859 -41.5597 0
    endloop
  endfacet
  facet normal -0.321416 -0.946938 0
    outer loop
      vertex 51.6859 41.5597 0
      vertex 52.0141 41.4483 2.2
      vertex 51.6859 41.5597 2.2
    endloop
  endfacet
  facet normal -0.321416 -0.946938 -0
    outer loop
      vertex 52.0141 41.4483 2.2
      vertex 51.6859 41.5597 0
      vertex 52.0141 41.4483 0
    endloop
  endfacet
  facet normal -0.442245 -0.896894 0
    outer loop
      vertex 52.0141 41.4483 0
      vertex 52.325 41.295 2.2
      vertex 52.0141 41.4483 2.2
    endloop
  endfacet
  facet normal -0.442245 -0.896894 -0
    outer loop
      vertex 52.325 41.295 2.2
      vertex 52.0141 41.4483 0
      vertex 52.325 41.295 0
    endloop
  endfacet
  facet normal -0.555632 -0.831428 0
    outer loop
      vertex 52.325 41.295 0
      vertex 52.6132 41.1024 2.2
      vertex 52.325 41.295 2.2
    endloop
  endfacet
  facet normal -0.555632 -0.831428 -0
    outer loop
      vertex 52.6132 41.1024 2.2
      vertex 52.325 41.295 0
      vertex 52.6132 41.1024 0
    endloop
  endfacet
  facet normal 0.555632 -0.831428 0
    outer loop
      vertex -52.6132 41.1024 0
      vertex -52.325 41.295 2.2
      vertex -52.6132 41.1024 2.2
    endloop
  endfacet
  facet normal 0.555632 -0.831428 0
    outer loop
      vertex -52.325 41.295 2.2
      vertex -52.6132 41.1024 0
      vertex -52.325 41.295 0
    endloop
  endfacet
  facet normal 0.946938 -0.321416 0
    outer loop
      vertex -53.5597 39.6859 2.2
      vertex -53.4483 40.0141 0
      vertex -53.4483 40.0141 2.2
    endloop
  endfacet
  facet normal 0.946938 -0.321416 0
    outer loop
      vertex -53.4483 40.0141 0
      vertex -53.5597 39.6859 2.2
      vertex -53.5597 39.6859 0
    endloop
  endfacet
  facet normal 0.980802 -0.195007 0
    outer loop
      vertex -53.6273 39.3459 2.2
      vertex -53.5597 39.6859 0
      vertex -53.5597 39.6859 2.2
    endloop
  endfacet
  facet normal 0.980802 -0.195007 0
    outer loop
      vertex -53.5597 39.6859 0
      vertex -53.6273 39.3459 2.2
      vertex -53.6273 39.3459 0
    endloop
  endfacet
  facet normal 0.442245 0.896894 -0
    outer loop
      vertex -52.0141 -41.4483 0
      vertex -52.325 -41.295 2.2
      vertex -52.0141 -41.4483 2.2
    endloop
  endfacet
  facet normal 0.442245 0.896894 0
    outer loop
      vertex -52.325 -41.295 2.2
      vertex -52.0141 -41.4483 0
      vertex -52.325 -41.295 0
    endloop
  endfacet
  facet normal 0.751754 0.659444 0
    outer loop
      vertex -52.8738 -40.8738 2.2
      vertex -53.1024 -40.6132 0
      vertex -53.1024 -40.6132 2.2
    endloop
  endfacet
  facet normal 0.751754 0.659444 0
    outer loop
      vertex -53.1024 -40.6132 0
      vertex -52.8738 -40.8738 2.2
      vertex -52.8738 -40.8738 0
    endloop
  endfacet
  facet normal 0.896894 0.442245 0
    outer loop
      vertex -53.295 -40.325 2.2
      vertex -53.4483 -40.0141 0
      vertex -53.4483 -40.0141 2.2
    endloop
  endfacet
  facet normal 0.896894 0.442245 0
    outer loop
      vertex -53.4483 -40.0141 0
      vertex -53.295 -40.325 2.2
      vertex -53.295 -40.325 0
    endloop
  endfacet
  facet normal 0.195007 0.980802 -0
    outer loop
      vertex -51.3459 -41.6273 0
      vertex -51.6859 -41.5597 2.2
      vertex -51.3459 -41.6273 2.2
    endloop
  endfacet
  facet normal 0.195007 0.980802 0
    outer loop
      vertex -51.6859 -41.5597 2.2
      vertex -51.3459 -41.6273 0
      vertex -51.6859 -41.5597 0
    endloop
  endfacet
  facet normal -0.195007 -0.980802 0
    outer loop
      vertex 51.3459 41.6273 0
      vertex 51.6859 41.5597 2.2
      vertex 51.3459 41.6273 2.2
    endloop
  endfacet
  facet normal -0.195007 -0.980802 -0
    outer loop
      vertex 51.6859 41.5597 2.2
      vertex 51.3459 41.6273 0
      vertex 51.6859 41.5597 0
    endloop
  endfacet
  facet normal 0.896894 -0.442245 0
    outer loop
      vertex -53.4483 40.0141 2.2
      vertex -53.295 40.325 0
      vertex -53.295 40.325 2.2
    endloop
  endfacet
  facet normal 0.896894 -0.442245 0
    outer loop
      vertex -53.295 40.325 0
      vertex -53.4483 40.0141 2.2
      vertex -53.4483 40.0141 0
    endloop
  endfacet
  facet normal 0.831428 0.555632 0
    outer loop
      vertex -53.1024 -40.6132 2.2
      vertex -53.295 -40.325 0
      vertex -53.295 -40.325 2.2
    endloop
  endfacet
  facet normal 0.831428 0.555632 0
    outer loop
      vertex -53.295 -40.325 0
      vertex -53.1024 -40.6132 2.2
      vertex -53.1024 -40.6132 0
    endloop
  endfacet
  facet normal 0.980802 0.195007 0
    outer loop
      vertex -53.5597 -39.6859 2.2
      vertex -53.6273 -39.3459 0
      vertex -53.6273 -39.3459 2.2
    endloop
  endfacet
  facet normal 0.980802 0.195007 0
    outer loop
      vertex -53.6273 -39.3459 0
      vertex -53.5597 -39.6859 2.2
      vertex -53.5597 -39.6859 0
    endloop
  endfacet
  facet normal -0.997854 -0.065485 0
    outer loop
      vertex 53.65 39 0
      vertex 53.6273 39.3459 2.2
      vertex 53.6273 39.3459 0
    endloop
  endfacet
  facet normal -0.997854 -0.065485 0
    outer loop
      vertex 53.6273 39.3459 2.2
      vertex 53.65 39 0
      vertex 53.65 39 2.2
    endloop
  endfacet
  facet normal -0.946938 -0.321416 0
    outer loop
      vertex 53.5597 39.6859 0
      vertex 53.4483 40.0141 2.2
      vertex 53.4483 40.0141 0
    endloop
  endfacet
  facet normal -0.946938 -0.321416 0
    outer loop
      vertex 53.4483 40.0141 2.2
      vertex 53.5597 39.6859 0
      vertex 53.5597 39.6859 2.2
    endloop
  endfacet
  facet normal -0.831428 0.555632 0
    outer loop
      vertex 53.1024 -40.6132 0
      vertex 53.295 -40.325 2.2
      vertex 53.295 -40.325 0
    endloop
  endfacet
  facet normal -0.831428 0.555632 0
    outer loop
      vertex 53.295 -40.325 2.2
      vertex 53.1024 -40.6132 0
      vertex 53.1024 -40.6132 2.2
    endloop
  endfacet
  facet normal -0.751754 0.659444 0
    outer loop
      vertex 52.8738 -40.8738 0
      vertex 53.1024 -40.6132 2.2
      vertex 53.1024 -40.6132 0
    endloop
  endfacet
  facet normal -0.751754 0.659444 0
    outer loop
      vertex 53.1024 -40.6132 2.2
      vertex 52.8738 -40.8738 0
      vertex 52.8738 -40.8738 2.2
    endloop
  endfacet
  facet normal -0.442245 0.896894 0
    outer loop
      vertex 52.325 -41.295 0
      vertex 52.0141 -41.4483 2.2
      vertex 52.325 -41.295 2.2
    endloop
  endfacet
  facet normal -0.442245 0.896894 0
    outer loop
      vertex 52.0141 -41.4483 2.2
      vertex 52.325 -41.295 0
      vertex 52.0141 -41.4483 0
    endloop
  endfacet
  facet normal -0.659444 0.751754 0
    outer loop
      vertex 52.8738 -40.8738 0
      vertex 52.6132 -41.1024 2.2
      vertex 52.8738 -40.8738 2.2
    endloop
  endfacet
  facet normal -0.659444 0.751754 0
    outer loop
      vertex 52.6132 -41.1024 2.2
      vertex 52.8738 -40.8738 0
      vertex 52.6132 -41.1024 0
    endloop
  endfacet
  facet normal 0.751754 -0.659444 0
    outer loop
      vertex -53.1024 40.6132 2.2
      vertex -52.8738 40.8738 0
      vertex -52.8738 40.8738 2.2
    endloop
  endfacet
  facet normal 0.751754 -0.659444 0
    outer loop
      vertex -52.8738 40.8738 0
      vertex -53.1024 40.6132 2.2
      vertex -53.1024 40.6132 0
    endloop
  endfacet
  facet normal 0.831428 -0.555632 0
    outer loop
      vertex -53.295 40.325 2.2
      vertex -53.1024 40.6132 0
      vertex -53.1024 40.6132 2.2
    endloop
  endfacet
  facet normal 0.831428 -0.555632 0
    outer loop
      vertex -53.1024 40.6132 0
      vertex -53.295 40.325 2.2
      vertex -53.295 40.325 0
    endloop
  endfacet
  facet normal 0.946938 0.321416 0
    outer loop
      vertex -53.4483 -40.0141 2.2
      vertex -53.5597 -39.6859 0
      vertex -53.5597 -39.6859 2.2
    endloop
  endfacet
  facet normal 0.946938 0.321416 0
    outer loop
      vertex -53.5597 -39.6859 0
      vertex -53.4483 -40.0141 2.2
      vertex -53.4483 -40.0141 0
    endloop
  endfacet
  facet normal -0.751754 -0.659444 0
    outer loop
      vertex 53.1024 40.6132 0
      vertex 52.8738 40.8738 2.2
      vertex 52.8738 40.8738 0
    endloop
  endfacet
  facet normal -0.751754 -0.659444 0
    outer loop
      vertex 52.8738 40.8738 2.2
      vertex 53.1024 40.6132 0
      vertex 53.1024 40.6132 2.2
    endloop
  endfacet
  facet normal -0.831428 -0.555632 0
    outer loop
      vertex 53.295 40.325 0
      vertex 53.1024 40.6132 2.2
      vertex 53.1024 40.6132 0
    endloop
  endfacet
  facet normal -0.831428 -0.555632 0
    outer loop
      vertex 53.1024 40.6132 2.2
      vertex 53.295 40.325 0
      vertex 53.295 40.325 2.2
    endloop
  endfacet
  facet normal -0.896894 -0.442245 0
    outer loop
      vertex 53.4483 40.0141 0
      vertex 53.295 40.325 2.2
      vertex 53.295 40.325 0
    endloop
  endfacet
  facet normal -0.896894 -0.442245 0
    outer loop
      vertex 53.295 40.325 2.2
      vertex 53.4483 40.0141 0
      vertex 53.4483 40.0141 2.2
    endloop
  endfacet
  facet normal -0.980802 -0.195007 0
    outer loop
      vertex 53.6273 39.3459 0
      vertex 53.5597 39.6859 2.2
      vertex 53.5597 39.6859 0
    endloop
  endfacet
  facet normal -0.980802 -0.195007 0
    outer loop
      vertex 53.5597 39.6859 2.2
      vertex 53.6273 39.3459 0
      vertex 53.6273 39.3459 2.2
    endloop
  endfacet
  facet normal -0.946938 0.321416 0
    outer loop
      vertex 53.4483 -40.0141 0
      vertex 53.5597 -39.6859 2.2
      vertex 53.5597 -39.6859 0
    endloop
  endfacet
  facet normal -0.946938 0.321416 0
    outer loop
      vertex 53.5597 -39.6859 2.2
      vertex 53.4483 -40.0141 0
      vertex 53.4483 -40.0141 2.2
    endloop
  endfacet
  facet normal -0.997854 0.065485 0
    outer loop
      vertex 53.6273 -39.3459 0
      vertex 53.65 -39 2.2
      vertex 53.65 -39 0
    endloop
  endfacet
  facet normal -0.997854 0.065485 0
    outer loop
      vertex 53.65 -39 2.2
      vertex 53.6273 -39.3459 0
      vertex 53.6273 -39.3459 2.2
    endloop
  endfacet
  facet normal 0.321416 -0.946938 0
    outer loop
      vertex -52.0141 41.4483 0
      vertex -51.6859 41.5597 2.2
      vertex -52.0141 41.4483 2.2
    endloop
  endfacet
  facet normal 0.321416 -0.946938 0
    outer loop
      vertex -51.6859 41.5597 2.2
      vertex -52.0141 41.4483 0
      vertex -51.6859 41.5597 0
    endloop
  endfacet
  facet normal 0.195007 -0.980802 0
    outer loop
      vertex -51.6859 41.5597 0
      vertex -51.3459 41.6273 2.2
      vertex -51.6859 41.5597 2.2
    endloop
  endfacet
  facet normal 0.195007 -0.980802 0
    outer loop
      vertex -51.3459 41.6273 2.2
      vertex -51.6859 41.5597 0
      vertex -51.3459 41.6273 0
    endloop
  endfacet
  facet normal -0.896894 0.442245 0
    outer loop
      vertex 53.295 -40.325 0
      vertex 53.4483 -40.0141 2.2
      vertex 53.4483 -40.0141 0
    endloop
  endfacet
  facet normal -0.896894 0.442245 0
    outer loop
      vertex 53.4483 -40.0141 2.2
      vertex 53.295 -40.325 0
      vertex 53.295 -40.325 2.2
    endloop
  endfacet
  facet normal -0.980802 0.195007 0
    outer loop
      vertex 53.5597 -39.6859 0
      vertex 53.6273 -39.3459 2.2
      vertex 53.6273 -39.3459 0
    endloop
  endfacet
  facet normal -0.980802 0.195007 0
    outer loop
      vertex 53.6273 -39.3459 2.2
      vertex 53.5597 -39.6859 0
      vertex 53.5597 -39.6859 2.2
    endloop
  endfacet
  facet normal -0.555632 0.831428 0
    outer loop
      vertex 52.6132 -41.1024 0
      vertex 52.325 -41.295 2.2
      vertex 52.6132 -41.1024 2.2
    endloop
  endfacet
  facet normal -0.555632 0.831428 0
    outer loop
      vertex 52.325 -41.295 2.2
      vertex 52.6132 -41.1024 0
      vertex 52.325 -41.295 0
    endloop
  endfacet
  facet normal 0.442315 -0.89686 0
    outer loop
      vertex 51.287 -39.6929 0
      vertex 51.375 -39.6495 2.2
      vertex 51.287 -39.6929 2.2
    endloop
  endfacet
  facet normal 0.442315 -0.89686 0
    outer loop
      vertex 51.375 -39.6495 2.2
      vertex 51.287 -39.6929 0
      vertex 51.375 -39.6495 0
    endloop
  endfacet
  facet normal 0.555406 -0.83158 0
    outer loop
      vertex 51.375 -39.6495 0
      vertex 51.4566 -39.595 2.2
      vertex 51.375 -39.6495 2.2
    endloop
  endfacet
  facet normal 0.555406 -0.83158 0
    outer loop
      vertex 51.4566 -39.595 2.2
      vertex 51.375 -39.6495 0
      vertex 51.4566 -39.595 0
    endloop
  endfacet
  facet normal 0.321117 -0.94704 0
    outer loop
      vertex 51.1941 -39.7244 0
      vertex 51.287 -39.6929 2.2
      vertex 51.1941 -39.7244 2.2
    endloop
  endfacet
  facet normal 0.321117 -0.94704 0
    outer loop
      vertex 51.287 -39.6929 2.2
      vertex 51.1941 -39.7244 0
      vertex 51.287 -39.6929 0
    endloop
  endfacet
  facet normal 1 -0 0
    outer loop
      vertex 51.75 -39 2.2
      vertex 51.75 39 0
      vertex 51.75 39 2.2
    endloop
  endfacet
  facet normal 1 0 0
    outer loop
      vertex 51.75 39 0
      vertex 51.75 -39 2.2
      vertex 51.75 -39 0
    endloop
  endfacet
  facet normal -0.99787 -0.0652336 0
    outer loop
      vertex -51.7436 -39.0979 0
      vertex -51.75 -39 2.2
      vertex -51.75 -39 0
    endloop
  endfacet
  facet normal -0.99787 -0.0652336 0
    outer loop
      vertex -51.75 -39 2.2
      vertex -51.7436 -39.0979 0
      vertex -51.7436 -39.0979 2.2
    endloop
  endfacet
  facet normal 0 1 -0
    outer loop
      vertex 51 39.75 0
      vertex -51 39.75 2.2
      vertex 51 39.75 2.2
    endloop
  endfacet
  facet normal 0 1 0
    outer loop
      vertex -51 39.75 2.2
      vertex 51 39.75 0
      vertex -51 39.75 0
    endloop
  endfacet
  facet normal 0.195724 -0.980659 0
    outer loop
      vertex 51.0979 -39.7436 0
      vertex 51.1941 -39.7244 2.2
      vertex 51.0979 -39.7436 2.2
    endloop
  endfacet
  facet normal 0.195724 -0.980659 0
    outer loop
      vertex 51.1941 -39.7244 2.2
      vertex 51.0979 -39.7436 0
      vertex 51.1941 -39.7244 0
    endloop
  endfacet
  facet normal -0.555406 -0.83158 0
    outer loop
      vertex -51.4566 -39.595 0
      vertex -51.375 -39.6495 2.2
      vertex -51.4566 -39.595 2.2
    endloop
  endfacet
  facet normal -0.555406 -0.83158 -0
    outer loop
      vertex -51.375 -39.6495 2.2
      vertex -51.4566 -39.595 0
      vertex -51.375 -39.6495 0
    endloop
  endfacet
  facet normal -0.99787 0.0652336 0
    outer loop
      vertex -51.75 39 0
      vertex -51.7436 39.0979 2.2
      vertex -51.7436 39.0979 0
    endloop
  endfacet
  facet normal -0.99787 0.0652336 0
    outer loop
      vertex -51.7436 39.0979 2.2
      vertex -51.75 39 0
      vertex -51.75 39 2.2
    endloop
  endfacet
  facet normal -1 0 0
    outer loop
      vertex -51.75 -39 0
      vertex -51.75 -38.7 2.2
      vertex -51.75 -38.7 0
    endloop
  endfacet
  facet normal -1 -0 0
    outer loop
      vertex -51.75 -38.7 2.2
      vertex -51.75 -39 0
      vertex -51.75 -39 2.2
    endloop
  endfacet
  facet normal -1 0 0
    outer loop
      vertex -51.75 -35.3 0
      vertex -51.75 39 2.2
      vertex -51.75 39 0
    endloop
  endfacet
  facet normal -1 -0 0
    outer loop
      vertex -51.75 39 2.2
      vertex -51.75 -35.3 0
      vertex -51.75 -35.3 2.2
    endloop
  endfacet
  facet normal -0.89686 -0.442315 0
    outer loop
      vertex -51.6495 -39.375 0
      vertex -51.6929 -39.287 2.2
      vertex -51.6929 -39.287 0
    endloop
  endfacet
  facet normal -0.89686 -0.442315 0
    outer loop
      vertex -51.6929 -39.287 2.2
      vertex -51.6495 -39.375 0
      vertex -51.6495 -39.375 2.2
    endloop
  endfacet
  facet normal -0.0652336 0.99787 0
    outer loop
      vertex -51 39.75 0
      vertex -51.0979 39.7436 2.2
      vertex -51 39.75 2.2
    endloop
  endfacet
  facet normal -0.0652336 0.99787 0
    outer loop
      vertex -51.0979 39.7436 2.2
      vertex -51 39.75 0
      vertex -51.0979 39.7436 0
    endloop
  endfacet
  facet normal 0.0652336 -0.99787 0
    outer loop
      vertex 51 -39.75 0
      vertex 51.0979 -39.7436 2.2
      vertex 51 -39.75 2.2
    endloop
  endfacet
  facet normal 0.0652336 -0.99787 0
    outer loop
      vertex 51.0979 -39.7436 2.2
      vertex 51 -39.75 0
      vertex 51.0979 -39.7436 0
    endloop
  endfacet
  facet normal -0.0652336 -0.99787 0
    outer loop
      vertex -51.0979 -39.7436 0
      vertex -51 -39.75 2.2
      vertex -51.0979 -39.7436 2.2
    endloop
  endfacet
  facet normal -0.0652336 -0.99787 -0
    outer loop
      vertex -51 -39.75 2.2
      vertex -51.0979 -39.7436 0
      vertex -51 -39.75 0
    endloop
  endfacet
  facet normal 0.659731 0.751502 -0
    outer loop
      vertex 51.5303 39.5303 0
      vertex 51.4566 39.595 2.2
      vertex 51.5303 39.5303 2.2
    endloop
  endfacet
  facet normal 0.659731 0.751502 0
    outer loop
      vertex 51.4566 39.595 2.2
      vertex 51.5303 39.5303 0
      vertex 51.4566 39.595 0
    endloop
  endfacet
  facet normal 0.99787 -0.0652336 0
    outer loop
      vertex 51.7436 -39.0979 2.2
      vertex 51.75 -39 0
      vertex 51.75 -39 2.2
    endloop
  endfacet
  facet normal 0.99787 -0.0652336 0
    outer loop
      vertex 51.75 -39 0
      vertex 51.7436 -39.0979 2.2
      vertex 51.7436 -39.0979 0
    endloop
  endfacet
  facet normal -0.751502 0.659731 0
    outer loop
      vertex -51.595 39.4566 0
      vertex -51.5303 39.5303 2.2
      vertex -51.5303 39.5303 0
    endloop
  endfacet
  facet normal -0.751502 0.659731 0
    outer loop
      vertex -51.5303 39.5303 2.2
      vertex -51.595 39.4566 0
      vertex -51.595 39.4566 2.2
    endloop
  endfacet
  facet normal -0.751502 -0.659731 0
    outer loop
      vertex -51.5303 -39.5303 0
      vertex -51.595 -39.4566 2.2
      vertex -51.595 -39.4566 0
    endloop
  endfacet
  facet normal -0.751502 -0.659731 0
    outer loop
      vertex -51.595 -39.4566 2.2
      vertex -51.5303 -39.5303 0
      vertex -51.5303 -39.5303 2.2
    endloop
  endfacet
  facet normal -0.321117 0.94704 0
    outer loop
      vertex -51.1941 39.7244 0
      vertex -51.287 39.6929 2.2
      vertex -51.1941 39.7244 2.2
    endloop
  endfacet
  facet normal -0.321117 0.94704 0
    outer loop
      vertex -51.287 39.6929 2.2
      vertex -51.1941 39.7244 0
      vertex -51.287 39.6929 0
    endloop
  endfacet
  facet normal 0.0652336 0.99787 -0
    outer loop
      vertex 51.0979 39.7436 0
      vertex 51 39.75 2.2
      vertex 51.0979 39.7436 2.2
    endloop
  endfacet
  facet normal 0.0652336 0.99787 0
    outer loop
      vertex 51 39.75 2.2
      vertex 51.0979 39.7436 0
      vertex 51 39.75 0
    endloop
  endfacet
  facet normal -0.195724 0.980659 0
    outer loop
      vertex -51.0979 39.7436 0
      vertex -51.1941 39.7244 2.2
      vertex -51.0979 39.7436 2.2
    endloop
  endfacet
  facet normal -0.195724 0.980659 0
    outer loop
      vertex -51.1941 39.7244 2.2
      vertex -51.0979 39.7436 0
      vertex -51.1941 39.7244 0
    endloop
  endfacet
  facet normal 0 -1 0
    outer loop
      vertex -51 -39.75 0
      vertex 51 -39.75 2.2
      vertex -51 -39.75 2.2
    endloop
  endfacet
  facet normal 0 -1 -0
    outer loop
      vertex 51 -39.75 2.2
      vertex -51 -39.75 0
      vertex 51 -39.75 0
    endloop
  endfacet
  facet normal -0.442315 -0.89686 0
    outer loop
      vertex -51.375 -39.6495 0
      vertex -51.287 -39.6929 2.2
      vertex -51.375 -39.6495 2.2
    endloop
  endfacet
  facet normal -0.442315 -0.89686 -0
    outer loop
      vertex -51.287 -39.6929 2.2
      vertex -51.375 -39.6495 0
      vertex -51.287 -39.6929 0
    endloop
  endfacet
  facet normal -0.89686 0.442315 0
    outer loop
      vertex -51.6929 39.287 0
      vertex -51.6495 39.375 2.2
      vertex -51.6495 39.375 0
    endloop
  endfacet
  facet normal -0.89686 0.442315 0
    outer loop
      vertex -51.6495 39.375 2.2
      vertex -51.6929 39.287 0
      vertex -51.6929 39.287 2.2
    endloop
  endfacet
  facet normal -0.83158 0.555406 0
    outer loop
      vertex -51.6495 39.375 0
      vertex -51.595 39.4566 2.2
      vertex -51.595 39.4566 0
    endloop
  endfacet
  facet normal -0.83158 0.555406 0
    outer loop
      vertex -51.595 39.4566 2.2
      vertex -51.6495 39.375 0
      vertex -51.6495 39.375 2.2
    endloop
  endfacet
  facet normal -0.659731 0.751502 0
    outer loop
      vertex -51.4566 39.595 0
      vertex -51.5303 39.5303 2.2
      vertex -51.4566 39.595 2.2
    endloop
  endfacet
  facet normal -0.659731 0.751502 0
    outer loop
      vertex -51.5303 39.5303 2.2
      vertex -51.4566 39.595 0
      vertex -51.5303 39.5303 0
    endloop
  endfacet
  facet normal -0.555406 0.83158 0
    outer loop
      vertex -51.375 39.6495 0
      vertex -51.4566 39.595 2.2
      vertex -51.375 39.6495 2.2
    endloop
  endfacet
  facet normal -0.555406 0.83158 0
    outer loop
      vertex -51.4566 39.595 2.2
      vertex -51.375 39.6495 0
      vertex -51.4566 39.595 0
    endloop
  endfacet
  facet normal -0.442315 0.89686 0
    outer loop
      vertex -51.287 39.6929 0
      vertex -51.375 39.6495 2.2
      vertex -51.287 39.6929 2.2
    endloop
  endfacet
  facet normal -0.442315 0.89686 0
    outer loop
      vertex -51.375 39.6495 2.2
      vertex -51.287 39.6929 0
      vertex -51.375 39.6495 0
    endloop
  endfacet
  facet normal -0.94704 -0.321117 0
    outer loop
      vertex -51.6929 -39.287 0
      vertex -51.7244 -39.1941 2.2
      vertex -51.7244 -39.1941 0
    endloop
  endfacet
  facet normal -0.94704 -0.321117 0
    outer loop
      vertex -51.7244 -39.1941 2.2
      vertex -51.6929 -39.287 0
      vertex -51.6929 -39.287 2.2
    endloop
  endfacet
  facet normal -0.980659 -0.195724 0
    outer loop
      vertex -51.7244 -39.1941 0
      vertex -51.7436 -39.0979 2.2
      vertex -51.7436 -39.0979 0
    endloop
  endfacet
  facet normal -0.980659 -0.195724 0
    outer loop
      vertex -51.7436 -39.0979 2.2
      vertex -51.7244 -39.1941 0
      vertex -51.7244 -39.1941 2.2
    endloop
  endfacet
  facet normal -0.659731 -0.751502 0
    outer loop
      vertex -51.5303 -39.5303 0
      vertex -51.4566 -39.595 2.2
      vertex -51.5303 -39.5303 2.2
    endloop
  endfacet
  facet normal -0.659731 -0.751502 -0
    outer loop
      vertex -51.4566 -39.595 2.2
      vertex -51.5303 -39.5303 0
      vertex -51.4566 -39.595 0
    endloop
  endfacet
  facet normal -0.321117 -0.94704 0
    outer loop
      vertex -51.287 -39.6929 0
      vertex -51.1941 -39.7244 2.2
      vertex -51.287 -39.6929 2.2
    endloop
  endfacet
  facet normal -0.321117 -0.94704 -0
    outer loop
      vertex -51.1941 -39.7244 2.2
      vertex -51.287 -39.6929 0
      vertex -51.1941 -39.7244 0
    endloop
  endfacet
  facet normal 0.94704 0.321117 0
    outer loop
      vertex 51.7244 39.1941 2.2
      vertex 51.6929 39.287 0
      vertex 51.6929 39.287 2.2
    endloop
  endfacet
  facet normal 0.94704 0.321117 0
    outer loop
      vertex 51.6929 39.287 0
      vertex 51.7244 39.1941 2.2
      vertex 51.7244 39.1941 0
    endloop
  endfacet
  facet normal 0.751502 0.659731 0
    outer loop
      vertex 51.595 39.4566 2.2
      vertex 51.5303 39.5303 0
      vertex 51.5303 39.5303 2.2
    endloop
  endfacet
  facet normal 0.751502 0.659731 0
    outer loop
      vertex 51.5303 39.5303 0
      vertex 51.595 39.4566 2.2
      vertex 51.595 39.4566 0
    endloop
  endfacet
  facet normal 0.442315 0.89686 -0
    outer loop
      vertex 51.375 39.6495 0
      vertex 51.287 39.6929 2.2
      vertex 51.375 39.6495 2.2
    endloop
  endfacet
  facet normal 0.442315 0.89686 0
    outer loop
      vertex 51.287 39.6929 2.2
      vertex 51.375 39.6495 0
      vertex 51.287 39.6929 0
    endloop
  endfacet
  facet normal 0.89686 -0.442315 0
    outer loop
      vertex 51.6495 -39.375 2.2
      vertex 51.6929 -39.287 0
      vertex 51.6929 -39.287 2.2
    endloop
  endfacet
  facet normal 0.89686 -0.442315 0
    outer loop
      vertex 51.6929 -39.287 0
      vertex 51.6495 -39.375 2.2
      vertex 51.6495 -39.375 0
    endloop
  endfacet
  facet normal -0.980659 0.195724 0
    outer loop
      vertex -51.7436 39.0979 0
      vertex -51.7244 39.1941 2.2
      vertex -51.7244 39.1941 0
    endloop
  endfacet
  facet normal -0.980659 0.195724 0
    outer loop
      vertex -51.7244 39.1941 2.2
      vertex -51.7436 39.0979 0
      vertex -51.7436 39.0979 2.2
    endloop
  endfacet
  facet normal -0.94704 0.321117 0
    outer loop
      vertex -51.7244 39.1941 0
      vertex -51.6929 39.287 2.2
      vertex -51.6929 39.287 0
    endloop
  endfacet
  facet normal -0.94704 0.321117 0
    outer loop
      vertex -51.6929 39.287 2.2
      vertex -51.7244 39.1941 0
      vertex -51.7244 39.1941 2.2
    endloop
  endfacet
  facet normal -0.83158 -0.555406 0
    outer loop
      vertex -51.595 -39.4566 0
      vertex -51.6495 -39.375 2.2
      vertex -51.6495 -39.375 0
    endloop
  endfacet
  facet normal -0.83158 -0.555406 0
    outer loop
      vertex -51.6495 -39.375 2.2
      vertex -51.595 -39.4566 0
      vertex -51.595 -39.4566 2.2
    endloop
  endfacet
  facet normal -0.195724 -0.980659 0
    outer loop
      vertex -51.1941 -39.7244 0
      vertex -51.0979 -39.7436 2.2
      vertex -51.1941 -39.7244 2.2
    endloop
  endfacet
  facet normal -0.195724 -0.980659 -0
    outer loop
      vertex -51.0979 -39.7436 2.2
      vertex -51.1941 -39.7244 0
      vertex -51.0979 -39.7436 0
    endloop
  endfacet
  facet normal 0.89686 0.442315 0
    outer loop
      vertex 51.6929 39.287 2.2
      vertex 51.6495 39.375 0
      vertex 51.6495 39.375 2.2
    endloop
  endfacet
  facet normal 0.89686 0.442315 0
    outer loop
      vertex 51.6495 39.375 0
      vertex 51.6929 39.287 2.2
      vertex 51.6929 39.287 0
    endloop
  endfacet
  facet normal 0.195724 0.980659 -0
    outer loop
      vertex 51.1941 39.7244 0
      vertex 51.0979 39.7436 2.2
      vertex 51.1941 39.7244 2.2
    endloop
  endfacet
  facet normal 0.195724 0.980659 0
    outer loop
      vertex 51.0979 39.7436 2.2
      vertex 51.1941 39.7244 0
      vertex 51.0979 39.7436 0
    endloop
  endfacet
  facet normal 0.321117 0.94704 -0
    outer loop
      vertex 51.287 39.6929 0
      vertex 51.1941 39.7244 2.2
      vertex 51.287 39.6929 2.2
    endloop
  endfacet
  facet normal 0.321117 0.94704 0
    outer loop
      vertex 51.1941 39.7244 2.2
      vertex 51.287 39.6929 0
      vertex 51.1941 39.7244 0
    endloop
  endfacet
  facet normal 0.555406 0.83158 -0
    outer loop
      vertex 51.4566 39.595 0
      vertex 51.375 39.6495 2.2
      vertex 51.4566 39.595 2.2
    endloop
  endfacet
  facet normal 0.555406 0.83158 0
    outer loop
      vertex 51.375 39.6495 2.2
      vertex 51.4566 39.595 0
      vertex 51.375 39.6495 0
    endloop
  endfacet
  facet normal 0.980659 -0.195724 0
    outer loop
      vertex 51.7244 -39.1941 2.2
      vertex 51.7436 -39.0979 0
      vertex 51.7436 -39.0979 2.2
    endloop
  endfacet
  facet normal 0.980659 -0.195724 0
    outer loop
      vertex 51.7436 -39.0979 0
      vertex 51.7244 -39.1941 2.2
      vertex 51.7244 -39.1941 0
    endloop
  endfacet
  facet normal 0.94704 -0.321117 0
    outer loop
      vertex 51.6929 -39.287 2.2
      vertex 51.7244 -39.1941 0
      vertex 51.7244 -39.1941 2.2
    endloop
  endfacet
  facet normal 0.94704 -0.321117 0
    outer loop
      vertex 51.7244 -39.1941 0
      vertex 51.6929 -39.287 2.2
      vertex 51.6929 -39.287 0
    endloop
  endfacet
  facet normal 0.83158 -0.555406 0
    outer loop
      vertex 51.595 -39.4566 2.2
      vertex 51.6495 -39.375 0
      vertex 51.6495 -39.375 2.2
    endloop
  endfacet
  facet normal 0.83158 -0.555406 0
    outer loop
      vertex 51.6495 -39.375 0
      vertex 51.595 -39.4566 2.2
      vertex 51.595 -39.4566 0
    endloop
  endfacet
  facet normal 0.980659 0.195724 0
    outer loop
      vertex 51.7436 39.0979 2.2
      vertex 51.7244 39.1941 0
      vertex 51.7244 39.1941 2.2
    endloop
  endfacet
  facet normal 0.980659 0.195724 0
    outer loop
      vertex 51.7244 39.1941 0
      vertex 51.7436 39.0979 2.2
      vertex 51.7436 39.0979 0
    endloop
  endfacet
  facet normal 0.99787 0.0652336 0
    outer loop
      vertex 51.75 39 2.2
      vertex 51.7436 39.0979 0
      vertex 51.7436 39.0979 2.2
    endloop
  endfacet
  facet normal 0.99787 0.0652336 0
    outer loop
      vertex 51.7436 39.0979 0
      vertex 51.75 39 2.2
      vertex 51.75 39 0
    endloop
  endfacet
  facet normal 0.83158 0.555406 0
    outer loop
      vertex 51.6495 39.375 2.2
      vertex 51.595 39.4566 0
      vertex 51.595 39.4566 2.2
    endloop
  endfacet
  facet normal 0.83158 0.555406 0
    outer loop
      vertex 51.595 39.4566 0
      vertex 51.6495 39.375 2.2
      vertex 51.6495 39.375 0
    endloop
  endfacet
  facet normal 0.751502 -0.659731 0
    outer loop
      vertex 51.5303 -39.5303 2.2
      vertex 51.595 -39.4566 0
      vertex 51.595 -39.4566 2.2
    endloop
  endfacet
  facet normal 0.751502 -0.659731 0
    outer loop
      vertex 51.595 -39.4566 0
      vertex 51.5303 -39.5303 2.2
      vertex 51.5303 -39.5303 0
    endloop
  endfacet
  facet normal 0.659731 -0.751502 0
    outer loop
      vertex 51.4566 -39.595 0
      vertex 51.5303 -39.5303 2.2
      vertex 51.4566 -39.595 2.2
    endloop
  endfacet
  facet normal 0.659731 -0.751502 0
    outer loop
      vertex 51.5303 -39.5303 2.2
      vertex 51.4566 -39.595 0
      vertex 51.5303 -39.5303 0
    endloop
  endfacet
  facet normal -0.707098 -0.707115 0
    outer loop
      vertex 24.6971 0 5
      vertex 23 1.69706 6
      vertex 23 1.69706 5
    endloop
  endfacet
  facet normal -0.707098 -0.707115 0
    outer loop
      vertex 23 1.69706 6
      vertex 24.6971 0 5
      vertex 24.6971 0 6
    endloop
  endfacet
  facet normal 0 0 1
    outer loop
      vertex 24.6971 0 5
      vertex 23 1.69706 5
      vertex 23 -1.69706 5
    endloop
  endfacet
  facet normal -0.707098 0.707115 0
    outer loop
      vertex 23 -1.69706 5
      vertex 24.6971 0 6
      vertex 24.6971 0 5
    endloop
  endfacet
  facet normal -0.707098 0.707115 0
    outer loop
      vertex 24.6971 0 6
      vertex 23 -1.69706 5
      vertex 23 -1.69706 6
    endloop
  endfacet
  facet normal 0.707115 -0.707098 0
    outer loop
      vertex -1.69706 23 6
      vertex 0 24.6971 5
      vertex 0 24.6971 6
    endloop
  endfacet
  facet normal 0.707115 -0.707098 0
    outer loop
      vertex 0 24.6971 5
      vertex -1.69706 23 6
      vertex -1.69706 23 5
    endloop
  endfacet
  facet normal -0.707115 -0.707098 0
    outer loop
      vertex 1.69706 23 5
      vertex 0 24.6971 6
      vertex 0 24.6971 5
    endloop
  endfacet
  facet normal -0.707115 -0.707098 0
    outer loop
      vertex 0 24.6971 6
      vertex 1.69706 23 5
      vertex 1.69706 23 6
    endloop
  endfacet
  facet normal 0 0 1
    outer loop
      vertex 1.69706 23 5
      vertex 0 24.6971 5
      vertex -1.69706 23 5
    endloop
  endfacet
  facet normal 0.707098 0.707115 0
    outer loop
      vertex -23 -1.69706 6
      vertex -24.6971 0 5
      vertex -24.6971 0 6
    endloop
  endfacet
  facet normal 0.707098 0.707115 0
    outer loop
      vertex -24.6971 0 5
      vertex -23 -1.69706 6
      vertex -23 -1.69706 5
    endloop
  endfacet
  facet normal 0.707098 -0.707115 0
    outer loop
      vertex -24.6971 0 6
      vertex -23 1.69706 5
      vertex -23 1.69706 6
    endloop
  endfacet
  facet normal 0.707098 -0.707115 0
    outer loop
      vertex -23 1.69706 5
      vertex -24.6971 0 6
      vertex -24.6971 0 5
    endloop
  endfacet
  facet normal 0 -0 1
    outer loop
      vertex -23 -1.69706 5
      vertex -23 1.69706 5
      vertex -24.6971 0 5
    endloop
  endfacet
  facet normal -0.707115 0.707098 0
    outer loop
      vertex 0 -24.6971 5
      vertex 1.69706 -23 6
      vertex 1.69706 -23 5
    endloop
  endfacet
  facet normal -0.707115 0.707098 0
    outer loop
      vertex 1.69706 -23 6
      vertex 0 -24.6971 5
      vertex 0 -24.6971 6
    endloop
  endfacet
  facet normal 0 -0 1
    outer loop
      vertex 0 -24.6971 5
      vertex 1.69706 -23 5
      vertex -1.69706 -23 5
    endloop
  endfacet
  facet normal 0.707115 0.707098 0
    outer loop
      vertex 0 -24.6971 6
      vertex -1.69706 -23 5
      vertex -1.69706 -23 6
    endloop
  endfacet
  facet normal 0.707115 0.707098 0
    outer loop
      vertex -1.69706 -23 5
      vertex 0 -24.6971 6
      vertex 0 -24.6971 5
    endloop
  endfacet
  facet normal 0.981113 0.193434 0
    outer loop
      vertex -126.642 -33.44 6
      vertex -126.685 -33.2219 0
      vertex -126.685 -33.2219 6
    endloop
  endfacet
  facet normal 0.981113 0.193434 0
    outer loop
      vertex -126.685 -33.2219 0
      vertex -126.642 -33.44 6
      vertex -126.642 -33.44 0
    endloop
  endfacet
  facet normal 1 -0 0
    outer loop
      vertex -126.7 -33 6
      vertex -126.7 33 0
      vertex -126.7 33 6
    endloop
  endfacet
  facet normal 1 0 0
    outer loop
      vertex -126.7 33 0
      vertex -126.7 -33 6
      vertex -126.7 -33 0
    endloop
  endfacet
  facet normal -0.997723 -0.0674441 0
    outer loop
      vertex -123.3 33 0
      vertex -123.315 33.2219 6
      vertex -123.315 33.2219 0
    endloop
  endfacet
  facet normal -0.997723 -0.0674441 0
    outer loop
      vertex -123.315 33.2219 6
      vertex -123.3 33 0
      vertex -123.3 33 6
    endloop
  endfacet
  facet normal 0.997723 0.0674441 0
    outer loop
      vertex -126.685 -33.2219 6
      vertex -126.7 -33 0
      vertex -126.7 -33 6
    endloop
  endfacet
  facet normal 0.997723 0.0674441 0
    outer loop
      vertex -126.7 -33 0
      vertex -126.685 -33.2219 6
      vertex -126.685 -33.2219 0
    endloop
  endfacet
  facet normal -0.997723 0.0674441 0
    outer loop
      vertex -123.315 -33.2219 0
      vertex -123.3 -33 6
      vertex -123.3 -33 0
    endloop
  endfacet
  facet normal -0.997723 0.0674441 0
    outer loop
      vertex -123.3 -33 6
      vertex -123.315 -33.2219 0
      vertex -123.315 -33.2219 6
    endloop
  endfacet
  facet normal 0.997723 -0.0674441 0
    outer loop
      vertex -126.7 33 6
      vertex -126.685 33.2219 0
      vertex -126.685 33.2219 6
    endloop
  endfacet
  facet normal 0.997723 -0.0674441 0
    outer loop
      vertex -126.685 33.2219 0
      vertex -126.7 33 6
      vertex -126.7 33 0
    endloop
  endfacet
  facet normal -1 0 0
    outer loop
      vertex -123.3 -33 0
      vertex -123.3 33 6
      vertex -123.3 33 0
    endloop
  endfacet
  facet normal -1 -0 0
    outer loop
      vertex -123.3 33 6
      vertex -123.3 -33 0
      vertex -123.3 -33 6
    endloop
  endfacet
  facet normal -0.0651764 0.997874 0
    outer loop
      vertex -124.778 -34.6855 0
      vertex -125 -34.7 6
      vertex -124.778 -34.6855 6
    endloop
  endfacet
  facet normal -0.0651764 0.997874 0
    outer loop
      vertex -125 -34.7 6
      vertex -124.778 -34.6855 0
      vertex -125 -34.7 0
    endloop
  endfacet
  facet normal 0.0651764 -0.997874 0
    outer loop
      vertex -125.222 34.6855 0
      vertex -125 34.7 6
      vertex -125.222 34.6855 6
    endloop
  endfacet
  facet normal 0.0651764 -0.997874 0
    outer loop
      vertex -125 34.7 6
      vertex -125.222 34.6855 0
      vertex -125 34.7 0
    endloop
  endfacet
  facet normal -0.659714 -0.751516 0
    outer loop
      vertex -123.965 34.3487 0
      vertex -123.798 34.2021 6
      vertex -123.965 34.3487 6
    endloop
  endfacet
  facet normal -0.659714 -0.751516 -0
    outer loop
      vertex -123.798 34.2021 6
      vertex -123.965 34.3487 0
      vertex -123.798 34.2021 0
    endloop
  endfacet
  facet normal 0.659714 -0.751516 0
    outer loop
      vertex -126.202 34.2021 0
      vertex -126.035 34.3487 6
      vertex -126.202 34.2021 6
    endloop
  endfacet
  facet normal 0.659714 -0.751516 0
    outer loop
      vertex -126.035 34.3487 6
      vertex -126.202 34.2021 0
      vertex -126.035 34.3487 0
    endloop
  endfacet
  facet normal 0.320937 -0.947101 0
    outer loop
      vertex -125.651 34.5706 0
      vertex -125.44 34.6421 6
      vertex -125.651 34.5706 6
    endloop
  endfacet
  facet normal 0.320937 -0.947101 0
    outer loop
      vertex -125.44 34.6421 6
      vertex -125.651 34.5706 0
      vertex -125.44 34.6421 0
    endloop
  endfacet
  facet normal 0.832604 0.553869 0
    outer loop
      vertex -126.349 -34.0349 6
      vertex -126.472 -33.85 0
      vertex -126.472 -33.85 6
    endloop
  endfacet
  facet normal 0.832604 0.553869 0
    outer loop
      vertex -126.472 -33.85 0
      vertex -126.349 -34.0349 6
      vertex -126.349 -34.0349 0
    endloop
  endfacet
  facet normal -0.895681 -0.444696 0
    outer loop
      vertex -123.429 33.6506 0
      vertex -123.528 33.85 6
      vertex -123.528 33.85 0
    endloop
  endfacet
  facet normal -0.895681 -0.444696 0
    outer loop
      vertex -123.528 33.85 6
      vertex -123.429 33.6506 0
      vertex -123.429 33.6506 6
    endloop
  endfacet
  facet normal -0.832604 -0.553869 0
    outer loop
      vertex -123.528 33.85 0
      vertex -123.651 34.0349 6
      vertex -123.651 34.0349 0
    endloop
  endfacet
  facet normal -0.832604 -0.553869 0
    outer loop
      vertex -123.651 34.0349 6
      vertex -123.528 33.85 0
      vertex -123.528 33.85 6
    endloop
  endfacet
  facet normal -0.320937 -0.947101 0
    outer loop
      vertex -124.56 34.6421 0
      vertex -124.349 34.5706 6
      vertex -124.56 34.6421 6
    endloop
  endfacet
  facet normal -0.320937 -0.947101 -0
    outer loop
      vertex -124.349 34.5706 6
      vertex -124.56 34.6421 0
      vertex -124.349 34.5706 0
    endloop
  endfacet
  facet normal -0.195251 -0.980753 0
    outer loop
      vertex -124.778 34.6855 0
      vertex -124.56 34.6421 6
      vertex -124.778 34.6855 6
    endloop
  endfacet
  facet normal -0.195251 -0.980753 -0
    outer loop
      vertex -124.56 34.6421 6
      vertex -124.778 34.6855 0
      vertex -124.56 34.6421 0
    endloop
  endfacet
  facet normal -0.443245 -0.8964 0
    outer loop
      vertex -124.349 34.5706 0
      vertex -124.15 34.4722 6
      vertex -124.349 34.5706 6
    endloop
  endfacet
  facet normal -0.443245 -0.8964 -0
    outer loop
      vertex -124.15 34.4722 6
      vertex -124.349 34.5706 0
      vertex -124.15 34.4722 0
    endloop
  endfacet
  facet normal 0.895681 -0.444696 0
    outer loop
      vertex -126.571 33.6506 6
      vertex -126.472 33.85 0
      vertex -126.472 33.85 6
    endloop
  endfacet
  facet normal 0.895681 -0.444696 0
    outer loop
      vertex -126.472 33.85 0
      vertex -126.571 33.6506 6
      vertex -126.571 33.6506 0
    endloop
  endfacet
  facet normal 0.751016 -0.660284 0
    outer loop
      vertex -126.349 34.0349 6
      vertex -126.202 34.2021 0
      vertex -126.202 34.2021 6
    endloop
  endfacet
  facet normal 0.751016 -0.660284 0
    outer loop
      vertex -126.202 34.2021 0
      vertex -126.349 34.0349 6
      vertex -126.349 34.0349 0
    endloop
  endfacet
  facet normal 0.195251 -0.980753 0
    outer loop
      vertex -125.44 34.6421 0
      vertex -125.222 34.6855 6
      vertex -125.44 34.6421 6
    endloop
  endfacet
  facet normal 0.195251 -0.980753 0
    outer loop
      vertex -125.222 34.6855 6
      vertex -125.44 34.6421 0
      vertex -125.222 34.6855 0
    endloop
  endfacet
  facet normal -0.195251 0.980753 0
    outer loop
      vertex -124.56 -34.6421 0
      vertex -124.778 -34.6855 6
      vertex -124.56 -34.6421 6
    endloop
  endfacet
  facet normal -0.195251 0.980753 0
    outer loop
      vertex -124.778 -34.6855 6
      vertex -124.56 -34.6421 0
      vertex -124.778 -34.6855 0
    endloop
  endfacet
  facet normal -0.751016 0.660284 0
    outer loop
      vertex -123.798 -34.2021 0
      vertex -123.651 -34.0349 6
      vertex -123.651 -34.0349 0
    endloop
  endfacet
  facet normal -0.751016 0.660284 0
    outer loop
      vertex -123.651 -34.0349 6
      vertex -123.798 -34.2021 0
      vertex -123.798 -34.2021 6
    endloop
  endfacet
  facet normal 0.195251 0.980753 -0
    outer loop
      vertex -125.222 -34.6855 0
      vertex -125.44 -34.6421 6
      vertex -125.222 -34.6855 6
    endloop
  endfacet
  facet normal 0.195251 0.980753 0
    outer loop
      vertex -125.44 -34.6421 6
      vertex -125.222 -34.6855 0
      vertex -125.44 -34.6421 0
    endloop
  endfacet
  facet normal 0.751016 0.660284 0
    outer loop
      vertex -126.202 -34.2021 6
      vertex -126.349 -34.0349 0
      vertex -126.349 -34.0349 6
    endloop
  endfacet
  facet normal 0.751016 0.660284 0
    outer loop
      vertex -126.349 -34.0349 0
      vertex -126.202 -34.2021 6
      vertex -126.202 -34.2021 0
    endloop
  endfacet
  facet normal 0.947598 0.319466 0
    outer loop
      vertex -126.571 -33.6506 6
      vertex -126.642 -33.44 0
      vertex -126.642 -33.44 6
    endloop
  endfacet
  facet normal 0.947598 0.319466 0
    outer loop
      vertex -126.642 -33.44 0
      vertex -126.571 -33.6506 6
      vertex -126.571 -33.6506 0
    endloop
  endfacet
  facet normal -0.947598 -0.319466 0
    outer loop
      vertex -123.358 33.44 0
      vertex -123.429 33.6506 6
      vertex -123.429 33.6506 0
    endloop
  endfacet
  facet normal -0.947598 -0.319466 0
    outer loop
      vertex -123.429 33.6506 6
      vertex -123.358 33.44 0
      vertex -123.358 33.44 6
    endloop
  endfacet
  facet normal -0.981113 -0.193434 0
    outer loop
      vertex -123.315 33.2219 0
      vertex -123.358 33.44 6
      vertex -123.358 33.44 0
    endloop
  endfacet
  facet normal -0.981113 -0.193434 0
    outer loop
      vertex -123.358 33.44 6
      vertex -123.315 33.2219 0
      vertex -123.315 33.2219 6
    endloop
  endfacet
  facet normal -0.751016 -0.660284 0
    outer loop
      vertex -123.651 34.0349 0
      vertex -123.798 34.2021 6
      vertex -123.798 34.2021 0
    endloop
  endfacet
  facet normal -0.751016 -0.660284 0
    outer loop
      vertex -123.798 34.2021 6
      vertex -123.651 34.0349 0
      vertex -123.651 34.0349 6
    endloop
  endfacet
  facet normal -0.0651764 -0.997874 0
    outer loop
      vertex -125 34.7 0
      vertex -124.778 34.6855 6
      vertex -125 34.7 6
    endloop
  endfacet
  facet normal -0.0651764 -0.997874 -0
    outer loop
      vertex -124.778 34.6855 6
      vertex -125 34.7 0
      vertex -124.778 34.6855 0
    endloop
  endfacet
  facet normal -0.555219 -0.831704 0
    outer loop
      vertex -124.15 34.4722 0
      vertex -123.965 34.3487 6
      vertex -124.15 34.4722 6
    endloop
  endfacet
  facet normal -0.555219 -0.831704 -0
    outer loop
      vertex -123.965 34.3487 6
      vertex -124.15 34.4722 0
      vertex -123.965 34.3487 0
    endloop
  endfacet
  facet normal 0.832604 -0.553869 0
    outer loop
      vertex -126.472 33.85 6
      vertex -126.349 34.0349 0
      vertex -126.349 34.0349 6
    endloop
  endfacet
  facet normal 0.832604 -0.553869 0
    outer loop
      vertex -126.349 34.0349 0
      vertex -126.472 33.85 6
      vertex -126.472 33.85 0
    endloop
  endfacet
  facet normal 0.947598 -0.319466 0
    outer loop
      vertex -126.642 33.44 6
      vertex -126.571 33.6506 0
      vertex -126.571 33.6506 6
    endloop
  endfacet
  facet normal 0.947598 -0.319466 0
    outer loop
      vertex -126.571 33.6506 0
      vertex -126.642 33.44 6
      vertex -126.642 33.44 0
    endloop
  endfacet
  facet normal 0.981113 -0.193434 0
    outer loop
      vertex -126.685 33.2219 6
      vertex -126.642 33.44 0
      vertex -126.642 33.44 6
    endloop
  endfacet
  facet normal 0.981113 -0.193434 0
    outer loop
      vertex -126.642 33.44 0
      vertex -126.685 33.2219 6
      vertex -126.685 33.2219 0
    endloop
  endfacet
  facet normal 0.443245 -0.8964 0
    outer loop
      vertex -125.85 34.4722 0
      vertex -125.651 34.5706 6
      vertex -125.85 34.4722 6
    endloop
  endfacet
  facet normal 0.443245 -0.8964 0
    outer loop
      vertex -125.651 34.5706 6
      vertex -125.85 34.4722 0
      vertex -125.651 34.5706 0
    endloop
  endfacet
  facet normal 0.555219 -0.831704 0
    outer loop
      vertex -126.035 34.3487 0
      vertex -125.85 34.4722 6
      vertex -126.035 34.3487 6
    endloop
  endfacet
  facet normal 0.555219 -0.831704 0
    outer loop
      vertex -125.85 34.4722 6
      vertex -126.035 34.3487 0
      vertex -125.85 34.4722 0
    endloop
  endfacet
  facet normal -0.320937 0.947101 0
    outer loop
      vertex -124.349 -34.5706 0
      vertex -124.56 -34.6421 6
      vertex -124.349 -34.5706 6
    endloop
  endfacet
  facet normal -0.320937 0.947101 0
    outer loop
      vertex -124.56 -34.6421 6
      vertex -124.349 -34.5706 0
      vertex -124.56 -34.6421 0
    endloop
  endfacet
  facet normal -0.659714 0.751516 0
    outer loop
      vertex -123.798 -34.2021 0
      vertex -123.965 -34.3487 6
      vertex -123.798 -34.2021 6
    endloop
  endfacet
  facet normal -0.659714 0.751516 0
    outer loop
      vertex -123.965 -34.3487 6
      vertex -123.798 -34.2021 0
      vertex -123.965 -34.3487 0
    endloop
  endfacet
  facet normal -0.443245 0.8964 0
    outer loop
      vertex -124.15 -34.4722 0
      vertex -124.349 -34.5706 6
      vertex -124.15 -34.4722 6
    endloop
  endfacet
  facet normal -0.443245 0.8964 0
    outer loop
      vertex -124.349 -34.5706 6
      vertex -124.15 -34.4722 0
      vertex -124.349 -34.5706 0
    endloop
  endfacet
  facet normal -0.832604 0.553869 0
    outer loop
      vertex -123.651 -34.0349 0
      vertex -123.528 -33.85 6
      vertex -123.528 -33.85 0
    endloop
  endfacet
  facet normal -0.832604 0.553869 0
    outer loop
      vertex -123.528 -33.85 6
      vertex -123.651 -34.0349 0
      vertex -123.651 -34.0349 6
    endloop
  endfacet
  facet normal -0.947598 0.319466 0
    outer loop
      vertex -123.429 -33.6506 0
      vertex -123.358 -33.44 6
      vertex -123.358 -33.44 0
    endloop
  endfacet
  facet normal -0.947598 0.319466 0
    outer loop
      vertex -123.358 -33.44 6
      vertex -123.429 -33.6506 0
      vertex -123.429 -33.6506 6
    endloop
  endfacet
  facet normal 0.555219 0.831704 -0
    outer loop
      vertex -125.85 -34.4722 0
      vertex -126.035 -34.3487 6
      vertex -125.85 -34.4722 6
    endloop
  endfacet
  facet normal 0.555219 0.831704 0
    outer loop
      vertex -126.035 -34.3487 6
      vertex -125.85 -34.4722 0
      vertex -126.035 -34.3487 0
    endloop
  endfacet
  facet normal 0.320937 0.947101 -0
    outer loop
      vertex -125.44 -34.6421 0
      vertex -125.651 -34.5706 6
      vertex -125.44 -34.6421 6
    endloop
  endfacet
  facet normal 0.320937 0.947101 0
    outer loop
      vertex -125.651 -34.5706 6
      vertex -125.44 -34.6421 0
      vertex -125.651 -34.5706 0
    endloop
  endfacet
  facet normal 0.0651764 0.997874 -0
    outer loop
      vertex -125 -34.7 0
      vertex -125.222 -34.6855 6
      vertex -125 -34.7 6
    endloop
  endfacet
  facet normal 0.0651764 0.997874 0
    outer loop
      vertex -125.222 -34.6855 6
      vertex -125 -34.7 0
      vertex -125.222 -34.6855 0
    endloop
  endfacet
  facet normal 0.659714 0.751516 -0
    outer loop
      vertex -126.035 -34.3487 0
      vertex -126.202 -34.2021 6
      vertex -126.035 -34.3487 6
    endloop
  endfacet
  facet normal 0.659714 0.751516 0
    outer loop
      vertex -126.202 -34.2021 6
      vertex -126.035 -34.3487 0
      vertex -126.202 -34.2021 0
    endloop
  endfacet
  facet normal 0.895681 0.444696 0
    outer loop
      vertex -126.472 -33.85 6
      vertex -126.571 -33.6506 0
      vertex -126.571 -33.6506 6
    endloop
  endfacet
  facet normal 0.895681 0.444696 0
    outer loop
      vertex -126.571 -33.6506 0
      vertex -126.472 -33.85 6
      vertex -126.472 -33.85 0
    endloop
  endfacet
  facet normal -0.555219 0.831704 0
    outer loop
      vertex -123.965 -34.3487 0
      vertex -124.15 -34.4722 6
      vertex -123.965 -34.3487 6
    endloop
  endfacet
  facet normal -0.555219 0.831704 0
    outer loop
      vertex -124.15 -34.4722 6
      vertex -123.965 -34.3487 0
      vertex -124.15 -34.4722 0
    endloop
  endfacet
  facet normal -0.895681 0.444696 0
    outer loop
      vertex -123.528 -33.85 0
      vertex -123.429 -33.6506 6
      vertex -123.429 -33.6506 0
    endloop
  endfacet
  facet normal -0.895681 0.444696 0
    outer loop
      vertex -123.429 -33.6506 6
      vertex -123.528 -33.85 0
      vertex -123.528 -33.85 6
    endloop
  endfacet
  facet normal -0.981113 0.193434 0
    outer loop
      vertex -123.358 -33.44 0
      vertex -123.315 -33.2219 6
      vertex -123.315 -33.2219 0
    endloop
  endfacet
  facet normal -0.981113 0.193434 0
    outer loop
      vertex -123.315 -33.2219 6
      vertex -123.358 -33.44 0
      vertex -123.358 -33.44 6
    endloop
  endfacet
  facet normal 0.443245 0.8964 -0
    outer loop
      vertex -125.651 -34.5706 0
      vertex -125.85 -34.4722 6
      vertex -125.651 -34.5706 6
    endloop
  endfacet
  facet normal 0.443245 0.8964 0
    outer loop
      vertex -125.85 -34.4722 6
      vertex -125.651 -34.5706 0
      vertex -125.85 -34.4722 0
    endloop
  endfacet
  facet normal 0.98077 0.195165 0
    outer loop
      vertex 39.3579 -33.44 6
      vertex 39.3145 -33.2219 0
      vertex 39.3145 -33.2219 6
    endloop
  endfacet
  facet normal 0.98077 0.195165 0
    outer loop
      vertex 39.3145 -33.2219 0
      vertex 39.3579 -33.44 6
      vertex 39.3579 -33.44 0
    endloop
  endfacet
  facet normal 1 -0 0
    outer loop
      vertex 39.3 -33 6
      vertex 39.3 33 0
      vertex 39.3 33 6
    endloop
  endfacet
  facet normal 1 0 0
    outer loop
      vertex 39.3 33 0
      vertex 39.3 -33 6
      vertex 39.3 -33 0
    endloop
  endfacet
  facet normal -0.997872 -0.0652057 0
    outer loop
      vertex 42.7 33 0
      vertex 42.6855 33.2219 6
      vertex 42.6855 33.2219 0
    endloop
  endfacet
  facet normal -0.997872 -0.0652057 0
    outer loop
      vertex 42.6855 33.2219 6
      vertex 42.7 33 0
      vertex 42.7 33 6
    endloop
  endfacet
  facet normal 0.997872 0.0652057 0
    outer loop
      vertex 39.3145 -33.2219 6
      vertex 39.3 -33 0
      vertex 39.3 -33 6
    endloop
  endfacet
  facet normal 0.997872 0.0652057 0
    outer loop
      vertex 39.3 -33 0
      vertex 39.3145 -33.2219 6
      vertex 39.3145 -33.2219 0
    endloop
  endfacet
  facet normal -0.997872 0.0652057 0
    outer loop
      vertex 42.6855 -33.2219 0
      vertex 42.7 -33 6
      vertex 42.7 -33 0
    endloop
  endfacet
  facet normal -0.997872 0.0652057 0
    outer loop
      vertex 42.7 -33 6
      vertex 42.6855 -33.2219 0
      vertex 42.6855 -33.2219 6
    endloop
  endfacet
  facet normal 0.997872 -0.0652057 0
    outer loop
      vertex 39.3 33 6
      vertex 39.3145 33.2219 0
      vertex 39.3145 33.2219 6
    endloop
  endfacet
  facet normal 0.997872 -0.0652057 0
    outer loop
      vertex 39.3145 33.2219 0
      vertex 39.3 33 6
      vertex 39.3 33 0
    endloop
  endfacet
  facet normal -1 0 0
    outer loop
      vertex 42.7 -33 0
      vertex 42.7 33 6
      vertex 42.7 33 0
    endloop
  endfacet
  facet normal -1 -0 0
    outer loop
      vertex 42.7 33 6
      vertex 42.7 -33 0
      vertex 42.7 -33 6
    endloop
  endfacet
  facet normal 0.0652057 -0.997872 0
    outer loop
      vertex 40.7781 34.6855 0
      vertex 41 34.7 6
      vertex 40.7781 34.6855 6
    endloop
  endfacet
  facet normal 0.0652057 -0.997872 0
    outer loop
      vertex 41 34.7 6
      vertex 40.7781 34.6855 0
      vertex 41 34.7 0
    endloop
  endfacet
  facet normal -0.659268 -0.751908 0
    outer loop
      vertex 42.0349 34.3487 0
      vertex 42.2021 34.2021 6
      vertex 42.0349 34.3487 6
    endloop
  endfacet
  facet normal -0.659268 -0.751908 -0
    outer loop
      vertex 42.2021 34.2021 6
      vertex 42.0349 34.3487 0
      vertex 42.2021 34.2021 0
    endloop
  endfacet
  facet normal 0.659268 -0.751908 0
    outer loop
      vertex 39.7979 34.2021 0
      vertex 39.9651 34.3487 6
      vertex 39.7979 34.2021 6
    endloop
  endfacet
  facet normal 0.659268 -0.751908 0
    outer loop
      vertex 39.9651 34.3487 6
      vertex 39.7979 34.2021 0
      vertex 39.9651 34.3487 0
    endloop
  endfacet
  facet normal 0.321484 -0.946915 0
    outer loop
      vertex 40.3494 34.5706 0
      vertex 40.56 34.6421 6
      vertex 40.3494 34.5706 6
    endloop
  endfacet
  facet normal 0.321484 -0.946915 0
    outer loop
      vertex 40.56 34.6421 6
      vertex 40.3494 34.5706 0
      vertex 40.56 34.6421 0
    endloop
  endfacet
  facet normal -0.44253 0.896754 0
    outer loop
      vertex 41.85 -34.4722 0
      vertex 41.6506 -34.5706 6
      vertex 41.85 -34.4722 6
    endloop
  endfacet
  facet normal -0.44253 0.896754 0
    outer loop
      vertex 41.6506 -34.5706 6
      vertex 41.85 -34.4722 0
      vertex 41.6506 -34.5706 0
    endloop
  endfacet
  facet normal 0.0652057 0.997872 -0
    outer loop
      vertex 41 -34.7 0
      vertex 40.7781 -34.6855 6
      vertex 41 -34.7 6
    endloop
  endfacet
  facet normal 0.0652057 0.997872 0
    outer loop
      vertex 40.7781 -34.6855 6
      vertex 41 -34.7 0
      vertex 40.7781 -34.6855 0
    endloop
  endfacet
  facet normal 0.896754 0.44253 0
    outer loop
      vertex 39.5278 -33.85 6
      vertex 39.4294 -33.6506 0
      vertex 39.4294 -33.6506 6
    endloop
  endfacet
  facet normal 0.896754 0.44253 0
    outer loop
      vertex 39.4294 -33.6506 0
      vertex 39.5278 -33.85 6
      vertex 39.5278 -33.85 0
    endloop
  endfacet
  facet normal -0.896754 -0.44253 0
    outer loop
      vertex 42.5706 33.6506 0
      vertex 42.4722 33.85 6
      vertex 42.4722 33.85 0
    endloop
  endfacet
  facet normal -0.896754 -0.44253 0
    outer loop
      vertex 42.4722 33.85 6
      vertex 42.5706 33.6506 0
      vertex 42.5706 33.6506 6
    endloop
  endfacet
  facet normal -0.831566 -0.555426 0
    outer loop
      vertex 42.4722 33.85 0
      vertex 42.3487 34.0349 6
      vertex 42.3487 34.0349 0
    endloop
  endfacet
  facet normal -0.831566 -0.555426 0
    outer loop
      vertex 42.3487 34.0349 6
      vertex 42.4722 33.85 0
      vertex 42.4722 33.85 6
    endloop
  endfacet
  facet normal -0.321484 -0.946915 0
    outer loop
      vertex 41.44 34.6421 0
      vertex 41.6506 34.5706 6
      vertex 41.44 34.6421 6
    endloop
  endfacet
  facet normal -0.321484 -0.946915 -0
    outer loop
      vertex 41.6506 34.5706 6
      vertex 41.44 34.6421 0
      vertex 41.6506 34.5706 0
    endloop
  endfacet
  facet normal -0.195165 -0.98077 0
    outer loop
      vertex 41.2219 34.6855 0
      vertex 41.44 34.6421 6
      vertex 41.2219 34.6855 6
    endloop
  endfacet
  facet normal -0.195165 -0.98077 -0
    outer loop
      vertex 41.44 34.6421 6
      vertex 41.2219 34.6855 0
      vertex 41.44 34.6421 0
    endloop
  endfacet
  facet normal -0.555426 -0.831566 0
    outer loop
      vertex 41.85 34.4722 0
      vertex 42.0349 34.3487 6
      vertex 41.85 34.4722 6
    endloop
  endfacet
  facet normal -0.555426 -0.831566 -0
    outer loop
      vertex 42.0349 34.3487 6
      vertex 41.85 34.4722 0
      vertex 42.0349 34.3487 0
    endloop
  endfacet
  facet normal 0.831566 -0.555426 0
    outer loop
      vertex 39.5278 33.85 6
      vertex 39.6513 34.0349 0
      vertex 39.6513 34.0349 6
    endloop
  endfacet
  facet normal 0.831566 -0.555426 0
    outer loop
      vertex 39.6513 34.0349 0
      vertex 39.5278 33.85 6
      vertex 39.5278 33.85 0
    endloop
  endfacet
  facet normal 0.751908 -0.659268 0
    outer loop
      vertex 39.6513 34.0349 6
      vertex 39.7979 34.2021 0
      vertex 39.7979 34.2021 6
    endloop
  endfacet
  facet normal 0.751908 -0.659268 0
    outer loop
      vertex 39.7979 34.2021 0
      vertex 39.6513 34.0349 6
      vertex 39.6513 34.0349 0
    endloop
  endfacet
  facet normal 0.44253 -0.896754 0
    outer loop
      vertex 40.15 34.4722 0
      vertex 40.3494 34.5706 6
      vertex 40.15 34.4722 6
    endloop
  endfacet
  facet normal 0.44253 -0.896754 0
    outer loop
      vertex 40.3494 34.5706 6
      vertex 40.15 34.4722 0
      vertex 40.3494 34.5706 0
    endloop
  endfacet
  facet normal 0.195165 -0.98077 0
    outer loop
      vertex 40.56 34.6421 0
      vertex 40.7781 34.6855 6
      vertex 40.56 34.6421 6
    endloop
  endfacet
  facet normal 0.195165 -0.98077 0
    outer loop
      vertex 40.7781 34.6855 6
      vertex 40.56 34.6421 0
      vertex 40.7781 34.6855 0
    endloop
  endfacet
  facet normal -0.195165 0.98077 0
    outer loop
      vertex 41.44 -34.6421 0
      vertex 41.2219 -34.6855 6
      vertex 41.44 -34.6421 6
    endloop
  endfacet
  facet normal -0.195165 0.98077 0
    outer loop
      vertex 41.2219 -34.6855 6
      vertex 41.44 -34.6421 0
      vertex 41.2219 -34.6855 0
    endloop
  endfacet
  facet normal -0.321484 0.946915 0
    outer loop
      vertex 41.6506 -34.5706 0
      vertex 41.44 -34.6421 6
      vertex 41.6506 -34.5706 6
    endloop
  endfacet
  facet normal -0.321484 0.946915 0
    outer loop
      vertex 41.44 -34.6421 6
      vertex 41.6506 -34.5706 0
      vertex 41.44 -34.6421 0
    endloop
  endfacet
  facet normal -0.751908 0.659268 0
    outer loop
      vertex 42.2021 -34.2021 0
      vertex 42.3487 -34.0349 6
      vertex 42.3487 -34.0349 0
    endloop
  endfacet
  facet normal -0.751908 0.659268 0
    outer loop
      vertex 42.3487 -34.0349 6
      vertex 42.2021 -34.2021 0
      vertex 42.2021 -34.2021 6
    endloop
  endfacet
  facet normal 0.321484 0.946915 -0
    outer loop
      vertex 40.56 -34.6421 0
      vertex 40.3494 -34.5706 6
      vertex 40.56 -34.6421 6
    endloop
  endfacet
  facet normal 0.321484 0.946915 0
    outer loop
      vertex 40.3494 -34.5706 6
      vertex 40.56 -34.6421 0
      vertex 40.3494 -34.5706 0
    endloop
  endfacet
  facet normal 0.195165 0.98077 -0
    outer loop
      vertex 40.7781 -34.6855 0
      vertex 40.56 -34.6421 6
      vertex 40.7781 -34.6855 6
    endloop
  endfacet
  facet normal 0.195165 0.98077 0
    outer loop
      vertex 40.56 -34.6421 6
      vertex 40.7781 -34.6855 0
      vertex 40.56 -34.6421 0
    endloop
  endfacet
  facet normal 0.751908 0.659268 0
    outer loop
      vertex 39.7979 -34.2021 6
      vertex 39.6513 -34.0349 0
      vertex 39.6513 -34.0349 6
    endloop
  endfacet
  facet normal 0.751908 0.659268 0
    outer loop
      vertex 39.6513 -34.0349 0
      vertex 39.7979 -34.2021 6
      vertex 39.7979 -34.2021 0
    endloop
  endfacet
  facet normal 0.659268 0.751908 -0
    outer loop
      vertex 39.9651 -34.3487 0
      vertex 39.7979 -34.2021 6
      vertex 39.9651 -34.3487 6
    endloop
  endfacet
  facet normal 0.659268 0.751908 0
    outer loop
      vertex 39.7979 -34.2021 6
      vertex 39.9651 -34.3487 0
      vertex 39.7979 -34.2021 0
    endloop
  endfacet
  facet normal 0.946915 0.321484 0
    outer loop
      vertex 39.4294 -33.6506 6
      vertex 39.3579 -33.44 0
      vertex 39.3579 -33.44 6
    endloop
  endfacet
  facet normal 0.946915 0.321484 0
    outer loop
      vertex 39.3579 -33.44 0
      vertex 39.4294 -33.6506 6
      vertex 39.4294 -33.6506 0
    endloop
  endfacet
  facet normal -0.946915 -0.321484 0
    outer loop
      vertex 42.6421 33.44 0
      vertex 42.5706 33.6506 6
      vertex 42.5706 33.6506 0
    endloop
  endfacet
  facet normal -0.946915 -0.321484 0
    outer loop
      vertex 42.5706 33.6506 6
      vertex 42.6421 33.44 0
      vertex 42.6421 33.44 6
    endloop
  endfacet
  facet normal -0.98077 -0.195165 0
    outer loop
      vertex 42.6855 33.2219 0
      vertex 42.6421 33.44 6
      vertex 42.6421 33.44 0
    endloop
  endfacet
  facet normal -0.98077 -0.195165 0
    outer loop
      vertex 42.6421 33.44 6
      vertex 42.6855 33.2219 0
      vertex 42.6855 33.2219 6
    endloop
  endfacet
  facet normal -0.751908 -0.659268 0
    outer loop
      vertex 42.3487 34.0349 0
      vertex 42.2021 34.2021 6
      vertex 42.2021 34.2021 0
    endloop
  endfacet
  facet normal -0.751908 -0.659268 0
    outer loop
      vertex 42.2021 34.2021 6
      vertex 42.3487 34.0349 0
      vertex 42.3487 34.0349 6
    endloop
  endfacet
  facet normal -0.0652057 -0.997872 0
    outer loop
      vertex 41 34.7 0
      vertex 41.2219 34.6855 6
      vertex 41 34.7 6
    endloop
  endfacet
  facet normal -0.0652057 -0.997872 -0
    outer loop
      vertex 41.2219 34.6855 6
      vertex 41 34.7 0
      vertex 41.2219 34.6855 0
    endloop
  endfacet
  facet normal -0.44253 -0.896754 0
    outer loop
      vertex 41.6506 34.5706 0
      vertex 41.85 34.4722 6
      vertex 41.6506 34.5706 6
    endloop
  endfacet
  facet normal -0.44253 -0.896754 -0
    outer loop
      vertex 41.85 34.4722 6
      vertex 41.6506 34.5706 0
      vertex 41.85 34.4722 0
    endloop
  endfacet
  facet normal 0.896754 -0.44253 0
    outer loop
      vertex 39.4294 33.6506 6
      vertex 39.5278 33.85 0
      vertex 39.5278 33.85 6
    endloop
  endfacet
  facet normal 0.896754 -0.44253 0
    outer loop
      vertex 39.5278 33.85 0
      vertex 39.4294 33.6506 6
      vertex 39.4294 33.6506 0
    endloop
  endfacet
  facet normal 0.98077 -0.195165 0
    outer loop
      vertex 39.3145 33.2219 6
      vertex 39.3579 33.44 0
      vertex 39.3579 33.44 6
    endloop
  endfacet
  facet normal 0.98077 -0.195165 0
    outer loop
      vertex 39.3579 33.44 0
      vertex 39.3145 33.2219 6
      vertex 39.3145 33.2219 0
    endloop
  endfacet
  facet normal 0.555426 -0.831566 0
    outer loop
      vertex 39.9651 34.3487 0
      vertex 40.15 34.4722 6
      vertex 39.9651 34.3487 6
    endloop
  endfacet
  facet normal 0.555426 -0.831566 0
    outer loop
      vertex 40.15 34.4722 6
      vertex 39.9651 34.3487 0
      vertex 40.15 34.4722 0
    endloop
  endfacet
  facet normal -0.659268 0.751908 0
    outer loop
      vertex 42.2021 -34.2021 0
      vertex 42.0349 -34.3487 6
      vertex 42.2021 -34.2021 6
    endloop
  endfacet
  facet normal -0.659268 0.751908 0
    outer loop
      vertex 42.0349 -34.3487 6
      vertex 42.2021 -34.2021 0
      vertex 42.0349 -34.3487 0
    endloop
  endfacet
  facet normal -0.831566 0.555426 0
    outer loop
      vertex 42.3487 -34.0349 0
      vertex 42.4722 -33.85 6
      vertex 42.4722 -33.85 0
    endloop
  endfacet
  facet normal -0.831566 0.555426 0
    outer loop
      vertex 42.4722 -33.85 6
      vertex 42.3487 -34.0349 0
      vertex 42.3487 -34.0349 6
    endloop
  endfacet
  facet normal -0.946915 0.321484 0
    outer loop
      vertex 42.5706 -33.6506 0
      vertex 42.6421 -33.44 6
      vertex 42.6421 -33.44 0
    endloop
  endfacet
  facet normal -0.946915 0.321484 0
    outer loop
      vertex 42.6421 -33.44 6
      vertex 42.5706 -33.6506 0
      vertex 42.5706 -33.6506 6
    endloop
  endfacet
  facet normal -0.0652057 0.997872 0
    outer loop
      vertex 41.2219 -34.6855 0
      vertex 41 -34.7 6
      vertex 41.2219 -34.6855 6
    endloop
  endfacet
  facet normal -0.0652057 0.997872 0
    outer loop
      vertex 41 -34.7 6
      vertex 41.2219 -34.6855 0
      vertex 41 -34.7 0
    endloop
  endfacet
  facet normal 0.555426 0.831566 -0
    outer loop
      vertex 40.15 -34.4722 0
      vertex 39.9651 -34.3487 6
      vertex 40.15 -34.4722 6
    endloop
  endfacet
  facet normal 0.555426 0.831566 0
    outer loop
      vertex 39.9651 -34.3487 6
      vertex 40.15 -34.4722 0
      vertex 39.9651 -34.3487 0
    endloop
  endfacet
  facet normal 0.44253 0.896754 -0
    outer loop
      vertex 40.3494 -34.5706 0
      vertex 40.15 -34.4722 6
      vertex 40.3494 -34.5706 6
    endloop
  endfacet
  facet normal 0.44253 0.896754 0
    outer loop
      vertex 40.15 -34.4722 6
      vertex 40.3494 -34.5706 0
      vertex 40.15 -34.4722 0
    endloop
  endfacet
  facet normal 0.831566 0.555426 0
    outer loop
      vertex 39.6513 -34.0349 6
      vertex 39.5278 -33.85 0
      vertex 39.5278 -33.85 6
    endloop
  endfacet
  facet normal 0.831566 0.555426 0
    outer loop
      vertex 39.5278 -33.85 0
      vertex 39.6513 -34.0349 6
      vertex 39.6513 -34.0349 0
    endloop
  endfacet
  facet normal 0.946915 -0.321484 0
    outer loop
      vertex 39.3579 33.44 6
      vertex 39.4294 33.6506 0
      vertex 39.4294 33.6506 6
    endloop
  endfacet
  facet normal 0.946915 -0.321484 0
    outer loop
      vertex 39.4294 33.6506 0
      vertex 39.3579 33.44 6
      vertex 39.3579 33.44 0
    endloop
  endfacet
  facet normal -0.555426 0.831566 0
    outer loop
      vertex 42.0349 -34.3487 0
      vertex 41.85 -34.4722 6
      vertex 42.0349 -34.3487 6
    endloop
  endfacet
  facet normal -0.555426 0.831566 0
    outer loop
      vertex 41.85 -34.4722 6
      vertex 42.0349 -34.3487 0
      vertex 41.85 -34.4722 0
    endloop
  endfacet
  facet normal -0.896754 0.44253 0
    outer loop
      vertex 42.4722 -33.85 0
      vertex 42.5706 -33.6506 6
      vertex 42.5706 -33.6506 0
    endloop
  endfacet
  facet normal -0.896754 0.44253 0
    outer loop
      vertex 42.5706 -33.6506 6
      vertex 42.4722 -33.85 0
      vertex 42.4722 -33.85 6
    endloop
  endfacet
  facet normal -0.98077 0.195165 0
    outer loop
      vertex 42.6421 -33.44 0
      vertex 42.6855 -33.2219 6
      vertex 42.6855 -33.2219 0
    endloop
  endfacet
  facet normal -0.98077 0.195165 0
    outer loop
      vertex 42.6855 -33.2219 6
      vertex 42.6421 -33.44 0
      vertex 42.6421 -33.44 6
    endloop
  endfacet
  facet normal -0.997864 -0.0653198 0
    outer loop
      vertex -30.35 -32 0
      vertex -30.3641 -31.7846 3.99
      vertex -30.3641 -31.7846 0
    endloop
  endfacet
  facet normal -0.997864 -0.0653198 0
    outer loop
      vertex -30.3641 -31.7846 3.99
      vertex -30.35 -32 0
      vertex -30.35 -32 3.99
    endloop
  endfacet
  facet normal 0.997864 -0.0653198 0
    outer loop
      vertex -33.65 -32 3.99
      vertex -33.6359 -31.7846 0
      vertex -33.6359 -31.7846 3.99
    endloop
  endfacet
  facet normal 0.997864 -0.0653198 0
    outer loop
      vertex -33.6359 -31.7846 0
      vertex -33.65 -32 3.99
      vertex -33.65 -32 0
    endloop
  endfacet
  facet normal -0.0653198 -0.997864 0
    outer loop
      vertex -32 -30.35 0
      vertex -31.7846 -30.3641 3.99
      vertex -32 -30.35 3.99
    endloop
  endfacet
  facet normal -0.0653198 -0.997864 -0
    outer loop
      vertex -31.7846 -30.3641 3.99
      vertex -32 -30.35 0
      vertex -31.7846 -30.3641 0
    endloop
  endfacet
  facet normal -0.751715 -0.659488 0
    outer loop
      vertex -30.691 -30.9955 0
      vertex -30.8333 -30.8333 3.99
      vertex -30.8333 -30.8333 0
    endloop
  endfacet
  facet normal -0.751715 -0.659488 0
    outer loop
      vertex -30.8333 -30.8333 3.99
      vertex -30.691 -30.9955 0
      vertex -30.691 -30.9955 3.99
    endloop
  endfacet
  facet normal 0.659488 -0.751715 0
    outer loop
      vertex -33.1667 -30.8333 0
      vertex -33.0045 -30.691 3.99
      vertex -33.1667 -30.8333 3.99
    endloop
  endfacet
  facet normal 0.659488 -0.751715 0
    outer loop
      vertex -33.0045 -30.691 3.99
      vertex -33.1667 -30.8333 0
      vertex -33.0045 -30.691 0
    endloop
  endfacet
  facet normal 0.321645 -0.94686 0
    outer loop
      vertex -32.6314 -30.4756 0
      vertex -32.4271 -30.4062 3.99
      vertex -32.6314 -30.4756 3.99
    endloop
  endfacet
  facet normal 0.321645 -0.94686 0
    outer loop
      vertex -32.4271 -30.4062 3.99
      vertex -32.6314 -30.4756 0
      vertex -32.4271 -30.4062 0
    endloop
  endfacet
  facet normal 0.980794 0.195047 0
    outer loop
      vertex -33.5938 -32.4271 3.99
      vertex -33.6359 -32.2154 0
      vertex -33.6359 -32.2154 3.99
    endloop
  endfacet
  facet normal 0.980794 0.195047 0
    outer loop
      vertex -33.6359 -32.2154 0
      vertex -33.5938 -32.4271 3.99
      vertex -33.5938 -32.4271 0
    endloop
  endfacet
  facet normal -0.896823 -0.442389 0
    outer loop
      vertex -30.4756 -31.3686 0
      vertex -30.5711 -31.175 3.99
      vertex -30.5711 -31.175 0
    endloop
  endfacet
  facet normal -0.896823 -0.442389 0
    outer loop
      vertex -30.5711 -31.175 3.99
      vertex -30.4756 -31.3686 0
      vertex -30.4756 -31.3686 3.99
    endloop
  endfacet
  facet normal -0.831551 -0.555448 0
    outer loop
      vertex -30.5711 -31.175 0
      vertex -30.691 -30.9955 3.99
      vertex -30.691 -30.9955 0
    endloop
  endfacet
  facet normal -0.831551 -0.555448 0
    outer loop
      vertex -30.691 -30.9955 3.99
      vertex -30.5711 -31.175 0
      vertex -30.5711 -31.175 3.99
    endloop
  endfacet
  facet normal -0.442389 -0.896823 0
    outer loop
      vertex -31.3686 -30.4756 0
      vertex -31.175 -30.5711 3.99
      vertex -31.3686 -30.4756 3.99
    endloop
  endfacet
  facet normal -0.442389 -0.896823 -0
    outer loop
      vertex -31.175 -30.5711 3.99
      vertex -31.3686 -30.4756 0
      vertex -31.175 -30.5711 0
    endloop
  endfacet
  facet normal -0.555448 -0.831551 0
    outer loop
      vertex -31.175 -30.5711 0
      vertex -30.9955 -30.691 3.99
      vertex -31.175 -30.5711 3.99
    endloop
  endfacet
  facet normal -0.555448 -0.831551 -0
    outer loop
      vertex -30.9955 -30.691 3.99
      vertex -31.175 -30.5711 0
      vertex -30.9955 -30.691 0
    endloop
  endfacet
  facet normal 0.896823 -0.442389 0
    outer loop
      vertex -33.5244 -31.3686 3.99
      vertex -33.4289 -31.175 0
      vertex -33.4289 -31.175 3.99
    endloop
  endfacet
  facet normal 0.896823 -0.442389 0
    outer loop
      vertex -33.4289 -31.175 0
      vertex -33.5244 -31.3686 3.99
      vertex -33.5244 -31.3686 0
    endloop
  endfacet
  facet normal 0.831551 -0.555448 0
    outer loop
      vertex -33.4289 -31.175 3.99
      vertex -33.309 -30.9955 0
      vertex -33.309 -30.9955 3.99
    endloop
  endfacet
  facet normal 0.831551 -0.555448 0
    outer loop
      vertex -33.309 -30.9955 0
      vertex -33.4289 -31.175 3.99
      vertex -33.4289 -31.175 0
    endloop
  endfacet
  facet normal 0 0 -1
    outer loop
      vertex -30.3641 -32.2154 3.99
      vertex -30.3641 -31.7846 3.99
      vertex -30.35 -32 3.99
    endloop
  endfacet
  facet normal 0 0 -1
    outer loop
      vertex -30.4062 -32.4271 3.99
      vertex -30.3641 -31.7846 3.99
      vertex -30.3641 -32.2154 3.99
    endloop
  endfacet
  facet normal 0 0 -1
    outer loop
      vertex -30.4062 -32.4271 3.99
      vertex -30.4062 -31.5729 3.99
      vertex -30.3641 -31.7846 3.99
    endloop
  endfacet
  facet normal 0 0 -1
    outer loop
      vertex -30.4756 -32.6314 3.99
      vertex -30.4062 -31.5729 3.99
      vertex -30.4062 -32.4271 3.99
    endloop
  endfacet
  facet normal 0 0 -1
    outer loop
      vertex -30.4756 -32.6314 3.99
      vertex -30.4756 -31.3686 3.99
      vertex -30.4062 -31.5729 3.99
    endloop
  endfacet
  facet normal 0 0 -1
    outer loop
      vertex -30.5711 -32.825 3.99
      vertex -30.4756 -31.3686 3.99
      vertex -30.4756 -32.6314 3.99
    endloop
  endfacet
  facet normal 0 0 -1
    outer loop
      vertex -30.5711 -32.825 3.99
      vertex -30.5711 -31.175 3.99
      vertex -30.4756 -31.3686 3.99
    endloop
  endfacet
  facet normal 0 0 -1
    outer loop
      vertex -30.691 -33.0045 3.99
      vertex -30.5711 -31.175 3.99
      vertex -30.5711 -32.825 3.99
    endloop
  endfacet
  facet normal 0 0 -1
    outer loop
      vertex -30.691 -33.0045 3.99
      vertex -30.691 -30.9955 3.99
      vertex -30.5711 -31.175 3.99
    endloop
  endfacet
  facet normal 0 0 -1
    outer loop
      vertex -30.8333 -33.1667 3.99
      vertex -30.691 -30.9955 3.99
      vertex -30.691 -33.0045 3.99
    endloop
  endfacet
  facet normal 0 0 -1
    outer loop
      vertex -30.8333 -33.1667 3.99
      vertex -30.8333 -30.8333 3.99
      vertex -30.691 -30.9955 3.99
    endloop
  endfacet
  facet normal 0 0 -1
    outer loop
      vertex -30.9955 -33.309 3.99
      vertex -30.8333 -30.8333 3.99
      vertex -30.8333 -33.1667 3.99
    endloop
  endfacet
  facet normal 0 0 -1
    outer loop
      vertex -30.9955 -33.309 3.99
      vertex -30.9955 -30.691 3.99
      vertex -30.8333 -30.8333 3.99
    endloop
  endfacet
  facet normal 0 0 -1
    outer loop
      vertex -31.175 -33.4289 3.99
      vertex -30.9955 -30.691 3.99
      vertex -30.9955 -33.309 3.99
    endloop
  endfacet
  facet normal 0 0 -1
    outer loop
      vertex -31.175 -33.4289 3.99
      vertex -31.175 -30.5711 3.99
      vertex -30.9955 -30.691 3.99
    endloop
  endfacet
  facet normal 0 0 -1
    outer loop
      vertex -31.3686 -33.5244 3.99
      vertex -31.175 -30.5711 3.99
      vertex -31.175 -33.4289 3.99
    endloop
  endfacet
  facet normal 0 0 -1
    outer loop
      vertex -31.3686 -33.5244 3.99
      vertex -31.3686 -30.4756 3.99
      vertex -31.175 -30.5711 3.99
    endloop
  endfacet
  facet normal 0 0 -1
    outer loop
      vertex -31.5729 -33.5938 3.99
      vertex -31.3686 -30.4756 3.99
      vertex -31.3686 -33.5244 3.99
    endloop
  endfacet
  facet normal 0 0 -1
    outer loop
      vertex -31.5729 -33.5938 3.99
      vertex -31.5729 -30.4062 3.99
      vertex -31.3686 -30.4756 3.99
    endloop
  endfacet
  facet normal 0 0 -1
    outer loop
      vertex -31.7846 -33.6359 3.99
      vertex -31.5729 -30.4062 3.99
      vertex -31.5729 -33.5938 3.99
    endloop
  endfacet
  facet normal 0 0 -1
    outer loop
      vertex -31.7846 -33.6359 3.99
      vertex -31.7846 -30.3641 3.99
      vertex -31.5729 -30.4062 3.99
    endloop
  endfacet
  facet normal 0 0 -1
    outer loop
      vertex -32 -33.65 3.99
      vertex -31.7846 -30.3641 3.99
      vertex -31.7846 -33.6359 3.99
    endloop
  endfacet
  facet normal 0 0 -1
    outer loop
      vertex -32 -33.65 3.99
      vertex -32 -30.35 3.99
      vertex -31.7846 -30.3641 3.99
    endloop
  endfacet
  facet normal 0 0 -1
    outer loop
      vertex -32.2154 -33.6359 3.99
      vertex -32 -30.35 3.99
      vertex -32 -33.65 3.99
    endloop
  endfacet
  facet normal 0 0 -1
    outer loop
      vertex -32.2154 -33.6359 3.99
      vertex -32.2154 -30.3641 3.99
      vertex -32 -30.35 3.99
    endloop
  endfacet
  facet normal 0 0 -1
    outer loop
      vertex -32.4271 -33.5938 3.99
      vertex -32.2154 -30.3641 3.99
      vertex -32.2154 -33.6359 3.99
    endloop
  endfacet
  facet normal 0 0 -1
    outer loop
      vertex -32.4271 -33.5938 3.99
      vertex -32.4271 -30.4062 3.99
      vertex -32.2154 -30.3641 3.99
    endloop
  endfacet
  facet normal 0 0 -1
    outer loop
      vertex -32.6314 -33.5244 3.99
      vertex -32.4271 -30.4062 3.99
      vertex -32.4271 -33.5938 3.99
    endloop
  endfacet
  facet normal 0 0 -1
    outer loop
      vertex -32.6314 -33.5244 3.99
      vertex -32.6314 -30.4756 3.99
      vertex -32.4271 -30.4062 3.99
    endloop
  endfacet
  facet normal 0 0 -1
    outer loop
      vertex -32.825 -33.4289 3.99
      vertex -32.6314 -30.4756 3.99
      vertex -32.6314 -33.5244 3.99
    endloop
  endfacet
  facet normal 0 0 -1
    outer loop
      vertex -32.825 -33.4289 3.99
      vertex -32.825 -30.5711 3.99
      vertex -32.6314 -30.4756 3.99
    endloop
  endfacet
  facet normal 0 0 -1
    outer loop
      vertex -33.0045 -33.309 3.99
      vertex -32.825 -30.5711 3.99
      vertex -32.825 -33.4289 3.99
    endloop
  endfacet
  facet normal 0 0 -1
    outer loop
      vertex -33.0045 -33.309 3.99
      vertex -33.0045 -30.691 3.99
      vertex -32.825 -30.5711 3.99
    endloop
  endfacet
  facet normal 0 0 -1
    outer loop
      vertex -33.1667 -33.1667 3.99
      vertex -33.0045 -30.691 3.99
      vertex -33.0045 -33.309 3.99
    endloop
  endfacet
  facet normal 0 0 -1
    outer loop
      vertex -33.1667 -33.1667 3.99
      vertex -33.1667 -30.8333 3.99
      vertex -33.0045 -30.691 3.99
    endloop
  endfacet
  facet normal 0 0 -1
    outer loop
      vertex -33.309 -33.0045 3.99
      vertex -33.1667 -30.8333 3.99
      vertex -33.1667 -33.1667 3.99
    endloop
  endfacet
  facet normal 0 0 -1
    outer loop
      vertex -33.309 -33.0045 3.99
      vertex -33.309 -30.9955 3.99
      vertex -33.1667 -30.8333 3.99
    endloop
  endfacet
  facet normal 0 0 -1
    outer loop
      vertex -33.4289 -32.825 3.99
      vertex -33.309 -30.9955 3.99
      vertex -33.309 -33.0045 3.99
    endloop
  endfacet
  facet normal 0 0 -1
    outer loop
      vertex -33.4289 -32.825 3.99
      vertex -33.4289 -31.175 3.99
      vertex -33.309 -30.9955 3.99
    endloop
  endfacet
  facet normal 0 0 -1
    outer loop
      vertex -33.5244 -32.6314 3.99
      vertex -33.4289 -31.175 3.99
      vertex -33.4289 -32.825 3.99
    endloop
  endfacet
  facet normal 0 0 -1
    outer loop
      vertex -33.5244 -32.6314 3.99
      vertex -33.5244 -31.3686 3.99
      vertex -33.4289 -31.175 3.99
    endloop
  endfacet
  facet normal 0 0 -1
    outer loop
      vertex -33.5938 -32.4271 3.99
      vertex -33.5244 -31.3686 3.99
      vertex -33.5244 -32.6314 3.99
    endloop
  endfacet
  facet normal 0 0 -1
    outer loop
      vertex -33.5938 -32.4271 3.99
      vertex -33.5938 -31.5729 3.99
      vertex -33.5244 -31.3686 3.99
    endloop
  endfacet
  facet normal 0 0 -1
    outer loop
      vertex -33.6359 -32.2154 3.99
      vertex -33.5938 -31.5729 3.99
      vertex -33.5938 -32.4271 3.99
    endloop
  endfacet
  facet normal 0 0 -1
    outer loop
      vertex -33.6359 -32.2154 3.99
      vertex -33.6359 -31.7846 3.99
      vertex -33.5938 -31.5729 3.99
    endloop
  endfacet
  facet normal 0 -0 -1
    outer loop
      vertex -33.6359 -31.7846 3.99
      vertex -33.6359 -32.2154 3.99
      vertex -33.65 -32 3.99
    endloop
  endfacet
  facet normal 0.442389 -0.896823 0
    outer loop
      vertex -32.825 -30.5711 0
      vertex -32.6314 -30.4756 3.99
      vertex -32.825 -30.5711 3.99
    endloop
  endfacet
  facet normal 0.442389 -0.896823 0
    outer loop
      vertex -32.6314 -30.4756 3.99
      vertex -32.825 -30.5711 0
      vertex -32.6314 -30.4756 0
    endloop
  endfacet
  facet normal 0.0653198 -0.997864 0
    outer loop
      vertex -32.2154 -30.3641 0
      vertex -32 -30.35 3.99
      vertex -32.2154 -30.3641 3.99
    endloop
  endfacet
  facet normal 0.0653198 -0.997864 0
    outer loop
      vertex -32 -30.35 3.99
      vertex -32.2154 -30.3641 0
      vertex -32 -30.35 0
    endloop
  endfacet
  facet normal -0.195047 0.980794 0
    outer loop
      vertex -31.5729 -33.5938 0
      vertex -31.7846 -33.6359 3.99
      vertex -31.5729 -33.5938 3.99
    endloop
  endfacet
  facet normal -0.195047 0.980794 0
    outer loop
      vertex -31.7846 -33.6359 3.99
      vertex -31.5729 -33.5938 0
      vertex -31.7846 -33.6359 0
    endloop
  endfacet
  facet normal -0.0653198 0.997864 0
    outer loop
      vertex -31.7846 -33.6359 0
      vertex -32 -33.65 3.99
      vertex -31.7846 -33.6359 3.99
    endloop
  endfacet
  facet normal -0.0653198 0.997864 0
    outer loop
      vertex -32 -33.65 3.99
      vertex -31.7846 -33.6359 0
      vertex -32 -33.65 0
    endloop
  endfacet
  facet normal -0.659488 0.751715 0
    outer loop
      vertex -30.8333 -33.1667 0
      vertex -30.9955 -33.309 3.99
      vertex -30.8333 -33.1667 3.99
    endloop
  endfacet
  facet normal -0.659488 0.751715 0
    outer loop
      vertex -30.9955 -33.309 3.99
      vertex -30.8333 -33.1667 0
      vertex -30.9955 -33.309 0
    endloop
  endfacet
  facet normal -0.442389 0.896823 0
    outer loop
      vertex -31.175 -33.4289 0
      vertex -31.3686 -33.5244 3.99
      vertex -31.175 -33.4289 3.99
    endloop
  endfacet
  facet normal -0.442389 0.896823 0
    outer loop
      vertex -31.3686 -33.5244 3.99
      vertex -31.175 -33.4289 0
      vertex -31.3686 -33.5244 0
    endloop
  endfacet
  facet normal -0.94686 0.321645 0
    outer loop
      vertex -30.4756 -32.6314 0
      vertex -30.4062 -32.4271 3.99
      vertex -30.4062 -32.4271 0
    endloop
  endfacet
  facet normal -0.94686 0.321645 0
    outer loop
      vertex -30.4062 -32.4271 3.99
      vertex -30.4756 -32.6314 0
      vertex -30.4756 -32.6314 3.99
    endloop
  endfacet
  facet normal 0.442389 0.896823 -0
    outer loop
      vertex -32.6314 -33.5244 0
      vertex -32.825 -33.4289 3.99
      vertex -32.6314 -33.5244 3.99
    endloop
  endfacet
  facet normal 0.442389 0.896823 0
    outer loop
      vertex -32.825 -33.4289 3.99
      vertex -32.6314 -33.5244 0
      vertex -32.825 -33.4289 0
    endloop
  endfacet
  facet normal 0.321645 0.94686 -0
    outer loop
      vertex -32.4271 -33.5938 0
      vertex -32.6314 -33.5244 3.99
      vertex -32.4271 -33.5938 3.99
    endloop
  endfacet
  facet normal 0.321645 0.94686 0
    outer loop
      vertex -32.6314 -33.5244 3.99
      vertex -32.4271 -33.5938 0
      vertex -32.6314 -33.5244 0
    endloop
  endfacet
  facet normal 0.896823 0.442389 0
    outer loop
      vertex -33.4289 -32.825 3.99
      vertex -33.5244 -32.6314 0
      vertex -33.5244 -32.6314 3.99
    endloop
  endfacet
  facet normal 0.896823 0.442389 0
    outer loop
      vertex -33.5244 -32.6314 0
      vertex -33.4289 -32.825 3.99
      vertex -33.4289 -32.825 0
    endloop
  endfacet
  facet normal 0.831551 0.555448 0
    outer loop
      vertex -33.309 -33.0045 3.99
      vertex -33.4289 -32.825 0
      vertex -33.4289 -32.825 3.99
    endloop
  endfacet
  facet normal 0.831551 0.555448 0
    outer loop
      vertex -33.4289 -32.825 0
      vertex -33.309 -33.0045 3.99
      vertex -33.309 -33.0045 0
    endloop
  endfacet
  facet normal 0.997864 0.0653198 0
    outer loop
      vertex -33.6359 -32.2154 3.99
      vertex -33.65 -32 0
      vertex -33.65 -32 3.99
    endloop
  endfacet
  facet normal 0.997864 0.0653198 0
    outer loop
      vertex -33.65 -32 0
      vertex -33.6359 -32.2154 3.99
      vertex -33.6359 -32.2154 0
    endloop
  endfacet
  facet normal -0.94686 -0.321645 0
    outer loop
      vertex -30.4062 -31.5729 0
      vertex -30.4756 -31.3686 3.99
      vertex -30.4756 -31.3686 0
    endloop
  endfacet
  facet normal -0.94686 -0.321645 0
    outer loop
      vertex -30.4756 -31.3686 3.99
      vertex -30.4062 -31.5729 0
      vertex -30.4062 -31.5729 3.99
    endloop
  endfacet
  facet normal -0.980794 -0.195047 0
    outer loop
      vertex -30.3641 -31.7846 0
      vertex -30.4062 -31.5729 3.99
      vertex -30.4062 -31.5729 0
    endloop
  endfacet
  facet normal -0.980794 -0.195047 0
    outer loop
      vertex -30.4062 -31.5729 3.99
      vertex -30.3641 -31.7846 0
      vertex -30.3641 -31.7846 3.99
    endloop
  endfacet
  facet normal -0.195047 -0.980794 0
    outer loop
      vertex -31.7846 -30.3641 0
      vertex -31.5729 -30.4062 3.99
      vertex -31.7846 -30.3641 3.99
    endloop
  endfacet
  facet normal -0.195047 -0.980794 -0
    outer loop
      vertex -31.5729 -30.4062 3.99
      vertex -31.7846 -30.3641 0
      vertex -31.5729 -30.4062 0
    endloop
  endfacet
  facet normal -0.659488 -0.751715 0
    outer loop
      vertex -30.9955 -30.691 0
      vertex -30.8333 -30.8333 3.99
      vertex -30.9955 -30.691 3.99
    endloop
  endfacet
  facet normal -0.659488 -0.751715 -0
    outer loop
      vertex -30.8333 -30.8333 3.99
      vertex -30.9955 -30.691 0
      vertex -30.8333 -30.8333 0
    endloop
  endfacet
  facet normal 0.751715 -0.659488 0
    outer loop
      vertex -33.309 -30.9955 3.99
      vertex -33.1667 -30.8333 0
      vertex -33.1667 -30.8333 3.99
    endloop
  endfacet
  facet normal 0.751715 -0.659488 0
    outer loop
      vertex -33.1667 -30.8333 0
      vertex -33.309 -30.9955 3.99
      vertex -33.309 -30.9955 0
    endloop
  endfacet
  facet normal 0.94686 -0.321645 0
    outer loop
      vertex -33.5938 -31.5729 3.99
      vertex -33.5244 -31.3686 0
      vertex -33.5244 -31.3686 3.99
    endloop
  endfacet
  facet normal 0.94686 -0.321645 0
    outer loop
      vertex -33.5244 -31.3686 0
      vertex -33.5938 -31.5729 3.99
      vertex -33.5938 -31.5729 0
    endloop
  endfacet
  facet normal 0.980794 -0.195047 0
    outer loop
      vertex -33.6359 -31.7846 3.99
      vertex -33.5938 -31.5729 0
      vertex -33.5938 -31.5729 3.99
    endloop
  endfacet
  facet normal 0.980794 -0.195047 0
    outer loop
      vertex -33.5938 -31.5729 0
      vertex -33.6359 -31.7846 3.99
      vertex -33.6359 -31.7846 0
    endloop
  endfacet
  facet normal -0.997864 0.0653198 0
    outer loop
      vertex -30.3641 -32.2154 0
      vertex -30.35 -32 3.99
      vertex -30.35 -32 0
    endloop
  endfacet
  facet normal -0.997864 0.0653198 0
    outer loop
      vertex -30.35 -32 3.99
      vertex -30.3641 -32.2154 0
      vertex -30.3641 -32.2154 3.99
    endloop
  endfacet
  facet normal -0.555448 0.831551 0
    outer loop
      vertex -30.9955 -33.309 0
      vertex -31.175 -33.4289 3.99
      vertex -30.9955 -33.309 3.99
    endloop
  endfacet
  facet normal -0.555448 0.831551 0
    outer loop
      vertex -31.175 -33.4289 3.99
      vertex -30.9955 -33.309 0
      vertex -31.175 -33.4289 0
    endloop
  endfacet
  facet normal -0.896823 0.442389 0
    outer loop
      vertex -30.5711 -32.825 0
      vertex -30.4756 -32.6314 3.99
      vertex -30.4756 -32.6314 0
    endloop
  endfacet
  facet normal -0.896823 0.442389 0
    outer loop
      vertex -30.4756 -32.6314 3.99
      vertex -30.5711 -32.825 0
      vertex -30.5711 -32.825 3.99
    endloop
  endfacet
  facet normal -0.751715 0.659488 0
    outer loop
      vertex -30.8333 -33.1667 0
      vertex -30.691 -33.0045 3.99
      vertex -30.691 -33.0045 0
    endloop
  endfacet
  facet normal -0.751715 0.659488 0
    outer loop
      vertex -30.691 -33.0045 3.99
      vertex -30.8333 -33.1667 0
      vertex -30.8333 -33.1667 3.99
    endloop
  endfacet
  facet normal -0.831551 0.555448 0
    outer loop
      vertex -30.691 -33.0045 0
      vertex -30.5711 -32.825 3.99
      vertex -30.5711 -32.825 0
    endloop
  endfacet
  facet normal -0.831551 0.555448 0
    outer loop
      vertex -30.5711 -32.825 3.99
      vertex -30.691 -33.0045 0
      vertex -30.691 -33.0045 3.99
    endloop
  endfacet
  facet normal 0.659488 0.751715 -0
    outer loop
      vertex -33.0045 -33.309 0
      vertex -33.1667 -33.1667 3.99
      vertex -33.0045 -33.309 3.99
    endloop
  endfacet
  facet normal 0.659488 0.751715 0
    outer loop
      vertex -33.1667 -33.1667 3.99
      vertex -33.0045 -33.309 0
      vertex -33.1667 -33.1667 0
    endloop
  endfacet
  facet normal 0.555448 0.831551 -0
    outer loop
      vertex -32.825 -33.4289 0
      vertex -33.0045 -33.309 3.99
      vertex -32.825 -33.4289 3.99
    endloop
  endfacet
  facet normal 0.555448 0.831551 0
    outer loop
      vertex -33.0045 -33.309 3.99
      vertex -32.825 -33.4289 0
      vertex -33.0045 -33.309 0
    endloop
  endfacet
  facet normal 0.0653198 0.997864 -0
    outer loop
      vertex -32 -33.65 0
      vertex -32.2154 -33.6359 3.99
      vertex -32 -33.65 3.99
    endloop
  endfacet
  facet normal 0.0653198 0.997864 0
    outer loop
      vertex -32.2154 -33.6359 3.99
      vertex -32 -33.65 0
      vertex -32.2154 -33.6359 0
    endloop
  endfacet
  facet normal 0.751715 0.659488 0
    outer loop
      vertex -33.1667 -33.1667 3.99
      vertex -33.309 -33.0045 0
      vertex -33.309 -33.0045 3.99
    endloop
  endfacet
  facet normal 0.751715 0.659488 0
    outer loop
      vertex -33.309 -33.0045 0
      vertex -33.1667 -33.1667 3.99
      vertex -33.1667 -33.1667 0
    endloop
  endfacet
  facet normal -0.321645 -0.94686 0
    outer loop
      vertex -31.5729 -30.4062 0
      vertex -31.3686 -30.4756 3.99
      vertex -31.5729 -30.4062 3.99
    endloop
  endfacet
  facet normal -0.321645 -0.94686 -0
    outer loop
      vertex -31.3686 -30.4756 3.99
      vertex -31.5729 -30.4062 0
      vertex -31.3686 -30.4756 0
    endloop
  endfacet
  facet normal 0.555448 -0.831551 0
    outer loop
      vertex -33.0045 -30.691 0
      vertex -32.825 -30.5711 3.99
      vertex -33.0045 -30.691 3.99
    endloop
  endfacet
  facet normal 0.555448 -0.831551 0
    outer loop
      vertex -32.825 -30.5711 3.99
      vertex -33.0045 -30.691 0
      vertex -32.825 -30.5711 0
    endloop
  endfacet
  facet normal 0.195047 -0.980794 0
    outer loop
      vertex -32.4271 -30.4062 0
      vertex -32.2154 -30.3641 3.99
      vertex -32.4271 -30.4062 3.99
    endloop
  endfacet
  facet normal 0.195047 -0.980794 0
    outer loop
      vertex -32.2154 -30.3641 3.99
      vertex -32.4271 -30.4062 0
      vertex -32.2154 -30.3641 0
    endloop
  endfacet
  facet normal -0.321645 0.94686 0
    outer loop
      vertex -31.3686 -33.5244 0
      vertex -31.5729 -33.5938 3.99
      vertex -31.3686 -33.5244 3.99
    endloop
  endfacet
  facet normal -0.321645 0.94686 0
    outer loop
      vertex -31.5729 -33.5938 3.99
      vertex -31.3686 -33.5244 0
      vertex -31.5729 -33.5938 0
    endloop
  endfacet
  facet normal -0.980794 0.195047 0
    outer loop
      vertex -30.4062 -32.4271 0
      vertex -30.3641 -32.2154 3.99
      vertex -30.3641 -32.2154 0
    endloop
  endfacet
  facet normal -0.980794 0.195047 0
    outer loop
      vertex -30.3641 -32.2154 3.99
      vertex -30.4062 -32.4271 0
      vertex -30.4062 -32.4271 3.99
    endloop
  endfacet
  facet normal 0.195047 0.980794 -0
    outer loop
      vertex -32.2154 -33.6359 0
      vertex -32.4271 -33.5938 3.99
      vertex -32.2154 -33.6359 3.99
    endloop
  endfacet
  facet normal 0.195047 0.980794 0
    outer loop
      vertex -32.4271 -33.5938 3.99
      vertex -32.2154 -33.6359 0
      vertex -32.4271 -33.5938 0
    endloop
  endfacet
  facet normal 0.94686 0.321645 0
    outer loop
      vertex -33.5244 -32.6314 3.99
      vertex -33.5938 -32.4271 0
      vertex -33.5938 -32.4271 3.99
    endloop
  endfacet
  facet normal 0.94686 0.321645 0
    outer loop
      vertex -33.5938 -32.4271 0
      vertex -33.5244 -32.6314 3.99
      vertex -33.5244 -32.6314 0
    endloop
  endfacet
  facet normal -0.997864 -0.0653198 0
    outer loop
      vertex -30.35 32 0
      vertex -30.3641 32.2154 3.99
      vertex -30.3641 32.2154 0
    endloop
  endfacet
  facet normal -0.997864 -0.0653198 0
    outer loop
      vertex -30.3641 32.2154 3.99
      vertex -30.35 32 0
      vertex -30.35 32 3.99
    endloop
  endfacet
  facet normal 0.0653198 -0.997864 0
    outer loop
      vertex -32.2154 33.6359 0
      vertex -32 33.65 3.99
      vertex -32.2154 33.6359 3.99
    endloop
  endfacet
  facet normal 0.0653198 -0.997864 0
    outer loop
      vertex -32 33.65 3.99
      vertex -32.2154 33.6359 0
      vertex -32 33.65 0
    endloop
  endfacet
  facet normal -0.0653198 0.997864 0
    outer loop
      vertex -31.7846 30.3641 0
      vertex -32 30.35 3.99
      vertex -31.7846 30.3641 3.99
    endloop
  endfacet
  facet normal -0.0653198 0.997864 0
    outer loop
      vertex -32 30.35 3.99
      vertex -31.7846 30.3641 0
      vertex -32 30.35 0
    endloop
  endfacet
  facet normal -0.659488 -0.751715 0
    outer loop
      vertex -30.9955 33.309 0
      vertex -30.8333 33.1667 3.99
      vertex -30.9955 33.309 3.99
    endloop
  endfacet
  facet normal -0.659488 -0.751715 -0
    outer loop
      vertex -30.8333 33.1667 3.99
      vertex -30.9955 33.309 0
      vertex -30.8333 33.1667 0
    endloop
  endfacet
  facet normal 0.751715 -0.659488 0
    outer loop
      vertex -33.309 33.0045 3.99
      vertex -33.1667 33.1667 0
      vertex -33.1667 33.1667 3.99
    endloop
  endfacet
  facet normal 0.751715 -0.659488 0
    outer loop
      vertex -33.1667 33.1667 0
      vertex -33.309 33.0045 3.99
      vertex -33.309 33.0045 0
    endloop
  endfacet
  facet normal 0.442389 -0.896823 0
    outer loop
      vertex -32.825 33.4289 0
      vertex -32.6314 33.5244 3.99
      vertex -32.825 33.4289 3.99
    endloop
  endfacet
  facet normal 0.442389 -0.896823 0
    outer loop
      vertex -32.6314 33.5244 3.99
      vertex -32.825 33.4289 0
      vertex -32.6314 33.5244 0
    endloop
  endfacet
  facet normal -0.831551 0.555448 0
    outer loop
      vertex -30.691 30.9955 0
      vertex -30.5711 31.175 3.99
      vertex -30.5711 31.175 0
    endloop
  endfacet
  facet normal -0.831551 0.555448 0
    outer loop
      vertex -30.5711 31.175 3.99
      vertex -30.691 30.9955 0
      vertex -30.691 30.9955 3.99
    endloop
  endfacet
  facet normal -0.896823 -0.442389 0
    outer loop
      vertex -30.4756 32.6314 0
      vertex -30.5711 32.825 3.99
      vertex -30.5711 32.825 0
    endloop
  endfacet
  facet normal -0.896823 -0.442389 0
    outer loop
      vertex -30.5711 32.825 3.99
      vertex -30.4756 32.6314 0
      vertex -30.4756 32.6314 3.99
    endloop
  endfacet
  facet normal -0.321645 -0.94686 0
    outer loop
      vertex -31.5729 33.5938 0
      vertex -31.3686 33.5244 3.99
      vertex -31.5729 33.5938 3.99
    endloop
  endfacet
  facet normal -0.321645 -0.94686 -0
    outer loop
      vertex -31.3686 33.5244 3.99
      vertex -31.5729 33.5938 0
      vertex -31.3686 33.5244 0
    endloop
  endfacet
  facet normal -0.555448 -0.831551 0
    outer loop
      vertex -31.175 33.4289 0
      vertex -30.9955 33.309 3.99
      vertex -31.175 33.4289 3.99
    endloop
  endfacet
  facet normal -0.555448 -0.831551 -0
    outer loop
      vertex -30.9955 33.309 3.99
      vertex -31.175 33.4289 0
      vertex -30.9955 33.309 0
    endloop
  endfacet
  facet normal 0.896823 -0.442389 0
    outer loop
      vertex -33.5244 32.6314 3.99
      vertex -33.4289 32.825 0
      vertex -33.4289 32.825 3.99
    endloop
  endfacet
  facet normal 0.896823 -0.442389 0
    outer loop
      vertex -33.4289 32.825 0
      vertex -33.5244 32.6314 3.99
      vertex -33.5244 32.6314 0
    endloop
  endfacet
  facet normal 0.831551 -0.555448 0
    outer loop
      vertex -33.4289 32.825 3.99
      vertex -33.309 33.0045 0
      vertex -33.309 33.0045 3.99
    endloop
  endfacet
  facet normal 0.831551 -0.555448 0
    outer loop
      vertex -33.309 33.0045 0
      vertex -33.4289 32.825 3.99
      vertex -33.4289 32.825 0
    endloop
  endfacet
  facet normal 0.659488 -0.751715 0
    outer loop
      vertex -33.1667 33.1667 0
      vertex -33.0045 33.309 3.99
      vertex -33.1667 33.1667 3.99
    endloop
  endfacet
  facet normal 0.659488 -0.751715 0
    outer loop
      vertex -33.0045 33.309 3.99
      vertex -33.1667 33.1667 0
      vertex -33.0045 33.309 0
    endloop
  endfacet
  facet normal 0.321645 -0.94686 0
    outer loop
      vertex -32.6314 33.5244 0
      vertex -32.4271 33.5938 3.99
      vertex -32.6314 33.5244 3.99
    endloop
  endfacet
  facet normal 0.321645 -0.94686 0
    outer loop
      vertex -32.4271 33.5938 3.99
      vertex -32.6314 33.5244 0
      vertex -32.4271 33.5938 0
    endloop
  endfacet
  facet normal -0.195047 0.980794 0
    outer loop
      vertex -31.5729 30.4062 0
      vertex -31.7846 30.3641 3.99
      vertex -31.5729 30.4062 3.99
    endloop
  endfacet
  facet normal -0.195047 0.980794 0
    outer loop
      vertex -31.7846 30.3641 3.99
      vertex -31.5729 30.4062 0
      vertex -31.7846 30.3641 0
    endloop
  endfacet
  facet normal -0.94686 -0.321645 0
    outer loop
      vertex -30.4062 32.4271 0
      vertex -30.4756 32.6314 3.99
      vertex -30.4756 32.6314 0
    endloop
  endfacet
  facet normal -0.94686 -0.321645 0
    outer loop
      vertex -30.4756 32.6314 3.99
      vertex -30.4062 32.4271 0
      vertex -30.4062 32.4271 3.99
    endloop
  endfacet
  facet normal -0.980794 -0.195047 0
    outer loop
      vertex -30.3641 32.2154 0
      vertex -30.4062 32.4271 3.99
      vertex -30.4062 32.4271 0
    endloop
  endfacet
  facet normal -0.980794 -0.195047 0
    outer loop
      vertex -30.4062 32.4271 3.99
      vertex -30.3641 32.2154 0
      vertex -30.3641 32.2154 3.99
    endloop
  endfacet
  facet normal -0.751715 -0.659488 0
    outer loop
      vertex -30.691 33.0045 0
      vertex -30.8333 33.1667 3.99
      vertex -30.8333 33.1667 0
    endloop
  endfacet
  facet normal -0.751715 -0.659488 0
    outer loop
      vertex -30.8333 33.1667 3.99
      vertex -30.691 33.0045 0
      vertex -30.691 33.0045 3.99
    endloop
  endfacet
  facet normal -0.831551 -0.555448 0
    outer loop
      vertex -30.5711 32.825 0
      vertex -30.691 33.0045 3.99
      vertex -30.691 33.0045 0
    endloop
  endfacet
  facet normal -0.831551 -0.555448 0
    outer loop
      vertex -30.691 33.0045 3.99
      vertex -30.5711 32.825 0
      vertex -30.5711 32.825 3.99
    endloop
  endfacet
  facet normal -0.195047 -0.980794 0
    outer loop
      vertex -31.7846 33.6359 0
      vertex -31.5729 33.5938 3.99
      vertex -31.7846 33.6359 3.99
    endloop
  endfacet
  facet normal -0.195047 -0.980794 -0
    outer loop
      vertex -31.5729 33.5938 3.99
      vertex -31.7846 33.6359 0
      vertex -31.5729 33.5938 0
    endloop
  endfacet
  facet normal -0.0653198 -0.997864 0
    outer loop
      vertex -32 33.65 0
      vertex -31.7846 33.6359 3.99
      vertex -32 33.65 3.99
    endloop
  endfacet
  facet normal -0.0653198 -0.997864 -0
    outer loop
      vertex -31.7846 33.6359 3.99
      vertex -32 33.65 0
      vertex -31.7846 33.6359 0
    endloop
  endfacet
  facet normal -0.442389 -0.896823 0
    outer loop
      vertex -31.3686 33.5244 0
      vertex -31.175 33.4289 3.99
      vertex -31.3686 33.5244 3.99
    endloop
  endfacet
  facet normal -0.442389 -0.896823 -0
    outer loop
      vertex -31.175 33.4289 3.99
      vertex -31.3686 33.5244 0
      vertex -31.175 33.4289 0
    endloop
  endfacet
  facet normal 0.94686 -0.321645 0
    outer loop
      vertex -33.5938 32.4271 3.99
      vertex -33.5244 32.6314 0
      vertex -33.5244 32.6314 3.99
    endloop
  endfacet
  facet normal 0.94686 -0.321645 0
    outer loop
      vertex -33.5244 32.6314 0
      vertex -33.5938 32.4271 3.99
      vertex -33.5938 32.4271 0
    endloop
  endfacet
  facet normal 0.997864 -0.0653198 0
    outer loop
      vertex -33.65 32 3.99
      vertex -33.6359 32.2154 0
      vertex -33.6359 32.2154 3.99
    endloop
  endfacet
  facet normal 0.997864 -0.0653198 0
    outer loop
      vertex -33.6359 32.2154 0
      vertex -33.65 32 3.99
      vertex -33.65 32 0
    endloop
  endfacet
  facet normal 0.997864 0.0653198 0
    outer loop
      vertex -33.6359 31.7846 3.99
      vertex -33.65 32 0
      vertex -33.65 32 3.99
    endloop
  endfacet
  facet normal 0.997864 0.0653198 0
    outer loop
      vertex -33.65 32 0
      vertex -33.6359 31.7846 3.99
      vertex -33.6359 31.7846 0
    endloop
  endfacet
  facet normal 0.555448 -0.831551 0
    outer loop
      vertex -33.0045 33.309 0
      vertex -32.825 33.4289 3.99
      vertex -33.0045 33.309 3.99
    endloop
  endfacet
  facet normal 0.555448 -0.831551 0
    outer loop
      vertex -32.825 33.4289 3.99
      vertex -33.0045 33.309 0
      vertex -32.825 33.4289 0
    endloop
  endfacet
  facet normal 0.195047 -0.980794 0
    outer loop
      vertex -32.4271 33.5938 0
      vertex -32.2154 33.6359 3.99
      vertex -32.4271 33.5938 3.99
    endloop
  endfacet
  facet normal 0.195047 -0.980794 0
    outer loop
      vertex -32.2154 33.6359 3.99
      vertex -32.4271 33.5938 0
      vertex -32.2154 33.6359 0
    endloop
  endfacet
  facet normal -0.751715 0.659488 0
    outer loop
      vertex -30.8333 30.8333 0
      vertex -30.691 30.9955 3.99
      vertex -30.691 30.9955 0
    endloop
  endfacet
  facet normal -0.751715 0.659488 0
    outer loop
      vertex -30.691 30.9955 3.99
      vertex -30.8333 30.8333 0
      vertex -30.8333 30.8333 3.99
    endloop
  endfacet
  facet normal -0.980794 0.195047 0
    outer loop
      vertex -30.4062 31.5729 0
      vertex -30.3641 31.7846 3.99
      vertex -30.3641 31.7846 0
    endloop
  endfacet
  facet normal -0.980794 0.195047 0
    outer loop
      vertex -30.3641 31.7846 3.99
      vertex -30.4062 31.5729 0
      vertex -30.4062 31.5729 3.99
    endloop
  endfacet
  facet normal 0.321645 0.94686 -0
    outer loop
      vertex -32.4271 30.4062 0
      vertex -32.6314 30.4756 3.99
      vertex -32.4271 30.4062 3.99
    endloop
  endfacet
  facet normal 0.321645 0.94686 0
    outer loop
      vertex -32.6314 30.4756 3.99
      vertex -32.4271 30.4062 0
      vertex -32.6314 30.4756 0
    endloop
  endfacet
  facet normal -0.442389 0.896823 0
    outer loop
      vertex -31.175 30.5711 0
      vertex -31.3686 30.4756 3.99
      vertex -31.175 30.5711 3.99
    endloop
  endfacet
  facet normal -0.442389 0.896823 0
    outer loop
      vertex -31.3686 30.4756 3.99
      vertex -31.175 30.5711 0
      vertex -31.3686 30.4756 0
    endloop
  endfacet
  facet normal 0 0 -1
    outer loop
      vertex -30.3641 31.7846 3.99
      vertex -30.3641 32.2154 3.99
      vertex -30.35 32 3.99
    endloop
  endfacet
  facet normal 0 0 -1
    outer loop
      vertex -30.4062 31.5729 3.99
      vertex -30.3641 32.2154 3.99
      vertex -30.3641 31.7846 3.99
    endloop
  endfacet
  facet normal 0 0 -1
    outer loop
      vertex -30.4062 31.5729 3.99
      vertex -30.4062 32.4271 3.99
      vertex -30.3641 32.2154 3.99
    endloop
  endfacet
  facet normal 0 0 -1
    outer loop
      vertex -30.4756 31.3686 3.99
      vertex -30.4062 32.4271 3.99
      vertex -30.4062 31.5729 3.99
    endloop
  endfacet
  facet normal 0 0 -1
    outer loop
      vertex -30.4756 31.3686 3.99
      vertex -30.4756 32.6314 3.99
      vertex -30.4062 32.4271 3.99
    endloop
  endfacet
  facet normal 0 0 -1
    outer loop
      vertex -30.5711 31.175 3.99
      vertex -30.4756 32.6314 3.99
      vertex -30.4756 31.3686 3.99
    endloop
  endfacet
  facet normal 0 0 -1
    outer loop
      vertex -30.5711 31.175 3.99
      vertex -30.5711 32.825 3.99
      vertex -30.4756 32.6314 3.99
    endloop
  endfacet
  facet normal 0 0 -1
    outer loop
      vertex -30.691 30.9955 3.99
      vertex -30.5711 32.825 3.99
      vertex -30.5711 31.175 3.99
    endloop
  endfacet
  facet normal 0 0 -1
    outer loop
      vertex -30.691 30.9955 3.99
      vertex -30.691 33.0045 3.99
      vertex -30.5711 32.825 3.99
    endloop
  endfacet
  facet normal 0 0 -1
    outer loop
      vertex -30.8333 30.8333 3.99
      vertex -30.691 33.0045 3.99
      vertex -30.691 30.9955 3.99
    endloop
  endfacet
  facet normal 0 0 -1
    outer loop
      vertex -30.8333 30.8333 3.99
      vertex -30.8333 33.1667 3.99
      vertex -30.691 33.0045 3.99
    endloop
  endfacet
  facet normal 0 0 -1
    outer loop
      vertex -30.9955 30.691 3.99
      vertex -30.8333 33.1667 3.99
      vertex -30.8333 30.8333 3.99
    endloop
  endfacet
  facet normal 0 0 -1
    outer loop
      vertex -30.9955 30.691 3.99
      vertex -30.9955 33.309 3.99
      vertex -30.8333 33.1667 3.99
    endloop
  endfacet
  facet normal 0 0 -1
    outer loop
      vertex -31.175 30.5711 3.99
      vertex -30.9955 33.309 3.99
      vertex -30.9955 30.691 3.99
    endloop
  endfacet
  facet normal 0 0 -1
    outer loop
      vertex -31.175 30.5711 3.99
      vertex -31.175 33.4289 3.99
      vertex -30.9955 33.309 3.99
    endloop
  endfacet
  facet normal 0 0 -1
    outer loop
      vertex -31.3686 30.4756 3.99
      vertex -31.175 33.4289 3.99
      vertex -31.175 30.5711 3.99
    endloop
  endfacet
  facet normal 0 0 -1
    outer loop
      vertex -31.3686 30.4756 3.99
      vertex -31.3686 33.5244 3.99
      vertex -31.175 33.4289 3.99
    endloop
  endfacet
  facet normal 0 0 -1
    outer loop
      vertex -31.5729 30.4062 3.99
      vertex -31.3686 33.5244 3.99
      vertex -31.3686 30.4756 3.99
    endloop
  endfacet
  facet normal 0 0 -1
    outer loop
      vertex -31.5729 30.4062 3.99
      vertex -31.5729 33.5938 3.99
      vertex -31.3686 33.5244 3.99
    endloop
  endfacet
  facet normal 0 0 -1
    outer loop
      vertex -31.7846 30.3641 3.99
      vertex -31.5729 33.5938 3.99
      vertex -31.5729 30.4062 3.99
    endloop
  endfacet
  facet normal 0 0 -1
    outer loop
      vertex -31.7846 30.3641 3.99
      vertex -31.7846 33.6359 3.99
      vertex -31.5729 33.5938 3.99
    endloop
  endfacet
  facet normal 0 0 -1
    outer loop
      vertex -32 30.35 3.99
      vertex -31.7846 33.6359 3.99
      vertex -31.7846 30.3641 3.99
    endloop
  endfacet
  facet normal 0 0 -1
    outer loop
      vertex -32 30.35 3.99
      vertex -32 33.65 3.99
      vertex -31.7846 33.6359 3.99
    endloop
  endfacet
  facet normal 0 0 -1
    outer loop
      vertex -32.2154 30.3641 3.99
      vertex -32 33.65 3.99
      vertex -32 30.35 3.99
    endloop
  endfacet
  facet normal 0 0 -1
    outer loop
      vertex -32.2154 30.3641 3.99
      vertex -32.2154 33.6359 3.99
      vertex -32 33.65 3.99
    endloop
  endfacet
  facet normal 0 0 -1
    outer loop
      vertex -32.4271 30.4062 3.99
      vertex -32.2154 33.6359 3.99
      vertex -32.2154 30.3641 3.99
    endloop
  endfacet
  facet normal 0 0 -1
    outer loop
      vertex -32.4271 30.4062 3.99
      vertex -32.4271 33.5938 3.99
      vertex -32.2154 33.6359 3.99
    endloop
  endfacet
  facet normal 0 0 -1
    outer loop
      vertex -32.6314 30.4756 3.99
      vertex -32.4271 33.5938 3.99
      vertex -32.4271 30.4062 3.99
    endloop
  endfacet
  facet normal 0 0 -1
    outer loop
      vertex -32.6314 30.4756 3.99
      vertex -32.6314 33.5244 3.99
      vertex -32.4271 33.5938 3.99
    endloop
  endfacet
  facet normal 0 0 -1
    outer loop
      vertex -32.825 30.5711 3.99
      vertex -32.6314 33.5244 3.99
      vertex -32.6314 30.4756 3.99
    endloop
  endfacet
  facet normal 0 0 -1
    outer loop
      vertex -32.825 30.5711 3.99
      vertex -32.825 33.4289 3.99
      vertex -32.6314 33.5244 3.99
    endloop
  endfacet
  facet normal 0 0 -1
    outer loop
      vertex -33.0045 30.691 3.99
      vertex -32.825 33.4289 3.99
      vertex -32.825 30.5711 3.99
    endloop
  endfacet
  facet normal 0 0 -1
    outer loop
      vertex -33.0045 30.691 3.99
      vertex -33.0045 33.309 3.99
      vertex -32.825 33.4289 3.99
    endloop
  endfacet
  facet normal 0 0 -1
    outer loop
      vertex -33.1667 30.8333 3.99
      vertex -33.0045 33.309 3.99
      vertex -33.0045 30.691 3.99
    endloop
  endfacet
  facet normal 0 0 -1
    outer loop
      vertex -33.1667 30.8333 3.99
      vertex -33.1667 33.1667 3.99
      vertex -33.0045 33.309 3.99
    endloop
  endfacet
  facet normal 0 0 -1
    outer loop
      vertex -33.309 30.9955 3.99
      vertex -33.1667 33.1667 3.99
      vertex -33.1667 30.8333 3.99
    endloop
  endfacet
  facet normal 0 0 -1
    outer loop
      vertex -33.309 30.9955 3.99
      vertex -33.309 33.0045 3.99
      vertex -33.1667 33.1667 3.99
    endloop
  endfacet
  facet normal 0 0 -1
    outer loop
      vertex -33.4289 31.175 3.99
      vertex -33.309 33.0045 3.99
      vertex -33.309 30.9955 3.99
    endloop
  endfacet
  facet normal 0 0 -1
    outer loop
      vertex -33.4289 31.175 3.99
      vertex -33.4289 32.825 3.99
      vertex -33.309 33.0045 3.99
    endloop
  endfacet
  facet normal 0 0 -1
    outer loop
      vertex -33.5244 31.3686 3.99
      vertex -33.4289 32.825 3.99
      vertex -33.4289 31.175 3.99
    endloop
  endfacet
  facet normal 0 0 -1
    outer loop
      vertex -33.5244 31.3686 3.99
      vertex -33.5244 32.6314 3.99
      vertex -33.4289 32.825 3.99
    endloop
  endfacet
  facet normal 0 0 -1
    outer loop
      vertex -33.5938 31.5729 3.99
      vertex -33.5244 32.6314 3.99
      vertex -33.5244 31.3686 3.99
    endloop
  endfacet
  facet normal 0 0 -1
    outer loop
      vertex -33.5938 31.5729 3.99
      vertex -33.5938 32.4271 3.99
      vertex -33.5244 32.6314 3.99
    endloop
  endfacet
  facet normal 0 0 -1
    outer loop
      vertex -33.6359 31.7846 3.99
      vertex -33.5938 32.4271 3.99
      vertex -33.5938 31.5729 3.99
    endloop
  endfacet
  facet normal 0 0 -1
    outer loop
      vertex -33.6359 31.7846 3.99
      vertex -33.6359 32.2154 3.99
      vertex -33.5938 32.4271 3.99
    endloop
  endfacet
  facet normal 0 -0 -1
    outer loop
      vertex -33.6359 32.2154 3.99
      vertex -33.6359 31.7846 3.99
      vertex -33.65 32 3.99
    endloop
  endfacet
  facet normal 0.980794 -0.195047 0
    outer loop
      vertex -33.6359 32.2154 3.99
      vertex -33.5938 32.4271 0
      vertex -33.5938 32.4271 3.99
    endloop
  endfacet
  facet normal 0.980794 -0.195047 0
    outer loop
      vertex -33.5938 32.4271 0
      vertex -33.6359 32.2154 3.99
      vertex -33.6359 32.2154 0
    endloop
  endfacet
  facet normal -0.555448 0.831551 0
    outer loop
      vertex -30.9955 30.691 0
      vertex -31.175 30.5711 3.99
      vertex -30.9955 30.691 3.99
    endloop
  endfacet
  facet normal -0.555448 0.831551 0
    outer loop
      vertex -31.175 30.5711 3.99
      vertex -30.9955 30.691 0
      vertex -31.175 30.5711 0
    endloop
  endfacet
  facet normal -0.896823 0.442389 0
    outer loop
      vertex -30.5711 31.175 0
      vertex -30.4756 31.3686 3.99
      vertex -30.4756 31.3686 0
    endloop
  endfacet
  facet normal -0.896823 0.442389 0
    outer loop
      vertex -30.4756 31.3686 3.99
      vertex -30.5711 31.175 0
      vertex -30.5711 31.175 3.99
    endloop
  endfacet
  facet normal -0.997864 0.0653198 0
    outer loop
      vertex -30.3641 31.7846 0
      vertex -30.35 32 3.99
      vertex -30.35 32 0
    endloop
  endfacet
  facet normal -0.997864 0.0653198 0
    outer loop
      vertex -30.35 32 3.99
      vertex -30.3641 31.7846 0
      vertex -30.3641 31.7846 3.99
    endloop
  endfacet
  facet normal 0.195047 0.980794 -0
    outer loop
      vertex -32.2154 30.3641 0
      vertex -32.4271 30.4062 3.99
      vertex -32.2154 30.3641 3.99
    endloop
  endfacet
  facet normal 0.195047 0.980794 0
    outer loop
      vertex -32.4271 30.4062 3.99
      vertex -32.2154 30.3641 0
      vertex -32.4271 30.4062 0
    endloop
  endfacet
  facet normal 0.659488 0.751715 -0
    outer loop
      vertex -33.0045 30.691 0
      vertex -33.1667 30.8333 3.99
      vertex -33.0045 30.691 3.99
    endloop
  endfacet
  facet normal 0.659488 0.751715 0
    outer loop
      vertex -33.1667 30.8333 3.99
      vertex -33.0045 30.691 0
      vertex -33.1667 30.8333 0
    endloop
  endfacet
  facet normal 0.831551 0.555448 0
    outer loop
      vertex -33.309 30.9955 3.99
      vertex -33.4289 31.175 0
      vertex -33.4289 31.175 3.99
    endloop
  endfacet
  facet normal 0.831551 0.555448 0
    outer loop
      vertex -33.4289 31.175 0
      vertex -33.309 30.9955 3.99
      vertex -33.309 30.9955 0
    endloop
  endfacet
  facet normal 0.896823 0.442389 0
    outer loop
      vertex -33.4289 31.175 3.99
      vertex -33.5244 31.3686 0
      vertex -33.5244 31.3686 3.99
    endloop
  endfacet
  facet normal 0.896823 0.442389 0
    outer loop
      vertex -33.5244 31.3686 0
      vertex -33.4289 31.175 3.99
      vertex -33.4289 31.175 0
    endloop
  endfacet
  facet normal -0.321645 0.94686 0
    outer loop
      vertex -31.3686 30.4756 0
      vertex -31.5729 30.4062 3.99
      vertex -31.3686 30.4756 3.99
    endloop
  endfacet
  facet normal -0.321645 0.94686 0
    outer loop
      vertex -31.5729 30.4062 3.99
      vertex -31.3686 30.4756 0
      vertex -31.5729 30.4062 0
    endloop
  endfacet
  facet normal -0.659488 0.751715 0
    outer loop
      vertex -30.8333 30.8333 0
      vertex -30.9955 30.691 3.99
      vertex -30.8333 30.8333 3.99
    endloop
  endfacet
  facet normal -0.659488 0.751715 0
    outer loop
      vertex -30.9955 30.691 3.99
      vertex -30.8333 30.8333 0
      vertex -30.9955 30.691 0
    endloop
  endfacet
  facet normal -0.94686 0.321645 0
    outer loop
      vertex -30.4756 31.3686 0
      vertex -30.4062 31.5729 3.99
      vertex -30.4062 31.5729 0
    endloop
  endfacet
  facet normal -0.94686 0.321645 0
    outer loop
      vertex -30.4062 31.5729 3.99
      vertex -30.4756 31.3686 0
      vertex -30.4756 31.3686 3.99
    endloop
  endfacet
  facet normal 0.0653198 0.997864 -0
    outer loop
      vertex -32 30.35 0
      vertex -32.2154 30.3641 3.99
      vertex -32 30.35 3.99
    endloop
  endfacet
  facet normal 0.0653198 0.997864 0
    outer loop
      vertex -32.2154 30.3641 3.99
      vertex -32 30.35 0
      vertex -32.2154 30.3641 0
    endloop
  endfacet
  facet normal 0.442389 0.896823 -0
    outer loop
      vertex -32.6314 30.4756 0
      vertex -32.825 30.5711 3.99
      vertex -32.6314 30.4756 3.99
    endloop
  endfacet
  facet normal 0.442389 0.896823 0
    outer loop
      vertex -32.825 30.5711 3.99
      vertex -32.6314 30.4756 0
      vertex -32.825 30.5711 0
    endloop
  endfacet
  facet normal 0.751715 0.659488 0
    outer loop
      vertex -33.1667 30.8333 3.99
      vertex -33.309 30.9955 0
      vertex -33.309 30.9955 3.99
    endloop
  endfacet
  facet normal 0.751715 0.659488 0
    outer loop
      vertex -33.309 30.9955 0
      vertex -33.1667 30.8333 3.99
      vertex -33.1667 30.8333 0
    endloop
  endfacet
  facet normal 0.94686 0.321645 0
    outer loop
      vertex -33.5244 31.3686 3.99
      vertex -33.5938 31.5729 0
      vertex -33.5938 31.5729 3.99
    endloop
  endfacet
  facet normal 0.94686 0.321645 0
    outer loop
      vertex -33.5938 31.5729 0
      vertex -33.5244 31.3686 3.99
      vertex -33.5244 31.3686 0
    endloop
  endfacet
  facet normal 0.980794 0.195047 0
    outer loop
      vertex -33.5938 31.5729 3.99
      vertex -33.6359 31.7846 0
      vertex -33.6359 31.7846 3.99
    endloop
  endfacet
  facet normal 0.980794 0.195047 0
    outer loop
      vertex -33.6359 31.7846 0
      vertex -33.5938 31.5729 3.99
      vertex -33.5938 31.5729 0
    endloop
  endfacet
  facet normal 0.555448 0.831551 -0
    outer loop
      vertex -32.825 30.5711 0
      vertex -33.0045 30.691 3.99
      vertex -32.825 30.5711 3.99
    endloop
  endfacet
  facet normal 0.555448 0.831551 0
    outer loop
      vertex -33.0045 30.691 3.99
      vertex -32.825 30.5711 0
      vertex -33.0045 30.691 0
    endloop
  endfacet
  facet normal -0.997864 -0.0653198 0
    outer loop
      vertex 33.65 -32 0
      vertex 33.6359 -31.7846 3.99
      vertex 33.6359 -31.7846 0
    endloop
  endfacet
  facet normal -0.997864 -0.0653198 0
    outer loop
      vertex 33.6359 -31.7846 3.99
      vertex 33.65 -32 0
      vertex 33.65 -32 3.99
    endloop
  endfacet
  facet normal 0.997864 -0.0653198 0
    outer loop
      vertex 30.35 -32 3.99
      vertex 30.3641 -31.7846 0
      vertex 30.3641 -31.7846 3.99
    endloop
  endfacet
  facet normal 0.997864 -0.0653198 0
    outer loop
      vertex 30.3641 -31.7846 0
      vertex 30.35 -32 3.99
      vertex 30.35 -32 0
    endloop
  endfacet
  facet normal -0.0653198 -0.997864 0
    outer loop
      vertex 32 -30.35 0
      vertex 32.2154 -30.3641 3.99
      vertex 32 -30.35 3.99
    endloop
  endfacet
  facet normal -0.0653198 -0.997864 -0
    outer loop
      vertex 32.2154 -30.3641 3.99
      vertex 32 -30.35 0
      vertex 32.2154 -30.3641 0
    endloop
  endfacet
  facet normal -0.751715 -0.659488 0
    outer loop
      vertex 33.309 -30.9955 0
      vertex 33.1667 -30.8333 3.99
      vertex 33.1667 -30.8333 0
    endloop
  endfacet
  facet normal -0.751715 -0.659488 0
    outer loop
      vertex 33.1667 -30.8333 3.99
      vertex 33.309 -30.9955 0
      vertex 33.309 -30.9955 3.99
    endloop
  endfacet
  facet normal 0.659488 -0.751715 0
    outer loop
      vertex 30.8333 -30.8333 0
      vertex 30.9955 -30.691 3.99
      vertex 30.8333 -30.8333 3.99
    endloop
  endfacet
  facet normal 0.659488 -0.751715 0
    outer loop
      vertex 30.9955 -30.691 3.99
      vertex 30.8333 -30.8333 0
      vertex 30.9955 -30.691 0
    endloop
  endfacet
  facet normal 0.321645 -0.94686 0
    outer loop
      vertex 31.3686 -30.4756 0
      vertex 31.5729 -30.4062 3.99
      vertex 31.3686 -30.4756 3.99
    endloop
  endfacet
  facet normal 0.321645 -0.94686 0
    outer loop
      vertex 31.5729 -30.4062 3.99
      vertex 31.3686 -30.4756 0
      vertex 31.5729 -30.4062 0
    endloop
  endfacet
  facet normal 0.980794 0.195047 0
    outer loop
      vertex 30.4062 -32.4271 3.99
      vertex 30.3641 -32.2154 0
      vertex 30.3641 -32.2154 3.99
    endloop
  endfacet
  facet normal 0.980794 0.195047 0
    outer loop
      vertex 30.3641 -32.2154 0
      vertex 30.4062 -32.4271 3.99
      vertex 30.4062 -32.4271 0
    endloop
  endfacet
  facet normal -0.896823 -0.442389 0
    outer loop
      vertex 33.5244 -31.3686 0
      vertex 33.4289 -31.175 3.99
      vertex 33.4289 -31.175 0
    endloop
  endfacet
  facet normal -0.896823 -0.442389 0
    outer loop
      vertex 33.4289 -31.175 3.99
      vertex 33.5244 -31.3686 0
      vertex 33.5244 -31.3686 3.99
    endloop
  endfacet
  facet normal -0.831551 -0.555448 0
    outer loop
      vertex 33.4289 -31.175 0
      vertex 33.309 -30.9955 3.99
      vertex 33.309 -30.9955 0
    endloop
  endfacet
  facet normal -0.831551 -0.555448 0
    outer loop
      vertex 33.309 -30.9955 3.99
      vertex 33.4289 -31.175 0
      vertex 33.4289 -31.175 3.99
    endloop
  endfacet
  facet normal -0.442389 -0.896823 0
    outer loop
      vertex 32.6314 -30.4756 0
      vertex 32.825 -30.5711 3.99
      vertex 32.6314 -30.4756 3.99
    endloop
  endfacet
  facet normal -0.442389 -0.896823 -0
    outer loop
      vertex 32.825 -30.5711 3.99
      vertex 32.6314 -30.4756 0
      vertex 32.825 -30.5711 0
    endloop
  endfacet
  facet normal -0.555448 -0.831551 0
    outer loop
      vertex 32.825 -30.5711 0
      vertex 33.0045 -30.691 3.99
      vertex 32.825 -30.5711 3.99
    endloop
  endfacet
  facet normal -0.555448 -0.831551 -0
    outer loop
      vertex 33.0045 -30.691 3.99
      vertex 32.825 -30.5711 0
      vertex 33.0045 -30.691 0
    endloop
  endfacet
  facet normal 0.896823 -0.442389 0
    outer loop
      vertex 30.4756 -31.3686 3.99
      vertex 30.5711 -31.175 0
      vertex 30.5711 -31.175 3.99
    endloop
  endfacet
  facet normal 0.896823 -0.442389 0
    outer loop
      vertex 30.5711 -31.175 0
      vertex 30.4756 -31.3686 3.99
      vertex 30.4756 -31.3686 0
    endloop
  endfacet
  facet normal 0.831551 -0.555448 0
    outer loop
      vertex 30.5711 -31.175 3.99
      vertex 30.691 -30.9955 0
      vertex 30.691 -30.9955 3.99
    endloop
  endfacet
  facet normal 0.831551 -0.555448 0
    outer loop
      vertex 30.691 -30.9955 0
      vertex 30.5711 -31.175 3.99
      vertex 30.5711 -31.175 0
    endloop
  endfacet
  facet normal 0 0 -1
    outer loop
      vertex 33.6359 -32.2154 3.99
      vertex 33.6359 -31.7846 3.99
      vertex 33.65 -32 3.99
    endloop
  endfacet
  facet normal 0 0 -1
    outer loop
      vertex 33.5938 -32.4271 3.99
      vertex 33.6359 -31.7846 3.99
      vertex 33.6359 -32.2154 3.99
    endloop
  endfacet
  facet normal 0 0 -1
    outer loop
      vertex 33.5938 -32.4271 3.99
      vertex 33.5938 -31.5729 3.99
      vertex 33.6359 -31.7846 3.99
    endloop
  endfacet
  facet normal 0 0 -1
    outer loop
      vertex 33.5244 -32.6314 3.99
      vertex 33.5938 -31.5729 3.99
      vertex 33.5938 -32.4271 3.99
    endloop
  endfacet
  facet normal 0 0 -1
    outer loop
      vertex 33.5244 -32.6314 3.99
      vertex 33.5244 -31.3686 3.99
      vertex 33.5938 -31.5729 3.99
    endloop
  endfacet
  facet normal 0 0 -1
    outer loop
      vertex 33.4289 -32.825 3.99
      vertex 33.5244 -31.3686 3.99
      vertex 33.5244 -32.6314 3.99
    endloop
  endfacet
  facet normal 0 0 -1
    outer loop
      vertex 33.4289 -32.825 3.99
      vertex 33.4289 -31.175 3.99
      vertex 33.5244 -31.3686 3.99
    endloop
  endfacet
  facet normal 0 0 -1
    outer loop
      vertex 33.309 -33.0045 3.99
      vertex 33.4289 -31.175 3.99
      vertex 33.4289 -32.825 3.99
    endloop
  endfacet
  facet normal 0 0 -1
    outer loop
      vertex 33.309 -33.0045 3.99
      vertex 33.309 -30.9955 3.99
      vertex 33.4289 -31.175 3.99
    endloop
  endfacet
  facet normal 0 0 -1
    outer loop
      vertex 33.1667 -33.1667 3.99
      vertex 33.309 -30.9955 3.99
      vertex 33.309 -33.0045 3.99
    endloop
  endfacet
  facet normal 0 0 -1
    outer loop
      vertex 33.1667 -33.1667 3.99
      vertex 33.1667 -30.8333 3.99
      vertex 33.309 -30.9955 3.99
    endloop
  endfacet
  facet normal 0 0 -1
    outer loop
      vertex 33.0045 -33.309 3.99
      vertex 33.1667 -30.8333 3.99
      vertex 33.1667 -33.1667 3.99
    endloop
  endfacet
  facet normal 0 0 -1
    outer loop
      vertex 33.0045 -33.309 3.99
      vertex 33.0045 -30.691 3.99
      vertex 33.1667 -30.8333 3.99
    endloop
  endfacet
  facet normal 0 0 -1
    outer loop
      vertex 32.825 -33.4289 3.99
      vertex 33.0045 -30.691 3.99
      vertex 33.0045 -33.309 3.99
    endloop
  endfacet
  facet normal 0 0 -1
    outer loop
      vertex 32.825 -33.4289 3.99
      vertex 32.825 -30.5711 3.99
      vertex 33.0045 -30.691 3.99
    endloop
  endfacet
  facet normal 0 0 -1
    outer loop
      vertex 32.6314 -33.5244 3.99
      vertex 32.825 -30.5711 3.99
      vertex 32.825 -33.4289 3.99
    endloop
  endfacet
  facet normal 0 0 -1
    outer loop
      vertex 32.6314 -33.5244 3.99
      vertex 32.6314 -30.4756 3.99
      vertex 32.825 -30.5711 3.99
    endloop
  endfacet
  facet normal 0 0 -1
    outer loop
      vertex 32.4271 -33.5938 3.99
      vertex 32.6314 -30.4756 3.99
      vertex 32.6314 -33.5244 3.99
    endloop
  endfacet
  facet normal 0 0 -1
    outer loop
      vertex 32.4271 -33.5938 3.99
      vertex 32.4271 -30.4062 3.99
      vertex 32.6314 -30.4756 3.99
    endloop
  endfacet
  facet normal 0 0 -1
    outer loop
      vertex 32.2154 -33.6359 3.99
      vertex 32.4271 -30.4062 3.99
      vertex 32.4271 -33.5938 3.99
    endloop
  endfacet
  facet normal 0 0 -1
    outer loop
      vertex 32.2154 -33.6359 3.99
      vertex 32.2154 -30.3641 3.99
      vertex 32.4271 -30.4062 3.99
    endloop
  endfacet
  facet normal 0 0 -1
    outer loop
      vertex 32 -33.65 3.99
      vertex 32.2154 -30.3641 3.99
      vertex 32.2154 -33.6359 3.99
    endloop
  endfacet
  facet normal 0 0 -1
    outer loop
      vertex 32 -33.65 3.99
      vertex 32 -30.35 3.99
      vertex 32.2154 -30.3641 3.99
    endloop
  endfacet
  facet normal 0 0 -1
    outer loop
      vertex 31.7846 -33.6359 3.99
      vertex 32 -30.35 3.99
      vertex 32 -33.65 3.99
    endloop
  endfacet
  facet normal 0 0 -1
    outer loop
      vertex 31.7846 -33.6359 3.99
      vertex 31.7846 -30.3641 3.99
      vertex 32 -30.35 3.99
    endloop
  endfacet
  facet normal 0 0 -1
    outer loop
      vertex 31.5729 -33.5938 3.99
      vertex 31.7846 -30.3641 3.99
      vertex 31.7846 -33.6359 3.99
    endloop
  endfacet
  facet normal 0 0 -1
    outer loop
      vertex 31.5729 -33.5938 3.99
      vertex 31.5729 -30.4062 3.99
      vertex 31.7846 -30.3641 3.99
    endloop
  endfacet
  facet normal 0 0 -1
    outer loop
      vertex 31.3686 -33.5244 3.99
      vertex 31.5729 -30.4062 3.99
      vertex 31.5729 -33.5938 3.99
    endloop
  endfacet
  facet normal 0 0 -1
    outer loop
      vertex 31.3686 -33.5244 3.99
      vertex 31.3686 -30.4756 3.99
      vertex 31.5729 -30.4062 3.99
    endloop
  endfacet
  facet normal 0 0 -1
    outer loop
      vertex 31.175 -33.4289 3.99
      vertex 31.3686 -30.4756 3.99
      vertex 31.3686 -33.5244 3.99
    endloop
  endfacet
  facet normal 0 0 -1
    outer loop
      vertex 31.175 -33.4289 3.99
      vertex 31.175 -30.5711 3.99
      vertex 31.3686 -30.4756 3.99
    endloop
  endfacet
  facet normal 0 0 -1
    outer loop
      vertex 30.9955 -33.309 3.99
      vertex 31.175 -30.5711 3.99
      vertex 31.175 -33.4289 3.99
    endloop
  endfacet
  facet normal 0 0 -1
    outer loop
      vertex 30.9955 -33.309 3.99
      vertex 30.9955 -30.691 3.99
      vertex 31.175 -30.5711 3.99
    endloop
  endfacet
  facet normal 0 0 -1
    outer loop
      vertex 30.8333 -33.1667 3.99
      vertex 30.9955 -30.691 3.99
      vertex 30.9955 -33.309 3.99
    endloop
  endfacet
  facet normal 0 0 -1
    outer loop
      vertex 30.8333 -33.1667 3.99
      vertex 30.8333 -30.8333 3.99
      vertex 30.9955 -30.691 3.99
    endloop
  endfacet
  facet normal 0 0 -1
    outer loop
      vertex 30.691 -33.0045 3.99
      vertex 30.8333 -30.8333 3.99
      vertex 30.8333 -33.1667 3.99
    endloop
  endfacet
  facet normal 0 0 -1
    outer loop
      vertex 30.691 -33.0045 3.99
      vertex 30.691 -30.9955 3.99
      vertex 30.8333 -30.8333 3.99
    endloop
  endfacet
  facet normal 0 0 -1
    outer loop
      vertex 30.5711 -32.825 3.99
      vertex 30.691 -30.9955 3.99
      vertex 30.691 -33.0045 3.99
    endloop
  endfacet
  facet normal 0 0 -1
    outer loop
      vertex 30.5711 -32.825 3.99
      vertex 30.5711 -31.175 3.99
      vertex 30.691 -30.9955 3.99
    endloop
  endfacet
  facet normal 0 0 -1
    outer loop
      vertex 30.4756 -32.6314 3.99
      vertex 30.5711 -31.175 3.99
      vertex 30.5711 -32.825 3.99
    endloop
  endfacet
  facet normal 0 0 -1
    outer loop
      vertex 30.4756 -32.6314 3.99
      vertex 30.4756 -31.3686 3.99
      vertex 30.5711 -31.175 3.99
    endloop
  endfacet
  facet normal 0 0 -1
    outer loop
      vertex 30.4062 -32.4271 3.99
      vertex 30.4756 -31.3686 3.99
      vertex 30.4756 -32.6314 3.99
    endloop
  endfacet
  facet normal 0 0 -1
    outer loop
      vertex 30.4062 -32.4271 3.99
      vertex 30.4062 -31.5729 3.99
      vertex 30.4756 -31.3686 3.99
    endloop
  endfacet
  facet normal 0 0 -1
    outer loop
      vertex 30.3641 -32.2154 3.99
      vertex 30.4062 -31.5729 3.99
      vertex 30.4062 -32.4271 3.99
    endloop
  endfacet
  facet normal 0 0 -1
    outer loop
      vertex 30.3641 -32.2154 3.99
      vertex 30.3641 -31.7846 3.99
      vertex 30.4062 -31.5729 3.99
    endloop
  endfacet
  facet normal 0 -0 -1
    outer loop
      vertex 30.3641 -31.7846 3.99
      vertex 30.3641 -32.2154 3.99
      vertex 30.35 -32 3.99
    endloop
  endfacet
  facet normal 0.442389 -0.896823 0
    outer loop
      vertex 31.175 -30.5711 0
      vertex 31.3686 -30.4756 3.99
      vertex 31.175 -30.5711 3.99
    endloop
  endfacet
  facet normal 0.442389 -0.896823 0
    outer loop
      vertex 31.3686 -30.4756 3.99
      vertex 31.175 -30.5711 0
      vertex 31.3686 -30.4756 0
    endloop
  endfacet
  facet normal 0.0653198 -0.997864 0
    outer loop
      vertex 31.7846 -30.3641 0
      vertex 32 -30.35 3.99
      vertex 31.7846 -30.3641 3.99
    endloop
  endfacet
  facet normal 0.0653198 -0.997864 0
    outer loop
      vertex 32 -30.35 3.99
      vertex 31.7846 -30.3641 0
      vertex 32 -30.35 0
    endloop
  endfacet
  facet normal -0.195047 0.980794 0
    outer loop
      vertex 32.4271 -33.5938 0
      vertex 32.2154 -33.6359 3.99
      vertex 32.4271 -33.5938 3.99
    endloop
  endfacet
  facet normal -0.195047 0.980794 0
    outer loop
      vertex 32.2154 -33.6359 3.99
      vertex 32.4271 -33.5938 0
      vertex 32.2154 -33.6359 0
    endloop
  endfacet
  facet normal -0.0653198 0.997864 0
    outer loop
      vertex 32.2154 -33.6359 0
      vertex 32 -33.65 3.99
      vertex 32.2154 -33.6359 3.99
    endloop
  endfacet
  facet normal -0.0653198 0.997864 0
    outer loop
      vertex 32 -33.65 3.99
      vertex 32.2154 -33.6359 0
      vertex 32 -33.65 0
    endloop
  endfacet
  facet normal -0.659488 0.751715 0
    outer loop
      vertex 33.1667 -33.1667 0
      vertex 33.0045 -33.309 3.99
      vertex 33.1667 -33.1667 3.99
    endloop
  endfacet
  facet normal -0.659488 0.751715 0
    outer loop
      vertex 33.0045 -33.309 3.99
      vertex 33.1667 -33.1667 0
      vertex 33.0045 -33.309 0
    endloop
  endfacet
  facet normal -0.442389 0.896823 0
    outer loop
      vertex 32.825 -33.4289 0
      vertex 32.6314 -33.5244 3.99
      vertex 32.825 -33.4289 3.99
    endloop
  endfacet
  facet normal -0.442389 0.896823 0
    outer loop
      vertex 32.6314 -33.5244 3.99
      vertex 32.825 -33.4289 0
      vertex 32.6314 -33.5244 0
    endloop
  endfacet
  facet normal -0.94686 0.321645 0
    outer loop
      vertex 33.5244 -32.6314 0
      vertex 33.5938 -32.4271 3.99
      vertex 33.5938 -32.4271 0
    endloop
  endfacet
  facet normal -0.94686 0.321645 0
    outer loop
      vertex 33.5938 -32.4271 3.99
      vertex 33.5244 -32.6314 0
      vertex 33.5244 -32.6314 3.99
    endloop
  endfacet
  facet normal 0.442389 0.896823 -0
    outer loop
      vertex 31.3686 -33.5244 0
      vertex 31.175 -33.4289 3.99
      vertex 31.3686 -33.5244 3.99
    endloop
  endfacet
  facet normal 0.442389 0.896823 0
    outer loop
      vertex 31.175 -33.4289 3.99
      vertex 31.3686 -33.5244 0
      vertex 31.175 -33.4289 0
    endloop
  endfacet
  facet normal 0.321645 0.94686 -0
    outer loop
      vertex 31.5729 -33.5938 0
      vertex 31.3686 -33.5244 3.99
      vertex 31.5729 -33.5938 3.99
    endloop
  endfacet
  facet normal 0.321645 0.94686 0
    outer loop
      vertex 31.3686 -33.5244 3.99
      vertex 31.5729 -33.5938 0
      vertex 31.3686 -33.5244 0
    endloop
  endfacet
  facet normal 0.896823 0.442389 0
    outer loop
      vertex 30.5711 -32.825 3.99
      vertex 30.4756 -32.6314 0
      vertex 30.4756 -32.6314 3.99
    endloop
  endfacet
  facet normal 0.896823 0.442389 0
    outer loop
      vertex 30.4756 -32.6314 0
      vertex 30.5711 -32.825 3.99
      vertex 30.5711 -32.825 0
    endloop
  endfacet
  facet normal 0.831551 0.555448 0
    outer loop
      vertex 30.691 -33.0045 3.99
      vertex 30.5711 -32.825 0
      vertex 30.5711 -32.825 3.99
    endloop
  endfacet
  facet normal 0.831551 0.555448 0
    outer loop
      vertex 30.5711 -32.825 0
      vertex 30.691 -33.0045 3.99
      vertex 30.691 -33.0045 0
    endloop
  endfacet
  facet normal 0.997864 0.0653198 0
    outer loop
      vertex 30.3641 -32.2154 3.99
      vertex 30.35 -32 0
      vertex 30.35 -32 3.99
    endloop
  endfacet
  facet normal 0.997864 0.0653198 0
    outer loop
      vertex 30.35 -32 0
      vertex 30.3641 -32.2154 3.99
      vertex 30.3641 -32.2154 0
    endloop
  endfacet
  facet normal -0.94686 -0.321645 0
    outer loop
      vertex 33.5938 -31.5729 0
      vertex 33.5244 -31.3686 3.99
      vertex 33.5244 -31.3686 0
    endloop
  endfacet
  facet normal -0.94686 -0.321645 0
    outer loop
      vertex 33.5244 -31.3686 3.99
      vertex 33.5938 -31.5729 0
      vertex 33.5938 -31.5729 3.99
    endloop
  endfacet
  facet normal -0.980794 -0.195047 0
    outer loop
      vertex 33.6359 -31.7846 0
      vertex 33.5938 -31.5729 3.99
      vertex 33.5938 -31.5729 0
    endloop
  endfacet
  facet normal -0.980794 -0.195047 0
    outer loop
      vertex 33.5938 -31.5729 3.99
      vertex 33.6359 -31.7846 0
      vertex 33.6359 -31.7846 3.99
    endloop
  endfacet
  facet normal -0.321645 -0.94686 0
    outer loop
      vertex 32.4271 -30.4062 0
      vertex 32.6314 -30.4756 3.99
      vertex 32.4271 -30.4062 3.99
    endloop
  endfacet
  facet normal -0.321645 -0.94686 -0
    outer loop
      vertex 32.6314 -30.4756 3.99
      vertex 32.4271 -30.4062 0
      vertex 32.6314 -30.4756 0
    endloop
  endfacet
  facet normal -0.195047 -0.980794 0
    outer loop
      vertex 32.2154 -30.3641 0
      vertex 32.4271 -30.4062 3.99
      vertex 32.2154 -30.3641 3.99
    endloop
  endfacet
  facet normal -0.195047 -0.980794 -0
    outer loop
      vertex 32.4271 -30.4062 3.99
      vertex 32.2154 -30.3641 0
      vertex 32.4271 -30.4062 0
    endloop
  endfacet
  facet normal -0.659488 -0.751715 0
    outer loop
      vertex 33.0045 -30.691 0
      vertex 33.1667 -30.8333 3.99
      vertex 33.0045 -30.691 3.99
    endloop
  endfacet
  facet normal -0.659488 -0.751715 -0
    outer loop
      vertex 33.1667 -30.8333 3.99
      vertex 33.0045 -30.691 0
      vertex 33.1667 -30.8333 0
    endloop
  endfacet
  facet normal 0.751715 -0.659488 0
    outer loop
      vertex 30.691 -30.9955 3.99
      vertex 30.8333 -30.8333 0
      vertex 30.8333 -30.8333 3.99
    endloop
  endfacet
  facet normal 0.751715 -0.659488 0
    outer loop
      vertex 30.8333 -30.8333 0
      vertex 30.691 -30.9955 3.99
      vertex 30.691 -30.9955 0
    endloop
  endfacet
  facet normal 0.980794 -0.195047 0
    outer loop
      vertex 30.3641 -31.7846 3.99
      vertex 30.4062 -31.5729 0
      vertex 30.4062 -31.5729 3.99
    endloop
  endfacet
  facet normal 0.980794 -0.195047 0
    outer loop
      vertex 30.4062 -31.5729 0
      vertex 30.3641 -31.7846 3.99
      vertex 30.3641 -31.7846 0
    endloop
  endfacet
  facet normal -0.997864 0.0653198 0
    outer loop
      vertex 33.6359 -32.2154 0
      vertex 33.65 -32 3.99
      vertex 33.65 -32 0
    endloop
  endfacet
  facet normal -0.997864 0.0653198 0
    outer loop
      vertex 33.65 -32 3.99
      vertex 33.6359 -32.2154 0
      vertex 33.6359 -32.2154 3.99
    endloop
  endfacet
  facet normal -0.555448 0.831551 0
    outer loop
      vertex 33.0045 -33.309 0
      vertex 32.825 -33.4289 3.99
      vertex 33.0045 -33.309 3.99
    endloop
  endfacet
  facet normal -0.555448 0.831551 0
    outer loop
      vertex 32.825 -33.4289 3.99
      vertex 33.0045 -33.309 0
      vertex 32.825 -33.4289 0
    endloop
  endfacet
  facet normal -0.896823 0.442389 0
    outer loop
      vertex 33.4289 -32.825 0
      vertex 33.5244 -32.6314 3.99
      vertex 33.5244 -32.6314 0
    endloop
  endfacet
  facet normal -0.896823 0.442389 0
    outer loop
      vertex 33.5244 -32.6314 3.99
      vertex 33.4289 -32.825 0
      vertex 33.4289 -32.825 3.99
    endloop
  endfacet
  facet normal -0.751715 0.659488 0
    outer loop
      vertex 33.1667 -33.1667 0
      vertex 33.309 -33.0045 3.99
      vertex 33.309 -33.0045 0
    endloop
  endfacet
  facet normal -0.751715 0.659488 0
    outer loop
      vertex 33.309 -33.0045 3.99
      vertex 33.1667 -33.1667 0
      vertex 33.1667 -33.1667 3.99
    endloop
  endfacet
  facet normal -0.831551 0.555448 0
    outer loop
      vertex 33.309 -33.0045 0
      vertex 33.4289 -32.825 3.99
      vertex 33.4289 -32.825 0
    endloop
  endfacet
  facet normal -0.831551 0.555448 0
    outer loop
      vertex 33.4289 -32.825 3.99
      vertex 33.309 -33.0045 0
      vertex 33.309 -33.0045 3.99
    endloop
  endfacet
  facet normal 0.659488 0.751715 -0
    outer loop
      vertex 30.9955 -33.309 0
      vertex 30.8333 -33.1667 3.99
      vertex 30.9955 -33.309 3.99
    endloop
  endfacet
  facet normal 0.659488 0.751715 0
    outer loop
      vertex 30.8333 -33.1667 3.99
      vertex 30.9955 -33.309 0
      vertex 30.8333 -33.1667 0
    endloop
  endfacet
  facet normal 0.555448 0.831551 -0
    outer loop
      vertex 31.175 -33.4289 0
      vertex 30.9955 -33.309 3.99
      vertex 31.175 -33.4289 3.99
    endloop
  endfacet
  facet normal 0.555448 0.831551 0
    outer loop
      vertex 30.9955 -33.309 3.99
      vertex 31.175 -33.4289 0
      vertex 30.9955 -33.309 0
    endloop
  endfacet
  facet normal 0.0653198 0.997864 -0
    outer loop
      vertex 32 -33.65 0
      vertex 31.7846 -33.6359 3.99
      vertex 32 -33.65 3.99
    endloop
  endfacet
  facet normal 0.0653198 0.997864 0
    outer loop
      vertex 31.7846 -33.6359 3.99
      vertex 32 -33.65 0
      vertex 31.7846 -33.6359 0
    endloop
  endfacet
  facet normal 0.751715 0.659488 0
    outer loop
      vertex 30.8333 -33.1667 3.99
      vertex 30.691 -33.0045 0
      vertex 30.691 -33.0045 3.99
    endloop
  endfacet
  facet normal 0.751715 0.659488 0
    outer loop
      vertex 30.691 -33.0045 0
      vertex 30.8333 -33.1667 3.99
      vertex 30.8333 -33.1667 0
    endloop
  endfacet
  facet normal 0.94686 -0.321645 0
    outer loop
      vertex 30.4062 -31.5729 3.99
      vertex 30.4756 -31.3686 0
      vertex 30.4756 -31.3686 3.99
    endloop
  endfacet
  facet normal 0.94686 -0.321645 0
    outer loop
      vertex 30.4756 -31.3686 0
      vertex 30.4062 -31.5729 3.99
      vertex 30.4062 -31.5729 0
    endloop
  endfacet
  facet normal 0.555448 -0.831551 0
    outer loop
      vertex 30.9955 -30.691 0
      vertex 31.175 -30.5711 3.99
      vertex 30.9955 -30.691 3.99
    endloop
  endfacet
  facet normal 0.555448 -0.831551 0
    outer loop
      vertex 31.175 -30.5711 3.99
      vertex 30.9955 -30.691 0
      vertex 31.175 -30.5711 0
    endloop
  endfacet
  facet normal 0.195047 -0.980794 0
    outer loop
      vertex 31.5729 -30.4062 0
      vertex 31.7846 -30.3641 3.99
      vertex 31.5729 -30.4062 3.99
    endloop
  endfacet
  facet normal 0.195047 -0.980794 0
    outer loop
      vertex 31.7846 -30.3641 3.99
      vertex 31.5729 -30.4062 0
      vertex 31.7846 -30.3641 0
    endloop
  endfacet
  facet normal -0.321645 0.94686 0
    outer loop
      vertex 32.6314 -33.5244 0
      vertex 32.4271 -33.5938 3.99
      vertex 32.6314 -33.5244 3.99
    endloop
  endfacet
  facet normal -0.321645 0.94686 0
    outer loop
      vertex 32.4271 -33.5938 3.99
      vertex 32.6314 -33.5244 0
      vertex 32.4271 -33.5938 0
    endloop
  endfacet
  facet normal -0.980794 0.195047 0
    outer loop
      vertex 33.5938 -32.4271 0
      vertex 33.6359 -32.2154 3.99
      vertex 33.6359 -32.2154 0
    endloop
  endfacet
  facet normal -0.980794 0.195047 0
    outer loop
      vertex 33.6359 -32.2154 3.99
      vertex 33.5938 -32.4271 0
      vertex 33.5938 -32.4271 3.99
    endloop
  endfacet
  facet normal 0.195047 0.980794 -0
    outer loop
      vertex 31.7846 -33.6359 0
      vertex 31.5729 -33.5938 3.99
      vertex 31.7846 -33.6359 3.99
    endloop
  endfacet
  facet normal 0.195047 0.980794 0
    outer loop
      vertex 31.5729 -33.5938 3.99
      vertex 31.7846 -33.6359 0
      vertex 31.5729 -33.5938 0
    endloop
  endfacet
  facet normal 0.94686 0.321645 0
    outer loop
      vertex 30.4756 -32.6314 3.99
      vertex 30.4062 -32.4271 0
      vertex 30.4062 -32.4271 3.99
    endloop
  endfacet
  facet normal 0.94686 0.321645 0
    outer loop
      vertex 30.4062 -32.4271 0
      vertex 30.4756 -32.6314 3.99
      vertex 30.4756 -32.6314 0
    endloop
  endfacet
  facet normal -0.997864 -0.0653198 0
    outer loop
      vertex 33.65 32 0
      vertex 33.6359 32.2154 3.99
      vertex 33.6359 32.2154 0
    endloop
  endfacet
  facet normal -0.997864 -0.0653198 0
    outer loop
      vertex 33.6359 32.2154 3.99
      vertex 33.65 32 0
      vertex 33.65 32 3.99
    endloop
  endfacet
  facet normal 0.0653198 -0.997864 0
    outer loop
      vertex 31.7846 33.6359 0
      vertex 32 33.65 3.99
      vertex 31.7846 33.6359 3.99
    endloop
  endfacet
  facet normal 0.0653198 -0.997864 0
    outer loop
      vertex 32 33.65 3.99
      vertex 31.7846 33.6359 0
      vertex 32 33.65 0
    endloop
  endfacet
  facet normal -0.0653198 0.997864 0
    outer loop
      vertex 32.2154 30.3641 0
      vertex 32 30.35 3.99
      vertex 32.2154 30.3641 3.99
    endloop
  endfacet
  facet normal -0.0653198 0.997864 0
    outer loop
      vertex 32 30.35 3.99
      vertex 32.2154 30.3641 0
      vertex 32 30.35 0
    endloop
  endfacet
  facet normal -0.659488 -0.751715 0
    outer loop
      vertex 33.0045 33.309 0
      vertex 33.1667 33.1667 3.99
      vertex 33.0045 33.309 3.99
    endloop
  endfacet
  facet normal -0.659488 -0.751715 -0
    outer loop
      vertex 33.1667 33.1667 3.99
      vertex 33.0045 33.309 0
      vertex 33.1667 33.1667 0
    endloop
  endfacet
  facet normal 0.751715 -0.659488 0
    outer loop
      vertex 30.691 33.0045 3.99
      vertex 30.8333 33.1667 0
      vertex 30.8333 33.1667 3.99
    endloop
  endfacet
  facet normal 0.751715 -0.659488 0
    outer loop
      vertex 30.8333 33.1667 0
      vertex 30.691 33.0045 3.99
      vertex 30.691 33.0045 0
    endloop
  endfacet
  facet normal 0.442389 -0.896823 0
    outer loop
      vertex 31.175 33.4289 0
      vertex 31.3686 33.5244 3.99
      vertex 31.175 33.4289 3.99
    endloop
  endfacet
  facet normal 0.442389 -0.896823 0
    outer loop
      vertex 31.3686 33.5244 3.99
      vertex 31.175 33.4289 0
      vertex 31.3686 33.5244 0
    endloop
  endfacet
  facet normal -0.831551 0.555448 0
    outer loop
      vertex 33.309 30.9955 0
      vertex 33.4289 31.175 3.99
      vertex 33.4289 31.175 0
    endloop
  endfacet
  facet normal -0.831551 0.555448 0
    outer loop
      vertex 33.4289 31.175 3.99
      vertex 33.309 30.9955 0
      vertex 33.309 30.9955 3.99
    endloop
  endfacet
  facet normal -0.896823 -0.442389 0
    outer loop
      vertex 33.5244 32.6314 0
      vertex 33.4289 32.825 3.99
      vertex 33.4289 32.825 0
    endloop
  endfacet
  facet normal -0.896823 -0.442389 0
    outer loop
      vertex 33.4289 32.825 3.99
      vertex 33.5244 32.6314 0
      vertex 33.5244 32.6314 3.99
    endloop
  endfacet
  facet normal -0.321645 -0.94686 0
    outer loop
      vertex 32.4271 33.5938 0
      vertex 32.6314 33.5244 3.99
      vertex 32.4271 33.5938 3.99
    endloop
  endfacet
  facet normal -0.321645 -0.94686 -0
    outer loop
      vertex 32.6314 33.5244 3.99
      vertex 32.4271 33.5938 0
      vertex 32.6314 33.5244 0
    endloop
  endfacet
  facet normal -0.555448 -0.831551 0
    outer loop
      vertex 32.825 33.4289 0
      vertex 33.0045 33.309 3.99
      vertex 32.825 33.4289 3.99
    endloop
  endfacet
  facet normal -0.555448 -0.831551 -0
    outer loop
      vertex 33.0045 33.309 3.99
      vertex 32.825 33.4289 0
      vertex 33.0045 33.309 0
    endloop
  endfacet
  facet normal 0.94686 -0.321645 0
    outer loop
      vertex 30.4062 32.4271 3.99
      vertex 30.4756 32.6314 0
      vertex 30.4756 32.6314 3.99
    endloop
  endfacet
  facet normal 0.94686 -0.321645 0
    outer loop
      vertex 30.4756 32.6314 0
      vertex 30.4062 32.4271 3.99
      vertex 30.4062 32.4271 0
    endloop
  endfacet
  facet normal 0.831551 -0.555448 0
    outer loop
      vertex 30.5711 32.825 3.99
      vertex 30.691 33.0045 0
      vertex 30.691 33.0045 3.99
    endloop
  endfacet
  facet normal 0.831551 -0.555448 0
    outer loop
      vertex 30.691 33.0045 0
      vertex 30.5711 32.825 3.99
      vertex 30.5711 32.825 0
    endloop
  endfacet
  facet normal 0.321645 -0.94686 0
    outer loop
      vertex 31.3686 33.5244 0
      vertex 31.5729 33.5938 3.99
      vertex 31.3686 33.5244 3.99
    endloop
  endfacet
  facet normal 0.321645 -0.94686 0
    outer loop
      vertex 31.5729 33.5938 3.99
      vertex 31.3686 33.5244 0
      vertex 31.5729 33.5938 0
    endloop
  endfacet
  facet normal 0.831551 0.555448 0
    outer loop
      vertex 30.691 30.9955 3.99
      vertex 30.5711 31.175 0
      vertex 30.5711 31.175 3.99
    endloop
  endfacet
  facet normal 0.831551 0.555448 0
    outer loop
      vertex 30.5711 31.175 0
      vertex 30.691 30.9955 3.99
      vertex 30.691 30.9955 0
    endloop
  endfacet
  facet normal -0.195047 0.980794 0
    outer loop
      vertex 32.4271 30.4062 0
      vertex 32.2154 30.3641 3.99
      vertex 32.4271 30.4062 3.99
    endloop
  endfacet
  facet normal -0.195047 0.980794 0
    outer loop
      vertex 32.2154 30.3641 3.99
      vertex 32.4271 30.4062 0
      vertex 32.2154 30.3641 0
    endloop
  endfacet
  facet normal -0.442389 0.896823 0
    outer loop
      vertex 32.825 30.5711 0
      vertex 32.6314 30.4756 3.99
      vertex 32.825 30.5711 3.99
    endloop
  endfacet
  facet normal -0.442389 0.896823 0
    outer loop
      vertex 32.6314 30.4756 3.99
      vertex 32.825 30.5711 0
      vertex 32.6314 30.4756 0
    endloop
  endfacet
  facet normal -0.94686 -0.321645 0
    outer loop
      vertex 33.5938 32.4271 0
      vertex 33.5244 32.6314 3.99
      vertex 33.5244 32.6314 0
    endloop
  endfacet
  facet normal -0.94686 -0.321645 0
    outer loop
      vertex 33.5244 32.6314 3.99
      vertex 33.5938 32.4271 0
      vertex 33.5938 32.4271 3.99
    endloop
  endfacet
  facet normal -0.980794 -0.195047 0
    outer loop
      vertex 33.6359 32.2154 0
      vertex 33.5938 32.4271 3.99
      vertex 33.5938 32.4271 0
    endloop
  endfacet
  facet normal -0.980794 -0.195047 0
    outer loop
      vertex 33.5938 32.4271 3.99
      vertex 33.6359 32.2154 0
      vertex 33.6359 32.2154 3.99
    endloop
  endfacet
  facet normal -0.751715 -0.659488 0
    outer loop
      vertex 33.309 33.0045 0
      vertex 33.1667 33.1667 3.99
      vertex 33.1667 33.1667 0
    endloop
  endfacet
  facet normal -0.751715 -0.659488 0
    outer loop
      vertex 33.1667 33.1667 3.99
      vertex 33.309 33.0045 0
      vertex 33.309 33.0045 3.99
    endloop
  endfacet
  facet normal -0.831551 -0.555448 0
    outer loop
      vertex 33.4289 32.825 0
      vertex 33.309 33.0045 3.99
      vertex 33.309 33.0045 0
    endloop
  endfacet
  facet normal -0.831551 -0.555448 0
    outer loop
      vertex 33.309 33.0045 3.99
      vertex 33.4289 32.825 0
      vertex 33.4289 32.825 3.99
    endloop
  endfacet
  facet normal -0.195047 -0.980794 0
    outer loop
      vertex 32.2154 33.6359 0
      vertex 32.4271 33.5938 3.99
      vertex 32.2154 33.6359 3.99
    endloop
  endfacet
  facet normal -0.195047 -0.980794 -0
    outer loop
      vertex 32.4271 33.5938 3.99
      vertex 32.2154 33.6359 0
      vertex 32.4271 33.5938 0
    endloop
  endfacet
  facet normal -0.0653198 -0.997864 0
    outer loop
      vertex 32 33.65 0
      vertex 32.2154 33.6359 3.99
      vertex 32 33.65 3.99
    endloop
  endfacet
  facet normal -0.0653198 -0.997864 -0
    outer loop
      vertex 32.2154 33.6359 3.99
      vertex 32 33.65 0
      vertex 32.2154 33.6359 0
    endloop
  endfacet
  facet normal -0.442389 -0.896823 0
    outer loop
      vertex 32.6314 33.5244 0
      vertex 32.825 33.4289 3.99
      vertex 32.6314 33.5244 3.99
    endloop
  endfacet
  facet normal -0.442389 -0.896823 -0
    outer loop
      vertex 32.825 33.4289 3.99
      vertex 32.6314 33.5244 0
      vertex 32.825 33.4289 0
    endloop
  endfacet
  facet normal 0.896823 -0.442389 0
    outer loop
      vertex 30.4756 32.6314 3.99
      vertex 30.5711 32.825 0
      vertex 30.5711 32.825 3.99
    endloop
  endfacet
  facet normal 0.896823 -0.442389 0
    outer loop
      vertex 30.5711 32.825 0
      vertex 30.4756 32.6314 3.99
      vertex 30.4756 32.6314 0
    endloop
  endfacet
  facet normal 0.980794 -0.195047 0
    outer loop
      vertex 30.3641 32.2154 3.99
      vertex 30.4062 32.4271 0
      vertex 30.4062 32.4271 3.99
    endloop
  endfacet
  facet normal 0.980794 -0.195047 0
    outer loop
      vertex 30.4062 32.4271 0
      vertex 30.3641 32.2154 3.99
      vertex 30.3641 32.2154 0
    endloop
  endfacet
  facet normal 0.997864 -0.0653198 0
    outer loop
      vertex 30.35 32 3.99
      vertex 30.3641 32.2154 0
      vertex 30.3641 32.2154 3.99
    endloop
  endfacet
  facet normal 0.997864 -0.0653198 0
    outer loop
      vertex 30.3641 32.2154 0
      vertex 30.35 32 3.99
      vertex 30.35 32 0
    endloop
  endfacet
  facet normal 0.997864 0.0653198 0
    outer loop
      vertex 30.3641 31.7846 3.99
      vertex 30.35 32 0
      vertex 30.35 32 3.99
    endloop
  endfacet
  facet normal 0.997864 0.0653198 0
    outer loop
      vertex 30.35 32 0
      vertex 30.3641 31.7846 3.99
      vertex 30.3641 31.7846 0
    endloop
  endfacet
  facet normal 0.555448 -0.831551 0
    outer loop
      vertex 30.9955 33.309 0
      vertex 31.175 33.4289 3.99
      vertex 30.9955 33.309 3.99
    endloop
  endfacet
  facet normal 0.555448 -0.831551 0
    outer loop
      vertex 31.175 33.4289 3.99
      vertex 30.9955 33.309 0
      vertex 31.175 33.4289 0
    endloop
  endfacet
  facet normal 0.659488 -0.751715 0
    outer loop
      vertex 30.8333 33.1667 0
      vertex 30.9955 33.309 3.99
      vertex 30.8333 33.1667 3.99
    endloop
  endfacet
  facet normal 0.659488 -0.751715 0
    outer loop
      vertex 30.9955 33.309 3.99
      vertex 30.8333 33.1667 0
      vertex 30.9955 33.309 0
    endloop
  endfacet
  facet normal 0.195047 -0.980794 0
    outer loop
      vertex 31.5729 33.5938 0
      vertex 31.7846 33.6359 3.99
      vertex 31.5729 33.5938 3.99
    endloop
  endfacet
  facet normal 0.195047 -0.980794 0
    outer loop
      vertex 31.7846 33.6359 3.99
      vertex 31.5729 33.5938 0
      vertex 31.7846 33.6359 0
    endloop
  endfacet
  facet normal -0.997864 0.0653198 0
    outer loop
      vertex 33.6359 31.7846 0
      vertex 33.65 32 3.99
      vertex 33.65 32 0
    endloop
  endfacet
  facet normal -0.997864 0.0653198 0
    outer loop
      vertex 33.65 32 3.99
      vertex 33.6359 31.7846 0
      vertex 33.6359 31.7846 3.99
    endloop
  endfacet
  facet normal -0.751715 0.659488 0
    outer loop
      vertex 33.1667 30.8333 0
      vertex 33.309 30.9955 3.99
      vertex 33.309 30.9955 0
    endloop
  endfacet
  facet normal -0.751715 0.659488 0
    outer loop
      vertex 33.309 30.9955 3.99
      vertex 33.1667 30.8333 0
      vertex 33.1667 30.8333 3.99
    endloop
  endfacet
  facet normal -0.980794 0.195047 0
    outer loop
      vertex 33.5938 31.5729 0
      vertex 33.6359 31.7846 3.99
      vertex 33.6359 31.7846 0
    endloop
  endfacet
  facet normal -0.980794 0.195047 0
    outer loop
      vertex 33.6359 31.7846 3.99
      vertex 33.5938 31.5729 0
      vertex 33.5938 31.5729 3.99
    endloop
  endfacet
  facet normal 0 0 -1
    outer loop
      vertex 33.6359 31.7846 3.99
      vertex 33.6359 32.2154 3.99
      vertex 33.65 32 3.99
    endloop
  endfacet
  facet normal 0 0 -1
    outer loop
      vertex 33.5938 31.5729 3.99
      vertex 33.6359 32.2154 3.99
      vertex 33.6359 31.7846 3.99
    endloop
  endfacet
  facet normal 0 0 -1
    outer loop
      vertex 33.5938 31.5729 3.99
      vertex 33.5938 32.4271 3.99
      vertex 33.6359 32.2154 3.99
    endloop
  endfacet
  facet normal 0 0 -1
    outer loop
      vertex 33.5244 31.3686 3.99
      vertex 33.5938 32.4271 3.99
      vertex 33.5938 31.5729 3.99
    endloop
  endfacet
  facet normal 0 0 -1
    outer loop
      vertex 33.5244 31.3686 3.99
      vertex 33.5244 32.6314 3.99
      vertex 33.5938 32.4271 3.99
    endloop
  endfacet
  facet normal 0 0 -1
    outer loop
      vertex 33.4289 31.175 3.99
      vertex 33.5244 32.6314 3.99
      vertex 33.5244 31.3686 3.99
    endloop
  endfacet
  facet normal 0 0 -1
    outer loop
      vertex 33.4289 31.175 3.99
      vertex 33.4289 32.825 3.99
      vertex 33.5244 32.6314 3.99
    endloop
  endfacet
  facet normal 0 0 -1
    outer loop
      vertex 33.309 30.9955 3.99
      vertex 33.4289 32.825 3.99
      vertex 33.4289 31.175 3.99
    endloop
  endfacet
  facet normal 0 0 -1
    outer loop
      vertex 33.309 30.9955 3.99
      vertex 33.309 33.0045 3.99
      vertex 33.4289 32.825 3.99
    endloop
  endfacet
  facet normal 0 0 -1
    outer loop
      vertex 33.1667 30.8333 3.99
      vertex 33.309 33.0045 3.99
      vertex 33.309 30.9955 3.99
    endloop
  endfacet
  facet normal 0 0 -1
    outer loop
      vertex 33.1667 30.8333 3.99
      vertex 33.1667 33.1667 3.99
      vertex 33.309 33.0045 3.99
    endloop
  endfacet
  facet normal 0 0 -1
    outer loop
      vertex 33.0045 30.691 3.99
      vertex 33.1667 33.1667 3.99
      vertex 33.1667 30.8333 3.99
    endloop
  endfacet
  facet normal 0 0 -1
    outer loop
      vertex 33.0045 30.691 3.99
      vertex 33.0045 33.309 3.99
      vertex 33.1667 33.1667 3.99
    endloop
  endfacet
  facet normal 0 0 -1
    outer loop
      vertex 32.825 30.5711 3.99
      vertex 33.0045 33.309 3.99
      vertex 33.0045 30.691 3.99
    endloop
  endfacet
  facet normal 0 0 -1
    outer loop
      vertex 32.825 30.5711 3.99
      vertex 32.825 33.4289 3.99
      vertex 33.0045 33.309 3.99
    endloop
  endfacet
  facet normal 0 0 -1
    outer loop
      vertex 32.6314 30.4756 3.99
      vertex 32.825 33.4289 3.99
      vertex 32.825 30.5711 3.99
    endloop
  endfacet
  facet normal 0 0 -1
    outer loop
      vertex 32.6314 30.4756 3.99
      vertex 32.6314 33.5244 3.99
      vertex 32.825 33.4289 3.99
    endloop
  endfacet
  facet normal 0 0 -1
    outer loop
      vertex 32.4271 30.4062 3.99
      vertex 32.6314 33.5244 3.99
      vertex 32.6314 30.4756 3.99
    endloop
  endfacet
  facet normal 0 0 -1
    outer loop
      vertex 32.4271 30.4062 3.99
      vertex 32.4271 33.5938 3.99
      vertex 32.6314 33.5244 3.99
    endloop
  endfacet
  facet normal 0 0 -1
    outer loop
      vertex 32.2154 30.3641 3.99
      vertex 32.4271 33.5938 3.99
      vertex 32.4271 30.4062 3.99
    endloop
  endfacet
  facet normal 0 0 -1
    outer loop
      vertex 32.2154 30.3641 3.99
      vertex 32.2154 33.6359 3.99
      vertex 32.4271 33.5938 3.99
    endloop
  endfacet
  facet normal 0 0 -1
    outer loop
      vertex 32 30.35 3.99
      vertex 32.2154 33.6359 3.99
      vertex 32.2154 30.3641 3.99
    endloop
  endfacet
  facet normal 0 0 -1
    outer loop
      vertex 32 30.35 3.99
      vertex 32 33.65 3.99
      vertex 32.2154 33.6359 3.99
    endloop
  endfacet
  facet normal 0 0 -1
    outer loop
      vertex 31.7846 30.3641 3.99
      vertex 32 33.65 3.99
      vertex 32 30.35 3.99
    endloop
  endfacet
  facet normal 0 0 -1
    outer loop
      vertex 31.7846 30.3641 3.99
      vertex 31.7846 33.6359 3.99
      vertex 32 33.65 3.99
    endloop
  endfacet
  facet normal 0 0 -1
    outer loop
      vertex 31.5729 30.4062 3.99
      vertex 31.7846 33.6359 3.99
      vertex 31.7846 30.3641 3.99
    endloop
  endfacet
  facet normal 0 0 -1
    outer loop
      vertex 31.5729 30.4062 3.99
      vertex 31.5729 33.5938 3.99
      vertex 31.7846 33.6359 3.99
    endloop
  endfacet
  facet normal 0 0 -1
    outer loop
      vertex 31.3686 30.4756 3.99
      vertex 31.5729 33.5938 3.99
      vertex 31.5729 30.4062 3.99
    endloop
  endfacet
  facet normal 0 0 -1
    outer loop
      vertex 31.3686 30.4756 3.99
      vertex 31.3686 33.5244 3.99
      vertex 31.5729 33.5938 3.99
    endloop
  endfacet
  facet normal 0 0 -1
    outer loop
      vertex 31.175 30.5711 3.99
      vertex 31.3686 33.5244 3.99
      vertex 31.3686 30.4756 3.99
    endloop
  endfacet
  facet normal 0 0 -1
    outer loop
      vertex 31.175 30.5711 3.99
      vertex 31.175 33.4289 3.99
      vertex 31.3686 33.5244 3.99
    endloop
  endfacet
  facet normal 0 0 -1
    outer loop
      vertex 30.9955 30.691 3.99
      vertex 31.175 33.4289 3.99
      vertex 31.175 30.5711 3.99
    endloop
  endfacet
  facet normal 0 0 -1
    outer loop
      vertex 30.9955 30.691 3.99
      vertex 30.9955 33.309 3.99
      vertex 31.175 33.4289 3.99
    endloop
  endfacet
  facet normal 0 0 -1
    outer loop
      vertex 30.8333 30.8333 3.99
      vertex 30.9955 33.309 3.99
      vertex 30.9955 30.691 3.99
    endloop
  endfacet
  facet normal 0 0 -1
    outer loop
      vertex 30.8333 30.8333 3.99
      vertex 30.8333 33.1667 3.99
      vertex 30.9955 33.309 3.99
    endloop
  endfacet
  facet normal 0 0 -1
    outer loop
      vertex 30.691 30.9955 3.99
      vertex 30.8333 33.1667 3.99
      vertex 30.8333 30.8333 3.99
    endloop
  endfacet
  facet normal 0 0 -1
    outer loop
      vertex 30.691 30.9955 3.99
      vertex 30.691 33.0045 3.99
      vertex 30.8333 33.1667 3.99
    endloop
  endfacet
  facet normal 0 0 -1
    outer loop
      vertex 30.5711 31.175 3.99
      vertex 30.691 33.0045 3.99
      vertex 30.691 30.9955 3.99
    endloop
  endfacet
  facet normal 0 0 -1
    outer loop
      vertex 30.5711 31.175 3.99
      vertex 30.5711 32.825 3.99
      vertex 30.691 33.0045 3.99
    endloop
  endfacet
  facet normal 0 0 -1
    outer loop
      vertex 30.4756 31.3686 3.99
      vertex 30.5711 32.825 3.99
      vertex 30.5711 31.175 3.99
    endloop
  endfacet
  facet normal 0 0 -1
    outer loop
      vertex 30.4756 31.3686 3.99
      vertex 30.4756 32.6314 3.99
      vertex 30.5711 32.825 3.99
    endloop
  endfacet
  facet normal 0 0 -1
    outer loop
      vertex 30.4062 31.5729 3.99
      vertex 30.4756 32.6314 3.99
      vertex 30.4756 31.3686 3.99
    endloop
  endfacet
  facet normal 0 0 -1
    outer loop
      vertex 30.4062 31.5729 3.99
      vertex 30.4062 32.4271 3.99
      vertex 30.4756 32.6314 3.99
    endloop
  endfacet
  facet normal 0 0 -1
    outer loop
      vertex 30.3641 31.7846 3.99
      vertex 30.4062 32.4271 3.99
      vertex 30.4062 31.5729 3.99
    endloop
  endfacet
  facet normal 0 0 -1
    outer loop
      vertex 30.3641 31.7846 3.99
      vertex 30.3641 32.2154 3.99
      vertex 30.4062 32.4271 3.99
    endloop
  endfacet
  facet normal 0 -0 -1
    outer loop
      vertex 30.3641 32.2154 3.99
      vertex 30.3641 31.7846 3.99
      vertex 30.35 32 3.99
    endloop
  endfacet
  facet normal -0.896823 0.442389 0
    outer loop
      vertex 33.4289 31.175 0
      vertex 33.5244 31.3686 3.99
      vertex 33.5244 31.3686 0
    endloop
  endfacet
  facet normal -0.896823 0.442389 0
    outer loop
      vertex 33.5244 31.3686 3.99
      vertex 33.4289 31.175 0
      vertex 33.4289 31.175 3.99
    endloop
  endfacet
  facet normal 0.659488 0.751715 -0
    outer loop
      vertex 30.9955 30.691 0
      vertex 30.8333 30.8333 3.99
      vertex 30.9955 30.691 3.99
    endloop
  endfacet
  facet normal 0.659488 0.751715 0
    outer loop
      vertex 30.8333 30.8333 3.99
      vertex 30.9955 30.691 0
      vertex 30.8333 30.8333 0
    endloop
  endfacet
  facet normal 0.896823 0.442389 0
    outer loop
      vertex 30.5711 31.175 3.99
      vertex 30.4756 31.3686 0
      vertex 30.4756 31.3686 3.99
    endloop
  endfacet
  facet normal 0.896823 0.442389 0
    outer loop
      vertex 30.4756 31.3686 0
      vertex 30.5711 31.175 3.99
      vertex 30.5711 31.175 0
    endloop
  endfacet
  facet normal -0.321645 0.94686 0
    outer loop
      vertex 32.6314 30.4756 0
      vertex 32.4271 30.4062 3.99
      vertex 32.6314 30.4756 3.99
    endloop
  endfacet
  facet normal -0.321645 0.94686 0
    outer loop
      vertex 32.4271 30.4062 3.99
      vertex 32.6314 30.4756 0
      vertex 32.4271 30.4062 0
    endloop
  endfacet
  facet normal -0.659488 0.751715 0
    outer loop
      vertex 33.1667 30.8333 0
      vertex 33.0045 30.691 3.99
      vertex 33.1667 30.8333 3.99
    endloop
  endfacet
  facet normal -0.659488 0.751715 0
    outer loop
      vertex 33.0045 30.691 3.99
      vertex 33.1667 30.8333 0
      vertex 33.0045 30.691 0
    endloop
  endfacet
  facet normal -0.555448 0.831551 0
    outer loop
      vertex 33.0045 30.691 0
      vertex 32.825 30.5711 3.99
      vertex 33.0045 30.691 3.99
    endloop
  endfacet
  facet normal -0.555448 0.831551 0
    outer loop
      vertex 32.825 30.5711 3.99
      vertex 33.0045 30.691 0
      vertex 32.825 30.5711 0
    endloop
  endfacet
  facet normal -0.94686 0.321645 0
    outer loop
      vertex 33.5244 31.3686 0
      vertex 33.5938 31.5729 3.99
      vertex 33.5938 31.5729 0
    endloop
  endfacet
  facet normal -0.94686 0.321645 0
    outer loop
      vertex 33.5938 31.5729 3.99
      vertex 33.5244 31.3686 0
      vertex 33.5244 31.3686 3.99
    endloop
  endfacet
  facet normal 0.0653198 0.997864 -0
    outer loop
      vertex 32 30.35 0
      vertex 31.7846 30.3641 3.99
      vertex 32 30.35 3.99
    endloop
  endfacet
  facet normal 0.0653198 0.997864 0
    outer loop
      vertex 31.7846 30.3641 3.99
      vertex 32 30.35 0
      vertex 31.7846 30.3641 0
    endloop
  endfacet
  facet normal 0.751715 0.659488 0
    outer loop
      vertex 30.8333 30.8333 3.99
      vertex 30.691 30.9955 0
      vertex 30.691 30.9955 3.99
    endloop
  endfacet
  facet normal 0.751715 0.659488 0
    outer loop
      vertex 30.691 30.9955 0
      vertex 30.8333 30.8333 3.99
      vertex 30.8333 30.8333 0
    endloop
  endfacet
  facet normal 0.94686 0.321645 0
    outer loop
      vertex 30.4756 31.3686 3.99
      vertex 30.4062 31.5729 0
      vertex 30.4062 31.5729 3.99
    endloop
  endfacet
  facet normal 0.94686 0.321645 0
    outer loop
      vertex 30.4062 31.5729 0
      vertex 30.4756 31.3686 3.99
      vertex 30.4756 31.3686 0
    endloop
  endfacet
  facet normal 0.980794 0.195047 0
    outer loop
      vertex 30.4062 31.5729 3.99
      vertex 30.3641 31.7846 0
      vertex 30.3641 31.7846 3.99
    endloop
  endfacet
  facet normal 0.980794 0.195047 0
    outer loop
      vertex 30.3641 31.7846 0
      vertex 30.4062 31.5729 3.99
      vertex 30.4062 31.5729 0
    endloop
  endfacet
  facet normal 0.555448 0.831551 -0
    outer loop
      vertex 31.175 30.5711 0
      vertex 30.9955 30.691 3.99
      vertex 31.175 30.5711 3.99
    endloop
  endfacet
  facet normal 0.555448 0.831551 0
    outer loop
      vertex 30.9955 30.691 3.99
      vertex 31.175 30.5711 0
      vertex 30.9955 30.691 0
    endloop
  endfacet
  facet normal 0.195047 0.980794 -0
    outer loop
      vertex 31.7846 30.3641 0
      vertex 31.5729 30.4062 3.99
      vertex 31.7846 30.3641 3.99
    endloop
  endfacet
  facet normal 0.195047 0.980794 0
    outer loop
      vertex 31.5729 30.4062 3.99
      vertex 31.7846 30.3641 0
      vertex 31.5729 30.4062 0
    endloop
  endfacet
  facet normal 0.321645 0.94686 -0
    outer loop
      vertex 31.5729 30.4062 0
      vertex 31.3686 30.4756 3.99
      vertex 31.5729 30.4062 3.99
    endloop
  endfacet
  facet normal 0.321645 0.94686 0
    outer loop
      vertex 31.3686 30.4756 3.99
      vertex 31.5729 30.4062 0
      vertex 31.3686 30.4756 0
    endloop
  endfacet
  facet normal 0.442389 0.896823 -0
    outer loop
      vertex 31.3686 30.4756 0
      vertex 31.175 30.5711 3.99
      vertex 31.3686 30.4756 3.99
    endloop
  endfacet
  facet normal 0.442389 0.896823 0
    outer loop
      vertex 31.175 30.5711 3.99
      vertex 31.3686 30.4756 0
      vertex 31.175 30.5711 0
    endloop
  endfacet
  facet normal 1 0 0
    outer loop
      vertex -23 -1.69706 6
      vertex -23 -23 6
      vertex -23 -1.69706 5
    endloop
  endfacet
  facet normal 1 0 0
    outer loop
      vertex -23 1.69706 5
      vertex -23 23 6
      vertex -23 1.69706 6
    endloop
  endfacet
  facet normal 1 0 0
    outer loop
      vertex -23 23 6
      vertex -23 1.69706 5
      vertex -23 23 0
    endloop
  endfacet
  facet normal 1 -0 0
    outer loop
      vertex -23 -1.69706 5
      vertex -23 23 0
      vertex -23 1.69706 5
    endloop
  endfacet
  facet normal 1 0 0
    outer loop
      vertex -23 -23 0
      vertex -23 -1.69706 5
      vertex -23 -23 6
    endloop
  endfacet
  facet normal 1 0 0
    outer loop
      vertex -23 -1.69706 5
      vertex -23 -23 0
      vertex -23 23 0
    endloop
  endfacet
  facet normal -1 0 0
    outer loop
      vertex 23 23 0
      vertex 23 1.69706 5
      vertex 23 23 6
    endloop
  endfacet
  facet normal -1 0 0
    outer loop
      vertex 23 23 0
      vertex 23 -1.69706 5
      vertex 23 1.69706 5
    endloop
  endfacet
  facet normal -1 0 0
    outer loop
      vertex 23 -23 0
      vertex 23 -1.69706 5
      vertex 23 23 0
    endloop
  endfacet
  facet normal -1 0 0
    outer loop
      vertex 23 -23 6
      vertex 23 -1.69706 5
      vertex 23 -23 0
    endloop
  endfacet
  facet normal -1 0 0
    outer loop
      vertex 23 -1.69706 5
      vertex 23 -23 6
      vertex 23 -1.69706 6
    endloop
  endfacet
  facet normal -1 -0 0
    outer loop
      vertex 23 23 6
      vertex 23 1.69706 5
      vertex 23 1.69706 6
    endloop
  endfacet
  facet normal 0 1 0
    outer loop
      vertex 23 -23 6
      vertex 1.69706 -23 5
      vertex 1.69706 -23 6
    endloop
  endfacet
  facet normal 0 1 0
    outer loop
      vertex 1.69706 -23 5
      vertex 23 -23 0
      vertex -1.69706 -23 5
    endloop
  endfacet
  facet normal 0 1 -0
    outer loop
      vertex 23 -23 0
      vertex 1.69706 -23 5
      vertex 23 -23 6
    endloop
  endfacet
  facet normal 0 1 -0
    outer loop
      vertex -1.69706 -23 5
      vertex -23 -23 6
      vertex -1.69706 -23 6
    endloop
  endfacet
  facet normal 0 1 0
    outer loop
      vertex -23 -23 0
      vertex -1.69706 -23 5
      vertex 23 -23 0
    endloop
  endfacet
  facet normal 0 1 0
    outer loop
      vertex -1.69706 -23 5
      vertex -23 -23 0
      vertex -23 -23 6
    endloop
  endfacet
  facet normal 0 -1 0
    outer loop
      vertex -23 23 6
      vertex -1.69706 23 5
      vertex -1.69706 23 6
    endloop
  endfacet
  facet normal 0 -1 -0
    outer loop
      vertex -1.69706 23 5
      vertex -23 23 0
      vertex 1.69706 23 5
    endloop
  endfacet
  facet normal 0 -1 0
    outer loop
      vertex -23 23 0
      vertex -1.69706 23 5
      vertex -23 23 6
    endloop
  endfacet
  facet normal 0 -1 0
    outer loop
      vertex 1.69706 23 5
      vertex 23 23 6
      vertex 1.69706 23 6
    endloop
  endfacet
  facet normal 0 -1 0
    outer loop
      vertex 23 23 0
      vertex 1.69706 23 5
      vertex -23 23 0
    endloop
  endfacet
  facet normal 0 -1 0
    outer loop
      vertex 1.69706 23 5
      vertex 23 23 0
      vertex 23 23 6
    endloop
  endfacet
  facet normal 0.981113 0.193434 0
    outer loop
      vertex -136.642 -37.44 6
      vertex -136.685 -37.2219 0
      vertex -136.685 -37.2219 6
    endloop
  endfacet
  facet normal 0.981113 0.193434 0
    outer loop
      vertex -136.685 -37.2219 0
      vertex -136.642 -37.44 6
      vertex -136.642 -37.44 0
    endloop
  endfacet
  facet normal 0.997723 -0.0674441 0
    outer loop
      vertex -136.7 -37 6
      vertex -136.685 -36.7781 0
      vertex -136.685 -36.7781 6
    endloop
  endfacet
  facet normal 0.997723 -0.0674441 0
    outer loop
      vertex -136.685 -36.7781 0
      vertex -136.7 -37 6
      vertex -136.7 -37 0
    endloop
  endfacet
  facet normal -0.997872 -0.0652057 0
    outer loop
      vertex 16.7 -37 0
      vertex 16.6855 -36.7781 6
      vertex 16.6855 -36.7781 0
    endloop
  endfacet
  facet normal -0.997872 -0.0652057 0
    outer loop
      vertex 16.6855 -36.7781 6
      vertex 16.7 -37 0
      vertex 16.7 -37 6
    endloop
  endfacet
  facet normal 0.997723 0.0674441 0
    outer loop
      vertex -136.685 -37.2219 6
      vertex -136.7 -37 0
      vertex -136.7 -37 6
    endloop
  endfacet
  facet normal 0.997723 0.0674441 0
    outer loop
      vertex -136.7 -37 0
      vertex -136.685 -37.2219 6
      vertex -136.685 -37.2219 0
    endloop
  endfacet
  facet normal 0 -1 0
    outer loop
      vertex -135 -35.3 6
      vertex -53.65 -35.3 2.2
      vertex 15 -35.3 6
    endloop
  endfacet
  facet normal 0 -1 0
    outer loop
      vertex -135 -35.3 0
      vertex -53.65 -35.3 2.2
      vertex -135 -35.3 6
    endloop
  endfacet
  facet normal 0 -1 -0
    outer loop
      vertex -53.65 -35.3 2.2
      vertex -135 -35.3 0
      vertex -53.65 -35.3 0
    endloop
  endfacet
  facet normal 0 -1 0
    outer loop
      vertex -51.75 -35.3 2.2
      vertex 15 -35.3 6
      vertex -53.65 -35.3 2.2
    endloop
  endfacet
  facet normal 0 -1 0
    outer loop
      vertex 15 -35.3 0
      vertex -51.75 -35.3 2.2
      vertex -51.75 -35.3 0
    endloop
  endfacet
  facet normal 0 -1 0
    outer loop
      vertex -51.75 -35.3 2.2
      vertex 15 -35.3 0
      vertex 15 -35.3 6
    endloop
  endfacet
  facet normal 0.659714 -0.751516 0
    outer loop
      vertex -136.202 -35.7979 0
      vertex -136.035 -35.6513 6
      vertex -136.202 -35.7979 6
    endloop
  endfacet
  facet normal 0.659714 -0.751516 0
    outer loop
      vertex -136.035 -35.6513 6
      vertex -136.202 -35.7979 0
      vertex -136.035 -35.6513 0
    endloop
  endfacet
  facet normal -0.0652057 -0.997872 0
    outer loop
      vertex 15 -35.3 0
      vertex 15.2219 -35.3145 6
      vertex 15 -35.3 6
    endloop
  endfacet
  facet normal -0.0652057 -0.997872 -0
    outer loop
      vertex 15.2219 -35.3145 6
      vertex 15 -35.3 0
      vertex 15.2219 -35.3145 0
    endloop
  endfacet
  facet normal 0 1 0
    outer loop
      vertex -53.65 -38.7 2.2
      vertex 15 -38.7 6
      vertex -51.75 -38.7 2.2
    endloop
  endfacet
  facet normal 0 1 -0
    outer loop
      vertex 15 -38.7 0
      vertex -51.75 -38.7 2.2
      vertex 15 -38.7 6
    endloop
  endfacet
  facet normal 0 1 0
    outer loop
      vertex -51.75 -38.7 2.2
      vertex 15 -38.7 0
      vertex -51.75 -38.7 0
    endloop
  endfacet
  facet normal 0 1 0
    outer loop
      vertex 15 -38.7 6
      vertex -53.65 -38.7 2.2
      vertex -135 -38.7 6
    endloop
  endfacet
  facet normal 0 1 0
    outer loop
      vertex -135 -38.7 0
      vertex -53.65 -38.7 2.2
      vertex -53.65 -38.7 0
    endloop
  endfacet
  facet normal 0 1 0
    outer loop
      vertex -53.65 -38.7 2.2
      vertex -135 -38.7 0
      vertex -135 -38.7 6
    endloop
  endfacet
  facet normal 0.832604 -0.553869 0
    outer loop
      vertex -136.472 -36.15 6
      vertex -136.349 -35.9651 0
      vertex -136.349 -35.9651 6
    endloop
  endfacet
  facet normal 0.832604 -0.553869 0
    outer loop
      vertex -136.349 -35.9651 0
      vertex -136.472 -36.15 6
      vertex -136.472 -36.15 0
    endloop
  endfacet
  facet normal -0.896754 -0.44253 0
    outer loop
      vertex 16.5706 -36.3494 0
      vertex 16.4722 -36.15 6
      vertex 16.4722 -36.15 0
    endloop
  endfacet
  facet normal -0.896754 -0.44253 0
    outer loop
      vertex 16.4722 -36.15 6
      vertex 16.5706 -36.3494 0
      vertex 16.5706 -36.3494 6
    endloop
  endfacet
  facet normal 0.195251 -0.980753 0
    outer loop
      vertex -135.44 -35.3579 0
      vertex -135.222 -35.3145 6
      vertex -135.44 -35.3579 6
    endloop
  endfacet
  facet normal 0.195251 -0.980753 0
    outer loop
      vertex -135.222 -35.3145 6
      vertex -135.44 -35.3579 0
      vertex -135.222 -35.3145 0
    endloop
  endfacet
  facet normal 0.0651764 -0.997874 0
    outer loop
      vertex -135.222 -35.3145 0
      vertex -135 -35.3 6
      vertex -135.222 -35.3145 6
    endloop
  endfacet
  facet normal 0.0651764 -0.997874 0
    outer loop
      vertex -135 -35.3 6
      vertex -135.222 -35.3145 0
      vertex -135 -35.3 0
    endloop
  endfacet
  facet normal 0.751016 -0.660284 0
    outer loop
      vertex -136.349 -35.9651 6
      vertex -136.202 -35.7979 0
      vertex -136.202 -35.7979 6
    endloop
  endfacet
  facet normal 0.751016 -0.660284 0
    outer loop
      vertex -136.202 -35.7979 0
      vertex -136.349 -35.9651 6
      vertex -136.349 -35.9651 0
    endloop
  endfacet
  facet normal -0.831566 0.555426 0
    outer loop
      vertex 16.3487 -38.0349 0
      vertex 16.4722 -37.85 6
      vertex 16.4722 -37.85 0
    endloop
  endfacet
  facet normal -0.831566 0.555426 0
    outer loop
      vertex 16.4722 -37.85 6
      vertex 16.3487 -38.0349 0
      vertex 16.3487 -38.0349 6
    endloop
  endfacet
  facet normal -0.195165 0.98077 0
    outer loop
      vertex 15.44 -38.6421 0
      vertex 15.2219 -38.6855 6
      vertex 15.44 -38.6421 6
    endloop
  endfacet
  facet normal -0.195165 0.98077 0
    outer loop
      vertex 15.2219 -38.6855 6
      vertex 15.44 -38.6421 0
      vertex 15.2219 -38.6855 0
    endloop
  endfacet
  facet normal -0.0652057 0.997872 0
    outer loop
      vertex 15.2219 -38.6855 0
      vertex 15 -38.7 6
      vertex 15.2219 -38.6855 6
    endloop
  endfacet
  facet normal -0.0652057 0.997872 0
    outer loop
      vertex 15 -38.7 6
      vertex 15.2219 -38.6855 0
      vertex 15 -38.7 0
    endloop
  endfacet
  facet normal -0.751908 0.659268 0
    outer loop
      vertex 16.2021 -38.2021 0
      vertex 16.3487 -38.0349 6
      vertex 16.3487 -38.0349 0
    endloop
  endfacet
  facet normal -0.751908 0.659268 0
    outer loop
      vertex 16.3487 -38.0349 6
      vertex 16.2021 -38.2021 0
      vertex 16.2021 -38.2021 6
    endloop
  endfacet
  facet normal 0.0651764 0.997874 -0
    outer loop
      vertex -135 -38.7 0
      vertex -135.222 -38.6855 6
      vertex -135 -38.7 6
    endloop
  endfacet
  facet normal 0.0651764 0.997874 0
    outer loop
      vertex -135.222 -38.6855 6
      vertex -135 -38.7 0
      vertex -135.222 -38.6855 0
    endloop
  endfacet
  facet normal 0.895681 0.444696 0
    outer loop
      vertex -136.472 -37.85 6
      vertex -136.571 -37.6506 0
      vertex -136.571 -37.6506 6
    endloop
  endfacet
  facet normal 0.895681 0.444696 0
    outer loop
      vertex -136.571 -37.6506 0
      vertex -136.472 -37.85 6
      vertex -136.472 -37.85 0
    endloop
  endfacet
  facet normal -0.946915 -0.321484 0
    outer loop
      vertex 16.6421 -36.56 0
      vertex 16.5706 -36.3494 6
      vertex 16.5706 -36.3494 0
    endloop
  endfacet
  facet normal -0.946915 -0.321484 0
    outer loop
      vertex 16.5706 -36.3494 6
      vertex 16.6421 -36.56 0
      vertex 16.6421 -36.56 6
    endloop
  endfacet
  facet normal -0.98077 -0.195165 0
    outer loop
      vertex 16.6855 -36.7781 0
      vertex 16.6421 -36.56 6
      vertex 16.6421 -36.56 0
    endloop
  endfacet
  facet normal -0.98077 -0.195165 0
    outer loop
      vertex 16.6421 -36.56 6
      vertex 16.6855 -36.7781 0
      vertex 16.6855 -36.7781 6
    endloop
  endfacet
  facet normal -0.751908 -0.659268 0
    outer loop
      vertex 16.3487 -35.9651 0
      vertex 16.2021 -35.7979 6
      vertex 16.2021 -35.7979 0
    endloop
  endfacet
  facet normal -0.751908 -0.659268 0
    outer loop
      vertex 16.2021 -35.7979 6
      vertex 16.3487 -35.9651 0
      vertex 16.3487 -35.9651 6
    endloop
  endfacet
  facet normal -0.659268 -0.751908 0
    outer loop
      vertex 16.0349 -35.6513 0
      vertex 16.2021 -35.7979 6
      vertex 16.0349 -35.6513 6
    endloop
  endfacet
  facet normal -0.659268 -0.751908 -0
    outer loop
      vertex 16.2021 -35.7979 6
      vertex 16.0349 -35.6513 0
      vertex 16.2021 -35.7979 0
    endloop
  endfacet
  facet normal -0.195165 -0.98077 0
    outer loop
      vertex 15.2219 -35.3145 0
      vertex 15.44 -35.3579 6
      vertex 15.2219 -35.3145 6
    endloop
  endfacet
  facet normal -0.195165 -0.98077 -0
    outer loop
      vertex 15.44 -35.3579 6
      vertex 15.2219 -35.3145 0
      vertex 15.44 -35.3579 0
    endloop
  endfacet
  facet normal 0.320937 -0.947101 0
    outer loop
      vertex -135.651 -35.4294 0
      vertex -135.44 -35.3579 6
      vertex -135.651 -35.4294 6
    endloop
  endfacet
  facet normal 0.320937 -0.947101 0
    outer loop
      vertex -135.44 -35.3579 6
      vertex -135.651 -35.4294 0
      vertex -135.44 -35.3579 0
    endloop
  endfacet
  facet normal 0.443245 -0.8964 0
    outer loop
      vertex -135.85 -35.5278 0
      vertex -135.651 -35.4294 6
      vertex -135.85 -35.5278 6
    endloop
  endfacet
  facet normal 0.443245 -0.8964 0
    outer loop
      vertex -135.651 -35.4294 6
      vertex -135.85 -35.5278 0
      vertex -135.651 -35.4294 0
    endloop
  endfacet
  facet normal 0.555219 -0.831704 0
    outer loop
      vertex -136.035 -35.6513 0
      vertex -135.85 -35.5278 6
      vertex -136.035 -35.6513 6
    endloop
  endfacet
  facet normal 0.555219 -0.831704 0
    outer loop
      vertex -135.85 -35.5278 6
      vertex -136.035 -35.6513 0
      vertex -135.85 -35.5278 0
    endloop
  endfacet
  facet normal 0.895681 -0.444696 0
    outer loop
      vertex -136.571 -36.3494 6
      vertex -136.472 -36.15 0
      vertex -136.472 -36.15 6
    endloop
  endfacet
  facet normal 0.895681 -0.444696 0
    outer loop
      vertex -136.472 -36.15 0
      vertex -136.571 -36.3494 6
      vertex -136.571 -36.3494 0
    endloop
  endfacet
  facet normal 0.981113 -0.193434 0
    outer loop
      vertex -136.685 -36.7781 6
      vertex -136.642 -36.56 0
      vertex -136.642 -36.56 6
    endloop
  endfacet
  facet normal 0.981113 -0.193434 0
    outer loop
      vertex -136.642 -36.56 0
      vertex -136.685 -36.7781 6
      vertex -136.685 -36.7781 0
    endloop
  endfacet
  facet normal -0.44253 0.896754 0
    outer loop
      vertex 15.85 -38.4722 0
      vertex 15.6506 -38.5706 6
      vertex 15.85 -38.4722 6
    endloop
  endfacet
  facet normal -0.44253 0.896754 0
    outer loop
      vertex 15.6506 -38.5706 6
      vertex 15.85 -38.4722 0
      vertex 15.6506 -38.5706 0
    endloop
  endfacet
  facet normal -0.659268 0.751908 0
    outer loop
      vertex 16.2021 -38.2021 0
      vertex 16.0349 -38.3487 6
      vertex 16.2021 -38.2021 6
    endloop
  endfacet
  facet normal -0.659268 0.751908 0
    outer loop
      vertex 16.0349 -38.3487 6
      vertex 16.2021 -38.2021 0
      vertex 16.0349 -38.3487 0
    endloop
  endfacet
  facet normal -0.98077 0.195165 0
    outer loop
      vertex 16.6421 -37.44 0
      vertex 16.6855 -37.2219 6
      vertex 16.6855 -37.2219 0
    endloop
  endfacet
  facet normal -0.98077 0.195165 0
    outer loop
      vertex 16.6855 -37.2219 6
      vertex 16.6421 -37.44 0
      vertex 16.6421 -37.44 6
    endloop
  endfacet
  facet normal -0.946915 0.321484 0
    outer loop
      vertex 16.5706 -37.6506 0
      vertex 16.6421 -37.44 6
      vertex 16.6421 -37.44 0
    endloop
  endfacet
  facet normal -0.946915 0.321484 0
    outer loop
      vertex 16.6421 -37.44 6
      vertex 16.5706 -37.6506 0
      vertex 16.5706 -37.6506 6
    endloop
  endfacet
  facet normal -0.997872 0.0652057 0
    outer loop
      vertex 16.6855 -37.2219 0
      vertex 16.7 -37 6
      vertex 16.7 -37 0
    endloop
  endfacet
  facet normal -0.997872 0.0652057 0
    outer loop
      vertex 16.7 -37 6
      vertex 16.6855 -37.2219 0
      vertex 16.6855 -37.2219 6
    endloop
  endfacet
  facet normal 0.443245 0.8964 -0
    outer loop
      vertex -135.651 -38.5706 0
      vertex -135.85 -38.4722 6
      vertex -135.651 -38.5706 6
    endloop
  endfacet
  facet normal 0.443245 0.8964 0
    outer loop
      vertex -135.85 -38.4722 6
      vertex -135.651 -38.5706 0
      vertex -135.85 -38.4722 0
    endloop
  endfacet
  facet normal 0.555219 0.831704 -0
    outer loop
      vertex -135.85 -38.4722 0
      vertex -136.035 -38.3487 6
      vertex -135.85 -38.4722 6
    endloop
  endfacet
  facet normal 0.555219 0.831704 0
    outer loop
      vertex -136.035 -38.3487 6
      vertex -135.85 -38.4722 0
      vertex -136.035 -38.3487 0
    endloop
  endfacet
  facet normal 0.751016 0.660284 0
    outer loop
      vertex -136.202 -38.2021 6
      vertex -136.349 -38.0349 0
      vertex -136.349 -38.0349 6
    endloop
  endfacet
  facet normal 0.751016 0.660284 0
    outer loop
      vertex -136.349 -38.0349 0
      vertex -136.202 -38.2021 6
      vertex -136.202 -38.2021 0
    endloop
  endfacet
  facet normal 0.659714 0.751516 -0
    outer loop
      vertex -136.035 -38.3487 0
      vertex -136.202 -38.2021 6
      vertex -136.035 -38.3487 6
    endloop
  endfacet
  facet normal 0.659714 0.751516 0
    outer loop
      vertex -136.202 -38.2021 6
      vertex -136.035 -38.3487 0
      vertex -136.202 -38.2021 0
    endloop
  endfacet
  facet normal 0.947598 0.319466 0
    outer loop
      vertex -136.571 -37.6506 6
      vertex -136.642 -37.44 0
      vertex -136.642 -37.44 6
    endloop
  endfacet
  facet normal 0.947598 0.319466 0
    outer loop
      vertex -136.642 -37.44 0
      vertex -136.571 -37.6506 6
      vertex -136.571 -37.6506 0
    endloop
  endfacet
  facet normal -0.831566 -0.555426 0
    outer loop
      vertex 16.4722 -36.15 0
      vertex 16.3487 -35.9651 6
      vertex 16.3487 -35.9651 0
    endloop
  endfacet
  facet normal -0.831566 -0.555426 0
    outer loop
      vertex 16.3487 -35.9651 6
      vertex 16.4722 -36.15 0
      vertex 16.4722 -36.15 6
    endloop
  endfacet
  facet normal -0.321484 -0.946915 0
    outer loop
      vertex 15.44 -35.3579 0
      vertex 15.6506 -35.4294 6
      vertex 15.44 -35.3579 6
    endloop
  endfacet
  facet normal -0.321484 -0.946915 -0
    outer loop
      vertex 15.6506 -35.4294 6
      vertex 15.44 -35.3579 0
      vertex 15.6506 -35.4294 0
    endloop
  endfacet
  facet normal -0.555426 -0.831566 0
    outer loop
      vertex 15.85 -35.5278 0
      vertex 16.0349 -35.6513 6
      vertex 15.85 -35.5278 6
    endloop
  endfacet
  facet normal -0.555426 -0.831566 -0
    outer loop
      vertex 16.0349 -35.6513 6
      vertex 15.85 -35.5278 0
      vertex 16.0349 -35.6513 0
    endloop
  endfacet
  facet normal -0.44253 -0.896754 0
    outer loop
      vertex 15.6506 -35.4294 0
      vertex 15.85 -35.5278 6
      vertex 15.6506 -35.4294 6
    endloop
  endfacet
  facet normal -0.44253 -0.896754 -0
    outer loop
      vertex 15.85 -35.5278 6
      vertex 15.6506 -35.4294 0
      vertex 15.85 -35.5278 0
    endloop
  endfacet
  facet normal 0.947598 -0.319466 0
    outer loop
      vertex -136.642 -36.56 6
      vertex -136.571 -36.3494 0
      vertex -136.571 -36.3494 6
    endloop
  endfacet
  facet normal 0.947598 -0.319466 0
    outer loop
      vertex -136.571 -36.3494 0
      vertex -136.642 -36.56 6
      vertex -136.642 -36.56 0
    endloop
  endfacet
  facet normal -0.321484 0.946915 0
    outer loop
      vertex 15.6506 -38.5706 0
      vertex 15.44 -38.6421 6
      vertex 15.6506 -38.5706 6
    endloop
  endfacet
  facet normal -0.321484 0.946915 0
    outer loop
      vertex 15.44 -38.6421 6
      vertex 15.6506 -38.5706 0
      vertex 15.44 -38.6421 0
    endloop
  endfacet
  facet normal -0.555426 0.831566 0
    outer loop
      vertex 16.0349 -38.3487 0
      vertex 15.85 -38.4722 6
      vertex 16.0349 -38.3487 6
    endloop
  endfacet
  facet normal -0.555426 0.831566 0
    outer loop
      vertex 15.85 -38.4722 6
      vertex 16.0349 -38.3487 0
      vertex 15.85 -38.4722 0
    endloop
  endfacet
  facet normal -0.896754 0.44253 0
    outer loop
      vertex 16.4722 -37.85 0
      vertex 16.5706 -37.6506 6
      vertex 16.5706 -37.6506 0
    endloop
  endfacet
  facet normal -0.896754 0.44253 0
    outer loop
      vertex 16.5706 -37.6506 6
      vertex 16.4722 -37.85 0
      vertex 16.4722 -37.85 6
    endloop
  endfacet
  facet normal 0.320937 0.947101 -0
    outer loop
      vertex -135.44 -38.6421 0
      vertex -135.651 -38.5706 6
      vertex -135.44 -38.6421 6
    endloop
  endfacet
  facet normal 0.320937 0.947101 0
    outer loop
      vertex -135.651 -38.5706 6
      vertex -135.44 -38.6421 0
      vertex -135.651 -38.5706 0
    endloop
  endfacet
  facet normal 0.195251 0.980753 -0
    outer loop
      vertex -135.222 -38.6855 0
      vertex -135.44 -38.6421 6
      vertex -135.222 -38.6855 6
    endloop
  endfacet
  facet normal 0.195251 0.980753 0
    outer loop
      vertex -135.44 -38.6421 6
      vertex -135.222 -38.6855 0
      vertex -135.44 -38.6421 0
    endloop
  endfacet
  facet normal 0.832604 0.553869 0
    outer loop
      vertex -136.349 -38.0349 6
      vertex -136.472 -37.85 0
      vertex -136.472 -37.85 6
    endloop
  endfacet
  facet normal 0.832604 0.553869 0
    outer loop
      vertex -136.472 -37.85 0
      vertex -136.349 -38.0349 6
      vertex -136.349 -38.0349 0
    endloop
  endfacet
  facet normal 1 -0 0
    outer loop
      vertex -147.25 -6.25 3.99
      vertex -147.25 6.25 0
      vertex -147.25 6.25 3.99
    endloop
  endfacet
  facet normal 1 0 0
    outer loop
      vertex -147.25 6.25 0
      vertex -147.25 -6.25 3.99
      vertex -147.25 -6.25 0
    endloop
  endfacet
  facet normal 0 0 -1
    outer loop
      vertex -147.25 -6.25 3.99
      vertex -134.75 6.25 3.99
      vertex -134.75 -6.25 3.99
    endloop
  endfacet
  facet normal -0 0 -1
    outer loop
      vertex -134.75 6.25 3.99
      vertex -147.25 -6.25 3.99
      vertex -147.25 6.25 3.99
    endloop
  endfacet
  facet normal -1 0 0
    outer loop
      vertex -134.75 -6.25 0
      vertex -134.75 6.25 3.99
      vertex -134.75 6.25 0
    endloop
  endfacet
  facet normal -1 -0 0
    outer loop
      vertex -134.75 6.25 3.99
      vertex -134.75 -6.25 0
      vertex -134.75 -6.25 3.99
    endloop
  endfacet
  facet normal 0 1 -0
    outer loop
      vertex -134.75 -6.25 0
      vertex -147.25 -6.25 3.99
      vertex -134.75 -6.25 3.99
    endloop
  endfacet
  facet normal 0 1 0
    outer loop
      vertex -147.25 -6.25 3.99
      vertex -134.75 -6.25 0
      vertex -147.25 -6.25 0
    endloop
  endfacet
  facet normal 0 -1 0
    outer loop
      vertex -147.25 6.25 0
      vertex -134.75 6.25 3.99
      vertex -147.25 6.25 3.99
    endloop
  endfacet
  facet normal 0 -1 -0
    outer loop
      vertex -134.75 6.25 3.99
      vertex -147.25 6.25 0
      vertex -134.75 6.25 0
    endloop
  endfacet
endsolid OpenSCAD_Model
