solid OpenSCAD_Model
  facet normal 0 -1 0
    outer loop
      vertex -51 -41.4 10
      vertex 51 -41.4 12
      vertex -51 -41.4 12
    endloop
  endfacet
  facet normal 0 -1 -0
    outer loop
      vertex 51 -41.4 12
      vertex -51 -41.4 10
      vertex 51 -41.4 10
    endloop
  endfacet
  facet normal 0.0652929 -0.997866 0
    outer loop
      vertex 51 -41.4 10
      vertex 51.3133 -41.3795 12
      vertex 51 -41.4 12
    endloop
  endfacet
  facet normal 0.0652929 -0.997866 0
    outer loop
      vertex 51.3133 -41.3795 12
      vertex 51 -41.4 10
      vertex 51.3133 -41.3795 10
    endloop
  endfacet
  facet normal 0.195258 -0.980752 0
    outer loop
      vertex 51.3133 -41.3795 10
      vertex 51.6212 -41.3182 12
      vertex 51.3133 -41.3795 12
    endloop
  endfacet
  facet normal 0.195258 -0.980752 0
    outer loop
      vertex 51.6212 -41.3182 12
      vertex 51.3133 -41.3795 10
      vertex 51.6212 -41.3182 10
    endloop
  endfacet
  facet normal -0.0652929 0.997866 0
    outer loop
      vertex -51 41.4 10
      vertex -51.3133 41.3795 12
      vertex -51 41.4 12
    endloop
  endfacet
  facet normal -0.0652929 0.997866 0
    outer loop
      vertex -51.3133 41.3795 12
      vertex -51 41.4 10
      vertex -51.3133 41.3795 10
    endloop
  endfacet
  facet normal 1 -0 0
    outer loop
      vertex 53.4 18.25 12
      vertex 53.4 39 10
      vertex 53.4 39 12
    endloop
  endfacet
  facet normal 1 0 0
    outer loop
      vertex 53.4 39 10
      vertex 53.4 18.25 12
      vertex 53.4 18.25 10
    endloop
  endfacet
  facet normal 1 -0 0
    outer loop
      vertex 53.4 -39 12
      vertex 53.4 -18.25 10
      vertex 53.4 -18.25 12
    endloop
  endfacet
  facet normal 1 0 0
    outer loop
      vertex 53.4 -18.25 10
      vertex 53.4 -39 12
      vertex 53.4 -39 10
    endloop
  endfacet
  facet normal -0.997866 -0.0652929 0
    outer loop
      vertex -53.3795 -39.3133 10
      vertex -53.4 -39 12
      vertex -53.4 -39 10
    endloop
  endfacet
  facet normal -0.997866 -0.0652929 0
    outer loop
      vertex -53.4 -39 12
      vertex -53.3795 -39.3133 10
      vertex -53.3795 -39.3133 12
    endloop
  endfacet
  facet normal 0 0 1
    outer loop
      vertex 53.3795 39.3133 12
      vertex 51.9914 39.1305 12
      vertex 52 39 12
    endloop
  endfacet
  facet normal 0 0 1
    outer loop
      vertex 52.461 40.9041 12
      vertex 51.9659 39.2588 12
      vertex 51.9914 39.1305 12
    endloop
  endfacet
  facet normal 0 0 1
    outer loop
      vertex 52.461 40.9041 12
      vertex 51.9239 39.3827 12
      vertex 51.9659 39.2588 12
    endloop
  endfacet
  facet normal 0 0 1
    outer loop
      vertex 51.5 39.866 12
      vertex 52.2 41.0785 12
      vertex 51.9184 41.2173 12
    endloop
  endfacet
  facet normal 0 0 1
    outer loop
      vertex 52.461 40.9041 12
      vertex 51.866 39.5 12
      vertex 51.9239 39.3827 12
    endloop
  endfacet
  facet normal 0 0 1
    outer loop
      vertex 52.461 40.9041 12
      vertex 51.7934 39.6088 12
      vertex 51.866 39.5 12
    endloop
  endfacet
  facet normal 0 0 1
    outer loop
      vertex 52.461 40.9041 12
      vertex 51.7071 39.7071 12
      vertex 51.7934 39.6088 12
    endloop
  endfacet
  facet normal 0 0 1
    outer loop
      vertex 51.3827 39.9239 12
      vertex 51.9184 41.2173 12
      vertex 51.6212 41.3182 12
    endloop
  endfacet
  facet normal 0 0 1
    outer loop
      vertex 52.461 40.9041 12
      vertex 51.6088 39.7934 12
      vertex 51.7071 39.7071 12
    endloop
  endfacet
  facet normal 0 0 1
    outer loop
      vertex 52.2 41.0785 12
      vertex 51.5 39.866 12
      vertex 51.6088 39.7934 12
    endloop
  endfacet
  facet normal 0 0 1
    outer loop
      vertex 51.9184 41.2173 12
      vertex 51.3827 39.9239 12
      vertex 51.5 39.866 12
    endloop
  endfacet
  facet normal 0 0 1
    outer loop
      vertex 51.2588 39.9659 12
      vertex 51.6212 41.3182 12
      vertex 51.3133 41.3795 12
    endloop
  endfacet
  facet normal 0 0 1
    outer loop
      vertex 51.6212 41.3182 12
      vertex 51.2588 39.9659 12
      vertex 51.3827 39.9239 12
    endloop
  endfacet
  facet normal 0 0 1
    outer loop
      vertex 51.3133 41.3795 12
      vertex 51.1305 39.9914 12
      vertex 51.2588 39.9659 12
    endloop
  endfacet
  facet normal 0 0 1
    outer loop
      vertex 51 41.4 12
      vertex 51.1305 39.9914 12
      vertex 51.3133 41.3795 12
    endloop
  endfacet
  facet normal 0 0 1
    outer loop
      vertex 51 41.4 12
      vertex 51 40 12
      vertex 51.1305 39.9914 12
    endloop
  endfacet
  facet normal -0 0 1
    outer loop
      vertex -51 41.4 12
      vertex 51 40 12
      vertex 51 41.4 12
    endloop
  endfacet
  facet normal 0 0 1
    outer loop
      vertex -51 41.4 12
      vertex -51 40 12
      vertex 51 40 12
    endloop
  endfacet
  facet normal 0 0 1
    outer loop
      vertex -51 41.4 12
      vertex -51.1305 39.9914 12
      vertex -51 40 12
    endloop
  endfacet
  facet normal -0 0 1
    outer loop
      vertex -51.3133 41.3795 12
      vertex -51.1305 39.9914 12
      vertex -51 41.4 12
    endloop
  endfacet
  facet normal 0 0 1
    outer loop
      vertex -51.1305 39.9914 12
      vertex -51.3133 41.3795 12
      vertex -51.2588 39.9659 12
    endloop
  endfacet
  facet normal -0 0 1
    outer loop
      vertex -51.6212 41.3182 12
      vertex -51.2588 39.9659 12
      vertex -51.3133 41.3795 12
    endloop
  endfacet
  facet normal 0 0 1
    outer loop
      vertex -51.2588 39.9659 12
      vertex -51.6212 41.3182 12
      vertex -51.3827 39.9239 12
    endloop
  endfacet
  facet normal -0 0 1
    outer loop
      vertex -51.9184 41.2173 12
      vertex -51.3827 39.9239 12
      vertex -51.6212 41.3182 12
    endloop
  endfacet
  facet normal 0 0 1
    outer loop
      vertex -51.3827 39.9239 12
      vertex -51.9184 41.2173 12
      vertex -51.5 39.866 12
    endloop
  endfacet
  facet normal -0 0 1
    outer loop
      vertex -52.2 41.0785 12
      vertex -51.5 39.866 12
      vertex -51.9184 41.2173 12
    endloop
  endfacet
  facet normal 0 0 1
    outer loop
      vertex -51.5 39.866 12
      vertex -52.2 41.0785 12
      vertex -51.6088 39.7934 12
    endloop
  endfacet
  facet normal -0 0 1
    outer loop
      vertex -52.461 40.9041 12
      vertex -51.6088 39.7934 12
      vertex -52.2 41.0785 12
    endloop
  endfacet
  facet normal 0 0 1
    outer loop
      vertex -51.6088 39.7934 12
      vertex -52.461 40.9041 12
      vertex -51.7071 39.7071 12
    endloop
  endfacet
  facet normal -0 0 1
    outer loop
      vertex -52.6971 40.6971 12
      vertex -51.7071 39.7071 12
      vertex -52.461 40.9041 12
    endloop
  endfacet
  facet normal 0 0 1
    outer loop
      vertex -51.7071 39.7071 12
      vertex -52.6971 40.6971 12
      vertex -51.7934 39.6088 12
    endloop
  endfacet
  facet normal -0 0 1
    outer loop
      vertex -52.9041 40.461 12
      vertex -51.7934 39.6088 12
      vertex -52.6971 40.6971 12
    endloop
  endfacet
  facet normal 0 0 1
    outer loop
      vertex -51.7934 39.6088 12
      vertex -52.9041 40.461 12
      vertex -51.866 39.5 12
    endloop
  endfacet
  facet normal 0 0 1
    outer loop
      vertex -51.866 39.5 12
      vertex -53.0785 40.2 12
      vertex -51.9239 39.3827 12
    endloop
  endfacet
  facet normal -0 0 1
    outer loop
      vertex -53.0785 40.2 12
      vertex -51.866 39.5 12
      vertex -52.9041 40.461 12
    endloop
  endfacet
  facet normal 0 0 1
    outer loop
      vertex 52 39 12
      vertex 53.4 39 12
      vertex 53.3795 39.3133 12
    endloop
  endfacet
  facet normal 0 0 1
    outer loop
      vertex 51.9914 39.1305 12
      vertex 53.3795 39.3133 12
      vertex 53.3182 39.6212 12
    endloop
  endfacet
  facet normal 0 0 1
    outer loop
      vertex 51.9914 39.1305 12
      vertex 53.3182 39.6212 12
      vertex 53.2173 39.9184 12
    endloop
  endfacet
  facet normal 0 0 1
    outer loop
      vertex 51.9914 39.1305 12
      vertex 53.2173 39.9184 12
      vertex 53.0785 40.2 12
    endloop
  endfacet
  facet normal 0 0 1
    outer loop
      vertex 51.9914 39.1305 12
      vertex 53.0785 40.2 12
      vertex 52.9041 40.461 12
    endloop
  endfacet
  facet normal 0 0 1
    outer loop
      vertex 51.9914 39.1305 12
      vertex 52.9041 40.461 12
      vertex 52.6971 40.6971 12
    endloop
  endfacet
  facet normal 0 0 1
    outer loop
      vertex 51.9914 39.1305 12
      vertex 52.6971 40.6971 12
      vertex 52.461 40.9041 12
    endloop
  endfacet
  facet normal 0 0 1
    outer loop
      vertex 51.6088 39.7934 12
      vertex 52.461 40.9041 12
      vertex 52.2 41.0785 12
    endloop
  endfacet
  facet normal 0 0 1
    outer loop
      vertex 53.4 39 12
      vertex 52 39 12
      vertex 53.4 18.25 12
    endloop
  endfacet
  facet normal 0 0 1
    outer loop
      vertex 53.4 18.25 12
      vertex 52 39 12
      vertex 52 18.25 12
    endloop
  endfacet
  facet normal 0 0 1
    outer loop
      vertex 52 -39 12
      vertex 53.4 -39 12
      vertex 53.4 -18.25 12
    endloop
  endfacet
  facet normal 0 0 1
    outer loop
      vertex 53.4 -39 12
      vertex 52 -39 12
      vertex 53.3795 -39.3133 12
    endloop
  endfacet
  facet normal -0 0 1
    outer loop
      vertex 51.9914 -39.1305 12
      vertex 53.3795 -39.3133 12
      vertex 52 -39 12
    endloop
  endfacet
  facet normal 0 0 1
    outer loop
      vertex 53.3795 -39.3133 12
      vertex 51.9914 -39.1305 12
      vertex 53.3182 -39.6212 12
    endloop
  endfacet
  facet normal -0 0 1
    outer loop
      vertex 51.9659 -39.2588 12
      vertex 53.3182 -39.6212 12
      vertex 51.9914 -39.1305 12
    endloop
  endfacet
  facet normal 0 0 1
    outer loop
      vertex 53.3182 -39.6212 12
      vertex 51.9659 -39.2588 12
      vertex 53.2173 -39.9184 12
    endloop
  endfacet
  facet normal -0 0 1
    outer loop
      vertex 51.9239 -39.3827 12
      vertex 53.2173 -39.9184 12
      vertex 51.9659 -39.2588 12
    endloop
  endfacet
  facet normal 0 0 1
    outer loop
      vertex 53.2173 -39.9184 12
      vertex 51.9239 -39.3827 12
      vertex 53.0785 -40.2 12
    endloop
  endfacet
  facet normal 0 0 1
    outer loop
      vertex 52 -39 12
      vertex 53.4 -18.25 12
      vertex 52 -18.25 12
    endloop
  endfacet
  facet normal -0 0 1
    outer loop
      vertex 51.866 -39.5 12
      vertex 53.0785 -40.2 12
      vertex 51.9239 -39.3827 12
    endloop
  endfacet
  facet normal 0 0 1
    outer loop
      vertex 53.0785 -40.2 12
      vertex 51.866 -39.5 12
      vertex 52.9041 -40.461 12
    endloop
  endfacet
  facet normal -0 0 1
    outer loop
      vertex 51.7934 -39.6088 12
      vertex 52.9041 -40.461 12
      vertex 51.866 -39.5 12
    endloop
  endfacet
  facet normal 0 0 1
    outer loop
      vertex 52.9041 -40.461 12
      vertex 51.7934 -39.6088 12
      vertex 52.6971 -40.6971 12
    endloop
  endfacet
  facet normal -0 0 1
    outer loop
      vertex 51.7071 -39.7071 12
      vertex 52.6971 -40.6971 12
      vertex 51.7934 -39.6088 12
    endloop
  endfacet
  facet normal 0 0 1
    outer loop
      vertex 52.6971 -40.6971 12
      vertex 51.7071 -39.7071 12
      vertex 52.461 -40.9041 12
    endloop
  endfacet
  facet normal -0 0 1
    outer loop
      vertex 51.6088 -39.7934 12
      vertex 52.461 -40.9041 12
      vertex 51.7071 -39.7071 12
    endloop
  endfacet
  facet normal 0 0 1
    outer loop
      vertex 52.461 -40.9041 12
      vertex 51.6088 -39.7934 12
      vertex 52.2 -41.0785 12
    endloop
  endfacet
  facet normal -0 0 1
    outer loop
      vertex 51.5 -39.866 12
      vertex 52.2 -41.0785 12
      vertex 51.6088 -39.7934 12
    endloop
  endfacet
  facet normal 0 0 1
    outer loop
      vertex 52.2 -41.0785 12
      vertex 51.5 -39.866 12
      vertex 51.9184 -41.2173 12
    endloop
  endfacet
  facet normal -0 0 1
    outer loop
      vertex 51.3827 -39.9239 12
      vertex 51.9184 -41.2173 12
      vertex 51.5 -39.866 12
    endloop
  endfacet
  facet normal 0 0 1
    outer loop
      vertex 51.9184 -41.2173 12
      vertex 51.3827 -39.9239 12
      vertex 51.6212 -41.3182 12
    endloop
  endfacet
  facet normal -0 0 1
    outer loop
      vertex 51.2588 -39.9659 12
      vertex 51.6212 -41.3182 12
      vertex 51.3827 -39.9239 12
    endloop
  endfacet
  facet normal 0 0 1
    outer loop
      vertex 51.6212 -41.3182 12
      vertex 51.2588 -39.9659 12
      vertex 51.3133 -41.3795 12
    endloop
  endfacet
  facet normal -0 0 1
    outer loop
      vertex 51.1305 -39.9914 12
      vertex 51.3133 -41.3795 12
      vertex 51.2588 -39.9659 12
    endloop
  endfacet
  facet normal -0 0 1
    outer loop
      vertex 51 -40 12
      vertex 51.3133 -41.3795 12
      vertex 51.1305 -39.9914 12
    endloop
  endfacet
  facet normal 0 0 1
    outer loop
      vertex 51 -40 12
      vertex 51 -41.4 12
      vertex 51.3133 -41.3795 12
    endloop
  endfacet
  facet normal -0 0 1
    outer loop
      vertex -51 -40 12
      vertex 51 -41.4 12
      vertex 51 -40 12
    endloop
  endfacet
  facet normal 0 0 1
    outer loop
      vertex -51 -40 12
      vertex -51 -41.4 12
      vertex 51 -41.4 12
    endloop
  endfacet
  facet normal 0 0 1
    outer loop
      vertex -51.1305 -39.9914 12
      vertex -51 -41.4 12
      vertex -51 -40 12
    endloop
  endfacet
  facet normal 0 0 1
    outer loop
      vertex -51.3133 -41.3795 12
      vertex -51.1305 -39.9914 12
      vertex -51.2588 -39.9659 12
    endloop
  endfacet
  facet normal 0 0 1
    outer loop
      vertex -51.1305 -39.9914 12
      vertex -51.3133 -41.3795 12
      vertex -51 -41.4 12
    endloop
  endfacet
  facet normal 0 0 1
    outer loop
      vertex -51.6212 -41.3182 12
      vertex -51.2588 -39.9659 12
      vertex -51.3827 -39.9239 12
    endloop
  endfacet
  facet normal 0 0 1
    outer loop
      vertex -51.9184 -41.2173 12
      vertex -51.3827 -39.9239 12
      vertex -51.5 -39.866 12
    endloop
  endfacet
  facet normal 0 0 1
    outer loop
      vertex -52.2 -41.0785 12
      vertex -51.5 -39.866 12
      vertex -51.6088 -39.7934 12
    endloop
  endfacet
  facet normal 0 0 1
    outer loop
      vertex -51.2588 -39.9659 12
      vertex -51.6212 -41.3182 12
      vertex -51.3133 -41.3795 12
    endloop
  endfacet
  facet normal 0 0 1
    outer loop
      vertex -52.461 -40.9041 12
      vertex -51.6088 -39.7934 12
      vertex -51.7071 -39.7071 12
    endloop
  endfacet
  facet normal 0 0 1
    outer loop
      vertex -52.6971 -40.6971 12
      vertex -51.7071 -39.7071 12
      vertex -51.7934 -39.6088 12
    endloop
  endfacet
  facet normal 0 0 1
    outer loop
      vertex -52.9041 -40.461 12
      vertex -51.7934 -39.6088 12
      vertex -51.866 -39.5 12
    endloop
  endfacet
  facet normal 0 0 1
    outer loop
      vertex -51.3827 -39.9239 12
      vertex -51.9184 -41.2173 12
      vertex -51.6212 -41.3182 12
    endloop
  endfacet
  facet normal 0 0 1
    outer loop
      vertex -53.0785 -40.2 12
      vertex -51.866 -39.5 12
      vertex -51.9239 -39.3827 12
    endloop
  endfacet
  facet normal 0 0 1
    outer loop
      vertex -53.2173 -39.9184 12
      vertex -51.9239 -39.3827 12
      vertex -51.9659 -39.2588 12
    endloop
  endfacet
  facet normal 0 0 1
    outer loop
      vertex -53.3182 -39.6212 12
      vertex -51.9659 -39.2588 12
      vertex -51.9914 -39.1305 12
    endloop
  endfacet
  facet normal 0 0 1
    outer loop
      vertex -53.3795 -39.3133 12
      vertex -51.9914 -39.1305 12
      vertex -52 -39 12
    endloop
  endfacet
  facet normal 0 0 1
    outer loop
      vertex -51.5 -39.866 12
      vertex -52.2 -41.0785 12
      vertex -51.9184 -41.2173 12
    endloop
  endfacet
  facet normal 0 0 1
    outer loop
      vertex -52 39 12
      vertex -53.4 39 12
      vertex -52 -39 12
    endloop
  endfacet
  facet normal -0 0 1
    outer loop
      vertex -53.2173 39.9184 12
      vertex -51.9239 39.3827 12
      vertex -53.0785 40.2 12
    endloop
  endfacet
  facet normal 0 0 1
    outer loop
      vertex -53.4 -39 12
      vertex -52 -39 12
      vertex -53.4 39 12
    endloop
  endfacet
  facet normal 0 0 1
    outer loop
      vertex -51.9239 39.3827 12
      vertex -53.2173 39.9184 12
      vertex -51.9659 39.2588 12
    endloop
  endfacet
  facet normal 0 -0 1
    outer loop
      vertex -53.3795 -39.3133 12
      vertex -52 -39 12
      vertex -53.4 -39 12
    endloop
  endfacet
  facet normal -0 0 1
    outer loop
      vertex -53.3182 39.6212 12
      vertex -51.9659 39.2588 12
      vertex -53.2173 39.9184 12
    endloop
  endfacet
  facet normal 0 0 1
    outer loop
      vertex -51.6088 -39.7934 12
      vertex -52.461 -40.9041 12
      vertex -52.2 -41.0785 12
    endloop
  endfacet
  facet normal 0 0 1
    outer loop
      vertex -51.9659 39.2588 12
      vertex -53.3182 39.6212 12
      vertex -51.9914 39.1305 12
    endloop
  endfacet
  facet normal 0 0 1
    outer loop
      vertex -51.7071 -39.7071 12
      vertex -52.6971 -40.6971 12
      vertex -52.461 -40.9041 12
    endloop
  endfacet
  facet normal -0 0 1
    outer loop
      vertex -53.3795 39.3133 12
      vertex -51.9914 39.1305 12
      vertex -53.3182 39.6212 12
    endloop
  endfacet
  facet normal 0 0 1
    outer loop
      vertex -51.7934 -39.6088 12
      vertex -52.9041 -40.461 12
      vertex -52.6971 -40.6971 12
    endloop
  endfacet
  facet normal 0 0 1
    outer loop
      vertex -51.9914 39.1305 12
      vertex -53.3795 39.3133 12
      vertex -52 39 12
    endloop
  endfacet
  facet normal 0 0 1
    outer loop
      vertex -51.866 -39.5 12
      vertex -53.0785 -40.2 12
      vertex -52.9041 -40.461 12
    endloop
  endfacet
  facet normal 0 0 1
    outer loop
      vertex -52 39 12
      vertex -53.3795 39.3133 12
      vertex -53.4 39 12
    endloop
  endfacet
  facet normal 0 0 1
    outer loop
      vertex -51.9239 -39.3827 12
      vertex -53.2173 -39.9184 12
      vertex -53.0785 -40.2 12
    endloop
  endfacet
  facet normal 0 0 1
    outer loop
      vertex -51.9659 -39.2588 12
      vertex -53.3182 -39.6212 12
      vertex -53.2173 -39.9184 12
    endloop
  endfacet
  facet normal 0 0 1
    outer loop
      vertex -51.9914 -39.1305 12
      vertex -53.3795 -39.3133 12
      vertex -53.3182 -39.6212 12
    endloop
  endfacet
  facet normal -0.0652929 -0.997866 0
    outer loop
      vertex -51.3133 -41.3795 10
      vertex -51 -41.4 12
      vertex -51.3133 -41.3795 12
    endloop
  endfacet
  facet normal -0.0652929 -0.997866 -0
    outer loop
      vertex -51 -41.4 12
      vertex -51.3133 -41.3795 10
      vertex -51 -41.4 10
    endloop
  endfacet
  facet normal 0 1 -0
    outer loop
      vertex 51 41.4 10
      vertex -51 41.4 12
      vertex 51 41.4 12
    endloop
  endfacet
  facet normal 0 1 0
    outer loop
      vertex -51 41.4 12
      vertex 51 41.4 10
      vertex -51 41.4 10
    endloop
  endfacet
  facet normal -1 0 0
    outer loop
      vertex -53.4 -39 10
      vertex -53.4 39 12
      vertex -53.4 39 10
    endloop
  endfacet
  facet normal -1 -0 0
    outer loop
      vertex -53.4 39 12
      vertex -53.4 -39 10
      vertex -53.4 -39 12
    endloop
  endfacet
  facet normal -0.555582 -0.831462 0
    outer loop
      vertex -52.461 -40.9041 10
      vertex -52.2 -41.0785 12
      vertex -52.461 -40.9041 12
    endloop
  endfacet
  facet normal -0.555582 -0.831462 -0
    outer loop
      vertex -52.2 -41.0785 12
      vertex -52.461 -40.9041 10
      vertex -52.2 -41.0785 10
    endloop
  endfacet
  facet normal 0.831462 -0.555582 0
    outer loop
      vertex 52.9041 -40.461 12
      vertex 53.0785 -40.2 10
      vertex 53.0785 -40.2 12
    endloop
  endfacet
  facet normal 0.831462 -0.555582 0
    outer loop
      vertex 53.0785 -40.2 10
      vertex 52.9041 -40.461 12
      vertex 52.9041 -40.461 10
    endloop
  endfacet
  facet normal 0.555582 0.831462 -0
    outer loop
      vertex 52.461 40.9041 10
      vertex 52.2 41.0785 12
      vertex 52.461 40.9041 12
    endloop
  endfacet
  facet normal 0.555582 0.831462 0
    outer loop
      vertex 52.2 41.0785 12
      vertex 52.461 40.9041 10
      vertex 52.2 41.0785 10
    endloop
  endfacet
  facet normal 0.32148 0.946916 -0
    outer loop
      vertex 51.9184 41.2173 10
      vertex 51.6212 41.3182 12
      vertex 51.9184 41.2173 12
    endloop
  endfacet
  facet normal 0.32148 0.946916 0
    outer loop
      vertex 51.6212 41.3182 12
      vertex 51.9184 41.2173 10
      vertex 51.6212 41.3182 10
    endloop
  endfacet
  facet normal -0.659248 0.751925 0
    outer loop
      vertex -52.461 40.9041 10
      vertex -52.6971 40.6971 12
      vertex -52.461 40.9041 12
    endloop
  endfacet
  facet normal -0.659248 0.751925 0
    outer loop
      vertex -52.6971 40.6971 12
      vertex -52.461 40.9041 10
      vertex -52.6971 40.6971 10
    endloop
  endfacet
  facet normal -0.997866 0.0652929 0
    outer loop
      vertex -53.4 39 10
      vertex -53.3795 39.3133 12
      vertex -53.3795 39.3133 10
    endloop
  endfacet
  facet normal -0.997866 0.0652929 0
    outer loop
      vertex -53.3795 39.3133 12
      vertex -53.4 39 10
      vertex -53.4 39 12
    endloop
  endfacet
  facet normal -0.896961 -0.44211 0
    outer loop
      vertex -53.0785 -40.2 10
      vertex -53.2173 -39.9184 12
      vertex -53.2173 -39.9184 10
    endloop
  endfacet
  facet normal -0.896961 -0.44211 0
    outer loop
      vertex -53.2173 -39.9184 12
      vertex -53.0785 -40.2 10
      vertex -53.0785 -40.2 12
    endloop
  endfacet
  facet normal -0.44211 -0.896961 0
    outer loop
      vertex -52.2 -41.0785 10
      vertex -51.9184 -41.2173 12
      vertex -52.2 -41.0785 12
    endloop
  endfacet
  facet normal -0.44211 -0.896961 -0
    outer loop
      vertex -51.9184 -41.2173 12
      vertex -52.2 -41.0785 10
      vertex -51.9184 -41.2173 10
    endloop
  endfacet
  facet normal -0.195258 -0.980752 0
    outer loop
      vertex -51.6212 -41.3182 10
      vertex -51.3133 -41.3795 12
      vertex -51.6212 -41.3182 12
    endloop
  endfacet
  facet normal -0.195258 -0.980752 -0
    outer loop
      vertex -51.3133 -41.3795 12
      vertex -51.6212 -41.3182 10
      vertex -51.3133 -41.3795 10
    endloop
  endfacet
  facet normal -0.32148 -0.946916 0
    outer loop
      vertex -51.9184 -41.2173 10
      vertex -51.6212 -41.3182 12
      vertex -51.9184 -41.2173 12
    endloop
  endfacet
  facet normal -0.32148 -0.946916 -0
    outer loop
      vertex -51.6212 -41.3182 12
      vertex -51.9184 -41.2173 10
      vertex -51.6212 -41.3182 10
    endloop
  endfacet
  facet normal 0.946916 -0.32148 0
    outer loop
      vertex 53.2173 -39.9184 12
      vertex 53.3182 -39.6212 10
      vertex 53.3182 -39.6212 12
    endloop
  endfacet
  facet normal 0.946916 -0.32148 0
    outer loop
      vertex 53.3182 -39.6212 10
      vertex 53.2173 -39.9184 12
      vertex 53.2173 -39.9184 10
    endloop
  endfacet
  facet normal 0.44211 0.896961 -0
    outer loop
      vertex 52.2 41.0785 10
      vertex 51.9184 41.2173 12
      vertex 52.2 41.0785 12
    endloop
  endfacet
  facet normal 0.44211 0.896961 0
    outer loop
      vertex 51.9184 41.2173 12
      vertex 52.2 41.0785 10
      vertex 51.9184 41.2173 10
    endloop
  endfacet
  facet normal 0.0652929 0.997866 -0
    outer loop
      vertex 51.3133 41.3795 10
      vertex 51 41.4 12
      vertex 51.3133 41.3795 12
    endloop
  endfacet
  facet normal 0.0652929 0.997866 0
    outer loop
      vertex 51 41.4 12
      vertex 51.3133 41.3795 10
      vertex 51 41.4 10
    endloop
  endfacet
  facet normal -0.555582 0.831462 0
    outer loop
      vertex -52.2 41.0785 10
      vertex -52.461 40.9041 12
      vertex -52.2 41.0785 12
    endloop
  endfacet
  facet normal -0.555582 0.831462 0
    outer loop
      vertex -52.461 40.9041 12
      vertex -52.2 41.0785 10
      vertex -52.461 40.9041 10
    endloop
  endfacet
  facet normal -0.751925 0.659248 0
    outer loop
      vertex -52.9041 40.461 10
      vertex -52.6971 40.6971 12
      vertex -52.6971 40.6971 10
    endloop
  endfacet
  facet normal -0.751925 0.659248 0
    outer loop
      vertex -52.6971 40.6971 12
      vertex -52.9041 40.461 10
      vertex -52.9041 40.461 12
    endloop
  endfacet
  facet normal -0 0 1
    outer loop
      vertex 53.4 -18.25 10
      vertex 55 -39 10
      vertex 55 -17.25 10
    endloop
  endfacet
  facet normal 0 0 1
    outer loop
      vertex 53.4 -39 10
      vertex 55 -39 10
      vertex 53.4 -18.25 10
    endloop
  endfacet
  facet normal -0 0 1
    outer loop
      vertex 53.3795 -39.3133 10
      vertex 54.9658 -39.5221 10
      vertex 53.4 -39 10
    endloop
  endfacet
  facet normal 0 0 1
    outer loop
      vertex 54.9658 -39.5221 10
      vertex 53.3795 -39.3133 10
      vertex 54.8637 -40.0353 10
    endloop
  endfacet
  facet normal -0 0 1
    outer loop
      vertex 53.3182 -39.6212 10
      vertex 54.8637 -40.0353 10
      vertex 53.3795 -39.3133 10
    endloop
  endfacet
  facet normal 0 0 1
    outer loop
      vertex 54.8637 -40.0353 10
      vertex 53.3182 -39.6212 10
      vertex 54.6955 -40.5307 10
    endloop
  endfacet
  facet normal -0 0 1
    outer loop
      vertex 53.2173 -39.9184 10
      vertex 54.6955 -40.5307 10
      vertex 53.3182 -39.6212 10
    endloop
  endfacet
  facet normal 0 0 1
    outer loop
      vertex 55 -39 10
      vertex 53.4 -39 10
      vertex 54.9658 -39.5221 10
    endloop
  endfacet
  facet normal 0 0 1
    outer loop
      vertex 55 -17.25 10
      vertex 52 -18.25 10
      vertex 53.4 -18.25 10
    endloop
  endfacet
  facet normal 0 0 1
    outer loop
      vertex 51 -40 10
      vertex 52 -39 10
      vertex 52 -18.25 10
    endloop
  endfacet
  facet normal 0 0 1
    outer loop
      vertex 52 -39 10
      vertex 51 -40 10
      vertex 51.9914 -39.1305 10
    endloop
  endfacet
  facet normal 0 0 1
    outer loop
      vertex 51.9914 -39.1305 10
      vertex 51 -40 10
      vertex 51.9659 -39.2588 10
    endloop
  endfacet
  facet normal 0 0 1
    outer loop
      vertex 51.9659 -39.2588 10
      vertex 51 -40 10
      vertex 51.9239 -39.3827 10
    endloop
  endfacet
  facet normal 0 0 1
    outer loop
      vertex 51.9239 -39.3827 10
      vertex 51 -40 10
      vertex 51.866 -39.5 10
    endloop
  endfacet
  facet normal 0 0 1
    outer loop
      vertex 51.866 -39.5 10
      vertex 51 -40 10
      vertex 51.7934 -39.6088 10
    endloop
  endfacet
  facet normal 0 0 1
    outer loop
      vertex 51.7934 -39.6088 10
      vertex 51 -40 10
      vertex 51.7071 -39.7071 10
    endloop
  endfacet
  facet normal 0 0 1
    outer loop
      vertex 51.7071 -39.7071 10
      vertex 51 -40 10
      vertex 51.6088 -39.7934 10
    endloop
  endfacet
  facet normal 0 0 1
    outer loop
      vertex 51.6088 -39.7934 10
      vertex 51 -40 10
      vertex 51.5 -39.866 10
    endloop
  endfacet
  facet normal 0 0 1
    outer loop
      vertex 51.5 -39.866 10
      vertex 51 -40 10
      vertex 51.3827 -39.9239 10
    endloop
  endfacet
  facet normal 0 0 1
    outer loop
      vertex 51.3827 -39.9239 10
      vertex 51 -40 10
      vertex 51.2588 -39.9659 10
    endloop
  endfacet
  facet normal 0 0 1
    outer loop
      vertex 51.2588 -39.9659 10
      vertex 51 -40 10
      vertex 51.1305 -39.9914 10
    endloop
  endfacet
  facet normal -0 0 1
    outer loop
      vertex -47.2 -17.25 10
      vertex 52 -18.25 10
      vertex 55 -17.25 10
    endloop
  endfacet
  facet normal 0 0 1
    outer loop
      vertex -47.2 -17.25 10
      vertex 51 -40 10
      vertex 52 -18.25 10
    endloop
  endfacet
  facet normal 0 0 1
    outer loop
      vertex -47.2 -17.25 10
      vertex -51 -40 10
      vertex 51 -40 10
    endloop
  endfacet
  facet normal 0 0 1
    outer loop
      vertex -47.2 17.25 10
      vertex -52 39 10
      vertex -47.2 -17.25 10
    endloop
  endfacet
  facet normal 0 0 1
    outer loop
      vertex -52 39 10
      vertex -51 40 10
      vertex -51.1305 39.9914 10
    endloop
  endfacet
  facet normal 0 0 1
    outer loop
      vertex -52 -39 10
      vertex -47.2 -17.25 10
      vertex -52 39 10
    endloop
  endfacet
  facet normal 0 0 1
    outer loop
      vertex -52 39 10
      vertex -51.1305 39.9914 10
      vertex -51.2588 39.9659 10
    endloop
  endfacet
  facet normal 0 0 1
    outer loop
      vertex -47.2 -17.25 10
      vertex -52 -39 10
      vertex -51 -40 10
    endloop
  endfacet
  facet normal 0 0 1
    outer loop
      vertex -52 39 10
      vertex -51.2588 39.9659 10
      vertex -51.3827 39.9239 10
    endloop
  endfacet
  facet normal 0 0 1
    outer loop
      vertex -51 -40 10
      vertex -52 -39 10
      vertex -51.1305 -39.9914 10
    endloop
  endfacet
  facet normal 0 0 1
    outer loop
      vertex -52 39 10
      vertex -51.3827 39.9239 10
      vertex -51.5 39.866 10
    endloop
  endfacet
  facet normal 0 0 1
    outer loop
      vertex -51.1305 -39.9914 10
      vertex -52 -39 10
      vertex -51.2588 -39.9659 10
    endloop
  endfacet
  facet normal 0 0 1
    outer loop
      vertex -52 39 10
      vertex -51.5 39.866 10
      vertex -51.6088 39.7934 10
    endloop
  endfacet
  facet normal 0 0 1
    outer loop
      vertex -51.2588 -39.9659 10
      vertex -52 -39 10
      vertex -51.3827 -39.9239 10
    endloop
  endfacet
  facet normal 0 0 1
    outer loop
      vertex -52 39 10
      vertex -51.6088 39.7934 10
      vertex -51.7071 39.7071 10
    endloop
  endfacet
  facet normal 0 0 1
    outer loop
      vertex -51.3827 -39.9239 10
      vertex -52 -39 10
      vertex -51.5 -39.866 10
    endloop
  endfacet
  facet normal 0 0 1
    outer loop
      vertex -52 39 10
      vertex -51.7071 39.7071 10
      vertex -51.7934 39.6088 10
    endloop
  endfacet
  facet normal 0 0 1
    outer loop
      vertex -51.5 -39.866 10
      vertex -52 -39 10
      vertex -51.6088 -39.7934 10
    endloop
  endfacet
  facet normal 0 0 1
    outer loop
      vertex -52 39 10
      vertex -51.7934 39.6088 10
      vertex -51.866 39.5 10
    endloop
  endfacet
  facet normal 0 0 1
    outer loop
      vertex -51.6088 -39.7934 10
      vertex -52 -39 10
      vertex -51.7071 -39.7071 10
    endloop
  endfacet
  facet normal 0 0 1
    outer loop
      vertex -52 39 10
      vertex -51.866 39.5 10
      vertex -51.9239 39.3827 10
    endloop
  endfacet
  facet normal 0 0 1
    outer loop
      vertex -51.7071 -39.7071 10
      vertex -52 -39 10
      vertex -51.7934 -39.6088 10
    endloop
  endfacet
  facet normal 0 0 1
    outer loop
      vertex -52 39 10
      vertex -51.9239 39.3827 10
      vertex -51.9659 39.2588 10
    endloop
  endfacet
  facet normal 0 0 1
    outer loop
      vertex -51.7934 -39.6088 10
      vertex -52 -39 10
      vertex -51.866 -39.5 10
    endloop
  endfacet
  facet normal 0 0 1
    outer loop
      vertex -52 39 10
      vertex -51.9659 39.2588 10
      vertex -51.9914 39.1305 10
    endloop
  endfacet
  facet normal 0 0 1
    outer loop
      vertex -51.866 -39.5 10
      vertex -52 -39 10
      vertex -51.9239 -39.3827 10
    endloop
  endfacet
  facet normal 0 0 1
    outer loop
      vertex -51.9239 -39.3827 10
      vertex -52 -39 10
      vertex -51.9659 -39.2588 10
    endloop
  endfacet
  facet normal 0 0 1
    outer loop
      vertex -51.9659 -39.2588 10
      vertex -52 -39 10
      vertex -51.9914 -39.1305 10
    endloop
  endfacet
  facet normal 0 0 1
    outer loop
      vertex 54.6955 -40.5307 10
      vertex 53.2173 -39.9184 10
      vertex 54.4641 -41 10
    endloop
  endfacet
  facet normal -0 0 1
    outer loop
      vertex 53.0785 -40.2 10
      vertex 54.4641 -41 10
      vertex 53.2173 -39.9184 10
    endloop
  endfacet
  facet normal 0 0 1
    outer loop
      vertex 54.4641 -41 10
      vertex 53.0785 -40.2 10
      vertex 54.1734 -41.435 10
    endloop
  endfacet
  facet normal -0 0 1
    outer loop
      vertex 52.9041 -40.461 10
      vertex 54.1734 -41.435 10
      vertex 53.0785 -40.2 10
    endloop
  endfacet
  facet normal 0 0 1
    outer loop
      vertex 54.1734 -41.435 10
      vertex 52.9041 -40.461 10
      vertex 53.8284 -41.8284 10
    endloop
  endfacet
  facet normal -0 0 1
    outer loop
      vertex 52.6971 -40.6971 10
      vertex 53.8284 -41.8284 10
      vertex 52.9041 -40.461 10
    endloop
  endfacet
  facet normal 0 0 1
    outer loop
      vertex 53.8284 -41.8284 10
      vertex 52.6971 -40.6971 10
      vertex 53.435 -42.1734 10
    endloop
  endfacet
  facet normal -0 0 1
    outer loop
      vertex 52.461 -40.9041 10
      vertex 53.435 -42.1734 10
      vertex 52.6971 -40.6971 10
    endloop
  endfacet
  facet normal 0 0 1
    outer loop
      vertex 53.435 -42.1734 10
      vertex 52.461 -40.9041 10
      vertex 53 -42.4641 10
    endloop
  endfacet
  facet normal -0 0 1
    outer loop
      vertex 52.2 -41.0785 10
      vertex 53 -42.4641 10
      vertex 52.461 -40.9041 10
    endloop
  endfacet
  facet normal 0 0 1
    outer loop
      vertex 53 -42.4641 10
      vertex 52.2 -41.0785 10
      vertex 52.5307 -42.6955 10
    endloop
  endfacet
  facet normal -0 0 1
    outer loop
      vertex 51.9184 -41.2173 10
      vertex 52.5307 -42.6955 10
      vertex 52.2 -41.0785 10
    endloop
  endfacet
  facet normal 0 0 1
    outer loop
      vertex 52.5307 -42.6955 10
      vertex 51.9184 -41.2173 10
      vertex 52.0353 -42.8637 10
    endloop
  endfacet
  facet normal -0 0 1
    outer loop
      vertex 51.6212 -41.3182 10
      vertex 52.0353 -42.8637 10
      vertex 51.9184 -41.2173 10
    endloop
  endfacet
  facet normal 0 0 1
    outer loop
      vertex 51.6212 -41.3182 10
      vertex 51.5221 -42.9658 10
      vertex 52.0353 -42.8637 10
    endloop
  endfacet
  facet normal -0 0 1
    outer loop
      vertex 51.3133 -41.3795 10
      vertex 51.5221 -42.9658 10
      vertex 51.6212 -41.3182 10
    endloop
  endfacet
  facet normal -0 0 1
    outer loop
      vertex 51 -41.4 10
      vertex 51.5221 -42.9658 10
      vertex 51.3133 -41.3795 10
    endloop
  endfacet
  facet normal 0 0 1
    outer loop
      vertex 51 -41.4 10
      vertex 51 -43 10
      vertex 51.5221 -42.9658 10
    endloop
  endfacet
  facet normal -0 0 1
    outer loop
      vertex -51 -41.4 10
      vertex 51 -43 10
      vertex 51 -41.4 10
    endloop
  endfacet
  facet normal 0 0 1
    outer loop
      vertex -51 -41.4 10
      vertex -51 -43 10
      vertex 51 -43 10
    endloop
  endfacet
  facet normal 0 0 1
    outer loop
      vertex -51.3133 -41.3795 10
      vertex -51 -43 10
      vertex -51 -41.4 10
    endloop
  endfacet
  facet normal 0 0 1
    outer loop
      vertex -51.3133 -41.3795 10
      vertex -51.5221 -42.9658 10
      vertex -51 -43 10
    endloop
  endfacet
  facet normal 0 0 1
    outer loop
      vertex -51.6212 -41.3182 10
      vertex -51.5221 -42.9658 10
      vertex -51.3133 -41.3795 10
    endloop
  endfacet
  facet normal 0 0 1
    outer loop
      vertex -52.0353 -42.8637 10
      vertex -51.6212 -41.3182 10
      vertex -51.9184 -41.2173 10
    endloop
  endfacet
  facet normal 0 0 1
    outer loop
      vertex -51.6212 -41.3182 10
      vertex -52.0353 -42.8637 10
      vertex -51.5221 -42.9658 10
    endloop
  endfacet
  facet normal 0 0 1
    outer loop
      vertex -52.5307 -42.6955 10
      vertex -51.9184 -41.2173 10
      vertex -52.2 -41.0785 10
    endloop
  endfacet
  facet normal 0 0 1
    outer loop
      vertex -53 -42.4641 10
      vertex -52.2 -41.0785 10
      vertex -52.461 -40.9041 10
    endloop
  endfacet
  facet normal 0 0 1
    outer loop
      vertex -51.9184 -41.2173 10
      vertex -52.5307 -42.6955 10
      vertex -52.0353 -42.8637 10
    endloop
  endfacet
  facet normal 0 0 1
    outer loop
      vertex -53.435 -42.1734 10
      vertex -52.461 -40.9041 10
      vertex -52.6971 -40.6971 10
    endloop
  endfacet
  facet normal 0 0 1
    outer loop
      vertex -53.8284 -41.8284 10
      vertex -52.6971 -40.6971 10
      vertex -52.9041 -40.461 10
    endloop
  endfacet
  facet normal 0 0 1
    outer loop
      vertex -52.2 -41.0785 10
      vertex -53 -42.4641 10
      vertex -52.5307 -42.6955 10
    endloop
  endfacet
  facet normal 0 0 1
    outer loop
      vertex -54.1734 -41.435 10
      vertex -52.9041 -40.461 10
      vertex -53.0785 -40.2 10
    endloop
  endfacet
  facet normal 0 0 1
    outer loop
      vertex -54.4641 -41 10
      vertex -53.0785 -40.2 10
      vertex -53.2173 -39.9184 10
    endloop
  endfacet
  facet normal 0 0 1
    outer loop
      vertex -54.6955 -40.5307 10
      vertex -53.2173 -39.9184 10
      vertex -53.3182 -39.6212 10
    endloop
  endfacet
  facet normal 0 0 1
    outer loop
      vertex -54.8637 -40.0353 10
      vertex -53.3182 -39.6212 10
      vertex -53.3795 -39.3133 10
    endloop
  endfacet
  facet normal 0 0 1
    outer loop
      vertex -52.461 -40.9041 10
      vertex -53.435 -42.1734 10
      vertex -53 -42.4641 10
    endloop
  endfacet
  facet normal 0 0 1
    outer loop
      vertex -54.9658 -39.5221 10
      vertex -53.3795 -39.3133 10
      vertex -53.4 -39 10
    endloop
  endfacet
  facet normal 0 0 1
    outer loop
      vertex -53.4 39 10
      vertex -55 39 10
      vertex -53.4 -39 10
    endloop
  endfacet
  facet normal 0 0 1
    outer loop
      vertex -55 39 10
      vertex -53.435 42.1734 10
      vertex -53.8284 41.8284 10
    endloop
  endfacet
  facet normal 0 0 1
    outer loop
      vertex -55 -39 10
      vertex -53.4 -39 10
      vertex -55 39 10
    endloop
  endfacet
  facet normal 0 0 1
    outer loop
      vertex -55 39 10
      vertex -53.8284 41.8284 10
      vertex -54.1734 41.435 10
    endloop
  endfacet
  facet normal 0 -0 1
    outer loop
      vertex -54.9658 -39.5221 10
      vertex -53.4 -39 10
      vertex -55 -39 10
    endloop
  endfacet
  facet normal 0 0 1
    outer loop
      vertex -55 39 10
      vertex -54.1734 41.435 10
      vertex -54.4641 41 10
    endloop
  endfacet
  facet normal 0 0 1
    outer loop
      vertex -52.6971 -40.6971 10
      vertex -53.8284 -41.8284 10
      vertex -53.435 -42.1734 10
    endloop
  endfacet
  facet normal 0 0 1
    outer loop
      vertex -55 39 10
      vertex -54.4641 41 10
      vertex -54.6955 40.5307 10
    endloop
  endfacet
  facet normal 0 0 1
    outer loop
      vertex -52.9041 -40.461 10
      vertex -54.1734 -41.435 10
      vertex -53.8284 -41.8284 10
    endloop
  endfacet
  facet normal 0 0 1
    outer loop
      vertex -55 39 10
      vertex -54.6955 40.5307 10
      vertex -54.8637 40.0353 10
    endloop
  endfacet
  facet normal 0 0 1
    outer loop
      vertex -53.0785 -40.2 10
      vertex -54.4641 -41 10
      vertex -54.1734 -41.435 10
    endloop
  endfacet
  facet normal 0 0 1
    outer loop
      vertex -55 39 10
      vertex -54.8637 40.0353 10
      vertex -54.9658 39.5221 10
    endloop
  endfacet
  facet normal 0 0 1
    outer loop
      vertex -53.2173 -39.9184 10
      vertex -54.6955 -40.5307 10
      vertex -54.4641 -41 10
    endloop
  endfacet
  facet normal 0 0 1
    outer loop
      vertex -53.3182 -39.6212 10
      vertex -54.8637 -40.0353 10
      vertex -54.6955 -40.5307 10
    endloop
  endfacet
  facet normal 0 0 1
    outer loop
      vertex -53.3795 -39.3133 10
      vertex -54.9658 -39.5221 10
      vertex -54.8637 -40.0353 10
    endloop
  endfacet
  facet normal 0 0 1
    outer loop
      vertex 51 40 10
      vertex 52 39 10
      vertex 51.9914 39.1305 10
    endloop
  endfacet
  facet normal 0 0 1
    outer loop
      vertex 54.9658 39.5221 10
      vertex 53.3795 39.3133 10
      vertex 53.4 39 10
    endloop
  endfacet
  facet normal 0 0 1
    outer loop
      vertex 53.8284 41.8284 10
      vertex 53.3182 39.6212 10
      vertex 53.3795 39.3133 10
    endloop
  endfacet
  facet normal 0 0 1
    outer loop
      vertex 53.8284 41.8284 10
      vertex 53.2173 39.9184 10
      vertex 53.3182 39.6212 10
    endloop
  endfacet
  facet normal 0 0 1
    outer loop
      vertex 53.8284 41.8284 10
      vertex 53.0785 40.2 10
      vertex 53.2173 39.9184 10
    endloop
  endfacet
  facet normal 0 0 1
    outer loop
      vertex 52.461 40.9041 10
      vertex 53.435 42.1734 10
      vertex 53 42.4641 10
    endloop
  endfacet
  facet normal 0 0 1
    outer loop
      vertex 53.8284 41.8284 10
      vertex 52.9041 40.461 10
      vertex 53.0785 40.2 10
    endloop
  endfacet
  facet normal 0 0 1
    outer loop
      vertex 53.8284 41.8284 10
      vertex 52.6971 40.6971 10
      vertex 52.9041 40.461 10
    endloop
  endfacet
  facet normal 0 0 1
    outer loop
      vertex 52.2 41.0785 10
      vertex 53 42.4641 10
      vertex 52.5307 42.6955 10
    endloop
  endfacet
  facet normal 0 0 1
    outer loop
      vertex 53.435 42.1734 10
      vertex 52.461 40.9041 10
      vertex 52.6971 40.6971 10
    endloop
  endfacet
  facet normal 0 0 1
    outer loop
      vertex 53 42.4641 10
      vertex 52.2 41.0785 10
      vertex 52.461 40.9041 10
    endloop
  endfacet
  facet normal 0 0 1
    outer loop
      vertex 51.9184 41.2173 10
      vertex 52.5307 42.6955 10
      vertex 52.0353 42.8637 10
    endloop
  endfacet
  facet normal 0 0 1
    outer loop
      vertex 52.5307 42.6955 10
      vertex 51.9184 41.2173 10
      vertex 52.2 41.0785 10
    endloop
  endfacet
  facet normal 0 0 1
    outer loop
      vertex 52.0353 42.8637 10
      vertex 51.6212 41.3182 10
      vertex 51.9184 41.2173 10
    endloop
  endfacet
  facet normal 0 0 1
    outer loop
      vertex 51.5221 42.9658 10
      vertex 51.6212 41.3182 10
      vertex 52.0353 42.8637 10
    endloop
  endfacet
  facet normal 0 0 1
    outer loop
      vertex 51.5221 42.9658 10
      vertex 51.3133 41.3795 10
      vertex 51.6212 41.3182 10
    endloop
  endfacet
  facet normal 0 0 1
    outer loop
      vertex 51 43 10
      vertex 51.3133 41.3795 10
      vertex 51.5221 42.9658 10
    endloop
  endfacet
  facet normal 0 0 1
    outer loop
      vertex 51 43 10
      vertex 51 41.4 10
      vertex 51.3133 41.3795 10
    endloop
  endfacet
  facet normal -0 0 1
    outer loop
      vertex -51 43 10
      vertex 51 41.4 10
      vertex 51 43 10
    endloop
  endfacet
  facet normal 0 0 1
    outer loop
      vertex -51 43 10
      vertex -51 41.4 10
      vertex 51 41.4 10
    endloop
  endfacet
  facet normal 0 0 1
    outer loop
      vertex -51 43 10
      vertex -51.3133 41.3795 10
      vertex -51 41.4 10
    endloop
  endfacet
  facet normal -0 0 1
    outer loop
      vertex -51.5221 42.9658 10
      vertex -51.3133 41.3795 10
      vertex -51 43 10
    endloop
  endfacet
  facet normal 0 0 1
    outer loop
      vertex -51.5221 42.9658 10
      vertex -51.6212 41.3182 10
      vertex -51.3133 41.3795 10
    endloop
  endfacet
  facet normal -0 0 1
    outer loop
      vertex -52.0353 42.8637 10
      vertex -51.6212 41.3182 10
      vertex -51.5221 42.9658 10
    endloop
  endfacet
  facet normal 0 0 1
    outer loop
      vertex -51.6212 41.3182 10
      vertex -52.0353 42.8637 10
      vertex -51.9184 41.2173 10
    endloop
  endfacet
  facet normal -0 0 1
    outer loop
      vertex -52.5307 42.6955 10
      vertex -51.9184 41.2173 10
      vertex -52.0353 42.8637 10
    endloop
  endfacet
  facet normal 0 0 1
    outer loop
      vertex -51.9184 41.2173 10
      vertex -52.5307 42.6955 10
      vertex -52.2 41.0785 10
    endloop
  endfacet
  facet normal -0 0 1
    outer loop
      vertex -53 42.4641 10
      vertex -52.2 41.0785 10
      vertex -52.5307 42.6955 10
    endloop
  endfacet
  facet normal 0 0 1
    outer loop
      vertex -52.2 41.0785 10
      vertex -53 42.4641 10
      vertex -52.461 40.9041 10
    endloop
  endfacet
  facet normal -0 0 1
    outer loop
      vertex -53.435 42.1734 10
      vertex -52.461 40.9041 10
      vertex -53 42.4641 10
    endloop
  endfacet
  facet normal 0 0 1
    outer loop
      vertex -52.461 40.9041 10
      vertex -53.435 42.1734 10
      vertex -52.6971 40.6971 10
    endloop
  endfacet
  facet normal 0 0 1
    outer loop
      vertex -52.6971 40.6971 10
      vertex -53.435 42.1734 10
      vertex -52.9041 40.461 10
    endloop
  endfacet
  facet normal 0 0 1
    outer loop
      vertex -52.9041 40.461 10
      vertex -53.435 42.1734 10
      vertex -53.0785 40.2 10
    endloop
  endfacet
  facet normal 0 0 1
    outer loop
      vertex -53.0785 40.2 10
      vertex -53.435 42.1734 10
      vertex -53.2173 39.9184 10
    endloop
  endfacet
  facet normal 0 0 1
    outer loop
      vertex -55 39 10
      vertex -53.2173 39.9184 10
      vertex -53.435 42.1734 10
    endloop
  endfacet
  facet normal 0 0 1
    outer loop
      vertex -53.3795 39.3133 10
      vertex -55 39 10
      vertex -53.4 39 10
    endloop
  endfacet
  facet normal 0 0 1
    outer loop
      vertex -53.3182 39.6212 10
      vertex -55 39 10
      vertex -53.3795 39.3133 10
    endloop
  endfacet
  facet normal 0 0 1
    outer loop
      vertex -53.2173 39.9184 10
      vertex -55 39 10
      vertex -53.3182 39.6212 10
    endloop
  endfacet
  facet normal 0 0 1
    outer loop
      vertex 53.4 39 10
      vertex 55 39 10
      vertex 54.9658 39.5221 10
    endloop
  endfacet
  facet normal 0 0 1
    outer loop
      vertex 53.3795 39.3133 10
      vertex 54.9658 39.5221 10
      vertex 54.8637 40.0353 10
    endloop
  endfacet
  facet normal 0 0 1
    outer loop
      vertex 53.3795 39.3133 10
      vertex 54.8637 40.0353 10
      vertex 54.6955 40.5307 10
    endloop
  endfacet
  facet normal 0 0 1
    outer loop
      vertex 53.3795 39.3133 10
      vertex 54.6955 40.5307 10
      vertex 54.4641 41 10
    endloop
  endfacet
  facet normal 0 0 1
    outer loop
      vertex 53.3795 39.3133 10
      vertex 54.4641 41 10
      vertex 54.1734 41.435 10
    endloop
  endfacet
  facet normal 0 0 1
    outer loop
      vertex 53.3795 39.3133 10
      vertex 54.1734 41.435 10
      vertex 53.8284 41.8284 10
    endloop
  endfacet
  facet normal 0 0 1
    outer loop
      vertex 52.6971 40.6971 10
      vertex 53.8284 41.8284 10
      vertex 53.435 42.1734 10
    endloop
  endfacet
  facet normal 0 0 1
    outer loop
      vertex 55 39 10
      vertex 53.4 39 10
      vertex 53.4 18.25 10
    endloop
  endfacet
  facet normal 0 0 1
    outer loop
      vertex 55 39 10
      vertex 53.4 18.25 10
      vertex 55 17.25 10
    endloop
  endfacet
  facet normal -0 0 1
    outer loop
      vertex 52 18.25 10
      vertex 55 17.25 10
      vertex 53.4 18.25 10
    endloop
  endfacet
  facet normal 0 0 1
    outer loop
      vertex 51 40 10
      vertex 51.9914 39.1305 10
      vertex 51.9659 39.2588 10
    endloop
  endfacet
  facet normal 0 0 1
    outer loop
      vertex 51 40 10
      vertex 51.9659 39.2588 10
      vertex 51.9239 39.3827 10
    endloop
  endfacet
  facet normal 0 0 1
    outer loop
      vertex 51 40 10
      vertex 51.9239 39.3827 10
      vertex 51.866 39.5 10
    endloop
  endfacet
  facet normal 0 0 1
    outer loop
      vertex 51 40 10
      vertex 51.866 39.5 10
      vertex 51.7934 39.6088 10
    endloop
  endfacet
  facet normal 0 0 1
    outer loop
      vertex 51 40 10
      vertex 51.7934 39.6088 10
      vertex 51.7071 39.7071 10
    endloop
  endfacet
  facet normal 0 0 1
    outer loop
      vertex 51 40 10
      vertex 51.7071 39.7071 10
      vertex 51.6088 39.7934 10
    endloop
  endfacet
  facet normal 0 0 1
    outer loop
      vertex 51 40 10
      vertex 51.6088 39.7934 10
      vertex 51.5 39.866 10
    endloop
  endfacet
  facet normal 0 0 1
    outer loop
      vertex 51 40 10
      vertex 51.5 39.866 10
      vertex 51.3827 39.9239 10
    endloop
  endfacet
  facet normal 0 0 1
    outer loop
      vertex 51 40 10
      vertex 51.3827 39.9239 10
      vertex 51.2588 39.9659 10
    endloop
  endfacet
  facet normal 0 0 1
    outer loop
      vertex 51 40 10
      vertex 51.2588 39.9659 10
      vertex 51.1305 39.9914 10
    endloop
  endfacet
  facet normal 0 0 1
    outer loop
      vertex 52 39 10
      vertex 51 40 10
      vertex 52 18.25 10
    endloop
  endfacet
  facet normal 0 0 1
    outer loop
      vertex 52 18.25 10
      vertex -47.2 17.25 10
      vertex 55 17.25 10
    endloop
  endfacet
  facet normal 0 0 1
    outer loop
      vertex 51 40 10
      vertex -47.2 17.25 10
      vertex 52 18.25 10
    endloop
  endfacet
  facet normal -0 0 1
    outer loop
      vertex -52 39 10
      vertex -47.2 17.25 10
      vertex -51 40 10
    endloop
  endfacet
  facet normal -0 0 1
    outer loop
      vertex -51 40 10
      vertex -47.2 17.25 10
      vertex 51 40 10
    endloop
  endfacet
  facet normal 0.32148 -0.946916 0
    outer loop
      vertex 51.6212 -41.3182 10
      vertex 51.9184 -41.2173 12
      vertex 51.6212 -41.3182 12
    endloop
  endfacet
  facet normal 0.32148 -0.946916 0
    outer loop
      vertex 51.9184 -41.2173 12
      vertex 51.6212 -41.3182 10
      vertex 51.9184 -41.2173 10
    endloop
  endfacet
  facet normal 0.44211 -0.896961 0
    outer loop
      vertex 51.9184 -41.2173 10
      vertex 52.2 -41.0785 12
      vertex 51.9184 -41.2173 12
    endloop
  endfacet
  facet normal 0.44211 -0.896961 0
    outer loop
      vertex 52.2 -41.0785 12
      vertex 51.9184 -41.2173 10
      vertex 52.2 -41.0785 10
    endloop
  endfacet
  facet normal 0.997866 -0.0652929 0
    outer loop
      vertex 53.3795 -39.3133 12
      vertex 53.4 -39 10
      vertex 53.4 -39 12
    endloop
  endfacet
  facet normal 0.997866 -0.0652929 0
    outer loop
      vertex 53.4 -39 10
      vertex 53.3795 -39.3133 12
      vertex 53.3795 -39.3133 10
    endloop
  endfacet
  facet normal 0.195258 0.980752 -0
    outer loop
      vertex 51.6212 41.3182 10
      vertex 51.3133 41.3795 12
      vertex 51.6212 41.3182 12
    endloop
  endfacet
  facet normal 0.195258 0.980752 0
    outer loop
      vertex 51.3133 41.3795 12
      vertex 51.6212 41.3182 10
      vertex 51.3133 41.3795 10
    endloop
  endfacet
  facet normal -0.32148 0.946916 0
    outer loop
      vertex -51.6212 41.3182 10
      vertex -51.9184 41.2173 12
      vertex -51.6212 41.3182 12
    endloop
  endfacet
  facet normal -0.32148 0.946916 0
    outer loop
      vertex -51.9184 41.2173 12
      vertex -51.6212 41.3182 10
      vertex -51.9184 41.2173 10
    endloop
  endfacet
  facet normal -0.195258 0.980752 0
    outer loop
      vertex -51.3133 41.3795 10
      vertex -51.6212 41.3182 12
      vertex -51.3133 41.3795 12
    endloop
  endfacet
  facet normal -0.195258 0.980752 0
    outer loop
      vertex -51.6212 41.3182 12
      vertex -51.3133 41.3795 10
      vertex -51.6212 41.3182 10
    endloop
  endfacet
  facet normal -0.896961 0.44211 0
    outer loop
      vertex -53.2173 39.9184 10
      vertex -53.0785 40.2 12
      vertex -53.0785 40.2 10
    endloop
  endfacet
  facet normal -0.896961 0.44211 0
    outer loop
      vertex -53.0785 40.2 12
      vertex -53.2173 39.9184 10
      vertex -53.2173 39.9184 12
    endloop
  endfacet
  facet normal -0.831462 0.555582 0
    outer loop
      vertex -53.0785 40.2 10
      vertex -52.9041 40.461 12
      vertex -52.9041 40.461 10
    endloop
  endfacet
  facet normal -0.831462 0.555582 0
    outer loop
      vertex -52.9041 40.461 12
      vertex -53.0785 40.2 10
      vertex -53.0785 40.2 12
    endloop
  endfacet
  facet normal -0.659248 -0.751925 0
    outer loop
      vertex -52.6971 -40.6971 10
      vertex -52.461 -40.9041 12
      vertex -52.6971 -40.6971 12
    endloop
  endfacet
  facet normal -0.659248 -0.751925 -0
    outer loop
      vertex -52.461 -40.9041 12
      vertex -52.6971 -40.6971 10
      vertex -52.461 -40.9041 10
    endloop
  endfacet
  facet normal -0.751925 -0.659248 0
    outer loop
      vertex -52.6971 -40.6971 10
      vertex -52.9041 -40.461 12
      vertex -52.9041 -40.461 10
    endloop
  endfacet
  facet normal -0.751925 -0.659248 0
    outer loop
      vertex -52.9041 -40.461 12
      vertex -52.6971 -40.6971 10
      vertex -52.6971 -40.6971 12
    endloop
  endfacet
  facet normal -0.946916 -0.32148 0
    outer loop
      vertex -53.2173 -39.9184 10
      vertex -53.3182 -39.6212 12
      vertex -53.3182 -39.6212 10
    endloop
  endfacet
  facet normal -0.946916 -0.32148 0
    outer loop
      vertex -53.3182 -39.6212 12
      vertex -53.2173 -39.9184 10
      vertex -53.2173 -39.9184 12
    endloop
  endfacet
  facet normal -0.980752 -0.195258 0
    outer loop
      vertex -53.3182 -39.6212 10
      vertex -53.3795 -39.3133 12
      vertex -53.3795 -39.3133 10
    endloop
  endfacet
  facet normal -0.980752 -0.195258 0
    outer loop
      vertex -53.3795 -39.3133 12
      vertex -53.3182 -39.6212 10
      vertex -53.3182 -39.6212 12
    endloop
  endfacet
  facet normal 0.946916 0.32148 0
    outer loop
      vertex 53.3182 39.6212 12
      vertex 53.2173 39.9184 10
      vertex 53.2173 39.9184 12
    endloop
  endfacet
  facet normal 0.946916 0.32148 0
    outer loop
      vertex 53.2173 39.9184 10
      vertex 53.3182 39.6212 12
      vertex 53.3182 39.6212 10
    endloop
  endfacet
  facet normal 0.997866 0.0652929 0
    outer loop
      vertex 53.4 39 12
      vertex 53.3795 39.3133 10
      vertex 53.3795 39.3133 12
    endloop
  endfacet
  facet normal 0.997866 0.0652929 0
    outer loop
      vertex 53.3795 39.3133 10
      vertex 53.4 39 12
      vertex 53.4 39 10
    endloop
  endfacet
  facet normal 0.659248 0.751925 -0
    outer loop
      vertex 52.6971 40.6971 10
      vertex 52.461 40.9041 12
      vertex 52.6971 40.6971 12
    endloop
  endfacet
  facet normal 0.659248 0.751925 0
    outer loop
      vertex 52.461 40.9041 12
      vertex 52.6971 40.6971 10
      vertex 52.461 40.9041 10
    endloop
  endfacet
  facet normal 0.896961 -0.44211 0
    outer loop
      vertex 53.0785 -40.2 12
      vertex 53.2173 -39.9184 10
      vertex 53.2173 -39.9184 12
    endloop
  endfacet
  facet normal 0.896961 -0.44211 0
    outer loop
      vertex 53.2173 -39.9184 10
      vertex 53.0785 -40.2 12
      vertex 53.0785 -40.2 10
    endloop
  endfacet
  facet normal -0.44211 0.896961 0
    outer loop
      vertex -51.9184 41.2173 10
      vertex -52.2 41.0785 12
      vertex -51.9184 41.2173 12
    endloop
  endfacet
  facet normal -0.44211 0.896961 0
    outer loop
      vertex -52.2 41.0785 12
      vertex -51.9184 41.2173 10
      vertex -52.2 41.0785 10
    endloop
  endfacet
  facet normal -0.980752 0.195258 0
    outer loop
      vertex -53.3795 39.3133 10
      vertex -53.3182 39.6212 12
      vertex -53.3182 39.6212 10
    endloop
  endfacet
  facet normal -0.980752 0.195258 0
    outer loop
      vertex -53.3182 39.6212 12
      vertex -53.3795 39.3133 10
      vertex -53.3795 39.3133 12
    endloop
  endfacet
  facet normal -0.946916 0.32148 0
    outer loop
      vertex -53.3182 39.6212 10
      vertex -53.2173 39.9184 12
      vertex -53.2173 39.9184 10
    endloop
  endfacet
  facet normal -0.946916 0.32148 0
    outer loop
      vertex -53.2173 39.9184 12
      vertex -53.3182 39.6212 10
      vertex -53.3182 39.6212 12
    endloop
  endfacet
  facet normal -0.831462 -0.555582 0
    outer loop
      vertex -52.9041 -40.461 10
      vertex -53.0785 -40.2 12
      vertex -53.0785 -40.2 10
    endloop
  endfacet
  facet normal -0.831462 -0.555582 0
    outer loop
      vertex -53.0785 -40.2 12
      vertex -52.9041 -40.461 10
      vertex -52.9041 -40.461 12
    endloop
  endfacet
  facet normal 0.980752 0.195258 0
    outer loop
      vertex 53.3795 39.3133 12
      vertex 53.3182 39.6212 10
      vertex 53.3182 39.6212 12
    endloop
  endfacet
  facet normal 0.980752 0.195258 0
    outer loop
      vertex 53.3182 39.6212 10
      vertex 53.3795 39.3133 12
      vertex 53.3795 39.3133 10
    endloop
  endfacet
  facet normal 0.831462 0.555582 0
    outer loop
      vertex 53.0785 40.2 12
      vertex 52.9041 40.461 10
      vertex 52.9041 40.461 12
    endloop
  endfacet
  facet normal 0.831462 0.555582 0
    outer loop
      vertex 52.9041 40.461 10
      vertex 53.0785 40.2 12
      vertex 53.0785 40.2 10
    endloop
  endfacet
  facet normal 0.896961 0.44211 0
    outer loop
      vertex 53.2173 39.9184 12
      vertex 53.0785 40.2 10
      vertex 53.0785 40.2 12
    endloop
  endfacet
  facet normal 0.896961 0.44211 0
    outer loop
      vertex 53.0785 40.2 10
      vertex 53.2173 39.9184 12
      vertex 53.2173 39.9184 10
    endloop
  endfacet
  facet normal 0.751925 0.659248 0
    outer loop
      vertex 52.9041 40.461 12
      vertex 52.6971 40.6971 10
      vertex 52.6971 40.6971 12
    endloop
  endfacet
  facet normal 0.751925 0.659248 0
    outer loop
      vertex 52.6971 40.6971 10
      vertex 52.9041 40.461 12
      vertex 52.9041 40.461 10
    endloop
  endfacet
  facet normal 0.980752 -0.195258 0
    outer loop
      vertex 53.3182 -39.6212 12
      vertex 53.3795 -39.3133 10
      vertex 53.3795 -39.3133 12
    endloop
  endfacet
  facet normal 0.980752 -0.195258 0
    outer loop
      vertex 53.3795 -39.3133 10
      vertex 53.3182 -39.6212 12
      vertex 53.3182 -39.6212 10
    endloop
  endfacet
  facet normal 0.555582 -0.831462 0
    outer loop
      vertex 52.2 -41.0785 10
      vertex 52.461 -40.9041 12
      vertex 52.2 -41.0785 12
    endloop
  endfacet
  facet normal 0.555582 -0.831462 0
    outer loop
      vertex 52.461 -40.9041 12
      vertex 52.2 -41.0785 10
      vertex 52.461 -40.9041 10
    endloop
  endfacet
  facet normal 0.751925 -0.659248 0
    outer loop
      vertex 52.6971 -40.6971 12
      vertex 52.9041 -40.461 10
      vertex 52.9041 -40.461 12
    endloop
  endfacet
  facet normal 0.751925 -0.659248 0
    outer loop
      vertex 52.9041 -40.461 10
      vertex 52.6971 -40.6971 12
      vertex 52.6971 -40.6971 10
    endloop
  endfacet
  facet normal 0.659248 -0.751925 0
    outer loop
      vertex 52.461 -40.9041 10
      vertex 52.6971 -40.6971 12
      vertex 52.461 -40.9041 12
    endloop
  endfacet
  facet normal 0.659248 -0.751925 0
    outer loop
      vertex 52.6971 -40.6971 12
      vertex 52.461 -40.9041 10
      vertex 52.6971 -40.6971 10
    endloop
  endfacet
  facet normal -0.321039 0.947066 0
    outer loop
      vertex 51.3827 -39.9239 10
      vertex 51.2588 -39.9659 12
      vertex 51.3827 -39.9239 12
    endloop
  endfacet
  facet normal -0.321039 0.947066 0
    outer loop
      vertex 51.2588 -39.9659 12
      vertex 51.3827 -39.9239 10
      vertex 51.2588 -39.9659 10
    endloop
  endfacet
  facet normal 0.19494 -0.980815 0
    outer loop
      vertex -51.2588 39.9659 10
      vertex -51.1305 39.9914 12
      vertex -51.2588 39.9659 12
    endloop
  endfacet
  facet normal 0.19494 -0.980815 0
    outer loop
      vertex -51.1305 39.9914 12
      vertex -51.2588 39.9659 10
      vertex -51.1305 39.9914 10
    endloop
  endfacet
  facet normal -0.19494 0.980815 0
    outer loop
      vertex 51.2588 -39.9659 10
      vertex 51.1305 -39.9914 12
      vertex 51.2588 -39.9659 12
    endloop
  endfacet
  facet normal -0.19494 0.980815 0
    outer loop
      vertex 51.1305 -39.9914 12
      vertex 51.2588 -39.9659 10
      vertex 51.1305 -39.9914 10
    endloop
  endfacet
  facet normal -0.659749 -0.751486 0
    outer loop
      vertex 51.6088 39.7934 10
      vertex 51.7071 39.7071 12
      vertex 51.6088 39.7934 12
    endloop
  endfacet
  facet normal -0.659749 -0.751486 -0
    outer loop
      vertex 51.7071 39.7071 12
      vertex 51.6088 39.7934 10
      vertex 51.7071 39.7071 10
    endloop
  endfacet
  facet normal -0.997836 0.0657577 0
    outer loop
      vertex 51.9914 -39.1305 10
      vertex 52 -39 12
      vertex 52 -39 10
    endloop
  endfacet
  facet normal -0.997836 0.0657577 0
    outer loop
      vertex 52 -39 12
      vertex 51.9914 -39.1305 10
      vertex 51.9914 -39.1305 12
    endloop
  endfacet
  facet normal 0.997836 -0.0657577 0
    outer loop
      vertex -52 39 12
      vertex -51.9914 39.1305 10
      vertex -51.9914 39.1305 12
    endloop
  endfacet
  facet normal 0.997836 -0.0657577 0
    outer loop
      vertex -51.9914 39.1305 10
      vertex -52 39 12
      vertex -52 39 10
    endloop
  endfacet
  facet normal 1 -0 0
    outer loop
      vertex -52 -39 12
      vertex -52 39 10
      vertex -52 39 12
    endloop
  endfacet
  facet normal 1 0 0
    outer loop
      vertex -52 39 10
      vertex -52 -39 12
      vertex -52 -39 10
    endloop
  endfacet
  facet normal 0 1 -0
    outer loop
      vertex 51 -40 10
      vertex -51 -40 12
      vertex 51 -40 12
    endloop
  endfacet
  facet normal 0 1 0
    outer loop
      vertex -51 -40 12
      vertex 51 -40 10
      vertex -51 -40 10
    endloop
  endfacet
  facet normal -0.0657577 -0.997836 0
    outer loop
      vertex 51 40 10
      vertex 51.1305 39.9914 12
      vertex 51 40 12
    endloop
  endfacet
  facet normal -0.0657577 -0.997836 -0
    outer loop
      vertex 51.1305 39.9914 12
      vertex 51 40 10
      vertex 51.1305 39.9914 10
    endloop
  endfacet
  facet normal 0 -1 0
    outer loop
      vertex -51 40 10
      vertex 51 40 12
      vertex -51 40 12
    endloop
  endfacet
  facet normal 0 -1 -0
    outer loop
      vertex 51 40 12
      vertex -51 40 10
      vertex 51 40 10
    endloop
  endfacet
  facet normal -1 0 0
    outer loop
      vertex 52 -39 10
      vertex 52 -18.25 12
      vertex 52 -18.25 10
    endloop
  endfacet
  facet normal -1 -0 0
    outer loop
      vertex 52 -18.25 12
      vertex 52 -39 10
      vertex 52 -39 12
    endloop
  endfacet
  facet normal -1 0 0
    outer loop
      vertex 52 18.25 10
      vertex 52 39 12
      vertex 52 39 10
    endloop
  endfacet
  facet normal -1 -0 0
    outer loop
      vertex 52 39 12
      vertex 52 18.25 10
      vertex 52 18.25 12
    endloop
  endfacet
  facet normal -0.831815 0.555053 0
    outer loop
      vertex 51.7934 -39.6088 10
      vertex 51.866 -39.5 12
      vertex 51.866 -39.5 10
    endloop
  endfacet
  facet normal -0.831815 0.555053 0
    outer loop
      vertex 51.866 -39.5 12
      vertex 51.7934 -39.6088 10
      vertex 51.7934 -39.6088 12
    endloop
  endfacet
  facet normal 0.751486 -0.659749 0
    outer loop
      vertex -51.7934 39.6088 12
      vertex -51.7071 39.7071 10
      vertex -51.7071 39.7071 12
    endloop
  endfacet
  facet normal 0.751486 -0.659749 0
    outer loop
      vertex -51.7071 39.7071 10
      vertex -51.7934 39.6088 12
      vertex -51.7934 39.6088 10
    endloop
  endfacet
  facet normal 0.555053 0.831815 -0
    outer loop
      vertex -51.5 -39.866 10
      vertex -51.6088 -39.7934 12
      vertex -51.5 -39.866 12
    endloop
  endfacet
  facet normal 0.555053 0.831815 0
    outer loop
      vertex -51.6088 -39.7934 12
      vertex -51.5 -39.866 10
      vertex -51.6088 -39.7934 10
    endloop
  endfacet
  facet normal 0.19494 0.980815 -0
    outer loop
      vertex -51.1305 -39.9914 10
      vertex -51.2588 -39.9659 12
      vertex -51.1305 -39.9914 12
    endloop
  endfacet
  facet normal 0.19494 0.980815 0
    outer loop
      vertex -51.2588 -39.9659 12
      vertex -51.1305 -39.9914 10
      vertex -51.2588 -39.9659 10
    endloop
  endfacet
  facet normal -0.0657577 0.997836 0
    outer loop
      vertex 51.1305 -39.9914 10
      vertex 51 -40 12
      vertex 51.1305 -39.9914 12
    endloop
  endfacet
  facet normal -0.0657577 0.997836 0
    outer loop
      vertex 51 -40 12
      vertex 51.1305 -39.9914 10
      vertex 51 -40 10
    endloop
  endfacet
  facet normal -0.321039 -0.947066 0
    outer loop
      vertex 51.2588 39.9659 10
      vertex 51.3827 39.9239 12
      vertex 51.2588 39.9659 12
    endloop
  endfacet
  facet normal -0.321039 -0.947066 -0
    outer loop
      vertex 51.3827 39.9239 12
      vertex 51.2588 39.9659 10
      vertex 51.3827 39.9239 10
    endloop
  endfacet
  facet normal -0.555053 -0.831815 0
    outer loop
      vertex 51.5 39.866 10
      vertex 51.6088 39.7934 12
      vertex 51.5 39.866 12
    endloop
  endfacet
  facet normal -0.555053 -0.831815 -0
    outer loop
      vertex 51.6088 39.7934 12
      vertex 51.5 39.866 10
      vertex 51.6088 39.7934 10
    endloop
  endfacet
  facet normal -0.19494 -0.980815 0
    outer loop
      vertex 51.1305 39.9914 10
      vertex 51.2588 39.9659 12
      vertex 51.1305 39.9914 12
    endloop
  endfacet
  facet normal -0.19494 -0.980815 -0
    outer loop
      vertex 51.2588 39.9659 12
      vertex 51.1305 39.9914 10
      vertex 51.2588 39.9659 10
    endloop
  endfacet
  facet normal 0.0657577 -0.997836 0
    outer loop
      vertex -51.1305 39.9914 10
      vertex -51 40 12
      vertex -51.1305 39.9914 12
    endloop
  endfacet
  facet normal 0.0657577 -0.997836 0
    outer loop
      vertex -51 40 12
      vertex -51.1305 39.9914 10
      vertex -51 40 10
    endloop
  endfacet
  facet normal -0.659749 0.751486 0
    outer loop
      vertex 51.7071 -39.7071 10
      vertex 51.6088 -39.7934 12
      vertex 51.7071 -39.7071 12
    endloop
  endfacet
  facet normal -0.659749 0.751486 0
    outer loop
      vertex 51.6088 -39.7934 12
      vertex 51.7071 -39.7071 10
      vertex 51.6088 -39.7934 10
    endloop
  endfacet
  facet normal 0.442621 -0.896709 0
    outer loop
      vertex -51.5 39.866 10
      vertex -51.3827 39.9239 12
      vertex -51.5 39.866 12
    endloop
  endfacet
  facet normal 0.442621 -0.896709 0
    outer loop
      vertex -51.3827 39.9239 12
      vertex -51.5 39.866 10
      vertex -51.3827 39.9239 10
    endloop
  endfacet
  facet normal 0.321039 -0.947066 0
    outer loop
      vertex -51.3827 39.9239 10
      vertex -51.2588 39.9659 12
      vertex -51.3827 39.9239 12
    endloop
  endfacet
  facet normal 0.321039 -0.947066 0
    outer loop
      vertex -51.2588 39.9659 12
      vertex -51.3827 39.9239 10
      vertex -51.2588 39.9659 10
    endloop
  endfacet
  facet normal 0.947066 -0.321039 0
    outer loop
      vertex -51.9659 39.2588 12
      vertex -51.9239 39.3827 10
      vertex -51.9239 39.3827 12
    endloop
  endfacet
  facet normal 0.947066 -0.321039 0
    outer loop
      vertex -51.9239 39.3827 10
      vertex -51.9659 39.2588 12
      vertex -51.9659 39.2588 10
    endloop
  endfacet
  facet normal 0.980815 -0.19494 0
    outer loop
      vertex -51.9914 39.1305 12
      vertex -51.9659 39.2588 10
      vertex -51.9659 39.2588 12
    endloop
  endfacet
  facet normal 0.980815 -0.19494 0
    outer loop
      vertex -51.9659 39.2588 10
      vertex -51.9914 39.1305 12
      vertex -51.9914 39.1305 10
    endloop
  endfacet
  facet normal 0.831815 -0.555053 0
    outer loop
      vertex -51.866 39.5 12
      vertex -51.7934 39.6088 10
      vertex -51.7934 39.6088 12
    endloop
  endfacet
  facet normal 0.831815 -0.555053 0
    outer loop
      vertex -51.7934 39.6088 10
      vertex -51.866 39.5 12
      vertex -51.866 39.5 10
    endloop
  endfacet
  facet normal 0.442621 0.896709 -0
    outer loop
      vertex -51.3827 -39.9239 10
      vertex -51.5 -39.866 12
      vertex -51.3827 -39.9239 12
    endloop
  endfacet
  facet normal 0.442621 0.896709 0
    outer loop
      vertex -51.5 -39.866 12
      vertex -51.3827 -39.9239 10
      vertex -51.5 -39.866 10
    endloop
  endfacet
  facet normal 0.0657577 0.997836 -0
    outer loop
      vertex -51 -40 10
      vertex -51.1305 -39.9914 12
      vertex -51 -40 12
    endloop
  endfacet
  facet normal 0.0657577 0.997836 0
    outer loop
      vertex -51.1305 -39.9914 12
      vertex -51 -40 10
      vertex -51.1305 -39.9914 10
    endloop
  endfacet
  facet normal -0.442621 -0.896709 0
    outer loop
      vertex 51.3827 39.9239 10
      vertex 51.5 39.866 12
      vertex 51.3827 39.9239 12
    endloop
  endfacet
  facet normal -0.442621 -0.896709 -0
    outer loop
      vertex 51.5 39.866 12
      vertex 51.3827 39.9239 10
      vertex 51.5 39.866 10
    endloop
  endfacet
  facet normal -0.896709 -0.442621 0
    outer loop
      vertex 51.9239 39.3827 10
      vertex 51.866 39.5 12
      vertex 51.866 39.5 10
    endloop
  endfacet
  facet normal -0.896709 -0.442621 0
    outer loop
      vertex 51.866 39.5 12
      vertex 51.9239 39.3827 10
      vertex 51.9239 39.3827 12
    endloop
  endfacet
  facet normal -0.896709 0.442621 0
    outer loop
      vertex 51.866 -39.5 10
      vertex 51.9239 -39.3827 12
      vertex 51.9239 -39.3827 10
    endloop
  endfacet
  facet normal -0.896709 0.442621 0
    outer loop
      vertex 51.9239 -39.3827 12
      vertex 51.866 -39.5 10
      vertex 51.866 -39.5 12
    endloop
  endfacet
  facet normal -0.980815 0.19494 0
    outer loop
      vertex 51.9659 -39.2588 10
      vertex 51.9914 -39.1305 12
      vertex 51.9914 -39.1305 10
    endloop
  endfacet
  facet normal -0.980815 0.19494 0
    outer loop
      vertex 51.9914 -39.1305 12
      vertex 51.9659 -39.2588 10
      vertex 51.9659 -39.2588 12
    endloop
  endfacet
  facet normal -0.751486 0.659749 0
    outer loop
      vertex 51.7071 -39.7071 10
      vertex 51.7934 -39.6088 12
      vertex 51.7934 -39.6088 10
    endloop
  endfacet
  facet normal -0.751486 0.659749 0
    outer loop
      vertex 51.7934 -39.6088 12
      vertex 51.7071 -39.7071 10
      vertex 51.7071 -39.7071 12
    endloop
  endfacet
  facet normal -0.442621 0.896709 0
    outer loop
      vertex 51.5 -39.866 10
      vertex 51.3827 -39.9239 12
      vertex 51.5 -39.866 12
    endloop
  endfacet
  facet normal -0.442621 0.896709 0
    outer loop
      vertex 51.3827 -39.9239 12
      vertex 51.5 -39.866 10
      vertex 51.3827 -39.9239 10
    endloop
  endfacet
  facet normal 0.659749 -0.751486 0
    outer loop
      vertex -51.7071 39.7071 10
      vertex -51.6088 39.7934 12
      vertex -51.7071 39.7071 12
    endloop
  endfacet
  facet normal 0.659749 -0.751486 0
    outer loop
      vertex -51.6088 39.7934 12
      vertex -51.7071 39.7071 10
      vertex -51.6088 39.7934 10
    endloop
  endfacet
  facet normal 0.555053 -0.831815 0
    outer loop
      vertex -51.6088 39.7934 10
      vertex -51.5 39.866 12
      vertex -51.6088 39.7934 12
    endloop
  endfacet
  facet normal 0.555053 -0.831815 0
    outer loop
      vertex -51.5 39.866 12
      vertex -51.6088 39.7934 10
      vertex -51.5 39.866 10
    endloop
  endfacet
  facet normal 0.896709 -0.442621 0
    outer loop
      vertex -51.9239 39.3827 12
      vertex -51.866 39.5 10
      vertex -51.866 39.5 12
    endloop
  endfacet
  facet normal 0.896709 -0.442621 0
    outer loop
      vertex -51.866 39.5 10
      vertex -51.9239 39.3827 12
      vertex -51.9239 39.3827 10
    endloop
  endfacet
  facet normal 0.997836 0.0657577 0
    outer loop
      vertex -51.9914 -39.1305 12
      vertex -52 -39 10
      vertex -52 -39 12
    endloop
  endfacet
  facet normal 0.997836 0.0657577 0
    outer loop
      vertex -52 -39 10
      vertex -51.9914 -39.1305 12
      vertex -51.9914 -39.1305 10
    endloop
  endfacet
  facet normal 0.947066 0.321039 0
    outer loop
      vertex -51.9239 -39.3827 12
      vertex -51.9659 -39.2588 10
      vertex -51.9659 -39.2588 12
    endloop
  endfacet
  facet normal 0.947066 0.321039 0
    outer loop
      vertex -51.9659 -39.2588 10
      vertex -51.9239 -39.3827 12
      vertex -51.9239 -39.3827 10
    endloop
  endfacet
  facet normal 0.831815 0.555053 0
    outer loop
      vertex -51.7934 -39.6088 12
      vertex -51.866 -39.5 10
      vertex -51.866 -39.5 12
    endloop
  endfacet
  facet normal 0.831815 0.555053 0
    outer loop
      vertex -51.866 -39.5 10
      vertex -51.7934 -39.6088 12
      vertex -51.7934 -39.6088 10
    endloop
  endfacet
  facet normal 0.659749 0.751486 -0
    outer loop
      vertex -51.6088 -39.7934 10
      vertex -51.7071 -39.7071 12
      vertex -51.6088 -39.7934 12
    endloop
  endfacet
  facet normal 0.659749 0.751486 0
    outer loop
      vertex -51.7071 -39.7071 12
      vertex -51.6088 -39.7934 10
      vertex -51.7071 -39.7071 10
    endloop
  endfacet
  facet normal 0.321039 0.947066 -0
    outer loop
      vertex -51.2588 -39.9659 10
      vertex -51.3827 -39.9239 12
      vertex -51.2588 -39.9659 12
    endloop
  endfacet
  facet normal 0.321039 0.947066 0
    outer loop
      vertex -51.3827 -39.9239 12
      vertex -51.2588 -39.9659 10
      vertex -51.3827 -39.9239 10
    endloop
  endfacet
  facet normal -0.980815 -0.19494 0
    outer loop
      vertex 51.9914 39.1305 10
      vertex 51.9659 39.2588 12
      vertex 51.9659 39.2588 10
    endloop
  endfacet
  facet normal -0.980815 -0.19494 0
    outer loop
      vertex 51.9659 39.2588 12
      vertex 51.9914 39.1305 10
      vertex 51.9914 39.1305 12
    endloop
  endfacet
  facet normal -0.997836 -0.0657577 0
    outer loop
      vertex 52 39 10
      vertex 51.9914 39.1305 12
      vertex 51.9914 39.1305 10
    endloop
  endfacet
  facet normal -0.997836 -0.0657577 0
    outer loop
      vertex 51.9914 39.1305 12
      vertex 52 39 10
      vertex 52 39 12
    endloop
  endfacet
  facet normal -0.947066 -0.321039 0
    outer loop
      vertex 51.9659 39.2588 10
      vertex 51.9239 39.3827 12
      vertex 51.9239 39.3827 10
    endloop
  endfacet
  facet normal -0.947066 -0.321039 0
    outer loop
      vertex 51.9239 39.3827 12
      vertex 51.9659 39.2588 10
      vertex 51.9659 39.2588 12
    endloop
  endfacet
  facet normal -0.831815 -0.555053 0
    outer loop
      vertex 51.866 39.5 10
      vertex 51.7934 39.6088 12
      vertex 51.7934 39.6088 10
    endloop
  endfacet
  facet normal -0.831815 -0.555053 0
    outer loop
      vertex 51.7934 39.6088 12
      vertex 51.866 39.5 10
      vertex 51.866 39.5 12
    endloop
  endfacet
  facet normal -0.751486 -0.659749 0
    outer loop
      vertex 51.7934 39.6088 10
      vertex 51.7071 39.7071 12
      vertex 51.7071 39.7071 10
    endloop
  endfacet
  facet normal -0.751486 -0.659749 0
    outer loop
      vertex 51.7071 39.7071 12
      vertex 51.7934 39.6088 10
      vertex 51.7934 39.6088 12
    endloop
  endfacet
  facet normal -0.947066 0.321039 0
    outer loop
      vertex 51.9239 -39.3827 10
      vertex 51.9659 -39.2588 12
      vertex 51.9659 -39.2588 10
    endloop
  endfacet
  facet normal -0.947066 0.321039 0
    outer loop
      vertex 51.9659 -39.2588 12
      vertex 51.9239 -39.3827 10
      vertex 51.9239 -39.3827 12
    endloop
  endfacet
  facet normal -0.555053 0.831815 0
    outer loop
      vertex 51.6088 -39.7934 10
      vertex 51.5 -39.866 12
      vertex 51.6088 -39.7934 12
    endloop
  endfacet
  facet normal -0.555053 0.831815 0
    outer loop
      vertex 51.5 -39.866 12
      vertex 51.6088 -39.7934 10
      vertex 51.5 -39.866 10
    endloop
  endfacet
  facet normal 0.980815 0.19494 0
    outer loop
      vertex -51.9659 -39.2588 12
      vertex -51.9914 -39.1305 10
      vertex -51.9914 -39.1305 12
    endloop
  endfacet
  facet normal 0.980815 0.19494 0
    outer loop
      vertex -51.9914 -39.1305 10
      vertex -51.9659 -39.2588 12
      vertex -51.9659 -39.2588 10
    endloop
  endfacet
  facet normal 0.896709 0.442621 0
    outer loop
      vertex -51.866 -39.5 12
      vertex -51.9239 -39.3827 10
      vertex -51.9239 -39.3827 12
    endloop
  endfacet
  facet normal 0.896709 0.442621 0
    outer loop
      vertex -51.9239 -39.3827 10
      vertex -51.866 -39.5 12
      vertex -51.866 -39.5 10
    endloop
  endfacet
  facet normal 0.751486 0.659749 0
    outer loop
      vertex -51.7071 -39.7071 12
      vertex -51.7934 -39.6088 10
      vertex -51.7934 -39.6088 12
    endloop
  endfacet
  facet normal 0.751486 0.659749 0
    outer loop
      vertex -51.7934 -39.6088 10
      vertex -51.7071 -39.7071 12
      vertex -51.7071 -39.7071 10
    endloop
  endfacet
  facet normal 0 1 -0
    outer loop
      vertex 53.4 -18.25 10
      vertex 52 -18.25 12
      vertex 53.4 -18.25 12
    endloop
  endfacet
  facet normal 0 1 0
    outer loop
      vertex 52 -18.25 12
      vertex 53.4 -18.25 10
      vertex 52 -18.25 10
    endloop
  endfacet
  facet normal 0 -1 0
    outer loop
      vertex 52 18.25 10
      vertex 53.4 18.25 12
      vertex 52 18.25 12
    endloop
  endfacet
  facet normal 0 -1 -0
    outer loop
      vertex 53.4 18.25 12
      vertex 52 18.25 10
      vertex 53.4 18.25 10
    endloop
  endfacet
  facet normal 0.321498 -0.94691 0
    outer loop
      vertex 52.0353 -42.8637 0
      vertex 52.5307 -42.6955 10
      vertex 52.0353 -42.8637 10
    endloop
  endfacet
  facet normal 0.321498 -0.94691 0
    outer loop
      vertex 52.5307 -42.6955 10
      vertex 52.0353 -42.8637 0
      vertex 52.5307 -42.6955 0
    endloop
  endfacet
  facet normal -0.195124 0.980779 0
    outer loop
      vertex -51.5221 42.9658 0
      vertex -52.0353 42.8637 10
      vertex -51.5221 42.9658 10
    endloop
  endfacet
  facet normal -0.195124 0.980779 0
    outer loop
      vertex -52.0353 42.8637 10
      vertex -51.5221 42.9658 0
      vertex -52.0353 42.8637 0
    endloop
  endfacet
  facet normal 0.195124 -0.980779 0
    outer loop
      vertex 51.5221 -42.9658 0
      vertex 52.0353 -42.8637 10
      vertex 51.5221 -42.9658 10
    endloop
  endfacet
  facet normal 0.195124 -0.980779 0
    outer loop
      vertex 52.0353 -42.8637 10
      vertex 51.5221 -42.9658 0
      vertex 52.0353 -42.8637 0
    endloop
  endfacet
  facet normal 0.659343 0.751842 -0
    outer loop
      vertex 53.8284 41.8284 0
      vertex 53.435 42.1734 10
      vertex 53.8284 41.8284 10
    endloop
  endfacet
  facet normal 0.659343 0.751842 0
    outer loop
      vertex 53.435 42.1734 10
      vertex 53.8284 41.8284 0
      vertex 53.435 42.1734 0
    endloop
  endfacet
  facet normal -0.997861 0.0653646 0
    outer loop
      vertex -55 39 0
      vertex -54.9658 39.5221 10
      vertex -54.9658 39.5221 0
    endloop
  endfacet
  facet normal -0.997861 0.0653646 0
    outer loop
      vertex -54.9658 39.5221 10
      vertex -55 39 0
      vertex -55 39 10
    endloop
  endfacet
  facet normal -1 0 0
    outer loop
      vertex -55 -7 4.8
      vertex -55 -15.25 4.8
      vertex -55 -7 5.6
    endloop
  endfacet
  facet normal -1 0 0
    outer loop
      vertex -55 15.25 4.8
      vertex -55 39 0
      vertex -55 15.25 2.4
    endloop
  endfacet
  facet normal -1 0 0
    outer loop
      vertex -55 39 0
      vertex -55 7 1.2
      vertex -55 15.25 2.4
    endloop
  endfacet
  facet normal -1 0 0
    outer loop
      vertex -55 39 0
      vertex -55 -7 1.2
      vertex -55 7 1.2
    endloop
  endfacet
  facet normal -1 0 0
    outer loop
      vertex -55 -7 1.2
      vertex -55 -15.25 2.4
      vertex -55 -7 2.4
    endloop
  endfacet
  facet normal -1 -0 0
    outer loop
      vertex -55 -15.25 2.4
      vertex -55 -39 0
      vertex -55 -15.25 4.8
    endloop
  endfacet
  facet normal -1 -0 0
    outer loop
      vertex -55 -7 1.2
      vertex -55 -39 0
      vertex -55 -15.25 2.4
    endloop
  endfacet
  facet normal -1 0 0
    outer loop
      vertex -55 -39 0
      vertex -55 -7 1.2
      vertex -55 39 0
    endloop
  endfacet
  facet normal -1 0 0
    outer loop
      vertex -55 39 0
      vertex -55 15.25 4.8
      vertex -55 39 10
    endloop
  endfacet
  facet normal -1 0 0
    outer loop
      vertex -55 7 5.6
      vertex -55 15.25 4.8
      vertex -55 7 4.8
    endloop
  endfacet
  facet normal -1 0 0
    outer loop
      vertex -55 15.25 4.8
      vertex -55 7 5.6
      vertex -55 39 10
    endloop
  endfacet
  facet normal -1 0 0
    outer loop
      vertex -55 -7 5.6
      vertex -55 39 10
      vertex -55 7 5.6
    endloop
  endfacet
  facet normal -1 0 0
    outer loop
      vertex -55 -7 5.6
      vertex -55 -39 10
      vertex -55 39 10
    endloop
  endfacet
  facet normal -1 0 0
    outer loop
      vertex -55 -15.25 4.8
      vertex -55 -39 10
      vertex -55 -7 5.6
    endloop
  endfacet
  facet normal -1 0 0
    outer loop
      vertex -55 -39 10
      vertex -55 -15.25 4.8
      vertex -55 -39 0
    endloop
  endfacet
  facet normal -1 -0 0
    outer loop
      vertex -55 15.25 2.4
      vertex -55 7 1.2
      vertex -55 7 2.4
    endloop
  endfacet
  facet normal 0 -1 0
    outer loop
      vertex -51 -43 0
      vertex 51 -43 10
      vertex -51 -43 10
    endloop
  endfacet
  facet normal 0 -1 -0
    outer loop
      vertex 51 -43 10
      vertex -51 -43 0
      vertex 51 -43 0
    endloop
  endfacet
  facet normal 0.0653646 0.997861 -0
    outer loop
      vertex 51.5221 42.9658 0
      vertex 51 43 10
      vertex 51.5221 42.9658 10
    endloop
  endfacet
  facet normal 0.0653646 0.997861 0
    outer loop
      vertex 51 43 10
      vertex 51.5221 42.9658 0
      vertex 51 43 0
    endloop
  endfacet
  facet normal 0 1 -0
    outer loop
      vertex 51 43 0
      vertex -51 43 10
      vertex 51 43 10
    endloop
  endfacet
  facet normal 0 1 0
    outer loop
      vertex -51 43 10
      vertex 51 43 0
      vertex -51 43 0
    endloop
  endfacet
  facet normal 1 0 0
    outer loop
      vertex 55 -17.25 10
      vertex 55 -39 10
      vertex 55 -17.25 6.8
    endloop
  endfacet
  facet normal 1 0 0
    outer loop
      vertex 55 17.25 6.8
      vertex 55 39 10
      vertex 55 17.25 10
    endloop
  endfacet
  facet normal 1 0 0
    outer loop
      vertex 55 39 10
      vertex 55 17.25 6.8
      vertex 55 39 0
    endloop
  endfacet
  facet normal 1 -0 0
    outer loop
      vertex 55 -17.25 6.8
      vertex 55 39 0
      vertex 55 17.25 6.8
    endloop
  endfacet
  facet normal 1 0 0
    outer loop
      vertex 55 -17.25 6.8
      vertex 55 -39 0
      vertex 55 39 0
    endloop
  endfacet
  facet normal 1 0 0
    outer loop
      vertex 55 -39 0
      vertex 55 -17.25 6.8
      vertex 55 -39 10
    endloop
  endfacet
  facet normal -0.751842 0.659343 0
    outer loop
      vertex -54.1734 41.435 0
      vertex -53.8284 41.8284 10
      vertex -53.8284 41.8284 0
    endloop
  endfacet
  facet normal -0.751842 0.659343 0
    outer loop
      vertex -53.8284 41.8284 10
      vertex -54.1734 41.435 0
      vertex -54.1734 41.435 10
    endloop
  endfacet
  facet normal -0.555626 -0.831432 0
    outer loop
      vertex -53.435 -42.1734 0
      vertex -53 -42.4641 10
      vertex -53.435 -42.1734 10
    endloop
  endfacet
  facet normal -0.555626 -0.831432 -0
    outer loop
      vertex -53 -42.4641 10
      vertex -53.435 -42.1734 0
      vertex -53 -42.4641 0
    endloop
  endfacet
  facet normal -0.195124 -0.980779 0
    outer loop
      vertex -52.0353 -42.8637 0
      vertex -51.5221 -42.9658 10
      vertex -52.0353 -42.8637 10
    endloop
  endfacet
  facet normal -0.195124 -0.980779 -0
    outer loop
      vertex -51.5221 -42.9658 10
      vertex -52.0353 -42.8637 0
      vertex -51.5221 -42.9658 0
    endloop
  endfacet
  facet normal 0.0653646 -0.997861 0
    outer loop
      vertex 51 -43 0
      vertex 51.5221 -42.9658 10
      vertex 51 -43 10
    endloop
  endfacet
  facet normal 0.0653646 -0.997861 0
    outer loop
      vertex 51.5221 -42.9658 10
      vertex 51 -43 0
      vertex 51.5221 -42.9658 0
    endloop
  endfacet
  facet normal 0.321498 0.94691 -0
    outer loop
      vertex 52.5307 42.6955 0
      vertex 52.0353 42.8637 10
      vertex 52.5307 42.6955 10
    endloop
  endfacet
  facet normal 0.321498 0.94691 0
    outer loop
      vertex 52.0353 42.8637 10
      vertex 52.5307 42.6955 0
      vertex 52.0353 42.8637 0
    endloop
  endfacet
  facet normal 0.555626 0.831432 -0
    outer loop
      vertex 53.435 42.1734 0
      vertex 53 42.4641 10
      vertex 53.435 42.1734 10
    endloop
  endfacet
  facet normal 0.555626 0.831432 0
    outer loop
      vertex 53 42.4641 10
      vertex 53.435 42.1734 0
      vertex 53 42.4641 0
    endloop
  endfacet
  facet normal 0.195124 0.980779 -0
    outer loop
      vertex 52.0353 42.8637 0
      vertex 51.5221 42.9658 10
      vertex 52.0353 42.8637 10
    endloop
  endfacet
  facet normal 0.195124 0.980779 0
    outer loop
      vertex 51.5221 42.9658 10
      vertex 52.0353 42.8637 0
      vertex 51.5221 42.9658 0
    endloop
  endfacet
  facet normal -0.0653646 0.997861 0
    outer loop
      vertex -51 43 0
      vertex -51.5221 42.9658 10
      vertex -51 43 10
    endloop
  endfacet
  facet normal -0.0653646 0.997861 0
    outer loop
      vertex -51.5221 42.9658 10
      vertex -51 43 0
      vertex -51.5221 42.9658 0
    endloop
  endfacet
  facet normal -0.555626 0.831432 0
    outer loop
      vertex -53 42.4641 0
      vertex -53.435 42.1734 10
      vertex -53 42.4641 10
    endloop
  endfacet
  facet normal -0.555626 0.831432 0
    outer loop
      vertex -53.435 42.1734 10
      vertex -53 42.4641 0
      vertex -53.435 42.1734 0
    endloop
  endfacet
  facet normal -0.659343 0.751842 0
    outer loop
      vertex -53.435 42.1734 0
      vertex -53.8284 41.8284 10
      vertex -53.435 42.1734 10
    endloop
  endfacet
  facet normal -0.659343 0.751842 0
    outer loop
      vertex -53.8284 41.8284 10
      vertex -53.435 42.1734 0
      vertex -53.8284 41.8284 0
    endloop
  endfacet
  facet normal -0.94691 0.321498 0
    outer loop
      vertex -54.8637 40.0353 0
      vertex -54.6955 40.5307 10
      vertex -54.6955 40.5307 0
    endloop
  endfacet
  facet normal -0.94691 0.321498 0
    outer loop
      vertex -54.6955 40.5307 10
      vertex -54.8637 40.0353 0
      vertex -54.8637 40.0353 10
    endloop
  endfacet
  facet normal -0.980779 0.195124 0
    outer loop
      vertex -54.9658 39.5221 0
      vertex -54.8637 40.0353 10
      vertex -54.8637 40.0353 0
    endloop
  endfacet
  facet normal -0.980779 0.195124 0
    outer loop
      vertex -54.8637 40.0353 10
      vertex -54.9658 39.5221 0
      vertex -54.9658 39.5221 10
    endloop
  endfacet
  facet normal -0.831432 0.555626 0
    outer loop
      vertex -54.4641 41 0
      vertex -54.1734 41.435 10
      vertex -54.1734 41.435 0
    endloop
  endfacet
  facet normal -0.831432 0.555626 0
    outer loop
      vertex -54.1734 41.435 10
      vertex -54.4641 41 0
      vertex -54.4641 41 10
    endloop
  endfacet
  facet normal 0 0 -1
    outer loop
      vertex 53.65 -39 0
      vertex 55 -39 0
      vertex 54.9658 -39.5221 0
    endloop
  endfacet
  facet normal 0 0 -1
    outer loop
      vertex 55 -39 0
      vertex 53.65 -39 0
      vertex 55 39 0
    endloop
  endfacet
  facet normal 0 0 -1
    outer loop
      vertex 53.6273 -39.3459 0
      vertex 54.9658 -39.5221 0
      vertex 54.8637 -40.0353 0
    endloop
  endfacet
  facet normal 0 0 -1
    outer loop
      vertex 53.65 39 0
      vertex 55 39 0
      vertex 53.65 -39 0
    endloop
  endfacet
  facet normal 0 0 -1
    outer loop
      vertex 53.5597 -39.6859 0
      vertex 54.8637 -40.0353 0
      vertex 54.6955 -40.5307 0
    endloop
  endfacet
  facet normal 0 0 -1
    outer loop
      vertex 55 39 0
      vertex 53.65 39 0
      vertex 54.9658 39.5221 0
    endloop
  endfacet
  facet normal 0 0 -1
    outer loop
      vertex 53.4483 -40.0141 0
      vertex 54.6955 -40.5307 0
      vertex 54.4641 -41 0
    endloop
  endfacet
  facet normal 0 0 -1
    outer loop
      vertex 53.6273 39.3459 0
      vertex 54.9658 39.5221 0
      vertex 53.65 39 0
    endloop
  endfacet
  facet normal 0 0 -1
    outer loop
      vertex 53.295 -40.325 0
      vertex 54.4641 -41 0
      vertex 54.1734 -41.435 0
    endloop
  endfacet
  facet normal -0 0 -1
    outer loop
      vertex 54.9658 39.5221 0
      vertex 53.6273 39.3459 0
      vertex 54.8637 40.0353 0
    endloop
  endfacet
  facet normal 0 0 -1
    outer loop
      vertex 53.1024 -40.6132 0
      vertex 54.1734 -41.435 0
      vertex 53.8284 -41.8284 0
    endloop
  endfacet
  facet normal 0 0 -1
    outer loop
      vertex 53.5597 39.6859 0
      vertex 54.8637 40.0353 0
      vertex 53.6273 39.3459 0
    endloop
  endfacet
  facet normal -0 0 -1
    outer loop
      vertex 54.8637 40.0353 0
      vertex 53.5597 39.6859 0
      vertex 54.6955 40.5307 0
    endloop
  endfacet
  facet normal 0 0 -1
    outer loop
      vertex 54.9658 -39.5221 0
      vertex 53.6273 -39.3459 0
      vertex 53.65 -39 0
    endloop
  endfacet
  facet normal 0 0 -1
    outer loop
      vertex 54.8637 -40.0353 0
      vertex 53.5597 -39.6859 0
      vertex 53.6273 -39.3459 0
    endloop
  endfacet
  facet normal 0 0 -1
    outer loop
      vertex 54.6955 -40.5307 0
      vertex 53.4483 -40.0141 0
      vertex 53.5597 -39.6859 0
    endloop
  endfacet
  facet normal 0 0 -1
    outer loop
      vertex 52.8738 -40.8738 0
      vertex 53.8284 -41.8284 0
      vertex 53.435 -42.1734 0
    endloop
  endfacet
  facet normal 0 0 -1
    outer loop
      vertex 54.4641 -41 0
      vertex 53.295 -40.325 0
      vertex 53.4483 -40.0141 0
    endloop
  endfacet
  facet normal 0 0 -1
    outer loop
      vertex 54.1734 -41.435 0
      vertex 53.1024 -40.6132 0
      vertex 53.295 -40.325 0
    endloop
  endfacet
  facet normal 0 0 -1
    outer loop
      vertex 52.6132 -41.1024 0
      vertex 53.435 -42.1734 0
      vertex 53 -42.4641 0
    endloop
  endfacet
  facet normal 0 0 -1
    outer loop
      vertex 53.8284 -41.8284 0
      vertex 52.8738 -40.8738 0
      vertex 53.1024 -40.6132 0
    endloop
  endfacet
  facet normal 0 0 -1
    outer loop
      vertex 53.435 -42.1734 0
      vertex 52.6132 -41.1024 0
      vertex 52.8738 -40.8738 0
    endloop
  endfacet
  facet normal 0 0 -1
    outer loop
      vertex 52.325 -41.295 0
      vertex 53 -42.4641 0
      vertex 52.5307 -42.6955 0
    endloop
  endfacet
  facet normal 0 0 -1
    outer loop
      vertex 53 -42.4641 0
      vertex 52.325 -41.295 0
      vertex 52.6132 -41.1024 0
    endloop
  endfacet
  facet normal 0 0 -1
    outer loop
      vertex 52.0141 -41.4483 0
      vertex 52.5307 -42.6955 0
      vertex 52.0353 -42.8637 0
    endloop
  endfacet
  facet normal 0 0 -1
    outer loop
      vertex 52.5307 -42.6955 0
      vertex 52.0141 -41.4483 0
      vertex 52.325 -41.295 0
    endloop
  endfacet
  facet normal 0 0 -1
    outer loop
      vertex 52.0353 -42.8637 0
      vertex 51.6859 -41.5597 0
      vertex 52.0141 -41.4483 0
    endloop
  endfacet
  facet normal 0 0 -1
    outer loop
      vertex 51.5221 -42.9658 0
      vertex 51.6859 -41.5597 0
      vertex 52.0353 -42.8637 0
    endloop
  endfacet
  facet normal 0 0 -1
    outer loop
      vertex 51.5221 -42.9658 0
      vertex 51.3459 -41.6273 0
      vertex 51.6859 -41.5597 0
    endloop
  endfacet
  facet normal 0 0 -1
    outer loop
      vertex 51 -43 0
      vertex 51.3459 -41.6273 0
      vertex 51.5221 -42.9658 0
    endloop
  endfacet
  facet normal 0 0 -1
    outer loop
      vertex 51 -43 0
      vertex 51 -41.65 0
      vertex 51.3459 -41.6273 0
    endloop
  endfacet
  facet normal 0 0 -1
    outer loop
      vertex -51 -43 0
      vertex 51 -41.65 0
      vertex 51 -43 0
    endloop
  endfacet
  facet normal 0 0 -1
    outer loop
      vertex -51 -43 0
      vertex -51 -41.65 0
      vertex 51 -41.65 0
    endloop
  endfacet
  facet normal 0 0 -1
    outer loop
      vertex -51 -43 0
      vertex -51.3459 -41.6273 0
      vertex -51 -41.65 0
    endloop
  endfacet
  facet normal 0 0 -1
    outer loop
      vertex -51.5221 -42.9658 0
      vertex -51.3459 -41.6273 0
      vertex -51 -43 0
    endloop
  endfacet
  facet normal 0 0 -1
    outer loop
      vertex -51.5221 -42.9658 0
      vertex -51.6859 -41.5597 0
      vertex -51.3459 -41.6273 0
    endloop
  endfacet
  facet normal 0 0 -1
    outer loop
      vertex -52.0353 -42.8637 0
      vertex -51.6859 -41.5597 0
      vertex -51.5221 -42.9658 0
    endloop
  endfacet
  facet normal -0 0 -1
    outer loop
      vertex -51.6859 -41.5597 0
      vertex -52.0353 -42.8637 0
      vertex -52.0141 -41.4483 0
    endloop
  endfacet
  facet normal 0 0 -1
    outer loop
      vertex -52.5307 -42.6955 0
      vertex -52.0141 -41.4483 0
      vertex -52.0353 -42.8637 0
    endloop
  endfacet
  facet normal -0 0 -1
    outer loop
      vertex -52.0141 -41.4483 0
      vertex -52.5307 -42.6955 0
      vertex -52.325 -41.295 0
    endloop
  endfacet
  facet normal 0 0 -1
    outer loop
      vertex -53 -42.4641 0
      vertex -52.325 -41.295 0
      vertex -52.5307 -42.6955 0
    endloop
  endfacet
  facet normal -0 0 -1
    outer loop
      vertex -52.325 -41.295 0
      vertex -53 -42.4641 0
      vertex -52.6132 -41.1024 0
    endloop
  endfacet
  facet normal 0 0 -1
    outer loop
      vertex -53.435 -42.1734 0
      vertex -52.6132 -41.1024 0
      vertex -53 -42.4641 0
    endloop
  endfacet
  facet normal -0 0 -1
    outer loop
      vertex -52.6132 -41.1024 0
      vertex -53.435 -42.1734 0
      vertex -52.8738 -40.8738 0
    endloop
  endfacet
  facet normal 0 0 -1
    outer loop
      vertex -53.8284 -41.8284 0
      vertex -52.8738 -40.8738 0
      vertex -53.435 -42.1734 0
    endloop
  endfacet
  facet normal -0 0 -1
    outer loop
      vertex -52.8738 -40.8738 0
      vertex -53.8284 -41.8284 0
      vertex -53.1024 -40.6132 0
    endloop
  endfacet
  facet normal 0 0 -1
    outer loop
      vertex -54.1734 -41.435 0
      vertex -53.1024 -40.6132 0
      vertex -53.8284 -41.8284 0
    endloop
  endfacet
  facet normal -0 0 -1
    outer loop
      vertex -53.1024 -40.6132 0
      vertex -54.1734 -41.435 0
      vertex -53.295 -40.325 0
    endloop
  endfacet
  facet normal 0 0 -1
    outer loop
      vertex -54.4641 -41 0
      vertex -53.295 -40.325 0
      vertex -54.1734 -41.435 0
    endloop
  endfacet
  facet normal -0 0 -1
    outer loop
      vertex -53.4483 -40.0141 0
      vertex -54.6955 -40.5307 0
      vertex -53.5597 -39.6859 0
    endloop
  endfacet
  facet normal 0 0 -1
    outer loop
      vertex -54.6955 -40.5307 0
      vertex -53.4483 -40.0141 0
      vertex -54.4641 -41 0
    endloop
  endfacet
  facet normal -0 0 -1
    outer loop
      vertex -53.295 -40.325 0
      vertex -54.4641 -41 0
      vertex -53.4483 -40.0141 0
    endloop
  endfacet
  facet normal 0 0 -1
    outer loop
      vertex 53.4483 40.0141 0
      vertex 54.6955 40.5307 0
      vertex 53.5597 39.6859 0
    endloop
  endfacet
  facet normal -0 0 -1
    outer loop
      vertex 54.6955 40.5307 0
      vertex 53.4483 40.0141 0
      vertex 54.4641 41 0
    endloop
  endfacet
  facet normal 0 0 -1
    outer loop
      vertex 53.295 40.325 0
      vertex 54.4641 41 0
      vertex 53.4483 40.0141 0
    endloop
  endfacet
  facet normal -0 0 -1
    outer loop
      vertex 54.4641 41 0
      vertex 53.295 40.325 0
      vertex 54.1734 41.435 0
    endloop
  endfacet
  facet normal 0 0 -1
    outer loop
      vertex 53.1024 40.6132 0
      vertex 54.1734 41.435 0
      vertex 53.295 40.325 0
    endloop
  endfacet
  facet normal -0 0 -1
    outer loop
      vertex 54.1734 41.435 0
      vertex 53.1024 40.6132 0
      vertex 53.8284 41.8284 0
    endloop
  endfacet
  facet normal 0 0 -1
    outer loop
      vertex 52.8738 40.8738 0
      vertex 53.8284 41.8284 0
      vertex 53.1024 40.6132 0
    endloop
  endfacet
  facet normal -0 0 -1
    outer loop
      vertex 53.8284 41.8284 0
      vertex 52.8738 40.8738 0
      vertex 53.435 42.1734 0
    endloop
  endfacet
  facet normal 0 0 -1
    outer loop
      vertex 52.6132 41.1024 0
      vertex 53.435 42.1734 0
      vertex 52.8738 40.8738 0
    endloop
  endfacet
  facet normal -0 0 -1
    outer loop
      vertex 53.435 42.1734 0
      vertex 52.6132 41.1024 0
      vertex 53 42.4641 0
    endloop
  endfacet
  facet normal 0 0 -1
    outer loop
      vertex 52.325 41.295 0
      vertex 53 42.4641 0
      vertex 52.6132 41.1024 0
    endloop
  endfacet
  facet normal -0 0 -1
    outer loop
      vertex 53 42.4641 0
      vertex 52.325 41.295 0
      vertex 52.5307 42.6955 0
    endloop
  endfacet
  facet normal 0 0 -1
    outer loop
      vertex 52.0141 41.4483 0
      vertex 52.5307 42.6955 0
      vertex 52.325 41.295 0
    endloop
  endfacet
  facet normal -0 0 -1
    outer loop
      vertex 52.5307 42.6955 0
      vertex 52.0141 41.4483 0
      vertex 52.0353 42.8637 0
    endloop
  endfacet
  facet normal 0 0 -1
    outer loop
      vertex 51.6859 41.5597 0
      vertex 52.0353 42.8637 0
      vertex 52.0141 41.4483 0
    endloop
  endfacet
  facet normal 0 0 -1
    outer loop
      vertex 51.6859 41.5597 0
      vertex 51.5221 42.9658 0
      vertex 52.0353 42.8637 0
    endloop
  endfacet
  facet normal 0 0 -1
    outer loop
      vertex 51.3459 41.6273 0
      vertex 51.5221 42.9658 0
      vertex 51.6859 41.5597 0
    endloop
  endfacet
  facet normal 0 0 -1
    outer loop
      vertex 51 41.65 0
      vertex 51.5221 42.9658 0
      vertex 51.3459 41.6273 0
    endloop
  endfacet
  facet normal 0 0 -1
    outer loop
      vertex 51 41.65 0
      vertex 51 43 0
      vertex 51.5221 42.9658 0
    endloop
  endfacet
  facet normal 0 0 -1
    outer loop
      vertex -51 41.65 0
      vertex 51 43 0
      vertex 51 41.65 0
    endloop
  endfacet
  facet normal 0 0 -1
    outer loop
      vertex -51 41.65 0
      vertex -51 43 0
      vertex 51 43 0
    endloop
  endfacet
  facet normal 0 0 -1
    outer loop
      vertex -51.3459 41.6273 0
      vertex -51 43 0
      vertex -51 41.65 0
    endloop
  endfacet
  facet normal 0 0 -1
    outer loop
      vertex -51.3459 41.6273 0
      vertex -51.5221 42.9658 0
      vertex -51 43 0
    endloop
  endfacet
  facet normal 0 0 -1
    outer loop
      vertex -51.6859 41.5597 0
      vertex -51.5221 42.9658 0
      vertex -51.3459 41.6273 0
    endloop
  endfacet
  facet normal 0 0 -1
    outer loop
      vertex -52.0353 42.8637 0
      vertex -51.6859 41.5597 0
      vertex -52.0141 41.4483 0
    endloop
  endfacet
  facet normal 0 0 -1
    outer loop
      vertex -51.6859 41.5597 0
      vertex -52.0353 42.8637 0
      vertex -51.5221 42.9658 0
    endloop
  endfacet
  facet normal 0 0 -1
    outer loop
      vertex -52.5307 42.6955 0
      vertex -52.0141 41.4483 0
      vertex -52.325 41.295 0
    endloop
  endfacet
  facet normal 0 0 -1
    outer loop
      vertex -52.0141 41.4483 0
      vertex -52.5307 42.6955 0
      vertex -52.0353 42.8637 0
    endloop
  endfacet
  facet normal 0 0 -1
    outer loop
      vertex -53 42.4641 0
      vertex -52.325 41.295 0
      vertex -52.6132 41.1024 0
    endloop
  endfacet
  facet normal 0 0 -1
    outer loop
      vertex -53.435 42.1734 0
      vertex -52.6132 41.1024 0
      vertex -52.8738 40.8738 0
    endloop
  endfacet
  facet normal 0 0 -1
    outer loop
      vertex -52.325 41.295 0
      vertex -53 42.4641 0
      vertex -52.5307 42.6955 0
    endloop
  endfacet
  facet normal 0 0 -1
    outer loop
      vertex -53.8284 41.8284 0
      vertex -52.8738 40.8738 0
      vertex -53.1024 40.6132 0
    endloop
  endfacet
  facet normal 0 0 -1
    outer loop
      vertex -54.1734 41.435 0
      vertex -53.1024 40.6132 0
      vertex -53.295 40.325 0
    endloop
  endfacet
  facet normal 0 0 -1
    outer loop
      vertex -52.6132 41.1024 0
      vertex -53.435 42.1734 0
      vertex -53 42.4641 0
    endloop
  endfacet
  facet normal 0 0 -1
    outer loop
      vertex -54.4641 41 0
      vertex -53.295 40.325 0
      vertex -53.4483 40.0141 0
    endloop
  endfacet
  facet normal 0 0 -1
    outer loop
      vertex -54.6955 40.5307 0
      vertex -53.4483 40.0141 0
      vertex -53.5597 39.6859 0
    endloop
  endfacet
  facet normal 0 0 -1
    outer loop
      vertex -54.8637 40.0353 0
      vertex -53.5597 39.6859 0
      vertex -53.6273 39.3459 0
    endloop
  endfacet
  facet normal 0 0 -1
    outer loop
      vertex -52.8738 40.8738 0
      vertex -53.8284 41.8284 0
      vertex -53.435 42.1734 0
    endloop
  endfacet
  facet normal 0 0 -1
    outer loop
      vertex -54.9658 39.5221 0
      vertex -53.6273 39.3459 0
      vertex -53.65 39 0
    endloop
  endfacet
  facet normal 0 0 -1
    outer loop
      vertex -53.65 -39 0
      vertex -55 -39 0
      vertex -53.65 39 0
    endloop
  endfacet
  facet normal 0 0 -1
    outer loop
      vertex -54.8637 -40.0353 0
      vertex -53.5597 -39.6859 0
      vertex -54.6955 -40.5307 0
    endloop
  endfacet
  facet normal 0 0 -1
    outer loop
      vertex -55 39 0
      vertex -53.65 39 0
      vertex -55 -39 0
    endloop
  endfacet
  facet normal -0 0 -1
    outer loop
      vertex -53.5597 -39.6859 0
      vertex -54.8637 -40.0353 0
      vertex -53.6273 -39.3459 0
    endloop
  endfacet
  facet normal 0 -0 -1
    outer loop
      vertex -54.9658 39.5221 0
      vertex -53.65 39 0
      vertex -55 39 0
    endloop
  endfacet
  facet normal 0 0 -1
    outer loop
      vertex -54.9658 -39.5221 0
      vertex -53.6273 -39.3459 0
      vertex -54.8637 -40.0353 0
    endloop
  endfacet
  facet normal 0 0 -1
    outer loop
      vertex -53.1024 40.6132 0
      vertex -54.1734 41.435 0
      vertex -53.8284 41.8284 0
    endloop
  endfacet
  facet normal -0 0 -1
    outer loop
      vertex -53.6273 -39.3459 0
      vertex -54.9658 -39.5221 0
      vertex -53.65 -39 0
    endloop
  endfacet
  facet normal 0 0 -1
    outer loop
      vertex -53.295 40.325 0
      vertex -54.4641 41 0
      vertex -54.1734 41.435 0
    endloop
  endfacet
  facet normal -0 0 -1
    outer loop
      vertex -53.65 -39 0
      vertex -54.9658 -39.5221 0
      vertex -55 -39 0
    endloop
  endfacet
  facet normal 0 0 -1
    outer loop
      vertex -53.4483 40.0141 0
      vertex -54.6955 40.5307 0
      vertex -54.4641 41 0
    endloop
  endfacet
  facet normal 0 0 -1
    outer loop
      vertex -53.5597 39.6859 0
      vertex -54.8637 40.0353 0
      vertex -54.6955 40.5307 0
    endloop
  endfacet
  facet normal 0 0 -1
    outer loop
      vertex -53.6273 39.3459 0
      vertex -54.9658 39.5221 0
      vertex -54.8637 40.0353 0
    endloop
  endfacet
  facet normal 0 0 -1
    outer loop
      vertex 51 -39.75 0
      vertex 51.75 -39 0
      vertex 51.7436 -39.0979 0
    endloop
  endfacet
  facet normal 0 0 -1
    outer loop
      vertex 51.75 -39 0
      vertex 35 -11 0
      vertex 51.75 39 0
    endloop
  endfacet
  facet normal 0 0 -1
    outer loop
      vertex 51 -39.75 0
      vertex 51.7436 -39.0979 0
      vertex 51.7244 -39.1941 0
    endloop
  endfacet
  facet normal 0 0 -1
    outer loop
      vertex 35 11 0
      vertex 51.75 39 0
      vertex 35 -11 0
    endloop
  endfacet
  facet normal 0 0 -1
    outer loop
      vertex 51 -39.75 0
      vertex 51.7244 -39.1941 0
      vertex 51.6929 -39.287 0
    endloop
  endfacet
  facet normal 0 -0 -1
    outer loop
      vertex 51 39.75 0
      vertex 51.75 39 0
      vertex 35 11 0
    endloop
  endfacet
  facet normal 0 0 -1
    outer loop
      vertex 51 -39.75 0
      vertex 51.6929 -39.287 0
      vertex 51.6495 -39.375 0
    endloop
  endfacet
  facet normal 0 0 -1
    outer loop
      vertex 51.75 39 0
      vertex 51 39.75 0
      vertex 51.7436 39.0979 0
    endloop
  endfacet
  facet normal 0 0 -1
    outer loop
      vertex 51 -39.75 0
      vertex 51.6495 -39.375 0
      vertex 51.595 -39.4566 0
    endloop
  endfacet
  facet normal 0 0 -1
    outer loop
      vertex 51.7436 39.0979 0
      vertex 51 39.75 0
      vertex 51.7244 39.1941 0
    endloop
  endfacet
  facet normal 0 0 -1
    outer loop
      vertex 51 -39.75 0
      vertex 51.595 -39.4566 0
      vertex 51.5303 -39.5303 0
    endloop
  endfacet
  facet normal 0 0 -1
    outer loop
      vertex 51.7244 39.1941 0
      vertex 51 39.75 0
      vertex 51.6929 39.287 0
    endloop
  endfacet
  facet normal 0 0 -1
    outer loop
      vertex 51 -39.75 0
      vertex 51.5303 -39.5303 0
      vertex 51.4566 -39.595 0
    endloop
  endfacet
  facet normal 0 0 -1
    outer loop
      vertex 51.6929 39.287 0
      vertex 51 39.75 0
      vertex 51.6495 39.375 0
    endloop
  endfacet
  facet normal 0 0 -1
    outer loop
      vertex 51 -39.75 0
      vertex 51.4566 -39.595 0
      vertex 51.375 -39.6495 0
    endloop
  endfacet
  facet normal 0 0 -1
    outer loop
      vertex 51.6495 39.375 0
      vertex 51 39.75 0
      vertex 51.595 39.4566 0
    endloop
  endfacet
  facet normal 0 0 -1
    outer loop
      vertex 51 -39.75 0
      vertex 51.375 -39.6495 0
      vertex 51.287 -39.6929 0
    endloop
  endfacet
  facet normal 0 0 -1
    outer loop
      vertex 51.595 39.4566 0
      vertex 51 39.75 0
      vertex 51.5303 39.5303 0
    endloop
  endfacet
  facet normal 0 0 -1
    outer loop
      vertex 51 -39.75 0
      vertex 51.287 -39.6929 0
      vertex 51.1941 -39.7244 0
    endloop
  endfacet
  facet normal 0 0 -1
    outer loop
      vertex 51.5303 39.5303 0
      vertex 51 39.75 0
      vertex 51.4566 39.595 0
    endloop
  endfacet
  facet normal 0 0 -1
    outer loop
      vertex 51 -39.75 0
      vertex 51.1941 -39.7244 0
      vertex 51.0979 -39.7436 0
    endloop
  endfacet
  facet normal 0 0 -1
    outer loop
      vertex 51.4566 39.595 0
      vertex 51 39.75 0
      vertex 51.375 39.6495 0
    endloop
  endfacet
  facet normal -0 0 -1
    outer loop
      vertex 51.75 -39 0
      vertex 51 -39.75 0
      vertex 35 -11 0
    endloop
  endfacet
  facet normal 0 0 -1
    outer loop
      vertex 51.375 39.6495 0
      vertex 51 39.75 0
      vertex 51.287 39.6929 0
    endloop
  endfacet
  facet normal 0 0 -1
    outer loop
      vertex 51.287 39.6929 0
      vertex 51 39.75 0
      vertex 51.1941 39.7244 0
    endloop
  endfacet
  facet normal 0 0 -1
    outer loop
      vertex 51 -39.75 0
      vertex -35 -11 0
      vertex 35 -11 0
    endloop
  endfacet
  facet normal 0 0 -1
    outer loop
      vertex -51.75 -39 0
      vertex -35 -11 0
      vertex -51 -39.75 0
    endloop
  endfacet
  facet normal 0 0 -1
    outer loop
      vertex -51 -39.75 0
      vertex -35 -11 0
      vertex 51 -39.75 0
    endloop
  endfacet
  facet normal 0 0 -1
    outer loop
      vertex 51.1941 39.7244 0
      vertex 51 39.75 0
      vertex 51.0979 39.7436 0
    endloop
  endfacet
  facet normal 0 0 -1
    outer loop
      vertex -35 11 0
      vertex 51 39.75 0
      vertex 35 11 0
    endloop
  endfacet
  facet normal 0 0 -1
    outer loop
      vertex -35 11 0
      vertex -51 39.75 0
      vertex 51 39.75 0
    endloop
  endfacet
  facet normal -0 0 -1
    outer loop
      vertex -35 -11 0
      vertex -51.75 -39 0
      vertex -35 11 0
    endloop
  endfacet
  facet normal 0 0 -1
    outer loop
      vertex -51.75 -39 0
      vertex -51 -39.75 0
      vertex -51.0979 -39.7436 0
    endloop
  endfacet
  facet normal 0 0 -1
    outer loop
      vertex -51.75 39 0
      vertex -35 11 0
      vertex -51.75 -39 0
    endloop
  endfacet
  facet normal 0 0 -1
    outer loop
      vertex -51.75 -39 0
      vertex -51.0979 -39.7436 0
      vertex -51.1941 -39.7244 0
    endloop
  endfacet
  facet normal 0 0 -1
    outer loop
      vertex -35 11 0
      vertex -51.75 39 0
      vertex -51 39.75 0
    endloop
  endfacet
  facet normal 0 0 -1
    outer loop
      vertex -51.75 -39 0
      vertex -51.1941 -39.7244 0
      vertex -51.287 -39.6929 0
    endloop
  endfacet
  facet normal 0 0 -1
    outer loop
      vertex -51 39.75 0
      vertex -51.75 39 0
      vertex -51.0979 39.7436 0
    endloop
  endfacet
  facet normal 0 0 -1
    outer loop
      vertex -51.75 -39 0
      vertex -51.287 -39.6929 0
      vertex -51.375 -39.6495 0
    endloop
  endfacet
  facet normal 0 0 -1
    outer loop
      vertex -51.0979 39.7436 0
      vertex -51.75 39 0
      vertex -51.1941 39.7244 0
    endloop
  endfacet
  facet normal 0 0 -1
    outer loop
      vertex -51.75 -39 0
      vertex -51.375 -39.6495 0
      vertex -51.4566 -39.595 0
    endloop
  endfacet
  facet normal 0 0 -1
    outer loop
      vertex -51.1941 39.7244 0
      vertex -51.75 39 0
      vertex -51.287 39.6929 0
    endloop
  endfacet
  facet normal 0 0 -1
    outer loop
      vertex -51.75 -39 0
      vertex -51.4566 -39.595 0
      vertex -51.5303 -39.5303 0
    endloop
  endfacet
  facet normal 0 0 -1
    outer loop
      vertex -51.287 39.6929 0
      vertex -51.75 39 0
      vertex -51.375 39.6495 0
    endloop
  endfacet
  facet normal 0 0 -1
    outer loop
      vertex -51.75 -39 0
      vertex -51.5303 -39.5303 0
      vertex -51.595 -39.4566 0
    endloop
  endfacet
  facet normal 0 0 -1
    outer loop
      vertex -51.375 39.6495 0
      vertex -51.75 39 0
      vertex -51.4566 39.595 0
    endloop
  endfacet
  facet normal 0 0 -1
    outer loop
      vertex -51.75 -39 0
      vertex -51.595 -39.4566 0
      vertex -51.6495 -39.375 0
    endloop
  endfacet
  facet normal 0 0 -1
    outer loop
      vertex -51.4566 39.595 0
      vertex -51.75 39 0
      vertex -51.5303 39.5303 0
    endloop
  endfacet
  facet normal 0 0 -1
    outer loop
      vertex -51.75 -39 0
      vertex -51.6495 -39.375 0
      vertex -51.6929 -39.287 0
    endloop
  endfacet
  facet normal 0 0 -1
    outer loop
      vertex -51.5303 39.5303 0
      vertex -51.75 39 0
      vertex -51.595 39.4566 0
    endloop
  endfacet
  facet normal 0 0 -1
    outer loop
      vertex -51.75 -39 0
      vertex -51.6929 -39.287 0
      vertex -51.7244 -39.1941 0
    endloop
  endfacet
  facet normal 0 0 -1
    outer loop
      vertex -51.595 39.4566 0
      vertex -51.75 39 0
      vertex -51.6495 39.375 0
    endloop
  endfacet
  facet normal 0 0 -1
    outer loop
      vertex -51.75 -39 0
      vertex -51.7244 -39.1941 0
      vertex -51.7436 -39.0979 0
    endloop
  endfacet
  facet normal 0 0 -1
    outer loop
      vertex -51.6495 39.375 0
      vertex -51.75 39 0
      vertex -51.6929 39.287 0
    endloop
  endfacet
  facet normal 0 0 -1
    outer loop
      vertex -51.6929 39.287 0
      vertex -51.75 39 0
      vertex -51.7244 39.1941 0
    endloop
  endfacet
  facet normal 0 0 -1
    outer loop
      vertex -51.7244 39.1941 0
      vertex -51.75 39 0
      vertex -51.7436 39.0979 0
    endloop
  endfacet
  facet normal -0.442238 -0.896898 0
    outer loop
      vertex -53 -42.4641 0
      vertex -52.5307 -42.6955 10
      vertex -53 -42.4641 10
    endloop
  endfacet
  facet normal -0.442238 -0.896898 -0
    outer loop
      vertex -52.5307 -42.6955 10
      vertex -53 -42.4641 0
      vertex -52.5307 -42.6955 0
    endloop
  endfacet
  facet normal -0.0653646 -0.997861 0
    outer loop
      vertex -51.5221 -42.9658 0
      vertex -51 -43 10
      vertex -51.5221 -42.9658 10
    endloop
  endfacet
  facet normal -0.0653646 -0.997861 -0
    outer loop
      vertex -51 -43 10
      vertex -51.5221 -42.9658 0
      vertex -51 -43 0
    endloop
  endfacet
  facet normal 0.442238 0.896898 -0
    outer loop
      vertex 53 42.4641 0
      vertex 52.5307 42.6955 10
      vertex 53 42.4641 10
    endloop
  endfacet
  facet normal 0.442238 0.896898 0
    outer loop
      vertex 52.5307 42.6955 10
      vertex 53 42.4641 0
      vertex 52.5307 42.6955 0
    endloop
  endfacet
  facet normal 0.896898 0.442238 0
    outer loop
      vertex 54.6955 40.5307 10
      vertex 54.4641 41 0
      vertex 54.4641 41 10
    endloop
  endfacet
  facet normal 0.896898 0.442238 0
    outer loop
      vertex 54.4641 41 0
      vertex 54.6955 40.5307 10
      vertex 54.6955 40.5307 0
    endloop
  endfacet
  facet normal 0.896898 -0.442238 0
    outer loop
      vertex 54.4641 -41 10
      vertex 54.6955 -40.5307 0
      vertex 54.6955 -40.5307 10
    endloop
  endfacet
  facet normal 0.896898 -0.442238 0
    outer loop
      vertex 54.6955 -40.5307 0
      vertex 54.4641 -41 10
      vertex 54.4641 -41 0
    endloop
  endfacet
  facet normal 0.831432 -0.555626 0
    outer loop
      vertex 54.1734 -41.435 10
      vertex 54.4641 -41 0
      vertex 54.4641 -41 10
    endloop
  endfacet
  facet normal 0.831432 -0.555626 0
    outer loop
      vertex 54.4641 -41 0
      vertex 54.1734 -41.435 10
      vertex 54.1734 -41.435 0
    endloop
  endfacet
  facet normal 0.980779 -0.195124 0
    outer loop
      vertex 54.8637 -40.0353 10
      vertex 54.9658 -39.5221 0
      vertex 54.9658 -39.5221 10
    endloop
  endfacet
  facet normal 0.980779 -0.195124 0
    outer loop
      vertex 54.9658 -39.5221 0
      vertex 54.8637 -40.0353 10
      vertex 54.8637 -40.0353 0
    endloop
  endfacet
  facet normal 0.659343 -0.751842 0
    outer loop
      vertex 53.435 -42.1734 0
      vertex 53.8284 -41.8284 10
      vertex 53.435 -42.1734 10
    endloop
  endfacet
  facet normal 0.659343 -0.751842 0
    outer loop
      vertex 53.8284 -41.8284 10
      vertex 53.435 -42.1734 0
      vertex 53.8284 -41.8284 0
    endloop
  endfacet
  facet normal 0.442238 -0.896898 0
    outer loop
      vertex 52.5307 -42.6955 0
      vertex 53 -42.4641 10
      vertex 52.5307 -42.6955 10
    endloop
  endfacet
  facet normal 0.442238 -0.896898 0
    outer loop
      vertex 53 -42.4641 10
      vertex 52.5307 -42.6955 0
      vertex 53 -42.4641 0
    endloop
  endfacet
  facet normal -0.442238 0.896898 0
    outer loop
      vertex -52.5307 42.6955 0
      vertex -53 42.4641 10
      vertex -52.5307 42.6955 10
    endloop
  endfacet
  facet normal -0.442238 0.896898 0
    outer loop
      vertex -53 42.4641 10
      vertex -52.5307 42.6955 0
      vertex -53 42.4641 0
    endloop
  endfacet
  facet normal -0.321498 0.94691 0
    outer loop
      vertex -52.0353 42.8637 0
      vertex -52.5307 42.6955 10
      vertex -52.0353 42.8637 10
    endloop
  endfacet
  facet normal -0.321498 0.94691 0
    outer loop
      vertex -52.5307 42.6955 10
      vertex -52.0353 42.8637 0
      vertex -52.5307 42.6955 0
    endloop
  endfacet
  facet normal -0.896898 0.442238 0
    outer loop
      vertex -54.6955 40.5307 0
      vertex -54.4641 41 10
      vertex -54.4641 41 0
    endloop
  endfacet
  facet normal -0.896898 0.442238 0
    outer loop
      vertex -54.4641 41 10
      vertex -54.6955 40.5307 0
      vertex -54.6955 40.5307 10
    endloop
  endfacet
  facet normal -0.997861 -0.0653646 0
    outer loop
      vertex -54.9658 -39.5221 0
      vertex -55 -39 10
      vertex -55 -39 0
    endloop
  endfacet
  facet normal -0.997861 -0.0653646 0
    outer loop
      vertex -55 -39 10
      vertex -54.9658 -39.5221 0
      vertex -54.9658 -39.5221 10
    endloop
  endfacet
  facet normal -0.94691 -0.321498 0
    outer loop
      vertex -54.6955 -40.5307 0
      vertex -54.8637 -40.0353 10
      vertex -54.8637 -40.0353 0
    endloop
  endfacet
  facet normal -0.94691 -0.321498 0
    outer loop
      vertex -54.8637 -40.0353 10
      vertex -54.6955 -40.5307 0
      vertex -54.6955 -40.5307 10
    endloop
  endfacet
  facet normal -0.831432 -0.555626 0
    outer loop
      vertex -54.1734 -41.435 0
      vertex -54.4641 -41 10
      vertex -54.4641 -41 0
    endloop
  endfacet
  facet normal -0.831432 -0.555626 0
    outer loop
      vertex -54.4641 -41 10
      vertex -54.1734 -41.435 0
      vertex -54.1734 -41.435 10
    endloop
  endfacet
  facet normal -0.659343 -0.751842 0
    outer loop
      vertex -53.8284 -41.8284 0
      vertex -53.435 -42.1734 10
      vertex -53.8284 -41.8284 10
    endloop
  endfacet
  facet normal -0.659343 -0.751842 -0
    outer loop
      vertex -53.435 -42.1734 10
      vertex -53.8284 -41.8284 0
      vertex -53.435 -42.1734 0
    endloop
  endfacet
  facet normal -0.321498 -0.94691 0
    outer loop
      vertex -52.5307 -42.6955 0
      vertex -52.0353 -42.8637 10
      vertex -52.5307 -42.6955 10
    endloop
  endfacet
  facet normal -0.321498 -0.94691 -0
    outer loop
      vertex -52.0353 -42.8637 10
      vertex -52.5307 -42.6955 0
      vertex -52.0353 -42.8637 0
    endloop
  endfacet
  facet normal 0.980779 0.195124 0
    outer loop
      vertex 54.9658 39.5221 10
      vertex 54.8637 40.0353 0
      vertex 54.8637 40.0353 10
    endloop
  endfacet
  facet normal 0.980779 0.195124 0
    outer loop
      vertex 54.8637 40.0353 0
      vertex 54.9658 39.5221 10
      vertex 54.9658 39.5221 0
    endloop
  endfacet
  facet normal 0.997861 0.0653646 0
    outer loop
      vertex 55 39 10
      vertex 54.9658 39.5221 0
      vertex 54.9658 39.5221 10
    endloop
  endfacet
  facet normal 0.997861 0.0653646 0
    outer loop
      vertex 54.9658 39.5221 0
      vertex 55 39 10
      vertex 55 39 0
    endloop
  endfacet
  facet normal 0.94691 0.321498 0
    outer loop
      vertex 54.8637 40.0353 10
      vertex 54.6955 40.5307 0
      vertex 54.6955 40.5307 10
    endloop
  endfacet
  facet normal 0.94691 0.321498 0
    outer loop
      vertex 54.6955 40.5307 0
      vertex 54.8637 40.0353 10
      vertex 54.8637 40.0353 0
    endloop
  endfacet
  facet normal 0.831432 0.555626 0
    outer loop
      vertex 54.4641 41 10
      vertex 54.1734 41.435 0
      vertex 54.1734 41.435 10
    endloop
  endfacet
  facet normal 0.831432 0.555626 0
    outer loop
      vertex 54.1734 41.435 0
      vertex 54.4641 41 10
      vertex 54.4641 41 0
    endloop
  endfacet
  facet normal 0.751842 0.659343 0
    outer loop
      vertex 54.1734 41.435 10
      vertex 53.8284 41.8284 0
      vertex 53.8284 41.8284 10
    endloop
  endfacet
  facet normal 0.751842 0.659343 0
    outer loop
      vertex 53.8284 41.8284 0
      vertex 54.1734 41.435 10
      vertex 54.1734 41.435 0
    endloop
  endfacet
  facet normal 0.997861 -0.0653646 0
    outer loop
      vertex 54.9658 -39.5221 10
      vertex 55 -39 0
      vertex 55 -39 10
    endloop
  endfacet
  facet normal 0.997861 -0.0653646 0
    outer loop
      vertex 55 -39 0
      vertex 54.9658 -39.5221 10
      vertex 54.9658 -39.5221 0
    endloop
  endfacet
  facet normal 0.751842 -0.659343 0
    outer loop
      vertex 53.8284 -41.8284 10
      vertex 54.1734 -41.435 0
      vertex 54.1734 -41.435 10
    endloop
  endfacet
  facet normal 0.751842 -0.659343 0
    outer loop
      vertex 54.1734 -41.435 0
      vertex 53.8284 -41.8284 10
      vertex 53.8284 -41.8284 0
    endloop
  endfacet
  facet normal 0.555626 -0.831432 0
    outer loop
      vertex 53 -42.4641 0
      vertex 53.435 -42.1734 10
      vertex 53 -42.4641 10
    endloop
  endfacet
  facet normal 0.555626 -0.831432 0
    outer loop
      vertex 53.435 -42.1734 10
      vertex 53 -42.4641 0
      vertex 53.435 -42.1734 0
    endloop
  endfacet
  facet normal -0.980779 -0.195124 0
    outer loop
      vertex -54.8637 -40.0353 0
      vertex -54.9658 -39.5221 10
      vertex -54.9658 -39.5221 0
    endloop
  endfacet
  facet normal -0.980779 -0.195124 0
    outer loop
      vertex -54.9658 -39.5221 10
      vertex -54.8637 -40.0353 0
      vertex -54.8637 -40.0353 10
    endloop
  endfacet
  facet normal -0.896898 -0.442238 0
    outer loop
      vertex -54.4641 -41 0
      vertex -54.6955 -40.5307 10
      vertex -54.6955 -40.5307 0
    endloop
  endfacet
  facet normal -0.896898 -0.442238 0
    outer loop
      vertex -54.6955 -40.5307 10
      vertex -54.4641 -41 0
      vertex -54.4641 -41 10
    endloop
  endfacet
  facet normal -0.751842 -0.659343 0
    outer loop
      vertex -53.8284 -41.8284 0
      vertex -54.1734 -41.435 10
      vertex -54.1734 -41.435 0
    endloop
  endfacet
  facet normal -0.751842 -0.659343 0
    outer loop
      vertex -54.1734 -41.435 10
      vertex -53.8284 -41.8284 0
      vertex -53.8284 -41.8284 10
    endloop
  endfacet
  facet normal 0.94691 -0.321498 0
    outer loop
      vertex 54.6955 -40.5307 10
      vertex 54.8637 -40.0353 0
      vertex 54.8637 -40.0353 10
    endloop
  endfacet
  facet normal 0.94691 -0.321498 0
    outer loop
      vertex 54.8637 -40.0353 0
      vertex 54.6955 -40.5307 10
      vertex 54.6955 -40.5307 0
    endloop
  endfacet
  facet normal -0.065485 0.997854 0
    outer loop
      vertex 51.3459 -41.6273 0
      vertex 51 -41.65 2.2
      vertex 51.3459 -41.6273 2.2
    endloop
  endfacet
  facet normal -0.065485 0.997854 0
    outer loop
      vertex 51 -41.65 2.2
      vertex 51.3459 -41.6273 0
      vertex 51 -41.65 0
    endloop
  endfacet
  facet normal -0.195007 0.980802 0
    outer loop
      vertex 51.6859 -41.5597 0
      vertex 51.3459 -41.6273 2.2
      vertex 51.6859 -41.5597 2.2
    endloop
  endfacet
  facet normal -0.195007 0.980802 0
    outer loop
      vertex 51.3459 -41.6273 2.2
      vertex 51.6859 -41.5597 0
      vertex 51.3459 -41.6273 0
    endloop
  endfacet
  facet normal 0 0 -1
    outer loop
      vertex -52.3212 6.46716 2.2
      vertex -51.75 39 2.2
      vertex -51.75 6.18546 2.2
    endloop
  endfacet
  facet normal 0 0 -1
    outer loop
      vertex -53.1883 6.76148 2.2
      vertex -51.75 39 2.2
      vertex -52.3212 6.46716 2.2
    endloop
  endfacet
  facet normal 0 -0 -1
    outer loop
      vertex -53.6273 39.3459 2.2
      vertex -51.75 39 2.2
      vertex -53.65 39 2.2
    endloop
  endfacet
  facet normal 0 0 -1
    outer loop
      vertex -51.75 39 2.2
      vertex -52.325 41.295 2.2
      vertex -52.0141 41.4483 2.2
    endloop
  endfacet
  facet normal 0 0 -1
    outer loop
      vertex -51.75 39 2.2
      vertex -52.6132 41.1024 2.2
      vertex -52.325 41.295 2.2
    endloop
  endfacet
  facet normal 0 0 -1
    outer loop
      vertex -51.75 39 2.2
      vertex -52.8738 40.8738 2.2
      vertex -52.6132 41.1024 2.2
    endloop
  endfacet
  facet normal 0 0 -1
    outer loop
      vertex -53.65 6.85332 2.2
      vertex -51.75 39 2.2
      vertex -53.1883 6.76148 2.2
    endloop
  endfacet
  facet normal 0 0 -1
    outer loop
      vertex -51.75 39 2.2
      vertex -53.1024 40.6132 2.2
      vertex -52.8738 40.8738 2.2
    endloop
  endfacet
  facet normal 0 0 -1
    outer loop
      vertex -51.75 39 2.2
      vertex -53.295 40.325 2.2
      vertex -53.1024 40.6132 2.2
    endloop
  endfacet
  facet normal 0 0 -1
    outer loop
      vertex -51.75 39 2.2
      vertex -53.4483 40.0141 2.2
      vertex -53.295 40.325 2.2
    endloop
  endfacet
  facet normal 0 0 -1
    outer loop
      vertex -51.75 39 2.2
      vertex -53.5597 39.6859 2.2
      vertex -53.4483 40.0141 2.2
    endloop
  endfacet
  facet normal -0 0 -1
    outer loop
      vertex -51.75 39 2.2
      vertex -53.65 6.85332 2.2
      vertex -53.65 39 2.2
    endloop
  endfacet
  facet normal 0 0 -1
    outer loop
      vertex -51.75 39 2.2
      vertex -53.6273 39.3459 2.2
      vertex -53.5597 39.6859 2.2
    endloop
  endfacet
  facet normal 0 0 -1
    outer loop
      vertex 51.75 -39 2.2
      vertex 53.65 -39 2.2
      vertex 53.6273 -39.3459 2.2
    endloop
  endfacet
  facet normal 0 0 -1
    outer loop
      vertex 53.65 -39 2.2
      vertex 51.75 -39 2.2
      vertex 53.65 39 2.2
    endloop
  endfacet
  facet normal 0 0 -1
    outer loop
      vertex 51.7436 -39.0979 2.2
      vertex 53.6273 -39.3459 2.2
      vertex 53.5597 -39.6859 2.2
    endloop
  endfacet
  facet normal 0 0 -1
    outer loop
      vertex 51.75 39 2.2
      vertex 53.65 39 2.2
      vertex 51.75 -39 2.2
    endloop
  endfacet
  facet normal 0 0 -1
    outer loop
      vertex 51.7244 -39.1941 2.2
      vertex 53.5597 -39.6859 2.2
      vertex 53.4483 -40.0141 2.2
    endloop
  endfacet
  facet normal 0 0 -1
    outer loop
      vertex 53.65 39 2.2
      vertex 51.75 39 2.2
      vertex 53.6273 39.3459 2.2
    endloop
  endfacet
  facet normal 0 0 -1
    outer loop
      vertex 51.6929 -39.287 2.2
      vertex 53.4483 -40.0141 2.2
      vertex 53.295 -40.325 2.2
    endloop
  endfacet
  facet normal 0 0 -1
    outer loop
      vertex 51.7436 39.0979 2.2
      vertex 53.6273 39.3459 2.2
      vertex 51.75 39 2.2
    endloop
  endfacet
  facet normal 0 0 -1
    outer loop
      vertex 51.6495 -39.375 2.2
      vertex 53.295 -40.325 2.2
      vertex 53.1024 -40.6132 2.2
    endloop
  endfacet
  facet normal -0 0 -1
    outer loop
      vertex 53.6273 39.3459 2.2
      vertex 51.7436 39.0979 2.2
      vertex 53.5597 39.6859 2.2
    endloop
  endfacet
  facet normal 0 0 -1
    outer loop
      vertex 51.595 -39.4566 2.2
      vertex 53.1024 -40.6132 2.2
      vertex 52.8738 -40.8738 2.2
    endloop
  endfacet
  facet normal 0 0 -1
    outer loop
      vertex 51.7244 39.1941 2.2
      vertex 53.5597 39.6859 2.2
      vertex 51.7436 39.0979 2.2
    endloop
  endfacet
  facet normal 0 0 -1
    outer loop
      vertex 51.5303 -39.5303 2.2
      vertex 52.8738 -40.8738 2.2
      vertex 52.6132 -41.1024 2.2
    endloop
  endfacet
  facet normal -0 0 -1
    outer loop
      vertex 53.5597 39.6859 2.2
      vertex 51.7244 39.1941 2.2
      vertex 53.4483 40.0141 2.2
    endloop
  endfacet
  facet normal 0 0 -1
    outer loop
      vertex 51.4566 -39.595 2.2
      vertex 52.6132 -41.1024 2.2
      vertex 52.325 -41.295 2.2
    endloop
  endfacet
  facet normal 0 0 -1
    outer loop
      vertex 51.6929 39.287 2.2
      vertex 53.4483 40.0141 2.2
      vertex 51.7244 39.1941 2.2
    endloop
  endfacet
  facet normal 0 0 -1
    outer loop
      vertex 51.375 -39.6495 2.2
      vertex 52.325 -41.295 2.2
      vertex 52.0141 -41.4483 2.2
    endloop
  endfacet
  facet normal -0 0 -1
    outer loop
      vertex 53.4483 40.0141 2.2
      vertex 51.6929 39.287 2.2
      vertex 53.295 40.325 2.2
    endloop
  endfacet
  facet normal 0 0 -1
    outer loop
      vertex 51.6495 39.375 2.2
      vertex 53.295 40.325 2.2
      vertex 51.6929 39.287 2.2
    endloop
  endfacet
  facet normal 0 0 -1
    outer loop
      vertex 53.6273 -39.3459 2.2
      vertex 51.7436 -39.0979 2.2
      vertex 51.75 -39 2.2
    endloop
  endfacet
  facet normal 0 0 -1
    outer loop
      vertex 53.5597 -39.6859 2.2
      vertex 51.7244 -39.1941 2.2
      vertex 51.7436 -39.0979 2.2
    endloop
  endfacet
  facet normal 0 0 -1
    outer loop
      vertex 53.4483 -40.0141 2.2
      vertex 51.6929 -39.287 2.2
      vertex 51.7244 -39.1941 2.2
    endloop
  endfacet
  facet normal 0 0 -1
    outer loop
      vertex 51.287 -39.6929 2.2
      vertex 52.0141 -41.4483 2.2
      vertex 51.6859 -41.5597 2.2
    endloop
  endfacet
  facet normal 0 0 -1
    outer loop
      vertex 53.295 -40.325 2.2
      vertex 51.6495 -39.375 2.2
      vertex 51.6929 -39.287 2.2
    endloop
  endfacet
  facet normal 0 0 -1
    outer loop
      vertex 53.1024 -40.6132 2.2
      vertex 51.595 -39.4566 2.2
      vertex 51.6495 -39.375 2.2
    endloop
  endfacet
  facet normal 0 0 -1
    outer loop
      vertex 52.8738 -40.8738 2.2
      vertex 51.5303 -39.5303 2.2
      vertex 51.595 -39.4566 2.2
    endloop
  endfacet
  facet normal 0 0 -1
    outer loop
      vertex 52.6132 -41.1024 2.2
      vertex 51.4566 -39.595 2.2
      vertex 51.5303 -39.5303 2.2
    endloop
  endfacet
  facet normal 0 0 -1
    outer loop
      vertex 52.325 -41.295 2.2
      vertex 51.375 -39.6495 2.2
      vertex 51.4566 -39.595 2.2
    endloop
  endfacet
  facet normal 0 0 -1
    outer loop
      vertex 51.1941 -39.7244 2.2
      vertex 51.6859 -41.5597 2.2
      vertex 51.3459 -41.6273 2.2
    endloop
  endfacet
  facet normal 0 0 -1
    outer loop
      vertex 52.0141 -41.4483 2.2
      vertex 51.287 -39.6929 2.2
      vertex 51.375 -39.6495 2.2
    endloop
  endfacet
  facet normal 0 0 -1
    outer loop
      vertex 51.6859 -41.5597 2.2
      vertex 51.1941 -39.7244 2.2
      vertex 51.287 -39.6929 2.2
    endloop
  endfacet
  facet normal 0 0 -1
    outer loop
      vertex 51.3459 -41.6273 2.2
      vertex 51.0979 -39.7436 2.2
      vertex 51.1941 -39.7244 2.2
    endloop
  endfacet
  facet normal 0 0 -1
    outer loop
      vertex 51 -41.65 2.2
      vertex 51.0979 -39.7436 2.2
      vertex 51.3459 -41.6273 2.2
    endloop
  endfacet
  facet normal 0 0 -1
    outer loop
      vertex 51 -41.65 2.2
      vertex 51 -39.75 2.2
      vertex 51.0979 -39.7436 2.2
    endloop
  endfacet
  facet normal 0 0 -1
    outer loop
      vertex -51 -41.65 2.2
      vertex 51 -39.75 2.2
      vertex 51 -41.65 2.2
    endloop
  endfacet
  facet normal 0 0 -1
    outer loop
      vertex -51 -41.65 2.2
      vertex -51 -39.75 2.2
      vertex 51 -39.75 2.2
    endloop
  endfacet
  facet normal 0 0 -1
    outer loop
      vertex -51 -41.65 2.2
      vertex -51.0979 -39.7436 2.2
      vertex -51 -39.75 2.2
    endloop
  endfacet
  facet normal 0 0 -1
    outer loop
      vertex -51.3459 -41.6273 2.2
      vertex -51.0979 -39.7436 2.2
      vertex -51 -41.65 2.2
    endloop
  endfacet
  facet normal -0 0 -1
    outer loop
      vertex -51.0979 -39.7436 2.2
      vertex -51.3459 -41.6273 2.2
      vertex -51.1941 -39.7244 2.2
    endloop
  endfacet
  facet normal 0 0 -1
    outer loop
      vertex -51.6859 -41.5597 2.2
      vertex -51.1941 -39.7244 2.2
      vertex -51.3459 -41.6273 2.2
    endloop
  endfacet
  facet normal -0 0 -1
    outer loop
      vertex -51.1941 -39.7244 2.2
      vertex -51.6859 -41.5597 2.2
      vertex -51.287 -39.6929 2.2
    endloop
  endfacet
  facet normal 0 0 -1
    outer loop
      vertex -52.0141 -41.4483 2.2
      vertex -51.287 -39.6929 2.2
      vertex -51.6859 -41.5597 2.2
    endloop
  endfacet
  facet normal -0 0 -1
    outer loop
      vertex -51.287 -39.6929 2.2
      vertex -52.0141 -41.4483 2.2
      vertex -51.375 -39.6495 2.2
    endloop
  endfacet
  facet normal 0 0 -1
    outer loop
      vertex -52.325 -41.295 2.2
      vertex -51.375 -39.6495 2.2
      vertex -52.0141 -41.4483 2.2
    endloop
  endfacet
  facet normal -0 0 -1
    outer loop
      vertex -51.375 -39.6495 2.2
      vertex -52.325 -41.295 2.2
      vertex -51.4566 -39.595 2.2
    endloop
  endfacet
  facet normal 0 0 -1
    outer loop
      vertex -52.6132 -41.1024 2.2
      vertex -51.4566 -39.595 2.2
      vertex -52.325 -41.295 2.2
    endloop
  endfacet
  facet normal -0 0 -1
    outer loop
      vertex -51.4566 -39.595 2.2
      vertex -52.6132 -41.1024 2.2
      vertex -51.5303 -39.5303 2.2
    endloop
  endfacet
  facet normal 0 0 -1
    outer loop
      vertex -52.8738 -40.8738 2.2
      vertex -51.5303 -39.5303 2.2
      vertex -52.6132 -41.1024 2.2
    endloop
  endfacet
  facet normal -0 0 -1
    outer loop
      vertex -51.5303 -39.5303 2.2
      vertex -52.8738 -40.8738 2.2
      vertex -51.595 -39.4566 2.2
    endloop
  endfacet
  facet normal 0 0 -1
    outer loop
      vertex -53.1024 -40.6132 2.2
      vertex -51.595 -39.4566 2.2
      vertex -52.8738 -40.8738 2.2
    endloop
  endfacet
  facet normal -0 0 -1
    outer loop
      vertex -51.595 -39.4566 2.2
      vertex -53.1024 -40.6132 2.2
      vertex -51.6495 -39.375 2.2
    endloop
  endfacet
  facet normal 0 0 -1
    outer loop
      vertex -53.295 -40.325 2.2
      vertex -51.6495 -39.375 2.2
      vertex -53.1024 -40.6132 2.2
    endloop
  endfacet
  facet normal 0 0 -1
    outer loop
      vertex -53.65 -6.85332 2.2
      vertex -51.75 -39 2.2
      vertex -53.65 -39 2.2
    endloop
  endfacet
  facet normal -0 0 -1
    outer loop
      vertex -51.6495 -39.375 2.2
      vertex -53.295 -40.325 2.2
      vertex -51.6929 -39.287 2.2
    endloop
  endfacet
  facet normal 0 0 -1
    outer loop
      vertex -53.4483 -40.0141 2.2
      vertex -51.6929 -39.287 2.2
      vertex -53.295 -40.325 2.2
    endloop
  endfacet
  facet normal -0 0 -1
    outer loop
      vertex -51.6929 -39.287 2.2
      vertex -53.4483 -40.0141 2.2
      vertex -51.7244 -39.1941 2.2
    endloop
  endfacet
  facet normal 0 0 -1
    outer loop
      vertex -53.5597 -39.6859 2.2
      vertex -51.7244 -39.1941 2.2
      vertex -53.4483 -40.0141 2.2
    endloop
  endfacet
  facet normal 0 0 -1
    outer loop
      vertex -51.75 -39 2.2
      vertex -52.3212 -6.46716 2.2
      vertex -51.75 -6.18546 2.2
    endloop
  endfacet
  facet normal -0 0 -1
    outer loop
      vertex -51.7244 -39.1941 2.2
      vertex -53.5597 -39.6859 2.2
      vertex -51.7436 -39.0979 2.2
    endloop
  endfacet
  facet normal 0 0 -1
    outer loop
      vertex -53.6273 -39.3459 2.2
      vertex -51.7436 -39.0979 2.2
      vertex -53.5597 -39.6859 2.2
    endloop
  endfacet
  facet normal -0 0 -1
    outer loop
      vertex -51.7436 -39.0979 2.2
      vertex -53.6273 -39.3459 2.2
      vertex -51.75 -39 2.2
    endloop
  endfacet
  facet normal -0 0 -1
    outer loop
      vertex -51.75 -39 2.2
      vertex -53.6273 -39.3459 2.2
      vertex -53.65 -39 2.2
    endloop
  endfacet
  facet normal 0 0 -1
    outer loop
      vertex -51.75 -39 2.2
      vertex -53.1883 -6.76148 2.2
      vertex -52.3212 -6.46716 2.2
    endloop
  endfacet
  facet normal 0 0 -1
    outer loop
      vertex -51.75 -39 2.2
      vertex -53.65 -6.85332 2.2
      vertex -53.1883 -6.76148 2.2
    endloop
  endfacet
  facet normal -0 0 -1
    outer loop
      vertex 53.295 40.325 2.2
      vertex 51.6495 39.375 2.2
      vertex 53.1024 40.6132 2.2
    endloop
  endfacet
  facet normal 0 0 -1
    outer loop
      vertex 51.595 39.4566 2.2
      vertex 53.1024 40.6132 2.2
      vertex 51.6495 39.375 2.2
    endloop
  endfacet
  facet normal -0 0 -1
    outer loop
      vertex 53.1024 40.6132 2.2
      vertex 51.595 39.4566 2.2
      vertex 52.8738 40.8738 2.2
    endloop
  endfacet
  facet normal 0 0 -1
    outer loop
      vertex 51.5303 39.5303 2.2
      vertex 52.8738 40.8738 2.2
      vertex 51.595 39.4566 2.2
    endloop
  endfacet
  facet normal -0 0 -1
    outer loop
      vertex 52.8738 40.8738 2.2
      vertex 51.5303 39.5303 2.2
      vertex 52.6132 41.1024 2.2
    endloop
  endfacet
  facet normal 0 0 -1
    outer loop
      vertex 51.4566 39.595 2.2
      vertex 52.6132 41.1024 2.2
      vertex 51.5303 39.5303 2.2
    endloop
  endfacet
  facet normal -0 0 -1
    outer loop
      vertex 52.6132 41.1024 2.2
      vertex 51.4566 39.595 2.2
      vertex 52.325 41.295 2.2
    endloop
  endfacet
  facet normal 0 0 -1
    outer loop
      vertex 51.375 39.6495 2.2
      vertex 52.325 41.295 2.2
      vertex 51.4566 39.595 2.2
    endloop
  endfacet
  facet normal -0 0 -1
    outer loop
      vertex 52.325 41.295 2.2
      vertex 51.375 39.6495 2.2
      vertex 52.0141 41.4483 2.2
    endloop
  endfacet
  facet normal 0 0 -1
    outer loop
      vertex 51.287 39.6929 2.2
      vertex 52.0141 41.4483 2.2
      vertex 51.375 39.6495 2.2
    endloop
  endfacet
  facet normal -0 0 -1
    outer loop
      vertex 52.0141 41.4483 2.2
      vertex 51.287 39.6929 2.2
      vertex 51.6859 41.5597 2.2
    endloop
  endfacet
  facet normal 0 0 -1
    outer loop
      vertex 51.1941 39.7244 2.2
      vertex 51.6859 41.5597 2.2
      vertex 51.287 39.6929 2.2
    endloop
  endfacet
  facet normal -0 0 -1
    outer loop
      vertex 51.6859 41.5597 2.2
      vertex 51.1941 39.7244 2.2
      vertex 51.3459 41.6273 2.2
    endloop
  endfacet
  facet normal 0 0 -1
    outer loop
      vertex 51.0979 39.7436 2.2
      vertex 51.3459 41.6273 2.2
      vertex 51.1941 39.7244 2.2
    endloop
  endfacet
  facet normal 0 0 -1
    outer loop
      vertex 51 39.75 2.2
      vertex 51.3459 41.6273 2.2
      vertex 51.0979 39.7436 2.2
    endloop
  endfacet
  facet normal 0 0 -1
    outer loop
      vertex 51 39.75 2.2
      vertex 51 41.65 2.2
      vertex 51.3459 41.6273 2.2
    endloop
  endfacet
  facet normal 0 0 -1
    outer loop
      vertex -51 39.75 2.2
      vertex 51 41.65 2.2
      vertex 51 39.75 2.2
    endloop
  endfacet
  facet normal 0 0 -1
    outer loop
      vertex -51 39.75 2.2
      vertex -51 41.65 2.2
      vertex 51 41.65 2.2
    endloop
  endfacet
  facet normal 0 0 -1
    outer loop
      vertex -51.0979 39.7436 2.2
      vertex -51 41.65 2.2
      vertex -51 39.75 2.2
    endloop
  endfacet
  facet normal 0 0 -1
    outer loop
      vertex -51.3459 41.6273 2.2
      vertex -51.0979 39.7436 2.2
      vertex -51.1941 39.7244 2.2
    endloop
  endfacet
  facet normal 0 0 -1
    outer loop
      vertex -51.6859 41.5597 2.2
      vertex -51.1941 39.7244 2.2
      vertex -51.287 39.6929 2.2
    endloop
  endfacet
  facet normal 0 0 -1
    outer loop
      vertex -51.0979 39.7436 2.2
      vertex -51.3459 41.6273 2.2
      vertex -51 41.65 2.2
    endloop
  endfacet
  facet normal 0 0 -1
    outer loop
      vertex -52.0141 41.4483 2.2
      vertex -51.287 39.6929 2.2
      vertex -51.375 39.6495 2.2
    endloop
  endfacet
  facet normal 0 0 -1
    outer loop
      vertex -52.0141 41.4483 2.2
      vertex -51.375 39.6495 2.2
      vertex -51.4566 39.595 2.2
    endloop
  endfacet
  facet normal 0 0 -1
    outer loop
      vertex -52.0141 41.4483 2.2
      vertex -51.4566 39.595 2.2
      vertex -51.5303 39.5303 2.2
    endloop
  endfacet
  facet normal 0 0 -1
    outer loop
      vertex -52.0141 41.4483 2.2
      vertex -51.5303 39.5303 2.2
      vertex -51.595 39.4566 2.2
    endloop
  endfacet
  facet normal 0 0 -1
    outer loop
      vertex -52.0141 41.4483 2.2
      vertex -51.595 39.4566 2.2
      vertex -51.6495 39.375 2.2
    endloop
  endfacet
  facet normal 0 0 -1
    outer loop
      vertex -51.1941 39.7244 2.2
      vertex -51.6859 41.5597 2.2
      vertex -51.3459 41.6273 2.2
    endloop
  endfacet
  facet normal 0 0 -1
    outer loop
      vertex -52.0141 41.4483 2.2
      vertex -51.6495 39.375 2.2
      vertex -51.6929 39.287 2.2
    endloop
  endfacet
  facet normal 0 0 -1
    outer loop
      vertex -52.0141 41.4483 2.2
      vertex -51.6929 39.287 2.2
      vertex -51.7244 39.1941 2.2
    endloop
  endfacet
  facet normal 0 0 -1
    outer loop
      vertex -52.0141 41.4483 2.2
      vertex -51.7244 39.1941 2.2
      vertex -51.7436 39.0979 2.2
    endloop
  endfacet
  facet normal 0 0 -1
    outer loop
      vertex -52.0141 41.4483 2.2
      vertex -51.7436 39.0979 2.2
      vertex -51.75 39 2.2
    endloop
  endfacet
  facet normal 0 0 -1
    outer loop
      vertex -51.287 39.6929 2.2
      vertex -52.0141 41.4483 2.2
      vertex -51.6859 41.5597 2.2
    endloop
  endfacet
  facet normal 0.065485 -0.997854 0
    outer loop
      vertex -51.3459 41.6273 0
      vertex -51 41.65 2.2
      vertex -51.3459 41.6273 2.2
    endloop
  endfacet
  facet normal 0.065485 -0.997854 0
    outer loop
      vertex -51 41.65 2.2
      vertex -51.3459 41.6273 0
      vertex -51 41.65 0
    endloop
  endfacet
  facet normal 0.555632 0.831428 -0
    outer loop
      vertex -52.325 -41.295 0
      vertex -52.6132 -41.1024 2.2
      vertex -52.325 -41.295 2.2
    endloop
  endfacet
  facet normal 0.555632 0.831428 0
    outer loop
      vertex -52.6132 -41.1024 2.2
      vertex -52.325 -41.295 0
      vertex -52.6132 -41.1024 0
    endloop
  endfacet
  facet normal -0.065485 -0.997854 0
    outer loop
      vertex 51 41.65 0
      vertex 51.3459 41.6273 2.2
      vertex 51 41.65 2.2
    endloop
  endfacet
  facet normal -0.065485 -0.997854 -0
    outer loop
      vertex 51.3459 41.6273 2.2
      vertex 51 41.65 0
      vertex 51.3459 41.6273 0
    endloop
  endfacet
  facet normal 0.659444 0.751754 -0
    outer loop
      vertex -52.6132 -41.1024 0
      vertex -52.8738 -40.8738 2.2
      vertex -52.6132 -41.1024 2.2
    endloop
  endfacet
  facet normal 0.659444 0.751754 0
    outer loop
      vertex -52.8738 -40.8738 2.2
      vertex -52.6132 -41.1024 0
      vertex -52.8738 -40.8738 0
    endloop
  endfacet
  facet normal 0 1 -0
    outer loop
      vertex 51 -41.65 0
      vertex -51 -41.65 2.2
      vertex 51 -41.65 2.2
    endloop
  endfacet
  facet normal 0 1 0
    outer loop
      vertex -51 -41.65 2.2
      vertex 51 -41.65 0
      vertex -51 -41.65 0
    endloop
  endfacet
  facet normal 0 -1 0
    outer loop
      vertex -51 41.65 0
      vertex 51 41.65 2.2
      vertex -51 41.65 2.2
    endloop
  endfacet
  facet normal 0 -1 -0
    outer loop
      vertex 51 41.65 2.2
      vertex -51 41.65 0
      vertex 51 41.65 0
    endloop
  endfacet
  facet normal 0.997854 0.065485 0
    outer loop
      vertex -53.6273 -39.3459 2.2
      vertex -53.65 -39 0
      vertex -53.65 -39 2.2
    endloop
  endfacet
  facet normal 0.997854 0.065485 0
    outer loop
      vertex -53.65 -39 0
      vertex -53.6273 -39.3459 2.2
      vertex -53.6273 -39.3459 0
    endloop
  endfacet
  facet normal 1 0 0
    outer loop
      vertex -53.65 -6.85332 2.2
      vertex -53.65 -39 2.2
      vertex -53.65 -6.85332 1.2
    endloop
  endfacet
  facet normal 1 0 0
    outer loop
      vertex -53.65 6.85332 1.2
      vertex -53.65 39 2.2
      vertex -53.65 6.85332 2.2
    endloop
  endfacet
  facet normal 1 0 0
    outer loop
      vertex -53.65 39 2.2
      vertex -53.65 6.85332 1.2
      vertex -53.65 39 0
    endloop
  endfacet
  facet normal 1 -0 0
    outer loop
      vertex -53.65 -6.85332 1.2
      vertex -53.65 39 0
      vertex -53.65 6.85332 1.2
    endloop
  endfacet
  facet normal 1 0 0
    outer loop
      vertex -53.65 -6.85332 1.2
      vertex -53.65 -39 0
      vertex -53.65 39 0
    endloop
  endfacet
  facet normal 1 0 0
    outer loop
      vertex -53.65 -39 0
      vertex -53.65 -6.85332 1.2
      vertex -53.65 -39 2.2
    endloop
  endfacet
  facet normal 0.321416 0.946938 -0
    outer loop
      vertex -51.6859 -41.5597 0
      vertex -52.0141 -41.4483 2.2
      vertex -51.6859 -41.5597 2.2
    endloop
  endfacet
  facet normal 0.321416 0.946938 0
    outer loop
      vertex -52.0141 -41.4483 2.2
      vertex -51.6859 -41.5597 0
      vertex -52.0141 -41.4483 0
    endloop
  endfacet
  facet normal -1 0 0
    outer loop
      vertex 53.65 -39 0
      vertex 53.65 39 2.2
      vertex 53.65 39 0
    endloop
  endfacet
  facet normal -1 -0 0
    outer loop
      vertex 53.65 39 2.2
      vertex 53.65 -39 0
      vertex 53.65 -39 2.2
    endloop
  endfacet
  facet normal -0.659444 -0.751754 0
    outer loop
      vertex 52.6132 41.1024 0
      vertex 52.8738 40.8738 2.2
      vertex 52.6132 41.1024 2.2
    endloop
  endfacet
  facet normal -0.659444 -0.751754 -0
    outer loop
      vertex 52.8738 40.8738 2.2
      vertex 52.6132 41.1024 0
      vertex 52.8738 40.8738 0
    endloop
  endfacet
  facet normal -0.751754 0.659444 0
    outer loop
      vertex 52.8738 -40.8738 0
      vertex 53.1024 -40.6132 2.2
      vertex 53.1024 -40.6132 0
    endloop
  endfacet
  facet normal -0.751754 0.659444 0
    outer loop
      vertex 53.1024 -40.6132 2.2
      vertex 52.8738 -40.8738 0
      vertex 52.8738 -40.8738 2.2
    endloop
  endfacet
  facet normal 0.997854 -0.065485 0
    outer loop
      vertex -53.65 39 2.2
      vertex -53.6273 39.3459 0
      vertex -53.6273 39.3459 2.2
    endloop
  endfacet
  facet normal 0.997854 -0.065485 0
    outer loop
      vertex -53.6273 39.3459 0
      vertex -53.65 39 2.2
      vertex -53.65 39 0
    endloop
  endfacet
  facet normal 0.065485 0.997854 -0
    outer loop
      vertex -51 -41.65 0
      vertex -51.3459 -41.6273 2.2
      vertex -51 -41.65 2.2
    endloop
  endfacet
  facet normal 0.065485 0.997854 0
    outer loop
      vertex -51.3459 -41.6273 2.2
      vertex -51 -41.65 0
      vertex -51.3459 -41.6273 0
    endloop
  endfacet
  facet normal -0.321416 0.946938 0
    outer loop
      vertex 52.0141 -41.4483 0
      vertex 51.6859 -41.5597 2.2
      vertex 52.0141 -41.4483 2.2
    endloop
  endfacet
  facet normal -0.321416 0.946938 0
    outer loop
      vertex 51.6859 -41.5597 2.2
      vertex 52.0141 -41.4483 0
      vertex 51.6859 -41.5597 0
    endloop
  endfacet
  facet normal -0.195007 -0.980802 0
    outer loop
      vertex 51.3459 41.6273 0
      vertex 51.6859 41.5597 2.2
      vertex 51.3459 41.6273 2.2
    endloop
  endfacet
  facet normal -0.195007 -0.980802 -0
    outer loop
      vertex 51.6859 41.5597 2.2
      vertex 51.3459 41.6273 0
      vertex 51.6859 41.5597 0
    endloop
  endfacet
  facet normal -0.442245 -0.896894 0
    outer loop
      vertex 52.0141 41.4483 0
      vertex 52.325 41.295 2.2
      vertex 52.0141 41.4483 2.2
    endloop
  endfacet
  facet normal -0.442245 -0.896894 -0
    outer loop
      vertex 52.325 41.295 2.2
      vertex 52.0141 41.4483 0
      vertex 52.325 41.295 0
    endloop
  endfacet
  facet normal -0.555632 -0.831428 0
    outer loop
      vertex 52.325 41.295 0
      vertex 52.6132 41.1024 2.2
      vertex 52.325 41.295 2.2
    endloop
  endfacet
  facet normal -0.555632 -0.831428 -0
    outer loop
      vertex 52.6132 41.1024 2.2
      vertex 52.325 41.295 0
      vertex 52.6132 41.1024 0
    endloop
  endfacet
  facet normal 0.555632 -0.831428 0
    outer loop
      vertex -52.6132 41.1024 0
      vertex -52.325 41.295 2.2
      vertex -52.6132 41.1024 2.2
    endloop
  endfacet
  facet normal 0.555632 -0.831428 0
    outer loop
      vertex -52.325 41.295 2.2
      vertex -52.6132 41.1024 0
      vertex -52.325 41.295 0
    endloop
  endfacet
  facet normal 0.980802 -0.195007 0
    outer loop
      vertex -53.6273 39.3459 2.2
      vertex -53.5597 39.6859 0
      vertex -53.5597 39.6859 2.2
    endloop
  endfacet
  facet normal 0.980802 -0.195007 0
    outer loop
      vertex -53.5597 39.6859 0
      vertex -53.6273 39.3459 2.2
      vertex -53.6273 39.3459 0
    endloop
  endfacet
  facet normal 0.442245 0.896894 -0
    outer loop
      vertex -52.0141 -41.4483 0
      vertex -52.325 -41.295 2.2
      vertex -52.0141 -41.4483 2.2
    endloop
  endfacet
  facet normal 0.442245 0.896894 0
    outer loop
      vertex -52.325 -41.295 2.2
      vertex -52.0141 -41.4483 0
      vertex -52.325 -41.295 0
    endloop
  endfacet
  facet normal 0.751754 0.659444 0
    outer loop
      vertex -52.8738 -40.8738 2.2
      vertex -53.1024 -40.6132 0
      vertex -53.1024 -40.6132 2.2
    endloop
  endfacet
  facet normal 0.751754 0.659444 0
    outer loop
      vertex -53.1024 -40.6132 0
      vertex -52.8738 -40.8738 2.2
      vertex -52.8738 -40.8738 0
    endloop
  endfacet
  facet normal 0.195007 0.980802 -0
    outer loop
      vertex -51.3459 -41.6273 0
      vertex -51.6859 -41.5597 2.2
      vertex -51.3459 -41.6273 2.2
    endloop
  endfacet
  facet normal 0.195007 0.980802 0
    outer loop
      vertex -51.6859 -41.5597 2.2
      vertex -51.3459 -41.6273 0
      vertex -51.6859 -41.5597 0
    endloop
  endfacet
  facet normal -0.946938 -0.321416 0
    outer loop
      vertex 53.5597 39.6859 0
      vertex 53.4483 40.0141 2.2
      vertex 53.4483 40.0141 0
    endloop
  endfacet
  facet normal -0.946938 -0.321416 0
    outer loop
      vertex 53.4483 40.0141 2.2
      vertex 53.5597 39.6859 0
      vertex 53.5597 39.6859 2.2
    endloop
  endfacet
  facet normal -0.442245 0.896894 0
    outer loop
      vertex 52.325 -41.295 0
      vertex 52.0141 -41.4483 2.2
      vertex 52.325 -41.295 2.2
    endloop
  endfacet
  facet normal -0.442245 0.896894 0
    outer loop
      vertex 52.0141 -41.4483 2.2
      vertex 52.325 -41.295 0
      vertex 52.0141 -41.4483 0
    endloop
  endfacet
  facet normal -0.321416 -0.946938 0
    outer loop
      vertex 51.6859 41.5597 0
      vertex 52.0141 41.4483 2.2
      vertex 51.6859 41.5597 2.2
    endloop
  endfacet
  facet normal -0.321416 -0.946938 -0
    outer loop
      vertex 52.0141 41.4483 2.2
      vertex 51.6859 41.5597 0
      vertex 52.0141 41.4483 0
    endloop
  endfacet
  facet normal 0.946938 -0.321416 0
    outer loop
      vertex -53.5597 39.6859 2.2
      vertex -53.4483 40.0141 0
      vertex -53.4483 40.0141 2.2
    endloop
  endfacet
  facet normal 0.946938 -0.321416 0
    outer loop
      vertex -53.4483 40.0141 0
      vertex -53.5597 39.6859 2.2
      vertex -53.5597 39.6859 0
    endloop
  endfacet
  facet normal 0.896894 0.442245 0
    outer loop
      vertex -53.295 -40.325 2.2
      vertex -53.4483 -40.0141 0
      vertex -53.4483 -40.0141 2.2
    endloop
  endfacet
  facet normal 0.896894 0.442245 0
    outer loop
      vertex -53.4483 -40.0141 0
      vertex -53.295 -40.325 2.2
      vertex -53.295 -40.325 0
    endloop
  endfacet
  facet normal 0.980802 0.195007 0
    outer loop
      vertex -53.5597 -39.6859 2.2
      vertex -53.6273 -39.3459 0
      vertex -53.6273 -39.3459 2.2
    endloop
  endfacet
  facet normal 0.980802 0.195007 0
    outer loop
      vertex -53.6273 -39.3459 0
      vertex -53.5597 -39.6859 2.2
      vertex -53.5597 -39.6859 0
    endloop
  endfacet
  facet normal -0.997854 -0.065485 0
    outer loop
      vertex 53.65 39 0
      vertex 53.6273 39.3459 2.2
      vertex 53.6273 39.3459 0
    endloop
  endfacet
  facet normal -0.997854 -0.065485 0
    outer loop
      vertex 53.6273 39.3459 2.2
      vertex 53.65 39 0
      vertex 53.65 39 2.2
    endloop
  endfacet
  facet normal -0.997854 0.065485 0
    outer loop
      vertex 53.6273 -39.3459 0
      vertex 53.65 -39 2.2
      vertex 53.65 -39 0
    endloop
  endfacet
  facet normal -0.997854 0.065485 0
    outer loop
      vertex 53.65 -39 2.2
      vertex 53.6273 -39.3459 0
      vertex 53.6273 -39.3459 2.2
    endloop
  endfacet
  facet normal -0.659444 0.751754 0
    outer loop
      vertex 52.8738 -40.8738 0
      vertex 52.6132 -41.1024 2.2
      vertex 52.8738 -40.8738 2.2
    endloop
  endfacet
  facet normal -0.659444 0.751754 0
    outer loop
      vertex 52.6132 -41.1024 2.2
      vertex 52.8738 -40.8738 0
      vertex 52.6132 -41.1024 0
    endloop
  endfacet
  facet normal -0.555632 0.831428 0
    outer loop
      vertex 52.6132 -41.1024 0
      vertex 52.325 -41.295 2.2
      vertex 52.6132 -41.1024 2.2
    endloop
  endfacet
  facet normal -0.555632 0.831428 0
    outer loop
      vertex 52.325 -41.295 2.2
      vertex 52.6132 -41.1024 0
      vertex 52.325 -41.295 0
    endloop
  endfacet
  facet normal 0.442245 -0.896894 0
    outer loop
      vertex -52.325 41.295 0
      vertex -52.0141 41.4483 2.2
      vertex -52.325 41.295 2.2
    endloop
  endfacet
  facet normal 0.442245 -0.896894 0
    outer loop
      vertex -52.0141 41.4483 2.2
      vertex -52.325 41.295 0
      vertex -52.0141 41.4483 0
    endloop
  endfacet
  facet normal 0.751754 -0.659444 0
    outer loop
      vertex -53.1024 40.6132 2.2
      vertex -52.8738 40.8738 0
      vertex -52.8738 40.8738 2.2
    endloop
  endfacet
  facet normal 0.751754 -0.659444 0
    outer loop
      vertex -52.8738 40.8738 0
      vertex -53.1024 40.6132 2.2
      vertex -53.1024 40.6132 0
    endloop
  endfacet
  facet normal 0.659444 -0.751754 0
    outer loop
      vertex -52.8738 40.8738 0
      vertex -52.6132 41.1024 2.2
      vertex -52.8738 40.8738 2.2
    endloop
  endfacet
  facet normal 0.659444 -0.751754 0
    outer loop
      vertex -52.6132 41.1024 2.2
      vertex -52.8738 40.8738 0
      vertex -52.6132 41.1024 0
    endloop
  endfacet
  facet normal 0.896894 -0.442245 0
    outer loop
      vertex -53.4483 40.0141 2.2
      vertex -53.295 40.325 0
      vertex -53.295 40.325 2.2
    endloop
  endfacet
  facet normal 0.896894 -0.442245 0
    outer loop
      vertex -53.295 40.325 0
      vertex -53.4483 40.0141 2.2
      vertex -53.4483 40.0141 0
    endloop
  endfacet
  facet normal 0.831428 -0.555632 0
    outer loop
      vertex -53.295 40.325 2.2
      vertex -53.1024 40.6132 0
      vertex -53.1024 40.6132 2.2
    endloop
  endfacet
  facet normal 0.831428 -0.555632 0
    outer loop
      vertex -53.1024 40.6132 0
      vertex -53.295 40.325 2.2
      vertex -53.295 40.325 0
    endloop
  endfacet
  facet normal 0.831428 0.555632 0
    outer loop
      vertex -53.1024 -40.6132 2.2
      vertex -53.295 -40.325 0
      vertex -53.295 -40.325 2.2
    endloop
  endfacet
  facet normal 0.831428 0.555632 0
    outer loop
      vertex -53.295 -40.325 0
      vertex -53.1024 -40.6132 2.2
      vertex -53.1024 -40.6132 0
    endloop
  endfacet
  facet normal 0.946938 0.321416 0
    outer loop
      vertex -53.4483 -40.0141 2.2
      vertex -53.5597 -39.6859 0
      vertex -53.5597 -39.6859 2.2
    endloop
  endfacet
  facet normal 0.946938 0.321416 0
    outer loop
      vertex -53.5597 -39.6859 0
      vertex -53.4483 -40.0141 2.2
      vertex -53.4483 -40.0141 0
    endloop
  endfacet
  facet normal -0.751754 -0.659444 0
    outer loop
      vertex 53.1024 40.6132 0
      vertex 52.8738 40.8738 2.2
      vertex 52.8738 40.8738 0
    endloop
  endfacet
  facet normal -0.751754 -0.659444 0
    outer loop
      vertex 52.8738 40.8738 2.2
      vertex 53.1024 40.6132 0
      vertex 53.1024 40.6132 2.2
    endloop
  endfacet
  facet normal -0.831428 -0.555632 0
    outer loop
      vertex 53.295 40.325 0
      vertex 53.1024 40.6132 2.2
      vertex 53.1024 40.6132 0
    endloop
  endfacet
  facet normal -0.831428 -0.555632 0
    outer loop
      vertex 53.1024 40.6132 2.2
      vertex 53.295 40.325 0
      vertex 53.295 40.325 2.2
    endloop
  endfacet
  facet normal -0.896894 -0.442245 0
    outer loop
      vertex 53.4483 40.0141 0
      vertex 53.295 40.325 2.2
      vertex 53.295 40.325 0
    endloop
  endfacet
  facet normal -0.896894 -0.442245 0
    outer loop
      vertex 53.295 40.325 2.2
      vertex 53.4483 40.0141 0
      vertex 53.4483 40.0141 2.2
    endloop
  endfacet
  facet normal -0.980802 -0.195007 0
    outer loop
      vertex 53.6273 39.3459 0
      vertex 53.5597 39.6859 2.2
      vertex 53.5597 39.6859 0
    endloop
  endfacet
  facet normal -0.980802 -0.195007 0
    outer loop
      vertex 53.5597 39.6859 2.2
      vertex 53.6273 39.3459 0
      vertex 53.6273 39.3459 2.2
    endloop
  endfacet
  facet normal -0.831428 0.555632 0
    outer loop
      vertex 53.1024 -40.6132 0
      vertex 53.295 -40.325 2.2
      vertex 53.295 -40.325 0
    endloop
  endfacet
  facet normal -0.831428 0.555632 0
    outer loop
      vertex 53.295 -40.325 2.2
      vertex 53.1024 -40.6132 0
      vertex 53.1024 -40.6132 2.2
    endloop
  endfacet
  facet normal -0.946938 0.321416 0
    outer loop
      vertex 53.4483 -40.0141 0
      vertex 53.5597 -39.6859 2.2
      vertex 53.5597 -39.6859 0
    endloop
  endfacet
  facet normal -0.946938 0.321416 0
    outer loop
      vertex 53.5597 -39.6859 2.2
      vertex 53.4483 -40.0141 0
      vertex 53.4483 -40.0141 2.2
    endloop
  endfacet
  facet normal 0.321416 -0.946938 0
    outer loop
      vertex -52.0141 41.4483 0
      vertex -51.6859 41.5597 2.2
      vertex -52.0141 41.4483 2.2
    endloop
  endfacet
  facet normal 0.321416 -0.946938 0
    outer loop
      vertex -51.6859 41.5597 2.2
      vertex -52.0141 41.4483 0
      vertex -51.6859 41.5597 0
    endloop
  endfacet
  facet normal 0.195007 -0.980802 0
    outer loop
      vertex -51.6859 41.5597 0
      vertex -51.3459 41.6273 2.2
      vertex -51.6859 41.5597 2.2
    endloop
  endfacet
  facet normal 0.195007 -0.980802 0
    outer loop
      vertex -51.3459 41.6273 2.2
      vertex -51.6859 41.5597 0
      vertex -51.3459 41.6273 0
    endloop
  endfacet
  facet normal -0.896894 0.442245 0
    outer loop
      vertex 53.295 -40.325 0
      vertex 53.4483 -40.0141 2.2
      vertex 53.4483 -40.0141 0
    endloop
  endfacet
  facet normal -0.896894 0.442245 0
    outer loop
      vertex 53.4483 -40.0141 2.2
      vertex 53.295 -40.325 0
      vertex 53.295 -40.325 2.2
    endloop
  endfacet
  facet normal -0.980802 0.195007 0
    outer loop
      vertex 53.5597 -39.6859 0
      vertex 53.6273 -39.3459 2.2
      vertex 53.6273 -39.3459 0
    endloop
  endfacet
  facet normal -0.980802 0.195007 0
    outer loop
      vertex 53.6273 -39.3459 2.2
      vertex 53.5597 -39.6859 0
      vertex 53.5597 -39.6859 2.2
    endloop
  endfacet
  facet normal 0.442315 -0.89686 0
    outer loop
      vertex 51.287 -39.6929 0
      vertex 51.375 -39.6495 2.2
      vertex 51.287 -39.6929 2.2
    endloop
  endfacet
  facet normal 0.442315 -0.89686 0
    outer loop
      vertex 51.375 -39.6495 2.2
      vertex 51.287 -39.6929 0
      vertex 51.375 -39.6495 0
    endloop
  endfacet
  facet normal 0.555406 -0.83158 0
    outer loop
      vertex 51.375 -39.6495 0
      vertex 51.4566 -39.595 2.2
      vertex 51.375 -39.6495 2.2
    endloop
  endfacet
  facet normal 0.555406 -0.83158 0
    outer loop
      vertex 51.4566 -39.595 2.2
      vertex 51.375 -39.6495 0
      vertex 51.4566 -39.595 0
    endloop
  endfacet
  facet normal 0.321117 -0.94704 0
    outer loop
      vertex 51.1941 -39.7244 0
      vertex 51.287 -39.6929 2.2
      vertex 51.1941 -39.7244 2.2
    endloop
  endfacet
  facet normal 0.321117 -0.94704 0
    outer loop
      vertex 51.287 -39.6929 2.2
      vertex 51.1941 -39.7244 0
      vertex 51.287 -39.6929 0
    endloop
  endfacet
  facet normal 1 -0 0
    outer loop
      vertex 51.75 -39 2.2
      vertex 51.75 39 0
      vertex 51.75 39 2.2
    endloop
  endfacet
  facet normal 1 0 0
    outer loop
      vertex 51.75 39 0
      vertex 51.75 -39 2.2
      vertex 51.75 -39 0
    endloop
  endfacet
  facet normal 0.94704 -0.321117 0
    outer loop
      vertex 51.6929 -39.287 2.2
      vertex 51.7244 -39.1941 0
      vertex 51.7244 -39.1941 2.2
    endloop
  endfacet
  facet normal 0.94704 -0.321117 0
    outer loop
      vertex 51.7244 -39.1941 0
      vertex 51.6929 -39.287 2.2
      vertex 51.6929 -39.287 0
    endloop
  endfacet
  facet normal -0.99787 -0.0652336 0
    outer loop
      vertex -51.7436 -39.0979 0
      vertex -51.75 -39 2.2
      vertex -51.75 -39 0
    endloop
  endfacet
  facet normal -0.99787 -0.0652336 0
    outer loop
      vertex -51.75 -39 2.2
      vertex -51.7436 -39.0979 0
      vertex -51.7436 -39.0979 2.2
    endloop
  endfacet
  facet normal 0 1 -0
    outer loop
      vertex 51 39.75 0
      vertex -51 39.75 2.2
      vertex 51 39.75 2.2
    endloop
  endfacet
  facet normal 0 1 0
    outer loop
      vertex -51 39.75 2.2
      vertex 51 39.75 0
      vertex -51 39.75 0
    endloop
  endfacet
  facet normal 0.195724 -0.980659 0
    outer loop
      vertex 51.0979 -39.7436 0
      vertex 51.1941 -39.7244 2.2
      vertex 51.0979 -39.7436 2.2
    endloop
  endfacet
  facet normal 0.195724 -0.980659 0
    outer loop
      vertex 51.1941 -39.7244 2.2
      vertex 51.0979 -39.7436 0
      vertex 51.1941 -39.7244 0
    endloop
  endfacet
  facet normal -0.555406 -0.83158 0
    outer loop
      vertex -51.4566 -39.595 0
      vertex -51.375 -39.6495 2.2
      vertex -51.4566 -39.595 2.2
    endloop
  endfacet
  facet normal -0.555406 -0.83158 -0
    outer loop
      vertex -51.375 -39.6495 2.2
      vertex -51.4566 -39.595 0
      vertex -51.375 -39.6495 0
    endloop
  endfacet
  facet normal -1 0 0
    outer loop
      vertex -51.75 39 0
      vertex -51.75 6.18546 1.2
      vertex -51.75 39 2.2
    endloop
  endfacet
  facet normal -1 0 0
    outer loop
      vertex -51.75 39 0
      vertex -51.75 -6.18546 1.2
      vertex -51.75 6.18546 1.2
    endloop
  endfacet
  facet normal -1 0 0
    outer loop
      vertex -51.75 -39 0
      vertex -51.75 -6.18546 1.2
      vertex -51.75 39 0
    endloop
  endfacet
  facet normal -1 0 0
    outer loop
      vertex -51.75 -39 2.2
      vertex -51.75 -6.18546 1.2
      vertex -51.75 -39 0
    endloop
  endfacet
  facet normal -1 0 0
    outer loop
      vertex -51.75 -6.18546 1.2
      vertex -51.75 -39 2.2
      vertex -51.75 -6.18546 2.2
    endloop
  endfacet
  facet normal -1 -0 0
    outer loop
      vertex -51.75 39 2.2
      vertex -51.75 6.18546 1.2
      vertex -51.75 6.18546 2.2
    endloop
  endfacet
  facet normal -0.0652336 0.99787 0
    outer loop
      vertex -51 39.75 0
      vertex -51.0979 39.7436 2.2
      vertex -51 39.75 2.2
    endloop
  endfacet
  facet normal -0.0652336 0.99787 0
    outer loop
      vertex -51.0979 39.7436 2.2
      vertex -51 39.75 0
      vertex -51.0979 39.7436 0
    endloop
  endfacet
  facet normal 0.0652336 -0.99787 0
    outer loop
      vertex 51 -39.75 0
      vertex 51.0979 -39.7436 2.2
      vertex 51 -39.75 2.2
    endloop
  endfacet
  facet normal 0.0652336 -0.99787 0
    outer loop
      vertex 51.0979 -39.7436 2.2
      vertex 51 -39.75 0
      vertex 51.0979 -39.7436 0
    endloop
  endfacet
  facet normal 0.659731 0.751502 -0
    outer loop
      vertex 51.5303 39.5303 0
      vertex 51.4566 39.595 2.2
      vertex 51.5303 39.5303 2.2
    endloop
  endfacet
  facet normal 0.659731 0.751502 0
    outer loop
      vertex 51.4566 39.595 2.2
      vertex 51.5303 39.5303 0
      vertex 51.4566 39.595 0
    endloop
  endfacet
  facet normal -0.99787 0.0652336 0
    outer loop
      vertex -51.75 39 0
      vertex -51.7436 39.0979 2.2
      vertex -51.7436 39.0979 0
    endloop
  endfacet
  facet normal -0.99787 0.0652336 0
    outer loop
      vertex -51.7436 39.0979 2.2
      vertex -51.75 39 0
      vertex -51.75 39 2.2
    endloop
  endfacet
  facet normal -0.94704 0.321117 0
    outer loop
      vertex -51.7244 39.1941 0
      vertex -51.6929 39.287 2.2
      vertex -51.6929 39.287 0
    endloop
  endfacet
  facet normal -0.94704 0.321117 0
    outer loop
      vertex -51.6929 39.287 2.2
      vertex -51.7244 39.1941 0
      vertex -51.7244 39.1941 2.2
    endloop
  endfacet
  facet normal -0.89686 0.442315 0
    outer loop
      vertex -51.6929 39.287 0
      vertex -51.6495 39.375 2.2
      vertex -51.6495 39.375 0
    endloop
  endfacet
  facet normal -0.89686 0.442315 0
    outer loop
      vertex -51.6495 39.375 2.2
      vertex -51.6929 39.287 0
      vertex -51.6929 39.287 2.2
    endloop
  endfacet
  facet normal -0.659731 0.751502 0
    outer loop
      vertex -51.4566 39.595 0
      vertex -51.5303 39.5303 2.2
      vertex -51.4566 39.595 2.2
    endloop
  endfacet
  facet normal -0.659731 0.751502 0
    outer loop
      vertex -51.5303 39.5303 2.2
      vertex -51.4566 39.595 0
      vertex -51.5303 39.5303 0
    endloop
  endfacet
  facet normal -0.751502 -0.659731 0
    outer loop
      vertex -51.5303 -39.5303 0
      vertex -51.595 -39.4566 2.2
      vertex -51.595 -39.4566 0
    endloop
  endfacet
  facet normal -0.751502 -0.659731 0
    outer loop
      vertex -51.595 -39.4566 2.2
      vertex -51.5303 -39.5303 0
      vertex -51.5303 -39.5303 2.2
    endloop
  endfacet
  facet normal -0.321117 0.94704 0
    outer loop
      vertex -51.1941 39.7244 0
      vertex -51.287 39.6929 2.2
      vertex -51.1941 39.7244 2.2
    endloop
  endfacet
  facet normal -0.321117 0.94704 0
    outer loop
      vertex -51.287 39.6929 2.2
      vertex -51.1941 39.7244 0
      vertex -51.287 39.6929 0
    endloop
  endfacet
  facet normal 0.0652336 0.99787 -0
    outer loop
      vertex 51.0979 39.7436 0
      vertex 51 39.75 2.2
      vertex 51.0979 39.7436 2.2
    endloop
  endfacet
  facet normal 0.0652336 0.99787 0
    outer loop
      vertex 51 39.75 2.2
      vertex 51.0979 39.7436 0
      vertex 51 39.75 0
    endloop
  endfacet
  facet normal -0.195724 0.980659 0
    outer loop
      vertex -51.0979 39.7436 0
      vertex -51.1941 39.7244 2.2
      vertex -51.0979 39.7436 2.2
    endloop
  endfacet
  facet normal -0.195724 0.980659 0
    outer loop
      vertex -51.1941 39.7244 2.2
      vertex -51.0979 39.7436 0
      vertex -51.1941 39.7244 0
    endloop
  endfacet
  facet normal 0 -1 0
    outer loop
      vertex -51 -39.75 0
      vertex 51 -39.75 2.2
      vertex -51 -39.75 2.2
    endloop
  endfacet
  facet normal 0 -1 -0
    outer loop
      vertex 51 -39.75 2.2
      vertex -51 -39.75 0
      vertex 51 -39.75 0
    endloop
  endfacet
  facet normal -0.0652336 -0.99787 0
    outer loop
      vertex -51.0979 -39.7436 0
      vertex -51 -39.75 2.2
      vertex -51.0979 -39.7436 2.2
    endloop
  endfacet
  facet normal -0.0652336 -0.99787 -0
    outer loop
      vertex -51 -39.75 2.2
      vertex -51.0979 -39.7436 0
      vertex -51 -39.75 0
    endloop
  endfacet
  facet normal -0.442315 -0.89686 0
    outer loop
      vertex -51.375 -39.6495 0
      vertex -51.287 -39.6929 2.2
      vertex -51.375 -39.6495 2.2
    endloop
  endfacet
  facet normal -0.442315 -0.89686 -0
    outer loop
      vertex -51.287 -39.6929 2.2
      vertex -51.375 -39.6495 0
      vertex -51.287 -39.6929 0
    endloop
  endfacet
  facet normal 0.980659 -0.195724 0
    outer loop
      vertex 51.7244 -39.1941 2.2
      vertex 51.7436 -39.0979 0
      vertex 51.7436 -39.0979 2.2
    endloop
  endfacet
  facet normal 0.980659 -0.195724 0
    outer loop
      vertex 51.7436 -39.0979 0
      vertex 51.7244 -39.1941 2.2
      vertex 51.7244 -39.1941 0
    endloop
  endfacet
  facet normal -0.980659 0.195724 0
    outer loop
      vertex -51.7436 39.0979 0
      vertex -51.7244 39.1941 2.2
      vertex -51.7244 39.1941 0
    endloop
  endfacet
  facet normal -0.980659 0.195724 0
    outer loop
      vertex -51.7244 39.1941 2.2
      vertex -51.7436 39.0979 0
      vertex -51.7436 39.0979 2.2
    endloop
  endfacet
  facet normal -0.83158 0.555406 0
    outer loop
      vertex -51.6495 39.375 0
      vertex -51.595 39.4566 2.2
      vertex -51.595 39.4566 0
    endloop
  endfacet
  facet normal -0.83158 0.555406 0
    outer loop
      vertex -51.595 39.4566 2.2
      vertex -51.6495 39.375 0
      vertex -51.6495 39.375 2.2
    endloop
  endfacet
  facet normal -0.751502 0.659731 0
    outer loop
      vertex -51.595 39.4566 0
      vertex -51.5303 39.5303 2.2
      vertex -51.5303 39.5303 0
    endloop
  endfacet
  facet normal -0.751502 0.659731 0
    outer loop
      vertex -51.5303 39.5303 2.2
      vertex -51.595 39.4566 0
      vertex -51.595 39.4566 2.2
    endloop
  endfacet
  facet normal -0.555406 0.83158 0
    outer loop
      vertex -51.375 39.6495 0
      vertex -51.4566 39.595 2.2
      vertex -51.375 39.6495 2.2
    endloop
  endfacet
  facet normal -0.555406 0.83158 0
    outer loop
      vertex -51.4566 39.595 2.2
      vertex -51.375 39.6495 0
      vertex -51.4566 39.595 0
    endloop
  endfacet
  facet normal -0.442315 0.89686 0
    outer loop
      vertex -51.287 39.6929 0
      vertex -51.375 39.6495 2.2
      vertex -51.287 39.6929 2.2
    endloop
  endfacet
  facet normal -0.442315 0.89686 0
    outer loop
      vertex -51.375 39.6495 2.2
      vertex -51.287 39.6929 0
      vertex -51.375 39.6495 0
    endloop
  endfacet
  facet normal -0.94704 -0.321117 0
    outer loop
      vertex -51.6929 -39.287 0
      vertex -51.7244 -39.1941 2.2
      vertex -51.7244 -39.1941 0
    endloop
  endfacet
  facet normal -0.94704 -0.321117 0
    outer loop
      vertex -51.7244 -39.1941 2.2
      vertex -51.6929 -39.287 0
      vertex -51.6929 -39.287 2.2
    endloop
  endfacet
  facet normal -0.980659 -0.195724 0
    outer loop
      vertex -51.7244 -39.1941 0
      vertex -51.7436 -39.0979 2.2
      vertex -51.7436 -39.0979 0
    endloop
  endfacet
  facet normal -0.980659 -0.195724 0
    outer loop
      vertex -51.7436 -39.0979 2.2
      vertex -51.7244 -39.1941 0
      vertex -51.7244 -39.1941 2.2
    endloop
  endfacet
  facet normal -0.659731 -0.751502 0
    outer loop
      vertex -51.5303 -39.5303 0
      vertex -51.4566 -39.595 2.2
      vertex -51.5303 -39.5303 2.2
    endloop
  endfacet
  facet normal -0.659731 -0.751502 -0
    outer loop
      vertex -51.4566 -39.595 2.2
      vertex -51.5303 -39.5303 0
      vertex -51.4566 -39.595 0
    endloop
  endfacet
  facet normal -0.321117 -0.94704 0
    outer loop
      vertex -51.287 -39.6929 0
      vertex -51.1941 -39.7244 2.2
      vertex -51.287 -39.6929 2.2
    endloop
  endfacet
  facet normal -0.321117 -0.94704 -0
    outer loop
      vertex -51.1941 -39.7244 2.2
      vertex -51.287 -39.6929 0
      vertex -51.1941 -39.7244 0
    endloop
  endfacet
  facet normal 0.99787 0.0652336 0
    outer loop
      vertex 51.75 39 2.2
      vertex 51.7436 39.0979 0
      vertex 51.7436 39.0979 2.2
    endloop
  endfacet
  facet normal 0.99787 0.0652336 0
    outer loop
      vertex 51.7436 39.0979 0
      vertex 51.75 39 2.2
      vertex 51.75 39 0
    endloop
  endfacet
  facet normal 0.442315 0.89686 -0
    outer loop
      vertex 51.375 39.6495 0
      vertex 51.287 39.6929 2.2
      vertex 51.375 39.6495 2.2
    endloop
  endfacet
  facet normal 0.442315 0.89686 0
    outer loop
      vertex 51.287 39.6929 2.2
      vertex 51.375 39.6495 0
      vertex 51.287 39.6929 0
    endloop
  endfacet
  facet normal 0.99787 -0.0652336 0
    outer loop
      vertex 51.7436 -39.0979 2.2
      vertex 51.75 -39 0
      vertex 51.75 -39 2.2
    endloop
  endfacet
  facet normal 0.99787 -0.0652336 0
    outer loop
      vertex 51.75 -39 0
      vertex 51.7436 -39.0979 2.2
      vertex 51.7436 -39.0979 0
    endloop
  endfacet
  facet normal 0.89686 -0.442315 0
    outer loop
      vertex 51.6495 -39.375 2.2
      vertex 51.6929 -39.287 0
      vertex 51.6929 -39.287 2.2
    endloop
  endfacet
  facet normal 0.89686 -0.442315 0
    outer loop
      vertex 51.6929 -39.287 0
      vertex 51.6495 -39.375 2.2
      vertex 51.6495 -39.375 0
    endloop
  endfacet
  facet normal -0.83158 -0.555406 0
    outer loop
      vertex -51.595 -39.4566 0
      vertex -51.6495 -39.375 2.2
      vertex -51.6495 -39.375 0
    endloop
  endfacet
  facet normal -0.83158 -0.555406 0
    outer loop
      vertex -51.6495 -39.375 2.2
      vertex -51.595 -39.4566 0
      vertex -51.595 -39.4566 2.2
    endloop
  endfacet
  facet normal -0.89686 -0.442315 0
    outer loop
      vertex -51.6495 -39.375 0
      vertex -51.6929 -39.287 2.2
      vertex -51.6929 -39.287 0
    endloop
  endfacet
  facet normal -0.89686 -0.442315 0
    outer loop
      vertex -51.6929 -39.287 2.2
      vertex -51.6495 -39.375 0
      vertex -51.6495 -39.375 2.2
    endloop
  endfacet
  facet normal -0.195724 -0.980659 0
    outer loop
      vertex -51.1941 -39.7244 0
      vertex -51.0979 -39.7436 2.2
      vertex -51.1941 -39.7244 2.2
    endloop
  endfacet
  facet normal -0.195724 -0.980659 -0
    outer loop
      vertex -51.0979 -39.7436 2.2
      vertex -51.1941 -39.7244 0
      vertex -51.0979 -39.7436 0
    endloop
  endfacet
  facet normal 0.94704 0.321117 0
    outer loop
      vertex 51.7244 39.1941 2.2
      vertex 51.6929 39.287 0
      vertex 51.6929 39.287 2.2
    endloop
  endfacet
  facet normal 0.94704 0.321117 0
    outer loop
      vertex 51.6929 39.287 0
      vertex 51.7244 39.1941 2.2
      vertex 51.7244 39.1941 0
    endloop
  endfacet
  facet normal 0.751502 0.659731 0
    outer loop
      vertex 51.595 39.4566 2.2
      vertex 51.5303 39.5303 0
      vertex 51.5303 39.5303 2.2
    endloop
  endfacet
  facet normal 0.751502 0.659731 0
    outer loop
      vertex 51.5303 39.5303 0
      vertex 51.595 39.4566 2.2
      vertex 51.595 39.4566 0
    endloop
  endfacet
  facet normal 0.195724 0.980659 -0
    outer loop
      vertex 51.1941 39.7244 0
      vertex 51.0979 39.7436 2.2
      vertex 51.1941 39.7244 2.2
    endloop
  endfacet
  facet normal 0.195724 0.980659 0
    outer loop
      vertex 51.0979 39.7436 2.2
      vertex 51.1941 39.7244 0
      vertex 51.0979 39.7436 0
    endloop
  endfacet
  facet normal 0.321117 0.94704 -0
    outer loop
      vertex 51.287 39.6929 0
      vertex 51.1941 39.7244 2.2
      vertex 51.287 39.6929 2.2
    endloop
  endfacet
  facet normal 0.321117 0.94704 0
    outer loop
      vertex 51.1941 39.7244 2.2
      vertex 51.287 39.6929 0
      vertex 51.1941 39.7244 0
    endloop
  endfacet
  facet normal 0.555406 0.83158 -0
    outer loop
      vertex 51.4566 39.595 0
      vertex 51.375 39.6495 2.2
      vertex 51.4566 39.595 2.2
    endloop
  endfacet
  facet normal 0.555406 0.83158 0
    outer loop
      vertex 51.375 39.6495 2.2
      vertex 51.4566 39.595 0
      vertex 51.375 39.6495 0
    endloop
  endfacet
  facet normal 0.83158 -0.555406 0
    outer loop
      vertex 51.595 -39.4566 2.2
      vertex 51.6495 -39.375 0
      vertex 51.6495 -39.375 2.2
    endloop
  endfacet
  facet normal 0.83158 -0.555406 0
    outer loop
      vertex 51.6495 -39.375 0
      vertex 51.595 -39.4566 2.2
      vertex 51.595 -39.4566 0
    endloop
  endfacet
  facet normal 0.980659 0.195724 0
    outer loop
      vertex 51.7436 39.0979 2.2
      vertex 51.7244 39.1941 0
      vertex 51.7244 39.1941 2.2
    endloop
  endfacet
  facet normal 0.980659 0.195724 0
    outer loop
      vertex 51.7244 39.1941 0
      vertex 51.7436 39.0979 2.2
      vertex 51.7436 39.0979 0
    endloop
  endfacet
  facet normal 0.83158 0.555406 0
    outer loop
      vertex 51.6495 39.375 2.2
      vertex 51.595 39.4566 0
      vertex 51.595 39.4566 2.2
    endloop
  endfacet
  facet normal 0.83158 0.555406 0
    outer loop
      vertex 51.595 39.4566 0
      vertex 51.6495 39.375 2.2
      vertex 51.6495 39.375 0
    endloop
  endfacet
  facet normal 0.89686 0.442315 0
    outer loop
      vertex 51.6929 39.287 2.2
      vertex 51.6495 39.375 0
      vertex 51.6495 39.375 2.2
    endloop
  endfacet
  facet normal 0.89686 0.442315 0
    outer loop
      vertex 51.6495 39.375 0
      vertex 51.6929 39.287 2.2
      vertex 51.6929 39.287 0
    endloop
  endfacet
  facet normal 0.751502 -0.659731 0
    outer loop
      vertex 51.5303 -39.5303 2.2
      vertex 51.595 -39.4566 0
      vertex 51.595 -39.4566 2.2
    endloop
  endfacet
  facet normal 0.751502 -0.659731 0
    outer loop
      vertex 51.595 -39.4566 0
      vertex 51.5303 -39.5303 2.2
      vertex 51.5303 -39.5303 0
    endloop
  endfacet
  facet normal 0.659731 -0.751502 0
    outer loop
      vertex 51.4566 -39.595 0
      vertex 51.5303 -39.5303 2.2
      vertex 51.4566 -39.595 2.2
    endloop
  endfacet
  facet normal 0.659731 -0.751502 0
    outer loop
      vertex 51.5303 -39.5303 2.2
      vertex 51.4566 -39.595 0
      vertex 51.5303 -39.5303 0
    endloop
  endfacet
  facet normal 0 0 -1
    outer loop
      vertex 32.25 -15.25 4.8
      vertex -35 -11 4.8
      vertex 32.25 -11 4.8
    endloop
  endfacet
  facet normal 0 0 -1
    outer loop
      vertex -35 -11 4.8
      vertex -48 0 4.8
      vertex -35 11 4.8
    endloop
  endfacet
  facet normal 0 0 -1
    outer loop
      vertex -35 -11 4.8
      vertex -48.0599 -0.913683 4.8
      vertex -48 0 4.8
    endloop
  endfacet
  facet normal 0 0 -1
    outer loop
      vertex -35 -11 4.8
      vertex -48.2385 -1.81173 4.8
      vertex -48.0599 -0.913683 4.8
    endloop
  endfacet
  facet normal 0 0 -1
    outer loop
      vertex -35 -11 4.8
      vertex -48.5328 -2.67878 4.8
      vertex -48.2385 -1.81173 4.8
    endloop
  endfacet
  facet normal 0 0 -1
    outer loop
      vertex -35 -11 4.8
      vertex -48.9378 -3.5 4.8
      vertex -48.5328 -2.67878 4.8
    endloop
  endfacet
  facet normal 0 0 -1
    outer loop
      vertex -35 -11 4.8
      vertex -49.4465 -4.26133 4.8
      vertex -48.9378 -3.5 4.8
    endloop
  endfacet
  facet normal 0 0 -1
    outer loop
      vertex -35 -11 4.8
      vertex -50.0503 -4.94975 4.8
      vertex -49.4465 -4.26133 4.8
    endloop
  endfacet
  facet normal 0 0 -1
    outer loop
      vertex -35 -11 4.8
      vertex -50.7387 -5.55347 4.8
      vertex -50.0503 -4.94975 4.8
    endloop
  endfacet
  facet normal 0 0 -1
    outer loop
      vertex -55 -15.25 4.8
      vertex -50.7387 -5.55347 4.8
      vertex -35 -11 4.8
    endloop
  endfacet
  facet normal 0 0 -1
    outer loop
      vertex -50.7387 -5.55347 4.8
      vertex -55 -15.25 4.8
      vertex -51.5 -6.06218 4.8
    endloop
  endfacet
  facet normal 0 0 -1
    outer loop
      vertex -51.5 -6.06218 4.8
      vertex -55 -15.25 4.8
      vertex -52.3212 -6.46716 4.8
    endloop
  endfacet
  facet normal 0 0 -1
    outer loop
      vertex -52.3212 -6.46716 4.8
      vertex -55 -15.25 4.8
      vertex -53.1883 -6.76148 4.8
    endloop
  endfacet
  facet normal 0 0 -1
    outer loop
      vertex -55 -15.25 4.8
      vertex -35 -11 4.8
      vertex 32.25 -15.25 4.8
    endloop
  endfacet
  facet normal 0 0 -1
    outer loop
      vertex -53.1883 -6.76148 4.8
      vertex -55 -15.25 4.8
      vertex -54.0863 -6.94011 4.8
    endloop
  endfacet
  facet normal 0 0 -1
    outer loop
      vertex -54.0863 -6.94011 4.8
      vertex -55 -15.25 4.8
      vertex -55 -7 4.8
    endloop
  endfacet
  facet normal 0 0 -1
    outer loop
      vertex -35 11 4.8
      vertex 32.25 15.25 4.8
      vertex 32.25 11 4.8
    endloop
  endfacet
  facet normal 0 0 -1
    outer loop
      vertex -48.0599 0.913683 4.8
      vertex -35 11 4.8
      vertex -48 0 4.8
    endloop
  endfacet
  facet normal 0 0 -1
    outer loop
      vertex -48.2385 1.81173 4.8
      vertex -35 11 4.8
      vertex -48.0599 0.913683 4.8
    endloop
  endfacet
  facet normal 0 0 -1
    outer loop
      vertex -48.5328 2.67878 4.8
      vertex -35 11 4.8
      vertex -48.2385 1.81173 4.8
    endloop
  endfacet
  facet normal 0 0 -1
    outer loop
      vertex -48.9378 3.5 4.8
      vertex -35 11 4.8
      vertex -48.5328 2.67878 4.8
    endloop
  endfacet
  facet normal 0 0 -1
    outer loop
      vertex -49.4465 4.26133 4.8
      vertex -35 11 4.8
      vertex -48.9378 3.5 4.8
    endloop
  endfacet
  facet normal 0 0 -1
    outer loop
      vertex -50.0503 4.94975 4.8
      vertex -35 11 4.8
      vertex -49.4465 4.26133 4.8
    endloop
  endfacet
  facet normal 0 0 -1
    outer loop
      vertex -50.7387 5.55347 4.8
      vertex -35 11 4.8
      vertex -50.0503 4.94975 4.8
    endloop
  endfacet
  facet normal 0 0 -1
    outer loop
      vertex -55 15.25 4.8
      vertex -50.7387 5.55347 4.8
      vertex -51.5 6.06218 4.8
    endloop
  endfacet
  facet normal 0 0 -1
    outer loop
      vertex -55 15.25 4.8
      vertex -51.5 6.06218 4.8
      vertex -52.3212 6.46716 4.8
    endloop
  endfacet
  facet normal 0 0 -1
    outer loop
      vertex -55 15.25 4.8
      vertex -52.3212 6.46716 4.8
      vertex -53.1883 6.76148 4.8
    endloop
  endfacet
  facet normal 0 0 -1
    outer loop
      vertex -55 15.25 4.8
      vertex -53.1883 6.76148 4.8
      vertex -54.0863 6.94011 4.8
    endloop
  endfacet
  facet normal 0 0 -1
    outer loop
      vertex -55 15.25 4.8
      vertex -54.0863 6.94011 4.8
      vertex -55 7 4.8
    endloop
  endfacet
  facet normal 0 0 -1
    outer loop
      vertex -35 11 4.8
      vertex -55 15.25 4.8
      vertex 32.25 15.25 4.8
    endloop
  endfacet
  facet normal 0 0 -1
    outer loop
      vertex -50.7387 5.55347 4.8
      vertex -55 15.25 4.8
      vertex -35 11 4.8
    endloop
  endfacet
  facet normal -1 0 0
    outer loop
      vertex 32.25 -15.25 2.4
      vertex 32.25 -11 4.8
      vertex 32.25 -11 2.4
    endloop
  endfacet
  facet normal -1 -0 0
    outer loop
      vertex 32.25 -11 4.8
      vertex 32.25 -15.25 2.4
      vertex 32.25 -15.25 4.8
    endloop
  endfacet
  facet normal -1 0 0
    outer loop
      vertex 32.25 11 2.4
      vertex 32.25 15.25 4.8
      vertex 32.25 15.25 2.4
    endloop
  endfacet
  facet normal -1 -0 0
    outer loop
      vertex 32.25 15.25 4.8
      vertex 32.25 11 2.4
      vertex 32.25 11 4.8
    endloop
  endfacet
  facet normal 0 -1 0
    outer loop
      vertex -55 15.25 2.4
      vertex 32.25 15.25 4.8
      vertex -55 15.25 4.8
    endloop
  endfacet
  facet normal 0 -1 -0
    outer loop
      vertex 32.25 15.25 4.8
      vertex -55 15.25 2.4
      vertex 32.25 15.25 2.4
    endloop
  endfacet
  facet normal 0 0 1
    outer loop
      vertex 32.25 15.25 2.4
      vertex -35 11 2.4
      vertex 32.25 11 2.4
    endloop
  endfacet
  facet normal 0 0 1
    outer loop
      vertex -35 11 2.4
      vertex -48 0 2.4
      vertex -35 -11 2.4
    endloop
  endfacet
  facet normal 0 0 1
    outer loop
      vertex -35 11 2.4
      vertex -48.0599 0.913683 2.4
      vertex -48 0 2.4
    endloop
  endfacet
  facet normal 0 0 1
    outer loop
      vertex -35 11 2.4
      vertex -48.2385 1.81173 2.4
      vertex -48.0599 0.913683 2.4
    endloop
  endfacet
  facet normal 0 0 1
    outer loop
      vertex -35 11 2.4
      vertex -48.5328 2.67878 2.4
      vertex -48.2385 1.81173 2.4
    endloop
  endfacet
  facet normal 0 0 1
    outer loop
      vertex -35 11 2.4
      vertex -48.9378 3.5 2.4
      vertex -48.5328 2.67878 2.4
    endloop
  endfacet
  facet normal 0 0 1
    outer loop
      vertex -35 11 2.4
      vertex -49.4465 4.26133 2.4
      vertex -48.9378 3.5 2.4
    endloop
  endfacet
  facet normal 0 0 1
    outer loop
      vertex -35 11 2.4
      vertex -50.0503 4.94975 2.4
      vertex -49.4465 4.26133 2.4
    endloop
  endfacet
  facet normal 0 0 1
    outer loop
      vertex -35 11 2.4
      vertex -50.7387 5.55347 2.4
      vertex -50.0503 4.94975 2.4
    endloop
  endfacet
  facet normal 0 0 1
    outer loop
      vertex -55 15.25 2.4
      vertex -50.7387 5.55347 2.4
      vertex -35 11 2.4
    endloop
  endfacet
  facet normal 0 0 1
    outer loop
      vertex -50.7387 5.55347 2.4
      vertex -55 15.25 2.4
      vertex -51.5 6.06218 2.4
    endloop
  endfacet
  facet normal 0 0 1
    outer loop
      vertex -51.5 6.06218 2.4
      vertex -55 15.25 2.4
      vertex -52.3212 6.46716 2.4
    endloop
  endfacet
  facet normal 0 0 1
    outer loop
      vertex -52.3212 6.46716 2.4
      vertex -55 15.25 2.4
      vertex -53.1883 6.76148 2.4
    endloop
  endfacet
  facet normal -0 0 1
    outer loop
      vertex -55 15.25 2.4
      vertex -35 11 2.4
      vertex 32.25 15.25 2.4
    endloop
  endfacet
  facet normal 0 0 1
    outer loop
      vertex -53.1883 6.76148 2.4
      vertex -55 15.25 2.4
      vertex -54.0863 6.94011 2.4
    endloop
  endfacet
  facet normal 0 0 1
    outer loop
      vertex -54.0863 6.94011 2.4
      vertex -55 15.25 2.4
      vertex -55 7 2.4
    endloop
  endfacet
  facet normal -0 0 1
    outer loop
      vertex -35 -11 2.4
      vertex 32.25 -15.25 2.4
      vertex 32.25 -11 2.4
    endloop
  endfacet
  facet normal -0 0 1
    outer loop
      vertex -48.0599 -0.913683 2.4
      vertex -35 -11 2.4
      vertex -48 0 2.4
    endloop
  endfacet
  facet normal -0 0 1
    outer loop
      vertex -48.2385 -1.81173 2.4
      vertex -35 -11 2.4
      vertex -48.0599 -0.913683 2.4
    endloop
  endfacet
  facet normal -0 0 1
    outer loop
      vertex -48.5328 -2.67878 2.4
      vertex -35 -11 2.4
      vertex -48.2385 -1.81173 2.4
    endloop
  endfacet
  facet normal -0 0 1
    outer loop
      vertex -48.9378 -3.5 2.4
      vertex -35 -11 2.4
      vertex -48.5328 -2.67878 2.4
    endloop
  endfacet
  facet normal -0 0 1
    outer loop
      vertex -49.4465 -4.26133 2.4
      vertex -35 -11 2.4
      vertex -48.9378 -3.5 2.4
    endloop
  endfacet
  facet normal -0 0 1
    outer loop
      vertex -50.0503 -4.94975 2.4
      vertex -35 -11 2.4
      vertex -49.4465 -4.26133 2.4
    endloop
  endfacet
  facet normal -0 0 1
    outer loop
      vertex -50.7387 -5.55347 2.4
      vertex -35 -11 2.4
      vertex -50.0503 -4.94975 2.4
    endloop
  endfacet
  facet normal 0 0 1
    outer loop
      vertex -55 -15.25 2.4
      vertex -50.7387 -5.55347 2.4
      vertex -51.5 -6.06218 2.4
    endloop
  endfacet
  facet normal 0 0 1
    outer loop
      vertex -55 -15.25 2.4
      vertex -51.5 -6.06218 2.4
      vertex -52.3212 -6.46716 2.4
    endloop
  endfacet
  facet normal 0 0 1
    outer loop
      vertex -55 -15.25 2.4
      vertex -52.3212 -6.46716 2.4
      vertex -53.1883 -6.76148 2.4
    endloop
  endfacet
  facet normal 0 0 1
    outer loop
      vertex -55 -15.25 2.4
      vertex -53.1883 -6.76148 2.4
      vertex -54.0863 -6.94011 2.4
    endloop
  endfacet
  facet normal 0 0 1
    outer loop
      vertex -55 -15.25 2.4
      vertex -54.0863 -6.94011 2.4
      vertex -55 -7 2.4
    endloop
  endfacet
  facet normal 0 0 1
    outer loop
      vertex -35 -11 2.4
      vertex -55 -15.25 2.4
      vertex 32.25 -15.25 2.4
    endloop
  endfacet
  facet normal 0 0 1
    outer loop
      vertex -50.7387 -5.55347 2.4
      vertex -55 -15.25 2.4
      vertex -35 -11 2.4
    endloop
  endfacet
  facet normal 0 1 -0
    outer loop
      vertex 32.25 -15.25 2.4
      vertex -55 -15.25 4.8
      vertex 32.25 -15.25 4.8
    endloop
  endfacet
  facet normal 0 1 0
    outer loop
      vertex -55 -15.25 4.8
      vertex 32.25 -15.25 2.4
      vertex -55 -15.25 2.4
    endloop
  endfacet
  facet normal -0.997858 -0.0654184 0
    outer loop
      vertex -48 0 1.2
      vertex -48.0599 0.913683 2.4
      vertex -48.0599 0.913683 1.2
    endloop
  endfacet
  facet normal -0.997858 -0.0654184 0
    outer loop
      vertex -48.0599 0.913683 2.4
      vertex -48 0 1.2
      vertex -48 0 2.4
    endloop
  endfacet
  facet normal -0.997858 -0.0654184 0
    outer loop
      vertex -48 0 4.8
      vertex -48.0599 0.913683 5.6
      vertex -48.0599 0.913683 4.8
    endloop
  endfacet
  facet normal -0.997858 -0.0654184 0
    outer loop
      vertex -48.0599 0.913683 5.6
      vertex -48 0 4.8
      vertex -48 0 5.6
    endloop
  endfacet
  facet normal -0.0654063 -0.997859 0
    outer loop
      vertex -55 7 1.2
      vertex -54.0863 6.94011 2.4
      vertex -55 7 2.4
    endloop
  endfacet
  facet normal -0.0654063 -0.997859 -0
    outer loop
      vertex -54.0863 6.94011 2.4
      vertex -55 7 1.2
      vertex -54.0863 6.94011 1.2
    endloop
  endfacet
  facet normal -0.0654063 -0.997859 0
    outer loop
      vertex -55 7 4.8
      vertex -54.0863 6.94011 5.6
      vertex -55 7 5.6
    endloop
  endfacet
  facet normal -0.0654063 -0.997859 -0
    outer loop
      vertex -54.0863 6.94011 5.6
      vertex -55 7 4.8
      vertex -54.0863 6.94011 4.8
    endloop
  endfacet
  facet normal -0.751801 -0.65939 0
    outer loop
      vertex -49.4465 4.26133 4.8
      vertex -50.0503 4.94975 5.6
      vertex -50.0503 4.94975 4.8
    endloop
  endfacet
  facet normal -0.751801 -0.65939 0
    outer loop
      vertex -50.0503 4.94975 5.6
      vertex -49.4465 4.26133 4.8
      vertex -49.4465 4.26133 5.6
    endloop
  endfacet
  facet normal -0.751801 -0.65939 0
    outer loop
      vertex -49.4465 4.26133 1.2
      vertex -50.0503 4.94975 2.4
      vertex -50.0503 4.94975 1.2
    endloop
  endfacet
  facet normal -0.751801 -0.65939 0
    outer loop
      vertex -50.0503 4.94975 2.4
      vertex -49.4465 4.26133 1.2
      vertex -49.4465 4.26133 2.4
    endloop
  endfacet
  facet normal 0 0 1
    outer loop
      vertex -48.0599 0.913683 1.2
      vertex -48.0599 -0.913683 1.2
      vertex -48 0 1.2
    endloop
  endfacet
  facet normal 0 0 1
    outer loop
      vertex -48.2385 1.81173 1.2
      vertex -48.0599 -0.913683 1.2
      vertex -48.0599 0.913683 1.2
    endloop
  endfacet
  facet normal 0 0 1
    outer loop
      vertex -48.2385 1.81173 1.2
      vertex -48.2385 -1.81173 1.2
      vertex -48.0599 -0.913683 1.2
    endloop
  endfacet
  facet normal 0 0 1
    outer loop
      vertex -48.5328 2.67878 1.2
      vertex -48.2385 -1.81173 1.2
      vertex -48.2385 1.81173 1.2
    endloop
  endfacet
  facet normal 0 0 1
    outer loop
      vertex -48.5328 2.67878 1.2
      vertex -48.5328 -2.67878 1.2
      vertex -48.2385 -1.81173 1.2
    endloop
  endfacet
  facet normal 0 0 1
    outer loop
      vertex -48.9378 3.5 1.2
      vertex -48.5328 -2.67878 1.2
      vertex -48.5328 2.67878 1.2
    endloop
  endfacet
  facet normal 0 0 1
    outer loop
      vertex -48.9378 3.5 1.2
      vertex -48.9378 -3.5 1.2
      vertex -48.5328 -2.67878 1.2
    endloop
  endfacet
  facet normal 0 0 1
    outer loop
      vertex -49.4465 4.26133 1.2
      vertex -48.9378 -3.5 1.2
      vertex -48.9378 3.5 1.2
    endloop
  endfacet
  facet normal 0 0 1
    outer loop
      vertex -49.4465 4.26133 1.2
      vertex -49.4465 -4.26133 1.2
      vertex -48.9378 -3.5 1.2
    endloop
  endfacet
  facet normal 0 0 1
    outer loop
      vertex -50.0503 4.94975 1.2
      vertex -49.4465 -4.26133 1.2
      vertex -49.4465 4.26133 1.2
    endloop
  endfacet
  facet normal 0 0 1
    outer loop
      vertex -50.0503 4.94975 1.2
      vertex -50.0503 -4.94975 1.2
      vertex -49.4465 -4.26133 1.2
    endloop
  endfacet
  facet normal 0 0 1
    outer loop
      vertex -50.7387 5.55347 1.2
      vertex -50.0503 -4.94975 1.2
      vertex -50.0503 4.94975 1.2
    endloop
  endfacet
  facet normal 0 0 1
    outer loop
      vertex -51.75 6.18546 1.2
      vertex -50.0503 -4.94975 1.2
      vertex -50.7387 5.55347 1.2
    endloop
  endfacet
  facet normal 0 0 1
    outer loop
      vertex -51.75 6.18546 1.2
      vertex -50.7387 5.55347 1.2
      vertex -51.5 6.06218 1.2
    endloop
  endfacet
  facet normal 0 0 1
    outer loop
      vertex -50.0503 -4.94975 1.2
      vertex -51.75 6.18546 1.2
      vertex -50.7387 -5.55347 1.2
    endloop
  endfacet
  facet normal 0 0 1
    outer loop
      vertex -51.75 -6.18546 1.2
      vertex -50.7387 -5.55347 1.2
      vertex -51.75 6.18546 1.2
    endloop
  endfacet
  facet normal 0 0 1
    outer loop
      vertex -50.7387 -5.55347 1.2
      vertex -51.75 -6.18546 1.2
      vertex -51.5 -6.06218 1.2
    endloop
  endfacet
  facet normal 0 0 1
    outer loop
      vertex -55 7 1.2
      vertex -53.65 6.85332 1.2
      vertex -54.0863 6.94011 1.2
    endloop
  endfacet
  facet normal 0 0 1
    outer loop
      vertex -53.65 6.85332 1.2
      vertex -55 7 1.2
      vertex -53.65 -6.85332 1.2
    endloop
  endfacet
  facet normal 0 0 1
    outer loop
      vertex -55 -7 1.2
      vertex -53.65 -6.85332 1.2
      vertex -55 7 1.2
    endloop
  endfacet
  facet normal 0 0 1
    outer loop
      vertex -53.65 -6.85332 1.2
      vertex -55 -7 1.2
      vertex -54.0863 -6.94011 1.2
    endloop
  endfacet
  facet normal -0.896864 -0.442305 0
    outer loop
      vertex -48.5328 2.67878 1.2
      vertex -48.9378 3.5 2.4
      vertex -48.9378 3.5 1.2
    endloop
  endfacet
  facet normal -0.896864 -0.442305 0
    outer loop
      vertex -48.9378 3.5 2.4
      vertex -48.5328 2.67878 1.2
      vertex -48.5328 2.67878 2.4
    endloop
  endfacet
  facet normal -0.896864 -0.442305 0
    outer loop
      vertex -48.5328 2.67878 4.8
      vertex -48.9378 3.5 5.6
      vertex -48.9378 3.5 4.8
    endloop
  endfacet
  facet normal -0.896864 -0.442305 0
    outer loop
      vertex -48.9378 3.5 5.6
      vertex -48.5328 2.67878 4.8
      vertex -48.5328 2.67878 5.6
    endloop
  endfacet
  facet normal -0.980792 -0.195056 0
    outer loop
      vertex -48.0599 0.913683 1.2
      vertex -48.2385 1.81173 2.4
      vertex -48.2385 1.81173 1.2
    endloop
  endfacet
  facet normal -0.980792 -0.195056 0
    outer loop
      vertex -48.2385 1.81173 2.4
      vertex -48.0599 0.913683 1.2
      vertex -48.0599 0.913683 2.4
    endloop
  endfacet
  facet normal -0.980792 -0.195056 0
    outer loop
      vertex -48.0599 0.913683 4.8
      vertex -48.2385 1.81173 5.6
      vertex -48.2385 1.81173 4.8
    endloop
  endfacet
  facet normal -0.980792 -0.195056 0
    outer loop
      vertex -48.2385 1.81173 5.6
      vertex -48.0599 0.913683 4.8
      vertex -48.0599 0.913683 5.6
    endloop
  endfacet
  facet normal -0.831472 -0.555567 0
    outer loop
      vertex -48.9378 3.5 1.2
      vertex -49.4465 4.26133 2.4
      vertex -49.4465 4.26133 1.2
    endloop
  endfacet
  facet normal -0.831472 -0.555567 0
    outer loop
      vertex -49.4465 4.26133 2.4
      vertex -48.9378 3.5 1.2
      vertex -48.9378 3.5 2.4
    endloop
  endfacet
  facet normal -0.831472 -0.555567 0
    outer loop
      vertex -48.9378 3.5 4.8
      vertex -49.4465 4.26133 5.6
      vertex -49.4465 4.26133 4.8
    endloop
  endfacet
  facet normal -0.831472 -0.555567 0
    outer loop
      vertex -49.4465 4.26133 5.6
      vertex -48.9378 3.5 4.8
      vertex -48.9378 3.5 5.6
    endloop
  endfacet
  facet normal -0.442308 -0.896863 0
    outer loop
      vertex -51.75 6.18546 2.2
      vertex -52.3212 6.46716 2.4
      vertex -52.3212 6.46716 2.2
    endloop
  endfacet
  facet normal -0.442297 -0.896869 4.07588e-05
    outer loop
      vertex -52.3212 6.46716 2.4
      vertex -51.75 6.18546 2.2
      vertex -51.5 6.06218 2.4
    endloop
  endfacet
  facet normal -0.44227 -0.896882 0
    outer loop
      vertex -51.5 6.06218 1.2
      vertex -51.75 6.18546 2.2
      vertex -51.75 6.18546 1.2
    endloop
  endfacet
  facet normal -0.44227 -0.896882 0
    outer loop
      vertex -51.75 6.18546 2.2
      vertex -51.5 6.06218 1.2
      vertex -51.5 6.06218 2.4
    endloop
  endfacet
  facet normal -0.442297 -0.896869 0
    outer loop
      vertex -52.3212 6.46716 4.8
      vertex -51.5 6.06218 5.6
      vertex -52.3212 6.46716 5.6
    endloop
  endfacet
  facet normal -0.442297 -0.896869 -0
    outer loop
      vertex -51.5 6.06218 5.6
      vertex -52.3212 6.46716 4.8
      vertex -51.5 6.06218 4.8
    endloop
  endfacet
  facet normal -0.55559 -0.831457 0
    outer loop
      vertex -51.5 6.06218 1.2
      vertex -50.7387 5.55347 2.4
      vertex -51.5 6.06218 2.4
    endloop
  endfacet
  facet normal -0.55559 -0.831457 -0
    outer loop
      vertex -50.7387 5.55347 2.4
      vertex -51.5 6.06218 1.2
      vertex -50.7387 5.55347 1.2
    endloop
  endfacet
  facet normal -0.55559 -0.831457 0
    outer loop
      vertex -51.5 6.06218 4.8
      vertex -50.7387 5.55347 5.6
      vertex -51.5 6.06218 5.6
    endloop
  endfacet
  facet normal -0.55559 -0.831457 -0
    outer loop
      vertex -50.7387 5.55347 5.6
      vertex -51.5 6.06218 4.8
      vertex -50.7387 5.55347 4.8
    endloop
  endfacet
  facet normal 0 0 -1
    outer loop
      vertex -48.0599 -0.913683 5.6
      vertex -48.0599 0.913683 5.6
      vertex -48 0 5.6
    endloop
  endfacet
  facet normal 0 0 -1
    outer loop
      vertex -48.2385 -1.81173 5.6
      vertex -48.0599 0.913683 5.6
      vertex -48.0599 -0.913683 5.6
    endloop
  endfacet
  facet normal 0 0 -1
    outer loop
      vertex -48.2385 -1.81173 5.6
      vertex -48.2385 1.81173 5.6
      vertex -48.0599 0.913683 5.6
    endloop
  endfacet
  facet normal 0 0 -1
    outer loop
      vertex -48.5328 -2.67878 5.6
      vertex -48.2385 1.81173 5.6
      vertex -48.2385 -1.81173 5.6
    endloop
  endfacet
  facet normal 0 0 -1
    outer loop
      vertex -48.5328 -2.67878 5.6
      vertex -48.5328 2.67878 5.6
      vertex -48.2385 1.81173 5.6
    endloop
  endfacet
  facet normal 0 0 -1
    outer loop
      vertex -48.9378 -3.5 5.6
      vertex -48.5328 2.67878 5.6
      vertex -48.5328 -2.67878 5.6
    endloop
  endfacet
  facet normal 0 0 -1
    outer loop
      vertex -48.9378 -3.5 5.6
      vertex -48.9378 3.5 5.6
      vertex -48.5328 2.67878 5.6
    endloop
  endfacet
  facet normal 0 0 -1
    outer loop
      vertex -49.4465 -4.26133 5.6
      vertex -48.9378 3.5 5.6
      vertex -48.9378 -3.5 5.6
    endloop
  endfacet
  facet normal 0 0 -1
    outer loop
      vertex -49.4465 -4.26133 5.6
      vertex -49.4465 4.26133 5.6
      vertex -48.9378 3.5 5.6
    endloop
  endfacet
  facet normal 0 0 -1
    outer loop
      vertex -50.0503 -4.94975 5.6
      vertex -49.4465 4.26133 5.6
      vertex -49.4465 -4.26133 5.6
    endloop
  endfacet
  facet normal 0 0 -1
    outer loop
      vertex -50.0503 -4.94975 5.6
      vertex -50.0503 4.94975 5.6
      vertex -49.4465 4.26133 5.6
    endloop
  endfacet
  facet normal 0 0 -1
    outer loop
      vertex -50.7387 -5.55347 5.6
      vertex -50.0503 4.94975 5.6
      vertex -50.0503 -4.94975 5.6
    endloop
  endfacet
  facet normal 0 0 -1
    outer loop
      vertex -50.7387 -5.55347 5.6
      vertex -50.7387 5.55347 5.6
      vertex -50.0503 4.94975 5.6
    endloop
  endfacet
  facet normal 0 0 -1
    outer loop
      vertex -51.5 -6.06218 5.6
      vertex -50.7387 5.55347 5.6
      vertex -50.7387 -5.55347 5.6
    endloop
  endfacet
  facet normal 0 0 -1
    outer loop
      vertex -51.5 -6.06218 5.6
      vertex -51.5 6.06218 5.6
      vertex -50.7387 5.55347 5.6
    endloop
  endfacet
  facet normal 0 0 -1
    outer loop
      vertex -52.3212 -6.46716 5.6
      vertex -51.5 6.06218 5.6
      vertex -51.5 -6.06218 5.6
    endloop
  endfacet
  facet normal 0 0 -1
    outer loop
      vertex -52.3212 -6.46716 5.6
      vertex -52.3212 6.46716 5.6
      vertex -51.5 6.06218 5.6
    endloop
  endfacet
  facet normal 0 0 -1
    outer loop
      vertex -53.1883 -6.76148 5.6
      vertex -52.3212 6.46716 5.6
      vertex -52.3212 -6.46716 5.6
    endloop
  endfacet
  facet normal 0 0 -1
    outer loop
      vertex -53.1883 -6.76148 5.6
      vertex -53.1883 6.76148 5.6
      vertex -52.3212 6.46716 5.6
    endloop
  endfacet
  facet normal 0 0 -1
    outer loop
      vertex -54.0863 -6.94011 5.6
      vertex -53.1883 6.76148 5.6
      vertex -53.1883 -6.76148 5.6
    endloop
  endfacet
  facet normal 0 0 -1
    outer loop
      vertex -54.0863 -6.94011 5.6
      vertex -54.0863 6.94011 5.6
      vertex -53.1883 6.76148 5.6
    endloop
  endfacet
  facet normal 0 0 -1
    outer loop
      vertex -55 -7 5.6
      vertex -54.0863 6.94011 5.6
      vertex -54.0863 -6.94011 5.6
    endloop
  endfacet
  facet normal -0 0 -1
    outer loop
      vertex -54.0863 6.94011 5.6
      vertex -55 -7 5.6
      vertex -55 7 5.6
    endloop
  endfacet
  facet normal -0.0654063 0.997859 0
    outer loop
      vertex -54.0863 -6.94011 1.2
      vertex -55 -7 2.4
      vertex -54.0863 -6.94011 2.4
    endloop
  endfacet
  facet normal -0.0654063 0.997859 0
    outer loop
      vertex -55 -7 2.4
      vertex -54.0863 -6.94011 1.2
      vertex -55 -7 1.2
    endloop
  endfacet
  facet normal -0.0654063 0.997859 0
    outer loop
      vertex -54.0863 -6.94011 4.8
      vertex -55 -7 5.6
      vertex -54.0863 -6.94011 5.6
    endloop
  endfacet
  facet normal -0.0654063 0.997859 0
    outer loop
      vertex -55 -7 5.6
      vertex -54.0863 -6.94011 4.8
      vertex -55 -7 4.8
    endloop
  endfacet
  facet normal -0.442297 0.896869 0
    outer loop
      vertex -51.5 -6.06218 4.8
      vertex -52.3212 -6.46716 5.6
      vertex -51.5 -6.06218 5.6
    endloop
  endfacet
  facet normal -0.442297 0.896869 0
    outer loop
      vertex -52.3212 -6.46716 5.6
      vertex -51.5 -6.06218 4.8
      vertex -52.3212 -6.46716 4.8
    endloop
  endfacet
  facet normal -0.442297 0.896869 4.07588e-05
    outer loop
      vertex -51.5 -6.06218 2.4
      vertex -51.75 -6.18546 2.2
      vertex -52.3212 -6.46716 2.4
    endloop
  endfacet
  facet normal -0.44227 0.896882 0
    outer loop
      vertex -51.5 -6.06218 1.2
      vertex -51.75 -6.18546 2.2
      vertex -51.5 -6.06218 2.4
    endloop
  endfacet
  facet normal -0.44227 0.896882 0
    outer loop
      vertex -51.75 -6.18546 2.2
      vertex -51.5 -6.06218 1.2
      vertex -51.75 -6.18546 1.2
    endloop
  endfacet
  facet normal -0.442308 0.896863 0
    outer loop
      vertex -52.3212 -6.46716 2.4
      vertex -51.75 -6.18546 2.2
      vertex -52.3212 -6.46716 2.2
    endloop
  endfacet
  facet normal -0.946938 -0.321416 0
    outer loop
      vertex -48.2385 1.81173 1.2
      vertex -48.5328 2.67878 2.4
      vertex -48.5328 2.67878 1.2
    endloop
  endfacet
  facet normal -0.946938 -0.321416 0
    outer loop
      vertex -48.5328 2.67878 2.4
      vertex -48.2385 1.81173 1.2
      vertex -48.2385 1.81173 2.4
    endloop
  endfacet
  facet normal -0.946938 -0.321416 0
    outer loop
      vertex -48.2385 1.81173 4.8
      vertex -48.5328 2.67878 5.6
      vertex -48.5328 2.67878 4.8
    endloop
  endfacet
  facet normal -0.946938 -0.321416 0
    outer loop
      vertex -48.5328 2.67878 5.6
      vertex -48.2385 1.81173 4.8
      vertex -48.2385 1.81173 5.6
    endloop
  endfacet
  facet normal -0.321419 -0.946937 0
    outer loop
      vertex -53.1883 6.76148 4.8
      vertex -52.3212 6.46716 5.6
      vertex -53.1883 6.76148 5.6
    endloop
  endfacet
  facet normal -0.321419 -0.946937 -0
    outer loop
      vertex -52.3212 6.46716 5.6
      vertex -53.1883 6.76148 4.8
      vertex -52.3212 6.46716 4.8
    endloop
  endfacet
  facet normal -0.321419 -0.946937 0
    outer loop
      vertex -53.1883 6.76148 2.2
      vertex -52.3212 6.46716 2.4
      vertex -53.1883 6.76148 2.4
    endloop
  endfacet
  facet normal -0.321419 -0.946937 -0
    outer loop
      vertex -52.3212 6.46716 2.4
      vertex -53.1883 6.76148 2.2
      vertex -52.3212 6.46716 2.2
    endloop
  endfacet
  facet normal -0.195097 -0.980784 0
    outer loop
      vertex -54.0863 6.94011 4.8
      vertex -53.1883 6.76148 5.6
      vertex -54.0863 6.94011 5.6
    endloop
  endfacet
  facet normal -0.195097 -0.980784 -0
    outer loop
      vertex -53.1883 6.76148 5.6
      vertex -54.0863 6.94011 4.8
      vertex -53.1883 6.76148 4.8
    endloop
  endfacet
  facet normal -0.195097 -0.980784 6.28554e-06
    outer loop
      vertex -54.0863 6.94011 2.4
      vertex -53.65 6.85332 2.2
      vertex -53.1883 6.76148 2.4
    endloop
  endfacet
  facet normal -0.1951 -0.980783 0
    outer loop
      vertex -54.0863 6.94011 1.2
      vertex -53.65 6.85332 2.2
      vertex -54.0863 6.94011 2.4
    endloop
  endfacet
  facet normal -0.1951 -0.980783 -0
    outer loop
      vertex -53.65 6.85332 2.2
      vertex -54.0863 6.94011 1.2
      vertex -53.65 6.85332 1.2
    endloop
  endfacet
  facet normal -0.195095 -0.980784 -0
    outer loop
      vertex -53.1883 6.76148 2.4
      vertex -53.65 6.85332 2.2
      vertex -53.1883 6.76148 2.2
    endloop
  endfacet
  facet normal -0.659352 -0.751835 0
    outer loop
      vertex -50.7387 5.55347 1.2
      vertex -50.0503 4.94975 2.4
      vertex -50.7387 5.55347 2.4
    endloop
  endfacet
  facet normal -0.659352 -0.751835 -0
    outer loop
      vertex -50.0503 4.94975 2.4
      vertex -50.7387 5.55347 1.2
      vertex -50.0503 4.94975 1.2
    endloop
  endfacet
  facet normal -0.659352 -0.751835 0
    outer loop
      vertex -50.7387 5.55347 4.8
      vertex -50.0503 4.94975 5.6
      vertex -50.7387 5.55347 5.6
    endloop
  endfacet
  facet normal -0.659352 -0.751835 -0
    outer loop
      vertex -50.0503 4.94975 5.6
      vertex -50.7387 5.55347 4.8
      vertex -50.0503 4.94975 4.8
    endloop
  endfacet
  facet normal -0.997858 0.0654184 0
    outer loop
      vertex -48.0599 -0.913683 4.8
      vertex -48 0 5.6
      vertex -48 0 4.8
    endloop
  endfacet
  facet normal -0.997858 0.0654184 0
    outer loop
      vertex -48 0 5.6
      vertex -48.0599 -0.913683 4.8
      vertex -48.0599 -0.913683 5.6
    endloop
  endfacet
  facet normal -0.997858 0.0654184 0
    outer loop
      vertex -48.0599 -0.913683 1.2
      vertex -48 0 2.4
      vertex -48 0 1.2
    endloop
  endfacet
  facet normal -0.997858 0.0654184 0
    outer loop
      vertex -48 0 2.4
      vertex -48.0599 -0.913683 1.2
      vertex -48.0599 -0.913683 2.4
    endloop
  endfacet
  facet normal -0.195097 0.980784 0
    outer loop
      vertex -53.1883 -6.76148 4.8
      vertex -54.0863 -6.94011 5.6
      vertex -53.1883 -6.76148 5.6
    endloop
  endfacet
  facet normal -0.195097 0.980784 0
    outer loop
      vertex -54.0863 -6.94011 5.6
      vertex -53.1883 -6.76148 4.8
      vertex -54.0863 -6.94011 4.8
    endloop
  endfacet
  facet normal -0.195095 0.980784 0
    outer loop
      vertex -53.65 -6.85332 2.2
      vertex -53.1883 -6.76148 2.4
      vertex -53.1883 -6.76148 2.2
    endloop
  endfacet
  facet normal -0.195097 0.980784 6.28554e-06
    outer loop
      vertex -53.1883 -6.76148 2.4
      vertex -53.65 -6.85332 2.2
      vertex -54.0863 -6.94011 2.4
    endloop
  endfacet
  facet normal -0.1951 0.980783 0
    outer loop
      vertex -54.0863 -6.94011 1.2
      vertex -53.65 -6.85332 2.2
      vertex -53.65 -6.85332 1.2
    endloop
  endfacet
  facet normal -0.1951 0.980783 0
    outer loop
      vertex -53.65 -6.85332 2.2
      vertex -54.0863 -6.94011 1.2
      vertex -54.0863 -6.94011 2.4
    endloop
  endfacet
  facet normal -0.55559 0.831457 0
    outer loop
      vertex -50.7387 -5.55347 1.2
      vertex -51.5 -6.06218 2.4
      vertex -50.7387 -5.55347 2.4
    endloop
  endfacet
  facet normal -0.55559 0.831457 0
    outer loop
      vertex -51.5 -6.06218 2.4
      vertex -50.7387 -5.55347 1.2
      vertex -51.5 -6.06218 1.2
    endloop
  endfacet
  facet normal -0.55559 0.831457 0
    outer loop
      vertex -50.7387 -5.55347 4.8
      vertex -51.5 -6.06218 5.6
      vertex -50.7387 -5.55347 5.6
    endloop
  endfacet
  facet normal -0.55559 0.831457 0
    outer loop
      vertex -51.5 -6.06218 5.6
      vertex -50.7387 -5.55347 4.8
      vertex -51.5 -6.06218 4.8
    endloop
  endfacet
  facet normal -0.751801 0.65939 0
    outer loop
      vertex -50.0503 -4.94975 4.8
      vertex -49.4465 -4.26133 5.6
      vertex -49.4465 -4.26133 4.8
    endloop
  endfacet
  facet normal -0.751801 0.65939 0
    outer loop
      vertex -49.4465 -4.26133 5.6
      vertex -50.0503 -4.94975 4.8
      vertex -50.0503 -4.94975 5.6
    endloop
  endfacet
  facet normal -0.751801 0.65939 0
    outer loop
      vertex -50.0503 -4.94975 1.2
      vertex -49.4465 -4.26133 2.4
      vertex -49.4465 -4.26133 1.2
    endloop
  endfacet
  facet normal -0.751801 0.65939 0
    outer loop
      vertex -49.4465 -4.26133 2.4
      vertex -50.0503 -4.94975 1.2
      vertex -50.0503 -4.94975 2.4
    endloop
  endfacet
  facet normal -0.896864 0.442305 0
    outer loop
      vertex -48.9378 -3.5 1.2
      vertex -48.5328 -2.67878 2.4
      vertex -48.5328 -2.67878 1.2
    endloop
  endfacet
  facet normal -0.896864 0.442305 0
    outer loop
      vertex -48.5328 -2.67878 2.4
      vertex -48.9378 -3.5 1.2
      vertex -48.9378 -3.5 2.4
    endloop
  endfacet
  facet normal -0.896864 0.442305 0
    outer loop
      vertex -48.9378 -3.5 4.8
      vertex -48.5328 -2.67878 5.6
      vertex -48.5328 -2.67878 4.8
    endloop
  endfacet
  facet normal -0.896864 0.442305 0
    outer loop
      vertex -48.5328 -2.67878 5.6
      vertex -48.9378 -3.5 4.8
      vertex -48.9378 -3.5 5.6
    endloop
  endfacet
  facet normal -0.946938 0.321416 0
    outer loop
      vertex -48.5328 -2.67878 1.2
      vertex -48.2385 -1.81173 2.4
      vertex -48.2385 -1.81173 1.2
    endloop
  endfacet
  facet normal -0.946938 0.321416 0
    outer loop
      vertex -48.2385 -1.81173 2.4
      vertex -48.5328 -2.67878 1.2
      vertex -48.5328 -2.67878 2.4
    endloop
  endfacet
  facet normal -0.946938 0.321416 0
    outer loop
      vertex -48.5328 -2.67878 4.8
      vertex -48.2385 -1.81173 5.6
      vertex -48.2385 -1.81173 4.8
    endloop
  endfacet
  facet normal -0.946938 0.321416 0
    outer loop
      vertex -48.2385 -1.81173 5.6
      vertex -48.5328 -2.67878 4.8
      vertex -48.5328 -2.67878 5.6
    endloop
  endfacet
  facet normal -0.321419 0.946937 0
    outer loop
      vertex -52.3212 -6.46716 4.8
      vertex -53.1883 -6.76148 5.6
      vertex -52.3212 -6.46716 5.6
    endloop
  endfacet
  facet normal -0.321419 0.946937 0
    outer loop
      vertex -53.1883 -6.76148 5.6
      vertex -52.3212 -6.46716 4.8
      vertex -53.1883 -6.76148 4.8
    endloop
  endfacet
  facet normal -0.321419 0.946937 0
    outer loop
      vertex -52.3212 -6.46716 2.2
      vertex -53.1883 -6.76148 2.4
      vertex -52.3212 -6.46716 2.4
    endloop
  endfacet
  facet normal -0.321419 0.946937 0
    outer loop
      vertex -53.1883 -6.76148 2.4
      vertex -52.3212 -6.46716 2.2
      vertex -53.1883 -6.76148 2.2
    endloop
  endfacet
  facet normal -0.659352 0.751835 0
    outer loop
      vertex -50.0503 -4.94975 1.2
      vertex -50.7387 -5.55347 2.4
      vertex -50.0503 -4.94975 2.4
    endloop
  endfacet
  facet normal -0.659352 0.751835 0
    outer loop
      vertex -50.7387 -5.55347 2.4
      vertex -50.0503 -4.94975 1.2
      vertex -50.7387 -5.55347 1.2
    endloop
  endfacet
  facet normal -0.659352 0.751835 0
    outer loop
      vertex -50.0503 -4.94975 4.8
      vertex -50.7387 -5.55347 5.6
      vertex -50.0503 -4.94975 5.6
    endloop
  endfacet
  facet normal -0.659352 0.751835 0
    outer loop
      vertex -50.7387 -5.55347 5.6
      vertex -50.0503 -4.94975 4.8
      vertex -50.7387 -5.55347 4.8
    endloop
  endfacet
  facet normal -0.831472 0.555567 0
    outer loop
      vertex -49.4465 -4.26133 1.2
      vertex -48.9378 -3.5 2.4
      vertex -48.9378 -3.5 1.2
    endloop
  endfacet
  facet normal -0.831472 0.555567 0
    outer loop
      vertex -48.9378 -3.5 2.4
      vertex -49.4465 -4.26133 1.2
      vertex -49.4465 -4.26133 2.4
    endloop
  endfacet
  facet normal -0.831472 0.555567 0
    outer loop
      vertex -49.4465 -4.26133 4.8
      vertex -48.9378 -3.5 5.6
      vertex -48.9378 -3.5 4.8
    endloop
  endfacet
  facet normal -0.831472 0.555567 0
    outer loop
      vertex -48.9378 -3.5 5.6
      vertex -49.4465 -4.26133 4.8
      vertex -49.4465 -4.26133 5.6
    endloop
  endfacet
  facet normal -0.980792 0.195056 0
    outer loop
      vertex -48.2385 -1.81173 4.8
      vertex -48.0599 -0.913683 5.6
      vertex -48.0599 -0.913683 4.8
    endloop
  endfacet
  facet normal -0.980792 0.195056 0
    outer loop
      vertex -48.0599 -0.913683 5.6
      vertex -48.2385 -1.81173 4.8
      vertex -48.2385 -1.81173 5.6
    endloop
  endfacet
  facet normal -0.980792 0.195056 0
    outer loop
      vertex -48.2385 -1.81173 1.2
      vertex -48.0599 -0.913683 2.4
      vertex -48.0599 -0.913683 1.2
    endloop
  endfacet
  facet normal -0.980792 0.195056 0
    outer loop
      vertex -48.0599 -0.913683 2.4
      vertex -48.2385 -1.81173 1.2
      vertex -48.2385 -1.81173 2.4
    endloop
  endfacet
  facet normal 1 -0 0
    outer loop
      vertex -35 -11 2.4
      vertex -35 11 0
      vertex -35 11 2.4
    endloop
  endfacet
  facet normal 1 0 0
    outer loop
      vertex -35 11 0
      vertex -35 -11 2.4
      vertex -35 -11 0
    endloop
  endfacet
  facet normal 1 -0 0
    outer loop
      vertex -35 -11 6.8
      vertex -35 11 4.8
      vertex -35 11 6.8
    endloop
  endfacet
  facet normal 1 0 0
    outer loop
      vertex -35 11 4.8
      vertex -35 -11 6.8
      vertex -35 -11 4.8
    endloop
  endfacet
  facet normal -1 0 0
    outer loop
      vertex 35 -11 0
      vertex 35 11 6.8
      vertex 35 11 0
    endloop
  endfacet
  facet normal -1 -0 0
    outer loop
      vertex 35 11 6.8
      vertex 35 -11 0
      vertex 35 -11 6.8
    endloop
  endfacet
  facet normal 0 1 0
    outer loop
      vertex 35 -11 6.8
      vertex 32.25 -11 4.8
      vertex -35 -11 6.8
    endloop
  endfacet
  facet normal 0 1 0
    outer loop
      vertex 35 -11 6.8
      vertex 32.25 -11 2.4
      vertex 32.25 -11 4.8
    endloop
  endfacet
  facet normal 0 1 -0
    outer loop
      vertex 35 -11 0
      vertex 32.25 -11 2.4
      vertex 35 -11 6.8
    endloop
  endfacet
  facet normal 0 1 0
    outer loop
      vertex -35 -11 0
      vertex 32.25 -11 2.4
      vertex 35 -11 0
    endloop
  endfacet
  facet normal 0 1 0
    outer loop
      vertex 32.25 -11 2.4
      vertex -35 -11 0
      vertex -35 -11 2.4
    endloop
  endfacet
  facet normal 0 1 0
    outer loop
      vertex -35 -11 6.8
      vertex 32.25 -11 4.8
      vertex -35 -11 4.8
    endloop
  endfacet
  facet normal 0 -1 0
    outer loop
      vertex -35 11 2.4
      vertex -35 11 0
      vertex 32.25 11 2.4
    endloop
  endfacet
  facet normal 0 -1 0
    outer loop
      vertex 32.25 11 4.8
      vertex -35 11 6.8
      vertex -35 11 4.8
    endloop
  endfacet
  facet normal 0 -1 0
    outer loop
      vertex -35 11 6.8
      vertex 32.25 11 4.8
      vertex 35 11 6.8
    endloop
  endfacet
  facet normal 0 -1 0
    outer loop
      vertex 32.25 11 2.4
      vertex 35 11 6.8
      vertex 32.25 11 4.8
    endloop
  endfacet
  facet normal 0 -1 0
    outer loop
      vertex 32.25 11 2.4
      vertex 35 11 0
      vertex 35 11 6.8
    endloop
  endfacet
  facet normal 0 -1 0
    outer loop
      vertex 35 11 0
      vertex 32.25 11 2.4
      vertex -35 11 0
    endloop
  endfacet
  facet normal 1 -0 0
    outer loop
      vertex -47.2 -17.25 10
      vertex -47.2 17.25 6.8
      vertex -47.2 17.25 10
    endloop
  endfacet
  facet normal 1 0 0
    outer loop
      vertex -47.2 17.25 6.8
      vertex -47.2 -17.25 10
      vertex -47.2 -17.25 6.8
    endloop
  endfacet
  facet normal 0 -1 0
    outer loop
      vertex -47.2 17.25 6.8
      vertex 55 17.25 10
      vertex -47.2 17.25 10
    endloop
  endfacet
  facet normal 0 -1 -0
    outer loop
      vertex 55 17.25 10
      vertex -47.2 17.25 6.8
      vertex 55 17.25 6.8
    endloop
  endfacet
  facet normal 0 0 1
    outer loop
      vertex 55 17.25 6.8
      vertex 35 11 6.8
      vertex 55 -17.25 6.8
    endloop
  endfacet
  facet normal -0 0 1
    outer loop
      vertex -47.2 17.25 6.8
      vertex 35 11 6.8
      vertex 55 17.25 6.8
    endloop
  endfacet
  facet normal 0 0 1
    outer loop
      vertex -35 11 6.8
      vertex -47.2 17.25 6.8
      vertex -35 -11 6.8
    endloop
  endfacet
  facet normal 0 0 1
    outer loop
      vertex 35 11 6.8
      vertex -47.2 17.25 6.8
      vertex -35 11 6.8
    endloop
  endfacet
  facet normal -0 0 1
    outer loop
      vertex 35 -11 6.8
      vertex 55 -17.25 6.8
      vertex 35 11 6.8
    endloop
  endfacet
  facet normal 0 0 1
    outer loop
      vertex -47.2 -17.25 6.8
      vertex 35 -11 6.8
      vertex -35 -11 6.8
    endloop
  endfacet
  facet normal 0 0 1
    outer loop
      vertex 35 -11 6.8
      vertex -47.2 -17.25 6.8
      vertex 55 -17.25 6.8
    endloop
  endfacet
  facet normal 0 0 1
    outer loop
      vertex -47.2 -17.25 6.8
      vertex -35 -11 6.8
      vertex -47.2 17.25 6.8
    endloop
  endfacet
  facet normal 0 1 -0
    outer loop
      vertex 55 -17.25 6.8
      vertex -47.2 -17.25 10
      vertex 55 -17.25 10
    endloop
  endfacet
  facet normal 0 1 0
    outer loop
      vertex -47.2 -17.25 10
      vertex 55 -17.25 6.8
      vertex -47.2 -17.25 6.8
    endloop
  endfacet
endsolid OpenSCAD_Model
