"file","x1","y1","x2","y2","x3","y3","x4","y4","x5","y5","x6","y6","x7","y7","x8","y8","x9","y9","x10","y10","x11","y11","x12","y12","x13","y13","x14","y14","x15","y15","x16","y16","x17","y17","x18","y18","x19","y19"
"ES-0517-1-23.dw.png","595","801","658","800","737","975","753","855","775","661","921","980","1045","1059","1010","1003","1116","929","1050","885","1140","803","1150","708","1185","635","1217","1039","1302","957","1487","865","1568","855","1583","785","309","967"
"ES-0517-1-24.dw.png","606","798","659","790","766","955","757","832","756","640","945","935","1078","1000","1031","948","1131","857","1060","824","1146","733","1144","637","1170","560","1238","957","1301","864","1455","750","1555","721","1570","649","314","1000"
"ES-0517-1-25.dw.png","574","742","632","727","756","885","728","760","709","574","927","848","1065","900","1023","855","1113","754","1031","726","1094","629","1079","532","1101","458","1225","843","1293","736","1439","611","1520","580","1524","507","317","964"
"ES-0517-1-26.dw.png","467","741","531","735","622","911","628","784","641","592","808","904","936","975","894","922","1010","844","923","799","1013","713","1018","614","1048","539","1102","943","1164","862","1332","760","1448","736","1453","657","196","925"
"ES-0517-1-27.dw.png","492","700","554","687","661","858","649","726","642","542","840","832","971","889","934","843","1039","748","946","716","1022","621","1019","520","1039","449","1140","842","1215","746","1381","624","1460","600","1467","523","229","912"
"ES-0517-1-28.dw.png","495","813","552","802","675","968","672","845","652","654","854","939","977","996","941","949","1041","856","951","823","1036","726","1026","627","1045","550","1136","945","1192","858","1366","730","1467","697","1467","622","244","1030"
"ES-0517-1-29.dw.png","458","874","524","864","642","1033","611","902","611","707","818","1010","955","1065","910","1019","1011","921","924","888","1005","792","999","687","1018","608","1119","1013","1177","921","1354","790","1442","764","1451","689","211","1085"
"ES-0517-1-30.dw.png","468","861","532","852","614","1023","616","895","623","705","798","1007","935","1069","891","1020","994","930","923","894","996","802","993","704","1019","634","1102","1025","1173","934","1328","823","1416","796","1417","727","197","1053"
"ES-0517-1-31.dw.png","567","750","623","742","723","913","701","784","715","606","910","901","1040","968","1000","918","1102","830","1023","790","1104","698","1108","605","1137","532","1200","927","1273","837","1432","722","1525","699","1529","630","289","938"
"ES-0517-1-32.dw.png","481","686","536","673","657","839","649","717","633","531","839","808","971","865","929","819","1027","728","932","696","1017","604","1011","508","1031","432","1128","818","1194","725","1349","610","1452","576","1455","501","229","897"
"ES-0518-2-32.dw.png","534","762","591","760","684","945","688","819","704","623","865","947","992","1024","956","972","1066","893","979","845","1077","764","1084","664","1115","589","1150","1001","1236","908","1417","818","1519","805","1527","734","242","933"
"ES-0518-2-33.dw.png","695","730","759","730","827","910","841","783","879","591","1033","915","1158","991","1118","939","1242","863","1155","817","1248","729","1254","629","1286","557","1325","970","1413","880","1601","790","1695","778","1706","705","407","908"
"ES-0518-2-34.dw.png","569","728","627","723","721","898","722","773","732","582","903","889","1043","961","998","909","1110","829","1019","783","1112","698","1111","594","1142","518","1204","925","1282","843","1469","728","1555","707","1567","636","301","916"
"ES-0518-2-35.dw.png","495","833","557","829","654","1011","649","885","670","696","832","1013","965","1091","926","1038","1041","964","947","911","1040","831","1049","737","1082","664","1135","1067","1211","981","1393","891","1496","877","1512","812","209","999"
"ES-0518-2-36.dw.png","612","818","668","813","768","993","764","865","781","674","952","987","1079","1062","1045","1008","1151","927","1058","878","1162","796","1167","695","1192","619","1244","1031","1333","939","1514","835","1612","819","1623","750","325","1005"
"ES-0518-2-37.dw.png","557","758","630","757","703","938","724","814","744","613","908","937","1047","1013","1005","960","1112","877","1045","839","1126","750","1130","652","1157","575","1221","987","1299","896","1481","797","1583","780","1593","709","278","944"
"ES-0518-2-38.dw.png","529","859","590","855","657","1035","681","910","713","721","856","1044","979","1127","945","1071","1067","994","977","943","1083","863","1093","765","1128","689","1159","1105","1235","1026","1437","927","1535","914","1557","846","256","1033"
"ES-0518-2-39.dw.png","464","709","537","707","613","884","628","759","643","566","811","879","946","952","906","899","1017","816","932","774","1017","689","1016","587","1042","513","1110","922","1183","828","1363","726","1465","704","1472","632","192","894"
"ES-0518-2-40.dw.png","502","799","565","792","662","969","661","842","669","654","856","953","992","1022","950","969","1054","886","968","843","1054","759","1054","664","1074","588","1155","984","1222","895","1401","785","1500","762","1509","697","234","991"
"ES-0518-2-41.dw.png","557","766","628","763","698","939","712","814","742","620","889","940","1036","1022","987","965","1112","890","1017","841","1122","762","1125","658","1159","584","1200","998","1275","908","1456","815","1563","798","1580","730","260","938"
"ES-0519-3-41.dw.png","599","671","658","668","736","847","758","720","776","528","940","840","1079","913","1047","863","1145","777","1058","735","1154","648","1164","549","1193","469","1247","882","1325","794","1519","683","1609","666","1624","596","305","853"
"ES-0519-3-42.dw.png","589","870","654","863","764","1043","761","911","760","712","946","1027","1082","1095","1045","1044","1150","947","1060","909","1145","811","1141","706","1171","629","1243","1053","1327","955","1513","828","1598","806","1605","731","315","1086"
"ES-0519-3-43.dw.png","486","849","549","848","630","1022","628","894","666","707","827","1020","948","1093","917","1042","1017","954","946","913","1035","828","1035","728","1074","661","1118","1065","1202","973","1389","870","1477","854","1491","782","201","1026"
"ES-0519-3-44.dw.png","510","802","577","806","642","992","662","866","704","679","845","1004","962","1086","932","1032","1042","960","964","910","1064","841","1078","747","1126","673","1137","1073","1223","988","1402","909","1507","901","1530","830","201","958"
"ES-0519-3-45.dw.png","453","746","518","746","609","939","620","801","645","598","813","935","937","1011","900","958","1025","865","933","823","1024","727","1022","618","1055","545","1107","975","1202","874","1381","768","1471","755","1494","684","173","950"
"ES-0519-3-46.dw.png","501","750","561","754","622","929","662","812","699","619","836","938","964","1020","927","966","1043","890","974","845","1068","761","1076","664","1112","589","1141","1000","1221","914","1422","817","1521","808","1547","742","208","917"
"ES-0519-3-47.dw.png","533","903","590","896","700","1067","705","946","705","754","899","1055","1018","1116","984","1071","1080","980","983","940","1081","856","1079","759","1109","682","1177","1076","1254","982","1432","866","1520","848","1537","780","278","1098"
"ES-0519-3-48.dw.png","483","854","548","846","632","1025","652","902","665","707","829","1022","958","1099","914","1042","1030","955","962","917","1052","829","1046","722","1075","653","1132","1063","1211","972","1406","865","1496","848","1516","779","206","1050"
"ES-0519-3-49.dw.png","505","811","570","815","648","1010","678","883","702","679","849","1016","972","1096","936","1042","1051","965","974","917","1071","835","1079","731","1120","658","1142","1077","1225","991","1420","895","1529","882","1550","811","215","995"
"ES-0519-3-50.dw.png","491","745","556","747","647","935","660","809","679","607","827","937","962","1014","917","961","1041","882","939","829","1050","748","1059","650","1102","571","1123","990","1208","903","1406","801","1506","790","1525","717","211","937"
"ES-0520-4-50.dw.png","478","697","540","689","641","869","639","742","642","544","818","866","938","936","898","885","1012","799","927","757","1020","672","1025","568","1061","490","1108","904","1197","808","1382","704","1468","689","1480","619","198","880"
"ES-0520-4-51.dw.png","442","897","509","888","619","1063","598","931","604","738","808","1052","941","1117","893","1066","987","976","908","939","1003","846","1003","744","1032","668","1106","1079","1180","983","1366","869","1460","848","1465","771","180","1097"
"ES-0520-4-52.dw.png","471","801","531","790","643","965","618","830","624","642","837","957","955","1026","914","977","1021","878","919","835","1027","741","1025","636","1050","555","1112","980","1199","876","1390","759","1481","739","1484","662","195","1003"
"ES-0520-4-53.dw.png","526","943","584","933","707","1095","681","975","670","776","865","1078","1014","1143","967","1090","1070","998","977","963","1069","874","1060","767","1091","688","1179","1095","1250","994","1429","870","1533","844","1538","773","266","1152"
"ES-0520-4-54.dw.png","468","779","527","770","647","942","631","816","623","622","826","934","954","1004","906","951","1025","866","920","819","1020","731","1021","626","1047","546","1112","968","1189","869","1388","754","1475","735","1488","662","215","984"
"ES-0520-4-55.dw.png","500","769","561","769","647","956","661","831","681","629","842","968","962","1046","922","990","1026","910","942","860","1044","784","1056","679","1097","604","1119","1027","1216","936","1400","844","1495","832","1505","758","206","934"
"ES-0520-4-56.dw.png","519","752","585","754","661","930","685","813","697","622","853","938","973","1018","942","965","1045","887","954","838","1058","764","1064","665","1097","590","1143","995","1236","908","1405","824","1520","810","1531","742","234","922"
"ES-0520-4-57.dw.png","521","659","578","657","678","835","678","704","696","513","870","832","997","899","961","853","1063","768","976","722","1077","639","1081","538","1116","460","1166","869","1246","781","1443","670","1533","655","1538","580","239","853"
"ES-0520-4-58.dw.png","483","752","543","749","632","927","646","804","657","606","823","924","946","995","908","945","1020","861","926","816","1022","736","1023","634","1051","558","1121","961","1206","873","1383","774","1492","755","1503","687","200","940"
"ES-0520-4-59.dw.png","473","695","540","690","631","868","629","740","643","549","826","865","955","937","914","885","1021","800","930","755","1031","678","1041","576","1076","502","1121","909","1201","810","1388","714","1483","699","1488","628","203","888"
"ES-0521-7-59.dw.png","486","875","534","868","631","1044","638","918","645","723","812","1035","945","1110","899","1055","1009","971","934","929","1028","842","1041","742","1080","668","1123","1074","1193","992","1382","885","1481","868","1491","795","205","1056"
"ES-0521-7-60.dw.png","681","930","737","925","834","1092","838","972","855","780","1029","1078","1163","1143","1116","1093","1224","1005","1138","966","1240","878","1245","779","1282","705","1335","1102","1406","1011","1581","901","1684","878","1692","806","415","1122"
"ES-0521-7-61.dw.png","573","862","624","855","711","1020","718","902","735","715","888","1013","1034","1086","981","1035","1088","952","1017","911","1113","828","1121","730","1160","659","1202","1054","1274","967","1456","863","1563","845","1576","777","293","1043"
"ES-0521-7-62.dw.png","467","947","524","942","633","1112","630","991","644","786","823","1100","957","1167","907","1114","1016","1025","927","984","1019","896","1017","796","1057","722","1121","1128","1187","1032","1370","913","1472","891","1477","817","201","1142"
"ES-0521-7-63.dw.png","546","756","604","754","695","930","704","811","723","611","883","936","1019","1014","972","959","1074","882","1012","840","1108","760","1120","661","1165","588","1181","995","1266","907","1445","811","1560","798","1569","725","257","921"
"ES-0521-7-64.dw.png","413","895","467","884","577","1060","580","934","579","732","763","1044","899","1108","852","1061","962","966","871","926","973","832","975","728","1006","653","1060","1070","1134","974","1325","849","1439","824","1439","751","141","1089"
"ES-0521-7-65.dw.png","434","805","489","799","603","968","592","845","600","637","784","952","924","1016","875","966","980","871","905","834","1004","741","1000","633","1029","561","1097","967","1177","871","1368","747","1463","724","1465","654","166","1004"
"ES-0521-7-66.dw.png","357","862","412","854","515","1030","520","904","519","706","716","1022","831","1085","798","1038","901","950","817","910","914","823","922","717","952","644","991","1056","1075","964","1261","850","1356","832","1368","762","77","1041"
"ES-0521-7-67.dw.png","444","843","497","834","609","1011","587","880","605","695","781","1001","914","1069","867","1021","979","929","895","889","998","810","1004","703","1029","633","1087","1037","1169","946","1339","844","1454","823","1458","754","164","1032"
"ES-0521-7-68.dw.png","467","927","524","920","621","1091","621","965","640","778","829","1082","961","1148","918","1097","1006","1004","939","971","1035","882","1041","776","1069","700","1128","1109","1200","1019","1388","907","1492","885","1505","814","199","1127"
"ES-0522-8-68.dw.png","537","741","598","735","673","903","690","781","695","595","860","889","984","954","943","908","1052","825","975","785","1064","698","1059","599","1089","524","1149","921","1216","833","1401","718","1500","697","1519","626","261","939"
"ES-0522-8-69.dw.png","452","847","514","843","608","1022","625","900","632","696","812","1022","936","1091","890","1042","998","959","907","913","1009","831","1018","726","1052","653","1093","1064","1175","975","1360","864","1448","849","1463","775","182","1039"
"ES-0522-8-70.dw.png","464","915","526","911","620","1088","629","964","646","777","826","1086","943","1157","899","1105","1003","1022","913","980","1007","896","1012","798","1052","717","1093","1128","1169","1034","1338","934","1448","912","1458","839","193","1108"
"ES-0522-8-71.dw.png","527","819","584","811","694","1004","695","865","725","660","898","998","1024","1069","980","1017","1106","924","1004","875","1107","792","1110","687","1146","611","1199","1030","1273","936","1463","826","1563","808","1576","735","230","1021"
"ES-0522-8-72.dw.png","425","856","491","850","600","1031","597","903","603","709","770","1021","896","1095","858","1042","969","954","894","915","986","830","985","731","1014","654","1055","1063","1137","969","1327","864","1434","846","1449","774","167","1050"
"ES-0522-8-73.dw.png","391","802","446","798","561","990","552","853","575","649","746","990","871","1066","837","1010","939","925","851","881","956","795","968","693","1007","615","1031","1043","1117","951","1314","845","1411","834","1411","752","104","988"
"ES-0522-8-74.dw.png","508","809","571","813","661","1002","675","875","705","681","840","1007","968","1091","928","1034","1051","958","970","911","1069","830","1077","733","1112","656","1133","1073","1229","979","1420","896","1511","885","1528","807","221","981"
"ES-0522-8-75.dw.png","548","897","606","899","688","1091","695","961","726","771","865","1104","975","1197","937","1132","1077","1063","977","1002","1093","927","1107","828","1141","755","1145","1182","1244","1085","1446","999","1525","990","1544","913","226","1069"
"ES-0522-8-76.dw.png","476","916","546","915","640","1094","652","971","658","771","841","1087","967","1157","924","1105","1022","1015","939","977","1031","884","1032","780","1065","700","1126","1124","1202","1020","1385","913","1487","892","1491","817","202","1116"
"ES-0522-8-77.dw.png","491","759","553","759","630","934","658","819","673","626","823","945","937","1021","900","969","1014","886","941","840","1041","767","1050","669","1089","597","1107","1002","1185","917","1393","816","1491","807","1505","736","197","924"
"ES-0523-10-77.dw.png","490","947","563","945","656","1123","652","998","676","813","823","1119","953","1195","912","1142","1031","1065","931","1014","1036","944","1042","842","1080","766","1120","1167","1204","1078","1390","979","1482","963","1500","893","219","1123"
"ES-0523-10-78.dw.png","505","859","571","856","682","1026","671","907","669","716","873","1015","1003","1084","951","1029","1051","947","966","908","1060","824","1052","719","1083","641","1165","1046","1238","949","1417","840","1513","819","1519","746","237","1052"
"ES-0523-10-79.dw.png","545","777","617","769","713","941","707","820","722","632","894","933","1022","1004","978","949","1077","872","1001","831","1096","749","1097","651","1131","574","1186","968","1259","881","1442","773","1542","752","1548","683","254","949"
"ES-0523-10-80.dw.png","474","774","545","771","643","955","630","821","648","633","817","952","955","1024","912","973","1013","892","924","838","1023","764","1030","661","1066","589","1112","996","1195","906","1372","806","1458","792","1469","720","185","953"
"ES-0523-10-81.dw.png","497","757","565","760","657","942","649","811","685","623","839","943","969","1027","931","968","1045","898","949","849","1063","772","1071","666","1107","591","1139","1006","1226","916","1413","825","1505","812","1516","739","205","922"
"ES-0523-10-82.dw.png","517","844","594","849","680","1031","680","900","706","712","861","1033","982","1115","940","1056","1063","986","965","933","1074","861","1072","759","1118","680","1146","1097","1232","1007","1415","917","1520","905","1533","828","216","1008"
"ES-0523-10-83.dw.png","471","913","529","914","604","1100","622","975","645","785","789","1113","909","1195","867","1140","993","1070","913","1018","1002","941","1017","840","1054","765","1074","1182","1153","1099","1344","1011","1453","1001","1467","929","176","1073"
"ES-0523-10-84.dw.png","481","732","553","738","624","918","645","803","671","610","813","932","941","1013","903","957","1018","884","928","834","1026","759","1028","660","1066","583","1114","994","1194","906","1362","823","1466","808","1481","738","187","893"
"ES-0523-10-85.dw.png","532","771","597","771","676","945","680","825","718","645","844","957","972","1041","932","985","1052","914","955","861","1060","793","1066","694","1107","618","1135","1026","1225","934","1401","851","1500","838","1519","771","225","904"
"ES-0523-10-86.dw.png","525","805","590","807","669","1000","674","868","718","686","845","1014","953","1099","923","1043","1034","970","966","923","1062","845","1082","751","1127","677","1116","1089","1208","1001","1384","921","1493","915","1514","843","228","954"
"ES-0524-11-86.dw.png","349","788","420","791","514","977","513","852","553","660","689","982","811","1068","782","1015","879","939","808","893","900","810","911","714","953","638","974","1047","1051","966","1251","879","1348","870","1368","800","69","952"
"ES-0524-11-87.dw.png","608","807","676","806","767","990","766","861","801","660","968","988","1103","1062","1064","1010","1160","926","1086","882","1185","802","1191","702","1227","624","1268","1034","1339","946","1519","847","1632","825","1637","752","302","992"
"ES-0524-11-88.dw.png","508","742","575","739","657","915","676","799","689","607","847","924","960","1006","932","951","1042","875","960","828","1053","751","1055","648","1094","576","1126","984","1208","899","1391","807","1486","794","1499","724","218","903"
"ES-0524-11-89.dw.png","505","708","576","705","663","883","676","765","698","577","844","889","969","970","933","913","1047","831","974","784","1073","708","1068","608","1106","529","1146","939","1221","848","1413","748","1513","735","1524","668","203","873"
"ES-0524-11-90.dw.png","498","904","573","895","672","1075","666","942","688","750","863","1062","1006","1132","967","1082","1058","989","984","952","1077","855","1073","753","1105","677","1172","1091","1240","998","1425","880","1519","856","1527","781","212","1094"
"ES-0524-11-91.dw.png","526","718","594","714","681","887","694","765","718","568","889","881","1010","952","975","898","1084","812","1007","775","1095","689","1085","584","1112","505","1173","917","1250","831","1447","719","1534","704","1535","627","226","892"
"ES-0524-11-92.dw.png","411","695","478","696","538","876","573","758","610","568","742","892","865","973","828","919","946","845","870","795","971","719","974","617","1012","540","1031","956","1118","874","1317","784","1407","774","1421","699","109","838"
"ES-0524-11-93.dw.png","477","757","550","750","633","922","649","802","661","606","819","918","961","987","914","939","1006","852","947","816","1037","734","1036","635","1072","556","1124","959","1189","870","1368","769","1477","746","1479","672","191","940"
"ES-0524-11-94.dw.png","567","669","628","664","740","851","733","719","744","531","923","840","1045","911","1015","862","1107","769","1045","733","1128","647","1131","550","1157","474","1202","878","1292","781","1466","680","1567","663","1572","589","283","863"
"ES-0524-11-95.dw.png","545","735","612","734","680","914","689","785","732","599","874","918","1011","997","976","945","1076","866","1003","818","1105","742","1110","646","1145","569","1170","974","1249","887","1434","796","1537","781","1545","704","243","902"
"ES-0525-14-100.dw.png","516","787","574","786","656","976","673","850","696","652","832","986","960","1070","925","1017","1043","934","965","883","1069","806","1080","703","1122","630","1136","1051","1228","963","1414","872","1504","860","1515","784","211","946"
"ES-0525-14-101.dw.png","409","669","463","667","568","861","569","730","600","527","749","870","876","955","843","901","956","824","873","776","962","692","974","588","1014","509","1041","937","1140","852","1335","763","1422","752","1446","683","130","829"
"ES-0525-14-102.dw.png","520","811","574","798","676","968","688","843","680","643","886","937","1027","995","984","949","1082","854","995","819","1077","727","1069","625","1101","540","1192","947","1262","850","1450","724","1542","694","1557","622","250","1023"
"ES-0525-14-103.dw.png","494","715","553","704","682","879","657","745","657","553","850","853","986","912","942","865","1044","772","949","737","1030","643","1022","545","1050","464","1133","871","1211","769","1372","660","1472","634","1479","559","242","925"
"ES-0525-14-104.dw.png","449","811","506","805","595","983","618","863","615","675","788","979","920","1046","882","995","971","916","899","874","988","794","992","696","1024","622","1079","1019","1163","935","1348","838","1444","825","1456","755","178","993"
"ES-0525-14-95.dw.png","500","664","572","661","659","843","671","720","693","522","846","847","965","926","932","870","1036","788","958","739","1054","666","1057","569","1097","491","1139","902","1220","812","1401","723","1505","710","1515","638","223","835"
"ES-0525-14-96.dw.png","441","652","493","649","595","834","599","705","623","506","789","837","911","918","885","864","979","779","898","730","986","649","996","553","1036","472","1069","894","1156","804","1353","706","1434","691","1445","618","147","818"
"ES-0525-14-97.dw.png","475","729","537","725","625","915","646","786","656","584","823","912","965","989","931","936","1030","850","934","799","1031","716","1036","615","1071","534","1128","960","1207","870","1400","765","1493","748","1509","675","192","917"
"ES-0525-14-98.dw.png","558","691","624","688","709","881","723","751","742","556","887","884","1023","964","986","910","1083","829","1007","782","1102","700","1108","601","1150","523","1185","944","1278","855","1474","768","1569","754","1587","683","274","869"
"ES-0525-14-99.dw.png","434","722","505","724","593","914","597","784","638","587","785","923","913","1010","876","950","965","871","900","826","990","744","999","649","1046","576","1081","993","1168","905","1353","822","1451","813","1468","742","159","876"
"ES-0526-15-104.dw.png","471","712","536","711","623","891","623","764","656","571","808","892","947","970","919","918","1026","836","933","789","1037","715","1040","610","1073","532","1118","946","1198","861","1378","772","1489","755","1503","682","169","897"
"ES-0526-15-105.dw.png","652","887","711","879","799","1051","808","925","825","730","991","1038","1132","1104","1085","1052","1183","958","1112","921","1205","831","1201","729","1228","658","1292","1064","1371","966","1559","848","1660","827","1667","756","354","1084"
"ES-0526-15-106.dw.png","638","727","700","718","808","883","797","762","793","568","988","865","1129","925","1085","878","1182","785","1090","750","1187","662","1179","558","1200","484","1295","876","1357","791","1533","672","1638","648","1646","577","360","938"
"ES-0526-15-107.dw.png","482","683","540","680","612","856","627","731","657","548","796","861","936","939","903","886","1013","806","922","757","1027","684","1039","582","1074","507","1106","918","1192","824","1357","740","1474","726","1484","657","191","862"
"ES-0526-15-108.dw.png","497","853","561","850","644","1024","652","901","675","702","847","1021","982","1093","952","1044","1045","955","964","911","1061","831","1066","726","1095","650","1154","1060","1234","972","1411","874","1526","855","1534","783","206","1038"
"ES-0526-15-109.dw.png","492","715","554","711","645","889","651","769","679","571","821","889","964","968","931","915","1036","836","948","787","1060","713","1065","612","1100","536","1136","944","1215","862","1408","767","1518","753","1526","680","203","890"
"ES-0526-15-110.dw.png","462","767","526","762","623","939","634","819","652","618","823","938","957","1010","910","953","1014","868","948","829","1041","739","1041","637","1082","561","1117","979","1191","885","1380","772","1492","754","1503","681","171","951"
"ES-0526-15-111.dw.png","641","808","709","802","799","971","799","848","814","655","1001","961","1140","1027","1099","978","1190","886","1109","850","1207","763","1198","658","1231","584","1306","994","1375","901","1548","796","1657","774","1666","702","358","1002"
"ES-0526-15-112.dw.png","467","781","524","775","601","946","623","827","641","637","790","946","932","1022","893","970","998","884","910","837","1015","759","1017","657","1054","581","1099","995","1178","901","1353","808","1455","791","1463","718","172","954"
"ES-0526-15-113.dw.png","537","757","608","757","680","932","699","809","728","627","882","936","1007","1013","974","960","1083","880","1006","835","1095","755","1099","659","1136","593","1175","990","1249","901","1429","808","1534","794","1549","727","256","925"
"ES-0527-16-113.dw.png","530","919","584","913","684","1090","690","967","702","771","874","1087","1012","1165","973","1111","1076","1030","987","979","1093","901","1101","800","1134","725","1178","1138","1260","1045","1446","945","1553","930","1566","854","244","1108"
"ES-0527-16-114.dw.png","510","922","572","916","657","1091","668","967","690","770","858","1091","978","1164","943","1112","1056","1029","964","982","1056","899","1062","796","1099","721","1136","1136","1221","1044","1412","941","1506","923","1519","850","232","1102"
"ES-0527-16-115.dw.png","533","789","594","789","685","973","685","845","718","650","883","985","1003","1063","969","1010","1089","932","1001","882","1095","801","1107","695","1135","622","1172","1044","1261","957","1453","864","1559","852","1568","781","223","948"
"ES-0527-16-116.dw.png","490","960","537","953","655","1147","662","1016","666","807","849","1145","973","1224","936","1168","1055","1086","966","1035","1061","951","1067","848","1102","765","1140","1197","1226","1105","1429","1002","1517","991","1531","917","193","1149"
"ES-0527-16-117.dw.png","445","824","506","821","601","1007","603","880","626","685","787","1008","917","1089","882","1035","979","955","904","904","1005","828","1015","730","1057","654","1079","1066","1157","982","1349","885","1460","872","1478","799","155","997"
"ES-0527-16-118.dw.png","479","887","531","885","615","1070","625","941","657","749","804","1077","932","1156","894","1102","1007","1025","919","969","1027","895","1030","796","1067","720","1099","1135","1180","1048","1367","956","1470","945","1486","871","184","1053"
"ES-0527-16-119.dw.png","473","674","529","675","609","863","623","738","652","545","805","879","931","964","894","910","1006","833","927","780","1023","704","1034","602","1079","526","1099","947","1183","862","1373","776","1476","769","1493","693","173","828"
"ES-0527-16-120.dw.png","498","803","559","800","643","978","657","852","680","657","856","978","979","1051","943","1000","1047","916","962","869","1063","789","1066","687","1097","607","1143","1027","1223","937","1406","834","1514","818","1524","742","219","984"
"ES-0527-16-121.dw.png","495","645","557","645","621","821","641","702","674","511","808","832","934","915","899","860","1017","787","938","736","1036","665","1047","570","1082","499","1094","898","1188","814","1368","739","1477","730","1487","662","190","804"
"ES-0527-16-122.dw.png","590","872","646","865","745","1046","742","914","772","720","935","1049","1062","1125","1025","1071","1146","983","1054","937","1153","850","1164","751","1195","670","1224","1096","1318","998","1510","899","1613","881","1624","805","296","1054"
"ES-0528-19-122.dw.png","463","738","520","739","624","924","612","793","645","604","796","927","920","1004","890","951","984","876","901","824","1013","750","1017","651","1050","570","1083","981","1158","895","1344","796","1430","783","1450","713","183","906"
"ES-0528-19-123.dw.png","444","891","506","890","589","1060","595","942","617","757","780","1061","891","1126","867","1080","958","1003","880","962","975","881","974","788","1011","715","1057","1096","1121","1017","1298","924","1398","905","1406","836","179","1062"
"ES-0528-19-124.dw.png","578","734","639","731","744","912","729","780","756","591","925","907","1051","973","1021","926","1117","843","1022","796","1133","715","1131","615","1160","535","1211","944","1287","850","1481","737","1570","721","1581","648","296","913"
"ES-0528-19-125.dw.png","475","602","540","602","655","783","628","653","654","467","807","781","937","849","912","802","1003","722","917","678","1022","599","1024","499","1054","421","1104","823","1176","734","1359","634","1451","616","1468","546","199","784"
"ES-0528-19-126.dw.png","506","860","565","861","656","1044","651","915","692","732","834","1054","959","1134","927","1078","1030","999","964","956","1061","877","1070","777","1108","698","1118","1114","1199","1025","1383","933","1497","920","1513","850","220","1025"
"ES-0528-19-127.dw.png","401","673","467","672","536","850","546","717","585","538","742","847","870","914","837","865","943","786","853","745","951","658","948","554","983","479","1040","880","1109","795","1298","689","1396","673","1403","603","116","856"
"ES-0528-19-128.dw.png","505","888","569","883","659","1067","655","932","687","748","840","1062","971","1135","939","1084","1045","996","965","959","1060","872","1055","767","1092","692","1133","1105","1217","1010","1400","904","1501","887","1506","814","232","1062"
"ES-0528-19-129.dw.png","479","912","539","909","630","1095","636","965","671","776","818","1100","938","1175","897","1119","1007","1043","931","998","1035","919","1032","813","1072","737","1100","1153","1173","1063","1364","963","1459","951","1479","876","197","1078"
"ES-0528-19-130.dw.png","585","830","644","827","744","1007","737","883","762","696","913","1008","1039","1083","1010","1031","1112","952","1040","912","1130","828","1136","729","1173","655","1209","1056","1283","967","1472","869","1572","853","1573","784","317","1016"
"ES-0528-19-131.dw.png","528","879","589","876","681","1056","677","926","715","738","875","1054","998","1121","969","1075","1071","993","984","945","1085","868","1085","771","1110","689","1168","1090","1241","1005","1415","904","1508","886","1525","821","239","1049"
"ES-0529-20-131.dw.png","573","721","647","726","715","915","737","785","766","584","923","925","1052","1001","1020","949","1139","873","1041","819","1149","740","1164","643","1204","570","1217","982","1300","901","1510","803","1616","795","1643","727","277","888"
"ES-0529-20-132.dw.png","461","798","523","798","597","972","614","848","633","655","808","972","941","1046","907","993","1008","911","932","866","1021","781","1025","688","1060","617","1097","1015","1175","927","1356","828","1468","813","1479","742","167","973"
"ES-0529-20-133.dw.png","522","727","588","728","656","911","685","787","705","599","856","917","976","992","941","939","1055","863","982","819","1075","741","1083","645","1116","571","1138","972","1222","887","1410","799","1510","787","1531","720","253","906"
"ES-0529-20-134.dw.png","549","662","608","662","682","843","699","716","725","529","884","848","999","923","963","872","1085","794","999","746","1087","663","1093","565","1128","481","1161","904","1235","815","1440","717","1529","705","1548","634","258","835"
"ES-0529-20-135.dw.png","646","740","712","733","803","904","815","783","818","587","1005","891","1147","955","1103","904","1208","813","1135","783","1227","688","1216","593","1240","505","1313","912","1380","821","1570","701","1666","674","1668","599","371","932"
"ES-0529-20-136.dw.png","416","931","476","926","565","1107","574","978","594","781","753","1107","879","1174","846","1127","959","1046","873","1002","970","919","973","818","1001","734","1047","1155","1127","1067","1322","961","1422","944","1436","874","125","1108"
"ES-0529-20-137.dw.png","460","825","527","827","601","1004","614","880","646","692","804","1007","938","1079","900","1028","1007","954","912","906","1015","827","1031","737","1066","659","1095","1059","1169","976","1368","875","1467","866","1486","800","180","992"
"ES-0529-20-138.dw.png","467","989","524","986","613","1168","619","1043","644","853","808","1171","932","1248","898","1192","1006","1116","926","1071","1028","989","1026","890","1061","810","1101","1222","1165","1138","1360","1032","1466","1017","1471","942","172","1156"
"ES-0529-20-139.dw.png","601","796","658","792","775","971","769","845","763","650","954","960","1084","1031","1045","977","1145","896","1056","848","1154","763","1161","663","1196","588","1243","997","1319","907","1505","796","1605","776","1617","701","333","999"
"ES-0529-20-140.dw.png","506","979","573","984","629","1170","658","1045","713","859","829","1187","952","1273","917","1215","1041","1151","966","1098","1067","1028","1081","932","1123","861","1120","1266","1198","1183","1401","1104","1512","1100","1537","1033","216","1126"
"ES-0530-22-140.dw.png","592","986","645","984","730","1163","748","1038","775","842","926","1157","1065","1226","1030","1177","1127","1089","1050","1049","1152","966","1159","871","1197","790","1234","1193","1308","1103","1500","995","1606","976","1617","908","307","1168"
"ES-0530-22-141.dw.png","495","796","563","791","662","975","669","845","681","639","846","966","981","1035","941","983","1057","902","957","853","1056","770","1066","667","1102","587","1146","1002","1221","912","1415","805","1507","789","1511","710","220","994"
"ES-0530-22-142.dw.png","563","682","623","675","718","862","724","731","746","539","898","858","1043","934","1000","881","1113","797","1019","747","1122","662","1134","563","1172","485","1208","902","1283","810","1472","705","1559","687","1576","614","275","862"
"ES-0530-22-143.dw.png","571","735","640","734","723","924","723","784","757","588","922","921","1055","994","1014","941","1130","852","1038","805","1137","721","1143","617","1183","539","1225","959","1309","864","1497","758","1590","739","1595","665","278","918"
"ES-0530-22-144.dw.png","472","914","541","909","636","1082","639","954","654","762","829","1071","970","1135","932","1086","1046","994","936","947","1041","867","1043","766","1073","690","1145","1094","1220","993","1387","886","1486","862","1496","792","208","1108"
"ES-0530-22-145.dw.png","552","864","623","866","690","1056","713","925","745","736","874","1070","998","1146","961","1097","1085","1023","992","962","1107","898","1117","795","1158","729","1169","1135","1257","1044","1432","966","1529","956","1544","886","249","1025"
"ES-0530-22-146.dw.png","543","1067","608","1064","693","1251","706","1119","724","929","882","1249","1011","1322","973","1267","1079","1185","992","1135","1107","1063","1105","955","1141","887","1183","1292","1263","1200","1448","1098","1538","1085","1547","1011","251","1250"
"ES-0530-22-147.dw.png","561","555","628","545","732","720","723","588","731","386","926","697","1063","756","1025","708","1126","614","1018","571","1120","479","1117","370","1145","288","1223","708","1292","612","1487","479","1584","452","1582","378","292","770"
"ES-0530-22-148.dw.png","481","522","557","516","636","706","648","570","672","372","839","703","976","775","940","724","1068","644","948","585","1062","500","1073","394","1108","320","1140","751","1232","652","1425","540","1524","524","1529","451","200","705"
"ES-0530-22-149.dw.png","517","783","582","774","698","952","685","824","694","622","878","934","1009","998","969","947","1081","861","984","817","1080","730","1080","627","1119","546","1173","955","1248","866","1444","746","1544","724","1546","651","238","982"
"ES-0531-23-149.dw.png","511","476","560","466","699","650","672","515","668","318","884","632","1013","699","979","647","1084","553","993","511","1079","414","1075","314","1107","230","1190","647","1271","550","1452","436","1547","407","1558","332","220","688"
"ES-0531-23-150.dw.png","474","855","531","854","621","1039","641","917","655","725","808","1041","927","1118","899","1068","1022","994","930","942","1028","867","1036","767","1071","692","1098","1100","1189","1015","1385","920","1484","907","1491","836","173","1015"
"ES-0531-23-151.dw.png","528","800","591","793","709","972","699","847","700","648","891","957","1032","1025","994","975","1093","884","1007","844","1095","752","1095","651","1126","567","1201","983","1280","886","1463","777","1560","753","1572","679","254","1002"
"ES-0531-23-152.dw.png","492","737","560","736","650","915","658","790","676","599","841","907","976","975","939","926","1031","843","961","802","1057","717","1061","621","1095","540","1145","940","1214","858","1404","753","1498","733","1511","658","206","916"
"ES-0531-23-153.dw.png","472","739","535","740","615","928","628","798","653","600","791","929","923","1012","884","957","998","876","913","827","1009","748","1012","644","1048","568","1079","991","1177","896","1363","802","1461","788","1474","716","182","914"
"ES-0531-23-154.dw.png","433","794","489","796","563","981","579","852","613","655","747","984","881","1074","846","1015","962","939","869","885","965","803","976","704","1018","626","1037","1052","1137","960","1328","863","1417","850","1440","777","129","960"
"ES-0531-23-155.dw.png","530","642","580","642","676","833","680","705","702","513","846","838","975","917","937","864","1055","786","976","738","1069","657","1075","555","1109","482","1145","898","1225","813","1429","718","1531","706","1548","637","233","808"
"ES-0531-23-156.dw.png","517","746","573","745","673","933","675","807","694","610","846","937","960","1013","927","962","1045","888","963","836","1059","758","1066","657","1100","581","1131","994","1219","914","1410","820","1521","809","1535","735","216","905"
"ES-0531-23-157.dw.png","465","819","538","819","624","1006","642","882","657","686","808","1003","937","1076","901","1024","1007","945","943","905","1028","821","1032","723","1065","646","1111","1048","1186","964","1374","867","1474","849","1490","777","179","983"
"ES-0531-23-158.dw.png","573","820","634","814","751","1002","732","866","762","670","930","994","1064","1065","1023","1012","1131","925","1041","880","1142","787","1144","685","1174","606","1230","1031","1315","937","1505","830","1602","808","1605","730","290","1020"
"ES-0532-24-158.dw.png","506","834","567","830","647","1023","658","881","691","683","860","1023","988","1098","951","1044","1076","953","985","905","1074","815","1080","705","1121","623","1178","1065","1261","970","1446","859","1557","841","1569","763","215","1021"
"ES-0532-24-159.dw.png","507","719","578","712","678","883","677","759","675","568","875","869","1007","930","966","881","1068","792","976","753","1064","674","1062","575","1093","501","1183","886","1245","797","1406","692","1519","669","1519","597","234","923"
"ES-0532-24-160.dw.png","480","704","546","703","623","890","642","760","668","562","817","897","941","974","903","920","1026","834","941","787","1045","708","1042","598","1083","525","1135","944","1208","857","1397","758","1501","746","1515","673","184","873"
"ES-0532-24-161.dw.png","548","862","611","858","699","1046","707","909","733","710","904","1049","1031","1123","991","1070","1109","980","1016","930","1112","846","1117","736","1159","659","1203","1095","1288","1002","1478","895","1584","877","1600","804","268","1050"
"ES-0532-24-162.dw.png","482","679","551","677","634","870","642","735","682","538","808","875","940","962","908","906","1022","819","932","765","1039","685","1049","583","1097","504","1121","934","1197","847","1382","750","1500","736","1516","659","190","853"
"ES-0532-24-163.dw.png","485","751","544","752","638","952","635","813","673","613","831","962","951","1041","923","992","1041","913","951","859","1043","778","1055","677","1098","599","1123","1024","1206","943","1402","853","1496","845","1514","773","181","915"
"ES-0532-24-164.dw.png","465","765","533","761","641","947","637","818","660","614","811","945","941","1023","899","966","1003","877","921","830","1026","748","1032","648","1077","567","1112","992","1186","901","1376","796","1494","780","1517","707","184","945"
"ES-0532-24-165.dw.png","570","726","632","722","752","910","741","779","749","579","930","904","1054","976","1022","926","1125","837","1048","792","1134","706","1137","603","1169","523","1230","941","1313","853","1502","748","1590","735","1608","658","278","911"
"ES-0532-24-166.dw.png","491","932","549","930","633","1123","646","989","671","791","827","1128","947","1207","916","1155","1033","1072","938","1020","1039","935","1045","834","1088","758","1118","1187","1208","1096","1387","1001","1493","989","1499","912","202","1106"
"ES-0532-24-167.dw.png","605","867","668","856","799","1031","787","904","766","699","979","1009","1116","1067","1074","1017","1175","916","1067","881","1152","783","1145","685","1174","603","1281","1014","1360","905","1512","792","1611","764","1617","690","339","1086"
"ES-0533-28-167.dw.png","528","788","588","783","675","969","685","835","707","640","880","961","1016","1030","974","981","1087","889","999","848","1085","763","1091","668","1124","589","1183","1003","1259","908","1431","811","1548","791","1559","718","250","987"
"ES-0533-28-168.dw.png","625","797","678","793","761","977","780","853","808","666","947","984","1075","1065","1044","1011","1140","936","1075","892","1171","812","1181","720","1217","647","1250","1047","1328","960","1508","876","1603","865","1614","793","329","960"
"ES-0533-28-169.dw.png","535","722","593","724","647","903","687","788","725","596","851","928","974","1013","942","959","1054","886","977","838","1080","763","1088","665","1135","588","1140","1006","1231","925","1432","843","1518","838","1538","768","235","864"
"ES-0533-28-170.dw.png","548","731","596","724","708","895","697","774","699","583","882","887","1002","959","967","906","1069","821","988","782","1077","694","1078","605","1110","523","1172","923","1240","834","1423","733","1530","715","1545","648","268","926"
"ES-0533-28-171.dw.png","553","688","619","687","701","871","713","743","738","548","903","871","1029","947","993","895","1093","815","1022","771","1122","691","1129","594","1159","517","1197","927","1287","841","1468","740","1580","724","1596","657","245","864"
"ES-0533-28-172.dw.png","487","792","551","789","648","974","652","840","671","641","841","970","964","1039","925","991","1041","902","959","862","1055","770","1060","671","1091","594","1139","1012","1217","918","1406","815","1515","802","1529","731","190","985"
"ES-0533-28-173.dw.png","486","959","542","952","648","1120","644","998","655","810","836","1109","964","1172","924","1125","1026","1042","946","1007","1032","916","1030","820","1059","743","1123","1141","1202","1045","1370","949","1477","929","1489","858","213","1151"
"ES-0533-28-174.dw.png","508","789","565","785","669","959","663","839","675","651","837","956","962","1030","927","980","1033","901","949","853","1044","779","1053","686","1082","611","1126","1002","1200","919","1387","823","1500","807","1515","742","211","952"
"ES-0533-28-175.dw.png","543","681","604","671","703","839","709","715","708","518","898","822","1039","887","992","837","1096","744","1016","712","1098","615","1084","513","1105","429","1199","845","1273","749","1458","624","1540","603","1545","526","287","891"
"ES-0533-28-176.dw.png","548","768","602","760","727","929","709","806","712","618","910","914","1046","976","1000","929","1114","843","1010","801","1104","710","1103","615","1128","534","1207","936","1267","848","1463","733","1558","716","1574","644","279","976"
"ES-0534-30o-176.dw.png","518","788","585","788","675","975","682","851","695","657","846","983","962","1065","932","1011","1051","930","979","884","1079","800","1081","695","1114","624","1143","1047","1234","959","1434","864","1524","853","1545","782","206","949"
"ES-0534-30o-177.dw.png","529","1009","589","1004","676","1184","695","1060","696","865","874","1182","985","1252","951","1201","1064","1117","984","1073","1079","985","1075","888","1104","812","1161","1220","1230","1138","1431","1025","1529","1009","1542","938","230","1188"
"ES-0534-30o-178.dw.png","584","764","649","760","742","935","747","814","745","626","921","928","1052","1000","1017","946","1104","864","1031","825","1131","742","1129","643","1158","568","1208","968","1284","880","1465","783","1567","765","1569","695","320","960"
"ES-0534-30o-179.dw.png","410","826","474","826","562","1011","576","886","589","694","749","1020","866","1097","832","1043","936","963","871","917","966","839","976","740","1016","661","1026","1075","1112","989","1304","899","1406","887","1418","815","137","992"
"ES-0534-30o-180.dw.png","493","700","562","696","652","872","674","753","677","555","850","860","984","929","951","880","1051","790","980","756","1069","665","1064","560","1093","484","1162","895","1245","797","1418","697","1532","673","1537","600","220","894"
"ES-0534-30o-181.dw.png","484","580","547","578","629","757","644","637","669","449","822","765","942","844","909","790","1016","714","936","665","1040","589","1045","491","1083","419","1108","824","1192","736","1383","649","1476","640","1491","570","193","753"
"ES-0534-30o-182.dw.png","489","743","558","745","631","926","654","805","675","619","838","940","946","1015","919","964","1029","883","965","844","1054","763","1051","666","1085","590","1118","999","1196","915","1394","831","1496","819","1512","748","196","911"
"ES-0534-30o-183.dw.png","493","832","558","834","635","1019","650","894","680","702","827","1033","934","1108","906","1057","1012","977","951","935","1046","858","1048","757","1085","685","1112","1093","1195","1008","1375","923","1482","914","1499","843","197","998"
"ES-0534-30o-184.dw.png","526","689","586","692","666","882","684","759","710","563","867","899","980","978","954","926","1062","850","995","804","1090","724","1091","621","1128","546","1159","966","1241","886","1449","799","1549","792","1563","718","220","853"
"ES-0534-30o-185.dw.png","558","739","628","734","728","911","723","786","734","593","918","907","1039","974","999","923","1104","839","1028","796","1124","710","1126","611","1160","538","1200","943","1278","854","1466","753","1578","737","1587","664","281","933"
"ES-0535-30u-185.dw.png","653","1027","709","1022","838","1212","814","1075","832","870","1022","1200","1143","1264","1105","1214","1214","1127","1126","1080","1216","989","1221","885","1254","807","1318","1229","1391","1135","1596","1013","1688","995","1692","920","363","1223"
"ES-0535-30u-186.dw.png","647","733","713","725","805","909","815","780","836","582","1006","906","1146","978","1106","928","1219","842","1123","790","1224","711","1229","609","1264","530","1325","949","1399","858","1589","750","1694","733","1705","657","362","908"
"ES-0535-30u-187.dw.png","329","960","400","959","493","1142","486","1014","527","817","682","1137","818","1210","779","1158","891","1076","807","1031","896","952","896","851","940","773","990","1182","1068","1090","1252","992","1354","975","1365","900","67","1162"
"ES-0535-30u-188.dw.png","439","996","504","997","588","1173","596","1056","625","868","763","1181","894","1261","862","1206","967","1137","898","1094","985","1014","995","917","1033","842","1062","1244","1139","1159","1320","1067","1421","1053","1434","985","161","1148"
"ES-0535-30u-189.dw.png","505","768","567","763","680","948","670","818","677","623","846","943","974","1014","936","962","1037","876","953","833","1049","744","1053","645","1092","568","1135","989","1217","896","1422","784","1494","772","1505","697","226","950"
"ES-0535-30u-190.dw.png","492","954","567","951","657","1128","653","1001","692","802","852","1123","994","1192","951","1141","1064","1052","968","1008","1060","921","1064","824","1104","741","1159","1157","1241","1060","1419","954","1518","935","1535","865","208","1139"
"ES-0535-30u-191.dw.png","557","786","624","782","718","964","711","832","737","645","903","959","1031","1032","994","982","1107","896","1024","853","1117","776","1114","675","1155","599","1189","1009","1279","915","1448","821","1552","804","1567","732","287","967"
"ES-0535-30u-192.dw.png","526","859","587","854","702","1043","695","909","711","710","892","1038","1022","1108","981","1056","1096","972","999","924","1091","838","1092","731","1133","654","1193","1077","1275","987","1475","871","1553","858","1559","781","237","1051"
"ES-0535-30u-193.dw.png","552","822","626","820","712","1005","699","866","753","680","900","1000","1035","1071","998","1019","1114","930","1026","884","1122","803","1129","707","1170","626","1205","1041","1287","948","1460","847","1572","828","1589","758","262","1009"
"ES-0535-30u-194.dw.png","484","739","547","734","645","924","642","788","665","597","845","921","969","992","933","942","1033","852","951","806","1045","718","1050","619","1078","544","1132","959","1218","865","1410","757","1497","742","1497","666","198","929"
"ES-0536-32-194.dw.png","464","660","531","661","608","842","617","713","654","516","792","841","931","917","893","867","1009","783","919","737","1022","654","1025","556","1064","481","1097","895","1187","800","1382","710","1474","695","1485","623","183","843"
"ES-0536-32-195.dw.png","629","783","690","777","794","959","775","825","807","632","979","950","1114","1018","1080","966","1171","877","1097","838","1187","752","1192","653","1229","574","1289","979","1361","891","1534","788","1635","765","1644","692","327","967"
"ES-0536-32-196.dw.png","557","782","619","770","728","937","713","808","717","611","898","913","1054","977","1007","926","1106","825","1014","788","1111","695","1100","588","1125","506","1220","923","1292","821","1459","695","1550","668","1558","593","284","1006"
"ES-0536-32-197.dw.png","562","793","617","778","756","938","710","813","703","622","927","899","1054","945","1015","904","1112","803","1012","778","1093","676","1075","577","1092","499","1220","886","1282","784","1436","655","1528","621","1526","551","306","1031"
"ES-0536-32-198.dw.png","481","815","543","810","639","985","633","854","647","659","835","968","953","1035","915","982","1022","893","947","853","1036","764","1034","664","1059","585","1129","991","1204","897","1379","784","1470","763","1481","691","200","1018"
"ES-0536-32-199.dw.png","461","762","524","762","613","943","609","814","661","619","799","945","939","1023","892","967","1019","890","930","843","1023","763","1032","660","1074","586","1102","997","1190","908","1377","812","1485","797","1492","726","181","945"
"ES-0536-32-200.dw.png","533","889","595","881","708","1064","690","930","713","735","897","1054","1019","1124","976","1071","1099","979","1014","940","1107","844","1110","746","1142","668","1191","1085","1271","986","1448","879","1543","855","1561","782","235","1085"
"ES-0536-32-201.dw.png","603","793","662","785","779","956","767","829","777","633","964","933","1102","1000","1055","947","1163","853","1079","818","1174","724","1173","623","1196","545","1268","953","1353","846","1518","737","1610","709","1623","635","329","1006"
"ES-0536-32-202.dw.png","552","772","615","768","708","946","707","817","751","617","893","939","1036","1010","999","959","1110","870","1034","831","1122","741","1128","637","1172","563","1212","971","1294","879","1482","768","1586","748","1591","676","273","968"
"ES-0536-32-203.dw.png","505","691","574","691","669","881","666","748","709","547","856","880","990","953","943","898","1062","811","987","773","1085","681","1089","576","1130","497","1168","925","1245","834","1436","732","1534","713","1551","633","208","872"
"ES-0537-33-203.dw.png","481","938","545","937","637","1122","634","989","657","800","822","1125","942","1197","903","1148","1000","1055","931","1015","1028","929","1034","828","1067","754","1110","1167","1196","1075","1376","978","1473","963","1484","889","207","1127"
"ES-0537-33-204.dw.png","523","925","588","914","710","1090","690","955","685","762","893","1056","1029","1107","989","1065","1084","962","988","930","1080","828","1074","730","1097","647","1183","1055","1256","956","1441","814","1525","786","1518","707","274","1162"
"ES-0537-33-205.dw.png","491","629","552","625","642","809","663","680","676","487","858","807","971","880","936","827","1036","738","953","697","1050","609","1063","510","1098","435","1135","849","1207","753","1406","647","1493","632","1496","557","207","820"
"ES-0537-33-206.dw.png","472","947","532","948","609","1138","630","1011","671","814","809","1152","923","1233","886","1175","1014","1096","913","1044","1025","966","1044","864","1091","789","1097","1211","1178","1119","1373","1028","1475","1014","1482","935","178","1121"
"ES-0537-33-207.dw.png","544","749","610","751","686","947","701","814","735","623","890","957","1011","1033","975","982","1086","897","993","846","1104","764","1119","663","1157","585","1173","1010","1264","921","1467","819","1559","808","1572","729","258","931"
"ES-0537-33-208.dw.png","490","858","555","856","642","1041","675","919","679","712","841","1043","974","1119","933","1066","1039","975","958","936","1052","849","1059","755","1102","676","1137","1093","1220","997","1401","898","1500","883","1510","808","216","1051"
"ES-0537-33-209.dw.png","424","892","490","884","605","1060","597","932","603","739","792","1047","928","1113","885","1061","993","966","903","929","993","836","987","739","1017","656","1100","1070","1172","965","1353","852","1440","830","1454","757","192","1109"
"ES-0537-33-210.dw.png","489","810","543","798","675","965","661","841","650","635","859","937","995","995","951","946","1036","845","952","818","1031","713","1022","614","1055","532","1150","937","1218","827","1389","702","1483","670","1473","594","247","1039"
"ES-0537-33-211.dw.png","554","857","613","845","721","1012","727","884","717","695","912","986","1038","1044","994","996","1089","898","1011","870","1096","769","1100","674","1126","598","1199","994","1266","893","1440","774","1537","746","1541","669","311","1083"
"ES-0537-33-212.dw.png","472","833","535","821","644","988","647","860","638","664","841","953","977","1005","936","959","1028","853","937","826","1022","722","1012","623","1039","544","1143","945","1202","841","1380","703","1477","668","1469","592","217","1057"
"ES-0538-A002638-L.dw.png","192","179","219","175","261","250","257","192","265","110","340","240","403","266","382","245","434","203","396","190","432","151","430","110","437","77","472","245","501","201","575","152","614","141","612","112","81","269"
"ES-0538-A002638-R.dw.png","195","164","222","165","252","246","260","190","281","109","330","252","388","289","369","264","428","232","395","212","436","182","443","140","458","110","455","280","496","243","574","210","617","205","622","175","70","233"
"ES-0538-A002639-L.dw.png","189","180","215","174","262","239","258","189","255","112","339","226","401","248","382","228","417","189","391","179","417","139","413","99","421","65","460","227","491","187","560","133","599","119","598","90","86","272"
"ES-0538-A002639-R.dw.png","193","168","221","167","256","241","259","189","272","111","334","242","391","274","376","251","416","220","390","204","426","170","429","129","442","97","452","265","490","231","567","192","607","186","613","155","77","242"
"ES-0538-A002640-L.dw.png","191","203","215","194","280","256","259","202","243","120","353","230","416","244","388","226","424","179","388","172","415","128","405","86","409","51","478","211","500","162","567","99","605","81","603","50","96","318"
"ES-0538-A002640-R.dw.png","192","195","217","187","281","252","259","198","250","116","352","232","416","248","390","230","428","185","389","176","421","134","412","91","419","56","475","222","505","173","573","114","612","98","612","68","92","304"
"ES-0538-A002641-L.dw.png","193","169","216","164","264","231","257","179","255","104","340","220","393","243","377","224","418","184","383","171","417","138","415","99","424","70","458","224","487","183","554","138","588","127","586","100","91","261"
"ES-0538-A002641-R.dw.png","188","169","210","163","261","231","251","178","248","104","336","219","387","242","371","223","414","185","375","172","411","138","407","99","417","70","453","224","481","181","546","138","581","127","580","100","90","262"
"ES-0538-A002642-L.dw.png","197","152","221","156","239","238","255","189","285","112","315","258","362","304","354","278","409","259","374","230","423","211","436","171","457","142","432","310","478","285","564","267","605","270","617","243","59","191"
"ES-0538-A002642-R.dw.png","186","187","208","179","267","242","256","190","242","110","347","220","407","233","386","217","423","173","382","165","411","124","401","83","404","48","468","206","497","159","560","103","597","84","593","54","87","291"
"ES-0538-A002643-L.dw.png","196","194","224","187","281","262","267","202","277","118","355","249","415","271","397","251","443","207","397","191","437","150","438","107","451","71","494","244","517","200","597","141","635","127","632","96","87","296"
"ES-0538-A002643-R.dw.png","197","186","226","181","275","264","268","201","285","118","351","260","408","289","392","268","439","228","400","207","443","171","450","128","467","94","489","273","517","232","607","184","642","177","646","144","78","274"
"ES-0538-A002644-L.dw.png","195","169","222","168","253","241","253","188","271","114","322","244","375","277","360","254","407","223","375","204","419","176","421","135","436","106","446","269","480","234","559","199","592","194","600","169","73","239"
"ES-0538-A002644-R.dw.png","198","156","224","160","241","235","255","185","279","112","310","248","359","290","348","266","401","242","369","218","416","196","425","156","444","131","428","293","465","264","551","242","583","243","598","217","66","206"
"ES-0538-A002645-L.dw.png","187","159","214","160","246","236","253","185","274","107","328","242","379","276","366","253","414","226","383","207","424","177","428","134","445","106","444","271","482","239","566","206","604","203","611","175","72","223"
"ES-0538-A002645-R.dw.png","185","176","209","172","251","241","255","191","257","109","337","232","392","256","375","235","418","199","385","188","417","149","414","106","426","74","454","238","486","199","563","149","600","138","602","109","84","263"
"ES-0538-A002646-L.dw.png","198","163","226","163","258","241","265","189","280","110","332","250","384","288","370","262","421","234","396","214","439","186","446","143","463","113","461","283","497","251","580","219","620","217","631","189","71","229"
"ES-0538-A002646-R.dw.png","198","161","227","162","257","242","263","189","282","109","331","251","381","291","368","266","420","238","392","217","437","190","445","146","462","117","458","288","494","257","578","225","616","223","627","196","69","223"
"ES-0538-A002647-L.dw.png","191","177","216","173","260","246","258","191","264","107","345","238","401","263","380","242","421","204","386","190","425","154","424","113","436","80","466","244","496","203","562","160","607","147","609","117","84","267"
"ES-0538-A002647-R.dw.png","192","173","220","169","259","244","259","188","269","108","345","239","398","267","382","245","421","207","389","194","429","160","431","118","444","85","464","253","500","208","567","168","616","157","619","127","83","261"
"ES-0539-A002648-L.dw.png","195","177","218","175","265","250","263","197","270","114","339","245","403","271","383","250","420","213","394","201","434","161","434","119","448","85","470","257","498","219","577","173","615","164","618","131","77","264"
"ES-0539-A002648-R.dw.png","192","185","215","180","267","250","258","195","260","113","340","237","403","258","383","238","420","198","392","188","426","144","422","103","432","68","467","236","495","197","570","142","606","131","605","97","84","282"
"ES-0539-A002649-L.dw.png","198","166","227","165","254","244","268","191","280","112","338","248","391","280","378","260","428","226","396","206","441","175","448","136","462","104","467","273","505","237","585","200","625","195","630","168","74","236"
"ES-0539-A002649-R.dw.png","198","159","227","161","254","243","269","192","284","112","335","253","383","287","374","267","428","238","392","214","439","187","450","149","466","118","461","286","502","253","582","223","622","221","630","194","69","221"
"ES-0539-A002650-L.dw.png","200","186","227","183","275","259","266","201","280","118","354","254","409","281","393","260","435","222","396","205","439","166","442","124","456","87","481","266","513","222","591","176","631","165","635","135","82","270"
"ES-0539-A002650-R.dw.png","195","192","222","186","276","257","265","202","267","115","359","243","414","265","395","246","434","204","393","190","428","148","426","105","436","68","480","242","511","195","580","142","619","128","619","96","89","290"
"ES-0539-A002651-L.dw.png","204","174","226","171","264","246","266","191","280","110","350","243","403","272","386","249","429","214","397","197","438","166","438","125","454","91","469","258","505","219","581","178","621","169","624","139","85","255"
"ES-0539-A002651-R.dw.png","205","164","227","164","255","241","263","189","288","110","340","250","387","286","373","261","422","231","391","210","435","185","440","145","460","113","457","279","495","246","575","214","615","210","621","181","75","230"
"ES-0539-A002652-L.dw.png","193","163","217","163","251","239","254","186","268","110","324","241","377","272","358","250","408","219","376","200","423","172","428","131","445","101","446","265","481","231","560","194","599","189","607","160","70","232"
"ES-0539-A002652-R.dw.png","190","164","215","163","252","239","253","185","266","109","325","239","376","272","358","248","411","218","377","200","422","171","426","130","441","100","448","262","483","227","557","192","600","188","606","159","72","235"
"ES-0539-A002653-L.dw.png","194","167","220","167","254","247","262","193","278","110","337","249","391","280","374","258","421","226","390","207","435","177","439","134","453","103","460","271","494","239","583","198","624","194","630","167","71","240"
"ES-0539-A002653-R.dw.png","190","175","216","172","254","248","256","192","267","110","343","243","398","270","381","248","425","215","391","198","430","165","430","120","441","89","466","256","496","221","580","172","620","165","623","136","77","261"
"ES-0539-A002654-L.dw.png","189","181","221","177","257","247","261","195","271","111","347","239","403","264","385","242","425","202","396","190","430","152","425","108","437","74","471","244","504","199","579","148","618","137","620","109","81","268"
"ES-0539-A002654-R.dw.png","188","181","219","178","256","249","255","196","269","111","340","243","398","268","378","247","421","208","393","196","425","157","422","114","437","79","466","251","498","209","574","159","615","149","616","119","77","268"
"ES-0539-A002655-L.dw.png","204","179","230","177","271","255","264","196","284","118","346","256","401","288","387","265","434","231","400","210","445","179","448","135","465","103","473","278","504","243","589","201","625","196","632","166","77","257"
"ES-0539-A002655-R.dw.png","205","174","229","173","260","253","262","195","287","119","340","261","392","298","379","274","424","241","396","220","443","193","450","148","469","117","467","292","499","261","585","226","622","223","632","194","73","243"
"ES-0539-A002656-L.dw.png","208","172","232","171","264","249","272","196","285","116","346","254","392","289","380","265","430","235","393","211","442","184","450","143","468","112","461","282","501","247","586","213","627","210","632","179","76","240"
"ES-0539-A002656-R.dw.png","201","182","226","178","272","250","267","196","269","116","350","243","403","271","387","249","432","213","392","195","436","161","437","119","449","86","471","256","504","214","583","168","622","160","625","129","85","270"
"ES-0539-A002657-L.dw.png","201","168","224","167","262","252","262","191","280","114","343","258","392","290","377","268","426","236","393","215","435","182","444","139","461","110","458","284","499","248","584","210","623","206","628","176","73","239"
"ES-0539-A002657-R.dw.png","196","170","225","166","261","240","265","187","280","107","339","235","404","261","382","241","429","203","392","187","435","158","436","116","452","85","468","248","505","206","576","167","624","157","628","129","82","257"
"ES-0540-A002658-L.dw.png","194","168","226","165","263","237","261","183","277","104","338","233","401","261","379","238","426","202","387","186","431","154","432","113","449","81","468","246","501","206","571","165","622","154","624","124","79","253"
"ES-0540-A002658-R.dw.png","200","169","225","169","263","251","261","192","279","115","344","257","394","287","381","267","429","234","391","211","436","180","444","137","460","107","461","281","500","244","587","203","624","199","630","170","75","242"
"ES-0540-A002659-L.dw.png","187","192","215","183","270","242","254","194","247","111","345","223","404","240","386","222","418","178","378","170","412","128","404","85","409","51","464","213","491","168","560","106","589","93","586","63","94","296"
"ES-0540-A002659-R.dw.png","197","170","223","170","261","245","258","191","278","112","337","249","388","282","375","259","417","227","383","207","429","178","433","135","450","105","453","274","495","238","574","201","609","197","616","169","75","241"
"ES-0540-A002660-L.dw.png","195","150","218","153","237","240","252","184","284","108","314","261","356","302","345","276","400","255","368","228","420","205","435","166","458","140","422","309","468","283","558","262","597","268","609","239","60","196"
"ES-0540-A002660-R.dw.png","193","179","216","174","265","248","258","189","260","108","343","239","398","263","379","243","423","203","385","189","422","149","420","106","432","75","459","246","491","205","569","152","606","142","609","111","81","269"
"ES-0540-A002661-L.dw.png","200","177","228","174","263","245","266","191","274","113","346","239","398","264","383","244","426","206","396","192","430","157","427","114","440","83","467","248","502","206","579","161","616","151","616","123","80","263"
"ES-0540-A002661-R.dw.png","202","166","230","166","258","242","266","190","284","112","340","246","389","279","376","257","424","225","394","205","435","176","438","134","456","105","462","271","499","237","584","199","621","195","629","166","73","238"
"ES-0540-A002662-L.dw.png","202","168","229","167","267","244","271","191","281","111","344","245","395","277","378","254","428","220","393","200","435","168","440","125","453","95","459","268","499","229","581","188","618","182","623","155","75","241"
"ES-0540-A002662-R.dw.png","192","189","215","181","279","243","263","192","252","112","348","224","406","243","385","224","428","178","381","169","414","126","407","84","412","52","467","214","493","168","559","109","596","93","593","64","90","296"
"ES-0540-A002663-L.dw.png","186","171","207","170","243","242","247","190","260","105","318","240","372","268","351","246","400","210","370","195","405","162","405","119","424","86","438","255","473","216","549","174","590","165","598","134","70","253"
"ES-0540-A002663-R.dw.png","176","166","200","167","224","243","235","191","261","111","303","250","355","284","336","260","390","229","359","210","395","180","402","138","425","107","421","277","460","243","539","206","584","202","591","172","50","231"
"ES-0540-A002664-L.dw.png","203","173","232","171","267","246","271","191","283","112","345","245","401","275","384","253","434","219","394","200","436","168","438","123","450","93","473","261","507","225","590","183","630","177","636","149","83","252"
"ES-0540-A002664-R.dw.png","201","160","232","164","255","244","266","191","290","114","333","256","378","293","366","269","421","243","386","218","433","193","442","150","458","120","452","292","495","261","580","231","622","231","634","204","68","219"
"ES-0540-A002665-L.dw.png","185","154","212","156","235","233","247","182","271","109","320","246","369","284","358","260","395","231","376","214","422","186","430","145","448","118","440","284","477","252","561","225","604","225","614","198","65","209"
"ES-0540-A002665-R.dw.png","181","162","208","161","239","237","244","183","260","108","325","242","376","272","361","250","401","218","376","203","418","170","422","129","436","100","440","266","479","230","564","193","601","189","609","161","67","231"
"ES-0540-A002666-L.dw.png","190","181","215","173","264","239","263","186","249","107","341","221","394","240","377","222","418","176","380","168","412","126","409","87","414","55","466","211","485","167","553","112","588","97","589","69","88","282"
"ES-0540-A002666-R.dw.png","192","174","218","170","257","239","261","186","259","107","335","231","388","254","371","236","416","195","384","183","417","146","420","106","429","76","454","236","485","194","561","146","598","135","599","108","82","265"
"ES-0540-A002667-L.dw.png","211","180","234","177","270","251","269","192","281","112","353","245","410","274","392","252","435","211","401","194","442","156","446","115","458","85","478","258","513","216","595","167","628","159","631","129","90","268"
"ES-0540-A002667-R.dw.png","210","180","234","177","269","254","270","193","283","113","348","248","406","277","389","256","436","215","400","198","441","160","445","120","458","88","477","260","512","220","592","172","627","162","628","134","85","267"
"ES-0541-A002668-L.dw.png","205","152","233","157","254","238","266","187","296","111","329","259","373","304","363","277","416","254","393","232","439","207","455","165","473","138","446","310","487","282","578","261","626","266","641","241","58","193"
"ES-0541-A002668-R.dw.png","202","182","227","177","273","248","268","194","271","113","351","242","408","270","389","247","434","209","400","194","438","155","436","111","445","78","476","253","506","210","585","159","630","148","636","119","79","270"
"ES-0541-A002669-L.dw.png","201","171","228","170","261","249","267","194","284","114","341","252","394","287","378","262","429","230","399","212","438","178","443","136","462","105","463","279","499","241","582","202","618","197","626","169","75","244"
"ES-0541-A002669-R.dw.png","199","177","227","175","266","254","265","197","280","115","344","255","395","287","379","263","433","231","397","212","435","177","440","133","458","101","461","279","499","239","580","198","616","192","625","161","75","256"
"ES-0541-A002670-L.dw.png","199","164","227","167","241","248","267","199","293","115","327","263","371","305","362","278","418","253","384","226","435","201","448","159","471","130","446","304","489","273","577","245","617","244","626","214","63","218"
"ES-0541-A002670-R.dw.png","198","178","226","178","248","258","267","204","287","120","338","266","386","302","374","278","424","246","389","223","437","192","445","149","466","117","460","295","499","259","583","222","621","218","628","187","69","246"
"ES-0541-A002671-L.dw.png","189","187","212","181","268","251","259","196","256","113","348","236","406","254","385","236","424","196","381","183","417","141","413","98","422","66","469","231","495","190","568","129","598","118","599","89","90","286"
"ES-0541-A002671-R.dw.png","189","190","211","183","267","254","253","196","255","115","346","237","404","255","384","237","421","196","380","185","414","141","409","98","417","66","466","230","491","189","566","130","593","119","594","88","89","291"
"ES-0541-A002672-L.dw.png","203","183","230","179","277","255","272","198","287","116","359","249","411","279","397","256","438","218","398","199","445","164","448","121","462","87","488","261","510","224","599","173","638","164","640","133","81","270"
"ES-0541-A002672-R.dw.png","206","169","231","169","261","250","267","194","296","116","347","261","392","298","382","274","430","244","396","220","446","192","455","149","475","119","469","295","499","262","592","227","633","225","642","195","71","233"
"ES-0541-A002673-L.dw.png","202","169","229","169","268","252","264","194","285","114","347","260","396","294","381","270","435","239","395","217","443","186","451","143","468","111","466","288","504","252","591","216","630","214","637","183","75","238"
"ES-0541-A002673-R.dw.png","203","154","228","157","253","245","261","189","292","113","331","263","376","304","363","278","420","255","389","231","438","208","452","166","473","137","446","309","489","281","581","256","619","259","629","230","65","204"
"ES-0541-A002674-L.dw.png","195","185","219","181","268","253","269","202","270","119","349","245","407","272","388","250","424","211","399","200","432","160","427","116","440","81","473","253","499","211","577","163","614","151","616","123","82","274"
"ES-0541-A002674-R.dw.png","200","179","226","180","257","264","267","210","288","129","337","273","390","312","376","287","420","257","392","238","437","208","443","164","465","132","458","310","492","275","582","245","619","243","629","214","71","242"
"ES-0541-A002675-L.dw.png","188","192","216","185","273","254","256","197","253","116","347","237","408","256","386","237","428","191","386","180","417","136","409","94","417","57","473","229","497","183","568","122","604","107","602","75","91","301"
"ES-0541-A002675-R.dw.png","197","183","225","180","272","257","262","198","272","116","348","252","407","276","385","257","433","215","394","200","430","161","429","118","441","83","474","261","505","216","578","171","619","160","625","130","84","277"
"ES-0541-A002676-L.dw.png","190","183","219","179","251","251","253","196","258","116","337","243","394","267","374","248","417","209","381","194","421","156","421","114","430","81","457","248","490","209","567","161","603","153","608","123","75","268"
"ES-0541-A002676-R.dw.png","195","177","222","176","249","250","258","196","267","115","337","251","388","280","370","259","421","226","384","206","426","173","429","131","442","100","450","270","492","231","569","194","604","189","616","160","75","251"
"ES-0541-A002677-L.dw.png","190","195","214","186","275","252","254","196","252","114","353","231","406","246","387","228","418","183","384","174","412","132","402","90","407","53","469","218","493","170","560","109","591","95","587","67","95","305"
"ES-0541-A002677-R.dw.png","195","176","221","174","263","253","256","193","277","114","348","253","393","281","379","260","420","225","393","210","428","174","430","130","444","97","464","270","498","230","579","191","610","186","617","157","77","257"
"ES-0542-A002678-L.dw.png","196","162","220","162","254","243","260","189","279","109","332","250","381","287","366","261","416","232","382","208","428","183","438","144","459","112","445","282","489","247","575","213","613","211","621","184","66","228"
"ES-0542-A002678-R.dw.png","195","175","220","172","260","244","260","190","266","110","339","239","396","267","379","245","421","207","383","191","426","157","429","117","445","82","464","250","499","208","576","162","612","154","617","125","77","259"
"ES-0542-A002679-L.dw.png","190","193","218","185","281","251","261","199","257","114","355","235","409","255","389","236","431","192","390","180","421","139","413","94","419","59","477","229","501","187","577","123","608","110","608","80","90","295"
"ES-0542-A002679-R.dw.png","200","167","229","168","271","249","267","193","287","111","347","254","397","288","384","265","433","234","402","215","442","181","445","137","461","104","464","283","504","249","593","211","626","208","634","177","78","240"
"ES-0542-A002680-L.dw.png","183","188","209","181","255","245","254","194","249","112","337","227","395","247","375","227","415","184","384","174","410","135","406","92","412","60","463","221","491","176","560","120","590","108","593","80","83","280"
"ES-0542-A002680-R.dw.png","187","179","215","176","256","244","261","196","261","113","334","239","389","264","372","244","415","205","387","192","420","155","421","112","433","81","462","248","495","208","568","161","604","152","608","121","78","259"
"ES-0542-A002681-L.dw.png","196","168","222","167","266","247","269","195","279","112","338","250","389","281","371","258","419","226","386","207","429","175","434","131","448","101","452","273","489","235","573","195","609","191","614","159","77","244"
"ES-0542-A002681-R.dw.png","199","166","226","166","269","248","274","197","284","113","339","253","385","287","370","263","421","233","386","212","435","181","440","138","457","108","453","282","491","245","577","207","616","204","622","171","78","240"
"ES-0542-A002682-L.dw.png","194","165","221","165","254","243","255","188","272","112","328","249","377","282","363","260","412","231","381","210","424","181","432","143","450","113","445","277","483","244","560","212","601","209","609","181","68","231"
"ES-0542-A002682-R.dw.png","190","173","216","170","261","243","259","190","261","111","338","240","387","266","371","247","413","210","384","195","420","161","421","120","436","89","455","252","487","214","559","172","598","163","602","134","76","256"
"ES-0542-A002683-L.dw.png","203","174","225","172","259","249","264","196","284","114","341","253","393","285","379","262","423","229","391","211","431","178","437","136","455","104","457","276","495","242","578","201","610","196","617","167","77","248"
"ES-0542-A002683-R.dw.png","196","183","218","179","262","250","259","196","263","112","340","241","399","264","381","245","422","205","384","191","421","151","420","109","434","74","467","245","497","205","569","153","604","142","605","113","82","274"
"ES-0542-A002684-L.dw.png","188","160","217","162","250","244","258","191","275","113","327","251","375","286","363","263","413","234","383","214","429","185","436","146","454","115","446","285","489","252","572","224","611","223","621","194","67","225"
"ES-0542-A002684-R.dw.png","187","165","216","166","250","250","258","196","275","113","331","258","380","293","367","271","418","241","386","219","432","188","440","146","457","116","456","293","498","258","583","226","618","225","626","195","69","231"
"ES-0542-A002685-L.dw.png","201","154","225","158","241","245","256","187","291","116","326","267","365","308","355","282","406","261","381","235","430","211","448","173","472","147","437","313","475","290","571","268","610","269","619","240","65","201"
"ES-0542-A002685-R.dw.png","193","186","216","181","265","258","260","200","263","120","351","249","404","273","385","252","426","215","387","197","427","161","430","118","443","85","467","255","497","217","579","163","616","151","612","119","83","278"
"ES-0542-A002686-L.dw.png","197","179","220","175","261","250","260","194","272","115","344","245","399","274","383","250","432","213","392","197","435","161","436","121","449","88","467","258","505","214","578","172","619","163","623","135","82","263"
"ES-0542-A002686-R.dw.png","198","182","223","178","263","251","263","196","274","116","341","245","399","274","383","251","431","214","396","199","437","163","437","123","450","91","467","260","505","217","580","176","621","167","625","138","82","267"
"ES-0542-A002687-L.dw.png","198","188","230","181","278","252","269","195","275","115","365","238","423","261","405","240","442","198","411","188","444","146","441","102","450","69","488","239","519","194","589","143","631","129","634","98","93","282"
"ES-0542-A002687-R.dw.png","203","172","233","171","266","250","272","194","289","114","355","253","409","285","394","262","438","229","410","212","450","177","454","134","470","103","471","278","512","240","592","202","634","197","643","166","80","243"
"ES-0543-A002688-L.dw.png","200","166","226","167","252","245","257","188","281","115","331","252","382","289","366","264","422","235","389","213","428","183","436","140","451","111","451","283","492","249","585","214","619","210","626","184","65","229"
"ES-0543-A002688-R.dw.png","196","180","222","176","263","247","256","191","268","115","341","241","402","267","380","246","428","208","390","192","425","154","425","112","435","81","466","250","500","210","585","158","619","149","620","119","77","267"
"ES-0543-A002689-L.dw.png","198","154","227","156","252","240","265","188","283","110","332","252","380","291","369","268","422","242","385","218","433","195","442","155","463","125","455","291","493","261","572","234","617","234","624","206","69","211"
"ES-0543-A002689-R.dw.png","196","149","224","154","245","239","258","187","283","111","319","256","364","298","355","274","410","252","376","225","426","205","439","166","462","138","438","304","478","277","561","256","605","259","615","230","63","196"
"ES-0543-A002690-L.dw.png","192","182","221","176","269","242","255","189","260","109","346","229","398","252","382","232","424","192","387","179","423","143","416","102","426","69","469","228","492","190","567","136","605","124","603","96","86","278"
"ES-0543-A002690-R.dw.png","198","175","228","173","268","243","254","187","272","111","339","240","392","267","378","248","426","213","389","195","429","163","426","121","441","89","461","256","495","217","573","174","613","166","613","135","84","262"
"ES-0543-A002691-L.dw.png","186","215","211","205","277","267","255","214","246","129","346","244","415","257","393","239","427","190","386","183","414","136","405","94","409","55","475","226","503","174","564","108","598","89","589","58","97","330"
"ES-0543-A002691-R.dw.png","196","190","223","186","276","262","261","203","273","118","349","254","412","283","394","261","436","220","401","205","437","163","437","120","450","83","479","266","515","221","592","171","625","163","626","127","87","285"
"ES-0543-A002692-L.dw.png","199","167","227","168","253","249","261","192","283","114","334","258","389","295","377","271","431","241","398","219","445","189","454","149","471","117","464","290","500","256","589","222","628","218","637","189","70","233"
"ES-0543-A002692-R.dw.png","197","182","224","178","264","256","261","196","274","116","348","253","404","281","389","260","436","221","399","203","443","166","445","126","457","92","477","266","508","225","591","178","625","170","631","139","80","269"
"ES-0543-A002693-L.dw.png","202","181","227","177","270","253","266","197","273","114","341","251","396","279","377","257","424","218","388","201","432","163","433","120","449","88","466","262","497","224","581","176","618","167","622","136","83","268"
"ES-0543-A002693-R.dw.png","194","187","218","180","272","250","262","194","252","113","347","236","402","254","380","236","421","191","384","180","419","136","412","93","422","59","470","229","495","185","568","125","602","112","603","79","91","290"
"ES-0543-A002694-L.dw.png","199","165","224","165","254","244","257","188","280","112","343","253","390","290","379","265","423","234","391","212","435","184","438","141","460","108","456","284","498","247","583","214","619","211","628","182","70","235"
"ES-0543-A002694-R.dw.png","193","186","218","180","265","247","257","193","260","113","355","232","413","252","394","233","429","191","391","180","424","141","416","98","428","62","478","229","505","184","576","130","612","117","611","85","90","287"
"ES-0543-A002695-L.dw.png","200","167","229","166","270","245","261","187","276","113","346","247","392","279","378","254","424","224","387","203","429","173","435","132","451","102","454","271","493","233","574","194","613","189","614","164","77","239"
"ES-0543-A002695-R.dw.png","192","180","219","173","281","237","261","186","253","110","351","221","402","240","382","221","420","181","381","169","415","130","410","88","420","56","462","218","493","171","559","116","599","101","593","71","88","280"
"ES-0543-A002696-L.dw.png","201","164","230","165","262","250","267","191","282","110","346","258","391","295","380","270","437","242","395","216","445","187","457","148","475","118","471","290","502","257","593","224","633","222","641","191","73","232"
"ES-0543-A002696-R.dw.png","205","163","231","164","256","250","266","190","288","112","345","261","388","299","378","274","435","249","396","222","445","194","458","155","477","125","463","297","501","265","594","236","630","236","639","206","75","225"
"ES-0543-A002697-L.dw.png","191","179","220","177","259","251","262","197","270","113","341","249","394","279","377","255","426","220","387","203","428","168","430","123","444","89","467","265","497","225","576","181","608","173","613","140","75","259"
"ES-0543-A002697-R.dw.png","194","157","219","161","241","243","255","190","287","113","323","261","366","303","356","276","410","252","378","228","424","203","435","160","457","131","434","304","480","272","565","249","597","249","607","219","62","210"
"ES-0544-A002698-L.dw.png","201","160","224","160","257","241","265","187","285","110","336","253","382","289","366","263","424","235","394","214","438","185","446","144","466","117","451","285","494","251","584","222","621","220","635","194","68","222"
"ES-0544-A002698-R.dw.png","192","181","218","176","268","245","263","191","261","111","349","235","403","259","382","238","428","196","391","182","430","144","426","102","438","72","467","239","503","194","580","143","618","132","621","102","82","275"
"ES-0544-A002699-L.dw.png","192","174","215","169","270","241","259","187","258","109","350","233","401","258","383","237","428","198","386","185","425","149","425","108","438","75","468","239","497","198","568","151","610","139","612","112","79","259"
"ES-0544-A002699-R.dw.png","189","174","213","170","265","242","254","188","257","110","345","236","398","261","379","241","423","203","381","188","423","151","421","110","434","77","462","245","493","203","564","157","602","147","608","116","74","258"
"ES-0544-A002700-L.dw.png","203","183","226","179","278","258","272","200","283","118","355","255","412","284","396","263","442","223","410","208","444","172","445","128","461","94","481","271","518","231","602","185","634","177","638","149","82","268"
"ES-0544-A002700-R.dw.png","200","189","225","183","286","255","271","199","269","114","360","244","421","267","402","248","448","205","404","192","439","150","436","108","448","73","486","248","520","205","596","150","629","139","628","107","90","286"
"ES-0544-A002701-L.dw.png","198","153","223","155","250","234","261","183","284","105","330","247","373","284","360","259","412","233","380","211","425","186","433","149","456","120","446","285","483","252","564","228","602","228","611","201","72","215"
"ES-0544-A002701-R.dw.png","186","179","209","172","261","237","252","185","247","104","341","221","392","241","374","222","412","180","376","170","407","132","400","92","411","58","456","217","484","173","553","122","585","109","585","81","91","283"
"ES-0544-A002702-L.dw.png","200","172","229","170","265","243","262","189","275","113","341","242","397","273","381","250","431","215","396","197","435","167","436","124","450","92","469","260","503","221","582","180","624","173","627","145","81","254"
"ES-0544-A002702-R.dw.png","200","159","229","162","253","242","260","186","284","112","331","253","381","290","367","267","423","239","390","215","433","191","441","148","459","119","451","289","492","256","577","226","619","225","628","197","74","224"
"ES-0544-A002703-L.dw.png","202","171","230","169","262","251","273","196","286","113","351","258","402","293","388","269","437","234","401","213","448","181","453","136","468","106","477","285","513","247","596","210","633","207","639","177","74","244"
"ES-0544-A002703-R.dw.png","187","305","212","293","271","359","265","305","246","221","355","337","418","353","394","335","431","287","390","278","421","233","411","189","415","156","478","324","505","272","569","213","603","196","600","166","95","417"
"ES-0544-A002704-L.dw.png","190","182","214","175","262","243","260","190","247","109","333","229","395","251","376","231","412","189","377","179","412","137","407","97","414","64","454","230","486","186","557","133","591","120","591","90","83","278"
"ES-0544-A002704-R.dw.png","191","184","216","177","262","244","258","191","248","111","335","230","393","253","376","231","416","190","374","178","410","137","405","97","412","64","457","228","486","184","553","131","587","118","587","88","86","281"
"ES-0544-A002705-L.dw.png","185","159","210","162","235","243","245","190","269","113","313","258","359","299","348","273","397","250","368","228","410","199","420","160","441","131","427","301","467","269","551","246","588","247","600","219","55","212"
"ES-0544-A002705-R.dw.png","172","190","195","181","257","242","239","192","226","112","327","222","388","239","366","220","399","178","366","170","390","129","382","88","388","53","449","211","474","164","537","108","572","92","571","63","76","291"
"ES-0544-A002706-L.dw.png","178","198","204","188","262","252","253","198","238","118","344","227","398","240","376","224","412","177","374","171","400","127","390","85","398","53","458","209","479","163","545","99","580","81","576","52","91","307"
"ES-0544-A002706-R.dw.png","181","184","205","176","263","240","251","186","240","105","342","220","395","237","375","219","412","175","373","166","401","123","395","82","405","50","458","209","479","165","549","103","585","87","583","59","89","288"
"ES-0544-A002707-L.dw.png","210","172","239","171","271","251","282","198","294","115","349","255","398","290","386","267","440","236","404","214","446","181","453","139","471","107","473","284","512","246","596","207","634","201","642","171","76","241"
"ES-0544-A002707-R.dw.png","202","188","230","182","278","255","276","199","272","116","355","244","410","270","392","248","441","208","398","192","436","152","433","109","445","74","478","249","514","202","586","151","622","139","625","107","87","284"
"ES-0544-A002708-L.dw.png","198","174","224","172","268","248","269","194","272","111","344","246","393","277","379","253","425","219","387","200","426","166","430","126","446","92","460","264","498","224","576","182","613","175","620","144","73","251"
"ES-0544-A002708-R.dw.png","200","178","226","174","272","248","272","194","273","112","351","243","401","271","385","248","430","213","391","195","429","160","431","121","446","85","471","255","505","215","579","170","616","160","621","130","80","262"
"ES-0544-A002709-L.dw.png","197","186","221","180","272","248","261","194","260","113","349","237","404","261","385","240","422","199","391","189","423","150","420","106","433","75","473","240","501","199","571","150","611","138","614","110","87","278"
"ES-0544-A002709-R.dw.png","193","194","217","186","276","246","259","195","250","114","353","227","410","244","387","227","423","182","383","174","413","132","407","90","414","57","474","216","499","172","561","116","601","98","602","70","97","298"
"ES-0545-A002710-L.dw.png","193","178","222","174","275","253","264","194","269","114","352","248","406","274","390","254","435","215","397","197","436","159","437","117","450","83","473","258","507","216","586","166","625","157","630","127","82","268"
"ES-0545-A002710-R.dw.png","194","176","222","174","266","255","256","194","272","116","347","253","402","283","385","262","433","224","393","205","435","170","439","126","452","93","469","270","505","228","587","181","626","173","630","143","78","262"
"ES-0545-A002711-L.dw.png","188","172","212","170","247","243","254","194","267","112","330","247","380","279","366","256","411","225","380","208","416","177","418","134","435","102","445","271","483","235","558","198","596","193","603","169","70","238"
"ES-0545-A002711-R.dw.png","165","171","187","169","222","242","231","194","240","111","303","245","356","279","341","255","389","225","355","206","392","176","393","134","410","102","422","270","458","234","536","197","572","192","579","168","44","238"
"ES-0545-A002712-L.dw.png","192","171","217","171","246","247","254","195","273","115","335","252","385","285","370","261","419","230","387","212","423","181","427","136","445","104","454","276","491","241","576","200","610","196","617","170","69","238"
"ES-0545-A002712-R.dw.png","176","173","202","172","238","247","241","195","256","114","319","250","371","283","358","260","405","227","371","208","407","176","409","133","427","99","438","273","474","235","556","196","593","191","600","161","55","242"
"ES-0545-A002713-L.dw.png","203","169","231","170","265","250","269","197","291","120","345","257","391","291","378","267","425","237","398","220","437","187","441","145","459","115","458","285","496","251","575","218","613","215","622","187","79","239"
"ES-0545-A002713-R.dw.png","198","175","225","174","263","252","263","197","279","120","344","254","391","286","377","262","422","230","396","215","432","179","434","137","451","106","458","276","494","240","575","202","612","198","620","170","77","252"
"ES-0545-A002714-L.dw.png","186","170","213","169","249","247","247","190","267","113","330","251","380","283","366","260","410","228","378","209","418","178","424","135","440","103","445","276","482","239","565","202","604","198","614","166","67","243"
"ES-0545-A002714-R.dw.png","183","227","208","216","269","275","248","223","236","143","345","248","404","260","382","244","414","198","375","191","402","148","391","107","394","70","464","228","482","183","549","115","584","96","581","66","102","339"
"ES-0545-A002715-L.dw.png","201","168","228","167","266","244","265","191","278","113","348","248","395","278","381","256","422","220","396","206","435","173","442","132","457","101","460","270","497","233","580","195","616","190","623","161","78","243"
"ES-0545-A002715-R.dw.png","203","168","228","167","266","244","265","191","281","114","347","249","395","281","382","259","427","226","395","208","435","178","443","138","459","106","461","274","500","237","578","201","617","197","625","170","76","238"
"ES-0545-A002716-L.dw.png","183","173","214","173","247","249","252","196","268","118","323","249","379","282","364","258","410","226","380","209","422","175","425","134","440","101","446","272","481","236","560","199","605","192","613","163","64","250"
"ES-0545-A002716-R.dw.png","187","174","216","173","250","250","253","196","272","119","330","253","381","285","366","261","410","229","383","213","425","179","427","138","443","106","446","276","484","239","563","203","606","199","614","168","67","248"
"ES-0545-A002717-L.dw.png","197","169","223","168","260","242","260","189","272","113","340","244","390","275","374","252","423","221","383","202","426","172","427","130","443","97","454","266","489","229","572","191","608","186","616","156","84","245"
"ES-0545-A002717-R.dw.png","199","168","222","166","262","241","262","188","270","111","340","242","389","273","374","250","422","218","383","200","423","169","424","127","441","95","454","263","489","226","569","189","605","184","613","156","85","244"
"ES-0545-A002718-L.dw.png","199","163","226","163","253","237","262","185","272","111","335","241","382","271","370","250","417","219","385","200","426","170","432","132","446","103","454","262","486","229","565","192","598","186","604","161","77","236"
"ES-0545-A002718-R.dw.png","184","165","214","163","242","237","251","185","258","110","323","238","372","268","360","247","405","216","371","197","413","168","418","129","431","100","444","258","475","224","554","188","585","182","592","156","66","239"
"ES-0545-A002719-L.dw.png","180","248","200","238","268","289","246","241","228","165","338","262","392","274","368","258","397","211","358","207","385","162","371","124","376","86","450","238","465","191","519","126","553","105","550","76","96","358"
"ES-0545-A002719-R.dw.png","196","162","218","161","256","236","260","185","275","108","330","241","378","276","363","251","407","220","375","201","419","171","423","131","442","99","447","267","481","231","558","196","598","192","608","164","72","226"
"ES-0546-A002720-L.dw.png","176","169","202","169","236","250","232","190","250","116","313","253","361","285","347","262","394","231","362","212","406","180","413","140","430","108","431","276","466","241","556","202","594","197","602","174","54","242"
"ES-0546-A002720-R.dw.png","194","168","218","168","251","251","254","193","270","116","330","257","377","291","364","267","411","238","376","217","424","186","431","145","449","114","446","283","481","249","572","213","610","210","621","182","71","238"
"ES-0546-A002721-L.dw.png","207","170","235","171","266","252","270","196","291","116","343","259","393","294","379","270","432","239","402","220","445","189","452","148","472","116","468","288","506","253","591","220","629","216","639","187","75","237"
"ES-0546-A002721-R.dw.png","206","174","232","173","267","252","273","198","286","115","346","256","395","288","381","265","434","232","403","214","442","181","446","140","464","106","468","280","507","243","585","205","626","200","635","170","77","245"
"ES-0546-A002722-L.dw.png","203","171","229","170","260","248","261","191","281","116","341","251","395","286","382","263","427","229","395","210","441","180","447","139","463","106","467","276","500","241","574","203","619","197","628","167","77","244"
"ES-0546-A002722-R.dw.png","203","169","230","169","261","247","259","189","282","115","340","252","393","287","381","264","425","232","395","214","440","184","446","142","464","111","464","280","500","245","574","211","617","206","625","177","76","241"
"ES-0546-A002723-L.dw.png","199","165","225","165","256","241","257","187","273","117","331","247","380","280","369","258","414","229","383","209","432","181","438","141","452","113","455","274","489","242","569","210","609","206","617","178","73","230"
"ES-0546-A002723-R.dw.png","201","166","226","165","257","240","262","187","273","114","337","244","383","275","371","253","416","223","382","203","430","176","436","136","450","107","457","267","493","233","569","199","607","194","614","169","78","235"
"ES-0546-A002724-L.dw.png","201","179","227","175","270","253","267","197","279","119","349","254","399","286","383","262","427","228","399","213","439","177","441","132","454","100","472","276","505","238","586","198","628","192","636","162","83","258"
"ES-0546-A002724-R.dw.png","203","175","229","173","271","251","267","194","283","118","348","254","397","287","382","262","431","231","400","213","440","180","442","135","456","104","468","279","501","242","586","204","627","200","635","171","79","249"
"ES-0546-A002725-L.dw.png","198","149","224","149","254","228","261","173","282","97","333","236","385","272","372","248","420","214","385","193","431","163","438","120","456","88","457","265","495","227","579","190","619","186","630","156","65","211"
"ES-0546-A002725-R.dw.png","184","149","213","150","244","229","249","173","267","96","320","237","372","274","357","248","411","216","370","192","418","165","424","121","442","89","443","267","482","229","563","192","603","188","614","160","54","213"
"ES-0546-A002726-L.dw.png","200","168","228","168","253","244","255","186","276","117","337","248","387","279","375","258","419","224","389","205","431","175","437","135","451","105","459","270","492","237","569","200","610","194","617","166","78","239"
"ES-0546-A002726-R.dw.png","196","167","223","166","253","242","256","186","270","113","337","245","387","275","374","253","416","220","386","202","428","171","432","131","447","100","457","265","490","231","567","195","605","189","613","160","77","241"
"ES-0546-A002727-L.dw.png","184","170","211","168","245","249","249","191","266","111","328","251","379","284","365","261","414","226","381","206","424","175","425","131","441","100","452","276","487","238","569","201","607","195","616","167","64","245"
"ES-0546-A002727-R.dw.png","168","167","196","166","230","246","232","188","249","108","316","249","364","280","349","257","400","222","367","203","407","171","410","127","426","96","435","272","472","234","553","196","591","190","600","161","51","245"
"ES-0546-A002728-L.dw.png","183","166","210","165","238","244","251","190","263","110","316","247","370","280","358","259","410","224","370","202","415","172","424","133","438","106","441","271","478","234","559","198","597","192","605","166","71","240"
"ES-0546-A002728-R.dw.png","190","161","218","161","239","241","257","187","273","108","321","246","375","280","362","258","414","225","377","204","421","173","431","134","445","109","445","272","484","235","561","201","602","196","610","169","77","234"
"ES-0546-A002729-L.dw.png","201","148","227","148","257","226","264","172","286","95","331","232","384","269","371","245","421","214","383","191","434","164","440","121","459","90","455","263","492","227","573","193","619","188","630","160","69","210"
"ES-0546-A002729-R.dw.png","182","189","208","183","253","251","246","196","250","116","329","239","388","262","370","241","409","199","369","186","411","147","406","105","417","69","456","239","483","195","553","143","596","128","599","97","72","282"
"ES-0547-A002730-L.dw.png","197","164","225","163","256","239","259","184","276","106","334","241","388","274","374","251","424","218","388","197","432","169","437","128","451","97","462","264","497","228","576","191","621","185","627","156","79","233"
"ES-0547-A002730-R.dw.png","194","162","220","161","256","238","253","181","273","104","334","241","383","272","369","249","421","218","382","196","428","168","432","127","446","96","455","263","491","226","570","190","614","185","621","155","79","234"
"ES-0547-A002731-L.dw.png","198","178","225","178","258","259","268","206","285","123","345","266","396","301","382","277","429","245","399","227","443","197","449","152","467","118","471","294","503","263","588","223","625","219","635","188","76","243"
"ES-0547-A002731-R.dw.png","191","183","218","181","259","259","264","207","275","123","342","263","395","295","380","272","426","238","395","221","437","189","441","145","458","108","470","285","502","250","586","206","618","201","626","168","73","254"
"ES-0547-A002732-L.dw.png","204","169","234","170","263","249","268","193","290","114","339","254","392","290","379","266","435","235","400","215","442","183","449","141","468","110","469","282","505","246","590","211","626","208","635","178","78","242"
"ES-0547-A002732-R.dw.png","206","174","235","174","266","251","270","196","288","115","342","253","398","286","385","263","437","229","400","209","444","176","448","135","467","102","473","275","512","236","595","197","629","192","637","161","79","250"
"ES-0547-A002733-L.dw.png","194","170","221","169","260","247","262","192","276","114","339","251","386","282","371","259","416","225","389","208","428","176","433","133","449","101","454","273","492","236","576","199","614","193","621","163","75","244"
"ES-0547-A002733-R.dw.png","196","166","224","165","260","243","264","190","276","112","338","246","388","278","374","255","420","223","388","204","430","174","435","131","450","99","458","269","492","234","575","196","615","190","622","161","80","241"
"ES-0547-A002734-L.dw.png","203","172","231","172","267","248","273","198","280","118","343","251","393","285","378","261","428","230","392","211","433","177","438","137","453","106","457","276","493","239","574","201","616","196","625","165","80","245"
"ES-0547-A002734-R.dw.png","203","172","232","172","266","247","273","197","279","117","341","250","390","283","376","260","425","229","389","209","431","177","436","136","451","105","455","275","489","240","572","202","612","196","619","165","82","246"
"ES-0547-A002735-L.dw.png","208","171","237","171","266","252","267","193","297","120","348","261","399","298","386","274","440","244","401","220","448","190","455","148","472","116","474","293","515","255","593","221","634","216","643","187","81","236"
"ES-0547-A002735-R.dw.png","210","175","239","175","276","254","274","197","295","120","353","259","407","294","393","270","444","236","403","214","451","183","455","139","471","106","479","284","519","244","597","205","636","199","643","168","87","248"
"ES-0547-A002736-L.dw.png","201","185","232","184","273","267","277","210","285","125","358","267","408","298","390","273","436","240","405","222","446","188","449","143","468","106","476","289","513","250","597","209","635","203","641","171","87","267"
"ES-0547-A002736-R.dw.png","187","225","213","214","281","279","264","223","245","140","366","250","421","263","397","245","429","198","393","192","418","147","406","103","414","66","481","232","504","181","568","117","602","98","595","69","110","343"
"ES-0547-A002737-L.dw.png","195","176","224","175","256","249","259","196","271","119","338","252","389","284","375","261","418","229","388","211","431","179","434","138","451","105","462","275","494","239","570","202","620","196","628","169","73","248"
"ES-0547-A002738-L.dw.png","205","173","231","172","269","248","267","194","282","117","345","252","396","285","383","262","427","229","397","210","441","180","444","139","461","105","465","277","500","240","579","204","626","198","635","170","80","243"
"ES-0547-A002738-R.dw.png","189","177","218","178","251","253","265","204","273","118","338","257","390","289","376","267","420","233","393","216","431","183","435","140","450","107","457","281","491","245","579","206","618","201","626","171","70","249"
"ES-0547-A002739-L.dw.png","195","176","222","174","263","253","265","199","276","117","344","256","394","288","379","265","422","230","392","212","438","179","441","137","458","105","463","278","501","241","579","201","622","195","629","164","68","246"
"ES-0547-A002739-R.dw.png","197","173","223","172","264","252","260","194","278","117","347","256","395","287","381","264","427","232","393","212","437","181","441","138","458","107","462","279","501","244","578","203","621","197","628","168","72","243"
"ES-0548-A002740-L.dw.png","201","168","233","168","262","247","267","190","289","113","344","250","394","281","380","259","432","225","398","207","439","177","443","136","459","102","468","272","504","235","580","198","627","193","637","163","81","243"
"ES-0548-A002740-R.dw.png","201","169","234","170","263","248","270","193","288","114","345","252","394","283","381","261","435","228","397","208","440","178","444","138","461","103","469","274","508","237","579","201","628","195","637","165","82","245"
"ES-0548-A002741-L.dw.png","191","171","219","171","250","248","252","193","279","114","340","252","395","284","379","261","424","226","395","211","433","178","436","135","453","101","467","274","502","235","581","197","618","192","622","165","81","247"
"ES-0548-A002741-R.dw.png","196","167","224","167","253","245","261","193","284","113","341","252","393","285","377","262","421","228","395","213","436","181","440","138","457","105","465","277","504","238","580","203","621","198","629","170","81","238"
"ES-0548-A002742-L.dw.png","205","179","230","178","269","258","266","199","284","120","344","261","393","294","376","269","430","235","397","216","438","182","444","139","460","106","465","284","501","246","587","207","625","202","634","173","80","257"
"ES-0548-A002742-R.dw.png","204","173","229","172","267","253","263","193","285","117","339","257","387","291","373","267","427","233","395","214","438","184","445","141","463","108","464","282","499","247","586","208","626","203","633","176","80","247"
"ES-0548-A002743-L.dw.png","207","174","234","172","271","250","272","194","286","120","353","254","402","287","388","264","441","231","404","211","448","180","453","140","467","111","471","278","509","240","587","204","624","198","631","171","83","247"
"ES-0548-A002743-R.dw.png","207","172","234","170","266","249","272","193","287","119","349","254","397","287","383","264","435","231","401","211","444","182","451","142","466","113","469","279","507","242","584","208","622","203","629","175","81","242"
"ES-0548-A002744-L.dw.png","197","181","228","180","264","259","268","204","285","121","344","260","399","293","383","269","431","235","398","217","442","183","445","141","463","106","470","283","508","244","589","206","629","199","637","169","74","260"
"ES-0548-A002744-R.dw.png","198","177","226","177","264","258","267","202","287","121","342","262","396","296","381","272","432","240","399","221","441","189","446","147","464","113","464","289","504","251","588","216","627","212","636","182","74","251"
"ES-0548-A002745-L.dw.png","192","167","217","166","257","244","252","187","268","112","332","246","381","278","367","255","420","224","382","205","422","173","425","131","441","100","447","269","484","232","570","194","606","190","614","162","77","240"
"ES-0548-A002745-R.dw.png","196","165","220","165","251","241","258","190","273","112","329","248","378","284","364","259","417","231","379","210","422","182","427","141","446","111","447","278","484","243","568","209","606","208","615","179","77","231"
"ES-0548-A002746-L.dw.png","178","222","204","211","266","269","248","219","234","139","336","244","399","255","378","238","411","190","373","184","400","139","389","98","393","62","461","221","480","173","541","109","577","90","575","59","91","336"
"ES-0548-A002746-R.dw.png","196","174","225","173","260","251","260","196","280","117","334","252","390","285","374","261","423","229","392","210","433","178","437","136","453","104","460","275","495","237","575","200","616","194","624","165","72","247"
"ES-0548-A002747-L.dw.png","178","170","199","169","236","246","244","195","259","113","319","251","369","285","353","260","403","228","374","212","415","178","418","137","435","107","443","276","481","239","561","202","600","197","608","170","57","240"
"ES-0548-A002747-R.dw.png","196","169","217","168","255","245","263","194","273","111","337","249","385","282","369","257","421","226","390","209","432","174","433","132","449","102","457","274","498","234","578","198","617","193","624","164","76","241"
"ES-0548-A002748-L.dw.png","199","170","225","169","259","246","260","192","276","116","337","250","390","283","376","260","425","229","388","210","429","177","434","136","450","103","453","276","492","238","576","200","615","196","623","169","78","238"
"ES-0548-A002748-R.dw.png","197","168","223","167","258","242","263","191","273","114","335","245","387","278","374","255","423","224","387","205","427","173","430","132","447","100","453","270","490","232","574","193","613","189","621","162","79","238"
"ES-0548-A002749-L.dw.png","175","167","198","166","231","240","236","189","249","108","312","244","363","277","348","253","392","223","358","205","400","174","402","130","417","98","428","268","462","233","543","194","582","189","587","168","56","236"
"ES-0548-A002749-R.dw.png","190","165","215","165","247","239","253","188","265","109","327","243","378","277","363","253","408","223","377","205","416","173","419","129","435","98","446","268","480","234","560","195","602","190","609","163","71","235"
"ES-0549-A002750-L.dw.png","211","169","238","168","269","247","275","192","290","113","345","251","397","287","384","264","434","234","398","211","444","183","449","141","464","112","470","280","507","246","585","214","625","210","634","181","80","236"
"ES-0549-A002750-R.dw.png","205","175","234","173","268","250","272","196","282","115","345","251","398","284","383","261","434","229","395","208","439","177","441","135","455","104","469","274","504","237","580","201","619","196","625","165","78","248"
"ES-0549-A002752-L.dw.png","194","165","218","165","256","244","263","193","275","111","338","250","387","284","373","261","425","230","393","211","433","178","437","137","455","106","459","277","501","240","581","204","621","199","629","173","73","233"
"ES-0549-A002752-R.dw.png","186","166","209","166","243","244","251","190","267","110","332","248","381","280","365","256","420","224","385","206","425","171","427","130","444","99","454","270","495","231","573","194","613","189","620","160","67","236"
"ES-0549-A002753-L.dw.png","196","170","222","171","258","248","264","197","280","119","338","252","385","287","371","262","416","230","389","214","427","183","434","141","450","112","451","279","490","242","567","207","606","203","613","176","73","243"
"ES-0549-A002753-R.dw.png","190","172","216","172","256","247","257","196","272","117","336","250","384","283","369","259","415","227","385","210","422","178","426","135","441","105","449","274","485","237","561","201","599","196","606","167","72","247"
"ES-0549-A002754-L.dw.png","206","172","238","172","271","251","274","195","286","116","351","253","403","285","387","261","434","228","406","212","440","177","443","136","458","105","470","275","507","237","591","198","623","193","630","164","80","251"
"ES-0549-A002754-R.dw.png","205","171","235","171","269","251","272","194","283","115","348","252","401","284","385","260","431","227","405","212","438","177","441","136","456","106","468","275","505","238","586","199","619","193","626","163","82","250"
"ES-0549-A002755-L.dw.png","149","150","179","151","202","229","212","173","233","99","291","234","345","267","331","244","371","212","344","195","388","162","392","119","407","89","411","260","448","225","529","187","570","182","577","156","26","219"
"ES-0549-A002755-R.dw.png","145","143","173","144","196","221","206","165","225","88","282","226","338","259","324","236","366","204","336","186","379","152","383","109","400","80","407","251","440","217","523","178","562","173","569","144","20","211"
"ES-0549-A002756-L.dw.png","193","172","222","171","254","245","258","192","274","114","335","246","392","278","376","255","418","223","388","207","429","173","434","130","448","100","463","268","494","234","576","196","614","191","622","162","76","246"
"ES-0549-A002756-R.dw.png","194","171","222","170","256","246","258","192","275","115","337","248","393","280","378","257","422","225","392","209","431","174","435","132","450","101","462","270","496","235","577","198","613","193","622","164","77","244"
"ES-0549-A002757-L.dw.png","190","171","218","170","254","246","256","193","271","114","332","248","384","282","370","258","422","226","384","206","426","176","429","134","446","103","453","274","493","235","577","200","611","197","620","170","73","244"
"ES-0549-A002757-R.dw.png","202","174","227","172","263","249","268","196","279","115","345","251","395","284","380","260","431","227","393","207","435","177","438","134","454","103","463","275","501","236","584","198","621","194","628","167","84","250"
"ES-0549-A002758-L.dw.png","196","166","224","167","255","248","266","194","283","114","345","252","398","285","383","262","427","229","398","211","439","182","444","142","460","111","469","277","503","243","585","207","626","202","633","178","77","239"
"ES-0549-A002758-R.dw.png","192","168","223","169","247","248","260","194","280","115","341","252","394","285","380","262","426","229","391","210","434","182","438","141","454","109","465","277","500","242","579","205","620","200","628","174","75","242"
"ES-0549-A002759-L.dw.png","202","176","227","176","266","253","269","201","283","122","344","257","392","289","379","267","425","234","395","217","433","183","437","139","453","109","463","279","497","244","574","205","610","201","617","171","78","248"
"ES-0549-A002759-R.dw.png","195","172","220","173","257","251","261","199","278","121","335","257","380","291","368","268","420","239","384","219","425","187","429","143","446","115","450","283","486","249","566","214","601","211","609","183","69","242"
"ES-0549-A002760-L.dw.png","159","176","184","175","231","255","219","196","238","118","307","258","352","291","338","267","389","236","352","215","397","184","400","142","416","107","417","282","453","246","535","208","574","205","583","174","36","249"
"ES-0549-A002760-R.dw.png","152","247","174","236","245","291","216","242","200","165","316","264","373","275","352","259","383","211","342","207","370","161","358","121","358","83","431","240","450","193","509","127","542","107","538","75","69","362"
"ES-0550-A002761-L.dw.png","191","170","213","169","256","245","259","194","268","111","333","248","384","282","368","258","423","225","386","208","426","173","428","131","444","96","454","272","494","233","574","193","614","188","620","159","73","244"
"ES-0550-A002761-R.dw.png","186","167","207","166","251","243","250","190","262","109","327","247","377","281","363","257","415","225","380","207","420","173","422","131","439","97","451","271","489","233","568","196","606","191","613","162","67","239"
"ES-0550-A002762-L.dw.png","200","175","227","174","266","251","264","199","282","121","342","255","389","289","375","265","420","233","394","217","432","185","437","143","455","111","457","280","492","245","575","206","611","203","617","179","78","246"
"ES-0550-A002763-L.dw.png","203","162","228","164","258","250","270","198","288","117","333","262","378","303","367","277","422","252","389","226","439","201","450","160","470","130","454","302","489","273","580","243","615","242","628","213","75","223"
"ES-0550-A002763-R.dw.png","198","173","226","173","261","252","269","199","278","118","344","256","390","289","376","265","428","233","392","212","437","182","443","141","460","108","465","279","497","245","582","205","618","200","625","175","80","249"
"ES-0550-A002764-L.dw.png","191","165","215","165","248","240","256","191","268","110","327","246","373","279","360","256","413","224","380","206","418","174","423","133","438","103","442","271","485","233","563","198","597","193","603","164","75","235"
"ES-0550-A002764-R.dw.png","190","164","212","163","243","239","255","190","266","110","324","244","372","278","358","254","410","223","379","205","418","174","422","134","437","104","446","269","486","232","565","197","599","192","605","165","74","234"
"ES-0550-A002765-L.dw.png","205","173","233","172","267","248","267","193","285","118","349","252","403","285","387","262","432","230","399","211","445","178","448","136","465","102","472","276","503","242","586","201","629","195","639","167","78","246"
"ES-0550-A002765-R.dw.png","202","174","230","172","270","250","262","191","281","118","350","253","402","286","387","262","430","231","397","212","443","179","446","136","461","104","471","276","502","242","585","201","628","196","637","169","78","249"
"ES-0550-A002766-L.dw.png","199","170","222","168","261","242","263","191","273","114","341","244","389","276","374","252","423","222","386","203","431","173","433","131","448","99","458","267","492","231","575","193","612","188","619","161","79","244"
"ES-0550-A002766-R.dw.png","202","173","225","171","265","246","264","193","278","115","343","248","393","279","378","257","426","226","388","206","432","176","434","132","451","101","459","271","495","235","578","198","613","194","621","165","84","250"
"ES-0550-A002767-L.dw.png","205","172","233","171","272","249","277","196","288","114","353","251","402","282","389","260","433","225","406","209","446","176","450","135","464","104","473","272","507","235","588","196","626","190","633","161","85","250"
"ES-0550-A002767-R.dw.png","204","170","231","169","271","247","270","192","287","113","351","251","398","282","383","259","430","224","402","207","441","174","446","134","462","103","466","273","501","235","580","197","622","190","628","159","83","246"
"ES-0550-A002768-L.dw.png","166","172","189","170","230","244","225","191","241","113","305","246","354","278","339","254","382","222","354","206","392","173","394","131","411","98","419","269","453","233","533","194","570","188","578","160","49","242"
"ES-0550-A002768-R.dw.png","189","171","212","170","250","243","249","192","263","113","328","246","376","279","362","255","407","225","378","208","413","175","414","133","431","101","439","270","473","235","553","197","588","192","595","164","74","242"
"ES-0550-A002769-L.dw.png","191","175","220","174","260","253","260","198","277","120","335","254","391","286","376","263","421","230","394","214","431","182","433","141","451","108","459","277","493","242","569","206","609","200","617","173","78","257"
"ES-0550-A002769-R.dw.png","190","177","218","176","252","253","255","198","270","119","330","254","385","286","371","264","416","230","384","212","426","180","428","139","446","106","456","276","491","240","564","204","604","199","612","170","73","258"
"ES-0550-A002770-L.dw.png","196","165","226","167","250","245","261","193","286","115","326","255","380","294","367","268","418","240","390","220","436","189","442","148","461","117","448","291","488","257","578","227","618","226","629","197","73","231"
"ES-0550-A002770-R.dw.png","198","175","227","173","255","249","267","197","281","116","335","252","393","286","376","261","425","228","394","210","438","175","441","134","458","102","462","276","499","239","584","200","626","194","633","164","77","252"
"ES-0550-A002771-L.dw.png","199","167","228","167","264","242","267","191","280","112","340","244","391","276","376","252","421","222","392","205","434","172","438","131","453","101","454","268","489","232","573","193","618","188","626","157","77","240"
"ES-0550-A002771-R.dw.png","199","161","228","161","259","236","266","186","279","107","336","239","386","272","371","248","418","219","389","201","429","170","435","130","450","100","453","265","487","230","569","193","615","188","623","160","75","231"
"ES-0551-A002772-L.dw.png","184","173","207","172","243","247","244","195","260","118","325","250","372","283","360","259","408","231","370","212","410","180","413","139","430","105","438","275","474","239","553","202","593","198","600","171","65","243"
"ES-0551-A002772-R.dw.png","196","172","221","171","264","246","257","192","273","117","339","247","388","279","373","256","418","226","383","209","423","178","426","136","442","102","450","271","485","235","568","196","605","192","612","164","81","246"
"ES-0551-A002773-L.dw.png","196","167","220","166","253","244","260","190","273","113","332","247","385","280","370","257","422","228","384","207","426","179","432","137","449","107","451","273","488","238","573","202","611","199","618","174","77","238"
"ES-0551-A002773-R.dw.png","194","171","220","170","256","244","255","190","269","114","332","245","387","278","372","255","419","224","381","205","426","174","428","132","445","100","452","269","492","232","575","193","609","189","616","158","81","247"
"ES-0551-A002774-L.dw.png","201","173","230","173","262","255","267","198","283","120","343","259","395","293","382","270","425","236","398","219","440","188","447","147","463","115","464","286","502","250","582","213","619","209","626","183","79","247"
"ES-0551-A002774-R.dw.png","206","174","234","173","267","254","272","197","286","119","348","257","402","291","388","268","432","234","404","216","442","184","449","141","466","110","468","283","506","246","588","209","626","204","634","176","85","249"
"ES-0551-A002775-L.dw.png","196","176","222","176","260","257","261","202","280","123","337","265","391","303","377","277","427","245","398","225","443","194","448","149","466","116","464","296","503","261","588","225","628","222","638","188","62","242"
"ES-0551-A002775-R.dw.png","183","201","208","191","268","255","254","203","241","122","340","236","406","252","385","234","422","186","384","178","417","133","407","89","412","53","473","220","499","174","565","112","603","95","601","62","80","306"
"ES-0551-A002776-L.dw.png","194","173","220","172","254","246","257","193","271","115","335","249","385","282","369","258","417","226","384","209","424","177","427","135","445","103","454","273","489","235","574","197","610","193","618","165","81","246"
"ES-0551-A002776-R.dw.png","191","170","215","169","250","242","256","192","266","112","326","244","378","278","364","254","413","224","377","204","418","173","420","132","437","100","446","270","485","231","564","196","603","191","611","163","75","242"
"ES-0551-A002777-L.dw.png","194","172","221","172","256","248","258","194","278","114","339","252","390","283","375","260","427","227","388","208","429","177","431","134","447","104","459","274","492","238","576","199","616","194","623","168","81","249"
"ES-0551-A002777-R.dw.png","194","172","221","172","253","248","256","192","273","113","334","250","387","283","372","260","426","227","388","209","427","175","429","132","446","100","455","274","491","236","574","196","616","192","624","163","81","248"
"ES-0551-A002778-L.dw.png","197","174","222","173","260","248","260","195","274","117","340","250","393","282","379","259","430","226","390","208","431","175","433","133","450","101","460","272","495","235","578","196","617","192","627","162","82","249"
"ES-0551-A002778-R.dw.png","196","170","222","169","257","243","261","192","270","114","335","245","387","278","373","254","422","223","383","203","428","172","430","131","447","98","456","268","488","232","576","192","614","188","623","159","79","244"
"ES-0551-A002779-L.dw.png","196","183","221","181","260","259","261","203","274","119","346","260","395","291","378","267","424","233","392","215","433","180","434","133","451","101","460","281","497","241","580","197","615","192","622","163","76","259"
"ES-0551-A002779-R.dw.png","166","192","188","186","244","254","233","201","232","118","322","240","380","262","359","242","398","201","362","189","396","149","389","104","400","70","441","241","471","197","544","139","577","127","579","99","59","286"
"ES-0551-A002780-L.dw.png","194","173","221","172","255","252","260","196","278","117","338","256","389","289","375","265","425","234","394","216","431","185","435","144","453","113","453","282","493","247","567","213","606","209","615","180","77","250"
"ES-0551-A002780-R.dw.png","192","175","219","173","256","251","257","195","272","117","336","252","389","285","376","262","424","228","390","210","428","178","430","138","448","105","460","274","492","239","567","202","607","196","614","167","77","255"
"ES-0551-A002781-L.dw.png","206","182","228","179","269","258","266","200","284","122","350","261","402","292","386","270","435","235","398","215","439","183","444","140","461","107","473","282","510","242","593","204","627","198","634","169","83","259"
"ES-0551-A002781-R.dw.png","205","166","227","166","253","249","259","192","292","118","334","265","380","304","369","279","423","254","388","228","434","202","444","161","465","130","451","305","494","272","579","246","615","246","625","217","72","221"
"ES-0552-A002782-L.dw.png","199","177","225","175","258","254","258","196","279","120","336","256","393","289","379","266","425","232","391","214","435","182","439","143","456","111","465","279","501","240","580","204","621","198","627","173","76","246"
"ES-0552-A002782-R.dw.png","193","177","221","175","257","251","252","194","274","119","334","252","391","284","375","261","418","227","387","209","431","177","433","138","450","105","464","273","498","234","576","197","617","191","625","162","72","251"
"ES-0552-A002783-L.dw.png","191","168","217","167","252","241","254","190","270","111","330","243","382","277","366","253","416","222","382","204","420","172","421","131","438","99","449","268","487","230","561","194","603","189","610","163","72","238"
"ES-0552-A002783-R.dw.png","194","166","220","165","251","239","260","189","274","109","333","242","386","275","369","251","416","220","384","203","423","171","426","130","445","98","453","266","489","229","565","193","607","188","614","160","74","235"
"ES-0552-A002784-L.dw.png","184","171","209","170","248","248","246","192","265","112","330","251","382","284","367","260","420","228","386","211","424","176","427","133","445","100","451","275","488","238","575","199","614","195","623","165","66","246"
"ES-0552-A002784-R.dw.png","200","171","224","170","262","248","266","195","280","112","345","252","397","285","383","262","434","231","396","211","439","179","441","136","461","103","469","276","503","240","590","201","631","197","639","168","80","244"
"ES-0552-A002785-L.dw.png","206","175","230","173","274","251","274","198","281","117","345","252","399","287","383","263","429","230","398","211","439","178","445","139","459","108","466","278","502","239","586","201","623","196","629","165","83","252"
"ES-0552-A002785-R.dw.png","204","174","231","172","276","249","271","195","281","114","347","251","399","285","384","261","430","227","400","210","439","175","444","137","460","105","464","276","503","236","586","199","626","193","631","162","84","253"
"ES-0552-A002786-L.dw.png","203","172","227","170","264","247","260","190","278","115","347","250","396","281","381","258","421","225","390","207","434","178","437","138","453","105","460","274","495","238","577","202","617","197","624","170","82","242"
"ES-0552-A002786-R.dw.png","201","174","225","172","265","248","262","193","274","115","345","249","396","281","381","258","422","224","391","207","432","176","433","136","448","103","461","272","494","236","579","199","613","194","621","165","82","247"
"ES-0552-A002787-L.dw.png","201","170","225","169","267","247","263","192","275","115","341","250","387","283","373","259","426","226","391","207","433","176","436","135","451","103","458","274","494","236","580","199","621","194","630","165","80","248"
"ES-0552-A002787-R.dw.png","196","162","221","162","259","238","255","183","272","108","332","242","381","275","368","252","419","220","384","200","426","170","430","129","446","97","454","267","493","229","575","194","616","190","623","160","74","238"
"ES-0552-A002788-L.dw.png","196","175","226","174","265","252","267","198","281","118","351","254","402","286","387","262","432","229","397","211","446","178","451","137","467","105","470","277","507","239","591","201","630","197","638","168","84","250"
"ES-0552-A002788-R.dw.png","196","171","227","170","261","247","265","194","279","115","348","250","401","282","385","258","430","226","397","208","444","176","449","135","466","104","468","274","507","236","588","198","628","193","636","164","81","245"
"ES-0552-A002789-L.dw.png","179","107","207","116","217","198","235","149","272","81","290","223","332","270","325","244","379","227","353","200","405","184","423","148","446","123","401","282","445","257","530","245","569","250","585","225","47","138"
"ES-0552-A002789-R.dw.png","152","131","179","131","216","207","217","155","232","79","292","210","345","244","331","220","378","189","344","170","392","141","398","101","413","70","416","236","454","199","532","163","571","157","579","129","32","199"
"ES-0552-A002790-L.dw.png","198","164","228","165","256","238","264","187","275","112","336","241","386","272","370","249","417","217","386","200","424","170","425","128","442","97","454","264","491","227","568","191","603","186","611","159","76","238"
"ES-0552-A002790-R.dw.png","187","164","217","164","242","237","254","187","267","112","326","240","375","271","359","248","405","216","375","199","413","170","413","128","428","95","444","262","479","226","556","190","592","185","600","159","66","239"
"ES-0552-A002791-L.dw.png","188","190","215","184","273","252","259","200","258","118","346","242","403","264","385","244","421","203","389","191","421","150","415","105","424","69","465","242","490","201","568","144","606","130","608","99","81","286"
"ES-0552-A002791-R.dw.png","175","267","200","254","272","305","249","258","226","179","344","276","403","284","381","270","406","221","372","218","393","170","376","129","376","93","457","249","472","202","534","129","568","107","562","76","95","384"
"ES-0553-A002792-L.dw.png","195","175","223","174","260","255","259","197","281","116","347","260","392","292","377","267","426","233","395","215","434","181","439","138","457","104","467","282","503","245","585","207","622","202","631","170","70","247"
"ES-0553-A002792-R.dw.png","199","175","228","175","261","254","264","198","284","115","350","260","395","292","381","268","427","233","398","216","437","182","441","138","460","103","471","281","505","244","590","206","625","200","636","169","74","247"
"ES-0553-A002793-L.dw.png","181","190","205","184","257","251","249","197","250","115","335","236","395","258","376","238","413","197","376","184","414","145","410","103","418","69","463","233","489","192","564","136","605","122","606","90","77","283"
"ES-0553-A002793-R.dw.png","174","169","198","168","237","246","238","191","255","111","316","249","370","283","356","259","401","228","367","207","409","178","417","136","431","106","441","274","473","241","559","203","600","198","608","167","54","238"
"ES-0553-A002794-L.dw.png","158","154","184","152","222","228","229","177","238","99","300","231","354","263","338","240","382","210","348","191","395","162","400","119","417","86","418","255","450","220","531","183","569","177","575","145","47","227"
"ES-0553-A002794-R.dw.png","177","163","203","162","243","240","247","188","259","110","318","242","372","274","357","251","399","221","368","203","414","174","418","130","435","98","435","267","469","232","548","196","587","189","593","157","65","237"
"ES-0553-A002795-L.dw.png","201","177","224","175","262","252","264","199","281","120","338","254","388","289","372","263","419","231","389","214","437","184","441","143","458","108","455","280","491","242","570","205","613","198","621","169","76","249"
"ES-0553-A002795-R.dw.png","192","192","216","186","270","254","258","201","261","120","344","242","398","267","378","244","418","204","385","193","426","156","423","114","432","77","461","246","491","201","560","151","602","136","605","105","82","287"
"ES-0553-A002796-L.dw.png","157","136","186","136","220","210","219","156","237","84","295","215","343","247","332","226","375","195","339","174","386","145","391","105","408","73","418","239","456","204","534","169","575","165","583","137","41","204"
"ES-0553-A002796-R.dw.png","138","166","165","161","212","230","201","177","206","101","289","222","340","246","325","227","364","187","326","174","364","137","361","95","374","60","412","225","443","184","515","135","553","124","555","94","37","253"
"ES-0553-A002797-L.dw.png","203","173","228","171","265","251","267","195","282","113","349","256","394","286","380","264","427","228","398","211","440","178","443","137","459","105","466","277","504","239","583","203","626","198","634","170","76","245"
"ES-0553-A002797-R.dw.png","203","174","229","172","266","252","269","196","284","114","348","256","396","288","382","265","429","230","399","212","442","179","446","138","462","106","467","279","507","240","587","205","629","199","638","170","76","246"
"ES-0553-A002798-L.dw.png","202","171","226","170","259","246","261","192","276","117","339","250","390","283","376","259","422","227","391","209","434","179","436","137","453","104","462","273","497","237","577","199","615","194","622","166","74","240"
"ES-0553-A002798-R.dw.png","181","143","205","145","230","229","238","175","264","102","301","245","346","287","337","262","389","239","361","215","407","191","416","152","439","123","417","291","457","262","543","238","582","241","594","214","48","190"
"ES-0553-A002799-L.dw.png","178","157","204","156","233","232","244","180","262","100","317","239","370","275","356","250","402","218","372","200","416","168","418","125","437","92","442","267","478","232","563","196","604","192","615","162","47","225"
"ES-0553-A002799-R.dw.png","182","179","210","174","250","245","251","191","256","108","334","236","392","262","375","241","417","201","383","188","419","149","414","106","429","70","462","242","490","203","567","153","609","140","613","108","65","268"
"ES-0553-A002800-L.dw.png","189","189","218","183","262","255","254","198","258","117","340","244","400","266","381","247","428","202","390","191","424","149","419","106","430","69","471","243","501","198","575","144","609","132","612","100","76","287"
"ES-0553-A002800-R.dw.png","187","185","214","179","261","252","255","195","256","112","338","241","398","264","380","243","428","200","389","187","423","147","418","103","430","67","469","242","499","197","576","143","609","132","613","100","74","281"
"ES-0553-A002801-L.dw.png","196","166","222","165","262","241","264","189","279","112","338","243","390","275","375","252","420","220","384","200","430","171","433","130","449","97","456","266","489","230","571","190","607","184","614","154","75","238"
"ES-0553-A002801-R.dw.png","190","178","217","173","264","242","261","191","266","112","341","234","397","259","378","238","420","200","382","185","423","150","421","109","434","75","464","241","492","201","567","152","600","141","605","110","83","266"
"ES-0554-A002802-L.dw.png","200","167","226","166","256","241","262","188","276","112","338","245","387","276","372","253","422","222","389","205","429","173","432","129","448","99","455","268","493","231","571","194","608","189","615","161","77","238"
"ES-0554-A002802-R.dw.png","200","170","228","170","253","246","264","193","279","117","339","252","390","285","376","261","426","230","392","212","433","179","436","136","453","106","457","277","496","239","576","204","614","200","623","171","77","240"
"ES-0554-A002803-L.dw.png","190","174","223","175","259","251","264","198","277","116","339","252","388","283","372","260","420","226","385","207","425","175","426","134","445","101","458","272","493","236","571","197","609","192","616","161","76","252"
"ES-0554-A002803-R.dw.png","196","177","230","178","266","254","269","201","281","119","342","255","394","286","379","264","424","230","388","211","430","178","431","137","451","104","463","276","499","239","578","200","614","196","620","165","82","256"
"ES-0554-A002804-L.dw.png","211","178","238","177","269","251","273","199","290","122","345","254","401","288","387","265","436","232","402","213","445","183","448","141","465","106","475","279","512","242","595","206","637","200","645","170","79","249"
"ES-0554-A002804-R.dw.png","209","178","236","177","269","252","274","200","285","121","347","254","401","286","387","264","435","230","400","211","443","180","446","138","462","104","475","276","512","239","594","203","635","197","641","166","81","253"
"ES-0554-A002805-L.dw.png","200","179","226","177","266","254","265","199","281","119","343","255","402","289","384","264","429","232","396","213","439","182","445","140","463","107","473","280","507","243","586","205","627","199","633","171","75","253"
"ES-0554-A002805-R.dw.png","201","177","227","175","261","253","269","200","283","119","343","259","397","295","382","270","430","240","396","219","441","189","448","147","467","115","470","288","507","252","583","220","627","215","635","185","72","244"
"ES-0554-A002806-L.dw.png","198","178","222","177","263","259","262","201","282","120","340","263","392","298","376","273","428","239","390","217","439","185","445","141","461","109","472","288","507","251","595","211","634","207","642","178","72","253"
"ES-0554-A002806-R.dw.png","199","187","222","185","265","266","262","207","279","124","345","269","396","301","380","277","430","240","390","220","439","187","443","141","458","109","476","289","509","251","594","209","635","204","641","172","77","266"
"ES-0554-A002807-L.dw.png","196","170","222","169","255","245","253","188","272","116","334","249","381","282","366","258","410","227","383","210","427","178","434","136","449","107","449","273","483","239","563","201","606","195","613","166","75","241"
"ES-0554-A002807-R.dw.png","193","168","221","167","251","242","255","187","272","114","332","246","382","279","366","255","410","225","385","208","427","176","433","136","449","107","446","272","483","238","565","200","607","195","614","166","74","238"
"ES-0554-A002808-L.dw.png","201","172","232","172","259","250","269","197","288","115","341","254","392","287","377","263","423","229","395","214","435","180","436","137","453","106","463","279","504","240","585","202","617","197","625","168","73","244"
"ES-0554-A002808-R.dw.png","202","170","231","170","259","248","272","196","287","113","338","250","393","284","377","260","422","225","397","211","436","177","436","134","454","102","464","275","502","237","586","197","619","191","626","162","75","242"
"ES-0554-A002809-L.dw.png","188","189","210","183","271","250","253","198","252","118","339","240","396","262","377","241","417","200","381","188","418","149","412","106","423","71","466","239","494","195","566","144","606","132","608","103","80","287"
"ES-0554-A002809-R.dw.png","192","176","215","174","261","253","256","198","270","118","328","254","381","289","367","265","413","232","383","214","424","184","429","140","446","109","456","280","491","244","569","210","613","206","621","178","67","250"
"ES-0554-A002810-L.dw.png","208","183","239","182","277","261","277","204","290","121","353","260","406","292","390","269","441","233","404","213","446","180","451","136","466","103","477","281","517","241","595","201","637","194","644","163","86","264"
"ES-0554-A002810-R.dw.png","204","181","234","180","272","260","271","202","287","120","349","260","400","292","385","269","440","234","403","215","444","181","449","137","463","105","469","283","512","242","594","204","635","198","642","167","83","261"
"ES-0554-A002811-L.dw.png","199","175","229","175","264","256","260","197","282","122","337","257","387","290","371","266","419","234","396","219","437","185","442","144","459","111","459","282","492","247","585","208","621","203","629","174","76","248"
"ES-0554-A002811-R.dw.png","197","175","227","175","268","256","264","199","281","122","342","258","389","290","374","267","422","235","394","218","437","186","441","144","459","111","458","282","493","247","584","208","620","203","628","173","80","252"
"ES-0555-A002812-L.dw.png","202","175","227","175","262","255","266","200","278","119","336","256","388","288","374","266","426","235","392","215","436","186","439","144","454","112","462","280","494","247","575","209","618","203","625","176","76","245"
"ES-0555-A002812-R.dw.png","205","176","230","175","265","256","267","200","280","119","342","258","389","289","375","266","428","236","392","214","436","186","439","144","455","111","462","281","496","247","578","209","616","204","624","175","76","245"
"ES-0555-A002813-L.dw.png","186","178","212","176","252","252","255","199","262","119","330","252","384","284","369","261","414","228","381","210","425","176","428","136","443","102","449","276","489","238","569","200","608","194","617","164","72","252"
"ES-0555-A002813-R.dw.png","194","177","220","175","260","252","263","198","272","117","342","253","391","284","377","261","424","228","393","211","434","176","436","136","452","102","460","275","497","238","578","200","617","193","625","163","80","250"
"ES-0555-A002814-L.dw.png","201","170","233","172","268","249","277","199","286","118","347","253","394","287","376","261","421","231","393","214","432","179","433","136","451","104","458","280","496","242","577","206","608","201","617","171","82","247"
"ES-0555-A002814-R.dw.png","196","172","226","171","264","249","268","196","278","115","344","252","394","284","376","259","418","226","393","212","427","176","427","133","444","99","455","275","494","236","572","198","604","194","613","163","82","255"
"ES-0555-A002815-L.dw.png","201","173","227","172","263","248","267","195","280","114","340","250","389","282","375","259","424","229","393","211","434","176","439","131","453","100","464","273","497","238","585","198","625","193","631","163","78","246"
"ES-0555-A002815-R.dw.png","199","178","226","177","262","254","260","197","279","117","340","255","388","287","374","264","420","232","391","215","433","180","438","136","453","104","466","277","497","243","584","203","624","198","630","167","79","251"
"ES-0555-A002816-L.dw.png","189","166","216","166","248","245","249","188","268","112","323","247","374","280","360","257","412","225","375","204","418","176","422","136","440","105","447","271","484","234","560","197","600","192","608","168","59","237"
"ES-0555-A002816-R.dw.png","189","148","217","149","252","228","245","169","268","94","321","230","374","262","360","240","409","209","374","188","419","160","424","120","442","89","446","256","483","221","564","185","605","181","614","154","60","217"
"ES-0555-A002817-L.dw.png","161","177","187","171","244","236","234","186","228","107","323","219","379","239","360","219","396","180","360","170","394","133","391","93","399","62","444","216","466","176","533","124","571","111","570","88","70","273"
"ES-0555-A002817-R.dw.png","188","158","214","157","257","233","261","184","267","105","338","234","388","265","372","241","414","210","385","194","425","164","430","123","444","93","453","256","486","220","566","184","602","179","610","151","77","231"
"ES-0555-A002818-L.dw.png","181","177","210","176","249","254","254","202","261","118","323","254","373","287","357","262","401","229","374","214","412","180","418","137","436","104","443","277","477","241","558","202","598","196","607","165","67","252"
"ES-0555-A002818-R.dw.png","164","175","191","174","227","252","232","199","246","116","302","253","353","286","338","262","382","231","355","215","394","182","401","139","419","108","423","278","459","243","540","205","581","200","589","172","48","246"
"ES-0555-A002819-L.dw.png","197","171","223","170","259","249","262","194","278","115","340","251","391","282","376","259","420","226","393","211","432","177","434","136","449","102","456","272","490","235","568","196","607","191","616","161","77","245"
"ES-0555-A002819-R.dw.png","201","170","227","169","260","247","265","193","279","114","341","251","392","283","378","260","422","228","394","212","435","179","437","139","453","104","457","274","492","238","573","200","610","195","619","166","79","243"
"ES-0555-A002820-L.dw.png","200","171","226","170","259","248","261","193","278","116","342","253","388","285","373","261","421","231","390","212","432","181","436","139","452","109","459","278","496","243","574","210","613","206","619","176","73","240"
"ES-0555-A002820-R.dw.png","195","171","222","170","254","247","258","192","274","114","338","250","388","283","372","259","418","229","385","209","428","178","432","134","448","104","458","275","495","240","573","205","612","201","619","171","71","243"
"ES-0555-A002821-L.dw.png","199","178","226","175","262","254","267","200","280","117","343","256","397","288","382","265","431","229","404","214","446","179","448","135","465","103","475","277","512","239","586","202","630","195","638","165","77","252"
"ES-0555-A002821-R.dw.png","199","179","224","177","260","255","266","202","281","119","340","258","394","291","380","267","429","233","400","217","444","182","447","139","466","106","471","281","510","243","585","206","629","199","636","167","74","251"
"ES-0556-A002822-L.dw.png","172","150","200","151","233","227","232","173","255","100","301","229","357","264","343","240","391","210","357","190","401","164","407","125","424","94","422","257","458","221","533","187","576","180","584","154","52","221"
"ES-0556-A002822-R.dw.png","195","149","224","154","244","233","252","179","282","109","311","244","363","286","351","260","400","236","375","215","419","191","431","153","452","124","428","287","468","257","550","233","593","233","605","203","67","204"
"ES-0556-A002823-L.dw.png","188","164","212","163","252","243","257","190","270","108","332","246","379","278","364","255","412","224","378","205","420","174","423","130","440","98","448","270","485","234","563","196","601","190","605","160","67","235"
"ES-0556-A002823-R.dw.png","193","174","219","173","256","251","263","199","276","117","336","253","383","285","369","262","415","230","383","212","424","182","427","139","446","107","452","276","488","240","566","202","605","196","611","168","71","247"
"ES-0556-A002824-L.dw.png","206","181","234","179","279","261","280","205","289","120","356","260","412","293","396","269","441","235","411","218","453","183","459","138","473","106","483","282","516","246","604","206","641","200","649","171","84","260"
"ES-0556-A002824-R.dw.png","201","181","231","180","275","260","268","200","284","119","355","258","409","290","393","266","440","232","411","216","450","179","454","135","467","102","476","279","514","240","597","199","635","193","644","162","83","262"
"ES-0556-A002825-L.dw.png","211","176","240","176","272","256","274","197","297","119","354","259","412","292","399","270","441","237","406","216","449","187","455","143","471","109","480","283","514","248","595","211","637","207","645","176","77","249"
"ES-0556-A002825-R.dw.png","210","172","239","172","267","252","274","195","297","117","349","255","408","289","394","267","441","235","403","213","448","184","453","142","470","109","475","281","510","245","590","209","634","205","643","174","75","243"
"ES-0556-A002826-L.dw.png","188","167","211","165","246","242","251","190","263","112","326","245","375","276","360","253","401","222","373","205","417","176","423","134","440","102","437","269","470","233","547","196","587","189","595","158","74","240"
"ES-0556-A002826-R.dw.png","189","160","214","158","250","235","254","182","268","106","329","238","377","270","361","246","403","216","375","199","420","170","425","128","442","97","439","262","475","226","552","190","592","183","601","153","76","231"
"ES-0556-A002827-L.dw.png","190","166","218","166","257","246","257","191","274","111","337","251","387","284","371","260","421","228","388","209","434","177","439","135","454","104","454","276","496","238","580","201","618","195","627","165","72","239"
"ES-0556-A002827-R.dw.png","167","179","196","175","248","246","239","193","240","110","325","237","381","261","362","241","405","199","373","187","409","148","406","104","416","71","452","239","483","196","560","143","596","131","599","102","64","272"
"ES-0556-A002828-L.dw.png","183","167","208","165","247","246","254","192","267","111","327","249","380","283","364","259","409","226","377","207","429","179","431","135","449","101","452","275","486","239","569","202","614","195","622","167","58","239"
"ES-0556-A002828-R.dw.png","166","163","192","163","230","242","238","189","250","106","311","246","363","280","348","256","394","224","360","204","412","176","415","132","433","98","435","272","471","235","554","199","598","193","607","165","43","235"
"ES-0556-A002829-L.dw.png","182","162","210","161","240","234","241","181","258","106","310","236","366","270","352","247","395","216","367","200","412","170","416","129","432","97","436","262","467","229","545","194","586","188","594","160","57","228"
"ES-0556-A002829-R.dw.png","192","165","222","164","250","235","250","182","268","108","324","237","378","270","363","247","404","214","378","199","424","168","427","127","443","94","449","260","482","224","557","190","598","184","606","154","70","234"
"ES-0556-A002830-L.dw.png","202","161","229","164","250","249","266","196","293","117","335","264","381","303","369","278","422","253","393","230","440","205","448","160","470","130","454","304","494","274","582","246","621","245","631","215","69","212"
"ES-0556-A002830-R.dw.png","201","177","228","177","258","257","269","202","284","119","348","261","399","294","385","271","435","239","401","219","442","188","443","143","462","110","468","286","508","249","587","211","624","206","631","175","80","249"
"ES-0556-A002831-L.dw.png","187","167","210","166","251","247","247","189","263","109","330","249","381","281","368","258","413","226","376","206","420","175","426","133","443","101","450","272","485","237","570","199","610","193","617","164","70","240"
"ES-0556-A002831-R.dw.png","186","164","211","163","246","242","247","185","262","105","329","244","381","276","368","254","411","222","376","201","419","170","425","128","442","96","449","267","484","231","574","191","610","187","617","156","68","236"
"ES-0557-A002832-L.dw.png","196","169","228","170","255","247","266","194","283","115","338","251","389","281","374","260","421","227","386","208","426","177","429","136","449","106","453","275","491","237","569","200","605","195","612","171","79","242"
"ES-0557-A002832-R.dw.png","167","260","195","247","257","304","235","253","221","174","327","274","387","281","363","266","390","216","354","213","375","167","359","129","365","93","442","246","460","194","513","127","545","106","539","76","92","378"
"ES-0557-A002833-L.dw.png","195","173","219","171","258","252","262","196","276","114","342","256","391","290","375","265","423","231","391","212","438","183","445","140","461","106","461","281","497","244","576","207","619","200","627","170","68","246"
"ES-0557-A002833-R.dw.png","202","179","226","177","267","257","268","201","280","120","349","259","400","292","384","268","432","234","398","215","443","183","449","140","465","107","469","282","506","244","586","206","626","199","633","166","78","257"
"ES-0557-A002834-L.dw.png","199","171","227","172","267","255","263","196","285","117","344","262","388","295","374","271","426","239","397","221","441","189","446","146","464","117","459","290","501","252","583","220","619","217","629","188","74","240"
"ES-0557-A002834-R.dw.png","189","171","216","170","258","250","254","193","271","113","335","252","386","285","372","261","419","227","391","211","431","177","435","133","452","104","456","276","496","237","577","199","613","195","622","165","67","245"
"ES-0557-A002835-L.dw.png","204","169","232","170","272","250","270","194","290","115","349","258","398","293","385","269","435","238","404","219","445","188","449","147","468","116","469","288","507","253","595","221","630","219","640","190","77","237"
"ES-0557-A002835-R.dw.png","202","170","230","170","269","249","268","193","289","115","343","254","396","289","382","266","428","235","397","215","441","185","446","144","464","112","467","283","503","249","588","215","625","212","635","182","76","240"
"ES-0557-A002836-L.dw.png","193","178","220","176","255","255","263","201","274","120","336","255","387","287","374","264","422","230","391","213","429","180","433","137","446","106","459","277","496","239","563","203","603","196","611","165","75","249"
"ES-0557-A002836-R.dw.png","196","173","222","171","258","249","266","197","278","115","336","251","388","283","374","260","420","227","391","210","430","179","435","135","450","103","462","274","498","237","569","200","606","195","613","163","77","242"
"ES-0557-A002837-L.dw.png","202","187","231","186","276","262","275","209","284","127","353","260","404","291","385","266","435","234","402","218","439","183","438","140","452","102","468","281","507","241","588","201","621","195","626","163","78","265"
"ES-0557-A002837-R.dw.png","203","185","233","185","272","261","276","208","285","125","353","259","406","291","389","266","436","234","407","219","442","184","442","141","457","104","473","281","509","243","590","204","625","198","631","166","78","261"
"ES-0557-A002838-L.dw.png","208","173","236","172","270","253","270","195","294","114","350","255","405","288","390","265","445","231","408","210","454","178","459","136","477","103","483","278","519","240","604","200","644","194","652","165","75","246"
"ES-0557-A002838-R.dw.png","209","164","238","164","275","244","272","186","295","105","349","247","405","282","393","259","446","225","411","204","454","172","459","129","478","96","483","273","519","237","607","198","646","193","655","163","76","237"
"ES-0557-A002839-L.dw.png","202","178","229","177","265","254","261","196","281","120","343","255","397","288","381","264","423","230","389","212","438","179","443","136","461","101","469","279","505","240","588","202","631","196","639","165","78","250"
"ES-0557-A002839-R.dw.png","201","177","226","176","267","253","266","197","281","118","343","254","396","288","380","263","421","229","390","211","438","178","443","135","460","101","467","279","504","240","587","201","630","195","638","165","79","249"
"ES-0558-A002840-L.dw.png","161","158","192","159","222","236","222","180","240","103","298","241","347","274","337","253","387","220","356","201","399","170","403","129","419","98","424","267","462","232","543","196","582","191","590","163","37","231"
"ES-0558-A002840-R.dw.png","181","164","210","164","242","242","242","186","256","107","317","246","365","278","356","258","405","224","374","206","416","175","420","134","435","102","444","270","480","236","559","200","599","196","606","168","60","240"
"ES-0558-A002841-L.dw.png","202","177","230","176","261","252","264","197","280","119","350","256","397","289","383","265","432","233","392","211","438","184","440","139","456","107","468","280","508","243","590","207","628","203","635","176","69","247"
"ES-0558-A002841-R.dw.png","206","176","235","176","270","253","270","197","286","118","352","255","401","288","388","265","439","233","398","211","441","183","444","138","460","107","471","280","513","242","591","208","629","204","638","176","75","245"
"ES-0558-A002842-L.dw.png","193","161","219","162","244","239","254","186","274","109","330","248","376","282","362","258","411","228","386","211","426","180","433","138","450","108","451","278","486","244","568","212","607","209","616","181","70","228"
"ES-0558-A002842-R.dw.png","200","172","226","171","260","248","262","193","277","116","339","251","389","283","376","260","424","227","396","211","434","179","438","137","453","106","464","274","498","238","575","203","615","198","622","171","81","244"
"ES-0558-A002843-L.dw.png","174","190","201","183","255","254","241","198","242","116","335","241","390","265","372","243","415","202","376","190","412","150","407","105","417","69","461","241","488","200","568","143","604","130","606","98","64","287"
"ES-0558-A002843-R.dw.png","187","181","211","175","265","247","255","192","255","108","343","236","398","261","378","240","424","200","386","187","422","147","419","102","430","66","470","238","496","199","577","145","612","133","615","101","72","275"
"ES-0558-A002844-L.dw.png","166","173","194","172","228","246","231","192","245","115","313","247","361","278","344","254","388","221","354","203","397","172","400","132","417","102","424","269","460","231","540","194","575","190","582","162","48","251"
"ES-0558-A002844-R.dw.png","150","165","178","164","208","240","213","186","231","109","291","242","343","276","327","251","369","220","336","200","381","172","385","132","404","103","409","267","443","232","525","194","563","190","570","163","31","237"
"ES-0558-A002845-L.dw.png","201","165","230","166","260","243","262","188","288","114","335","247","390","281","377","258","421","228","390","209","434","182","439","142","455","112","456","275","493","241","569","209","611","205","620","177","76","235"
"ES-0558-A002845-R.dw.png","203","156","232","159","260","239","261","183","293","112","329","248","382","288","370","263","418","237","390","216","432","193","440","154","459","125","450","287","486","257","565","231","607","232","619","205","74","215"
"ES-0558-A002846-L.dw.png","196","172","224","171","262","248","261","194","282","113","339","249","394","282","380","259","423","227","394","210","434","178","438","137","456","105","464","273","498","238","581","199","620","194","628","168","80","246"
"ES-0558-A002846-R.dw.png","198","174","225","173","262","250","263","196","283","114","338","250","396","283","382","260","424","227","394","210","434","177","439","136","457","103","467","273","502","237","580","198","625","193","632","164","84","250"
"ES-0558-A002847-L.dw.png","205","175","234","174","270","251","272","199","291","117","350","256","402","288","387","265","434","231","404","214","446","181","451","138","467","106","473","279","509","243","596","204","636","198","643","167","77","248"
"ES-0558-A002847-R.dw.png","208","174","235","173","274","250","275","197","293","115","352","253","406","286","390","262","437","229","405","211","448","179","454","136","469","104","477","277","513","240","597","202","638","196","644","164","82","249"
"ES-0558-A002848-L.dw.png","191","154","214","153","250","225","252","175","261","102","321","227","373","260","356","235","397","205","370","188","410","159","413","121","429","90","435","252","468","217","549","179","583","173","589","143","77","222"
"ES-0558-A002848-R.dw.png","171","152","194","150","234","222","233","172","239","98","304","222","356","253","339","230","378","199","351","183","390","153","392","115","407","85","420","244","450","209","528","173","563","167","569","137","60","226"
"ES-0558-A002849-L.dw.png","186","189","211","182","258","251","252","196","251","115","346","236","401","257","383","238","422","195","381","183","417","145","411","102","423","67","469","233","496","188","566","135","605","121","605","90","73","286"
"ES-0558-A002849-R.dw.png","190","188","216","183","259","252","255","197","258","116","346","238","402","261","385","241","424","198","383","186","421","149","416","106","428","72","471","238","500","194","568","142","609","129","610","96","73","281"
"ES-0559-A002850-L.dw.png","191","172","215","171","260","250","250","193","268","118","334","252","381","284","368","261","418","229","381","208","425","178","431","137","447","103","455","275","492","238","569","203","613","196","620","166","74","245"
"ES-0559-A002850-R.dw.png","187","172","211","172","255","252","252","197","265","119","328","255","376","288","363","265","414","232","377","212","422","183","427","141","444","108","451","279","489","242","569","206","608","201","615","171","71","247"
"ES-0559-A002851-L.dw.png","202","172","227","171","264","247","260","191","275","116","340","248","397","280","384","258","425","225","393","207","435","175","440","134","455","102","464","271","497","236","570","198","614","192","621","161","82","251"
"ES-0559-A002851-R.dw.png","203","171","228","171","260","246","260","191","279","115","337","248","393","282","380","259","422","227","391","209","434","177","440","137","456","106","462","273","497","238","571","203","613","197","621","167","81","248"
"ES-0559-A002852-L.dw.png","203","168","232","169","260","251","271","196","294","112","345","256","399","293","385","268","435","237","399","214","447","183","454","141","471","112","469","286","508","247","601","212","639","208","647","177","75","239"
"ES-0559-A002852-R.dw.png","204","173","232","173","264","254","271","197","288","112","352","255","407","288","392","264","438","228","402","209","448","177","451","135","467","104","477","278","513","238","602","199","639","194","646","163","81","251"
"ES-0559-A002853-L.dw.png","203","176","227","175","261","250","265","197","276","119","340","253","390","285","376","262","423","229","391","211","434","177","436","136","454","103","464","275","497","240","578","201","615","195","622","168","78","245"
"ES-0559-A002853-R.dw.png","195","179","219","177","255","254","255","199","270","122","334","257","383","288","369","266","417","233","385","215","426","180","428","139","447","107","457","278","490","243","574","201","608","196","615","168","70","248"
"ES-0559-A002854-L.dw.png","197","175","221","174","261","250","257","195","273","118","336","252","389","285","375","263","426","230","389","211","431","180","433","139","450","106","461","277","498","240","575","204","615","198","622","168","80","248"
"ES-0559-A002854-R.dw.png","183","169","208","169","248","246","246","192","262","113","324","248","376","281","363","259","412","226","378","208","419","176","420","135","438","102","450","272","485","237","564","200","599","194","606","164","69","245"
"ES-0559-A002855-L.dw.png","200","170","227","170","256","248","262","192","282","115","343","252","393","285","376","260","423","228","389","209","429","177","430","134","449","101","458","277","498","237","577","201","612","197","620","168","78","248"
"ES-0559-A002855-R.dw.png","203","171","231","171","261","248","267","193","288","114","342","251","397","285","379","260","427","228","394","209","435","178","436","135","456","102","463","277","501","238","582","200","617","196","627","165","82","246"
"ES-0559-A002856-L.dw.png","191","170","220","170","257","247","262","196","275","116","341","251","385","281","371","258","418","227","383","209","429","179","434","137","449","107","454","272","488","236","567","199","605","195","607","171","80","244"
"ES-0559-A002856-R.dw.png","192","168","221","168","257","245","262","194","278","114","340","251","383","282","371","260","417","228","386","210","429","181","435","140","452","110","452","275","488","238","569","202","604","199","611","175","81","240"
"ES-0559-A002857-L.dw.png","195","172","222","171","265","249","263","194","275","112","345","251","392","282","378","259","425","225","388","206","431","172","434","131","448","98","462","272","497","233","575","194","616","188","624","158","74","249"
"ES-0559-A002857-R.dw.png","194","171","219","169","259","248","260","194","273","112","338","252","386","284","372","261","422","229","383","208","429","176","433","136","448","103","459","275","494","237","572","200","611","195","618","167","73","245"
"ES-0559-A002858-L.dw.png","200","174","226","173","262","251","265","198","283","118","340","256","388","290","373","265","423","235","393","217","436","183","438","141","455","107","460","282","498","245","576","208","618","203","626","174","78","244"
"ES-0559-A002858-R.dw.png","202","175","229","174","261","253","271","202","284","118","340","257","388","292","372","266","424","236","392","217","436","186","438","141","457","108","462","283","499","246","578","209","618","203","626","173","80","245"
"ES-0559-A002859-L.dw.png","196","172","225","172","251","254","261","196","282","119","339","259","389","292","373","269","413","239","384","220","430","189","435","145","456","112","458","287","492","253","579","217","611","215","619","183","77","240"
"ES-0559-A002859-R.dw.png","195","178","223","177","251","258","262","201","277","122","344","260","391","290","376","267","416","235","385","218","426","185","430","142","450","108","459","282","495","245","573","205","608","199","614","170","78","252"
"ES-0560-A002860-L.dw.png","191","163","220","165","243","242","258","191","277","114","328","251","376","286","363","262","407","230","378","211","419","181","422","138","441","107","441","282","482","245","562","211","601","208","613","180","68","233"
"ES-0560-A002860-R.dw.png","188","166","217","167","243","245","254","192","274","115","326","252","375","287","359","262","406","231","376","212","416","181","418","137","437","106","438","282","478","245","560","211","598","208","609","179","67","238"
"ES-0560-A002861-L.dw.png","206","178","233","178","272","257","273","202","291","124","345","261","393","296","378","271","423","240","398","223","440","189","445","147","462","115","459","290","497","252","584","218","627","215","636","185","84","254"
"ES-0560-A002861-R.dw.png","205","176","232","176","269","254","272","200","289","122","345","258","394","292","380","268","424","236","397","219","438","185","442","144","459","110","458","286","495","249","581","214","624","210","634","180","84","254"
"ES-0560-A002862-L.dw.png","197","171","225","171","260","248","261","194","278","116","339","251","395","286","381","262","429","233","394","211","434","181","442","139","459","107","465","278","499","245","582","209","629","204","638","173","78","241"
"ES-0560-A002862-R.dw.png","196","173","223","172","261","251","263","197","278","117","341","254","394","287","380","264","426","233","394","213","434","184","441","141","459","110","463","280","498","248","582","211","627","206","637","178","82","245"
"ES-0560-A002863-L.dw.png","194","167","222","167","264","242","264","191","273","114","334","245","381","276","367","253","409","222","383","207","420","174","423","134","438","101","446","268","482","233","562","196","597","191","605","162","77","239"
"ES-0560-A002863-R.dw.png","194","168","224","168","265","243","263","191","274","116","333","246","380","277","366","255","410","223","384","208","420","177","424","137","440","106","447","270","483","236","563","197","598","192","606","166","77","238"
"ES-0560-A002864-L.dw.png","203","174","232","173","263","251","266","195","281","118","345","254","398","286","386","265","437","233","403","214","443","183","447","142","462","109","473","278","505","244","592","207","630","203","637","175","80","249"
"ES-0560-A002864-R.dw.png","192","217","218","207","273","269","262","216","245","137","351","242","413","254","394","238","429","190","391","185","418","141","408","103","411","66","479","220","500","176","564","113","603","94","599","66","104","331"
"ES-0560-A002865-L.dw.png","202","175","229","175","264","256","268","199","291","120","351","262","403","294","387","271","436","239","405","220","450","188","454","145","469","114","473","287","510","251","600","213","634","209","642","180","80","245"
"ES-0560-A002865-R.dw.png","204","179","231","178","265","258","267","200","290","121","351","262","404","295","388","271","436","238","405","220","450","188","454","144","469","112","474","287","511","250","602","211","636","206","644","176","83","253"
"ES-0560-A002866-L.dw.png","206","175","233","175","274","257","277","204","295","119","350","263","398","298","386","274","435","243","406","225","453","193","458","148","474","115","474","289","508","255","595","218","638","214","647","186","79","246"
"ES-0560-A002866-R.dw.png","206","169","233","171","269","253","277","201","297","116","346","261","395","298","384","274","437","246","401","224","453","196","461","151","478","120","473","293","511","260","598","228","641","225","652","197","74","235"
"ES-0560-A002867-L.dw.png","195","174","222","174","261","253","263","199","279","120","333","256","380","289","366","265","415","234","385","216","426","184","431","144","447","112","447","282","483","245","562","211","605","207","614","176","78","249"
"ES-0560-A002867-R.dw.png","197","158","224","159","260","238","262","185","282","108","329","244","377","279","364","255","413","225","384","206","427","174","432","135","449","104","444","273","483","237","563","203","605","200","615","170","77","230"
"ES-0560-A002868-L.dw.png","187","168","214","169","243","246","247","191","269","115","325","251","373","285","359","261","402","228","373","211","416","176","421","134","436","103","437","276","476","238","557","200","591","195","598","165","63","241"
"ES-0560-A002868-R.dw.png","192","173","218","173","251","251","255","197","274","119","330","256","377","290","363","266","409","234","377","216","419","183","424","140","439","110","441","281","478","245","559","207","596","202","603","174","67","244"
"ES-0560-A002869-L.dw.png","189","172","215","172","246","248","253","196","269","118","325","253","376","287","360","263","403","232","381","218","421","184","427","143","445","109","444","280","479","245","556","209","601","204","610","172","68","239"
"ES-0560-A002869-R.dw.png","188","173","214","172","251","250","255","197","266","117","330","254","379","287","366","264","410","232","384","217","423","182","427","140","444","107","447","279","483","243","562","205","604","200","610","167","73","245"
"ES-0561-A002870-L.dw.png","199","171","225","170","264","246","260","191","278","114","336","248","389","282","372","257","417","226","384","206","424","175","430","136","445","105","453","273","491","236","567","200","604","196","615","166","78","241"
"ES-0561-A002870-R.dw.png","196","169","221","168","263","244","257","189","277","113","334","247","385","281","370","257","412","225","378","205","422","174","428","136","444","104","448","273","488","236","564","201","601","195","611","165","75","238"
"ES-0561-A002871-L.dw.png","189","166","209","164","242","235","249","189","259","112","323","237","368","269","353","245","399","213","370","199","406","167","408","128","424","96","426","259","465","221","541","186","577","182","583","154","75","237"
"ES-0561-A002871-R.dw.png","190","163","212","162","244","232","252","185","263","109","321","233","369","265","354","241","397","209","371","196","410","164","412","126","429","97","430","255","471","216","544","185","582","181","588","153","75","232"
"ES-0561-A002872-L.dw.png","191","171","216","169","252","245","257","194","270","112","333","249","381","281","366","258","415","226","383","208","418","176","422","131","440","99","447","272","485","235","566","196","600","191","606","164","72","239"
"ES-0561-A002872-R.dw.png","192","169","217","169","250","244","258","193","273","113","331","249","381","283","368","260","417","229","380","209","419","178","424","134","443","103","449","274","489","238","568","199","603","195","610","168","74","233"
"ES-0561-A002873-L.dw.png","149","186","172","181","220","244","216","195","211","113","298","235","350","259","328","236","370","196","340","185","370","147","362","103","375","68","411","237","441","192","513","139","551","127","552","101","62","269"
"ES-0561-A002874-L.dw.png","203","171","236","171","262","247","268","191","286","113","344","249","390","281","377","258","425","225","392","206","432","173","436","133","452","103","456","272","491","236","572","198","606","193","614","162","80","245"
"ES-0561-A002874-R.dw.png","204","171","237","171","258","248","264","190","289","116","343","252","388","285","375","262","423","231","391","211","432","179","436","139","452","111","453","278","491","242","570","207","604","203","612","173","78","241"
"ES-0561-A002875-L.dw.png","199","167","226","166","263","243","263","189","276","111","348","246","394","278","380","254","425","223","393","204","433","173","439","130","455","100","462","269","499","233","576","197","620","191","629","161","77","237"
"ES-0561-A002875-R.dw.png","198","170","224","167","267","245","264","190","275","112","347","245","395","277","380","253","426","222","393","204","433","173","439","130","455","101","461","268","500","231","578","196","619","190","629","160","78","243"
"ES-0561-A002876-L.dw.png","192","175","217","174","260","256","252","196","271","117","331","258","381","290","367","267","422","233","383","212","427","179","431","137","446","105","455","281","494","242","579","203","618","198","626","169","63","247"
"ES-0561-A002876-R.dw.png","186","174","214","174","255","255","246","196","268","116","324","257","377","291","363","268","415","234","379","213","422","181","426","139","443","108","448","283","488","246","572","207","612","202","621","174","58","245"
"ES-0561-A002877-L.dw.png","203","175","232","174","272","252","270","197","288","119","348","255","400","288","384","264","431","231","403","214","447","182","449","140","463","109","466","280","501","243","588","202","623","197","630","167","79","250"
"ES-0561-A002877-R.dw.png","202","173","231","172","271","250","265","193","286","116","348","254","396","286","380","262","428","230","399","212","442","180","446","138","459","108","460","279","498","242","582","202","618","197","625","168","79","247"
"ES-0561-A002878-L.dw.png","206","179","236","177","275","257","271","199","291","119","355","260","412","293","395","270","441","235","408","215","452","184","457","142","473","108","478","285","517","247","599","207","638","202","646","173","86","255"
"ES-0561-A002878-R.dw.png","206","162","235","161","269","241","271","185","290","105","352","246","407","281","394","258","439","224","406","204","449","174","456","132","473","99","478","273","517","237","598","200","638","196","647","166","81","235"
"ES-0561-A002879-L.dw.png","211","178","237","177","272","257","275","199","289","117","352","260","406","293","391","269","441","234","409","215","450","179","452","136","468","104","476","283","517","244","605","205","643","200","649","169","81","253"
"ES-0561-A002879-R.dw.png","210","176","235","174","269","255","274","197","287","115","353","258","405","291","390","267","442","233","405","212","447","179","449","134","464","101","473","282","513","243","602","202","638","197","643","165","83","252"
"ES-0562-A002880-L.dw.png","203","167","229","167","257","245","270","193","292","113","336","252","385","286","372","262","420","233","388","213","434","184","442","142","461","110","456","280","494","245","581","212","620","209","630","182","76","231"
"ES-0562-A002880-R.dw.png","199","164","225","164","253","243","267","192","287","110","332","250","382","285","369","261","413","230","387","214","429","183","438","141","455","110","451","279","489","244","575","211","617","207","626","179","74","229"
"ES-0562-A002881-L.dw.png","203","178","228","176","268","253","269","200","283","119","350","256","401","288","385","265","434","232","401","214","443","182","445","138","460","106","468","279","504","243","587","205","633","199","642","171","80","252"
"ES-0562-A002881-R.dw.png","206","174","233","174","267","251","268","197","290","117","347","257","398","290","383","267","431","234","403","217","445","186","447","142","465","111","467","283","504","247","589","213","635","209","645","181","79","245"
"ES-0562-A002882-L.dw.png","211","175","237","173","280","250","271","194","287","118","353","253","402","285","388","262","435","229","402","211","444","179","446","136","460","104","474","277","510","239","595","203","632","200","640","172","82","248"
"ES-0562-A002882-R.dw.png","211","175","238","173","279","250","274","194","288","116","353","252","404","285","389","261","436","228","404","210","445","177","447","134","461","101","475","276","510","237","595","200","634","195","642","166","84","249"
"ES-0562-A002883-L.dw.png","205","172","231","171","271","250","268","195","290","116","349","254","400","287","385","264","431","232","402","215","443","184","446","140","462","109","465","280","499","246","585","209","629","205","637","177","84","247"
"ES-0562-A002883-R.dw.png","206","177","233","176","271","252","269","198","289","120","351","254","403","286","387","263","433","230","403","213","445","182","447","139","462","108","471","277","505","241","587","203","631","197","639","169","86","255"
"ES-0562-A002884-L.dw.png","158","171","184","166","236","235","224","182","229","102","309","226","364","251","346","231","391","191","354","177","395","141","393","100","404","66","434","232","461","193","544","142","587","130","590","103","47","261"
"ES-0562-A002884-R.dw.png","171","183","197","179","247","249","238","196","242","114","318","241","376","266","358","246","400","206","367","192","407","155","406","112","418","77","445","248","472","209","556","157","598","146","602","116","56","275"
"ES-0562-A002885-L.dw.png","204","179","231","178","269","260","269","201","294","119","349","262","399","296","381","270","429","236","393","216","441","185","446","139","463","107","463","287","500","248","589","207","623","202","630","170","83","259"
"ES-0562-A002885-R.dw.png","202","178","230","177","269","259","265","199","289","118","347","261","396","294","380","269","429","236","391","215","437","183","443","138","460","105","462","285","500","245","589","202","621","197","627","166","80","259"
"ES-0562-A002886-L.dw.png","199","157","230","162","250","242","260","189","295","117","330","258","373","297","365","273","417","249","388","226","433","203","443","162","463","135","443","301","487","269","566","248","605","250","618","223","74","214"
"ES-0562-A002886-R.dw.png","197","169","228","169","260","244","262","190","281","113","341","245","391","275","379","254","423","221","392","205","434","175","437","133","452","104","459","268","496","230","571","195","609","190","617","163","81","245"
"ES-0562-A002887-L.dw.png","199","168","222","167","259","238","267","192","274","111","331","241","378","273","362","249","406","219","380","204","417","172","418","132","433","101","441","266","474","231","551","195","595","190","602","160","79","243"
"ES-0562-A002887-R.dw.png","197","155","223","154","254","226","265","179","275","98","329","229","377","261","363","238","403","206","381","192","416","160","418","120","434","89","443","253","474","219","551","182","597","177","604","148","80","229"
"ES-0562-A002888-L.dw.png","195","180","222","178","256","255","265","201","274","117","342","259","391","291","377","268","426","233","393","214","436","182","437","139","454","107","469","280","504","242","583","204","624","200","633","170","77","257"
"ES-0562-A002888-R.dw.png","188","178","215","176","250","254","257","200","269","116","334","258","384","290","370","267","419","232","390","214","431","182","432","138","450","108","461","280","498","241","577","206","618","202","625","171","71","255"
"ES-0562-A002889-L.dw.png","195","164","222","164","260","243","263","189","276","108","341","247","388","279","376","257","422","224","393","207","431","173","435","130","453","100","460","270","493","235","576","197","611","194","619","165","70","239"
"ES-0562-A002889-R.dw.png","187","154","214","155","255","234","254","179","268","100","334","238","380","269","367","247","415","215","383","197","421","164","424","121","442","90","449","261","485","225","564","187","601","183","609","154","65","229"
"ES-0563-A002890-L.dw.png","203","175","230","173","267","255","274","200","288","119","350","261","402","297","388","272","438","242","400","219","450","189","456","144","475","113","474","290","510","255","605","219","648","216","656","185","81","244"
"ES-0563-A002890-R.dw.png","188","210","212","199","279","262","262","207","245","125","356","237","415","252","392","234","427","188","386","180","420","134","410","89","416","54","480","220","502","173","573","107","614","88","610","57","102","320"
"ES-0563-A002891-L.dw.png","195","169","223","168","260","243","263","192","272","115","333","244","384","275","370","254","417","222","387","205","425","173","429","135","443","104","454","266","490","230","569","196","612","191","619","163","78","242"
"ES-0563-A002891-R.dw.png","194","168","223","167","263","242","258","190","275","115","332","245","381","276","368","255","415","223","387","207","423","177","428","139","443","108","451","268","486","233","567","199","608","193","614","169","77","238"
"ES-0563-A002892-L.dw.png","207","173","236","172","273","251","280","198","290","118","357","256","408","289","394","266","442","234","408","214","448","182","458","141","476","109","482","279","515","245","604","205","645","201","652","172","84","251"
"ES-0563-A002892-R.dw.png","207","172","234","171","271","254","281","201","289","119","354","260","405","295","392","272","441","241","405","219","448","188","458","148","477","116","477","287","513","253","599","216","645","211","653","182","82","246"
"ES-0563-A002893-L.dw.png","207","172","233","172","273","257","267","197","291","119","348","265","392","299","379","275","426","241","394","220","441","191","447","148","464","116","463","293","500","257","587","222","626","219","637","190","79","238"
"ES-0563-A002893-R.dw.png","205","174","232","174","269","258","268","199","287","119","345","265","391","300","376","275","425","242","394","221","440","191","446","148","464","116","462","293","500","257","583","223","627","219","637","188","80","242"
"ES-0563-A002894-L.dw.png","190","165","216","164","257","244","255","188","270","105","333","246","380","279","366","255","422","224","387","205","431","173","435","130","449","98","458","270","492","236","583","196","618","192","626","166","70","242"
"ES-0563-A002894-R.dw.png","203","173","230","172","269","252","268","196","282","115","345","255","391","288","377","264","433","234","400","215","443","183","447","140","463","109","470","280","505","246","596","207","631","203","639","175","84","251"
"ES-0563-A002895-L.dw.png","201","166","228","166","265","245","267","192","286","116","334","251","384","286","371","262","420","233","393","216","431","184","435","143","451","112","453","281","490","247","573","213","609","210","618","182","79","236"
"ES-0563-A002895-R.dw.png","198","170","225","169","265","247","262","191","280","116","337","249","387","281","374","259","421","227","390","209","428","177","431","136","446","106","454","274","494","237","572","200","607","195","614","168","81","245"
"ES-0563-A002896-L.dw.png","199","169","226","169","260","246","266","195","286","114","339","254","388","288","375","265","423","232","395","214","436","182","443","143","461","113","458","281","492","246","574","212","618","208","626","178","75","238"
"ES-0563-A002896-R.dw.png","197","159","222","157","261","233","264","181","281","100","339","237","391","270","376","247","421","213","393","196","434","163","439","123","457","93","460","261","494","224","573","188","615","183","623","152","78","234"
"ES-0563-A002897-L.dw.png","194","170","221","169","255","248","259","193","272","113","335","250","386","284","373","260","420","231","383","209","426","179","432","137","449","106","450","276","486","242","572","204","609","200","617","169","76","241"
"ES-0563-A002897-R.dw.png","194","166","223","166","256","245","261","191","276","113","335","249","386","284","373","261","421","233","386","211","427","182","433","140","451","110","453","278","490","245","570","212","607","208","617","177","78","235"
"ES-0563-A002898-L.dw.png","195","177","223","177","259","254","255","198","279","121","337","258","386","291","372","268","422","235","387","215","432","183","436","143","454","111","451","283","492","245","575","211","613","206","624","177","71","246"
"ES-0563-A002898-R.dw.png","192","178","218","177","259","253","250","197","273","120","334","256","384","288","370","265","415","231","382","213","426","181","429","141","447","109","452","278","487","242","563","206","606","200","614","171","74","252"
"ES-0563-A002899-L.dw.png","197","174","226","173","262","247","265","196","273","120","332","250","382","285","368","261","418","229","387","211","426","179","431","140","447","109","450","277","485","239","565","203","605","197","613","168","79","247"
"ES-0563-A002899-R.dw.png","200","178","227","175","265","248","268","197","271","121","338","249","390","282","372","258","419","225","389","207","428","174","433","135","448","103","454","273","490","233","571","194","609","187","616","155","83","255"
"ES-0564-A002900-L.dw.png","201","170","225","169","258","246","266","194","280","113","342","250","392","284","377","259","422","227","394","210","430","179","433","135","451","102","458","275","496","238","578","199","615","194","621","171","79","241"
"ES-0564-A002900-R.dw.png","202","171","225","169","262","246","265","194","280","113","339","251","391","285","376","261","422","229","395","213","431","179","433","136","450","103","457","277","496","239","579","202","613","197","620","171","79","240"
"ES-0564-A002901-L.dw.png","198","175","225","174","258","252","262","197","281","117","337","254","395","288","378","263","419","229","389","213","431","179","433","138","450","105","462","278","497","240","573","202","613","196","620","165","77","251"
"ES-0564-A002901-R.dw.png","198","172","227","172","261","250","261","194","281","115","343","253","395","286","379","262","422","229","388","211","432","180","435","138","452","106","462","277","497","238","575","202","612","197","620","168","80","249"
"ES-0564-A002902-L.dw.png","193","177","222","176","254","257","253","197","271","120","331","258","384","292","369","267","420","235","380","213","428","182","434","141","452","107","452","285","491","245","569","206","611","200","622","170","68","251"
"ES-0564-A002902-R.dw.png","198","160","227","159","259","239","255","177","275","102","342","242","391","274","376","250","426","219","385","197","433","167","437","125","456","93","457","267","496","228","579","190","613","185","623","156","76","236"
"ES-0564-A002903-L.dw.png","201","175","227","174","266","251","264","197","279","119","349","255","397","286","384","263","430","229","397","211","439","179","441","138","455","104","471","276","505","240","590","201","626","195","635","165","79","248"
"ES-0564-A002903-R.dw.png","201","174","227","174","266","251","264","198","279","120","342","255","394","287","381","265","426","231","395","213","436","182","439","142","454","108","469","277","501","243","584","205","623","200","631","172","79","246"
"ES-0564-A002904-L.dw.png","188","176","216","175","251","259","253","199","272","117","342","262","393","293","377","269","421","236","387","216","435","184","445","142","462","109","461","283","496","247","589","205","631","199","639","171","68","251"
"ES-0564-A002904-R.dw.png","196","174","225","173","264","258","266","198","281","112","354","259","405","290","389","266","436","233","397","211","444","179","451","136","469","102","470","280","506","243","600","201","639","196","646","165","79","254"
"ES-0564-A002905-L.dw.png","197","196","227","191","270","265","266","208","276","125","361","255","417","281","397","259","435","218","401","205","441","166","439","121","452","85","484","262","518","217","595","166","634","154","637","123","87","290"
"ES-0564-A002905-R.dw.png","204","170","233","172","259","257","268","199","297","120","347","269","396","308","383","282","433","252","401","229","448","200","457","157","479","126","467","305","513","269","599","240","638","238","651","209","73","234"
"ES-0564-A002906-L.dw.png","178","191","204","185","255","256","242","200","242","117","331","242","388","266","369","244","408","202","370","189","412","149","407","105","418","69","455","243","484","197","557","142","600","128","602","97","63","289"
"ES-0564-A002906-R.dw.png","203","180","231","179","265","258","265","200","277","119","341","259","392","293","378","269","425","236","392","217","437","185","441","141","458","109","463","284","500","246","581","208","626","202","634","174","73","253"
"ES-0564-A002907-L.dw.png","200","171","229","170","264","251","268","194","287","114","351","253","404","285","389","262","438","229","408","212","448","179","453","138","470","106","469","276","505","241","592","203","635","197","641","167","79","245"
"ES-0564-A002907-R.dw.png","202","176","229","175","264","254","269","199","286","118","350","256","403","288","389","265","436","231","405","215","447","181","451","140","468","107","468","280","504","244","592","205","632","200","639","168","79","250"
"ES-0564-A002908-L.dw.png","199","177","225","176","267","256","268","202","284","117","342","256","396","289","382","266","429","233","399","215","441","182","447","140","464","106","469","279","500","244","590","203","630","197","636","170","76","252"
"ES-0564-A002908-R.dw.png","206","173","230","172","270","253","272","199","288","116","346","255","399","289","385","266","433","235","402","216","448","184","454","141","472","109","472","281","504","247","594","208","635","205","642","175","78","244"
"ES-0564-A002909-L.dw.png","197","172","222","172","250","249","258","195","274","117","334","256","390","292","375","267","421","236","390","216","432","185","437","143","457","112","457","286","496","250","585","214","622","211","630","182","73","238"
"ES-0564-A002909-R.dw.png","195","172","221","171","252","249","260","196","273","116","333","254","389","290","374","265","420","234","390","215","429","184","435","142","453","111","454","284","493","248","581","213","616","210","624","179","74","240"
"ES-0565-A002910-L.dw.png","196","166","226","167","257","246","263","192","280","114","338","250","390","284","376","261","425","229","393","209","439","178","443","138","460","106","460","277","498","241","579","202","615","197","622","169","80","238"
"ES-0565-A002910-R.dw.png","198","168","224","167","261","248","263","192","278","113","342","251","393","283","379","261","426","229","392","209","437","179","441","138","457","106","462","275","497","242","577","202","613","197","619","168","83","241"
"ES-0565-A002911-L.dw.png","204","177","232","176","271","257","275","202","288","120","356","260","404","293","390","269","438","236","404","217","448","186","455","143","472","110","474","284","512","248","595","211","637","206","645","177","80","251"
"ES-0565-A002911-R.dw.png","203","179","233","177","275","259","275","202","290","120","363","262","410","293","395","270","445","237","405","217","450","184","456","141","473","109","478","284","516","245","595","208","638","202","647","172","83","256"
"ES-0565-A002912-L.dw.png","203","169","229","167","265","243","269","191","282","114","342","246","392","279","377","255","428","225","391","206","439","174","444","132","460","102","467","270","502","235","589","196","625","191","631","162","78","241"
"ES-0565-A002912-R.dw.png","186","220","212","209","272","268","258","218","241","141","347","243","404","256","382","239","418","193","378","187","411","143","399","102","404","69","471","221","490","177","558","109","590","91","586","63","98","331"
"ES-0565-A002913-L.dw.png","199","162","227","167","245","250","261","196","289","120","325","268","371","309","360","284","415","262","383","235","432","212","443","169","463","139","441","313","479","284","571","262","609","264","622","235","69","210"
"ES-0565-A002914-L.dw.png","195","169","224","163","269","235","262","180","262","105","340","225","396","251","377","229","422","191","389","176","430","142","427","101","438","68","463","232","493","192","568","145","614","132","617","104","81","255"
"ES-0565-A002914-R.dw.png","191","165","220","164","254","242","252","185","270","112","325","245","376","279","362","255","412","225","384","206","427","179","431","137","447","107","446","272","480","239","566","204","609","200","617","171","66","234"
"ES-0565-A002915-L.dw.png","152","149","181","147","215","224","213","167","226","91","292","225","345","257","332","235","381","203","344","182","390","151","396","110","410","78","415","247","448","213","533","174","575","167","582","140","29","223"
"ES-0565-A002915-R.dw.png","161","138","189","137","225","213","220","156","236","81","298","215","351","248","338","226","391","195","352","173","397","143","403","101","417","70","424","238","457","204","544","165","580","159","586","131","39","209"
"ES-0565-A002916-L.dw.png","201","171","227","171","268","251","261","194","281","115","343","255","387","286","374","264","425","229","397","213","438","180","441","135","455","104","464","276","503","237","583","202","629","196","635","168","77","245"
"ES-0565-A002916-R.dw.png","189","168","214","167","249","245","247","190","267","111","326","250","373","282","360","259","412","226","382","208","426","176","429","132","443","100","450","273","491","234","574","198","616","194","624","164","62","240"
"ES-0565-A002917-L.dw.png","189","190","214","184","269","256","252","200","254","123","342","243","400","268","381","246","421","206","384","193","425","153","423","111","433","74","466","247","498","201","571","150","611","136","613","104","77","285"
"ES-0565-A002917-R.dw.png","191","138","214","137","256","219","254","163","267","85","333","222","381","257","367","232","414","201","380","181","428","151","433","109","450","73","453","249","492","211","570","176","612","171","621","140","64","211"
"ES-0565-A002918-L.dw.png","194","163","219","162","260","239","252","182","274","104","334","243","385","276","372","254","422","221","390","202","431","169","436","128","453","97","460","267","496","231","585","193","616","189","624","160","71","236"
"ES-0565-A002918-R.dw.png","204","173","231","173","271","251","260","192","287","117","346","256","395","289","382","266","431","234","400","214","441","182","447","141","464","109","470","281","508","245","594","205","627","200","634","171","80","245"
"ES-0565-A002919-L.dw.png","196","181","223","179","263","254","258","199","268","122","337","253","389","286","372","260","416","230","381","211","429","181","432","138","450","104","454","276","484","239","573","200","614","195","621","165","72","256"
"ES-0565-A002919-R.dw.png","198","177","225","176","265","253","258","196","273","121","340","254","386","287","372","263","418","234","381","212","429","185","434","143","452","109","449","280","486","244","570","207","611","204","619","176","75","250"
"ES-0565-A002920-L.dw.png","183","169","216","171","249","249","254","197","278","115","321","256","377","293","361","267","410","238","381","218","424","187","432","144","448","114","447","288","483","254","575","218","610","214","620","185","66","238"
"ES-0565-A002920-R.dw.png","188","174","220","174","255","251","257","196","277","114","328","252","390","285","372","261","415","227","388","211","430","175","433","132","449","100","457","275","491","239","578","196","614","191","622","159","74","252"
"ES-0566-A002921-L.dw.png","210","178","235","178","277","257","276","203","294","121","355","262","409","295","395","272","445","239","410","220","451","187","455","143","473","112","480","287","517","251","606","212","646","207","655","181","82","250"
"ES-0566-A002921-R.dw.png","206","168","233","169","276","252","269","193","293","114","351","257","404","291","390","268","441","236","408","216","450","185","455","140","472","110","475","284","514","248","606","212","643","210","654","182","78","241"
"ES-0566-A002922-R.dw.png","171","160","198","159","236","239","230","181","254","105","312","242","361","275","347","252","395","220","360","200","408","168","413","125","432","91","431","268","469","230","550","193","589","188","599","158","46","232"
"ES-0566-A002923-L.dw.png","200","169","224","169","258","250","263","195","279","116","338","255","386","289","372","265","420","233","391","215","434","184","438","143","454","111","454","281","489","245","568","208","611","204","619","177","70","240"
"ES-0566-A002923-R.dw.png","189","160","213","159","249","237","251","183","266","103","326","239","377","272","363","249","409","215","380","198","420","168","423","126","439","94","443","263","482","223","555","187","598","183","607","153","62","234"
"ES-0566-A002924-L.dw.png","183","193","208","185","260","251","249","197","245","115","337","235","394","252","372","234","407","191","377","182","410","141","406","99","415","63","459","228","485","186","555","130","589","117","589","87","84","294"
"ES-0566-A002924-R.dw.png","184","187","209","182","254","252","250","198","253","115","333","242","390","264","369","244","407","204","377","192","415","154","414","111","426","76","453","246","483","205","557","154","595","142","597","111","77","281"
"ES-0566-A002925-L.dw.png","210","173","237","172","270","249","269","192","290","113","348","253","398","287","382","262","433","230","398","210","443","180","448","136","464","102","468","278","507","242","596","204","630","199","639","169","78","243"
"ES-0566-A002925-R.dw.png","208","172","234","170","270","247","269","191","287","111","347","250","400","283","385","259","437","227","399","207","441","177","445","132","461","99","471","273","507","237","595","197","627","191","635","162","76","246"
"ES-0566-A002926-L.dw.png","201","173","227","172","257","245","258","191","275","117","331","248","383","280","368","257","416","225","383","206","429","176","434","138","449","108","448","272","485","237","566","199","603","195","610","168","76","243"
"ES-0566-A002926-R.dw.png","201","168","228","168","261","242","259","188","275","113","332","245","383","277","369","254","418","223","383","203","428","174","432","135","447","105","448","269","485","234","565","195","601","191","608","164","77","239"
"ES-0566-A002927-L.dw.png","216","178","242","177","274","255","276","198","294","119","356","259","404","290","391","268","443","234","406","214","449","182","453","140","470","107","474","282","515","244","600","205","634","200","641","168","93","252"
"ES-0566-A002927-R.dw.png","206","175","233","175","263","253","268","197","286","117","345","257","396","290","382","267","430","233","397","214","441","182","445","139","463","108","465","282","505","244","590","206","625","202","633","171","84","250"
"ES-0566-A002928-L.dw.png","204","178","230","177","269","254","269","199","283","119","349","255","400","286","385","263","428","229","397","212","441","179","443","136","457","105","464","277","502","238","581","199","619","193","627","163","77","252"
"ES-0566-A002928-R.dw.png","199","171","227","171","260","249","265","194","280","115","343","252","393","282","378","259","419","225","393","210","438","177","440","135","454","104","462","273","498","236","574","198","614","193","622","163","72","243"
"ES-0566-A002929-L.dw.png","190","161","217","161","251","238","249","182","269","108","327","241","382","276","370","253","412","220","382","202","424","171","430","130","446","98","452","267","488","231","561","196","606","190","614","160","62","232"
"ES-0566-A002929-R.dw.png","183","177","208","172","258","243","241","187","252","112","330","234","389","260","374","240","414","202","380","189","414","152","414","111","426","77","459","241","487","202","557","156","596","144","599","113","71","267"
"ES-0566-A002930-L.dw.png","194","173","222","172","260","255","256","194","280","115","339","258","384","290","369","266","419","231","387","213","432","178","436","135","454","104","456","278","491","240","573","201","613","195","621","164","72","245"
"ES-0566-A002930-R.dw.png","196","175","223","174","260","256","258","196","279","116","337","258","385","290","369","266","416","232","383","213","431","180","435","137","453","105","454","280","489","242","574","203","612","197","620","166","76","249"
"ES-0567-A002931-L.dw.png","197","168","223","168","265","251","259","191","278","112","342","253","390","286","375","262","423","230","390","211","435","180","442","138","460","106","462","277","496","241","583","206","626","201","635","171","74","243"
"ES-0567-A002931-R.dw.png","184","173","209","168","264","243","251","185","253","103","344","233","395","256","377","235","417","194","382","181","420","143","419","100","432","65","462","235","491","192","572","142","612","130","618","99","79","271"
"ES-0567-A002932-L.dw.png","202","173","230","172","267","249","268","195","282","117","342","251","398","284","383","262","433","228","398","210","440","175","443","133","460","101","472","275","511","236","595","195","629","189","636","159","76","245"
"ES-0567-A002932-R.dw.png","197","174","224","174","259","252","259","196","277","119","336","255","390","288","377","266","426","233","391","214","432","180","437","138","454","106","463","280","502","241","588","202","622","196","630","166","72","248"
"ES-0567-A002933-L.dw.png","181","159","205","157","233","232","240","178","258","103","314","237","361","269","351","248","401","216","363","195","405","165","415","125","429","97","435","260","469","226","549","190","588","184","597","157","65","231"
"ES-0567-A002933-R.dw.png","185","151","210","149","236","224","246","170","261","95","321","227","370","258","356","236","403","204","367","184","409","154","417","115","431","86","438","249","472","214","552","179","590","173","599","144","69","223"
"ES-0567-A002934-L.dw.png","184","184","216","180","259","252","257","198","262","117","338","244","391","268","371","247","418","207","379","194","415","155","411","115","426","80","456","250","486","209","559","159","598","148","602","118","77","274"
"ES-0567-A002934-R.dw.png","196","158","228","158","260","234","269","182","284","102","339","237","390","269","374","246","427","213","388","193","430","161","431","120","451","88","458","260","495","223","578","184","612","179","621","150","78","232"
"ES-0567-A002935-L.dw.png","193","173","222","173","260","253","263","197","275","114","345","257","394","291","377","265","421","231","387","212","433","180","436","134","453","101","459","282","498","242","583","202","618","197","624","165","65","245"
"ES-0567-A002935-R.dw.png","184","183","213","182","250","262","251","204","265","122","339","265","387","297","369","272","414","238","375","217","423","184","425","138","440","105","453","287","494","244","572","205","608","200","614","167","58","260"
"ES-0567-A002936-L.dw.png","200","181","228","181","262","261","266","205","286","122","342","265","394","299","379","275","428","241","396","222","442","190","447","145","465","112","463","291","502","253","590","212","626","207","634","178","78","257"
"ES-0567-A002936-R.dw.png","203","179","229","179","264","260","267","203","286","121","342","264","394","299","378","274","429","240","395","220","442","189","446","143","465","111","463","291","500","253","591","214","625","209","634","179","78","255"
"ES-0567-A002937-L.dw.png","202","174","227","172","262","247","271","197","279","118","342","251","387","283","373","259","426","227","392","208","434","176","438","137","452","105","460","273","494","236","570","200","612","194","620","166","83","248"
"ES-0567-A002937-R.dw.png","200","173","225","173","255","246","268","197","276","117","337","251","384","284","369","260","420","227","387","209","430","178","434","137","449","105","458","274","492","236","567","201","607","194","616","165","80","247"
"ES-0567-A002938-L.dw.png","204","161","231","161","260","240","267","185","285","107","348","244","395","275","381","252","429","222","396","203","437","172","443","130","458","101","461","267","496","233","578","196","614","191","620","164","75","231"
"ES-0567-A002938-R.dw.png","203","111","232","119","242","201","258","148","295","79","324","224","362","265","354","240","408","221","382","196","428","174","444","136","465","111","430","272","471","248","559","229","599","233","612","208","62","152"
"ES-0567-A002939-L.dw.png","175","146","200","147","229","222","232","168","260","94","309","227","358","261","346","238","389","207","361","189","402","159","409","119","425","91","427","255","460","222","545","187","582","183","591","156","55","211"
"ES-0567-A002939-R.dw.png","181","159","205","159","236","234","237","181","265","108","315","240","366","275","353","252","396","223","368","204","409","175","414","134","430","105","435","269","471","235","551","202","589","198","597","170","62","223"
"ES-0567-A002940-R.dw.png","198","164","223","167","247","249","258","195","283","118","329","263","372","301","362","277","411","251","381","227","424","202","434","162","456","131","439","302","480","271","564","245","605","246","617","217","72","220"
"ES-0567-A002941-L.dw.png","171","192","199","184","243","251","241","196","233","114","334","228","391","245","369","227","401","182","365","174","394","131","384","89","395","55","450","217","473","169","535","110","566","94","561","64","83","296"
"ES-0567-A002941-R.dw.png","191","174","221","175","249","254","262","200","275","117","342","258","393","289","374","266","421","233","389","215","426","181","430","136","449","104","457","281","494","243","572","202","605","196","613","165","79","252"
"ES-0568-A002942-L.dw.png","198","172","226","170","262","249","263","192","279","115","342","250","391","283","375","258","424","225","393","208","433","176","438","134","452","102","458","274","498","234","576","197","614","192","622","162","81","248"
"ES-0568-A002942-R.dw.png","197","177","224","174","262","252","264","196","276","118","343","253","392","285","377","262","421","226","391","210","431","179","434","135","448","102","460","275","494","237","573","198","611","193","618","161","82","255"
"ES-0568-A002943-L.dw.png","202","161","228","164","249","245","264","195","287","118","327","262","368","300","359","277","410","252","381","229","427","204","438","165","460","135","437","304","479","276","567","254","606","256","618","228","73","211"
"ES-0568-A002943-R.dw.png","203","175","229","173","267","248","269","196","275","117","343","250","392","280","379","259","427","226","394","209","432","175","436","134","451","100","465","271","500","235","582","196","619","190","625","160","83","249"
"ES-0568-A002944-L.dw.png","192","176","218","176","262","256","262","202","276","120","340","258","395","292","379","267","423","235","388","216","436","183","437","141","453","107","465","282","502","244","583","207","619","202","627","171","67","249"
"ES-0568-A002944-R.dw.png","169","294","192","282","264","332","242","284","216","207","339","297","402","301","376","288","403","239","359","239","386","189","367","150","365","113","458","261","474","211","528","141","559","119","551","89","94","416"
"ES-0568-A002945-L.dw.png","187","171","211","169","247","245","254","194","265","112","320","246","380","279","367","257","416","224","382","207","423","176","427","132","443","100","456","269","491","233","570","195","613","188","621","160","67","244"
"ES-0568-A002945-R.dw.png","177","183","201","177","253","244","246","191","242","109","328","230","390","249","370","230","409","188","375","179","407","140","401","97","410","63","459","225","487","181","554","129","596","114","597","84","75","279"
"ES-0568-A002946-L.dw.png","182","189","207","182","258","251","249","196","252","114","336","237","400","258","380","238","416","193","383","183","417","139","411","97","423","60","468","232","496","185","563","129","602","115","604","82","76","284"
"ES-0568-A002946-R.dw.png","148","228","174","217","239","277","217","225","206","143","312","252","374","265","349","248","381","199","343","193","372","147","359","106","366","69","433","230","455","180","516","115","552","97","550","65","62","340"
"ES-0568-A002947-L.dw.png","198","163","226","166","252","247","263","194","285","116","333","258","381","295","365","269","418","241","386","219","430","190","436","148","456","115","448","293","490","258","575","227","617","226","630","198","69","226"
"ES-0568-A002947-R.dw.png","185","171","215","171","247","247","254","194","268","113","330","249","383","281","366","257","413","224","379","205","419","173","421","130","439","95","450","272","488","232","569","194","610","189","619","159","64","247"
"ES-0568-A002948-L.dw.png","183","164","209","162","242","238","249","185","263","107","328","241","384","272","368","250","411","218","376","198","422","166","427","124","444","93","446","264","481","228","569","188","606","183","613","155","71","240"
"ES-0568-A002948-R.dw.png","194","170","220","169","252","245","260","191","275","113","333","246","391","278","377","256","419","224","386","205","432","173","437","132","454","100","457","270","492","234","578","194","615","189","622","164","81","245"
"ES-0568-A002949-L.dw.png","194","165","220","166","258","249","260","194","279","113","337","257","383","293","369","268","418","237","385","217","429","185","435","143","454","112","454","287","494","248","576","217","615","214","625","183","73","239"
"ES-0568-A002949-R.dw.png","198","174","222","174","261","254","264","199","278","117","344","257","392","290","376","265","422","232","389","214","430","179","435","137","451","103","461","281","501","239","578","203","619","197","628","166","78","253"
"ES-0568-A002950-L.dw.png","199","167","226","167","260","246","263","191","287","113","342","250","394","282","378","259","423","225","395","208","436","177","439","135","455","104","458","274","495","237","580","199","622","194","631","165","77","241"
"ES-0568-A002950-R.dw.png","199","171","225","170","257","249","262","194","285","115","339","252","393","285","378","261","423","228","393","210","435","179","439","136","455","104","462","276","498","239","581","202","624","197","632","168","79","246"
"ES-0568-A002951-L.dw.png","202","177","230","175","264","254","265","197","282","120","345","255","399","288","382","264","429","230","398","213","438","180","441","140","458","105","468","279","502","241","580","202","616","196","625","166","85","255"
"ES-0568-A002951-R.dw.png","203","177","231","175","264","253","265","196","282","118","346","255","398","287","382","263","430","228","398","211","440","179","442","138","458","104","470","277","505","240","581","199","621","194","629","166","85","255"
"ES-0569-A002952-L.dw.png","192","198","221","188","276","253","262","197","257","116","357","228","422","240","400","223","432","177","396","171","424","126","414","84","420","50","480","212","501","167","567","103","604","84","602","54","97","310"
"ES-0569-A002952-R.dw.png","202","174","234","173","264","254","270","196","290","116","350","256","406","289","392","266","436","233","406","215","446","180","449","138","466","107","472","281","508","244","588","206","629","200","638","171","77","251"
"ES-0569-A002953-L.dw.png","193","173","223","172","258","248","261","194","272","115","341","251","390","282","378","260","428","228","388","208","433","175","438","133","454","101","460","273","496","238","580","199","622","193","631","163","72","245"
"ES-0569-A002953-R.dw.png","179","182","207","178","248","248","245","193","250","114","335","239","390","263","372","243","418","205","375","190","416","151","416","109","429","74","458","245","488","206","568","155","608","145","615","113","68","269"
"ES-0569-A002954-L.dw.png","207","181","237","181","271","261","270","203","287","122","356","263","408","296","394","272","438","238","402","219","447","187","451","143","469","111","476","287","516","246","597","209","635","203","643","173","72","254"
"ES-0569-A002954-R.dw.png","210","180","239","180","268","260","269","200","289","122","356","262","407","294","392","271","435","236","403","218","448","186","452","142","472","110","480","285","517","246","598","208","637","202","644","171","74","252"
"ES-0569-A002955-L.dw.png","187","188","212","182","268","250","255","196","251","112","340","236","400","258","379","237","425","192","385","182","420","139","413","96","423","60","470","232","500","186","575","128","607","116","608","84","72","289"
"ES-0569-A002955-R.dw.png","201","176","228","170","279","243","267","187","272","103","354","234","412","259","394","238","442","196","403","183","440","142","438","98","451","62","487","238","519","194","600","140","633","130","636","98","83","270"
"ES-0569-A002956-L.dw.png","195","179","221","177","260","257","258","198","275","117","343","256","394","286","379","263","419","227","387","210","433","176","436","135","453","101","465","274","498","237","578","198","619","192","626","160","81","256"
"ES-0569-A002956-R.dw.png","192","175","219","173","255","254","256","196","274","116","334","256","385","287","370","263","414","230","382","212","429","181","435","139","455","106","459","276","490","242","571","204","615","198","623","168","75","246"
"ES-0569-A002957-L.dw.png","195","181","223","181","263","262","262","204","279","120","345","262","402","293","385","270","426","235","392","217","438","181","440","138","456","103","472","282","509","243","590","203","629","197","636","165","72","259"
"ES-0569-A002957-R.dw.png","187","174","215","175","254","257","253","200","273","118","335","262","390","296","375","272","418","240","382","220","430","187","434","143","452","109","461","288","502","250","581","214","621","210","629","180","64","248"
"ES-0569-A002958-L.dw.png","147","175","171","171","224","241","210","187","218","110","300","231","354","256","337","235","375","195","344","184","381","143","378","101","389","63","423","235","453","192","527","142","563","131","566","101","36","267"
"ES-0569-A002958-R.dw.png","136","181","161","176","218","246","203","193","204","112","293","234","345","257","327","236","366","195","333","184","369","145","363","102","374","64","412","235","441","191","513","138","548","125","550","97","32","276"
"ES-0569-A002959-L.dw.png","206","175","234","175","266","254","268","198","285","121","345","260","400","297","384","271","430","240","400","221","444","191","450","146","468","115","471","291","508","256","597","221","633","216","641","186","78","242"
"ES-0569-A002959-R.dw.png","209","182","236","180","270","257","272","201","285","121","356","260","410","293","394","268","440","234","408","217","449","184","451","139","467","105","480","283","517","245","604","206","637","200","642","167","84","254"
"ES-0569-A002960-L.dw.png","196","179","224","177","257","252","260","199","274","118","337","253","391","286","377","263","426","230","393","212","437","181","441","138","456","105","468","275","504","239","583","202","628","196","636","167","76","254"
"ES-0569-A002960-R.dw.png","198","172","226","171","254","246","264","194","277","113","338","249","391","282","376","259","429","227","393","207","437","179","443","136","458","104","469","273","505","237","586","202","630","197","637","170","80","246"
"ES-0569-A002961-L.dw.png","197","171","226","172","262","251","265","197","280","119","339","256","390","291","374","266","422","237","390","217","433","185","437","144","454","112","457","285","497","249","583","215","618","211","626","181","68","236"
"ES-0569-A002961-R.dw.png","199","173","229","172","271","251","268","195","281","115","350","253","399","285","381","260","430","228","397","210","437","176","439","134","454","102","464","276","504","237","587","200","621","195","630","165","75","243"
"ES-0570-A002962-L.dw.png","201","174","228","174","265","256","264","198","287","118","339","260","389","295","373","270","420","238","390","218","436","188","442","142","459","109","455","289","491","252","579","214","613","211","622","181","79","249"
"ES-0570-A002962-R.dw.png","202","179","231","180","265","258","265","201","287","122","342","261","392","295","376","270","422","236","392","218","435","186","440","141","456","110","456","286","492","248","578","207","614","202","622","170","81","257"
"ES-0570-A002963-L.dw.png","194","176","225","176","264","251","262","198","278","122","342","252","392","283","377","260","422","228","392","212","430","180","431","138","447","105","461","274","495","239","577","200","611","195","617","167","69","250"
"ES-0570-A002963-R.dw.png","195","173","227","173","263","248","265","196","277","118","345","249","395","279","381","257","424","224","394","208","430","176","431","134","447","100","462","270","497","235","576","198","613","193","620","163","72","246"
"ES-0570-A002964-L.dw.png","193","166","219","163","258","241","258","187","273","110","338","244","388","274","374","252","422","220","394","205","434","172","438","132","453","101","461","265","495","231","575","195","612","189","619","161","76","239"
"ES-0570-A002964-R.dw.png","197","153","222","155","250","238","255","182","283","108","330","252","374","288","365","265","416","239","389","219","434","193","443","154","462","126","448","290","487","261","571","235","607","236","620","209","70","208"
"ES-0570-A002965-L.dw.png","191","166","218","165","255","243","263","191","268","110","334","243","386","275","371","252","414","221","380","203","424","173","427","132","443","100","456","267","491","232","566","195","606","189","613","159","73","240"
"ES-0570-A002965-R.dw.png","180","170","206","168","248","248","248","191","256","113","328","247","377","277","362","254","405","223","370","205","414","174","416","133","431","100","445","268","481","232","555","194","597","187","603","157","67","248"
"ES-0570-A002966-L.dw.png","208","179","233","178","273","259","270","201","291","122","350","263","401","298","387","273","434","238","406","222","453","188","459","146","476","109","470","289","506","251","595","213","637","206","644","173","80","254"
"ES-0570-A002966-R.dw.png","200","180","224","179","266","260","263","202","281","122","343","263","393","297","378","272","427","238","397","222","444","187","450","143","466","107","463","287","498","249","585","208","626","201","633","168","72","255"
"ES-0570-A002967-L.dw.png","195","159","222","158","261","234","264","184","276","104","336","237","389","270","374","246","420","214","382","193","432","166","438","125","454","94","459","261","494","224","575","185","614","179","623","152","68","228"
"ES-0570-A002967-R.dw.png","191","158","217","158","253","233","253","180","271","102","329","236","382","269","368","246","414","213","378","194","425","165","431","125","448","94","453","260","489","223","571","187","610","181","619","153","64","227"
"ES-0570-A002968-L.dw.png","201","176","226","175","264","252","262","196","278","119","340","252","394","285","378","261","422","228","392","211","440","179","446","136","461","101","460","276","496","238","583","197","622","190","627","158","80","252"
"ES-0570-A002968-R.dw.png","203","177","230","176","269","254","265","198","282","120","341","255","393","290","378","265","425","234","392","215","441","185","448","141","464","108","460","282","498","244","580","206","621","200","629","168","82","250"
"ES-0570-A002969-L.dw.png","197","174","222","172","266","248","265","195","274","113","340","249","390","280","376","257","425","224","388","205","430","172","434","129","451","98","461","269","496","231","583","193","624","187","632","158","78","250"
"ES-0570-A002969-R.dw.png","201","173","225","172","262","247","268","195","278","113","337","249","389","282","375","259","423","226","388","206","430","175","435","133","454","102","462","272","499","235","584","200","624","195","632","166","78","244"
"ES-0570-A002970-L.dw.png","192","175","218","174","255","249","263","199","274","119","336","251","389","283","374","260","421","229","391","211","432","179","433","138","448","104","461","274","495","239","575","202","613","197","620","167","73","243"
"ES-0570-A002970-R.dw.png","191","168","221","167","255","241","264","192","273","112","338","243","391","274","379","253","425","220","394","202","433","170","433","129","448","95","464","264","496","229","576","189","612","183","618","152","72","237"
"ES-0570-A002971-L.dw.png","205","175","235","176","261","253","272","200","288","118","349","257","402","291","385","266","435","235","400","215","439","183","442","139","461","107","466","283","505","245","586","207","622","201","628","172","79","248"
"ES-0570-A002971-R.dw.png","207","180","236","180","265","257","273","202","289","120","351","258","407","290","390","267","437","231","403","213","442","180","444","136","463","104","472","280","512","240","592","200","627","194","635","163","82","256"
"ES-0571-A002972-L.dw.png","197","177","222","175","259","258","258","198","274","115","345","262","396","296","380","271","432","239","389","215","439","186","446","142","462","112","463","288","503","251","592","212","631","207","639","178","71","248"
"ES-0571-A002972-R.dw.png","201","178","224","176","259","256","260","198","275","114","347","260","398","292","381","269","430","236","392","214","438","183","444","140","460","111","467","285","507","248","592","208","631","203","639","175","74","249"
"ES-0571-A002973-L.dw.png","188","178","212","176","260","256","261","204","269","119","335","259","382","292","367","267","415","237","381","217","426","185","434","141","451","108","456","283","488","249","574","210","613","205","621","176","70","253"
"ES-0571-A002973-R.dw.png","176","176","202","174","252","252","250","199","257","114","328","252","376","283","361","260","405","227","370","209","415","175","421","129","436","96","448","273","482","237","562","196","603","189","610","156","63","256"
"ES-0571-A002974-L.dw.png","208","169","236","169","269","247","274","193","291","114","347","250","398","283","384","259","429","227","400","209","443","178","449","135","465","105","471","275","505","240","592","204","634","199","643","170","77","239"
"ES-0571-A002974-R.dw.png","208","171","236","171","272","249","276","195","292","113","351","252","402","284","386","260","432","226","402","208","445","176","449","133","465","101","472","274","508","236","593","198","635","192","643","162","80","244"
"ES-0571-A002975-L.dw.png","190","178","219","178","243","257","254","201","270","118","332","258","387","290","372","267","421","232","386","213","428","180","430","139","447","104","461","280","497","242","580","202","621","195","628","164","66","251"
"ES-0571-A002975-R.dw.png","194","176","219","176","246","256","256","200","270","115","332","258","386","291","372","268","423","234","387","214","429","183","432","141","450","107","461","282","497","245","582","207","621","202","627","170","66","246"
"ES-0571-A002976-L.dw.png","193","166","220","166","259","245","259","191","279","115","340","248","391","282","377","258","422","227","390","208","434","177","436","138","452","106","457","273","495","236","572","201","616","196","623","169","77","242"
"ES-0571-A002976-R.dw.png","189","168","217","167","260","244","254","188","270","112","344","244","394","274","379","251","421","218","389","201","432","170","432","131","446","98","462","262","496","225","568","187","612","180","619","153","78","249"
"ES-0571-A002977-L.dw.png","165","154","195","154","226","232","230","179","251","104","307","237","355","270","342","247","391","218","361","200","401","171","409","131","425","102","428","262","461","229","540","194","578","189","585","166","50","221"
"ES-0571-A002977-R.dw.png","136","142","167","142","203","218","203","165","219","89","282","220","330","251","316","228","362","198","331","181","371","150","376","110","390","80","401","242","434","206","509","171","546","165","553","136","27","216"
"ES-0571-A002978-L.dw.png","191","160","217","159","256","236","259","185","272","106","335","239","385","272","370","248","416","215","388","199","430","169","434","130","450","97","456","263","492","226","576","191","614","188","620","163","64","231"
"ES-0571-A002978-R.dw.png","187","160","214","161","249","238","254","186","270","107","330","243","376","277","362","253","410","221","383","204","424","173","428","134","445","102","450","269","487","232","568","200","606","196","614","168","61","229"
"ES-0571-A002979-L.dw.png","179","148","204","147","241","222","241","168","255","92","318","225","367","256","353","233","404","201","366","181","407","150","410","111","426","80","441","245","475","210","557","173","591","167","598","138","67","220"
"ES-0571-A002979-R.dw.png","190","165","217","165","252","241","249","186","269","112","326","246","374","278","361","255","413","225","373","204","417","175","422","136","438","107","448","271","483","236","564","201","601","197","609","171","76","234"
"ES-0571-A002980-L.dw.png","199","177","226","176","259","255","264","199","288","116","341","258","390","290","374","266","422","233","394","217","434","181","438","136","455","102","457","281","491","244","577","203","614","198","616","168","78","249"
"ES-0571-A002980-R.dw.png","195","179","224","178","253","257","262","202","284","118","336","260","385","294","368","268","416","235","388","219","432","183","436","138","451","106","453","283","490","245","574","203","610","198","616","166","76","254"
"ES-0571-A002981-L.dw.png","199","170","223","170","253","244","259","194","274","116","332","249","376","281","361","258","412","228","377","209","420","179","424","139","440","107","442","274","474","238","555","203","592","198","599","170","75","237"
"ES-0571-A002981-R.dw.png","197","172","222","171","254","244","260","194","270","116","330","248","374","279","360","256","408","226","376","208","417","177","420","137","436","105","440","271","474","234","553","198","590","192","596","163","76","240"
"ES-0572-A002982-L.dw.png","199","175","227","175","265","254","266","199","284","119","348","258","399","290","384","267","432","235","397","216","442","184","443","140","461","106","472","281","507","245","588","206","625","200","631","168","75","245"
"ES-0572-A002982-R.dw.png","201","173","227","173","263","253","266","198","283","117","348","259","395","291","381","268","428","237","399","218","439","187","441","142","460","109","466","284","502","249","585","211","622","206","629","176","76","241"
"ES-0572-A002983-L.dw.png","208","177","233","176","275","257","280","203","284","120","358","260","403","290","387","267","430","234","401","218","446","183","451","141","465","110","466","283","506","245","591","206","635","200","644","171","81","251"
"ES-0572-A002983-R.dw.png","208","175","234","173","279","255","275","197","286","118","361","258","406","288","392","265","435","232","406","215","448","181","453","140","468","109","472","280","510","242","592","204","636","198","645","167","81","249"
"ES-0572-A002984-L.dw.png","204","174","234","171","269","248","269","191","283","114","347","248","398","279","385","258","433","224","396","204","437","172","441","130","455","99","465","270","502","234","578","195","617","189","625","161","79","249"
"ES-0572-A002984-R.dw.png","198","172","225","169","263","246","257","187","275","112","343","248","390","279","377","257","426","223","391","203","428","172","433","130","448","99","455","270","495","233","572","194","607","190","615","160","73","247"
"ES-0572-A002985-L.dw.png","179","147","207","148","239","229","245","174","267","99","324","236","375","271","362","247","404","217","377","199","423","172","430","131","446","101","446","266","482","232","568","201","605","198","614","169","59","216"
"ES-0572-A002986-L.dw.png","200","169","228","169","266","245","265","191","279","115","343","247","393","280","379","256","425","226","394","208","431","177","434","135","451","103","460","272","494","238","577","201","615","196","621","168","72","240"
"ES-0572-A002986-R.dw.png","192","172","221","172","260","248","259","194","273","117","336","248","387","280","373","257","419","225","389","209","425","176","426","134","442","101","455","271","491","235","571","198","607","193","614","163","68","246"
"ES-0572-A002987-L.dw.png","196","165","220","165","249","248","252","186","271","111","334","256","379","289","367","266","416","234","384","214","430","183","435","140","452","109","450","284","489","249","579","214","615","211","625","182","61","231"
"ES-0572-A002987-R.dw.png","193","173","219","171","257","252","252","191","267","114","337","253","386","285","372","262","422","229","388","210","429","177","432","134","448","102","457","276","492","240","578","200","614","195","623","165","67","249"
"ES-0572-A002988-L.dw.png","205","179","230","177","269","254","269","199","285","115","347","254","403","287","389","264","438","228","404","211","444","176","447","133","465","98","476","275","511","236","593","195","632","189","640","159","76","255"
"ES-0572-A002988-R.dw.png","208","175","234","174","271","252","271","196","289","114","348","254","404","288","388","264","440","230","404","211","447","178","451","135","469","101","476","277","514","238","593","200","637","194","646","164","79","249"
"ES-0572-A002989-L.dw.png","181","162","209","160","253","238","248","182","261","101","331","240","378","269","365","248","412","214","378","196","421","165","425","123","442","92","445","261","482","225","561","187","601","182","609","154","59","235"
"ES-0572-A002989-R.dw.png","194","171","220","169","265","247","262","192","273","110","344","249","391","278","378","257","422","222","388","204","432","174","436","131","452","100","457","269","493","234","576","194","613","189","620","159","74","246"
"ES-0572-A002990-L.dw.png","188","165","219","165","246","239","257","188","269","111","328","243","377","275","361","251","407","219","376","202","417","172","418","129","435","98","444","266","480","230","557","194","595","188","602","160","67","237"
"ES-0573-A002990-R.dw.png","193","166","221","166","250","240","260","189","272","110","332","243","382","275","366","252","411","219","382","203","419","171","420","128","437","98","451","266","488","230","565","192","597","187","604","159","74","241"
"ES-0573-A002991-L.dw.png","194","174","225","173","271","251","264","198","279","119","344","254","393","287","380","264","425","232","396","215","439","182","442","139","457","107","466","279","502","242","589","205","629","200","636","173","72","245"
"ES-0573-A002991-R.dw.png","200","175","228","175","274","253","266","198","282","118","350","255","398","288","383","264","429","232","399","216","440","182","443","139","458","108","467","280","504","243","590","204","630","199","636","171","77","247"
"ES-0573-A002992-L.dw.png","194","168","219","167","254","248","255","190","269","111","336","251","384","282","370","259","415","226","384","208","426","177","432","135","449","103","455","273","486","240","573","199","613","194","622","165","71","239"
"ES-0573-A002992-R.dw.png","202","176","225","174","267","255","265","198","274","118","346","256","393","286","380","264","423","230","393","213","433","181","437","139","454","107","463","277","497","242","582","202","621","197","629","167","80","250"
"ES-0573-A002993-L.dw.png","202","175","231","176","265","256","271","202","296","119","346","260","402","295","388","271","438","239","406","220","452","189","457","147","475","114","481","287","516","252","602","217","646","213","656","184","77","246"
"ES-0573-A002993-R.dw.png","206","178","233","177","271","255","274","201","296","118","351","258","408","292","393","269","442","234","407","215","454","183","458","141","474","108","482","282","517","246","604","206","647","201","656","171","82","253"
"ES-0573-A002994-L.dw.png","205","172","234","171","270","248","267","191","287","116","346","249","400","282","386","259","435","227","399","207","445","177","452","137","467","107","470","273","503","239","594","200","636","195","644","168","81","245"
"ES-0573-A002994-R.dw.png","206","171","236","170","272","247","271","191","289","114","349","249","403","281","388","259","439","226","404","207","447","178","455","138","470","109","474","273","506","239","595","201","637","198","647","170","82","243"
"ES-0573-A002995-L.dw.png","202","173","228","172","272","252","259","191","284","115","347","253","394","285","379","261","428","227","393","208","433","176","439","134","455","101","463","276","500","237","574","199","617","193","624","162","82","252"
"ES-0573-A002995-R.dw.png","202","172","229","171","270","251","260","191","282","114","343","252","392","285","377","261","424","229","390","209","431","177","438","135","454","104","462","277","498","239","573","202","615","197","621","166","82","250"
"ES-0573-A002996-L.dw.png","207","169","232","168","265","247","273","194","284","112","350","254","402","287","391","266","438","236","401","214","446","185","452","144","467","113","468","282","505","247","585","216","627","213","638","185","79","234"
"ES-0573-A002996-R.dw.png","202","171","228","169","267","246","269","193","275","112","347","248","402","278","389","258","434","226","397","206","442","175","444","134","459","102","470","269","502","234","583","197","624","192","632","162","80","244"
