"file","x1","y1","x2","y2","x3","y3","x4","y4","x5","y5","x6","y6","x7","y7","x8","y8","x9","y9","x10","y10","x11","y11","x12","y12","x13","y13","x14","y14","x15","y15","x16","y16","x17","y17","x18","y18","x19","y19"
"GB-0001-01-04.dw.png","1001","914","1050","923","1081","1075","1116","985","1184","827","1240","1114","1326","1192","1306","1144","1411","1108","1356","1056","1436","1008","1460","932","1508","880","1460","1201","1552","1147","1715","1105","1797","1115","1823","1065","746","1000"
"GB-0001-01-05.dw.png","805","781","871","796","877","951","917","855","1005","707","1051","1006","1134","1084","1117","1040","1210","992","1170","951","1261","902","1292","825","1346","781","1258","1101","1363","1054","1536","1018","1605","1026","1639","973","537","874"
"GB-0001-01-06.dw.png","836","932","888","934","934","1084","962","979","1000","824","1113","1103","1212","1165","1184","1127","1274","1070","1216","1029","1294","968","1304","887","1343","820","1350","1154","1432","1093","1592","1025","1655","1015","1671","958","601","1063"
"GB-0001-01-07.dw.png","994","846","1045","871","1016","1030","1085","943","1192","823","1159","1120","1221","1226","1212","1175","1313","1155","1292","1106","1399","1085","1454","1021","1509","985","1340","1282","1454","1257","1625","1273","1703","1311","1747","1267","701","838"
"GB-0001-01-08.dw.png","820","963","871","959","924","1105","938","1003","974","850","1096","1117","1184","1178","1163","1139","1239","1075","1199","1041","1268","973","1279","883","1323","824","1332","1167","1416","1100","1575","1018","1638","1006","1656","948","570","1096"
"GB-0001-01-09.dw.png","942","1053","999","1052","1048","1200","1075","1101","1108","950","1201","1217","1308","1280","1280","1240","1367","1183","1310","1140","1398","1091","1416","1009","1458","953","1452","1284","1531","1214","1686","1155","1763","1154","1788","1107","691","1181"
"GB-0001-01-10.dw.png","832","859","880","869","896","1029","934","928","1016","787","1042","1078","1128","1168","1102","1118","1211","1083","1156","1028","1254","997","1280","916","1335","867","1265","1196","1362","1154","1522","1129","1592","1142","1628","1092","558","921"
"GB-0001-01-11.dw.png","837","1028","893","1036","906","1195","952","1098","1022","956","1074","1247","1156","1332","1141","1283","1237","1240","1195","1195","1283","1147","1316","1070","1370","1017","1290","1344","1391","1290","1565","1263","1636","1270","1658","1218","560","1100"
"GB-0001-01-12.dw.png","1042","855","1090","883","1063","1038","1125","945","1234","827","1211","1123","1270","1220","1263","1178","1364","1150","1339","1099","1439","1073","1482","1004","1549","968","1399","1264","1495","1237","1673","1246","1741","1276","1787","1228","758","875"
"GB-0001-01-13.dw.png","985","945","1040","957","1051","1114","1095","1014","1176","873","1204","1164","1287","1245","1276","1201","1366","1151","1333","1119","1420","1066","1455","990","1510","940","1423","1266","1513","1218","1702","1183","1765","1196","1795","1148","725","1024"
"GB-0001-01-14.dw.png","984","950","1040","952","1083","1104","1098","995","1151","850","1252","1123","1353","1188","1318","1147","1412","1083","1356","1044","1444","985","1461","909","1500","856","1486","1181","1565","1116","1732","1054","1806","1053","1831","996","724","1080"
"GB-0001-01-15.dw.png","991","929","1040","941","1046","1087","1094","994","1170","858","1202","1135","1295","1219","1275","1172","1375","1131","1326","1081","1419","1043","1455","970","1500","919","1430","1241","1514","1194","1700","1160","1759","1165","1793","1123","724","1005"
"GB-0001-01-16.dw.png","812","822","864","831","892","990","919","883","988","738","1048","1034","1136","1115","1120","1068","1210","1024","1166","975","1258","927","1289","851","1337","808","1268","1132","1367","1084","1541","1048","1602","1055","1631","999","537","913"
"GB-0001-01-17.dw.png","843","862","901","876","933","1031","955","923","1033","781","1089","1070","1184","1147","1155","1102","1249","1047","1206","1004","1298","957","1329","876","1377","830","1320","1157","1409","1105","1588","1063","1657","1066","1684","1015","574","960"
"GB-0001-01-18.dw.png","960","952","1008","960","1038","1114","1073","1012","1132","865","1201","1152","1284","1228","1264","1184","1354","1129","1318","1094","1407","1038","1434","963","1487","909","1419","1236","1512","1185","1693","1142","1763","1147","1785","1098","695","1050"
"GB-0002-02-01.dw.png","868","1044","915","1052","941","1225","982","1117","1058","979","1095","1269","1185","1353","1163","1305","1247","1256","1214","1215","1313","1162","1344","1092","1396","1036","1321","1371","1413","1320","1584","1280","1659","1289","1686","1237","588","1122"
"GB-0002-02-02.dw.png","1073","766","1112","792","1061","947","1141","879","1266","768","1197","1060","1241","1168","1237","1113","1345","1105","1329","1053","1434","1035","1492","977","1555","955","1352","1229","1461","1213","1641","1243","1703","1279","1753","1246","776","723"
"GB-0002-02-04.dw.png","1131","989","1174","1014","1148","1176","1215","1085","1327","967","1295","1263","1359","1366","1351","1313","1450","1289","1423","1232","1526","1215","1576","1148","1640","1111","1484","1415","1590","1387","1766","1389","1835","1421","1873","1380","833","991"
"GB-0002-02-05.dw.png","846","644","891","673","854","834","929","751","1048","636","997","937","1042","1038","1043","991","1149","979","1123","915","1231","902","1289","837","1352","806","1163","1102","1277","1088","1460","1104","1523","1132","1564","1091","554","625"
"GB-0002-02-06.dw.png","1100","757","1139","785","1097","958","1173","878","1308","770","1231","1075","1267","1184","1270","1129","1376","1129","1358","1061","1468","1056","1526","993","1599","969","1387","1258","1499","1249","1666","1278","1733","1315","1781","1273","806","721"
"GB-0002-02-07.dw.png","927","695","977","722","938","879","1014","799","1124","680","1076","975","1136","1076","1126","1023","1235","1014","1219","957","1320","934","1372","869","1426","837","1262","1132","1367","1103","1546","1119","1605","1145","1654","1107","628","688"
"GB-0002-02-09.dw.png","1086","767","1131","804","1055","936","1154","888","1285","789","1178","1060","1211","1173","1219","1125","1316","1125","1312","1079","1419","1072","1478","1023","1543","1002","1322","1253","1423","1251","1589","1292","1656","1337","1707","1309","809","696"
"GB-0002-02-10.dw.png","1149","970","1201","1001","1180","1158","1243","1067","1350","946","1324","1241","1387","1342","1382","1294","1483","1273","1456","1217","1553","1190","1600","1123","1658","1077","1508","1385","1616","1361","1791","1362","1861","1388","1908","1350","849","983"
"GB-0002-02-11.dw.png","941","880","988","900","969","1063","1034","980","1131","848","1121","1154","1189","1247","1180","1202","1272","1176","1237","1112","1340","1092","1385","1019","1443","979","1312","1292","1412","1263","1593","1257","1660","1277","1697","1230","658","898"
"GB-0002-02-12.dw.png","1085","840","1134","874","1087","1034","1164","951","1284","849","1215","1141","1254","1241","1257","1194","1361","1192","1345","1130","1445","1118","1500","1062","1562","1034","1373","1311","1483","1304","1647","1334","1711","1375","1757","1340","786","797"
"GB-0002-02-13.dw.png","1092","630","1137","658","1081","819","1163","752","1290","651","1206","936","1249","1051","1253","996","1355","990","1343","927","1447","923","1511","873","1576","848","1361","1124","1473","1116","1655","1151","1714","1188","1756","1146","805","577"
"GB-0002-02-14.dw.png","977","627","1022","661","969","824","1051","748","1183","645","1093","941","1135","1054","1133","998","1241","999","1221","930","1336","933","1396","876","1462","854","1237","1119","1355","1114","1527","1152","1587","1188","1639","1156","690","574"
"GB-0002-02-15.dw.png","985","744","1029","762","1025","941","1083","840","1187","714","1165","1029","1224","1127","1219","1075","1329","1058","1292","991","1395","966","1447","902","1504","863","1346","1176","1456","1151","1648","1151","1705","1176","1745","1130","697","744"
"GB-0003-04-02.dw.png","1107","903","1156","930","1108","1078","1188","1011","1309","908","1245","1178","1306","1295","1303","1246","1403","1240","1382","1182","1483","1176","1533","1115","1593","1088","1425","1356","1522","1344","1693","1373","1758","1403","1799","1373","833","871"
"GB-0003-04-03.dw.png","1239","862","1281","888","1257","1037","1325","969","1425","855","1395","1128","1457","1229","1443","1181","1555","1172","1524","1115","1621","1098","1670","1032","1725","1008","1574","1281","1676","1260","1843","1277","1904","1305","1950","1276","956","851"
"GB-0003-04-04.dw.png","1030","790","1072","823","1013","967","1100","909","1218","800","1140","1078","1190","1191","1184","1137","1294","1136","1271","1078","1375","1068","1433","1016","1494","995","1302","1257","1408","1250","1563","1280","1617","1312","1665","1282","748","753"
"GB-0003-04-05.dw.png","924","768","976","794","953","950","1016","871","1121","748","1084","1035","1156","1145","1141","1095","1242","1074","1216","1017","1313","994","1366","933","1423","898","1267","1192","1387","1170","1552","1183","1614","1213","1658","1180","639","764"
"GB-0003-04-06.dw.png","1089","838","1133","866","1083","1004","1159","946","1285","852","1210","1117","1265","1222","1257","1172","1364","1181","1347","1125","1441","1114","1496","1060","1558","1042","1381","1295","1475","1283","1641","1322","1697","1357","1747","1327","816","792"
"GB-0003-04-07.dw.png","975","872","1031","904","1004","1053","1069","976","1171","861","1142","1132","1209","1229","1197","1182","1295","1166","1256","1104","1361","1094","1408","1032","1468","1006","1332","1280","1430","1258","1594","1271","1654","1300","1685","1266","700","890"
"GB-0003-04-08.dw.png","989","815","1042","846","1000","992","1081","922","1191","803","1147","1094","1218","1203","1209","1153","1319","1146","1282","1076","1383","1069","1439","1008","1500","984","1342","1262","1448","1243","1616","1258","1687","1296","1725","1264","705","815"
"GB-0003-04-09.dw.png","1014","720","1061","755","1018","904","1089","838","1211","726","1146","1001","1202","1115","1197","1055","1303","1065","1274","996","1376","999","1433","939","1498","917","1328","1190","1420","1170","1589","1207","1652","1243","1696","1211","734","685"
"GB-0003-04-10.dw.png","998","775","1047","814","998","968","1078","896","1205","790","1131","1083","1184","1197","1177","1139","1286","1145","1262","1076","1367","1075","1428","1012","1493","996","1299","1265","1394","1255","1559","1281","1621","1318","1677","1287","718","745"
"GB-0003-04-11.dw.png","1080","744","1127","774","1079","925","1153","850","1272","747","1193","1022","1241","1132","1240","1082","1344","1075","1327","1023","1421","1011","1476","952","1533","928","1352","1196","1457","1184","1611","1220","1674","1255","1722","1230","806","718"
"GB-0003-04-12.dw.png","993","880","1049","909","1029","1067","1090","984","1191","860","1153","1141","1220","1243","1207","1192","1313","1175","1283","1121","1390","1105","1440","1045","1500","1017","1340","1300","1445","1274","1619","1295","1681","1319","1731","1288","713","887"
"GB-0003-04-13.dw.png","974","826","1017","851","994","1013","1062","937","1166","816","1133","1105","1192","1207","1185","1156","1293","1155","1261","1087","1357","1079","1406","1014","1467","990","1316","1265","1423","1243","1585","1264","1644","1294","1689","1261","690","813"
"GB-0003-04-14.dw.png","1050","892","1103","924","1088","1076","1137","992","1237","873","1213","1145","1274","1245","1263","1190","1360","1169","1337","1123","1439","1102","1483","1040","1536","1005","1391","1294","1493","1259","1665","1271","1736","1306","1778","1275","764","892"
"GB-0003-04-15.dw.png","975","761","1017","789","988","945","1053","864","1161","750","1108","1030","1164","1129","1164","1089","1265","1071","1235","1012","1331","996","1382","939","1441","909","1283","1187","1387","1165","1543","1193","1607","1220","1657","1192","700","755"
"GB-0004-05-01.dw.png","1079","681","1116","705","1076","858","1150","793","1277","686","1207","970","1264","1082","1263","1039","1370","1029","1349","974","1451","968","1508","907","1567","878","1384","1153","1490","1143","1663","1178","1725","1215","1767","1189","804","648"
"GB-0004-05-02.dw.png","977","769","1024","795","1009","953","1067","866","1178","746","1149","1033","1218","1134","1206","1083","1299","1055","1286","1023","1386","993","1428","922","1489","894","1349","1183","1451","1160","1622","1170","1687","1201","1730","1169","697","780"
"GB-0004-05-03.dw.png","1068","924","1113","953","1064","1103","1147","1037","1270","929","1197","1202","1255","1314","1254","1268","1362","1265","1337","1209","1439","1196","1494","1138","1560","1116","1382","1376","1475","1363","1651","1388","1707","1421","1755","1394","794","913"
"GB-0004-05-04.dw.png","1032","731","1075","753","1032","904","1115","844","1239","727","1174","1011","1229","1120","1221","1063","1322","1052","1311","1011","1405","998","1458","935","1521","909","1351","1181","1448","1166","1617","1194","1668","1221","1725","1198","765","709"
"GB-0004-05-05.dw.png","1029","722","1074","757","1023","904","1112","848","1230","737","1160","1019","1212","1129","1210","1077","1302","1063","1294","1022","1398","1011","1455","956","1514","929","1332","1198","1433","1190","1602","1224","1664","1263","1710","1231","762","686"
"GB-0004-05-06.dw.png","1048","826","1090","854","1048","1010","1121","933","1248","829","1180","1108","1225","1212","1228","1164","1334","1163","1314","1104","1419","1097","1479","1037","1541","1016","1355","1282","1446","1263","1620","1289","1693","1330","1738","1298","758","788"
"GB-0004-05-07.dw.png","1099","800","1147","842","1086","994","1162","931","1296","833","1183","1101","1219","1222","1224","1173","1329","1176","1319","1125","1420","1125","1484","1077","1549","1056","1327","1305","1433","1306","1591","1361","1652","1412","1706","1392","828","741"
"GB-0004-05-08.dw.png","991","861","1040","890","993","1037","1077","972","1189","860","1141","1139","1193","1240","1193","1191","1298","1188","1270","1128","1373","1123","1423","1063","1482","1036","1325","1304","1417","1288","1597","1315","1649","1340","1698","1313","718","858"
"GB-0004-05-09.dw.png","1053","872","1101","897","1065","1042","1138","973","1245","856","1214","1128","1278","1229","1270","1179","1376","1164","1351","1113","1441","1092","1490","1026","1548","997","1411","1276","1504","1252","1676","1258","1739","1283","1786","1249","781","883"
"GB-0004-05-10.dw.png","1058","832","1104","861","1066","1015","1147","952","1260","829","1202","1110","1260","1223","1256","1174","1362","1161","1347","1113","1447","1102","1502","1041","1565","1012","1390","1288","1494","1271","1662","1296","1726","1330","1770","1300","774","812"
"GB-0004-05-11.dw.png","1064","1008","1110","1040","1070","1188","1147","1115","1267","1003","1209","1282","1269","1393","1265","1343","1373","1332","1348","1279","1447","1261","1493","1199","1564","1178","1401","1452","1491","1432","1673","1455","1737","1483","1778","1451","779","999"
"GB-0004-05-12.dw.png","1078","747","1126","774","1092","934","1168","859","1278","743","1230","1026","1281","1122","1282","1076","1382","1069","1364","1015","1459","991","1512","931","1570","902","1405","1182","1508","1163","1679","1180","1741","1209","1783","1177","791","735"
"GB-0004-05-13.dw.png","1048","798","1092","831","1042","974","1123","908","1246","811","1180","1085","1222","1186","1225","1139","1325","1134","1304","1078","1409","1074","1466","1019","1528","993","1351","1257","1441","1242","1612","1268","1672","1304","1719","1276","772","773"
"GB-0004-05-14.dw.png","1116","823","1159","858","1104","1014","1182","942","1311","847","1215","1116","1252","1230","1255","1176","1369","1192","1347","1128","1446","1131","1506","1076","1570","1064","1368","1313","1473","1310","1638","1367","1692","1408","1746","1383","830","761"
"GB-0004-05-15.dw.png","957","857","1009","885","978","1036","1049","961","1169","843","1127","1131","1190","1234","1184","1183","1294","1167","1270","1115","1365","1095","1418","1026","1478","1001","1314","1287","1426","1264","1604","1274","1670","1307","1712","1277","689","857"
"GB-0005-07-01.dw.png","1087","956","1133","986","1097","1141","1177","1065","1279","945","1224","1231","1278","1336","1278","1291","1385","1286","1359","1229","1460","1210","1518","1155","1579","1134","1411","1399","1515","1386","1673","1412","1733","1446","1771","1412","813","929"
"GB-0005-07-02.dw.png","947","753","990","776","964","933","1021","847","1137","740","1098","1031","1152","1130","1152","1082","1247","1072","1218","1018","1319","995","1374","940","1428","908","1288","1193","1380","1174","1536","1187","1609","1223","1654","1190","670","748"
"GB-0005-07-03.dw.png","1111","842","1148","874","1101","1031","1177","961","1301","862","1210","1142","1257","1257","1258","1210","1359","1208","1341","1144","1444","1151","1508","1105","1571","1088","1375","1340","1474","1335","1642","1385","1697","1425","1746","1400","838","800"
"GB-0005-07-04.dw.png","1138","895","1179","925","1151","1078","1211","992","1330","890","1278","1177","1328","1276","1325","1227","1430","1219","1402","1166","1506","1147","1566","1087","1619","1061","1466","1340","1558","1321","1729","1345","1803","1386","1843","1350","856","871"
"GB-0005-07-05.dw.png","1080","695","1123","728","1075","882","1146","802","1277","709","1192","984","1239","1099","1242","1049","1353","1054","1328","992","1435","985","1497","935","1561","910","1362","1173","1459","1161","1631","1197","1700","1241","1752","1215","803","664"
"GB-0005-07-06.dw.png","942","765","988","780","998","952","1044","860","1135","723","1137","1018","1205","1108","1191","1061","1295","1032","1252","977","1363","951","1405","883","1455","836","1347","1150","1434","1109","1611","1103","1689","1128","1728","1085","661","801"
"GB-0005-07-07.dw.png","857","818","899","847","855","994","928","917","1049","818","983","1103","1030","1209","1031","1159","1135","1158","1115","1098","1216","1096","1273","1038","1329","1006","1155","1277","1257","1269","1422","1307","1489","1350","1535","1321","576","784"
"GB-0005-07-08.dw.png","1162","765","1203","790","1169","951","1234","870","1351","765","1298","1052","1341","1155","1338","1101","1443","1106","1415","1044","1515","1030","1573","974","1636","950","1466","1221","1557","1207","1721","1238","1797","1276","1843","1239","883","741"
"GB-0005-07-09.dw.png","1064","854","1114","878","1099","1040","1160","965","1260","839","1234","1125","1286","1221","1282","1175","1381","1159","1353","1107","1454","1084","1500","1023","1553","993","1420","1278","1508","1252","1681","1264","1753","1293","1792","1255","792","851"
"GB-0005-07-10.dw.png","970","872","1019","903","993","1053","1053","971","1171","855","1126","1133","1197","1247","1187","1193","1287","1181","1262","1126","1354","1105","1407","1045","1468","1012","1325","1303","1425","1280","1596","1297","1661","1330","1705","1296","687","873"
"GB-0005-07-11.dw.png","1039","827","1083","852","1051","1007","1119","932","1228","820","1170","1101","1221","1201","1218","1161","1329","1154","1299","1092","1408","1084","1463","1033","1520","1002","1356","1273","1445","1259","1627","1293","1695","1327","1740","1297","755","796"
"GB-0005-07-12.dw.png","929","780","969","811","929","962","996","891","1120","790","1042","1071","1078","1178","1084","1132","1186","1134","1166","1066","1272","1072","1332","1026","1399","1010","1202","1258","1300","1254","1461","1294","1527","1340","1569","1313","658","737"
"GB-0005-07-13.dw.png","928","779","971","813","928","963","997","893","1119","791","1044","1073","1083","1176","1083","1133","1190","1135","1165","1069","1270","1074","1335","1027","1399","1009","1198","1257","1299","1255","1460","1293","1526","1338","1571","1309","662","737"
"GB-0005-07-14.dw.png","1125","896","1165","914","1166","1081","1211","984","1316","855","1307","1148","1373","1241","1358","1193","1460","1168","1426","1118","1529","1090","1575","1021","1633","987","1512","1283","1598","1249","1780","1246","1851","1269","1889","1227","847","927"
"GB-0005-07-15.dw.png","1016","785","1057","810","1026","975","1101","897","1208","774","1147","1066","1205","1172","1200","1124","1300","1111","1275","1053","1384","1043","1441","987","1502","956","1330","1236","1431","1221","1600","1249","1668","1284","1716","1251","734","771"
"GB-0006-08-01.dw.png","1075","807","1121","836","1082","990","1154","919","1278","797","1211","1087","1261","1200","1266","1149","1368","1142","1343","1085","1447","1078","1503","1015","1570","992","1382","1263","1499","1256","1673","1291","1734","1330","1779","1291","796","771"
"GB-0006-08-02.dw.png","1103","771","1141","806","1096","958","1174","893","1302","791","1214","1077","1246","1181","1251","1131","1353","1137","1341","1084","1437","1079","1505","1029","1574","1006","1368","1268","1472","1264","1639","1320","1705","1366","1754","1338","838","711"
"GB-0006-08-03.dw.png","1058","735","1101","770","1058","914","1129","844","1259","743","1184","1019","1230","1125","1232","1081","1335","1077","1314","1016","1413","1011","1472","959","1537","931","1348","1198","1455","1190","1630","1220","1686","1259","1732","1227","784","702"
"GB-0006-08-04.dw.png","1143","829","1184","869","1125","1011","1211","958","1347","854","1247","1136","1286","1241","1287","1197","1390","1196","1381","1146","1486","1145","1551","1100","1614","1079","1398","1326","1506","1328","1669","1375","1726","1422","1777","1396","872","772"
"GB-0006-08-05.dw.png","1047","710","1095","748","1038","890","1119","824","1256","729","1171","1016","1209","1126","1215","1073","1320","1074","1294","999","1398","1006","1465","956","1532","935","1328","1196","1438","1191","1610","1227","1669","1270","1715","1234","766","658"
"GB-0006-08-06.dw.png","1029","874","1082","907","1050","1054","1117","982","1231","864","1177","1138","1240","1251","1233","1200","1325","1175","1308","1129","1419","1120","1475","1066","1537","1038","1365","1311","1465","1291","1637","1310","1717","1354","1758","1319","749","857"
"GB-0006-08-07.dw.png","1141","917","1193","955","1151","1102","1221","1027","1347","918","1281","1197","1332","1307","1331","1255","1435","1250","1415","1190","1526","1188","1580","1133","1644","1105","1467","1375","1567","1359","1733","1388","1805","1424","1850","1392","852","890"
"GB-0006-08-08.dw.png","968","688","1017","714","989","865","1052","788","1170","671","1132","959","1187","1056","1178","1007","1278","987","1260","943","1362","921","1413","865","1474","837","1310","1114","1409","1090","1578","1106","1646","1136","1693","1109","692","671"
"GB-0006-08-09.dw.png","1089","850","1136","877","1098","1023","1174","955","1287","830","1244","1124","1300","1223","1293","1174","1403","1162","1373","1104","1466","1086","1526","1024","1584","997","1425","1280","1530","1260","1717","1282","1770","1306","1810","1268","804","847"
"GB-0006-08-10.dw.png","1136","756","1175","795","1106","931","1195","891","1337","798","1209","1054","1234","1177","1248","1127","1348","1135","1339","1077","1447","1093","1514","1054","1580","1045","1351","1263","1447","1269","1608","1336","1665","1393","1719","1368","870","671"
"GB-0006-08-11.dw.png","990","770","1029","804","979","947","1056","884","1191","788","1096","1056","1139","1175","1142","1122","1237","1119","1224","1063","1327","1070","1388","1019","1456","996","1255","1252","1355","1250","1527","1292","1588","1338","1639","1306","719","718"
"GB-0006-08-12.dw.png","883","567","920","602","871","755","948","697","1079","585","978","863","1007","975","1019","927","1120","931","1108","877","1205","874","1269","831","1341","808","1123","1064","1229","1060","1399","1116","1454","1160","1505","1128","611","502"
"GB-0006-08-13.dw.png","941","739","980","764","948","918","1019","844","1136","720","1079","1009","1137","1117","1131","1068","1237","1050","1209","990","1315","980","1370","915","1434","890","1266","1176","1373","1154","1549","1172","1613","1203","1658","1166","652","723"
"GB-0006-08-14.dw.png","834","644","883","679","843","829","924","766","1046","645","974","925","1032","1039","1027","984","1123","969","1109","919","1217","911","1281","856","1338","832","1155","1099","1260","1083","1424","1106","1496","1147","1540","1113","554","622"
"GB-0007-09-01.dw.png","1050","955","1111","983","1083","1131","1148","1048","1238","931","1225","1208","1292","1311","1284","1262","1383","1241","1350","1176","1454","1161","1502","1095","1561","1063","1424","1354","1527","1328","1697","1331","1762","1353","1797","1312","775","963"
"GB-0007-09-02.dw.png","841","689","899","715","874","862","944","788","1040","658","1026","941","1094","1034","1083","990","1180","965","1151","914","1259","888","1303","822","1363","791","1224","1081","1320","1045","1499","1047","1563","1070","1605","1030","569","711"
"GB-0007-09-03.dw.png","1034","871","1081","897","1048","1044","1112","961","1227","855","1177","1132","1238","1240","1235","1190","1334","1174","1307","1116","1414","1114","1466","1056","1533","1025","1371","1306","1466","1289","1637","1313","1706","1347","1746","1314","754","848"
"GB-0007-09-04.dw.png","1089","710","1135","744","1085","889","1162","821","1282","721","1212","989","1255","1097","1252","1041","1351","1039","1336","985","1441","982","1498","925","1559","904","1378","1168","1478","1152","1633","1180","1702","1222","1746","1189","814","673"
"GB-0007-09-05.dw.png","1315","856","1365","893","1316","1034","1389","965","1511","860","1440","1126","1497","1245","1493","1190","1588","1180","1570","1123","1678","1123","1731","1063","1794","1041","1619","1307","1718","1292","1880","1314","1947","1348","1992","1316","1035","821"
"GB-0007-09-06.dw.png","1020","764","1066","799","1012","937","1097","878","1223","773","1136","1040","1186","1161","1185","1108","1280","1100","1265","1039","1371","1049","1427","995","1491","979","1297","1229","1397","1221","1554","1257","1622","1303","1675","1270","746","725"
"GB-0007-09-07.dw.png","966","471","1007","509","928","626","1022","591","1157","509","1034","751","1063","875","1074","821","1167","829","1163","775","1263","794","1327","748","1391","735","1169","961","1269","964","1419","1018","1474","1066","1521","1031","705","388"
"GB-0007-09-08.dw.png","903","771","955","801","908","951","984","879","1103","773","1037","1052","1084","1161","1083","1106","1182","1098","1162","1041","1264","1037","1327","979","1393","954","1199","1225","1307","1213","1469","1242","1531","1280","1575","1245","630","745"
"GB-0007-09-09.dw.png","981","632","1025","668","968","809","1051","758","1176","659","1077","919","1106","1029","1118","982","1214","983","1203","929","1305","940","1362","888","1423","875","1219","1109","1322","1110","1479","1160","1536","1203","1586","1174","720","561"
"GB-0007-09-10.dw.png","1233","964","1278","998","1240","1142","1308","1062","1428","963","1363","1232","1415","1343","1417","1294","1506","1278","1492","1225","1593","1221","1647","1168","1710","1142","1537","1405","1632","1387","1793","1417","1869","1457","1916","1430","953","931"
"GB-0007-09-11.dw.png","1031","796","1081","836","1022","982","1103","916","1230","823","1141","1096","1178","1203","1180","1154","1279","1158","1270","1096","1373","1102","1439","1051","1511","1036","1297","1285","1397","1279","1562","1320","1627","1366","1678","1335","756","736"
"GB-0007-09-12.dw.png","1170","722","1219","750","1194","904","1252","819","1364","711","1321","990","1373","1093","1370","1045","1464","1027","1450","977","1550","971","1606","914","1673","888","1504","1159","1601","1134","1765","1160","1836","1194","1878","1158","889","702"
"GB-0007-09-13.dw.png","905","710","953","742","915","888","977","806","1091","711","1030","980","1077","1092","1072","1035","1173","1033","1150","972","1258","974","1314","928","1375","905","1201","1164","1289","1149","1451","1183","1524","1226","1572","1195","633","680"
"GB-0007-09-14.dw.png","837","891","881","910","867","1051","933","981","1023","854","1012","1122","1085","1219","1068","1170","1156","1136","1132","1097","1231","1070","1271","999","1328","968","1208","1255","1300","1224","1466","1213","1538","1234","1573","1191","563","913"
"GB-0007-09-15.dw.png","913","753","955","783","920","935","993","866","1110","749","1051","1035","1101","1138","1102","1089","1187","1069","1167","1013","1276","1008","1334","957","1398","933","1220","1200","1328","1180","1475","1198","1545","1236","1592","1195","631","733"
"GB-0007-09-16.dw.png","1014","619","1056","649","1006","783","1089","731","1204","622","1134","883","1187","995","1186","948","1279","944","1262","884","1358","880","1413","824","1477","806","1306","1058","1401","1049","1562","1086","1623","1122","1673","1099","745","581"
"GB-0008-10-01.dw.png","944","783","995","816","957","968","1028","887","1141","775","1092","1051","1148","1147","1143","1098","1250","1093","1223","1037","1323","1024","1371","963","1431","934","1282","1203","1368","1180","1534","1196","1604","1229","1655","1193","670","787"
"GB-0008-10-02.dw.png","905","768","958","804","921","953","993","883","1107","768","1051","1050","1105","1154","1100","1099","1203","1091","1182","1039","1284","1027","1335","966","1400","945","1228","1216","1327","1195","1495","1222","1558","1253","1605","1218","635","765"
"GB-0008-10-03.dw.png","1016","603","1063","644","992","782","1080","720","1214","639","1099","902","1137","1023","1142","975","1246","987","1234","921","1336","936","1397","888","1468","871","1243","1112","1342","1116","1503","1174","1557","1217","1613","1195","747","534"
"GB-0008-10-04.dw.png","776","918","822","941","813","1087","867","1008","966","887","961","1162","1032","1249","1019","1204","1118","1187","1081","1133","1186","1115","1227","1048","1282","1021","1165","1292","1252","1261","1418","1274","1485","1298","1530","1263","506","951"
"GB-0008-10-05.dw.png","1032","792","1075","823","1033","976","1102","897","1230","797","1156","1065","1209","1174","1201","1120","1308","1117","1295","1070","1394","1062","1446","1000","1505","981","1327","1239","1423","1220","1598","1252","1662","1287","1712","1255","753","768"
"GB-0008-10-06.dw.png","887","732","937","762","897","909","967","828","1083","726","1028","1001","1093","1116","1087","1065","1194","1064","1167","1000","1268","993","1321","931","1384","907","1218","1182","1315","1164","1489","1195","1549","1228","1597","1197","610","726"
"GB-0008-10-07.dw.png","1082","703","1124","734","1069","874","1155","817","1273","725","1192","982","1238","1096","1236","1043","1341","1049","1322","984","1427","994","1483","942","1547","926","1352","1167","1455","1156","1605","1201","1670","1244","1725","1215","800","667"
"GB-0008-10-08.dw.png","1117","802","1169","828","1143","982","1206","892","1310","779","1277","1057","1355","1167","1342","1116","1445","1103","1414","1046","1517","1031","1567","969","1629","936","1481","1214","1586","1193","1748","1210","1816","1239","1863","1194","832","819"
"GB-0008-10-09.dw.png","1136","886","1183","917","1135","1062","1215","994","1328","893","1260","1158","1315","1273","1312","1217","1417","1220","1398","1160","1497","1159","1547","1103","1615","1080","1430","1341","1528","1323","1702","1368","1760","1400","1811","1368","862","869"
"GB-0008-10-10.dw.png","946","795","994","829","955","982","1031","911","1145","796","1084","1076","1144","1183","1134","1130","1240","1128","1216","1066","1318","1062","1371","1002","1435","978","1263","1249","1361","1230","1538","1265","1596","1297","1651","1264","668","778"
"GB-0008-10-11.dw.png","1011","789","1055","813","1016","967","1087","886","1204","778","1140","1054","1202","1156","1192","1107","1293","1101","1269","1056","1371","1037","1424","980","1484","957","1326","1219","1407","1199","1586","1226","1640","1252","1694","1224","733","773"
"GB-0008-10-12.dw.png","1138","881","1185","922","1134","1066","1213","995","1340","903","1250","1166","1299","1279","1294","1224","1397","1228","1383","1176","1482","1172","1539","1117","1606","1103","1416","1353","1503","1336","1674","1379","1729","1419","1781","1393","869","846"
"GB-0008-10-13.dw.png","1004","844","1051","881","989","1013","1080","965","1201","858","1119","1126","1168","1243","1165","1185","1266","1183","1253","1133","1361","1133","1420","1077","1484","1058","1277","1312","1379","1304","1546","1342","1611","1385","1666","1361","724","795"
"GB-0008-10-14.dw.png","1079","832","1117","865","1076","1022","1150","942","1273","832","1199","1122","1247","1224","1244","1177","1349","1179","1325","1116","1432","1109","1492","1057","1556","1033","1360","1293","1458","1280","1636","1318","1695","1351","1745","1323","799","805"
"GB-0008-10-15.dw.png","1055","684","1097","722","1035","868","1118","798","1246","712","1145","974","1187","1076","1186","1034","1286","1048","1274","986","1374","990","1435","944","1500","924","1297","1157","1393","1156","1551","1210","1613","1251","1666","1225","791","629"
"GB-0008-10-16.dw.png","1057","702","1094","733","1042","880","1123","805","1246","719","1162","979","1207","1087","1208","1036","1303","1040","1290","986","1391","992","1444","938","1508","923","1321","1158","1412","1147","1580","1195","1634","1232","1690","1208","792","670"
"GB-0009-11-01.dw.png","1110","870","1161","903","1117","1043","1195","978","1304","862","1253","1135","1314","1242","1309","1188","1405","1173","1389","1124","1488","1108","1541","1051","1598","1023","1440","1300","1538","1280","1709","1297","1771","1326","1816","1295","824","863"
"GB-0009-11-02.dw.png","836","578","875","615","811","758","901","698","1036","609","933","878","968","987","968","938","1074","949","1063","896","1165","905","1232","850","1296","837","1083","1078","1175","1072","1344","1129","1401","1173","1456","1150","560","518"
"GB-0009-11-03.dw.png","1017","592","1060","631","992","762","1085","714","1215","621","1119","893","1159","1008","1161","960","1263","969","1245","903","1348","912","1411","866","1483","852","1264","1085","1366","1086","1520","1140","1579","1184","1630","1154","740","538"
"GB-0009-11-04.dw.png","1123","816","1167","844","1136","1000","1213","928","1317","803","1279","1100","1334","1195","1328","1151","1425","1136","1410","1082","1504","1068","1556","1001","1612","973","1449","1252","1552","1235","1722","1259","1783","1288","1834","1254","840","795"
"GB-0009-11-05.dw.png","1204","875","1257","913","1215","1064","1295","995","1412","867","1352","1163","1412","1266","1407","1219","1522","1213","1491","1151","1602","1135","1655","1071","1712","1041","1541","1332","1645","1314","1824","1335","1883","1363","1931","1333","933","873"
"GB-0009-11-06.dw.png","922","887","972","926","923","1072","998","993","1121","893","1060","1184","1115","1295","1111","1245","1219","1243","1196","1183","1299","1179","1355","1119","1419","1091","1243","1367","1333","1355","1507","1383","1571","1418","1617","1381","644","859"
"GB-0009-11-07.dw.png","1133","800","1178","831","1136","986","1209","915","1328","810","1262","1092","1311","1197","1308","1149","1408","1146","1396","1091","1495","1086","1554","1024","1616","1003","1425","1270","1532","1258","1697","1293","1768","1332","1814","1292","855","760"
"GB-0009-11-08.dw.png","1017","747","1060","774","1025","926","1104","861","1212","740","1169","1033","1220","1139","1210","1083","1310","1069","1289","1018","1392","1008","1450","944","1513","916","1340","1195","1435","1178","1610","1205","1668","1236","1714","1199","736","722"
"GB-0009-11-09.dw.png","1135","865","1176","896","1132","1043","1212","978","1331","870","1263","1148","1315","1256","1314","1210","1417","1200","1398","1149","1499","1138","1553","1070","1613","1053","1436","1321","1535","1308","1706","1337","1760","1366","1810","1331","854","831"
"GB-0009-11-10.dw.png","1089","662","1124","709","1035","828","1125","782","1274","730","1119","952","1139","1084","1149","1035","1254","1067","1251","996","1356","1036","1431","1005","1495","996","1241","1191","1330","1207","1494","1292","1538","1345","1595","1325","833","542"
"GB-0009-11-11.dw.png","1105","742","1149","775","1093","915","1176","850","1306","751","1223","1019","1276","1136","1275","1086","1380","1085","1357","1021","1457","1019","1515","965","1578","941","1399","1210","1497","1195","1662","1232","1717","1264","1765","1239","827","712"
"GB-0009-11-12.dw.png","581","655","629","687","578","828","663","772","787","666","723","945","772","1056","769","1004","866","992","854","943","957","936","1010","878","1077","858","887","1124","991","1111","1154","1136","1221","1176","1269","1140","316","617"
"GB-0009-11-13.dw.png","1272","715","1313","748","1262","897","1340","824","1472","730","1384","1012","1426","1122","1421","1063","1526","1069","1518","1016","1617","1017","1682","967","1748","948","1542","1198","1639","1193","1807","1242","1869","1285","1918","1259","989","657"
"GB-0009-11-14.dw.png","1158","535","1205","575","1139","708","1224","651","1356","562","1267","829","1306","948","1307","899","1417","908","1399","846","1497","853","1559","803","1631","783","1423","1022","1516","1022","1684","1076","1742","1120","1790","1099","886","483"
"GB-0009-11-15.dw.png","952","629","995","661","951","810","1026","747","1149","635","1071","920","1121","1030","1117","982","1219","979","1204","922","1308","919","1369","861","1434","841","1238","1108","1333","1096","1500","1129","1559","1166","1611","1135","677","574"
"GB-0010-12-01.dw.png","899","750","943","781","888","923","971","865","1096","766","1011","1037","1063","1159","1060","1106","1167","1104","1148","1037","1255","1048","1315","998","1373","973","1180","1233","1275","1221","1453","1268","1513","1311","1564","1288","620","705"
"GB-0010-12-02.dw.png","961","848","1004","880","947","1019","1031","948","1149","857","1075","1124","1130","1233","1129","1192","1234","1186","1215","1132","1320","1126","1378","1071","1435","1046","1253","1308","1348","1299","1521","1333","1581","1372","1629","1348","684","809"
"GB-0010-12-03.dw.png","825","852","875","877","863","1032","916","943","1020","829","995","1104","1065","1205","1053","1159","1155","1136","1129","1089","1239","1072","1280","1007","1336","966","1197","1255","1291","1231","1481","1235","1538","1261","1582","1227","552","868"
"GB-0010-12-04.dw.png","1143","927","1190","951","1179","1105","1234","1016","1334","896","1313","1172","1386","1274","1376","1226","1472","1194","1447","1145","1551","1124","1597","1058","1651","1020","1517","1324","1606","1291","1799","1287","1859","1309","1901","1272","861","959"
"GB-0010-12-05.dw.png","949","888","998","914","985","1075","1041","986","1142","865","1111","1145","1181","1246","1172","1196","1273","1169","1249","1118","1350","1101","1396","1031","1456","1006","1312","1294","1404","1263","1599","1268","1658","1288","1697","1251","661","908"
"GB-0010-12-06.dw.png","1084","735","1123","770","1074","915","1146","843","1276","755","1182","1025","1219","1134","1219","1080","1326","1092","1312","1033","1414","1038","1478","984","1538","966","1322","1212","1425","1213","1605","1266","1651","1302","1704","1274","811","684"
"GB-0010-12-07.dw.png","873","1003","923","1025","888","1167","960","1094","1068","983","1036","1262","1104","1366","1093","1316","1199","1302","1172","1240","1277","1229","1325","1167","1381","1139","1228","1420","1336","1396","1511","1414","1575","1440","1618","1409","594","1002"
"GB-0010-12-08.dw.png","1078","646","1111","676","1047","819","1131","764","1257","680","1141","927","1170","1041","1178","996","1275","1017","1263","953","1362","971","1425","930","1494","921","1267","1129","1371","1140","1508","1197","1571","1253","1622","1233","816","557"
"GB-0010-12-09.dw.png","1063","561","1102","597","1032","736","1124","692","1258","604","1147","870","1183","992","1191","943","1292","953","1288","898","1391","911","1457","867","1523","847","1295","1082","1390","1084","1564","1151","1625","1203","1671","1179","796","479"
"GB-0010-12-10.dw.png","945","570","995","607","953","765","1025","684","1148","579","1071","858","1127","978","1123","924","1223","914","1206","859","1314","856","1375","805","1450","789","1246","1048","1340","1033","1527","1083","1588","1122","1636","1092","657","531"
"GB-0010-12-11.dw.png","1068","626","1106","662","1039","800","1126","734","1256","660","1153","924","1194","1048","1195","996","1302","997","1293","944","1398","954","1462","905","1528","886","1315","1136","1400","1130","1577","1192","1640","1241","1691","1218","786","539"
"GB-0010-12-12.dw.png","1011","525","1035","572","935","692","1030","659","1184","619","1004","836","996","953","1016","911","1114","940","1118","886","1220","935","1297","913","1364","916","1072","1069","1167","1098","1315","1215","1355","1274","1413","1266","775","379"
"GB-0010-12-13.dw.png","1012","932","1054","956","1024","1111","1088","1023","1202","916","1159","1199","1213","1303","1209","1254","1309","1239","1289","1185","1393","1172","1448","1109","1507","1079","1339","1361","1436","1345","1625","1363","1690","1395","1731","1356","720","921"
"GB-0010-12-14.dw.png","1242","863","1289","896","1246","1048","1321","975","1443","872","1372","1139","1427","1255","1427","1209","1528","1200","1507","1140","1619","1145","1675","1088","1737","1063","1553","1328","1652","1318","1844","1362","1894","1391","1940","1364","959","841"
"GB-0010-12-15.dw.png","914","1028","961","1059","915","1195","998","1141","1110","1029","1045","1298","1107","1416","1102","1369","1202","1355","1181","1295","1289","1295","1345","1241","1404","1213","1221","1481","1324","1473","1501","1503","1564","1540","1610","1512","637","1003"
"GB-0011-13-01.dw.png","876","724","921","755","879","901","960","834","1080","720","1012","1003","1064","1111","1060","1059","1166","1052","1146","996","1249","987","1306","932","1372","909","1189","1170","1291","1162","1463","1194","1517","1228","1570","1197","601","713"
"GB-0011-13-02.dw.png","780","495","822","531","771","682","850","614","979","513","890","793","930","900","930","851","1038","856","1024","799","1124","794","1189","738","1253","724","1049","974","1157","976","1332","1022","1388","1062","1439","1031","495","441"
"GB-0011-13-03.dw.png","917","844","961","879","904","1026","984","953","1103","856","1022","1129","1058","1239","1060","1191","1162","1198","1154","1152","1252","1142","1317","1086","1379","1069","1173","1314","1272","1317","1442","1369","1492","1407","1544","1373","635","795"
"GB-0011-13-04.dw.png","1047","907","1101","931","1076","1074","1143","992","1236","864","1227","1153","1298","1243","1278","1194","1388","1170","1352","1121","1455","1092","1498","1029","1550","997","1423","1287","1518","1253","1696","1253","1753","1276","1792","1244","783","947"
"GB-0011-13-05.dw.png","1178","722","1224","757","1164","907","1247","840","1368","742","1267","1001","1306","1122","1306","1067","1419","1081","1407","1026","1505","1024","1568","974","1625","961","1425","1202","1529","1202","1694","1259","1743","1298","1792","1271","899","660"
"GB-0011-13-06.dw.png","1299","687","1340","721","1275","860","1364","801","1491","707","1396","978","1442","1095","1443","1041","1540","1043","1524","975","1628","982","1694","935","1760","922","1553","1170","1649","1161","1805","1202","1865","1245","1920","1219","1025","630"
"GB-0011-13-07.dw.png","1081","656","1127","691","1079","851","1150","768","1278","677","1188","950","1227","1056","1228","1010","1333","1012","1318","956","1421","954","1485","899","1545","885","1340","1132","1441","1130","1607","1180","1662","1220","1717","1196","810","623"
"GB-0011-13-08.dw.png","920","555","966","583","917","735","1002","670","1114","549","1051","838","1103","942","1097","891","1201","880","1179","822","1290","820","1349","760","1413","739","1214","1009","1325","998","1497","1021","1567","1060","1617","1028","643","537"
"GB-0011-13-09.dw.png","1115","824","1161","863","1099","1009","1184","941","1308","845","1218","1118","1252","1226","1256","1178","1361","1185","1348","1136","1454","1129","1513","1077","1577","1059","1368","1305","1479","1309","1649","1357","1703","1397","1760","1368","834","782"
"GB-0011-13-10.dw.png","1134","658","1172","700","1104","846","1188","782","1326","704","1200","964","1227","1080","1233","1029","1341","1048","1335","1000","1441","1006","1511","957","1574","944","1330","1167","1440","1182","1614","1253","1663","1296","1720","1274","859","572"
"GB-0011-13-11.dw.png","1460","595","1480","644","1370","761","1472","726","1633","689","1436","903","1421","1028","1444","977","1536","1030","1553","968","1651","1018","1728","994","1794","1006","1490","1144","1591","1185","1733","1305","1766","1366","1829","1357","1224","426"
"GB-0011-13-12.dw.png","1116","457","1140","509","1023","621","1127","606","1285","556","1085","761","1072","886","1102","844","1188","880","1202","819","1293","869","1377","849","1443","862","1141","996","1241","1035","1368","1138","1417","1210","1475","1202","893","308"
"GB-0011-13-13.dw.png","888","620","927","654","867","795","954","751","1086","646","983","914","1018","1029","1021","975","1124","989","1107","920","1213","935","1277","878","1343","866","1135","1112","1240","1116","1408","1170","1458","1209","1507","1180","626","569"
"GB-0011-13-14.dw.png","930","473","964","506","899","651","992","616","1126","503","1010","782","1036","892","1044","842","1146","861","1135","799","1236","809","1308","757","1374","747","1152","985","1255","991","1411","1051","1464","1097","1518","1071","661","398"
"GB-0012-14-01.dw.png","837","573","872","615","796","763","883","691","1031","619","892","877","920","1006","930","961","1031","982","1026","907","1127","930","1202","890","1268","888","1016","1106","1118","1126","1281","1196","1332","1247","1386","1226","571","472"
"GB-0012-14-02.dw.png","1163","655","1197","699","1109","848","1202","792","1351","724","1196","979","1209","1107","1223","1054","1324","1090","1323","1013","1422","1051","1497","1019","1566","1019","1301","1216","1398","1239","1553","1331","1596","1382","1650","1369","914","545"
"GB-0012-14-03.dw.png","1254","491","1283","539","1179","657","1282","633","1443","576","1259","817","1258","931","1278","889","1385","942","1389","872","1481","906","1562","875","1641","889","1343","1050","1447","1085","1604","1195","1642","1249","1698","1241","1017","343"
"GB-0012-14-04.dw.png","1232","438","1258","489","1144","597","1249","580","1414","536","1212","759","1203","876","1227","834","1325","889","1339","824","1430","867","1512","844","1587","858","1283","1001","1379","1045","1529","1162","1564","1220","1622","1216","1006","270"
"GB-0012-14-05.dw.png","1129","515","1154","566","1040","667","1147","663","1301","607","1105","827","1092","955","1119","913","1211","957","1224","884","1320","941","1396","925","1468","937","1170","1078","1262","1119","1399","1236","1435","1299","1498","1295","912","354"
"GB-0012-14-06.dw.png","1086","527","1110","570","1006","703","1106","663","1262","611","1073","839","1067","964","1088","917","1186","968","1194","887","1288","937","1368","914","1443","930","1147","1080","1243","1117","1383","1216","1424","1280","1481","1274","857","385"
"GB-0012-14-07.dw.png","766","499","801","537","731","679","820","623","954","539","839","805","864","911","872","868","973","880","961","817","1065","833","1131","789","1200","785","959","1000","1066","1011","1234","1075","1284","1121","1337","1099","508","420"
"GB-0012-14-08.dw.png","954","543","985","593","896","725","991","673","1143","604","984","857","995","982","1013","936","1117","971","1112","892","1213","930","1288","893","1362","896","1099","1093","1199","1117","1357","1205","1398","1252","1456","1239","699","425"
"GB-0012-14-09.dw.png","1202","455","1227","509","1119","635","1222","592","1371","555","1188","783","1176","899","1199","853","1295","898","1305","837","1398","875","1475","845","1544","848","1250","1011","1352","1050","1502","1169","1537","1229","1595","1215","966","296"
"GB-0012-14-10.dw.png","1145","577","1175","617","1089","759","1182","707","1332","643","1178","892","1191","1019","1209","976","1308","1007","1306","932","1406","962","1482","928","1552","928","1292","1127","1389","1146","1549","1235","1596","1289","1652","1269","892","464"
"GB-0012-14-11.dw.png","1128","567","1155","612","1056","737","1153","689","1313","639","1135","884","1136","1003","1156","957","1254","991","1258","927","1361","963","1439","931","1512","935","1220","1109","1318","1145","1482","1253","1523","1306","1582","1287","884","430"
"GB-0012-14-12.dw.png","1065","469","1106","505","1046","659","1129","589","1256","500","1156","770","1190","890","1197","841","1309","857","1297","794","1394","797","1460","742","1528","729","1304","971","1412","978","1593","1045","1645","1084","1688","1049","788","406"
"GB-0012-14-13.dw.png","1088","643","1120","686","1035","827","1128","780","1275","705","1121","958","1134","1083","1147","1038","1245","1063","1243","990","1348","1026","1425","992","1493","998","1227","1184","1326","1210","1492","1304","1533","1356","1585","1341","832","526"
"GB-0012-14-14.dw.png","1169","450","1193","503","1087","637","1186","589","1339","551","1153","781","1147","902","1166","866","1267","910","1273","846","1368","882","1445","854","1513","863","1225","1023","1319","1061","1471","1183","1509","1245","1563","1228","937","295"
"GB-0012-14-15.dw.png","970","506","1010","538","963","706","1042","629","1167","527","1078","815","1115","927","1121","883","1228","889","1206","816","1313","827","1379","772","1448","758","1227","1008","1338","1013","1512","1065","1566","1103","1617","1079","703","449"
"GB-0013-16-01.dw.png","1048","491","1086","524","1015","663","1109","609","1239","512","1141","793","1182","910","1179","858","1288","875","1271","798","1374","813","1440","760","1508","743","1288","991","1390","997","1565","1051","1617","1088","1672","1058","774","413"
"GB-0013-16-02.dw.png","1237","424","1278","470","1197","619","1291","548","1427","477","1309","750","1330","869","1340","821","1452","847","1443","772","1545","790","1615","742","1680","732","1441","968","1541","981","1715","1056","1762","1102","1815","1068","966","335"
"GB-0013-16-03.dw.png","989","624","1025","658","965","810","1053","746","1183","642","1090","929","1126","1045","1127","988","1238","1004","1218","932","1320","940","1384","886","1457","868","1236","1123","1334","1124","1508","1171","1570","1212","1628","1183","712","570"
"GB-0013-16-04.dw.png","1087","517","1103","559","995","664","1095","637","1249","608","1052","804","1044","930","1067","889","1155","938","1168","872","1255","911","1330","889","1392","903","1115","1045","1197","1074","1331","1193","1366","1252","1422","1244","850","371"
"GB-0013-16-05.dw.png","1358","445","1387","501","1286","632","1384","581","1532","536","1360","774","1360","887","1377","847","1478","891","1482","819","1578","853","1651","818","1714","822","1448","999","1538","1032","1684","1136","1726","1189","1787","1175","1112","316"
"GB-0013-16-06.dw.png","1259","461","1286","505","1195","636","1289","594","1439","528","1271","777","1271","895","1293","849","1391","889","1397","822","1490","855","1566","818","1642","817","1361","1007","1455","1029","1608","1124","1646","1174","1704","1160","1011","334"
"GB-0013-16-07.dw.png","1103","475","1124","516","1016","640","1118","614","1274","555","1082","791","1071","917","1095","863","1192","913","1201","840","1294","885","1373","864","1451","877","1148","1035","1241","1071","1384","1180","1421","1238","1484","1230","869","310"
"GB-0013-16-08.dw.png","1124","455","1139","498","1024","600","1128","591","1286","558","1081","765","1069","892","1092","844","1181","889","1198","829","1284","877","1366","853","1438","865","1137","1005","1227","1047","1359","1154","1393","1211","1459","1207","898","284"
"GB-0013-16-09.dw.png","1125","378","1144","429","1020","523","1124","512","1281","483","1065","676","1046","805","1074","763","1162","822","1180","759","1265","807","1347","790","1414","804","1112","918","1195","970","1320","1096","1356","1163","1413","1159","910","202"
"GB-0013-16-11.dw.png","1298","501","1315","558","1192","646","1295","650","1460","620","1244","823","1228","941","1253","896","1339","958","1355","892","1444","941","1526","919","1597","936","1290","1068","1376","1111","1503","1234","1539","1298","1597","1294","1084","324"
"GB-0013-16-12.dw.png","776","375","818","413","751","554","837","495","972","407","867","682","902","796","906","746","1017","765","1001","697","1099","703","1162","650","1230","628","1009","876","1110","881","1280","936","1329","975","1386","950","512","304"
"GB-0013-16-13.dw.png","1143","567","1181","616","1097","753","1189","698","1327","626","1188","884","1203","1002","1215","958","1322","995","1318","916","1412","942","1484","901","1549","894","1303","1103","1399","1127","1565","1214","1607","1258","1658","1233","886","459"
"GB-0013-16-14.dw.png","1079","608","1103","650","995","768","1092","744","1251","692","1056","922","1045","1034","1069","995","1167","1049","1172","975","1265","1020","1345","991","1413","1003","1129","1161","1217","1197","1348","1302","1379","1352","1440","1349","853","455"
"GB-0014-17-01.dw.png","1184","667","1218","728","1117","829","1215","807","1354","757","1196","973","1199","1084","1217","1044","1309","1083","1317","1021","1407","1054","1480","1019","1540","1022","1288","1203","1384","1228","1519","1327","1560","1379","1611","1365","957","531"
"GB-0014-17-02.dw.png","1010","520","1042","574","930","676","1037","660","1195","609","1007","833","1008","954","1027","909","1124","951","1125","872","1227","917","1304","897","1370","902","1095","1073","1186","1099","1320","1200","1361","1258","1423","1253","770","377"
"GB-0014-17-03.dw.png","1330","614","1360","664","1263","769","1360","756","1500","704","1338","917","1341","1041","1360","1000","1455","1034","1461","968","1552","1007","1621","978","1685","978","1426","1155","1518","1183","1657","1279","1695","1332","1751","1328","1099","481"
"GB-0014-17-04.dw.png","1090","548","1120","603","1016","720","1115","681","1272","635","1089","868","1089","982","1109","939","1208","978","1208","913","1305","949","1386","920","1451","924","1173","1097","1265","1128","1401","1226","1445","1286","1507","1276","848","407"
"GB-0014-17-05.dw.png","1319","544","1343","600","1218","695","1331","676","1490","650","1281","859","1265","973","1291","934","1384","974","1399","925","1489","970","1573","952","1642","962","1340","1096","1430","1143","1559","1260","1591","1320","1651","1324","1095","382"
"GB-0014-17-06.dw.png","1137","574","1177","623","1084","753","1182","701","1329","635","1189","894","1210","1002","1221","961","1324","989","1314","922","1420","942","1498","904","1557","898","1314","1107","1412","1123","1558","1203","1609","1246","1667","1227","877","466"
"GB-0014-17-07.dw.png","1222","668","1257","713","1170","836","1262","794","1396","724","1253","958","1271","1083","1285","1036","1384","1061","1387","1002","1481","1028","1552","992","1616","985","1369","1187","1469","1210","1608","1279","1656","1335","1711","1311","972","553"
"GB-0014-17-08.dw.png","1270","531","1296","591","1173","676","1282","667","1440","634","1236","841","1229","962","1249","921","1341","967","1356","913","1446","954","1527","930","1598","938","1303","1087","1390","1125","1517","1234","1554","1298","1613","1296","1047","361"
"GB-0014-17-09.dw.png","1065","520","1096","575","977","669","1086","652","1245","622","1049","831","1042","954","1067","911","1157","949","1169","881","1261","931","1343","911","1408","924","1116","1074","1210","1109","1341","1213","1381","1277","1439","1268","842","368"
"GB-0014-17-10.dw.png","1143","641","1173","697","1078","819","1173","789","1322","721","1162","960","1170","1080","1190","1037","1284","1069","1285","1001","1380","1032","1456","1001","1525","1003","1258","1192","1354","1214","1496","1301","1541","1356","1599","1344","898","515"
"GB-0014-17-11.dw.png","1211","527","1237","588","1126","682","1225","667","1366","638","1187","832","1179","946","1201","903","1286","950","1297","893","1385","937","1460","915","1523","925","1244","1054","1335","1098","1460","1217","1492","1277","1547","1277","1001","371"
"GB-0014-17-12.dw.png","995","541","1035","595","952","712","1043","666","1179","603","1050","840","1074","957","1086","912","1184","933","1176","871","1273","891","1336","845","1399","834","1180","1052","1273","1068","1421","1141","1472","1192","1525","1176","748","448"
"GB-0014-17-13.dw.png","1163","528","1190","584","1078","689","1177","662","1338","626","1139","837","1133","951","1154","910","1245","944","1259","896","1352","937","1433","914","1500","923","1211","1074","1298","1109","1440","1220","1469","1271","1528","1268","932","374"
"GB-0014-17-14.dw.png","1059","497","1079","558","966","651","1065","623","1214","606","1017","800","1002","919","1024","876","1110","921","1122","869","1213","912","1289","892","1355","904","1068","1039","1149","1078","1270","1190","1305","1251","1362","1252","846","327"
"GB-0014-17-15.dw.png","1120","457","1140","518","1023","604","1125","598","1279","577","1080","769","1071","886","1093","846","1181","893","1193","832","1284","879","1358","858","1423","868","1143","1007","1222","1047","1352","1165","1388","1234","1446","1236","905","293"
"GB-0015-19-02.dw.png","1117","887","1162","924","1116","1076","1185","1004","1313","894","1232","1173","1275","1285","1278","1237","1393","1243","1370","1174","1472","1175","1529","1112","1595","1087","1402","1356","1505","1349","1677","1381","1744","1423","1792","1396","845","845"
"GB-0015-19-03.dw.png","1105","640","1138","685","1050","803","1144","770","1298","701","1148","950","1166","1071","1176","1027","1281","1047","1281","990","1382","1012","1452","973","1514","971","1264","1172","1352","1188","1516","1268","1563","1328","1615","1321","851","518"
"GB-0015-19-04.dw.png","800","560","841","601","769","738","863","691","1006","594","888","876","921","991","923","940","1044","959","1028","888","1128","898","1202","844","1271","829","1030","1075","1138","1077","1304","1128","1364","1177","1425","1155","532","493"
"GB-0015-19-05.dw.png","1086","849","1141","884","1111","1032","1184","961","1294","826","1270","1134","1326","1233","1317","1185","1431","1170","1396","1109","1492","1084","1546","1015","1607","983","1458","1281","1550","1260","1732","1269","1795","1298","1846","1265","809","857"
"GB-0015-19-06.dw.png","975","889","1023","922","974","1062","1054","999","1175","881","1114","1181","1165","1286","1159","1232","1275","1227","1254","1165","1355","1157","1416","1090","1480","1067","1296","1350","1394","1335","1569","1361","1639","1397","1686","1372","698","861"
"GB-0015-19-07.dw.png","1147","537","1167","588","1058","683","1154","669","1312","637","1115","831","1102","951","1126","916","1219","962","1233","904","1320","943","1398","922","1463","931","1184","1075","1264","1106","1393","1218","1428","1275","1487","1281","934","380"
"GB-0015-19-08.dw.png","1099","485","1124","537","1020","635","1119","627","1285","580","1092","794","1087","920","1106","876","1212","923","1222","856","1315","896","1392","865","1461","871","1168","1037","1265","1070","1410","1175","1446","1237","1507","1231","870","327"
"GB-0015-19-09.dw.png","1181","536","1208","590","1094","704","1203","674","1369","630","1167","866","1163","987","1183","937","1288","984","1294","918","1398","951","1478","924","1550","934","1245","1098","1345","1124","1491","1232","1528","1293","1592","1285","936","393"
"GB-0015-19-10.dw.png","1236","669","1268","713","1189","855","1274","802","1421","731","1275","980","1287","1102","1302","1050","1401","1083","1401","1015","1496","1045","1569","1001","1642","1005","1382","1199","1474","1216","1633","1303","1683","1359","1734","1341","977","557"
"GB-0015-19-11.dw.png","1069","712","1114","745","1067","893","1146","827","1269","713","1207","1004","1253","1106","1253","1059","1366","1057","1338","988","1441","983","1499","918","1557","893","1384","1168","1481","1156","1654","1185","1712","1217","1760","1188","794","689"
"GB-0015-19-12.dw.png","1173","453","1201","508","1095","629","1196","601","1358","550","1165","775","1161","894","1179","848","1278","889","1282","829","1382","869","1462","840","1530","848","1240","1012","1332","1044","1474","1144","1513","1205","1576","1196","935","305"
"GB-0015-19-13.dw.png","1378","459","1400","509","1286","631","1385","603","1544","563","1342","778","1332","893","1352","853","1450","906","1462","846","1553","883","1634","851","1701","862","1399","1014","1493","1050","1628","1161","1667","1230","1727","1228","1146","288"
"GB-0015-19-14.dw.png","1157","422","1177","474","1067","578","1161","558","1326","531","1119","737","1105","859","1129","820","1219","867","1233","800","1320","848","1404","825","1478","839","1177","981","1264","1015","1397","1135","1431","1200","1489","1203","945","256"
"GB-0015-19-15.dw.png","1084","557","1104","612","989","713","1090","701","1258","672","1044","867","1031","991","1053","953","1151","1004","1167","933","1254","985","1335","967","1403","979","1103","1112","1190","1152","1320","1268","1351","1335","1412","1342","871","380"
"GB-0016-20-01.dw.png","564","1300","617","1280","715","1400","712","1297","672","1145","860","1348","981","1368","938","1340","981","1258","934","1244","978","1156","957","1077","975","1013","1099","1307","1144","1219","1258","1099","1328","1060","1319","1004","381","1512"
"GB-0016-20-02.dw.png","1200","421","1222","477","1098","570","1200","567","1358","530","1140","728","1122","856","1148","819","1236","867","1259","802","1347","856","1428","847","1495","864","1186","985","1265","1023","1394","1148","1427","1216","1490","1211","991","236"
"GB-0016-20-03.dw.png","1172","438","1186","497","1056","575","1158","579","1319","576","1087","739","1058","855","1087","819","1165","890","1189","817","1266","883","1351","869","1417","893","1110","986","1184","1042","1297","1173","1321","1236","1381","1239","985","245"
"GB-0016-20-04.dw.png","1187","589","1206","647","1081","733","1187","730","1335","708","1123","897","1099","1006","1129","961","1216","1023","1235","957","1319","1020","1401","1001","1466","1022","1162","1126","1247","1175","1365","1301","1395","1364","1458","1364","987","402"
"GB-0016-20-05.dw.png","1174","504","1195","553","1081","665","1183","637","1335","608","1131","814","1111","925","1137","884","1232","933","1243","873","1335","928","1415","906","1477","919","1185","1047","1267","1083","1394","1204","1429","1274","1488","1276","952","331"
"GB-0016-20-06.dw.png","951","358","984","397","896","538","992","478","1134","414","988","657","1012","793","1024","736","1122","761","1117","700","1221","719","1293","681","1364","679","1105","888","1206","898","1359","982","1411","1031","1469","1005","682","250"
"GB-0016-20-07.dw.png","1216","401","1231","453","1103","547","1206","539","1359","525","1133","691","1105","811","1132","774","1218","836","1245","774","1320","842","1402","828","1460","846","1160","945","1236","991","1350","1129","1374","1204","1434","1204","1024","191"
"GB-0016-20-08.dw.png","1115","539","1149","593","1052","706","1146","680","1293","613","1130","838","1134","964","1155","913","1246","954","1251","882","1343","920","1417","886","1484","892","1221","1075","1310","1094","1456","1185","1505","1253","1558","1233","866","417"
"GB-0016-20-09.dw.png","1087","409","1108","456","987","566","1088","551","1244","510","1037","713","1019","844","1044","799","1134","846","1153","784","1241","834","1321","815","1389","831","1081","954","1165","992","1297","1100","1335","1170","1390","1169","874","237"
"GB-0016-20-10.dw.png","1128","529","1158","579","1048","695","1154","681","1306","614","1124","849","1119","970","1146","929","1240","955","1252","884","1345","931","1417","907","1487","916","1200","1079","1297","1107","1441","1207","1483","1267","1541","1254","890","388"
"GB-0016-20-11.dw.png","1161","538","1183","593","1057","694","1169","668","1320","643","1104","843","1079","953","1110","915","1199","969","1221","906","1313","968","1394","946","1455","957","1153","1081","1236","1125","1361","1249","1396","1318","1454","1315","939","365"
"GB-0016-20-12.dw.png","999","569","1030","619","927","741","1028","710","1177","648","1003","883","1009","1009","1028","966","1123","1002","1129","925","1227","974","1303","943","1367","948","1100","1125","1188","1150","1333","1246","1377","1306","1431","1292","752","436"
"GB-0016-20-13.dw.png","1144","551","1170","610","1056","711","1156","694","1322","659","1120","872","1110","990","1138","955","1222","997","1235","931","1326","978","1412","947","1474","959","1182","1111","1274","1152","1406","1253","1449","1321","1504","1302","920","395"
"GB-0016-20-14.dw.png","1030","470","1071","518","986","641","1086","601","1227","516","1109","781","1136","902","1148","848","1248","868","1237","802","1334","818","1406","765","1471","754","1245","994","1351","1003","1507","1059","1563","1107","1615","1079","760","397"
"GB-0016-20-15.dw.png","1085","395","1107","448","988","558","1092","536","1250","495","1051","712","1038","832","1064","788","1155","833","1172","763","1257","810","1339","788","1404","804","1110","948","1198","983","1336","1103","1375","1168","1427","1157","854","222"
"GB-0017-21-02.dw.png","1355","561","1378","610","1268","706","1373","698","1530","655","1339","874","1337","1000","1355","958","1454","993","1462","929","1556","967","1636","939","1705","941","1416","1113","1505","1139","1653","1246","1688","1305","1746","1305","1133","411"
"GB-0017-21-03.dw.png","1317","469","1330","522","1202","611","1304","588","1455","587","1232","754","1202","867","1233","837","1306","896","1331","829","1407","886","1485","883","1551","906","1254","996","1329","1051","1432","1184","1458","1244","1509","1248","1136","277"
"GB-0017-21-04.dw.png","1114","541","1143","595","1043","723","1139","672","1288","623","1114","853","1114","975","1135","935","1233","985","1235","908","1325","944","1401","913","1470","915","1203","1096","1291","1130","1431","1231","1472","1284","1526","1271","875","397"
"GB-0017-21-05.dw.png","925","508","960","538","896","687","977","626","1108","542","1004","807","1033","916","1041","871","1143","892","1125","813","1224","830","1288","784","1357","775","1148","1007","1245","1016","1401","1078","1448","1114","1504","1095","661","436"
"GB-0017-21-06.dw.png","962","503","1001","550","915","684","1010","629","1155","561","1018","820","1041","928","1052","889","1151","904","1153","847","1249","862","1319","820","1386","807","1141","1026","1236","1041","1390","1117","1447","1168","1500","1148","707","407"
"GB-0017-21-07.dw.png","994","526","1032","581","922","687","1025","661","1175","615","1006","837","1014","966","1027","922","1129","954","1133","892","1227","923","1305","895","1374","897","1104","1080","1190","1108","1337","1212","1380","1270","1438","1260","759","395"
"GB-0017-21-08.dw.png","1115","471","1135","533","1014","604","1116","604","1272","591","1061","771","1044","905","1069","864","1160","915","1172","852","1264","912","1345","897","1409","909","1107","1034","1190","1078","1313","1198","1347","1270","1403","1276","914","288"
"GB-0017-21-09.dw.png","950","537","970","588","844","675","956","666","1107","637","904","840","887","962","913","919","1003","966","1019","911","1109","958","1190","938","1255","947","956","1087","1044","1126","1166","1240","1204","1309","1261","1307","737","361"
"GB-0017-21-10.dw.png","1248","420","1267","471","1143","564","1247","569","1409","544","1196","741","1178","854","1202","819","1288","864","1304","810","1393","863","1470","850","1533","863","1237","981","1323","1022","1445","1138","1477","1206","1535","1207","1045","240"
"GB-0017-21-11.dw.png","1234","511","1256","560","1140","689","1240","646","1398","614","1197","834","1179","949","1207","909","1297","958","1306","892","1395","928","1475","909","1546","920","1249","1065","1342","1111","1467","1228","1496","1285","1557","1277","1004","353"
"GB-0017-21-12.dw.png","899","544","941","585","870","720","960","657","1094","572","994","849","1027","956","1033","905","1135","912","1128","850","1226","864","1291","812","1355","790","1144","1043","1242","1042","1404","1086","1465","1139","1516","1108","631","477"
"GB-0017-21-13.dw.png","949","629","1004","674","934","799","1023","741","1152","650","1074","921","1128","1042","1128","990","1229","982","1214","928","1317","929","1378","876","1439","855","1244","1115","1348","1104","1513","1140","1585","1190","1633","1164","678","582"
"GB-0017-21-14.dw.png","894","625","935","658","888","802","974","750","1095","640","1026","921","1067","1027","1073","979","1181","985","1160","915","1259","910","1317","854","1376","830","1196","1097","1291","1085","1458","1114","1521","1154","1571","1126","624","580"
"GB-0018-22-01.dw.png","956","586","998","620","961","777","1029","701","1144","596","1072","868","1118","986","1117","929","1223","937","1208","880","1304","877","1358","820","1422","802","1226","1055","1334","1049","1501","1090","1568","1130","1612","1094","672","540"
"GB-0018-22-02.dw.png","1181","593","1208","648","1101","772","1198","737","1357","680","1172","906","1175","1035","1193","988","1294","1032","1297","961","1392","1005","1466","969","1538","975","1253","1140","1350","1171","1490","1269","1534","1331","1597","1324","926","446"
"GB-0018-22-03.dw.png","1174","410","1201","453","1096","569","1196","537","1345","487","1175","710","1175","833","1198","785","1283","812","1292","762","1385","789","1463","763","1530","769","1247","929","1351","955","1482","1041","1531","1102","1591","1099","930","272"
"GB-0018-22-04.dw.png","1201","508","1228","558","1123","656","1223","639","1367","584","1191","794","1188","922","1212","872","1307","908","1316","850","1405","899","1477","866","1543","874","1271","1025","1358","1051","1498","1156","1541","1218","1598","1206","958","359"
"GB-0018-22-05.dw.png","992","622","1027","668","929","798","1030","755","1181","694","1017","932","1025","1060","1041","1007","1143","1038","1144","983","1242","1005","1319","971","1387","972","1121","1162","1214","1179","1369","1274","1423","1333","1478","1322","732","508"
"GB-0018-22-06.dw.png","1037","435","1057","487","934","580","1046","565","1207","544","995","743","984","868","1006","816","1099","869","1116","811","1205","858","1284","846","1354","859","1055","988","1139","1025","1273","1144","1304","1205","1366","1203","805","261"
"GB-0018-22-07.dw.png","1278","554","1304","593","1210","728","1308","681","1458","624","1291","864","1294","984","1311","941","1416","985","1413","907","1514","939","1592","910","1661","913","1387","1094","1487","1125","1632","1216","1681","1276","1739","1265","1021","410"
"GB-0018-22-08.dw.png","1080","510","1114","550","1041","682","1128","631","1266","559","1136","810","1158","920","1169","873","1264","894","1264","836","1363","849","1430","806","1489","799","1256","1013","1358","1028","1508","1098","1562","1152","1616","1140","821","411"
"GB-0018-22-09.dw.png","1204","582","1228","627","1124","748","1222","709","1373","665","1194","886","1195","1021","1218","965","1307","998","1315","944","1407","983","1480","950","1552","958","1277","1117","1360","1143","1498","1243","1547","1311","1606","1297","955","436"
"GB-0018-22-10.dw.png","1146","677","1184","709","1119","853","1202","789","1346","703","1239","984","1278","1094","1280","1053","1389","1064","1375","998","1477","1004","1549","949","1612","930","1393","1177","1494","1184","1660","1241","1723","1291","1781","1264","859","597"
"GB-0018-22-11.dw.png","939","719","977","754","915","899","999","842","1139","750","1030","1026","1066","1139","1068","1096","1172","1096","1166","1041","1267","1048","1340","1001","1412","984","1184","1233","1283","1236","1455","1299","1518","1346","1574","1323","655","640"
"GB-0018-22-12.dw.png","981","631","1018","659","975","815","1058","745","1178","637","1109","929","1155","1036","1151","987","1263","990","1244","929","1336","919","1396","859","1460","839","1269","1103","1373","1093","1534","1128","1595","1164","1645","1132","705","600"
"GB-0018-22-13.dw.png","877","550","913","588","824","731","926","687","1072","605","932","870","950","987","962","934","1064","958","1062","897","1158","913","1230","865","1297","858","1038","1075","1147","1086","1295","1158","1348","1205","1407","1188","613","452"
"GB-0018-22-14.dw.png","1052","791","1101","813","1097","979","1148","885","1249","753","1232","1045","1312","1145","1299","1097","1402","1067","1371","1023","1470","988","1512","917","1569","879","1445","1191","1547","1154","1713","1148","1788","1175","1827","1130","763","830"
"GB-0019-23-01.dw.png","987","477","1021","510","948","652","1032","593","1172","518","1048","782","1072","897","1081","851","1187","867","1183","807","1284","820","1353","777","1423","768","1180","990","1285","998","1445","1066","1499","1123","1550","1095","718","380"
"GB-0019-23-02.dw.png","992","1002","1031","1030","990","1177","1064","1108","1182","1003","1119","1284","1166","1385","1167","1344","1270","1333","1251","1282","1350","1269","1410","1207","1470","1183","1290","1449","1395","1440","1567","1473","1622","1506","1668","1478","712","977"
"GB-0019-23-03.dw.png","1097","540","1115","587","999","689","1099","668","1255","641","1050","845","1039","952","1060","918","1151","964","1164","909","1255","954","1335","932","1404","949","1103","1077","1193","1121","1323","1239","1354","1301","1408","1302","881","366"
"GB-0019-23-04.dw.png","1344","549","1366","596","1259","718","1358","689","1511","637","1317","865","1306","976","1332","940","1427","975","1435","922","1535","959","1616","935","1682","946","1374","1094","1481","1139","1616","1242","1651","1309","1709","1298","1107","390"
"GB-0019-23-05.dw.png","1240","562","1262","614","1152","732","1250","706","1410","671","1205","876","1195","1004","1218","966","1309","1014","1328","944","1417","1003","1496","983","1565","986","1266","1131","1347","1164","1489","1287","1518","1346","1576","1345","1020","399"
"GB-0019-23-06.dw.png","1160","491","1175","549","1057","635","1154","625","1311","615","1094","784","1069","912","1096","871","1179","929","1201","872","1279","934","1358","923","1423","936","1125","1040","1199","1082","1318","1219","1341","1281","1398","1288","970","298"
"GB-0019-23-07.dw.png","1070","479","1090","525","972","640","1077","630","1239","582","1029","797","1008","912","1036","869","1129","926","1146","855","1239","912","1322","894","1392","901","1074","1029","1169","1075","1301","1196","1338","1272","1398","1277","854","296"
"GB-0019-23-08.dw.png","1161","496","1179","548","1058","640","1156","647","1317","612","1101","807","1077","921","1103","886","1189","943","1212","890","1293","942","1376","932","1446","951","1134","1057","1215","1104","1338","1239","1368","1310","1424","1317","969","305"
"GB-0019-23-09.dw.png","1007","563","1039","604","954","732","1049","687","1192","618","1042","864","1062","979","1069","935","1177","966","1174","906","1272","926","1347","887","1410","879","1158","1082","1258","1107","1413","1194","1456","1245","1511","1229","757","449"
"GB-0019-23-10.dw.png","1077","514","1110","556","1019","686","1114","645","1262","576","1112","831","1124","947","1139","907","1241","934","1244","869","1344","897","1419","858","1490","850","1216","1052","1316","1072","1474","1160","1522","1217","1580","1206","824","390"
"GB-0019-23-11.dw.png","1363","504","1387","556","1284","678","1381","634","1541","595","1356","829","1355","948","1374","911","1469","935","1476","884","1573","916","1659","889","1727","887","1437","1062","1527","1092","1679","1203","1721","1262","1775","1253","1129","361"
"GB-0019-23-12.dw.png","1187","423","1203","474","1068","562","1175","543","1335","541","1098","718","1070","835","1098","803","1184","853","1205","799","1291","859","1376","850","1443","868","1124","965","1208","1022","1320","1153","1344","1220","1400","1225","997","217"
"GB-0019-23-13.dw.png","1052","603","1085","641","1006","787","1098","724","1244","651","1103","913","1125","1026","1137","992","1246","1005","1239","947","1338","955","1413","905","1479","898","1231","1122","1334","1144","1491","1214","1540","1259","1594","1244","788","506"
"GB-0019-23-14.dw.png","1270","481","1293","523","1178","635","1281","622","1439","579","1243","790","1234","921","1256","879","1351","917","1363","859","1457","911","1539","891","1607","898","1313","1047","1395","1088","1537","1207","1572","1277","1630","1272","1049","316"
"GB-0020-25-01.dw.png","1019","464","1064","514","981","643","1075","593","1211","521","1085","786","1112","902","1121","851","1227","873","1218","808","1324","835","1395","787","1456","775","1221","1004","1314","1016","1483","1094","1534","1143","1588","1122","763","358"
"GB-0020-25-02.dw.png","1066","565","1100","616","1003","733","1099","699","1242","641","1082","876","1087","1000","1103","956","1200","981","1205","932","1305","967","1382","940","1446","942","1179","1114","1267","1140","1416","1247","1465","1312","1524","1305","835","418"
"GB-0020-25-03.dw.png","980","493","1000","554","880","640","976","643","1127","616","917","798","895","919","919","883","1001","924","1018","884","1108","943","1187","934","1249","951","948","1051","1023","1098","1142","1238","1169","1303","1230","1309","792","299"
"GB-0020-25-04.dw.png","714","691","759","731","682","871","772","813","906","728","792","997","822","1110","832","1065","937","1075","927","1019","1032","1034","1104","984","1162","972","939","1207","1041","1215","1211","1287","1253","1328","1310","1310","453","603"
"GB-0020-25-05.dw.png","1153","828","1198","854","1161","1009","1238","934","1346","818","1303","1110","1359","1214","1351","1161","1461","1153","1443","1109","1545","1083","1596","1023","1657","992","1486","1273","1585","1250","1769","1280","1834","1310","1885","1279","861","813"
"GB-0020-25-06.dw.png","1046","578","1073","616","979","737","1077","707","1217","649","1066","881","1073","999","1089","958","1189","987","1185","917","1283","956","1356","926","1421","926","1167","1104","1249","1119","1401","1219","1445","1273","1501","1259","804","450"
"GB-0020-25-07.dw.png","1273","470","1298","524","1183","624","1283","614","1439","576","1241","789","1236","912","1256","873","1346","905","1359","860","1453","900","1528","883","1595","889","1304","1033","1388","1072","1525","1195","1560","1261","1618","1261","1059","310"
"GB-0020-25-08.dw.png","1026","524","1059","568","958","685","1061","666","1202","600","1048","838","1053","956","1070","913","1164","944","1167","872","1269","913","1346","888","1409","884","1140","1069","1232","1089","1380","1187","1422","1241","1478","1229","786","394"
"GB-0020-25-09.dw.png","1168","418","1186","467","1062","558","1162","568","1315","534","1108","732","1085","841","1111","801","1203","861","1215","807","1303","854","1376","839","1445","849","1146","965","1228","1011","1352","1132","1382","1197","1438","1205","967","230"
"GB-0020-25-10.dw.png","991","486","1030","529","953","665","1046","616","1180","534","1071","805","1095","917","1107","872","1213","896","1196","826","1294","842","1365","793","1428","783","1200","1010","1299","1022","1464","1088","1519","1133","1578","1117","729","397"
"GB-0020-25-11.dw.png","857","604","895","649","812","786","906","744","1042","660","916","928","933","1042","945","998","1046","1016","1040","956","1146","978","1224","939","1287","928","1038","1147","1136","1162","1294","1245","1344","1295","1402","1283","596","497"
"GB-0020-25-12.dw.png","1203","409","1232","467","1116","559","1220","558","1374","508","1178","709","1174","832","1194","795","1287","842","1296","769","1387","822","1464","804","1529","809","1254","957","1344","992","1463","1094","1505","1166","1564","1164","979","247"
"GB-0020-25-13.dw.png","1077","588","1118","637","1028","765","1126","720","1266","654","1129","910","1149","1029","1159","982","1264","1002","1258","944","1358","970","1436","934","1495","921","1251","1134","1341","1152","1501","1243","1551","1297","1606","1284","823","476"
"GB-0020-25-14.dw.png","1255","597","1281","654","1166","759","1266","745","1418","699","1226","906","1220","1033","1241","990","1332","1036","1341","974","1438","1022","1518","1004","1582","1013","1290","1156","1372","1186","1514","1309","1551","1374","1606","1374","1042","431"
"GB-0020-25-15.dw.png","1092","452","1117","507","995","602","1102","595","1254","556","1057","773","1044","896","1068","851","1162","892","1172","844","1263","893","1348","876","1407","884","1113","1022","1200","1059","1334","1192","1367","1258","1425","1262","881","270"
"GB-0021-26-01.dw.png","1191","453","1214","516","1089","610","1197","595","1365","576","1150","775","1138","901","1167","858","1258","901","1270","844","1369","891","1452","874","1516","884","1212","1025","1303","1063","1441","1188","1477","1257","1538","1257","965","285"
"GB-0021-26-02.dw.png","965","421","994","472","887","590","986","553","1147","508","961","732","962","859","981","806","1078","837","1083","777","1185","819","1264","795","1330","800","1052","973","1144","1003","1289","1103","1327","1161","1389","1153","721","282"
"GB-0021-26-03.dw.png","1370","498","1385","554","1252","646","1358","633","1512","635","1285","800","1254","920","1285","877","1370","935","1392","876","1475","944","1557","937","1623","960","1314","1056","1388","1109","1506","1244","1532","1314","1592","1321","1169","307"
"GB-0021-26-04.dw.png","1196","451","1225","516","1101","606","1214","592","1366","562","1169","771","1166","889","1186","847","1284","887","1291","825","1386","869","1466","845","1531","851","1244","1009","1335","1047","1478","1169","1510","1227","1568","1225","970","290"
"GB-0021-26-05.dw.png","1110","446","1139","510","1014","614","1125","596","1285","557","1082","774","1071","901","1094","853","1191","897","1205","837","1300","882","1382","863","1451","873","1143","1022","1243","1065","1377","1182","1414","1244","1472","1241","882","283"
"GB-0021-26-06.dw.png","1038","947","1087","975","1070","1144","1131","1057","1235","938","1203","1230","1260","1334","1260","1287","1356","1266","1329","1212","1429","1193","1475","1129","1541","1096","1390","1385","1480","1368","1657","1382","1721","1415","1769","1378","750","939"
"GB-0021-26-07.dw.png","1084","472","1111","532","985","622","1099","608","1257","579","1050","778","1045","912","1067","865","1162","905","1172","849","1272","889","1355","873","1418","881","1119","1032","1212","1068","1349","1176","1387","1240","1445","1232","851","322"
"GB-0021-26-08.dw.png","1095","636","1133","679","1072","846","1149","760","1281","682","1170","962","1185","1072","1200","1023","1301","1041","1291","968","1391","984","1460","936","1533","925","1290","1164","1395","1174","1560","1242","1611","1288","1660","1257","828","551"
"GB-0021-26-09.dw.png","1309","529","1336","581","1219","702","1322","665","1481","631","1281","847","1269","962","1295","921","1386","960","1399","894","1494","944","1576","923","1642","934","1343","1082","1436","1114","1578","1233","1614","1290","1673","1282","1068","375"
"GB-0021-26-10.dw.png","881","625","930","670","863","823","943","747","1083","657","982","936","1024","1052","1026","1000","1137","1009","1117","934","1225","947","1294","897","1354","879","1144","1134","1244","1139","1414","1195","1474","1237","1528","1212","601","570"
"GB-0021-26-11.dw.png","1048","497","1086","527","1044","691","1114","615","1240","507","1165","792","1210","906","1212","854","1311","846","1295","787","1403","790","1461","729","1528","710","1337","975","1434","972","1603","1010","1661","1049","1712","1015","764","461"
"GB-0021-26-12.dw.png","1216","601","1256","649","1163","777","1262","730","1409","673","1265","922","1285","1040","1296","992","1402","1010","1400","958","1499","974","1576","931","1634","922","1390","1142","1488","1159","1649","1246","1699","1295","1756","1286","954","507"
"GB-0021-26-13.dw.png","1181","529","1193","583","1059","677","1171","662","1333","659","1097","828","1068","953","1099","911","1184","966","1205","915","1294","971","1380","965","1443","983","1128","1079","1208","1135","1326","1265","1355","1333","1415","1338","977","342"
"GB-0021-26-14.dw.png","1027","451","1051","509","931","613","1035","591","1194","559","994","768","986","891","1012","847","1104","891","1115","828","1211","872","1295","855","1359","859","1067","1012","1154","1044","1293","1158","1332","1219","1390","1218","798","298"
"GB-0022-27-01.dw.png","846","431","893","462","848","613","927","550","1043","442","977","713","1024","823","1023","770","1126","770","1103","709","1206","710","1264","658","1327","638","1148","894","1242","884","1417","928","1474","969","1520","945","576","392"
"GB-0022-27-02.dw.png","828","335","868","372","821","524","894","456","1025","364","927","634","962","746","966","700","1076","710","1060","647","1163","660","1225","608","1289","593","1086","835","1179","832","1339","883","1400","931","1447","907","563","264"
"GB-0022-27-03.dw.png","1078","477","1121","516","1055","657","1143","594","1284","509","1183","783","1225","903","1226","853","1332","858","1313","794","1421","799","1489","750","1555","725","1341","984","1448","989","1614","1040","1670","1085","1727","1059","803","420"
"GB-0022-27-04.dw.png","1050","571","1084","621","990","751","1088","703","1240","645","1093","897","1108","1007","1119","966","1215","976","1215","931","1319","950","1392","911","1459","906","1206","1111","1304","1131","1457","1217","1505","1268","1561","1257","784","463"
"GB-0022-27-05.dw.png","860","637","911","663","877","823","951","743","1061","625","1028","917","1082","1012","1074","963","1170","941","1152","898","1251","878","1305","814","1367","783","1213","1066","1308","1043","1480","1065","1548","1095","1597","1060","577","634"
"GB-0022-27-07.dw.png","778","558","819","596","746","748","837","689","976","601","863","876","897","987","900","936","1002","950","989","893","1092","899","1164","852","1230","848","1000","1076","1105","1080","1264","1147","1315","1189","1370","1172","503","475"
"GB-0022-27-08.dw.png","878","490","902","541","791","654","892","619","1055","587","864","807","863","935","884","889","977","925","984","854","1084","898","1164","873","1234","879","949","1048","1039","1077","1190","1186","1232","1250","1288","1236","642","336"
"GB-0022-27-09.dw.png","1010","422","1056","459","989","607","1084","546","1208","452","1109","723","1159","843","1158","788","1265","798","1251","737","1358","745","1425","691","1489","672","1284","924","1379","927","1556","982","1614","1022","1667","1000","732","362"
"GB-0022-27-10.dw.png","1058","766","1107","788","1100","950","1155","864","1260","738","1252","1027","1326","1115","1311","1069","1403","1039","1376","995","1478","968","1521","893","1580","856","1458","1156","1555","1123","1730","1125","1798","1144","1841","1108","775","795"
"GB-0022-27-11.dw.png","946","539","987","575","924","723","1010","663","1150","569","1054","848","1087","953","1091","912","1198","909","1182","851","1285","856","1350","802","1414","785","1208","1035","1306","1029","1472","1079","1534","1128","1584","1101","668","478"
"GB-0022-27-12.dw.png","957","487","995","527","924","679","1009","611","1154","536","1037","806","1065","922","1068","871","1159","866","1155","819","1259","833","1326","788","1395","775","1159","1004","1262","1011","1420","1081","1470","1129","1532","1111","686","403"
"GB-0022-27-13.dw.png","900","630","949","657","928","821","997","739","1094","620","1064","903","1129","1011","1120","961","1216","941","1192","888","1299","873","1350","815","1413","781","1260","1067","1355","1047","1519","1063","1592","1093","1641","1062","622","631"
"GB-0022-27-14.dw.png","946","549","987","589","915","736","1004","682","1149","591","1031","862","1060","973","1066","925","1166","928","1157","879","1265","891","1334","846","1408","832","1179","1068","1277","1071","1441","1133","1500","1183","1560","1167","673","468"
"GB-0022-27-15.dw.png","1130","634","1175","679","1112","824","1197","759","1326","662","1235","939","1276","1049","1275","997","1380","999","1367","942","1471","948","1534","895","1598","877","1394","1126","1495","1123","1664","1173","1721","1217","1770","1187","846","572"
"GB-0022-27-16.dw.png","1017","544","1059","582","1006","734","1084","659","1215","561","1131","841","1177","954","1174","904","1281","906","1257","838","1365","842","1428","781","1490","765","1295","1029","1393","1025","1566","1071","1624","1112","1681","1086","733","495"
"GB-0023-28-01.dw.png","1064","898","1113","924","1094","1100","1149","1002","1267","888","1218","1180","1279","1294","1268","1236","1372","1222","1352","1164","1452","1148","1513","1087","1568","1061","1401","1348","1502","1324","1679","1343","1745","1372","1789","1336","770","898"
"GB-0023-28-02.dw.png","1085","947","1132","979","1087","1125","1165","1054","1293","948","1221","1231","1274","1339","1274","1292","1381","1292","1356","1226","1448","1218","1508","1161","1575","1137","1404","1406","1497","1392","1659","1417","1723","1450","1770","1416","794","926"
"GB-0023-28-03.dw.png","903","782","944","811","901","961","982","900","1099","781","1027","1065","1080","1177","1073","1126","1182","1121","1162","1063","1264","1054","1320","997","1384","975","1202","1247","1300","1235","1474","1267","1536","1302","1585","1276","620","747"
"GB-0023-28-04.dw.png","825","700","879","728","839","883","912","801","1033","690","983","980","1045","1078","1036","1033","1143","1026","1115","968","1219","953","1272","888","1334","857","1173","1134","1273","1114","1454","1135","1520","1165","1570","1132","537","698"
"GB-0023-28-05.dw.png","1151","644","1195","680","1151","834","1229","771","1346","661","1267","937","1309","1046","1315","1002","1417","1001","1394","936","1500","941","1560","884","1626","869","1435","1120","1529","1113","1704","1154","1759","1195","1798","1167","877","621"
"GB-0023-28-06.dw.png","1064","643","1106","670","1081","830","1142","744","1255","644","1209","922","1260","1025","1255","977","1366","974","1334","909","1428","900","1481","846","1542","822","1384","1082","1478","1067","1645","1093","1713","1130","1755","1102","782","637"
"GB-0023-28-07.dw.png","991","862","1043","890","1017","1049","1085","963","1196","851","1160","1136","1221","1230","1211","1184","1326","1176","1294","1117","1389","1097","1442","1032","1504","1003","1354","1285","1456","1260","1617","1271","1693","1296","1731","1264","705","875"
"GB-0023-28-08.dw.png","1042","660","1095","693","1064","853","1130","770","1246","650","1190","936","1252","1041","1244","989","1346","974","1325","924","1435","907","1491","847","1550","818","1386","1104","1486","1080","1665","1100","1727","1130","1775","1096","753","664"
"GB-0023-28-09.dw.png","988","921","1041","937","1033","1099","1087","1001","1180","875","1188","1164","1268","1254","1251","1207","1363","1182","1324","1130","1408","1097","1450","1025","1502","986","1404","1286","1494","1251","1670","1238","1737","1257","1773","1213","700","972"
"GB-0023-28-10.dw.png","772","632","821","662","797","827","857","738","971","627","928","913","978","1017","979","966","1073","957","1052","899","1155","884","1207","823","1268","796","1106","1072","1197","1054","1375","1072","1436","1106","1480","1079","488","636"
"GB-0023-28-11.dw.png","885","896","942","907","960","1064","998","967","1074","826","1129","1115","1212","1193","1190","1150","1302","1112","1253","1062","1338","1023","1373","946","1417","900","1359","1211","1450","1164","1630","1131","1702","1140","1729","1094","609","984"
"GB-0023-28-12.dw.png","898","601","936","640","875","801","956","713","1099","644","989","928","1019","1040","1023","987","1137","1000","1121","934","1220","936","1291","887","1358","874","1125","1118","1233","1121","1408","1178","1461","1222","1519","1200","614","538"
"GB-0023-28-13.dw.png","769","632","820","653","811","815","868","729","973","599","955","885","1038","992","1026","943","1122","916","1088","865","1186","839","1232","771","1296","727","1179","1033","1273","1000","1444","993","1513","1015","1549","976","478","665"
"GB-0023-28-14.dw.png","949","1050","1008","1072","1009","1236","1052","1140","1155","1016","1143","1304","1214","1398","1198","1349","1294","1321","1274","1278","1367","1247","1414","1179","1470","1146","1347","1443","1432","1412","1601","1406","1674","1431","1722","1392","677","1093"
"GB-0023-28-15.dw.png","1200","982","1245","1007","1227","1170","1284","1083","1399","966","1352","1258","1406","1355","1400","1307","1492","1289","1475","1242","1577","1228","1631","1167","1689","1141","1531","1416","1619","1397","1790","1419","1852","1449","1900","1421","925","982"
"GB-0023-28-16.dw.png","862","818","912","842","897","1008","952","910","1064","795","1047","1089","1113","1181","1101","1137","1213","1123","1181","1062","1273","1036","1319","971","1381","934","1249","1227","1341","1200","1523","1202","1593","1229","1631","1194","574","845"
"GB-0024-29-01.dw.png","1004","815","1052","835","1036","990","1094","900","1194","783","1176","1066","1236","1160","1229","1112","1332","1093","1299","1033","1398","1020","1446","956","1505","923","1375","1209","1459","1190","1631","1199","1701","1223","1745","1189","735","833"
"GB-0024-29-02.dw.png","579","537","627","557","612","709","663","614","770","507","756","785","830","882","814","834","914","814","878","751","978","733","1025","671","1086","637","954","924","1043","901","1220","901","1288","923","1334","888","300","551"
"GB-0024-29-03.dw.png","875","464","925","493","884","647","956","561","1070","455","1028","747","1073","845","1067","798","1177","795","1148","730","1247","716","1300","652","1364","627","1191","905","1291","888","1462","909","1529","941","1576","904","587","449"
"GB-0024-29-04.dw.png","802","814","859","837","842","984","908","898","990","768","1004","1051","1077","1129","1064","1091","1167","1055","1126","1006","1213","968","1247","895","1302","862","1202","1160","1299","1123","1466","1103","1532","1121","1563","1076","521","865"
"GB-0024-29-05.dw.png","867","785","920","809","900","966","958","881","1061","763","1035","1043","1107","1139","1091","1092","1197","1077","1168","1015","1265","998","1315","932","1376","903","1234","1185","1329","1160","1504","1165","1569","1191","1611","1155","587","811"
"GB-0024-29-06.dw.png","918","846","967","865","958","1025","1012","937","1112","807","1101","1102","1172","1204","1158","1150","1265","1133","1225","1070","1318","1041","1356","973","1423","937","1300","1246","1403","1217","1568","1215","1637","1240","1679","1198","646","871"
"GB-0024-29-07.dw.png","873","571","923","606","882","759","955","677","1073","569","1013","857","1070","966","1071","925","1172","914","1146","847","1250","842","1309","780","1371","750","1191","1029","1294","1016","1461","1040","1527","1075","1578","1042","589","547"
"GB-0024-29-08.dw.png","765","889","824","912","827","1067","871","973","967","846","977","1125","1056","1222","1039","1172","1146","1145","1099","1085","1196","1061","1232","996","1292","946","1196","1253","1285","1219","1446","1208","1534","1232","1575","1192","484","929"
"GB-0024-29-09.dw.png","1255","778","1304","808","1280","957","1337","871","1445","764","1407","1038","1470","1137","1465","1095","1568","1084","1536","1017","1635","1005","1686","948","1745","922","1603","1196","1689","1182","1860","1200","1920","1226","1964","1188","983","781"
"GB-0024-29-10.dw.png","1042","594","1090","612","1087","777","1145","693","1237","562","1229","851","1290","943","1278","894","1381","875","1351","823","1446","796","1490","727","1551","691","1418","985","1513","960","1686","962","1752","985","1796","945","766","624"
"GB-0024-29-11.dw.png","822","715","874","742","851","899","912","804","1023","690","1000","985","1059","1079","1052","1034","1153","1022","1129","969","1228","941","1275","874","1338","841","1193","1128","1285","1111","1461","1124","1534","1151","1576","1105","539","728"
"GB-0024-29-12.dw.png","783","748","840","766","839","921","885","824","974","695","992","981","1069","1070","1057","1022","1158","989","1116","935","1213","908","1254","832","1306","794","1213","1104","1302","1064","1480","1049","1543","1061","1580","1020","513","805"
"GB-0024-29-13.dw.png","913","804","971","823","972","986","1018","884","1111","756","1124","1047","1193","1133","1179","1087","1273","1056","1247","1008","1341","967","1375","898","1430","859","1330","1162","1421","1128","1602","1113","1665","1127","1699","1078","649","863"
"GB-0024-29-14.dw.png","854","596","903","618","888","773","953","693","1055","566","1035","852","1105","951","1094","902","1194","882","1162","821","1264","807","1311","740","1370","708","1244","1002","1337","973","1501","980","1578","1007","1620","976","577","621"
"GB-0024-29-15.dw.png","1156","633","1207","660","1181","811","1244","729","1347","618","1321","899","1384","996","1375","949","1479","937","1449","872","1546","860","1596","799","1657","765","1509","1053","1606","1031","1775","1045","1838","1074","1886","1041","881","631"
"GB-0025-30-01.dw.png","1072","606","1094","650","979","765","1081","741","1240","708","1042","925","1032","1039","1053","999","1145","1037","1157","979","1250","1020","1329","999","1393","1013","1102","1157","1190","1198","1313","1314","1351","1385","1409","1385","845","446"
"GB-0025-30-02.dw.png","1012","613","1044","657","958","781","1054","736","1196","674","1058","919","1075","1042","1088","988","1191","1015","1185","954","1289","982","1359","945","1422","937","1178","1145","1277","1159","1434","1247","1480","1295","1526","1285","752","509"
"GB-0025-30-03.dw.png","1273","409","1304","455","1206","567","1308","543","1457","492","1296","723","1304","843","1319","798","1417","830","1416","764","1517","798","1588","766","1655","769","1395","950","1488","974","1632","1074","1674","1130","1727","1122","1025","284"
"GB-0025-30-04.dw.png","1145","616","1180","663","1096","789","1186","744","1325","682","1186","920","1199","1033","1211","985","1309","1005","1308","959","1410","980","1480","943","1539","940","1297","1132","1389","1150","1539","1238","1590","1289","1644","1278","898","512"
"GB-0025-30-05.dw.png","1247","698","1284","742","1210","874","1293","820","1437","757","1307","989","1335","1112","1343","1060","1443","1082","1438","1032","1534","1049","1598","1006","1667","999","1435","1205","1535","1214","1691","1293","1744","1348","1796","1337","984","594"
"GB-0025-30-06.dw.png","920","660","954","705","875","845","964","796","1107","728","965","970","983","1079","991","1030","1086","1049","1083","1001","1185","1022","1254","978","1319","976","1076","1171","1167","1188","1316","1274","1363","1322","1418","1305","662","562"
"GB-0025-30-07.dw.png","1078","489","1098","549","968","641","1078","618","1231","613","1008","800","986","924","1012","880","1099","942","1119","882","1207","940","1288","926","1350","942","1040","1048","1125","1098","1248","1238","1273","1307","1327","1315","869","287"
"GB-0025-30-08.dw.png","1225","614","1258","661","1169","797","1258","752","1401","690","1250","933","1258","1045","1272","1000","1366","1031","1367","976","1468","998","1543","961","1604","963","1349","1148","1442","1177","1590","1274","1629","1325","1683","1313","981","492"
"GB-0025-30-09.dw.png","1074","746","1114","791","1045","925","1129","867","1265","787","1156","1041","1183","1153","1190","1104","1291","1122","1281","1064","1379","1077","1439","1022","1501","1009","1286","1234","1386","1243","1539","1312","1591","1356","1644","1339","806","668"
"GB-0025-30-10.dw.png","1134","617","1173","660","1101","804","1182","742","1330","673","1203","933","1224","1043","1232","994","1336","1013","1326","948","1430","968","1498","927","1559","917","1326","1140","1427","1150","1582","1226","1631","1276","1685","1265","871","525"
"GB-0025-30-11.dw.png","959","502","1000","544","923","669","1018","628","1160","551","1035","797","1066","924","1075","871","1182","889","1172","825","1274","845","1341","795","1408","784","1176","1009","1274","1017","1440","1090","1493","1140","1549","1122","690","422"
"GB-0025-30-12.dw.png","948","654","983","704","884","828","989","782","1138","733","983","974","1000","1093","1010","1049","1113","1077","1110","1007","1213","1033","1286","1001","1353","1001","1096","1202","1190","1221","1345","1304","1384","1359","1442","1349","689","550"
"GB-0025-30-13.dw.png","1276","529","1306","583","1208","702","1305","663","1463","620","1292","852","1299","971","1314","928","1415","960","1415","901","1515","938","1586","903","1658","901","1394","1086","1478","1111","1632","1213","1676","1274","1732","1267","1024","404"
"GB-0025-30-14.dw.png","950","573","988","625","891","745","991","707","1138","662","978","879","988","1008","1001","957","1105","994","1106","939","1204","964","1274","924","1341","929","1084","1110","1173","1130","1325","1226","1372","1284","1425","1277","698","457"
"GB-0025-30-15.dw.png","1167","594","1182","650","1059","732","1162","721","1312","721","1098","886","1070","1001","1098","962","1182","1022","1201","971","1284","1028","1363","1016","1425","1038","1129","1128","1200","1172","1313","1308","1335","1379","1392","1391","972","396"
"GB-0025-30-16.dw.png","1124","615","1159","661","1074","797","1163","736","1310","675","1165","920","1179","1035","1193","990","1298","1018","1291","953","1390","971","1459","932","1524","924","1282","1139","1374","1149","1529","1231","1581","1288","1629","1275","865","512"
"GB-0026-33-01.dw.png","992","553","1030","592","969","744","1049","670","1183","591","1073","859","1104","968","1114","928","1216","935","1200","877","1299","872","1365","828","1432","809","1217","1048","1320","1054","1478","1123","1531","1163","1582","1133","721","485"
"GB-0026-33-02.dw.png","1067","646","1105","687","1018","820","1114","778","1254","701","1113","953","1133","1073","1144","1030","1246","1045","1244","987","1346","1005","1413","966","1480","958","1225","1165","1326","1183","1484","1259","1536","1311","1593","1296","804","537"
"GB-0026-33-03.dw.png","1099","568","1136","616","1054","750","1140","685","1276","623","1140","869","1161","989","1175","948","1274","966","1268","903","1361","912","1434","872","1500","868","1255","1082","1356","1090","1509","1163","1560","1216","1617","1198","838","466"
"GB-0026-33-04.dw.png","1150","782","1190","817","1132","975","1210","903","1338","808","1240","1083","1270","1193","1280","1152","1379","1149","1363","1085","1467","1097","1532","1050","1602","1035","1375","1274","1483","1278","1640","1327","1700","1373","1753","1351","869","706"
"GB-0026-33-05.dw.png","1212","727","1249","768","1183","918","1267","861","1400","774","1283","1040","1309","1154","1321","1111","1425","1125","1410","1056","1515","1070","1578","1031","1647","1019","1421","1250","1520","1255","1675","1318","1733","1369","1785","1343","942","635"
"GB-0026-33-06.dw.png","1323","499","1351","547","1267","691","1356","637","1497","570","1346","823","1357","943","1372","904","1473","919","1474","856","1573","882","1642","853","1709","845","1447","1048","1547","1070","1694","1152","1744","1209","1800","1195","1061","365"
"GB-0026-33-07.dw.png","1177","499","1202","541","1110","680","1205","625","1347","570","1191","819","1199","939","1215","897","1311","921","1313","861","1407","885","1481","852","1552","849","1285","1046","1382","1068","1528","1159","1576","1214","1630","1197","927","360"
"GB-0026-33-08.dw.png","1226","697","1263","744","1189","885","1273","816","1413","747","1285","1007","1307","1121","1319","1079","1421","1098","1411","1032","1502","1037","1574","995","1638","982","1407","1204","1512","1218","1667","1291","1711","1332","1761","1309","961","602"
"GB-0026-33-09.dw.png","1205","608","1227","662","1109","778","1213","746","1373","714","1167","933","1158","1050","1180","1008","1272","1057","1282","987","1376","1030","1454","1006","1528","1013","1233","1166","1328","1205","1464","1315","1499","1377","1556","1373","972","432"
"GB-0026-33-10.dw.png","1102","503","1128","560","1012","665","1116","633","1266","605","1065","809","1055","930","1081","893","1177","937","1186","872","1272","916","1351","899","1421","905","1135","1051","1220","1083","1348","1194","1390","1264","1438","1262","877","327"
"GB-0026-33-11.dw.png","1096","585","1133","635","1054","773","1142","714","1277","642","1145","897","1161","1010","1176","968","1271","974","1268","919","1362","939","1430","899","1499","888","1258","1097","1359","1117","1510","1196","1560","1245","1613","1228","839","480"
"GB-0026-33-12.dw.png","1013","623","1050","656","983","812","1069","753","1198","663","1081","928","1110","1045","1118","1000","1221","1004","1215","949","1316","956","1381","915","1445","899","1215","1132","1316","1139","1484","1201","1538","1250","1592","1233","739","528"
"GB-0026-33-13.dw.png","1262","587","1298","634","1211","773","1298","707","1439","652","1294","898","1306","1010","1322","975","1422","1000","1416","926","1519","950","1585","916","1658","909","1401","1108","1501","1135","1653","1215","1704","1264","1756","1244","1008","464"
"GB-0026-33-14.dw.png","976","541","1011","585","922","723","1016","677","1158","606","1005","850","1020","978","1037","931","1141","956","1139","890","1242","916","1313","887","1382","876","1119","1082","1223","1099","1372","1177","1421","1230","1477","1217","714","417"
"GB-0026-33-15.dw.png","1353","722","1390","774","1299","905","1392","858","1537","793","1382","1037","1399","1155","1412","1114","1506","1135","1508","1080","1598","1101","1671","1066","1743","1062","1485","1257","1586","1279","1726","1361","1773","1414","1831","1395","1105","596"
"GB-0026-33-16.dw.png","1059","586","1097","633","1016","776","1103","719","1242","650","1100","898","1125","1023","1137","978","1238","996","1229","933","1329","952","1401","916","1472","907","1221","1118","1330","1142","1487","1223","1537","1271","1588","1248","798","474"
"GB-0027-34-01.dw.png","925","434","958","480","879","621","965","562","1112","504","962","750","976","870","993","825","1085","847","1084","780","1176","807","1254","776","1320","771","1071","972","1166","991","1305","1081","1356","1136","1416","1115","665","320"
"GB-0027-34-02.dw.png","1032","682","1068","728","991","863","1075","798","1216","742","1074","988","1096","1104","1105","1064","1205","1081","1199","1015","1298","1037","1366","1002","1434","999","1192","1207","1290","1224","1436","1301","1489","1362","1546","1348","775","565"
"GB-0027-34-03.dw.png","1118","640","1158","688","1079","827","1167","762","1309","689","1177","949","1197","1073","1206","1010","1313","1041","1305","971","1410","991","1475","948","1542","939","1306","1164","1403","1172","1562","1250","1619","1306","1675","1287","854","540"
"GB-0027-34-04.dw.png","1216","630","1249","672","1169","814","1253","745","1402","686","1260","942","1277","1057","1288","1009","1394","1031","1389","966","1493","991","1560","946","1628","938","1386","1159","1479","1172","1641","1251","1691","1300","1747","1276","954","523"
"GB-0027-34-05.dw.png","1161","509","1196","562","1107","684","1200","642","1352","580","1205","828","1229","948","1234","903","1341","932","1336","861","1434","886","1506","850","1573","841","1324","1057","1430","1075","1577","1153","1628","1207","1685","1191","908","399"
"GB-0027-34-06.dw.png","1145","717","1184","763","1109","890","1200","837","1338","759","1215","1015","1242","1136","1247","1080","1356","1104","1347","1040","1448","1054","1518","1009","1583","995","1349","1222","1455","1238","1611","1304","1668","1351","1721","1331","885","630"
"GB-0027-34-07.dw.png","1370","771","1410","815","1340","945","1425","890","1565","805","1447","1068","1482","1181","1490","1137","1594","1154","1576","1076","1681","1096","1748","1049","1814","1033","1592","1275","1696","1281","1855","1341","1908","1385","1961","1363","1106","701"
"GB-0027-34-08.dw.png","1235","691","1266","742","1175","880","1271","835","1419","764","1258","1019","1271","1130","1281","1084","1392","1125","1385","1053","1487","1082","1561","1044","1628","1040","1366","1243","1454","1261","1615","1351","1662","1412","1723","1397","982","575"
"GB-0027-34-09.dw.png","1152","628","1188","675","1110","809","1197","754","1338","694","1193","930","1215","1054","1226","1007","1325","1034","1323","969","1418","996","1488","955","1560","955","1311","1149","1409","1165","1554","1244","1614","1309","1669","1296","893","516"
"GB-0027-34-10.dw.png","1226","611","1261","652","1170","779","1272","742","1417","663","1275","923","1301","1043","1307","996","1418","1028","1412","951","1508","970","1581","931","1649","921","1399","1140","1502","1159","1659","1234","1709","1287","1766","1274","965","514"
"GB-0027-34-11.dw.png","1210","522","1236","568","1130","693","1230","640","1381","601","1197","830","1196","956","1213","904","1315","956","1324","880","1415","920","1495","895","1563","900","1280","1070","1365","1095","1516","1205","1562","1274","1620","1262","973","375"
"GB-0027-34-12.dw.png","1346","639","1380","682","1298","825","1390","771","1541","699","1392","956","1410","1066","1416","1020","1525","1048","1517","969","1622","999","1689","956","1762","953","1513","1167","1608","1180","1764","1257","1816","1308","1874","1285","1085","543"
"GB-0027-34-13.dw.png","1162","451","1197","497","1111","617","1208","588","1351","512","1204","759","1218","871","1233","828","1334","860","1330","788","1421","811","1491","774","1565","772","1320","975","1413","989","1552","1070","1606","1128","1661","1119","918","347"
"GB-0027-34-14.dw.png","956","576","995","623","914","760","1006","700","1145","627","1018","885","1041","1001","1053","950","1158","973","1148","910","1252","926","1319","880","1385","871","1152","1093","1242","1102","1412","1178","1467","1231","1519","1201","690","487"
"GB-0028-35-02.dw.png","1248","565","1289","621","1192","731","1292","699","1443","637","1291","878","1305","1001","1320","953","1420","975","1417","916","1518","939","1593","904","1661","901","1392","1097","1507","1117","1651","1192","1704","1251","1761","1233","991","464"
"GB-0028-35-03.dw.png","1067","529","1105","574","1009","699","1109","663","1256","598","1107","845","1123","970","1135","920","1233","947","1230","879","1335","908","1408","877","1477","873","1214","1066","1314","1090","1467","1174","1512","1227","1573","1209","815","427"
"GB-0028-35-04.dw.png","1004","642","1048","686","973","829","1063","776","1202","690","1084","965","1111","1084","1121","1039","1224","1037","1219","987","1323","997","1394","950","1458","936","1229","1176","1325","1182","1493","1247","1545","1292","1600","1270","732","566"
"GB-0028-35-05.dw.png","1151","619","1192","670","1101","799","1198","746","1339","676","1195","922","1217","1046","1225","992","1325","1010","1324","958","1428","977","1498","937","1562","937","1315","1138","1414","1153","1561","1226","1613","1278","1666","1251","886","523"
"GB-0028-35-06.dw.png","1119","748","1158","792","1079","923","1167","877","1303","802","1169","1044","1194","1161","1206","1118","1304","1134","1301","1080","1394","1090","1459","1043","1527","1038","1295","1250","1390","1261","1541","1329","1595","1382","1647","1352","868","649"
"GB-0028-35-07.dw.png","825","521","864","567","782","700","875","663","1018","581","877","834","890","957","905","902","1008","925","1003","868","1107","886","1178","847","1243","844","988","1047","1092","1067","1246","1144","1294","1192","1349","1174","564","415"
"GB-0028-35-08.dw.png","1082","734","1127","779","1034","896","1136","870","1273","784","1140","1030","1168","1152","1172","1102","1273","1119","1268","1061","1376","1079","1446","1036","1511","1029","1265","1247","1370","1261","1534","1332","1586","1381","1640","1359","823","638"
"GB-0028-35-09.dw.png","1018","510","1048","552","970","686","1057","636","1199","568","1060","814","1080","937","1092","889","1190","912","1190","855","1285","877","1358","840","1424","832","1183","1037","1274","1051","1419","1126","1472","1181","1525","1169","763","400"
"GB-0028-35-10.dw.png","1191","627","1233","673","1156","818","1246","764","1380","679","1258","943","1277","1052","1287","1005","1389","1028","1386","967","1490","985","1557","945","1616","942","1388","1150","1478","1161","1635","1241","1684","1287","1740","1262","921","539"
"GB-0028-35-11.dw.png","1017","659","1052","696","986","844","1072","793","1204","704","1090","963","1123","1088","1129","1032","1231","1053","1226","994","1322","1010","1389","966","1452","950","1229","1178","1326","1183","1477","1239","1540","1299","1594","1277","753","567"
"GB-0028-35-12.dw.png","1046","524","1086","571","1008","710","1096","653","1239","581","1107","841","1127","961","1140","910","1245","933","1236","868","1338","889","1405","846","1480","841","1235","1055","1330","1065","1493","1144","1552","1201","1606","1175","779","417"
"GB-0028-35-13.dw.png","1089","565","1114","606","1012","739","1117","701","1269","642","1093","894","1099","1010","1114","966","1218","1004","1217","931","1323","968","1397","942","1464","946","1180","1119","1275","1147","1423","1237","1462","1295","1523","1280","841","427"
"GB-0028-35-14.dw.png","1015","620","1051","670","961","798","1056","771","1199","685","1051","938","1061","1054","1076","1007","1172","1025","1175","973","1276","996","1352","964","1416","961","1160","1155","1252","1174","1404","1256","1454","1312","1509","1297","752","509"
"GB-0028-35-15.dw.png","1022","791","1063","830","989","978","1079","913","1213","830","1096","1100","1119","1213","1130","1167","1231","1176","1225","1114","1329","1131","1397","1086","1463","1076","1230","1302","1331","1314","1488","1368","1541","1418","1589","1390","747","715"
"GB-0029-36-01.dw.png","990","632","1027","681","940","809","1037","770","1184","697","1042","947","1052","1066","1070","1018","1165","1038","1161","976","1261","1000","1338","960","1408","956","1163","1166","1244","1177","1408","1256","1454","1312","1516","1297","735","536"
"GB-0029-36-02.dw.png","1088","527","1121","580","1025","700","1121","669","1278","603","1107","844","1111","965","1128","918","1224","951","1225","879","1330","922","1399","888","1478","889","1206","1073","1295","1098","1448","1193","1494","1256","1552","1244","839","401"
"GB-0029-36-03.dw.png","975","666","1005","704","925","843","1019","809","1168","719","1020","983","1037","1091","1045","1048","1144","1077","1140","1005","1245","1031","1316","995","1393","994","1135","1200","1226","1214","1378","1286","1434","1346","1492","1330","717","564"
"GB-0029-36-04.dw.png","1023","647","1058","685","987","819","1079","780","1223","695","1089","947","1111","1071","1122","1020","1217","1033","1208","969","1313","994","1384","947","1448","940","1213","1160","1298","1166","1464","1241","1522","1297","1579","1272","766","555"
"GB-0029-36-05.dw.png","1009","651","1046","686","978","828","1074","789","1206","685","1100","961","1132","1069","1138","1021","1235","1032","1222","971","1327","987","1393","936","1463","926","1243","1163","1336","1164","1502","1223","1560","1269","1614","1253","743","592"
"GB-0029-36-06.dw.png","1076","581","1114","621","1041","762","1127","710","1269","624","1140","884","1162","996","1168","950","1265","968","1258","905","1366","931","1435","880","1508","872","1273","1100","1363","1112","1525","1180","1575","1225","1634","1206","817","488"
"GB-0029-36-07.dw.png","1054","653","1091","694","1018","833","1109","786","1251","701","1119","950","1147","1072","1155","1021","1255","1044","1243","978","1344","994","1415","950","1482","946","1258","1166","1343","1171","1500","1238","1558","1291","1615","1270","791","568"
"GB-0029-36-08.dw.png","963","582","1001","628","922","775","1020","729","1168","637","1031","915","1053","1035","1065","986","1178","1007","1160","932","1271","951","1345","905","1416","898","1168","1135","1274","1143","1440","1216","1501","1267","1555","1247","696","486"
"GB-0029-36-09.dw.png","1223","755","1263","795","1200","937","1287","885","1419","785","1308","1057","1335","1177","1342","1125","1435","1129","1427","1072","1538","1085","1604","1040","1672","1026","1447","1267","1538","1268","1702","1320","1761","1371","1817","1346","957","686"
"GB-0029-36-10.dw.png","1047","784","1087","823","1033","966","1108","909","1244","813","1136","1077","1164","1192","1169","1144","1270","1153","1258","1088","1360","1100","1426","1055","1495","1044","1273","1274","1375","1280","1531","1334","1590","1382","1643","1362","778","720"
"GB-0029-36-11.dw.png","1114","622","1144","668","1040","779","1149","764","1306","700","1131","939","1143","1069","1158","1014","1258","1047","1257","979","1358","1016","1431","978","1503","981","1229","1174","1324","1194","1476","1288","1527","1342","1588","1328","864","505"
"GB-0029-36-12.dw.png","949","590","984","635","907","767","998","730","1142","647","1002","891","1020","1018","1030","961","1132","984","1130","920","1230","948","1301","905","1371","896","1125","1111","1210","1115","1372","1186","1429","1237","1485","1216","699","501"
"GB-0029-36-13.dw.png","1033","672","1074","712","1006","849","1095","799","1236","708","1121","976","1157","1093","1159","1043","1257","1049","1244","986","1348","1001","1416","952","1484","940","1265","1177","1358","1182","1525","1238","1588","1286","1640","1266","765","608"
"GB-0029-36-14.dw.png","1087","606","1125","649","1042","776","1134","738","1285","662","1140","908","1166","1036","1175","985","1269","1000","1262","936","1369","964","1437","923","1504","920","1269","1131","1361","1144","1521","1213","1576","1268","1622","1250","826","524"
"GB-0029-36-15.dw.png","1053","585","1089","633","1015","769","1109","732","1255","639","1126","904","1153","1018","1157","976","1257","988","1249","920","1350","945","1423","898","1496","889","1259","1120","1348","1124","1520","1199","1572","1246","1626","1223","792","503"
