file,sample, latitude , longitude ,date,resolution,notes
IE-0001-208ke-1.dw.png,IE-0001, 52.17    ,-9.75    ,2024,,Kerry
IE-0001-208ke-10.dw.png,IE-0001, 52.17    ,-9.75    ,2024,,Kerry
IE-0001-208ke-11.dw.png,IE-0001, 52.17    ,-9.75    ,2024,,Kerry
IE-0001-208ke-12.dw.png,IE-0001, 52.17    ,-9.75    ,2024,,Kerry
IE-0001-208ke-2.dw.png,IE-0001, 52.17    ,-9.75    ,2024,,Kerry
IE-0001-208ke-3.dw.png,IE-0001, 52.17    ,-9.75    ,2024,,Kerry
IE-0001-208ke-4.dw.png,IE-0001, 52.17    ,-9.75    ,2024,,Kerry
IE-0001-208ke-6.dw.png,IE-0001, 52.17    ,-9.75    ,2024,,Kerry
IE-0001-208ke-7.dw.png,IE-0001, 52.17    ,-9.75    ,2024,,Kerry
IE-0001-208ke-8.dw.png,IE-0001, 52.17    ,-9.75    ,2024,,Kerry
IE-0001-208ke-9.dw.png,IE-0001, 52.17    ,-9.75    ,2024,,Kerry
IE-0002-932-10.dw.png,IE-0002, 52.50    ,-8.75    ,2024,,Limerick
IE-0002-932-11.dw.png,IE-0002, 52.50    ,-8.75    ,2024,,Limerick
IE-0002-932-12.dw.png,IE-0002, 52.50    ,-8.75    ,2024,,Limerick
IE-0002-932-2.dw.png,IE-0002, 52.50    ,-8.75    ,2024,,Limerick
IE-0002-932-3.dw.png,IE-0002, 52.50    ,-8.75    ,2024,,Limerick
IE-0002-932-4.dw.png,IE-0002, 52.50    ,-8.75    ,2024,,Limerick
IE-0002-932-5.dw.png,IE-0002, 52.50    ,-8.75    ,2024,,Limerick
IE-0002-932-6.dw.png,IE-0002, 52.50    ,-8.75    ,2024,,Limerick
IE-0002-932-7.dw.png,IE-0002, 52.50    ,-8.75    ,2024,,Limerick
IE-0002-932-8.dw.png,IE-0002, 52.50    ,-8.75    ,2024,,Limerick
IE-0002-932-9.dw.png,IE-0002, 52.50    ,-8.75    ,2024,,Limerick
IE-0003-933-1.dw.png,IE-0003, 53.83    ,-6.50    ,2024,,Louth
IE-0003-933-10.dw.png,IE-0003, 53.83    ,-6.50    ,2024,,Louth
IE-0003-933-11.dw.png,IE-0003, 53.83    ,-6.50    ,2024,,Louth
IE-0003-933-12.dw.png,IE-0003, 53.83    ,-6.50    ,2024,,Louth
IE-0003-933-2.dw.png,IE-0003, 53.83    ,-6.50    ,2024,,Louth
IE-0003-933-3.dw.png,IE-0003, 53.83    ,-6.50    ,2024,,Louth
IE-0003-933-4.dw.png,IE-0003, 53.83    ,-6.50    ,2024,,Louth
IE-0003-933-5.dw.png,IE-0003, 53.83    ,-6.50    ,2024,,Louth
IE-0003-933-6.dw.png,IE-0003, 53.83    ,-6.50    ,2024,,Louth
IE-0003-933-7.dw.png,IE-0003, 53.83    ,-6.50    ,2024,,Louth
IE-0003-933-8.dw.png,IE-0003, 53.83    ,-6.50    ,2024,,Louth
IE-0003-933-9.dw.png,IE-0003, 53.83    ,-6.50    ,2024,,Louth
IE-0004-934-1.dw.png,IE-0004, 53.83    ,-6.50    ,2024,,Louth
IE-0004-934-10.dw.png,IE-0004, 53.83    ,-6.50    ,2024,,Louth
IE-0004-934-11.dw.png,IE-0004, 53.83    ,-6.50    ,2024,,Louth
IE-0004-934-12.dw.png,IE-0004, 53.83    ,-6.50    ,2024,,Louth
IE-0004-934-2.dw.png,IE-0004, 53.83    ,-6.50    ,2024,,Louth
IE-0004-934-3.dw.png,IE-0004, 53.83    ,-6.50    ,2024,,Louth
IE-0004-934-4.dw.png,IE-0004, 53.83    ,-6.50    ,2024,,Louth
IE-0004-934-5.dw.png,IE-0004, 53.83    ,-6.50    ,2024,,Louth
IE-0004-934-6.dw.png,IE-0004, 53.83    ,-6.50    ,2024,,Louth
IE-0004-934-7.dw.png,IE-0004, 53.83    ,-6.50    ,2024,,Louth
IE-0004-934-8.dw.png,IE-0004, 53.83    ,-6.50    ,2024,,Louth
IE-0004-934-9.dw.png,IE-0004, 53.83    ,-6.50    ,2024,,Louth
IE-0005-935-1.dw.png,IE-0005, 53.83    ,-6.50    ,2024,,Louth
IE-0005-935-11.dw.png,IE-0005, 53.83    ,-6.50    ,2024,,Louth
IE-0005-935-12.dw.png,IE-0005, 53.83    ,-6.50    ,2024,,Louth
IE-0005-935-2.dw.png,IE-0005, 53.83    ,-6.50    ,2024,,Louth
IE-0005-935-3.dw.png,IE-0005, 53.83    ,-6.50    ,2024,,Louth
IE-0005-935-4.dw.png,IE-0005, 53.83    ,-6.50    ,2024,,Louth
IE-0005-935-6.dw.png,IE-0005, 53.83    ,-6.50    ,2024,,Louth
IE-0005-935-7.dw.png,IE-0005, 53.83    ,-6.50    ,2024,,Louth
IE-0005-935-8.dw.png,IE-0005, 53.83    ,-6.50    ,2024,,Louth
IE-0005-935-9.dw.png,IE-0005, 53.83    ,-6.50    ,2024,,Louth
IE-0006-936-1.dw.png,IE-0006, 52.17    ,-9.75    ,2024,,Kerry
IE-0006-936-10.dw.png,IE-0006, 52.17    ,-9.75    ,2024,,Kerry
IE-0006-936-11.dw.png,IE-0006, 52.17    ,-9.75    ,2024,,Kerry
IE-0006-936-2.dw.png,IE-0006, 52.17    ,-9.75    ,2024,,Kerry
IE-0006-936-3.dw.png,IE-0006, 52.17    ,-9.75    ,2024,,Kerry
IE-0006-936-4.dw.png,IE-0006, 52.17    ,-9.75    ,2024,,Kerry
IE-0006-936-5.dw.png,IE-0006, 52.17    ,-9.75    ,2024,,Kerry
IE-0006-936-6.dw.png,IE-0006, 52.17    ,-9.75    ,2024,,Kerry
IE-0006-936-7.dw.png,IE-0006, 52.17    ,-9.75    ,2024,,Kerry
IE-0006-936-8.dw.png,IE-0006, 52.17    ,-9.75    ,2024,,Kerry
IE-0006-936-9.dw.png,IE-0006, 52.17    ,-9.75    ,2024,,Kerry
IE-0007-937-1.dw.png,IE-0007, 53.33    ,-9.00    ,2024,,Galway
IE-0007-937-10.dw.png,IE-0007, 53.33    ,-9.00    ,2024,,Galway
IE-0007-937-11.dw.png,IE-0007, 53.33    ,-9.00    ,2024,,Galway
IE-0007-937-12.dw.png,IE-0007, 53.33    ,-9.00    ,2024,,Galway
IE-0007-937-2.dw.png,IE-0007, 53.33    ,-9.00    ,2024,,Galway
IE-0007-937-3.dw.png,IE-0007, 53.33    ,-9.00    ,2024,,Galway
IE-0007-937-4.dw.png,IE-0007, 53.33    ,-9.00    ,2024,,Galway
IE-0007-937-5.dw.png,IE-0007, 53.33    ,-9.00    ,2024,,Galway
IE-0007-937-6.dw.png,IE-0007, 53.33    ,-9.00    ,2024,,Galway
IE-0007-937-7.dw.png,IE-0007, 53.33    ,-9.00    ,2024,,Galway
IE-0007-937-8.dw.png,IE-0007, 53.33    ,-9.00    ,2024,,Galway
IE-0007-937-9.dw.png,IE-0007, 53.33    ,-9.00    ,2024,,Galway
IE-0008-938-1.dw.png,IE-0008, 53.90    ,-9.25    ,2024,,Mayo
IE-0008-938-10.dw.png,IE-0008, 53.90    ,-9.25    ,2024,,Mayo
IE-0008-938-11.dw.png,IE-0008, 53.90    ,-9.25    ,2024,,Mayo
IE-0008-938-12.dw.png,IE-0008, 53.90    ,-9.25    ,2024,,Mayo
IE-0008-938-2.dw.png,IE-0008, 53.90    ,-9.25    ,2024,,Mayo
IE-0008-938-3.dw.png,IE-0008, 53.90    ,-9.25    ,2024,,Mayo
IE-0008-938-4.dw.png,IE-0008, 53.90    ,-9.25    ,2024,,Mayo
IE-0008-938-5.dw.png,IE-0008, 53.90    ,-9.25    ,2024,,Mayo
IE-0008-938-6.dw.png,IE-0008, 53.90    ,-9.25    ,2024,,Mayo
IE-0008-938-7.dw.png,IE-0008, 53.90    ,-9.25    ,2024,,Mayo
IE-0008-938-8.dw.png,IE-0008, 53.90    ,-9.25    ,2024,,Mayo
IE-0008-938-9.dw.png,IE-0008, 53.90    ,-9.25    ,2024,,Mayo
IE-0009-940-1.dw.png,IE-0009, 52.67    ,-7.83    ,2024,,Tipperary
IE-0009-940-10.dw.png,IE-0009, 52.67    ,-7.83    ,2024,,Tipperary
IE-0009-940-11.dw.png,IE-0009, 52.67    ,-7.83    ,2024,,Tipperary
IE-0009-940-12.dw.png,IE-0009, 52.67    ,-7.83    ,2024,,Tipperary
IE-0009-940-2.dw.png,IE-0009, 52.67    ,-7.83    ,2024,,Tipperary
IE-0009-940-3.dw.png,IE-0009, 52.67    ,-7.83    ,2024,,Tipperary
IE-0009-940-4.dw.png,IE-0009, 52.67    ,-7.83    ,2024,,Tipperary
IE-0009-940-5.dw.png,IE-0009, 52.67    ,-7.83    ,2024,,Tipperary
IE-0009-940-6.dw.png,IE-0009, 52.67    ,-7.83    ,2024,,Tipperary
IE-0009-940-7.dw.png,IE-0009, 52.67    ,-7.83    ,2024,,Tipperary
IE-0009-940-8.dw.png,IE-0009, 52.67    ,-7.83    ,2024,,Tipperary
IE-0009-940-9.dw.png,IE-0009, 52.67    ,-7.83    ,2024,,Tipperary
IE-0010-941-1.dw.png,IE-0010, 53.00    ,-6.42    ,2024,,Wicklow
IE-0010-941-10.dw.png,IE-0010, 53.00    ,-6.42    ,2024,,Wicklow
IE-0010-941-11.dw.png,IE-0010, 53.00    ,-6.42    ,2024,,Wicklow
IE-0010-941-12.dw.png,IE-0010, 53.00    ,-6.42    ,2024,,Wicklow
IE-0010-941-2.dw.png,IE-0010, 53.00    ,-6.42    ,2024,,Wicklow
IE-0010-941-3.dw.png,IE-0010, 53.00    ,-6.42    ,2024,,Wicklow
IE-0010-941-4.dw.png,IE-0010, 53.00    ,-6.42    ,2024,,Wicklow
IE-0010-941-5.dw.png,IE-0010, 53.00    ,-6.42    ,2024,,Wicklow
IE-0010-941-6.dw.png,IE-0010, 53.00    ,-6.42    ,2024,,Wicklow
IE-0010-941-7.dw.png,IE-0010, 53.00    ,-6.42    ,2024,,Wicklow
IE-0010-941-8.dw.png,IE-0010, 53.00    ,-6.42    ,2024,,Wicklow
IE-0010-941-9.dw.png,IE-0010, 53.00    ,-6.42    ,2024,,Wicklow
IE-0011-942-1.dw.png,IE-0011, 53.90    ,-9.25    ,2024,,Mayo
IE-0011-942-10.dw.png,IE-0011, 53.90    ,-9.25    ,2024,,Mayo
IE-0011-942-11.dw.png,IE-0011, 53.90    ,-9.25    ,2024,,Mayo
IE-0011-942-12.dw.png,IE-0011, 53.90    ,-9.25    ,2024,,Mayo
IE-0011-942-3.dw.png,IE-0011, 53.90    ,-9.25    ,2024,,Mayo
IE-0011-942-4.dw.png,IE-0011, 53.90    ,-9.25    ,2024,,Mayo
IE-0011-942-5.dw.png,IE-0011, 53.90    ,-9.25    ,2024,,Mayo
IE-0011-942-6.dw.png,IE-0011, 53.90    ,-9.25    ,2024,,Mayo
IE-0011-942-7.dw.png,IE-0011, 53.90    ,-9.25    ,2024,,Mayo
IE-0011-942-8.dw.png,IE-0011, 53.90    ,-9.25    ,2024,,Mayo
IE-0011-942-9.dw.png,IE-0011, 53.90    ,-9.25    ,2024,,Mayo
IE-0012-943-10.dw.png,IE-0012, 53.90    ,-9.25    ,2024,,Mayo
IE-0012-943-11.dw.png,IE-0012, 53.90    ,-9.25    ,2024,,Mayo
IE-0012-943-12.dw.png,IE-0012, 53.90    ,-9.25    ,2024,,Mayo
IE-0012-943-2.dw.png,IE-0012, 53.90    ,-9.25    ,2024,,Mayo
IE-0012-943-3.dw.png,IE-0012, 53.90    ,-9.25    ,2024,,Mayo
IE-0012-943-4.dw.png,IE-0012, 53.90    ,-9.25    ,2024,,Mayo
IE-0012-943-5.dw.png,IE-0012, 53.90    ,-9.25    ,2024,,Mayo
IE-0012-943-6.dw.png,IE-0012, 53.90    ,-9.25    ,2024,,Mayo
IE-0012-943-7.dw.png,IE-0012, 53.90    ,-9.25    ,2024,,Mayo
IE-0012-943-8.dw.png,IE-0012, 53.90    ,-9.25    ,2024,,Mayo
IE-0013-944-1.dw.png,IE-0013, 53.42    ,-6.25    ,2024,,Dublin
IE-0013-944-10.dw.png,IE-0013, 53.42    ,-6.25    ,2024,,Dublin
IE-0013-944-11.dw.png,IE-0013, 53.42    ,-6.25    ,2024,,Dublin
IE-0013-944-12.dw.png,IE-0013, 53.42    ,-6.25    ,2024,,Dublin
IE-0013-944-3.dw.png,IE-0013, 53.42    ,-6.25    ,2024,,Dublin
IE-0013-944-4.dw.png,IE-0013, 53.42    ,-6.25    ,2024,,Dublin
IE-0013-944-5.dw.png,IE-0013, 53.42    ,-6.25    ,2024,,Dublin
IE-0013-944-6.dw.png,IE-0013, 53.42    ,-6.25    ,2024,,Dublin
IE-0013-944-7.dw.png,IE-0013, 53.42    ,-6.25    ,2024,,Dublin
IE-0013-944-8.dw.png,IE-0013, 53.42    ,-6.25    ,2024,,Dublin
IE-0013-944-9.dw.png,IE-0013, 53.42    ,-6.25    ,2024,,Dublin
IE-0014-945-1.dw.png,IE-0014, 52.00    ,-8.75    ,2024,,Cork
IE-0014-945-10.dw.png,IE-0014, 52.00    ,-8.75    ,2024,,Cork
IE-0014-945-11.dw.png,IE-0014, 52.00    ,-8.75    ,2024,,Cork
IE-0014-945-12.dw.png,IE-0014, 52.00    ,-8.75    ,2024,,Cork
IE-0014-945-2.dw.png,IE-0014, 52.00    ,-8.75    ,2024,,Cork
IE-0014-945-3.dw.png,IE-0014, 52.00    ,-8.75    ,2024,,Cork
IE-0014-945-4.dw.png,IE-0014, 52.00    ,-8.75    ,2024,,Cork
IE-0014-945-5.dw.png,IE-0014, 52.00    ,-8.75    ,2024,,Cork
IE-0014-945-6.dw.png,IE-0014, 52.00    ,-8.75    ,2024,,Cork
IE-0014-945-7.dw.png,IE-0014, 52.00    ,-8.75    ,2024,,Cork
IE-0014-945-8.dw.png,IE-0014, 52.00    ,-8.75    ,2024,,Cork
IE-0014-945-9.dw.png,IE-0014, 52.00    ,-8.75    ,2024,,Cork
IE-0015-946-1.dw.png,IE-0015, 53.00    ,-8.00    ,2024,,Unknown
IE-0015-946-10.dw.png,IE-0015, 53.00    ,-8.00    ,2024,,Unknown
IE-0015-946-11.dw.png,IE-0015, 53.00    ,-8.00    ,2024,,Unknown
IE-0015-946-12.dw.png,IE-0015, 53.00    ,-8.00    ,2024,,Unknown
IE-0015-946-2.dw.png,IE-0015, 53.00    ,-8.00    ,2024,,Unknown
IE-0015-946-3.dw.png,IE-0015, 53.00    ,-8.00    ,2024,,Unknown
IE-0015-946-4.dw.png,IE-0015, 53.00    ,-8.00    ,2024,,Unknown
IE-0015-946-6.dw.png,IE-0015, 53.00    ,-8.00    ,2024,,Unknown
IE-0015-946-7.dw.png,IE-0015, 53.00    ,-8.00    ,2024,,Unknown
IE-0015-946-8.dw.png,IE-0015, 53.00    ,-8.00    ,2024,,Unknown
IE-0015-946-9.dw.png,IE-0015, 53.00    ,-8.00    ,2024,,Unknown
IE-0016-947-1.dw.png,IE-0016, 53.00    ,-6.42    ,2024,,Wicklow
IE-0016-947-10.dw.png,IE-0016, 53.00    ,-6.42    ,2024,,Wicklow
IE-0016-947-11.dw.png,IE-0016, 53.00    ,-6.42    ,2024,,Wicklow
IE-0016-947-12.dw.png,IE-0016, 53.00    ,-6.42    ,2024,,Wicklow
IE-0016-947-2.dw.png,IE-0016, 53.00    ,-6.42    ,2024,,Wicklow
IE-0016-947-3.dw.png,IE-0016, 53.00    ,-6.42    ,2024,,Wicklow
IE-0016-947-4.dw.png,IE-0016, 53.00    ,-6.42    ,2024,,Wicklow
IE-0016-947-5.dw.png,IE-0016, 53.00    ,-6.42    ,2024,,Wicklow
IE-0016-947-6.dw.png,IE-0016, 53.00    ,-6.42    ,2024,,Wicklow
IE-0016-947-7.dw.png,IE-0016, 53.00    ,-6.42    ,2024,,Wicklow
IE-0016-947-8.dw.png,IE-0016, 53.00    ,-6.42    ,2024,,Wicklow
IE-0016-947-9.dw.png,IE-0016, 53.00    ,-6.42    ,2024,,Wicklow
IE-0017-948-1.dw.png,IE-0017, 53.00    ,-6.42    ,2024,,Wicklow
IE-0017-948-10.dw.png,IE-0017, 53.00    ,-6.42    ,2024,,Wicklow
IE-0017-948-11.dw.png,IE-0017, 53.00    ,-6.42    ,2024,,Wicklow
IE-0017-948-12.dw.png,IE-0017, 53.00    ,-6.42    ,2024,,Wicklow
IE-0017-948-2.dw.png,IE-0017, 53.00    ,-6.42    ,2024,,Wicklow
IE-0017-948-3.dw.png,IE-0017, 53.00    ,-6.42    ,2024,,Wicklow
IE-0017-948-5.dw.png,IE-0017, 53.00    ,-6.42    ,2024,,Wicklow
IE-0017-948-6.dw.png,IE-0017, 53.00    ,-6.42    ,2024,,Wicklow
IE-0017-948-7.dw.png,IE-0017, 53.00    ,-6.42    ,2024,,Wicklow
IE-0017-948-8.dw.png,IE-0017, 53.00    ,-6.42    ,2024,,Wicklow
IE-0017-948-9.dw.png,IE-0017, 53.00    ,-6.42    ,2024,,Wicklow
IE-0018-949-1.dw.png,IE-0018, 53.50    ,-7.50    ,2024,,Westmeath
IE-0018-949-10.dw.png,IE-0018, 53.50    ,-7.50    ,2024,,Westmeath
IE-0018-949-11.dw.png,IE-0018, 53.50    ,-7.50    ,2024,,Westmeath
IE-0018-949-12.dw.png,IE-0018, 53.50    ,-7.50    ,2024,,Westmeath
IE-0018-949-2.dw.png,IE-0018, 53.50    ,-7.50    ,2024,,Westmeath
IE-0018-949-3.dw.png,IE-0018, 53.50    ,-7.50    ,2024,,Westmeath
IE-0018-949-4.dw.png,IE-0018, 53.50    ,-7.50    ,2024,,Westmeath
IE-0018-949-5.dw.png,IE-0018, 53.50    ,-7.50    ,2024,,Westmeath
IE-0018-949-6.dw.png,IE-0018, 53.50    ,-7.50    ,2024,,Westmeath
IE-0018-949-7.dw.png,IE-0018, 53.50    ,-7.50    ,2024,,Westmeath
IE-0018-949-8.dw.png,IE-0018, 53.50    ,-7.50    ,2024,,Westmeath
IE-0018-949-9.dw.png,IE-0018, 53.50    ,-7.50    ,2024,,Westmeath
IE-0019-950-1.dw.png,IE-0019, 53.33    ,-9.00    ,2024,,Galway
IE-0019-950-10.dw.png,IE-0019, 53.33    ,-9.00    ,2024,,Galway
IE-0019-950-11.dw.png,IE-0019, 53.33    ,-9.00    ,2024,,Galway
IE-0019-950-12.dw.png,IE-0019, 53.33    ,-9.00    ,2024,,Galway
IE-0019-950-2.dw.png,IE-0019, 53.33    ,-9.00    ,2024,,Galway
IE-0019-950-3.dw.png,IE-0019, 53.33    ,-9.00    ,2024,,Galway
IE-0019-950-4.dw.png,IE-0019, 53.33    ,-9.00    ,2024,,Galway
IE-0019-950-5.dw.png,IE-0019, 53.33    ,-9.00    ,2024,,Galway
IE-0019-950-6.dw.png,IE-0019, 53.33    ,-9.00    ,2024,,Galway
IE-0019-950-7.dw.png,IE-0019, 53.33    ,-9.00    ,2024,,Galway
IE-0019-950-9.dw.png,IE-0019, 53.33    ,-9.00    ,2024,,Galway
IE-0020-951-1.dw.png,IE-0020, 52.67    ,-7.83    ,2024,,Tipperary
IE-0020-951-10.dw.png,IE-0020, 52.67    ,-7.83    ,2024,,Tipperary
IE-0020-951-11.dw.png,IE-0020, 52.67    ,-7.83    ,2024,,Tipperary
IE-0020-951-12.dw.png,IE-0020, 52.67    ,-7.83    ,2024,,Tipperary
IE-0020-951-2.dw.png,IE-0020, 52.67    ,-7.83    ,2024,,Tipperary
IE-0020-951-3.dw.png,IE-0020, 52.67    ,-7.83    ,2024,,Tipperary
IE-0020-951-4.dw.png,IE-0020, 52.67    ,-7.83    ,2024,,Tipperary
IE-0020-951-5.dw.png,IE-0020, 52.67    ,-7.83    ,2024,,Tipperary
IE-0020-951-6.dw.png,IE-0020, 52.67    ,-7.83    ,2024,,Tipperary
IE-0020-951-7.dw.png,IE-0020, 52.67    ,-7.83    ,2024,,Tipperary
IE-0020-951-8.dw.png,IE-0020, 52.67    ,-7.83    ,2024,,Tipperary
IE-0020-951-9.dw.png,IE-0020, 52.67    ,-7.83    ,2024,,Tipperary
IE-0021-952-1.dw.png,IE-0021, 54.24    ,-7.04    ,2024,,Monaghan
IE-0021-952-10.dw.png,IE-0021, 54.24    ,-7.04    ,2024,,Monaghan
IE-0021-952-11.dw.png,IE-0021, 54.24    ,-7.04    ,2024,,Monaghan
IE-0021-952-12.dw.png,IE-0021, 54.24    ,-7.04    ,2024,,Monaghan
IE-0021-952-2.dw.png,IE-0021, 54.24    ,-7.04    ,2024,,Monaghan
IE-0021-952-3.dw.png,IE-0021, 54.24    ,-7.04    ,2024,,Monaghan
IE-0021-952-4.dw.png,IE-0021, 54.24    ,-7.04    ,2024,,Monaghan
IE-0021-952-5.dw.png,IE-0021, 54.24    ,-7.04    ,2024,,Monaghan
IE-0021-952-6.dw.png,IE-0021, 54.24    ,-7.04    ,2024,,Monaghan
IE-0021-952-7.dw.png,IE-0021, 54.24    ,-7.04    ,2024,,Monaghan
IE-0021-952-8.dw.png,IE-0021, 54.24    ,-7.04    ,2024,,Monaghan
IE-0021-952-9.dw.png,IE-0021, 54.24    ,-7.04    ,2024,,Monaghan
IE-0022-953-10.dw.png,IE-0022, 52.67    ,-7.83    ,2024,,Tipperary
IE-0022-953-11.dw.png,IE-0022, 52.67    ,-7.83    ,2024,,Tipperary
IE-0022-953-2.dw.png,IE-0022, 52.67    ,-7.83    ,2024,,Tipperary
IE-0022-953-3.dw.png,IE-0022, 52.67    ,-7.83    ,2024,,Tipperary
IE-0022-953-4.dw.png,IE-0022, 52.67    ,-7.83    ,2024,,Tipperary
IE-0022-953-5.dw.png,IE-0022, 52.67    ,-7.83    ,2024,,Tipperary
IE-0022-953-6.dw.png,IE-0022, 52.67    ,-7.83    ,2024,,Tipperary
IE-0022-953-7.dw.png,IE-0022, 52.67    ,-7.83    ,2024,,Tipperary
IE-0022-953-8.dw.png,IE-0022, 52.67    ,-7.83    ,2024,,Tipperary
IE-0022-953-9.dw.png,IE-0022, 52.67    ,-7.83    ,2024,,Tipperary
IE-0023-954-1.dw.png,IE-0023, 53.00    ,-7.40    ,2024,,Laois
IE-0023-954-10.dw.png,IE-0023, 53.00    ,-7.40    ,2024,,Laois
IE-0023-954-11.dw.png,IE-0023, 53.00    ,-7.40    ,2024,,Laois
IE-0023-954-2.dw.png,IE-0023, 53.00    ,-7.40    ,2024,,Laois
IE-0023-954-3.dw.png,IE-0023, 53.00    ,-7.40    ,2024,,Laois
IE-0023-954-4.dw.png,IE-0023, 53.00    ,-7.40    ,2024,,Laois
IE-0023-954-5.dw.png,IE-0023, 53.00    ,-7.40    ,2024,,Laois
IE-0023-954-6.dw.png,IE-0023, 53.00    ,-7.40    ,2024,,Laois
IE-0023-954-7.dw.png,IE-0023, 53.00    ,-7.40    ,2024,,Laois
IE-0023-954-8.dw.png,IE-0023, 53.00    ,-7.40    ,2024,,Laois
IE-0023-954-9.dw.png,IE-0023, 53.00    ,-7.40    ,2024,,Laois
IE-0024-955-1.dw.png,IE-0024, 52.67    ,-7.83    ,2024,,Tipperary
IE-0024-955-10.dw.png,IE-0024, 52.67    ,-7.83    ,2024,,Tipperary
IE-0024-955-11.dw.png,IE-0024, 52.67    ,-7.83    ,2024,,Tipperary
IE-0024-955-12.dw.png,IE-0024, 52.67    ,-7.83    ,2024,,Tipperary
IE-0024-955-2.dw.png,IE-0024, 52.67    ,-7.83    ,2024,,Tipperary
IE-0024-955-3.dw.png,IE-0024, 52.67    ,-7.83    ,2024,,Tipperary
IE-0024-955-4.dw.png,IE-0024, 52.67    ,-7.83    ,2024,,Tipperary
IE-0024-955-5.dw.png,IE-0024, 52.67    ,-7.83    ,2024,,Tipperary
IE-0024-955-6.dw.png,IE-0024, 52.67    ,-7.83    ,2024,,Tipperary
IE-0024-955-7.dw.png,IE-0024, 52.67    ,-7.83    ,2024,,Tipperary
IE-0024-955-8.dw.png,IE-0024, 52.67    ,-7.83    ,2024,,Tipperary
IE-0024-955-9.dw.png,IE-0024, 52.67    ,-7.83    ,2024,,Tipperary
IE-0025-956-1.dw.png,IE-0025, 52.67    ,-6.83    ,2024,,Carlow
IE-0025-956-10.dw.png,IE-0025, 52.67    ,-6.83    ,2024,,Carlow
IE-0025-956-11.dw.png,IE-0025, 52.67    ,-6.83    ,2024,,Carlow
IE-0025-956-12.dw.png,IE-0025, 52.67    ,-6.83    ,2024,,Carlow
IE-0025-956-2.dw.png,IE-0025, 52.67    ,-6.83    ,2024,,Carlow
IE-0025-956-3.dw.png,IE-0025, 52.67    ,-6.83    ,2024,,Carlow
IE-0025-956-4.dw.png,IE-0025, 52.67    ,-6.83    ,2024,,Carlow
IE-0025-956-5.dw.png,IE-0025, 52.67    ,-6.83    ,2024,,Carlow
IE-0025-956-6.dw.png,IE-0025, 52.67    ,-6.83    ,2024,,Carlow
IE-0025-956-7.dw.png,IE-0025, 52.67    ,-6.83    ,2024,,Carlow
IE-0025-956-8.dw.png,IE-0025, 52.67    ,-6.83    ,2024,,Carlow
IE-0025-956-9.dw.png,IE-0025, 52.67    ,-6.83    ,2024,,Carlow
IE-0026-957-1.dw.png,IE-0026, 52.50    ,-6.75    ,2024,,Wexford
IE-0026-957-10.dw.png,IE-0026, 52.50    ,-6.75    ,2024,,Wexford
IE-0026-957-11.dw.png,IE-0026, 52.50    ,-6.75    ,2024,,Wexford
IE-0026-957-12.dw.png,IE-0026, 52.50    ,-6.75    ,2024,,Wexford
IE-0026-957-2.dw.png,IE-0026, 52.50    ,-6.75    ,2024,,Wexford
IE-0026-957-3.dw.png,IE-0026, 52.50    ,-6.75    ,2024,,Wexford
IE-0026-957-4.dw.png,IE-0026, 52.50    ,-6.75    ,2024,,Wexford
IE-0026-957-5.dw.png,IE-0026, 52.50    ,-6.75    ,2024,,Wexford
IE-0026-957-7.dw.png,IE-0026, 52.50    ,-6.75    ,2024,,Wexford
IE-0026-957-8.dw.png,IE-0026, 52.50    ,-6.75    ,2024,,Wexford
IE-0026-957-9.dw.png,IE-0026, 52.50    ,-6.75    ,2024,,Wexford
IE-0027-958-1.dw.png,IE-0027, 53.00    ,-6.42    ,2024,,Wicklow
IE-0027-958-10.dw.png,IE-0027, 53.00    ,-6.42    ,2024,,Wicklow
IE-0027-958-11.dw.png,IE-0027, 53.00    ,-6.42    ,2024,,Wicklow
IE-0027-958-12.dw.png,IE-0027, 53.00    ,-6.42    ,2024,,Wicklow
IE-0027-958-2.dw.png,IE-0027, 53.00    ,-6.42    ,2024,,Wicklow
IE-0027-958-3.dw.png,IE-0027, 53.00    ,-6.42    ,2024,,Wicklow
IE-0027-958-4.dw.png,IE-0027, 53.00    ,-6.42    ,2024,,Wicklow
IE-0027-958-5.dw.png,IE-0027, 53.00    ,-6.42    ,2024,,Wicklow
IE-0027-958-6.dw.png,IE-0027, 53.00    ,-6.42    ,2024,,Wicklow
IE-0027-958-7.dw.png,IE-0027, 53.00    ,-6.42    ,2024,,Wicklow
IE-0027-958-8.dw.png,IE-0027, 53.00    ,-6.42    ,2024,,Wicklow
IE-0027-958-9.dw.png,IE-0027, 53.00    ,-6.42    ,2024,,Wicklow
IE-0028-959-1.dw.png,IE-0028, 53.90    ,-9.25    ,2024,,Mayo
IE-0028-959-10.dw.png,IE-0028, 53.90    ,-9.25    ,2024,,Mayo
IE-0028-959-11.dw.png,IE-0028, 53.90    ,-9.25    ,2024,,Mayo
IE-0028-959-12.dw.png,IE-0028, 53.90    ,-9.25    ,2024,,Mayo
IE-0028-959-2.dw.png,IE-0028, 53.90    ,-9.25    ,2024,,Mayo
IE-0028-959-4.dw.png,IE-0028, 53.90    ,-9.25    ,2024,,Mayo
IE-0028-959-5.dw.png,IE-0028, 53.90    ,-9.25    ,2024,,Mayo
IE-0028-959-6.dw.png,IE-0028, 53.90    ,-9.25    ,2024,,Mayo
IE-0028-959-7.dw.png,IE-0028, 53.90    ,-9.25    ,2024,,Mayo
IE-0028-959-8.dw.png,IE-0028, 53.90    ,-9.25    ,2024,,Mayo
IE-0028-959-9.dw.png,IE-0028, 53.90    ,-9.25    ,2024,,Mayo
IE-0029-960-1.dw.png,IE-0029, 52.67    ,-7.83    ,2024,,Tipperary
IE-0029-960-10.dw.png,IE-0029, 52.67    ,-7.83    ,2024,,Tipperary
IE-0029-960-11.dw.png,IE-0029, 52.67    ,-7.83    ,2024,,Tipperary
IE-0029-960-12.dw.png,IE-0029, 52.67    ,-7.83    ,2024,,Tipperary
IE-0029-960-2.dw.png,IE-0029, 52.67    ,-7.83    ,2024,,Tipperary
IE-0029-960-3.dw.png,IE-0029, 52.67    ,-7.83    ,2024,,Tipperary
IE-0029-960-4.dw.png,IE-0029, 52.67    ,-7.83    ,2024,,Tipperary
IE-0029-960-5.dw.png,IE-0029, 52.67    ,-7.83    ,2024,,Tipperary
IE-0029-960-6.dw.png,IE-0029, 52.67    ,-7.83    ,2024,,Tipperary
IE-0029-960-7.dw.png,IE-0029, 52.67    ,-7.83    ,2024,,Tipperary
IE-0029-960-8.dw.png,IE-0029, 52.67    ,-7.83    ,2024,,Tipperary
IE-0029-960-9.dw.png,IE-0029, 52.67    ,-7.83    ,2024,,Tipperary
IE-0030-BB353-1.dw.png,IE-0030, 53.33    ,-9.00    ,2024,,Galway
IE-0030-BB353-10.dw.png,IE-0030, 53.33    ,-9.00    ,2024,,Galway
IE-0030-BB353-11.dw.png,IE-0030, 53.33    ,-9.00    ,2024,,Galway
IE-0030-BB353-12.dw.png,IE-0030, 53.33    ,-9.00    ,2024,,Galway
IE-0030-BB353-2.dw.png,IE-0030, 53.33    ,-9.00    ,2024,,Galway
IE-0030-BB353-3.dw.png,IE-0030, 53.33    ,-9.00    ,2024,,Galway
IE-0030-BB353-4.dw.png,IE-0030, 53.33    ,-9.00    ,2024,,Galway
IE-0030-BB353-5.dw.png,IE-0030, 53.33    ,-9.00    ,2024,,Galway
IE-0030-BB353-6.dw.png,IE-0030, 53.33    ,-9.00    ,2024,,Galway
IE-0030-BB353-7.dw.png,IE-0030, 53.33    ,-9.00    ,2024,,Galway
IE-0030-BB353-8.dw.png,IE-0030, 53.33    ,-9.00    ,2024,,Galway
IE-0030-BB353-9.dw.png,IE-0030, 53.33    ,-9.00    ,2024,,Galway
IE-0031-BB360-1.dw.png,IE-0031, 53.33    ,-9.00    ,2024,,Galway
IE-0031-BB360-10.dw.png,IE-0031, 53.33    ,-9.00    ,2024,,Galway
IE-0031-BB360-11.dw.png,IE-0031, 53.33    ,-9.00    ,2024,,Galway
IE-0031-BB360-12.dw.png,IE-0031, 53.33    ,-9.00    ,2024,,Galway
IE-0031-BB360-2.dw.png,IE-0031, 53.33    ,-9.00    ,2024,,Galway
IE-0031-BB360-3.dw.png,IE-0031, 53.33    ,-9.00    ,2024,,Galway
IE-0031-BB360-4.dw.png,IE-0031, 53.33    ,-9.00    ,2024,,Galway
IE-0031-BB360-5.dw.png,IE-0031, 53.33    ,-9.00    ,2024,,Galway
IE-0031-BB360-6.dw.png,IE-0031, 53.33    ,-9.00    ,2024,,Galway
IE-0031-BB360-7.dw.png,IE-0031, 53.33    ,-9.00    ,2024,,Galway
IE-0031-BB360-8.dw.png,IE-0031, 53.33    ,-9.00    ,2024,,Galway
IE-0031-BB360-9.dw.png,IE-0031, 53.33    ,-9.00    ,2024,,Galway
IE-0032-BB362-1.dw.png,IE-0032, 53.33    ,-9.00    ,2024,,Galway
IE-0032-BB362-10.dw.png,IE-0032, 53.33    ,-9.00    ,2024,,Galway
IE-0032-BB362-11.dw.png,IE-0032, 53.33    ,-9.00    ,2024,,Galway
IE-0032-BB362-12.dw.png,IE-0032, 53.33    ,-9.00    ,2024,,Galway
IE-0032-BB362-2.dw.png,IE-0032, 53.33    ,-9.00    ,2024,,Galway
IE-0032-BB362-3.dw.png,IE-0032, 53.33    ,-9.00    ,2024,,Galway
IE-0032-BB362-4.dw.png,IE-0032, 53.33    ,-9.00    ,2024,,Galway
IE-0032-BB362-5.dw.png,IE-0032, 53.33    ,-9.00    ,2024,,Galway
IE-0032-BB362-6.dw.png,IE-0032, 53.33    ,-9.00    ,2024,,Galway
IE-0032-BB362-7.dw.png,IE-0032, 53.33    ,-9.00    ,2024,,Galway
IE-0032-BB362-8.dw.png,IE-0032, 53.33    ,-9.00    ,2024,,Galway
IE-0032-BB362-9.dw.png,IE-0032, 53.33    ,-9.00    ,2024,,Galway
IE-0033-BB374-108.dw.png,IE-0033, 53.00    ,-8.00    ,2024,,Unknown
IE-0033-BB374-112.dw.png,IE-0033, 53.00    ,-8.00    ,2024,,Unknown
IE-0033-BB374-146.dw.png,IE-0033, 53.00    ,-8.00    ,2024,,Unknown
IE-0033-BB374-148.dw.png,IE-0033, 53.00    ,-8.00    ,2024,,Unknown
IE-0033-BB374-153.dw.png,IE-0033, 53.00    ,-8.00    ,2024,,Unknown
IE-0033-BB374-181.dw.png,IE-0033, 53.00    ,-8.00    ,2024,,Unknown
IE-0033-BB374-184.dw.png,IE-0033, 53.00    ,-8.00    ,2024,,Unknown
IE-0033-BB374-22.dw.png,IE-0033, 53.00    ,-8.00    ,2024,,Unknown
IE-0033-BB374-52.dw.png,IE-0033, 53.00    ,-8.00    ,2024,,Unknown
IE-0033-BB374-55.dw.png,IE-0033, 53.00    ,-8.00    ,2024,,Unknown
IE-0033-BB374-92.dw.png,IE-0033, 53.00    ,-8.00    ,2024,,Unknown
IE-0034-BB375-19.dw.png,IE-0034, 54.92    ,-8.00    ,2024,,Donegal
IE-0034-BB375-22.dw.png,IE-0034, 54.92    ,-8.00    ,2024,,Donegal
IE-0034-BB375-25.dw.png,IE-0034, 54.92    ,-8.00    ,2024,,Donegal
IE-0034-BB375-36.dw.png,IE-0034, 54.92    ,-8.00    ,2024,,Donegal
IE-0034-BB375-41.dw.png,IE-0034, 54.92    ,-8.00    ,2024,,Donegal
IE-0034-BB375-54.dw.png,IE-0034, 54.92    ,-8.00    ,2024,,Donegal
IE-0034-BB375-55.dw.png,IE-0034, 54.92    ,-8.00    ,2024,,Donegal
IE-0034-BB375-57.dw.png,IE-0034, 54.92    ,-8.00    ,2024,,Donegal
IE-0034-BB375-73.dw.png,IE-0034, 54.92    ,-8.00    ,2024,,Donegal
IE-0034-BB375-74.dw.png,IE-0034, 54.92    ,-8.00    ,2024,,Donegal
IE-0035-BB382-1.dw.png,IE-0035, 53.67    ,-7.75    ,2024,,Longford
IE-0035-BB382-10.dw.png,IE-0035, 53.67    ,-7.75    ,2024,,Longford
IE-0035-BB382-11.dw.png,IE-0035, 53.67    ,-7.75    ,2024,,Longford
IE-0035-BB382-12.dw.png,IE-0035, 53.67    ,-7.75    ,2024,,Longford
IE-0035-BB382-2.dw.png,IE-0035, 53.67    ,-7.75    ,2024,,Longford
IE-0035-BB382-3.dw.png,IE-0035, 53.67    ,-7.75    ,2024,,Longford
IE-0035-BB382-4.dw.png,IE-0035, 53.67    ,-7.75    ,2024,,Longford
IE-0035-BB382-5.dw.png,IE-0035, 53.67    ,-7.75    ,2024,,Longford
IE-0035-BB382-6.dw.png,IE-0035, 53.67    ,-7.75    ,2024,,Longford
IE-0035-BB382-7.dw.png,IE-0035, 53.67    ,-7.75    ,2024,,Longford
IE-0035-BB382-8.dw.png,IE-0035, 53.67    ,-7.75    ,2024,,Longford
IE-0035-BB382-9.dw.png,IE-0035, 53.67    ,-7.75    ,2024,,Longford
IE-0036-BB383-10.dw.png,IE-0036, 53.67    ,-7.75    ,2024,,Longford
IE-0036-BB383-18.dw.png,IE-0036, 53.67    ,-7.75    ,2024,,Longford
IE-0036-BB383-24.dw.png,IE-0036, 53.67    ,-7.75    ,2024,,Longford
IE-0036-BB383-25.dw.png,IE-0036, 53.67    ,-7.75    ,2024,,Longford
IE-0036-BB383-41.dw.png,IE-0036, 53.67    ,-7.75    ,2024,,Longford
IE-0036-BB383-48.dw.png,IE-0036, 53.67    ,-7.75    ,2024,,Longford
IE-0036-BB383-51.dw.png,IE-0036, 53.67    ,-7.75    ,2024,,Longford
IE-0036-BB383-66.dw.png,IE-0036, 53.67    ,-7.75    ,2024,,Longford
IE-0036-BB383-68.dw.png,IE-0036, 53.67    ,-7.75    ,2024,,Longford
IE-0036-BB383-69.dw.png,IE-0036, 53.67    ,-7.75    ,2024,,Longford
IE-0037-BB384-1.dw.png,IE-0037, 53.67    ,-7.75    ,2024,,Longford
IE-0037-BB384-18.dw.png,IE-0037, 53.67    ,-7.75    ,2024,,Longford
IE-0037-BB384-20.dw.png,IE-0037, 53.67    ,-7.75    ,2024,,Longford
IE-0037-BB384-22.dw.png,IE-0037, 53.67    ,-7.75    ,2024,,Longford
IE-0037-BB384-35.dw.png,IE-0037, 53.67    ,-7.75    ,2024,,Longford
IE-0037-BB384-37.dw.png,IE-0037, 53.67    ,-7.75    ,2024,,Longford
IE-0037-BB384-38.dw.png,IE-0037, 53.67    ,-7.75    ,2024,,Longford
IE-0037-BB384-48.dw.png,IE-0037, 53.67    ,-7.75    ,2024,,Longford
IE-0037-BB384-50.dw.png,IE-0037, 53.67    ,-7.75    ,2024,,Longford
IE-0037-BB384-52.dw.png,IE-0037, 53.67    ,-7.75    ,2024,,Longford
IE-0037-BB384-72.dw.png,IE-0037, 53.67    ,-7.75    ,2024,,Longford
IE-0037-BB384-73.dw.png,IE-0037, 53.67    ,-7.75    ,2024,,Longford
IE-0038-BB389-1.dw.png,IE-0038, 52.50    ,-8.75    ,2024,,Limerick
IE-0038-BB389-13.dw.png,IE-0038, 52.50    ,-8.75    ,2024,,Limerick
IE-0038-BB389-16.dw.png,IE-0038, 52.50    ,-8.75    ,2024,,Limerick
IE-0038-BB389-17.dw.png,IE-0038, 52.50    ,-8.75    ,2024,,Limerick
IE-0038-BB389-22.dw.png,IE-0038, 52.50    ,-8.75    ,2024,,Limerick
IE-0038-BB389-24.dw.png,IE-0038, 52.50    ,-8.75    ,2024,,Limerick
IE-0038-BB389-26.dw.png,IE-0038, 52.50    ,-8.75    ,2024,,Limerick
IE-0038-BB389-35.dw.png,IE-0038, 52.50    ,-8.75    ,2024,,Limerick
IE-0038-BB389-38.dw.png,IE-0038, 52.50    ,-8.75    ,2024,,Limerick
IE-0038-BB389-39.dw.png,IE-0038, 52.50    ,-8.75    ,2024,,Limerick
IE-0038-BB389-47.dw.png,IE-0038, 52.50    ,-8.75    ,2024,,Limerick
IE-0038-BB389-56.dw.png,IE-0038, 52.50    ,-8.75    ,2024,,Limerick
IE-0039-BB391-12.dw.png,IE-0039, 53.67    ,-7.75    ,2024,,Longford
IE-0039-BB391-13.dw.png,IE-0039, 53.67    ,-7.75    ,2024,,Longford
IE-0039-BB391-18.dw.png,IE-0039, 53.67    ,-7.75    ,2024,,Longford
IE-0039-BB391-22.dw.png,IE-0039, 53.67    ,-7.75    ,2024,,Longford
IE-0039-BB391-25.dw.png,IE-0039, 53.67    ,-7.75    ,2024,,Longford
IE-0039-BB391-31.dw.png,IE-0039, 53.67    ,-7.75    ,2024,,Longford
IE-0039-BB391-32.dw.png,IE-0039, 53.67    ,-7.75    ,2024,,Longford
IE-0039-BB391-38.dw.png,IE-0039, 53.67    ,-7.75    ,2024,,Longford
IE-0039-BB391-44.dw.png,IE-0039, 53.67    ,-7.75    ,2024,,Longford
IE-0039-BB391-46.dw.png,IE-0039, 53.67    ,-7.75    ,2024,,Longford
IE-0039-BB391-52.dw.png,IE-0039, 53.67    ,-7.75    ,2024,,Longford
IE-0040-BB398-11.dw.png,IE-0040, 53.67    ,-7.75    ,2024,,Longford
IE-0040-BB398-18.dw.png,IE-0040, 53.67    ,-7.75    ,2024,,Longford
IE-0040-BB398-21.dw.png,IE-0040, 53.67    ,-7.75    ,2024,,Longford
IE-0040-BB398-24.dw.png,IE-0040, 53.67    ,-7.75    ,2024,,Longford
IE-0040-BB398-26.dw.png,IE-0040, 53.67    ,-7.75    ,2024,,Longford
IE-0040-BB398-37.dw.png,IE-0040, 53.67    ,-7.75    ,2024,,Longford
IE-0040-BB398-43.dw.png,IE-0040, 53.67    ,-7.75    ,2024,,Longford
IE-0040-BB398-45.dw.png,IE-0040, 53.67    ,-7.75    ,2024,,Longford
IE-0040-BB398-54.dw.png,IE-0040, 53.67    ,-7.75    ,2024,,Longford
IE-0040-BB398-61.dw.png,IE-0040, 53.67    ,-7.75    ,2024,,Longford
IE-0040-BB398-65.dw.png,IE-0040, 53.67    ,-7.75    ,2024,,Longford
IE-0040-BB398-9.dw.png,IE-0040, 53.67    ,-7.75    ,2024,,Longford
IE-0041-BB403-1.dw.png,IE-0041, 53.67    ,-7.75    ,2024,,Longford
IE-0041-BB403-10.dw.png,IE-0041, 53.67    ,-7.75    ,2024,,Longford
IE-0041-BB403-11.dw.png,IE-0041, 53.67    ,-7.75    ,2024,,Longford
IE-0041-BB403-12.dw.png,IE-0041, 53.67    ,-7.75    ,2024,,Longford
IE-0041-BB403-2.dw.png,IE-0041, 53.67    ,-7.75    ,2024,,Longford
IE-0041-BB403-3.dw.png,IE-0041, 53.67    ,-7.75    ,2024,,Longford
IE-0041-BB403-4.dw.png,IE-0041, 53.67    ,-7.75    ,2024,,Longford
IE-0041-BB403-5.dw.png,IE-0041, 53.67    ,-7.75    ,2024,,Longford
IE-0041-BB403-6.dw.png,IE-0041, 53.67    ,-7.75    ,2024,,Longford
IE-0041-BB403-7.dw.png,IE-0041, 53.67    ,-7.75    ,2024,,Longford
IE-0041-BB403-8.dw.png,IE-0041, 53.67    ,-7.75    ,2024,,Longford
IE-0041-BB403-9.dw.png,IE-0041, 53.67    ,-7.75    ,2024,,Longford
IE-0042-F142DL22-1.dw.png,IE-0042, 54.92    ,-8.00    ,2024,,Donegal
IE-0042-F142DL22-10.dw.png,IE-0042, 54.92    ,-8.00    ,2024,,Donegal
IE-0042-F142DL22-11.dw.png,IE-0042, 54.92    ,-8.00    ,2024,,Donegal
IE-0042-F142DL22-12.dw.png,IE-0042, 54.92    ,-8.00    ,2024,,Donegal
IE-0042-F142DL22-2.dw.png,IE-0042, 54.92    ,-8.00    ,2024,,Donegal
IE-0042-F142DL22-3.dw.png,IE-0042, 54.92    ,-8.00    ,2024,,Donegal
IE-0042-F142DL22-4.dw.png,IE-0042, 54.92    ,-8.00    ,2024,,Donegal
IE-0042-F142DL22-5.dw.png,IE-0042, 54.92    ,-8.00    ,2024,,Donegal
IE-0042-F142DL22-6.dw.png,IE-0042, 54.92    ,-8.00    ,2024,,Donegal
IE-0042-F142DL22-7.dw.png,IE-0042, 54.92    ,-8.00    ,2024,,Donegal
IE-0042-F142DL22-8.dw.png,IE-0042, 54.92    ,-8.00    ,2024,,Donegal
IE-0043-F150DL22-1.dw.png,IE-0043, 54.92    ,-8.00    ,2024,,Donegal
IE-0043-F150DL22-10.dw.png,IE-0043, 54.92    ,-8.00    ,2024,,Donegal
IE-0043-F150DL22-2.dw.png,IE-0043, 54.92    ,-8.00    ,2024,,Donegal
IE-0043-F150DL22-3.dw.png,IE-0043, 54.92    ,-8.00    ,2024,,Donegal
IE-0043-F150DL22-4.dw.png,IE-0043, 54.92    ,-8.00    ,2024,,Donegal
IE-0043-F150DL22-5.dw.png,IE-0043, 54.92    ,-8.00    ,2024,,Donegal
IE-0043-F150DL22-6.dw.png,IE-0043, 54.92    ,-8.00    ,2024,,Donegal
IE-0043-F150DL22-7.dw.png,IE-0043, 54.92    ,-8.00    ,2024,,Donegal
IE-0043-F150DL22-8.dw.png,IE-0043, 54.92    ,-8.00    ,2024,,Donegal
IE-0043-F150DL22-9.dw.png,IE-0043, 54.92    ,-8.00    ,2024,,Donegal
IE-0044-F160DL22-1.dw.png,IE-0044, 54.92    ,-8.00    ,2024,,Donegal
IE-0044-F160DL22-10.dw.png,IE-0044, 54.92    ,-8.00    ,2024,,Donegal
IE-0044-F160DL22-11.dw.png,IE-0044, 54.92    ,-8.00    ,2024,,Donegal
IE-0044-F160DL22-12.dw.png,IE-0044, 54.92    ,-8.00    ,2024,,Donegal
IE-0044-F160DL22-2.dw.png,IE-0044, 54.92    ,-8.00    ,2024,,Donegal
IE-0044-F160DL22-3.dw.png,IE-0044, 54.92    ,-8.00    ,2024,,Donegal
IE-0044-F160DL22-4.dw.png,IE-0044, 54.92    ,-8.00    ,2024,,Donegal
IE-0044-F160DL22-5.dw.png,IE-0044, 54.92    ,-8.00    ,2024,,Donegal
IE-0044-F160DL22-6.dw.png,IE-0044, 54.92    ,-8.00    ,2024,,Donegal
IE-0044-F160DL22-7.dw.png,IE-0044, 54.92    ,-8.00    ,2024,,Donegal
IE-0044-F160DL22-8.dw.png,IE-0044, 54.92    ,-8.00    ,2024,,Donegal
IE-0044-F160DL22-9.dw.png,IE-0044, 54.92    ,-8.00    ,2024,,Donegal
IE-0045-M177L-1.dw.png,IE-0045, 52.50    ,-8.75    ,2024,,Limerick
IE-0045-M177L-10.dw.png,IE-0045, 52.50    ,-8.75    ,2024,,Limerick
IE-0045-M177L-2.dw.png,IE-0045, 52.50    ,-8.75    ,2024,,Limerick
IE-0045-M177L-3.dw.png,IE-0045, 52.50    ,-8.75    ,2024,,Limerick
IE-0045-M177L-4.dw.png,IE-0045, 52.50    ,-8.75    ,2024,,Limerick
IE-0045-M177L-5.dw.png,IE-0045, 52.50    ,-8.75    ,2024,,Limerick
IE-0045-M177L-6.dw.png,IE-0045, 52.50    ,-8.75    ,2024,,Limerick
IE-0045-M177L-7.dw.png,IE-0045, 52.50    ,-8.75    ,2024,,Limerick
IE-0045-M177L-8.dw.png,IE-0045, 52.50    ,-8.75    ,2024,,Limerick
IE-0045-M177L-9.dw.png,IE-0045, 52.50    ,-8.75    ,2024,,Limerick
IE-0046-M178WW-1.dw.png,IE-0046, 53.00    ,-6.42    ,2024,,Wicklow
IE-0046-M178WW-10.dw.png,IE-0046, 53.00    ,-6.42    ,2024,,Wicklow
IE-0046-M178WW-11.dw.png,IE-0046, 53.00    ,-6.42    ,2024,,Wicklow
IE-0046-M178WW-12.dw.png,IE-0046, 53.00    ,-6.42    ,2024,,Wicklow
IE-0046-M178WW-2.dw.png,IE-0046, 53.00    ,-6.42    ,2024,,Wicklow
IE-0046-M178WW-3.dw.png,IE-0046, 53.00    ,-6.42    ,2024,,Wicklow
IE-0046-M178WW-4.dw.png,IE-0046, 53.00    ,-6.42    ,2024,,Wicklow
IE-0046-M178WW-6.dw.png,IE-0046, 53.00    ,-6.42    ,2024,,Wicklow
IE-0046-M178WW-7.dw.png,IE-0046, 53.00    ,-6.42    ,2024,,Wicklow
IE-0046-M178WW-8.dw.png,IE-0046, 53.00    ,-6.42    ,2024,,Wicklow
IE-0046-M178WW-9.dw.png,IE-0046, 53.00    ,-6.42    ,2024,,Wicklow
IE-0047-M179DR-1.dw.png,IE-0047, 54.93    ,-6.85    ,2024,,Derry
IE-0047-M179DR-10.dw.png,IE-0047, 54.93    ,-6.85    ,2024,,Derry
IE-0047-M179DR-11.dw.png,IE-0047, 54.93    ,-6.85    ,2024,,Derry
IE-0047-M179DR-12.dw.png,IE-0047, 54.93    ,-6.85    ,2024,,Derry
IE-0047-M179DR-2.dw.png,IE-0047, 54.93    ,-6.85    ,2024,,Derry
IE-0047-M179DR-3.dw.png,IE-0047, 54.93    ,-6.85    ,2024,,Derry
IE-0047-M179DR-4.dw.png,IE-0047, 54.93    ,-6.85    ,2024,,Derry
IE-0047-M179DR-5.dw.png,IE-0047, 54.93    ,-6.85    ,2024,,Derry
IE-0047-M179DR-6.dw.png,IE-0047, 54.93    ,-6.85    ,2024,,Derry
IE-0047-M179DR-7.dw.png,IE-0047, 54.93    ,-6.85    ,2024,,Derry
IE-0047-M179DR-8.dw.png,IE-0047, 54.93    ,-6.85    ,2024,,Derry
IE-0047-M179DR-9.dw.png,IE-0047, 54.93    ,-6.85    ,2024,,Derry
IE-0048-M180DR-1.dw.png,IE-0048, 54.93    ,-6.85    ,2024,,Derry
IE-0048-M180DR-10.dw.png,IE-0048, 54.93    ,-6.85    ,2024,,Derry
IE-0048-M180DR-2.dw.png,IE-0048, 54.93    ,-6.85    ,2024,,Derry
IE-0048-M180DR-3.dw.png,IE-0048, 54.93    ,-6.85    ,2024,,Derry
IE-0048-M180DR-4.dw.png,IE-0048, 54.93    ,-6.85    ,2024,,Derry
IE-0048-M180DR-5.dw.png,IE-0048, 54.93    ,-6.85    ,2024,,Derry
IE-0048-M180DR-6.dw.png,IE-0048, 54.93    ,-6.85    ,2024,,Derry
IE-0048-M180DR-7.dw.png,IE-0048, 54.93    ,-6.85    ,2024,,Derry
IE-0048-M180DR-8.dw.png,IE-0048, 54.93    ,-6.85    ,2024,,Derry
IE-0048-M180DR-9.dw.png,IE-0048, 54.93    ,-6.85    ,2024,,Derry
IE-0049-M182C-1.dw.png,IE-0049, 52.00    ,-8.75    ,2024,,Cork
IE-0049-M182C-10.dw.png,IE-0049, 52.00    ,-8.75    ,2024,,Cork
IE-0049-M182C-2.dw.png,IE-0049, 52.00    ,-8.75    ,2024,,Cork
IE-0049-M182C-3.dw.png,IE-0049, 52.00    ,-8.75    ,2024,,Cork
IE-0049-M182C-4.dw.png,IE-0049, 52.00    ,-8.75    ,2024,,Cork
IE-0049-M182C-5.dw.png,IE-0049, 52.00    ,-8.75    ,2024,,Cork
IE-0049-M182C-6.dw.png,IE-0049, 52.00    ,-8.75    ,2024,,Cork
IE-0049-M182C-7.dw.png,IE-0049, 52.00    ,-8.75    ,2024,,Cork
IE-0049-M182C-8.dw.png,IE-0049, 52.00    ,-8.75    ,2024,,Cork
IE-0049-M182C-9.dw.png,IE-0049, 52.00    ,-8.75    ,2024,,Cork
IE-0050-M183L-1.dw.png,IE-0050, 52.50    ,-8.75    ,2024,,Limerick
IE-0050-M183L-10.dw.png,IE-0050, 52.50    ,-8.75    ,2024,,Limerick
IE-0050-M183L-2.dw.png,IE-0050, 52.50    ,-8.75    ,2024,,Limerick
IE-0050-M183L-3.dw.png,IE-0050, 52.50    ,-8.75    ,2024,,Limerick
IE-0050-M183L-4.dw.png,IE-0050, 52.50    ,-8.75    ,2024,,Limerick
IE-0050-M183L-5.dw.png,IE-0050, 52.50    ,-8.75    ,2024,,Limerick
IE-0050-M183L-6.dw.png,IE-0050, 52.50    ,-8.75    ,2024,,Limerick
IE-0050-M183L-7.dw.png,IE-0050, 52.50    ,-8.75    ,2024,,Limerick
IE-0050-M183L-8.dw.png,IE-0050, 52.50    ,-8.75    ,2024,,Limerick
IE-0050-M183L-9.dw.png,IE-0050, 52.50    ,-8.75    ,2024,,Limerick
IE-0051-M184L-1.dw.png,IE-0051, 52.50    ,-8.75    ,2024,,Limerick
IE-0051-M184L-10.dw.png,IE-0051, 52.50    ,-8.75    ,2024,,Limerick
IE-0051-M184L-2.dw.png,IE-0051, 52.50    ,-8.75    ,2024,,Limerick
IE-0051-M184L-3.dw.png,IE-0051, 52.50    ,-8.75    ,2024,,Limerick
IE-0051-M184L-4.dw.png,IE-0051, 52.50    ,-8.75    ,2024,,Limerick
IE-0051-M184L-5.dw.png,IE-0051, 52.50    ,-8.75    ,2024,,Limerick
IE-0051-M184L-6.dw.png,IE-0051, 52.50    ,-8.75    ,2024,,Limerick
IE-0051-M184L-7.dw.png,IE-0051, 52.50    ,-8.75    ,2024,,Limerick
IE-0051-M184L-8.dw.png,IE-0051, 52.50    ,-8.75    ,2024,,Limerick
IE-0051-M184L-9.dw.png,IE-0051, 52.50    ,-8.75    ,2024,,Limerick
IE-0052-M185L-1.dw.png,IE-0052, 52.50    ,-8.75    ,2024,,Limerick
IE-0052-M185L-10.dw.png,IE-0052, 52.50    ,-8.75    ,2024,,Limerick
IE-0052-M185L-2.dw.png,IE-0052, 52.50    ,-8.75    ,2024,,Limerick
IE-0052-M185L-3.dw.png,IE-0052, 52.50    ,-8.75    ,2024,,Limerick
IE-0052-M185L-4.dw.png,IE-0052, 52.50    ,-8.75    ,2024,,Limerick
IE-0052-M185L-5.dw.png,IE-0052, 52.50    ,-8.75    ,2024,,Limerick
IE-0052-M185L-6.dw.png,IE-0052, 52.50    ,-8.75    ,2024,,Limerick
IE-0052-M185L-7.dw.png,IE-0052, 52.50    ,-8.75    ,2024,,Limerick
IE-0052-M185L-8.dw.png,IE-0052, 52.50    ,-8.75    ,2024,,Limerick
IE-0052-M185L-9.dw.png,IE-0052, 52.50    ,-8.75    ,2024,,Limerick
IE-0053-M186L-10.dw.png,IE-0053, 52.50    ,-8.75    ,2024,,Limerick
IE-0053-M186L-2.dw.png,IE-0053, 52.50    ,-8.75    ,2024,,Limerick
IE-0053-M186L-3.dw.png,IE-0053, 52.50    ,-8.75    ,2024,,Limerick
IE-0053-M186L-5.dw.png,IE-0053, 52.50    ,-8.75    ,2024,,Limerick
IE-0053-M186L-6.dw.png,IE-0053, 52.50    ,-8.75    ,2024,,Limerick
IE-0053-M186L-7.dw.png,IE-0053, 52.50    ,-8.75    ,2024,,Limerick
IE-0053-M186L-8.dw.png,IE-0053, 52.50    ,-8.75    ,2024,,Limerick
IE-0053-M186L-9.dw.png,IE-0053, 52.50    ,-8.75    ,2024,,Limerick
IE-0054-M187C076-1.dw.png,IE-0054, 52.00    ,-8.75    ,2024,,Cork
IE-0054-M187C076-10.dw.png,IE-0054, 52.00    ,-8.75    ,2024,,Cork
IE-0054-M187C076-2.dw.png,IE-0054, 52.00    ,-8.75    ,2024,,Cork
IE-0054-M187C076-3.dw.png,IE-0054, 52.00    ,-8.75    ,2024,,Cork
IE-0054-M187C076-4.dw.png,IE-0054, 52.00    ,-8.75    ,2024,,Cork
IE-0054-M187C076-5.dw.png,IE-0054, 52.00    ,-8.75    ,2024,,Cork
IE-0054-M187C076-6.dw.png,IE-0054, 52.00    ,-8.75    ,2024,,Cork
IE-0054-M187C076-7.dw.png,IE-0054, 52.00    ,-8.75    ,2024,,Cork
IE-0054-M187C076-8.dw.png,IE-0054, 52.00    ,-8.75    ,2024,,Cork
IE-0054-M187C076-9.dw.png,IE-0054, 52.00    ,-8.75    ,2024,,Cork
IE-0055-M188C-10.dw.png,IE-0055, 52.00    ,-8.75    ,2024,,Cork
IE-0055-M188C-2.dw.png,IE-0055, 52.00    ,-8.75    ,2024,,Cork
IE-0055-M188C-3.dw.png,IE-0055, 52.00    ,-8.75    ,2024,,Cork
IE-0055-M188C-4.dw.png,IE-0055, 52.00    ,-8.75    ,2024,,Cork
IE-0055-M188C-5.dw.png,IE-0055, 52.00    ,-8.75    ,2024,,Cork
IE-0055-M188C-6.dw.png,IE-0055, 52.00    ,-8.75    ,2024,,Cork
IE-0055-M188C-7.dw.png,IE-0055, 52.00    ,-8.75    ,2024,,Cork
IE-0055-M188C-8.dw.png,IE-0055, 52.00    ,-8.75    ,2024,,Cork
IE-0055-M188C-9.dw.png,IE-0055, 52.00    ,-8.75    ,2024,,Cork
IE-0056-M189M-1.dw.png,IE-0056, 53.67    ,-6.67    ,2024,,Meath
IE-0056-M189M-10.dw.png,IE-0056, 53.67    ,-6.67    ,2024,,Meath
IE-0056-M189M-11.dw.png,IE-0056, 53.67    ,-6.67    ,2024,,Meath
IE-0056-M189M-12.dw.png,IE-0056, 53.67    ,-6.67    ,2024,,Meath
IE-0056-M189M-13.dw.png,IE-0056, 53.67    ,-6.67    ,2024,,Meath
IE-0056-M189M-2.dw.png,IE-0056, 53.67    ,-6.67    ,2024,,Meath
IE-0056-M189M-3.dw.png,IE-0056, 53.67    ,-6.67    ,2024,,Meath
IE-0056-M189M-5.dw.png,IE-0056, 53.67    ,-6.67    ,2024,,Meath
IE-0056-M189M-6.dw.png,IE-0056, 53.67    ,-6.67    ,2024,,Meath
IE-0056-M189M-7.dw.png,IE-0056, 53.67    ,-6.67    ,2024,,Meath
IE-0056-M189M-8.dw.png,IE-0056, 53.67    ,-6.67    ,2024,,Meath
IE-0056-M189M-9.dw.png,IE-0056, 53.67    ,-6.67    ,2024,,Meath
IE-0057-M190MH-1.dw.png,IE-0057, 53.67    ,-6.67    ,2024,,Meath
IE-0057-M190MH-10.dw.png,IE-0057, 53.67    ,-6.67    ,2024,,Meath
IE-0057-M190MH-11.dw.png,IE-0057, 53.67    ,-6.67    ,2024,,Meath
IE-0057-M190MH-12.dw.png,IE-0057, 53.67    ,-6.67    ,2024,,Meath
IE-0057-M190MH-2.dw.png,IE-0057, 53.67    ,-6.67    ,2024,,Meath
IE-0057-M190MH-3.dw.png,IE-0057, 53.67    ,-6.67    ,2024,,Meath
IE-0057-M190MH-4.dw.png,IE-0057, 53.67    ,-6.67    ,2024,,Meath
IE-0057-M190MH-5.dw.png,IE-0057, 53.67    ,-6.67    ,2024,,Meath
IE-0057-M190MH-6.dw.png,IE-0057, 53.67    ,-6.67    ,2024,,Meath
IE-0057-M190MH-7.dw.png,IE-0057, 53.67    ,-6.67    ,2024,,Meath
IE-0057-M190MH-8.dw.png,IE-0057, 53.67    ,-6.67    ,2024,,Meath
IE-0057-M190MH-9.dw.png,IE-0057, 53.67    ,-6.67    ,2024,,Meath
IE-0058-M191T-1.dw.png,IE-0058, 52.67    ,-7.83    ,2024,,Tipperary
IE-0058-M191T-10.dw.png,IE-0058, 52.67    ,-7.83    ,2024,,Tipperary
IE-0058-M191T-2.dw.png,IE-0058, 52.67    ,-7.83    ,2024,,Tipperary
IE-0058-M191T-3.dw.png,IE-0058, 52.67    ,-7.83    ,2024,,Tipperary
IE-0058-M191T-4.dw.png,IE-0058, 52.67    ,-7.83    ,2024,,Tipperary
IE-0058-M191T-5.dw.png,IE-0058, 52.67    ,-7.83    ,2024,,Tipperary
IE-0058-M191T-6.dw.png,IE-0058, 52.67    ,-7.83    ,2024,,Tipperary
IE-0058-M191T-7.dw.png,IE-0058, 52.67    ,-7.83    ,2024,,Tipperary
IE-0058-M191T-8.dw.png,IE-0058, 52.67    ,-7.83    ,2024,,Tipperary
IE-0058-M191T-9.dw.png,IE-0058, 52.67    ,-7.83    ,2024,,Tipperary
IE-0059-M192T-1.dw.png,IE-0059, 52.67    ,-7.83    ,2024,,Tipperary
IE-0059-M192T-10.dw.png,IE-0059, 52.67    ,-7.83    ,2024,,Tipperary
IE-0059-M192T-2.dw.png,IE-0059, 52.67    ,-7.83    ,2024,,Tipperary
IE-0059-M192T-3.dw.png,IE-0059, 52.67    ,-7.83    ,2024,,Tipperary
IE-0059-M192T-4.dw.png,IE-0059, 52.67    ,-7.83    ,2024,,Tipperary
IE-0059-M192T-5.dw.png,IE-0059, 52.67    ,-7.83    ,2024,,Tipperary
IE-0059-M192T-6.dw.png,IE-0059, 52.67    ,-7.83    ,2024,,Tipperary
IE-0059-M192T-7.dw.png,IE-0059, 52.67    ,-7.83    ,2024,,Tipperary
IE-0059-M192T-8.dw.png,IE-0059, 52.67    ,-7.83    ,2024,,Tipperary
IE-0059-M192T-9.dw.png,IE-0059, 52.67    ,-7.83    ,2024,,Tipperary
IE-0060-M194CV-1.dw.png,IE-0060, 53.92    ,-7.25    ,2024,,Cavan
IE-0060-M194CV-10.dw.png,IE-0060, 53.92    ,-7.25    ,2024,,Cavan
IE-0060-M194CV-11.dw.png,IE-0060, 53.92    ,-7.25    ,2024,,Cavan
IE-0060-M194CV-2.dw.png,IE-0060, 53.92    ,-7.25    ,2024,,Cavan
IE-0060-M194CV-3.dw.png,IE-0060, 53.92    ,-7.25    ,2024,,Cavan
IE-0060-M194CV-4.dw.png,IE-0060, 53.92    ,-7.25    ,2024,,Cavan
IE-0060-M194CV-5.dw.png,IE-0060, 53.92    ,-7.25    ,2024,,Cavan
IE-0060-M194CV-6.dw.png,IE-0060, 53.92    ,-7.25    ,2024,,Cavan
IE-0060-M194CV-7.dw.png,IE-0060, 53.92    ,-7.25    ,2024,,Cavan
IE-0060-M194CV-8.dw.png,IE-0060, 53.92    ,-7.25    ,2024,,Cavan
IE-0060-M194CV-9.dw.png,IE-0060, 53.92    ,-7.25    ,2024,,Cavan
IE-0061-M195WL-1.dw.png,IE-0061, 53.00    ,-6.42    ,2024,,Wicklow
IE-0061-M195WL-2.dw.png,IE-0061, 53.00    ,-6.42    ,2024,,Wicklow
IE-0061-M195WL-3.dw.png,IE-0061, 53.00    ,-6.42    ,2024,,Wicklow
IE-0061-M195WL-4.dw.png,IE-0061, 53.00    ,-6.42    ,2024,,Wicklow
IE-0061-M195WL-5.dw.png,IE-0061, 53.00    ,-6.42    ,2024,,Wicklow
IE-0061-M195WL-6.dw.png,IE-0061, 53.00    ,-6.42    ,2024,,Wicklow
IE-0061-M195WL-7.dw.png,IE-0061, 53.00    ,-6.42    ,2024,,Wicklow
IE-0061-M195WL-8.dw.png,IE-0061, 53.00    ,-6.42    ,2024,,Wicklow
IE-0061-M195WL-9.dw.png,IE-0061, 53.00    ,-6.42    ,2024,,Wicklow
IE-0062-M196L-1.dw.png,IE-0062, 52.50    ,-8.75    ,2024,,Limerick
IE-0062-M196L-10.dw.png,IE-0062, 52.50    ,-8.75    ,2024,,Limerick
IE-0062-M196L-2.dw.png,IE-0062, 52.50    ,-8.75    ,2024,,Limerick
IE-0062-M196L-3.dw.png,IE-0062, 52.50    ,-8.75    ,2024,,Limerick
IE-0062-M196L-4.dw.png,IE-0062, 52.50    ,-8.75    ,2024,,Limerick
IE-0062-M196L-6.dw.png,IE-0062, 52.50    ,-8.75    ,2024,,Limerick
IE-0062-M196L-7.dw.png,IE-0062, 52.50    ,-8.75    ,2024,,Limerick
IE-0062-M196L-8.dw.png,IE-0062, 52.50    ,-8.75    ,2024,,Limerick
IE-0062-M196L-9.dw.png,IE-0062, 52.50    ,-8.75    ,2024,,Limerick
IE-0063-M197MH-1.dw.png,IE-0063, 53.67    ,-6.67    ,2024,,Meath
IE-0063-M197MH-10.dw.png,IE-0063, 53.67    ,-6.67    ,2024,,Meath
IE-0063-M197MH-11.dw.png,IE-0063, 53.67    ,-6.67    ,2024,,Meath
IE-0063-M197MH-12.dw.png,IE-0063, 53.67    ,-6.67    ,2024,,Meath
IE-0063-M197MH-2.dw.png,IE-0063, 53.67    ,-6.67    ,2024,,Meath
IE-0063-M197MH-3.dw.png,IE-0063, 53.67    ,-6.67    ,2024,,Meath
IE-0063-M197MH-4.dw.png,IE-0063, 53.67    ,-6.67    ,2024,,Meath
IE-0063-M197MH-5.dw.png,IE-0063, 53.67    ,-6.67    ,2024,,Meath
IE-0063-M197MH-6.dw.png,IE-0063, 53.67    ,-6.67    ,2024,,Meath
IE-0063-M197MH-7.dw.png,IE-0063, 53.67    ,-6.67    ,2024,,Meath
IE-0063-M197MH-8.dw.png,IE-0063, 53.67    ,-6.67    ,2024,,Meath
IE-0063-M197MH-9.dw.png,IE-0063, 53.67    ,-6.67    ,2024,,Meath
IE-0064-M199L-1.dw.png,IE-0064, 52.50    ,-8.75    ,2024,,Limerick
IE-0064-M199L-10.dw.png,IE-0064, 52.50    ,-8.75    ,2024,,Limerick
IE-0064-M199L-11.dw.png,IE-0064, 52.50    ,-8.75    ,2024,,Limerick
IE-0064-M199L-12.dw.png,IE-0064, 52.50    ,-8.75    ,2024,,Limerick
IE-0064-M199L-2.dw.png,IE-0064, 52.50    ,-8.75    ,2024,,Limerick
IE-0064-M199L-3.dw.png,IE-0064, 52.50    ,-8.75    ,2024,,Limerick
IE-0064-M199L-4.dw.png,IE-0064, 52.50    ,-8.75    ,2024,,Limerick
IE-0064-M199L-5.dw.png,IE-0064, 52.50    ,-8.75    ,2024,,Limerick
IE-0064-M199L-6.dw.png,IE-0064, 52.50    ,-8.75    ,2024,,Limerick
IE-0064-M199L-7.dw.png,IE-0064, 52.50    ,-8.75    ,2024,,Limerick
IE-0064-M199L-8.dw.png,IE-0064, 52.50    ,-8.75    ,2024,,Limerick
IE-0064-M199L-9.dw.png,IE-0064, 52.50    ,-8.75    ,2024,,Limerick
IE-0065-M200T081-1.dw.png,IE-0065, 52.67    ,-7.83    ,2024,,Tipperary
IE-0065-M200T081-10.dw.png,IE-0065, 52.67    ,-7.83    ,2024,,Tipperary
IE-0065-M200T081-2.dw.png,IE-0065, 52.67    ,-7.83    ,2024,,Tipperary
IE-0065-M200T081-3.dw.png,IE-0065, 52.67    ,-7.83    ,2024,,Tipperary
IE-0065-M200T081-4.dw.png,IE-0065, 52.67    ,-7.83    ,2024,,Tipperary
IE-0065-M200T081-5.dw.png,IE-0065, 52.67    ,-7.83    ,2024,,Tipperary
IE-0065-M200T081-6.dw.png,IE-0065, 52.67    ,-7.83    ,2024,,Tipperary
IE-0065-M200T081-7.dw.png,IE-0065, 52.67    ,-7.83    ,2024,,Tipperary
IE-0065-M200T081-8.dw.png,IE-0065, 52.67    ,-7.83    ,2024,,Tipperary
IE-0065-M200T081-9.dw.png,IE-0065, 52.67    ,-7.83    ,2024,,Tipperary
IE-0066-M201DR-1.dw.png,IE-0066, 54.93    ,-6.85    ,2024,,Derry
IE-0066-M201DR-2.dw.png,IE-0066, 54.93    ,-6.85    ,2024,,Derry
IE-0066-M201DR-3.dw.png,IE-0066, 54.93    ,-6.85    ,2024,,Derry
IE-0066-M201DR-4.dw.png,IE-0066, 54.93    ,-6.85    ,2024,,Derry
IE-0066-M201DR-5.dw.png,IE-0066, 54.93    ,-6.85    ,2024,,Derry
IE-0066-M201DR-6.dw.png,IE-0066, 54.93    ,-6.85    ,2024,,Derry
IE-0066-M201DR-7.dw.png,IE-0066, 54.93    ,-6.85    ,2024,,Derry
IE-0066-M201DR-8.dw.png,IE-0066, 54.93    ,-6.85    ,2024,,Derry
IE-0067-M202LM-1.dw.png,IE-0067, 54.12    ,-8.00    ,2024,,Leitrim
IE-0067-M202LM-10.dw.png,IE-0067, 54.12    ,-8.00    ,2024,,Leitrim
IE-0067-M202LM-11.dw.png,IE-0067, 54.12    ,-8.00    ,2024,,Leitrim
IE-0067-M202LM-12.dw.png,IE-0067, 54.12    ,-8.00    ,2024,,Leitrim
IE-0067-M202LM-2.dw.png,IE-0067, 54.12    ,-8.00    ,2024,,Leitrim
IE-0067-M202LM-3.dw.png,IE-0067, 54.12    ,-8.00    ,2024,,Leitrim
IE-0067-M202LM-4.dw.png,IE-0067, 54.12    ,-8.00    ,2024,,Leitrim
IE-0067-M202LM-5.dw.png,IE-0067, 54.12    ,-8.00    ,2024,,Leitrim
IE-0067-M202LM-6.dw.png,IE-0067, 54.12    ,-8.00    ,2024,,Leitrim
IE-0067-M202LM-7.dw.png,IE-0067, 54.12    ,-8.00    ,2024,,Leitrim
IE-0067-M202LM-8.dw.png,IE-0067, 54.12    ,-8.00    ,2024,,Leitrim
IE-0067-M202LM-9.dw.png,IE-0067, 54.12    ,-8.00    ,2024,,Leitrim
IE-0068-M203D R-1.dw.png,IE-0068, 53.42    ,-6.25    ,2024,,Dublin
IE-0068-M203D R-10.dw.png,IE-0068, 53.42    ,-6.25    ,2024,,Dublin
IE-0068-M203D R-2.dw.png,IE-0068, 53.42    ,-6.25    ,2024,,Dublin
IE-0068-M203D R-3.dw.png,IE-0068, 53.42    ,-6.25    ,2024,,Dublin
IE-0068-M203D R-4.dw.png,IE-0068, 53.42    ,-6.25    ,2024,,Dublin
IE-0068-M203D R-5.dw.png,IE-0068, 53.42    ,-6.25    ,2024,,Dublin
IE-0068-M203D R-6.dw.png,IE-0068, 53.42    ,-6.25    ,2024,,Dublin
IE-0068-M203D R-7.dw.png,IE-0068, 53.42    ,-6.25    ,2024,,Dublin
IE-0068-M203D R-8.dw.png,IE-0068, 53.42    ,-6.25    ,2024,,Dublin
IE-0068-M203D R-9.dw.png,IE-0068, 53.42    ,-6.25    ,2024,,Dublin
IE-0069-M204WW-1.dw.png,IE-0069, 53.00    ,-6.42    ,2024,,Wicklow
IE-0069-M204WW-10.dw.png,IE-0069, 53.00    ,-6.42    ,2024,,Wicklow
IE-0069-M204WW-11.dw.png,IE-0069, 53.00    ,-6.42    ,2024,,Wicklow
IE-0069-M204WW-12.dw.png,IE-0069, 53.00    ,-6.42    ,2024,,Wicklow
IE-0069-M204WW-2.dw.png,IE-0069, 53.00    ,-6.42    ,2024,,Wicklow
IE-0069-M204WW-3.dw.png,IE-0069, 53.00    ,-6.42    ,2024,,Wicklow
IE-0069-M204WW-4.dw.png,IE-0069, 53.00    ,-6.42    ,2024,,Wicklow
IE-0069-M204WW-5.dw.png,IE-0069, 53.00    ,-6.42    ,2024,,Wicklow
IE-0069-M204WW-6.dw.png,IE-0069, 53.00    ,-6.42    ,2024,,Wicklow
IE-0069-M204WW-7.dw.png,IE-0069, 53.00    ,-6.42    ,2024,,Wicklow
IE-0069-M204WW-8.dw.png,IE-0069, 53.00    ,-6.42    ,2024,,Wicklow
IE-0069-M204WW-9.dw.png,IE-0069, 53.00    ,-6.42    ,2024,,Wicklow
IE-0070-M205MO-1.dw.png,IE-0070, 53.90    ,-9.25    ,2024,,Mayo
IE-0070-M205MO-10.dw.png,IE-0070, 53.90    ,-9.25    ,2024,,Mayo
IE-0070-M205MO-11.dw.png,IE-0070, 53.90    ,-9.25    ,2024,,Mayo
IE-0070-M205MO-12.dw.png,IE-0070, 53.90    ,-9.25    ,2024,,Mayo
IE-0070-M205MO-2.dw.png,IE-0070, 53.90    ,-9.25    ,2024,,Mayo
IE-0070-M205MO-3.dw.png,IE-0070, 53.90    ,-9.25    ,2024,,Mayo
IE-0070-M205MO-4.dw.png,IE-0070, 53.90    ,-9.25    ,2024,,Mayo
IE-0070-M205MO-5.dw.png,IE-0070, 53.90    ,-9.25    ,2024,,Mayo
IE-0070-M205MO-6.dw.png,IE-0070, 53.90    ,-9.25    ,2024,,Mayo
IE-0070-M205MO-7.dw.png,IE-0070, 53.90    ,-9.25    ,2024,,Mayo
IE-0070-M205MO-8.dw.png,IE-0070, 53.90    ,-9.25    ,2024,,Mayo
IE-0070-M205MO-9.dw.png,IE-0070, 53.90    ,-9.25    ,2024,,Mayo
IE-0071-M206T-1.dw.png,IE-0071, 52.67    ,-7.83    ,2024,,Tipperary
IE-0071-M206T-2.dw.png,IE-0071, 52.67    ,-7.83    ,2024,,Tipperary
IE-0071-M206T-3.dw.png,IE-0071, 52.67    ,-7.83    ,2024,,Tipperary
IE-0071-M206T-4.dw.png,IE-0071, 52.67    ,-7.83    ,2024,,Tipperary
IE-0071-M206T-5.dw.png,IE-0071, 52.67    ,-7.83    ,2024,,Tipperary
IE-0071-M206T-6.dw.png,IE-0071, 52.67    ,-7.83    ,2024,,Tipperary
IE-0071-M206T-7.dw.png,IE-0071, 52.67    ,-7.83    ,2024,,Tipperary
IE-0071-M206T-8.dw.png,IE-0071, 52.67    ,-7.83    ,2024,,Tipperary
IE-0072-M207T-1.dw.png,IE-0072, 52.67    ,-7.83    ,2024,,Tipperary
IE-0072-M207T-10.dw.png,IE-0072, 52.67    ,-7.83    ,2024,,Tipperary
IE-0072-M207T-11.dw.png,IE-0072, 52.67    ,-7.83    ,2024,,Tipperary
IE-0072-M207T-12.dw.png,IE-0072, 52.67    ,-7.83    ,2024,,Tipperary
IE-0072-M207T-2.dw.png,IE-0072, 52.67    ,-7.83    ,2024,,Tipperary
IE-0072-M207T-3.dw.png,IE-0072, 52.67    ,-7.83    ,2024,,Tipperary
IE-0072-M207T-4.dw.png,IE-0072, 52.67    ,-7.83    ,2024,,Tipperary
IE-0072-M207T-6.dw.png,IE-0072, 52.67    ,-7.83    ,2024,,Tipperary
IE-0072-M207T-7.dw.png,IE-0072, 52.67    ,-7.83    ,2024,,Tipperary
IE-0072-M207T-8.dw.png,IE-0072, 52.67    ,-7.83    ,2024,,Tipperary
IE-0072-M207T-9.dw.png,IE-0072, 52.67    ,-7.83    ,2024,,Tipperary
IE-0073-M209KE-124.dw.png,IE-0073, 52.17    ,-9.75    ,2024,,Kerry
IE-0073-M209KE-132.dw.png,IE-0073, 52.17    ,-9.75    ,2024,,Kerry
IE-0073-M209KE-161.dw.png,IE-0073, 52.17    ,-9.75    ,2024,,Kerry
IE-0073-M209KE-171.dw.png,IE-0073, 52.17    ,-9.75    ,2024,,Kerry
IE-0073-M209KE-173.dw.png,IE-0073, 52.17    ,-9.75    ,2024,,Kerry
IE-0073-M209KE-192.dw.png,IE-0073, 52.17    ,-9.75    ,2024,,Kerry
IE-0073-M209KE-44.dw.png,IE-0073, 52.17    ,-9.75    ,2024,,Kerry
IE-0073-M209KE-52.dw.png,IE-0073, 52.17    ,-9.75    ,2024,,Kerry
IE-0073-M209KE-72.dw.png,IE-0073, 52.17    ,-9.75    ,2024,,Kerry
IE-0073-M209KE-74.dw.png,IE-0073, 52.17    ,-9.75    ,2024,,Kerry
IE-0073-M209KE-87.dw.png,IE-0073, 52.17    ,-9.75    ,2024,,Kerry
IE-0074-M210DL-1.dw.png,IE-0074, 54.92    ,-8.00    ,2024,,Donegal
IE-0074-M210DL-10.dw.png,IE-0074, 54.92    ,-8.00    ,2024,,Donegal
IE-0074-M210DL-11.dw.png,IE-0074, 54.92    ,-8.00    ,2024,,Donegal
IE-0074-M210DL-2.dw.png,IE-0074, 54.92    ,-8.00    ,2024,,Donegal
IE-0074-M210DL-4.dw.png,IE-0074, 54.92    ,-8.00    ,2024,,Donegal
IE-0074-M210DL-5.dw.png,IE-0074, 54.92    ,-8.00    ,2024,,Donegal
IE-0074-M210DL-6.dw.png,IE-0074, 54.92    ,-8.00    ,2024,,Donegal
IE-0074-M210DL-7.dw.png,IE-0074, 54.92    ,-8.00    ,2024,,Donegal
IE-0074-M210DL-8.dw.png,IE-0074, 54.92    ,-8.00    ,2024,,Donegal
IE-0074-M210DL-9.dw.png,IE-0074, 54.92    ,-8.00    ,2024,,Donegal
IE-0075-M211L-1.dw.png,IE-0075, 52.50    ,-8.75    ,2024,,Limerick
IE-0075-M211L-10.dw.png,IE-0075, 52.50    ,-8.75    ,2024,,Limerick
IE-0075-M211L-11.dw.png,IE-0075, 52.50    ,-8.75    ,2024,,Limerick
IE-0075-M211L-12.dw.png,IE-0075, 52.50    ,-8.75    ,2024,,Limerick
IE-0075-M211L-2.dw.png,IE-0075, 52.50    ,-8.75    ,2024,,Limerick
IE-0075-M211L-3.dw.png,IE-0075, 52.50    ,-8.75    ,2024,,Limerick
IE-0075-M211L-4.dw.png,IE-0075, 52.50    ,-8.75    ,2024,,Limerick
IE-0075-M211L-5.dw.png,IE-0075, 52.50    ,-8.75    ,2024,,Limerick
IE-0075-M211L-6.dw.png,IE-0075, 52.50    ,-8.75    ,2024,,Limerick
IE-0075-M211L-7.dw.png,IE-0075, 52.50    ,-8.75    ,2024,,Limerick
IE-0075-M211L-8.dw.png,IE-0075, 52.50    ,-8.75    ,2024,,Limerick
IE-0075-M211L-9.dw.png,IE-0075, 52.50    ,-8.75    ,2024,,Limerick
IE-0076-M212T-1.dw.png,IE-0076, 52.67    ,-7.83    ,2024,,Tipperary
IE-0076-M212T-10.dw.png,IE-0076, 52.67    ,-7.83    ,2024,,Tipperary
IE-0076-M212T-11.dw.png,IE-0076, 52.67    ,-7.83    ,2024,,Tipperary
IE-0076-M212T-12.dw.png,IE-0076, 52.67    ,-7.83    ,2024,,Tipperary
IE-0076-M212T-2.dw.png,IE-0076, 52.67    ,-7.83    ,2024,,Tipperary
IE-0076-M212T-3.dw.png,IE-0076, 52.67    ,-7.83    ,2024,,Tipperary
IE-0076-M212T-4.dw.png,IE-0076, 52.67    ,-7.83    ,2024,,Tipperary
IE-0076-M212T-5.dw.png,IE-0076, 52.67    ,-7.83    ,2024,,Tipperary
IE-0076-M212T-6.dw.png,IE-0076, 52.67    ,-7.83    ,2024,,Tipperary
IE-0076-M212T-7.dw.png,IE-0076, 52.67    ,-7.83    ,2024,,Tipperary
IE-0076-M212T-8.dw.png,IE-0076, 52.67    ,-7.83    ,2024,,Tipperary
IE-0076-M212T-9.dw.png,IE-0076, 52.67    ,-7.83    ,2024,,Tipperary
IE-0077-M213L-1.dw.png,IE-0077, 52.50    ,-8.75    ,2024,,Limerick
IE-0077-M213L-10.dw.png,IE-0077, 52.50    ,-8.75    ,2024,,Limerick
IE-0077-M213L-11.dw.png,IE-0077, 52.50    ,-8.75    ,2024,,Limerick
IE-0077-M213L-12.dw.png,IE-0077, 52.50    ,-8.75    ,2024,,Limerick
IE-0077-M213L-2.dw.png,IE-0077, 52.50    ,-8.75    ,2024,,Limerick
IE-0077-M213L-3.dw.png,IE-0077, 52.50    ,-8.75    ,2024,,Limerick
IE-0077-M213L-4.dw.png,IE-0077, 52.50    ,-8.75    ,2024,,Limerick
IE-0077-M213L-5.dw.png,IE-0077, 52.50    ,-8.75    ,2024,,Limerick
IE-0077-M213L-6.dw.png,IE-0077, 52.50    ,-8.75    ,2024,,Limerick
IE-0077-M213L-7.dw.png,IE-0077, 52.50    ,-8.75    ,2024,,Limerick
IE-0077-M213L-8.dw.png,IE-0077, 52.50    ,-8.75    ,2024,,Limerick
IE-0077-M213L-9.dw.png,IE-0077, 52.50    ,-8.75    ,2024,,Limerick
IE-0078-M214L 2-1.dw.png,IE-0078, 52.50    ,-8.75    ,2024,,Limerick
IE-0078-M214L 2-10.dw.png,IE-0078, 52.50    ,-8.75    ,2024,,Limerick
IE-0078-M214L 2-11.dw.png,IE-0078, 52.50    ,-8.75    ,2024,,Limerick
IE-0078-M214L 2-2.dw.png,IE-0078, 52.50    ,-8.75    ,2024,,Limerick
IE-0078-M214L 2-3.dw.png,IE-0078, 52.50    ,-8.75    ,2024,,Limerick
IE-0078-M214L 2-4.dw.png,IE-0078, 52.50    ,-8.75    ,2024,,Limerick
IE-0078-M214L 2-5.dw.png,IE-0078, 52.50    ,-8.75    ,2024,,Limerick
IE-0078-M214L 2-6.dw.png,IE-0078, 52.50    ,-8.75    ,2024,,Limerick
IE-0078-M214L 2-7.dw.png,IE-0078, 52.50    ,-8.75    ,2024,,Limerick
IE-0078-M214L 2-8.dw.png,IE-0078, 52.50    ,-8.75    ,2024,,Limerick
IE-0078-M214L 2-9.dw.png,IE-0078, 52.50    ,-8.75    ,2024,,Limerick
IE-0079-M221T-1.dw.png,IE-0079, 52.67    ,-7.83    ,2024,,Tipperary
IE-0079-M221T-10.dw.png,IE-0079, 52.67    ,-7.83    ,2024,,Tipperary
IE-0079-M221T-11.dw.png,IE-0079, 52.67    ,-7.83    ,2024,,Tipperary
IE-0079-M221T-12.dw.png,IE-0079, 52.67    ,-7.83    ,2024,,Tipperary
IE-0079-M221T-2.dw.png,IE-0079, 52.67    ,-7.83    ,2024,,Tipperary
IE-0079-M221T-3.dw.png,IE-0079, 52.67    ,-7.83    ,2024,,Tipperary
IE-0079-M221T-4.dw.png,IE-0079, 52.67    ,-7.83    ,2024,,Tipperary
IE-0079-M221T-5.dw.png,IE-0079, 52.67    ,-7.83    ,2024,,Tipperary
IE-0079-M221T-6.dw.png,IE-0079, 52.67    ,-7.83    ,2024,,Tipperary
IE-0079-M221T-7.dw.png,IE-0079, 52.67    ,-7.83    ,2024,,Tipperary
IE-0079-M221T-8.dw.png,IE-0079, 52.67    ,-7.83    ,2024,,Tipperary
IE-0079-M221T-9.dw.png,IE-0079, 52.67    ,-7.83    ,2024,,Tipperary
IE-0080-M222MO-1.dw.png,IE-0080, 53.90    ,-9.25    ,2024,,Mayo
IE-0080-M222MO-10.dw.png,IE-0080, 53.90    ,-9.25    ,2024,,Mayo
IE-0080-M222MO-11.dw.png,IE-0080, 53.90    ,-9.25    ,2024,,Mayo
IE-0080-M222MO-12.dw.png,IE-0080, 53.90    ,-9.25    ,2024,,Mayo
IE-0080-M222MO-2.dw.png,IE-0080, 53.90    ,-9.25    ,2024,,Mayo
IE-0080-M222MO-3.dw.png,IE-0080, 53.90    ,-9.25    ,2024,,Mayo
IE-0080-M222MO-4.dw.png,IE-0080, 53.90    ,-9.25    ,2024,,Mayo
IE-0080-M222MO-5.dw.png,IE-0080, 53.90    ,-9.25    ,2024,,Mayo
IE-0080-M222MO-6.dw.png,IE-0080, 53.90    ,-9.25    ,2024,,Mayo
IE-0080-M222MO-7.dw.png,IE-0080, 53.90    ,-9.25    ,2024,,Mayo
IE-0080-M222MO-8.dw.png,IE-0080, 53.90    ,-9.25    ,2024,,Mayo
IE-0080-M222MO-9.dw.png,IE-0080, 53.90    ,-9.25    ,2024,,Mayo
IE-0081-M223KE-1.dw.png,IE-0081, 53.20    ,-6.80    ,2024,,Kildare
IE-0081-M223KE-10.dw.png,IE-0081, 53.20    ,-6.80    ,2024,,Kildare
IE-0081-M223KE-11.dw.png,IE-0081, 53.20    ,-6.80    ,2024,,Kildare
IE-0081-M223KE-12.dw.png,IE-0081, 53.20    ,-6.80    ,2024,,Kildare
IE-0081-M223KE-2.dw.png,IE-0081, 53.20    ,-6.80    ,2024,,Kildare
IE-0081-M223KE-3.dw.png,IE-0081, 53.20    ,-6.80    ,2024,,Kildare
IE-0081-M223KE-4.dw.png,IE-0081, 53.20    ,-6.80    ,2024,,Kildare
IE-0081-M223KE-5.dw.png,IE-0081, 53.20    ,-6.80    ,2024,,Kildare
IE-0081-M223KE-6.dw.png,IE-0081, 53.20    ,-6.80    ,2024,,Kildare
IE-0081-M223KE-7.dw.png,IE-0081, 53.20    ,-6.80    ,2024,,Kildare
IE-0081-M223KE-8.dw.png,IE-0081, 53.20    ,-6.80    ,2024,,Kildare
IE-0081-M223KE-9.dw.png,IE-0081, 53.20    ,-6.80    ,2024,,Kildare
IE-0082-M224KE-1.dw.png,IE-0082, 53.20    ,-6.80    ,2024,,Kildare
IE-0082-M224KE-10.dw.png,IE-0082, 53.20    ,-6.80    ,2024,,Kildare
IE-0082-M224KE-11.dw.png,IE-0082, 53.20    ,-6.80    ,2024,,Kildare
IE-0082-M224KE-12.dw.png,IE-0082, 53.20    ,-6.80    ,2024,,Kildare
IE-0082-M224KE-2.dw.png,IE-0082, 53.20    ,-6.80    ,2024,,Kildare
IE-0082-M224KE-3.dw.png,IE-0082, 53.20    ,-6.80    ,2024,,Kildare
IE-0082-M224KE-4.dw.png,IE-0082, 53.20    ,-6.80    ,2024,,Kildare
IE-0082-M224KE-5.dw.png,IE-0082, 53.20    ,-6.80    ,2024,,Kildare
IE-0082-M224KE-6.dw.png,IE-0082, 53.20    ,-6.80    ,2024,,Kildare
IE-0082-M224KE-7.dw.png,IE-0082, 53.20    ,-6.80    ,2024,,Kildare
IE-0082-M224KE-8.dw.png,IE-0082, 53.20    ,-6.80    ,2024,,Kildare
IE-0082-M224KE-9.dw.png,IE-0082, 53.20    ,-6.80    ,2024,,Kildare
IE-0083-M225DR-1.dw.png,IE-0083, 54.92    ,-8.00    ,2024,,Donegal
IE-0083-M225DR-10.dw.png,IE-0083, 54.92    ,-8.00    ,2024,,Donegal
IE-0083-M225DR-11.dw.png,IE-0083, 54.92    ,-8.00    ,2024,,Donegal
IE-0083-M225DR-12.dw.png,IE-0083, 54.92    ,-8.00    ,2024,,Donegal
IE-0083-M225DR-2.dw.png,IE-0083, 54.92    ,-8.00    ,2024,,Donegal
IE-0083-M225DR-3.dw.png,IE-0083, 54.92    ,-8.00    ,2024,,Donegal
IE-0083-M225DR-4.dw.png,IE-0083, 54.92    ,-8.00    ,2024,,Donegal
IE-0083-M225DR-5.dw.png,IE-0083, 54.92    ,-8.00    ,2024,,Donegal
IE-0083-M225DR-6.dw.png,IE-0083, 54.92    ,-8.00    ,2024,,Donegal
IE-0083-M225DR-7.dw.png,IE-0083, 54.92    ,-8.00    ,2024,,Donegal
IE-0083-M225DR-8.dw.png,IE-0083, 54.92    ,-8.00    ,2024,,Donegal
IE-0083-M225DR-9.dw.png,IE-0083, 54.92    ,-8.00    ,2024,,Donegal
IE-0084-M227DN-1.dw.png,IE-0084, 54.36    ,-5.94    ,2024,,Down
IE-0084-M227DN-10.dw.png,IE-0084, 54.36    ,-5.94    ,2024,,Down
IE-0084-M227DN-11.dw.png,IE-0084, 54.36    ,-5.94    ,2024,,Down
IE-0084-M227DN-12.dw.png,IE-0084, 54.36    ,-5.94    ,2024,,Down
IE-0084-M227DN-2.dw.png,IE-0084, 54.36    ,-5.94    ,2024,,Down
IE-0084-M227DN-3.dw.png,IE-0084, 54.36    ,-5.94    ,2024,,Down
IE-0084-M227DN-4.dw.png,IE-0084, 54.36    ,-5.94    ,2024,,Down
IE-0084-M227DN-5.dw.png,IE-0084, 54.36    ,-5.94    ,2024,,Down
IE-0084-M227DN-6.dw.png,IE-0084, 54.36    ,-5.94    ,2024,,Down
IE-0084-M227DN-7.dw.png,IE-0084, 54.36    ,-5.94    ,2024,,Down
IE-0084-M227DN-8.dw.png,IE-0084, 54.36    ,-5.94    ,2024,,Down
IE-0084-M227DN-9.dw.png,IE-0084, 54.36    ,-5.94    ,2024,,Down
IE-0085-M240LH-1.dw.png,IE-0085, 53.83    ,-6.50    ,2024,,Louth
IE-0085-M240LH-10.dw.png,IE-0085, 53.83    ,-6.50    ,2024,,Louth
IE-0085-M240LH-11.dw.png,IE-0085, 53.83    ,-6.50    ,2024,,Louth
IE-0085-M240LH-2.dw.png,IE-0085, 53.83    ,-6.50    ,2024,,Louth
IE-0085-M240LH-3.dw.png,IE-0085, 53.83    ,-6.50    ,2024,,Louth
IE-0085-M240LH-4.dw.png,IE-0085, 53.83    ,-6.50    ,2024,,Louth
IE-0085-M240LH-5.dw.png,IE-0085, 53.83    ,-6.50    ,2024,,Louth
IE-0085-M240LH-6.dw.png,IE-0085, 53.83    ,-6.50    ,2024,,Louth
IE-0085-M240LH-7.dw.png,IE-0085, 53.83    ,-6.50    ,2024,,Louth
IE-0085-M240LH-8.dw.png,IE-0085, 53.83    ,-6.50    ,2024,,Louth
IE-0085-M240LH-9.dw.png,IE-0085, 53.83    ,-6.50    ,2024,,Louth
IE-0086-M242LH-1.dw.png,IE-0086, 53.83    ,-6.50    ,2024,,Louth
IE-0086-M242LH-10.dw.png,IE-0086, 53.83    ,-6.50    ,2024,,Louth
IE-0086-M242LH-11.dw.png,IE-0086, 53.83    ,-6.50    ,2024,,Louth
IE-0086-M242LH-12.dw.png,IE-0086, 53.83    ,-6.50    ,2024,,Louth
IE-0086-M242LH-2.dw.png,IE-0086, 53.83    ,-6.50    ,2024,,Louth
IE-0086-M242LH-3.dw.png,IE-0086, 53.83    ,-6.50    ,2024,,Louth
IE-0086-M242LH-4.dw.png,IE-0086, 53.83    ,-6.50    ,2024,,Louth
IE-0086-M242LH-5.dw.png,IE-0086, 53.83    ,-6.50    ,2024,,Louth
IE-0086-M242LH-6.dw.png,IE-0086, 53.83    ,-6.50    ,2024,,Louth
IE-0086-M242LH-7.dw.png,IE-0086, 53.83    ,-6.50    ,2024,,Louth
IE-0086-M242LH-8.dw.png,IE-0086, 53.83    ,-6.50    ,2024,,Louth
IE-0086-M242LH-9.dw.png,IE-0086, 53.83    ,-6.50    ,2024,,Louth
IE-0087-M243DL-1.dw.png,IE-0087, 54.92    ,-8.00    ,2024,,Donegal
IE-0087-M243DL-10.dw.png,IE-0087, 54.92    ,-8.00    ,2024,,Donegal
IE-0087-M243DL-11.dw.png,IE-0087, 54.92    ,-8.00    ,2024,,Donegal
IE-0087-M243DL-12.dw.png,IE-0087, 54.92    ,-8.00    ,2024,,Donegal
IE-0087-M243DL-2.dw.png,IE-0087, 54.92    ,-8.00    ,2024,,Donegal
IE-0087-M243DL-3.dw.png,IE-0087, 54.92    ,-8.00    ,2024,,Donegal
IE-0087-M243DL-4.dw.png,IE-0087, 54.92    ,-8.00    ,2024,,Donegal
IE-0087-M243DL-5.dw.png,IE-0087, 54.92    ,-8.00    ,2024,,Donegal
IE-0087-M243DL-6.dw.png,IE-0087, 54.92    ,-8.00    ,2024,,Donegal
IE-0087-M243DL-7.dw.png,IE-0087, 54.92    ,-8.00    ,2024,,Donegal
IE-0087-M243DL-8.dw.png,IE-0087, 54.92    ,-8.00    ,2024,,Donegal
IE-0087-M243DL-9.dw.png,IE-0087, 54.92    ,-8.00    ,2024,,Donegal
IE-0088-M245CE-1.dw.png,IE-0088, 52.83    ,-9.00    ,2024,,Clare
IE-0088-M245CE-10.dw.png,IE-0088, 52.83    ,-9.00    ,2024,,Clare
IE-0088-M245CE-11.dw.png,IE-0088, 52.83    ,-9.00    ,2024,,Clare
IE-0088-M245CE-2.dw.png,IE-0088, 52.83    ,-9.00    ,2024,,Clare
IE-0088-M245CE-3.dw.png,IE-0088, 52.83    ,-9.00    ,2024,,Clare
IE-0088-M245CE-4.dw.png,IE-0088, 52.83    ,-9.00    ,2024,,Clare
IE-0088-M245CE-5.dw.png,IE-0088, 52.83    ,-9.00    ,2024,,Clare
IE-0088-M245CE-6.dw.png,IE-0088, 52.83    ,-9.00    ,2024,,Clare
IE-0088-M245CE-7.dw.png,IE-0088, 52.83    ,-9.00    ,2024,,Clare
IE-0088-M245CE-8.dw.png,IE-0088, 52.83    ,-9.00    ,2024,,Clare
IE-0088-M245CE-9.dw.png,IE-0088, 52.83    ,-9.00    ,2024,,Clare
IE-0089-M246CE-1.dw.png,IE-0089, 52.83    ,-9.00    ,2024,,Clare
IE-0089-M246CE-10.dw.png,IE-0089, 52.83    ,-9.00    ,2024,,Clare
IE-0089-M246CE-11.dw.png,IE-0089, 52.83    ,-9.00    ,2024,,Clare
IE-0089-M246CE-12.dw.png,IE-0089, 52.83    ,-9.00    ,2024,,Clare
IE-0089-M246CE-2.dw.png,IE-0089, 52.83    ,-9.00    ,2024,,Clare
IE-0089-M246CE-3.dw.png,IE-0089, 52.83    ,-9.00    ,2024,,Clare
IE-0089-M246CE-4.dw.png,IE-0089, 52.83    ,-9.00    ,2024,,Clare
IE-0089-M246CE-5.dw.png,IE-0089, 52.83    ,-9.00    ,2024,,Clare
IE-0089-M246CE-6.dw.png,IE-0089, 52.83    ,-9.00    ,2024,,Clare
IE-0089-M246CE-7.dw.png,IE-0089, 52.83    ,-9.00    ,2024,,Clare
IE-0089-M246CE-8.dw.png,IE-0089, 52.83    ,-9.00    ,2024,,Clare
IE-0089-M246CE-9.dw.png,IE-0089, 52.83    ,-9.00    ,2024,,Clare
IE-0090-M247F-1.dw.png,IE-0090, 54.35    ,-7.64    ,2024,,Fermanagh
IE-0090-M247F-10.dw.png,IE-0090, 54.35    ,-7.64    ,2024,,Fermanagh
IE-0090-M247F-11.dw.png,IE-0090, 54.35    ,-7.64    ,2024,,Fermanagh
IE-0090-M247F-12.dw.png,IE-0090, 54.35    ,-7.64    ,2024,,Fermanagh
IE-0090-M247F-2.dw.png,IE-0090, 54.35    ,-7.64    ,2024,,Fermanagh
IE-0090-M247F-3.dw.png,IE-0090, 54.35    ,-7.64    ,2024,,Fermanagh
IE-0090-M247F-4.dw.png,IE-0090, 54.35    ,-7.64    ,2024,,Fermanagh
IE-0090-M247F-5.dw.png,IE-0090, 54.35    ,-7.64    ,2024,,Fermanagh
IE-0090-M247F-6.dw.png,IE-0090, 54.35    ,-7.64    ,2024,,Fermanagh
IE-0090-M247F-7.dw.png,IE-0090, 54.35    ,-7.64    ,2024,,Fermanagh
IE-0090-M247F-8.dw.png,IE-0090, 54.35    ,-7.64    ,2024,,Fermanagh
IE-0090-M247F-9.dw.png,IE-0090, 54.35    ,-7.64    ,2024,,Fermanagh
IE-0091-M248KE-1.dw.png,IE-0091, 52.17    ,-9.75    ,2024,,Kerry
IE-0091-M248KE-10.dw.png,IE-0091, 52.17    ,-9.75    ,2024,,Kerry
IE-0091-M248KE-11.dw.png,IE-0091, 52.17    ,-9.75    ,2024,,Kerry
IE-0091-M248KE-2.dw.png,IE-0091, 52.17    ,-9.75    ,2024,,Kerry
IE-0091-M248KE-3.dw.png,IE-0091, 52.17    ,-9.75    ,2024,,Kerry
IE-0091-M248KE-4.dw.png,IE-0091, 52.17    ,-9.75    ,2024,,Kerry
IE-0091-M248KE-5.dw.png,IE-0091, 52.17    ,-9.75    ,2024,,Kerry
IE-0091-M248KE-6.dw.png,IE-0091, 52.17    ,-9.75    ,2024,,Kerry
IE-0091-M248KE-7.dw.png,IE-0091, 52.17    ,-9.75    ,2024,,Kerry
IE-0091-M248KE-8.dw.png,IE-0091, 52.17    ,-9.75    ,2024,,Kerry
IE-0091-M248KE-9.dw.png,IE-0091, 52.17    ,-9.75    ,2024,,Kerry
IE-0092-M249D-1.dw.png,IE-0092, 53.42    ,-6.25    ,2024,,Dublin
IE-0092-M249D-10.dw.png,IE-0092, 53.42    ,-6.25    ,2024,,Dublin
IE-0092-M249D-11.dw.png,IE-0092, 53.42    ,-6.25    ,2024,,Dublin
IE-0092-M249D-12.dw.png,IE-0092, 53.42    ,-6.25    ,2024,,Dublin
IE-0092-M249D-2.dw.png,IE-0092, 53.42    ,-6.25    ,2024,,Dublin
IE-0092-M249D-3.dw.png,IE-0092, 53.42    ,-6.25    ,2024,,Dublin
IE-0092-M249D-4.dw.png,IE-0092, 53.42    ,-6.25    ,2024,,Dublin
IE-0092-M249D-5.dw.png,IE-0092, 53.42    ,-6.25    ,2024,,Dublin
IE-0092-M249D-6.dw.png,IE-0092, 53.42    ,-6.25    ,2024,,Dublin
IE-0092-M249D-7.dw.png,IE-0092, 53.42    ,-6.25    ,2024,,Dublin
IE-0092-M249D-8.dw.png,IE-0092, 53.42    ,-6.25    ,2024,,Dublin
IE-0092-M249D-9.dw.png,IE-0092, 53.42    ,-6.25    ,2024,,Dublin
IE-0093-M250D-1.dw.png,IE-0093, 53.42    ,-6.25    ,2024,,Dublin
IE-0093-M250D-10.dw.png,IE-0093, 53.42    ,-6.25    ,2024,,Dublin
IE-0093-M250D-11.dw.png,IE-0093, 53.42    ,-6.25    ,2024,,Dublin
IE-0093-M250D-12.dw.png,IE-0093, 53.42    ,-6.25    ,2024,,Dublin
IE-0093-M250D-2.dw.png,IE-0093, 53.42    ,-6.25    ,2024,,Dublin
IE-0093-M250D-3.dw.png,IE-0093, 53.42    ,-6.25    ,2024,,Dublin
IE-0093-M250D-4.dw.png,IE-0093, 53.42    ,-6.25    ,2024,,Dublin
IE-0093-M250D-5.dw.png,IE-0093, 53.42    ,-6.25    ,2024,,Dublin
IE-0093-M250D-6.dw.png,IE-0093, 53.42    ,-6.25    ,2024,,Dublin
IE-0093-M250D-7.dw.png,IE-0093, 53.42    ,-6.25    ,2024,,Dublin
IE-0093-M250D-8.dw.png,IE-0093, 53.42    ,-6.25    ,2024,,Dublin
IE-0093-M250D-9.dw.png,IE-0093, 53.42    ,-6.25    ,2024,,Dublin
IE-0094-M263L-1.dw.png,IE-0094, 52.50    ,-8.75    ,2024,,Limerick
IE-0094-M263L-10.dw.png,IE-0094, 52.50    ,-8.75    ,2024,,Limerick
IE-0094-M263L-11.dw.png,IE-0094, 52.50    ,-8.75    ,2024,,Limerick
IE-0094-M263L-12.dw.png,IE-0094, 52.50    ,-8.75    ,2024,,Limerick
IE-0094-M263L-2.dw.png,IE-0094, 52.50    ,-8.75    ,2024,,Limerick
IE-0094-M263L-3.dw.png,IE-0094, 52.50    ,-8.75    ,2024,,Limerick
IE-0094-M263L-4.dw.png,IE-0094, 52.50    ,-8.75    ,2024,,Limerick
IE-0094-M263L-5.dw.png,IE-0094, 52.50    ,-8.75    ,2024,,Limerick
IE-0094-M263L-6.dw.png,IE-0094, 52.50    ,-8.75    ,2024,,Limerick
IE-0094-M263L-7.dw.png,IE-0094, 52.50    ,-8.75    ,2024,,Limerick
IE-0094-M263L-8.dw.png,IE-0094, 52.50    ,-8.75    ,2024,,Limerick
IE-0094-M263L-9.dw.png,IE-0094, 52.50    ,-8.75    ,2024,,Limerick
IE-0095-M264LH-1.dw.png,IE-0095, 53.83    ,-6.50    ,2024,,Louth
IE-0095-M264LH-10.dw.png,IE-0095, 53.83    ,-6.50    ,2024,,Louth
IE-0095-M264LH-11.dw.png,IE-0095, 53.83    ,-6.50    ,2024,,Louth
IE-0095-M264LH-2.dw.png,IE-0095, 53.83    ,-6.50    ,2024,,Louth
IE-0095-M264LH-3.dw.png,IE-0095, 53.83    ,-6.50    ,2024,,Louth
IE-0095-M264LH-4.dw.png,IE-0095, 53.83    ,-6.50    ,2024,,Louth
IE-0095-M264LH-5.dw.png,IE-0095, 53.83    ,-6.50    ,2024,,Louth
IE-0095-M264LH-6.dw.png,IE-0095, 53.83    ,-6.50    ,2024,,Louth
IE-0095-M264LH-7.dw.png,IE-0095, 53.83    ,-6.50    ,2024,,Louth
IE-0095-M264LH-8.dw.png,IE-0095, 53.83    ,-6.50    ,2024,,Louth
IE-0095-M264LH-9.dw.png,IE-0095, 53.83    ,-6.50    ,2024,,Louth
IE-0096-M265MH-1.dw.png,IE-0096, 53.67    ,-6.67    ,2024,,Meath
IE-0096-M265MH-10.dw.png,IE-0096, 53.67    ,-6.67    ,2024,,Meath
IE-0096-M265MH-11.dw.png,IE-0096, 53.67    ,-6.67    ,2024,,Meath
IE-0096-M265MH-12.dw.png,IE-0096, 53.67    ,-6.67    ,2024,,Meath
IE-0096-M265MH-2.dw.png,IE-0096, 53.67    ,-6.67    ,2024,,Meath
IE-0096-M265MH-3.dw.png,IE-0096, 53.67    ,-6.67    ,2024,,Meath
IE-0096-M265MH-4.dw.png,IE-0096, 53.67    ,-6.67    ,2024,,Meath
IE-0096-M265MH-5.dw.png,IE-0096, 53.67    ,-6.67    ,2024,,Meath
IE-0096-M265MH-6.dw.png,IE-0096, 53.67    ,-6.67    ,2024,,Meath
IE-0096-M265MH-7.dw.png,IE-0096, 53.67    ,-6.67    ,2024,,Meath
IE-0096-M265MH-8.dw.png,IE-0096, 53.67    ,-6.67    ,2024,,Meath
IE-0096-M265MH-9.dw.png,IE-0096, 53.67    ,-6.67    ,2024,,Meath
IE-0097-M266L-10.dw.png,IE-0097, 52.50    ,-8.75    ,2024,,Limerick
IE-0097-M266L-11.dw.png,IE-0097, 52.50    ,-8.75    ,2024,,Limerick
IE-0097-M266L-12.dw.png,IE-0097, 52.50    ,-8.75    ,2024,,Limerick
IE-0097-M266L-2.dw.png,IE-0097, 52.50    ,-8.75    ,2024,,Limerick
IE-0097-M266L-3.dw.png,IE-0097, 52.50    ,-8.75    ,2024,,Limerick
IE-0097-M266L-4.dw.png,IE-0097, 52.50    ,-8.75    ,2024,,Limerick
IE-0097-M266L-6.dw.png,IE-0097, 52.50    ,-8.75    ,2024,,Limerick
IE-0097-M266L-7.dw.png,IE-0097, 52.50    ,-8.75    ,2024,,Limerick
IE-0097-M266L-8.dw.png,IE-0097, 52.50    ,-8.75    ,2024,,Limerick
IE-0097-M266L-9.dw.png,IE-0097, 52.50    ,-8.75    ,2024,,Limerick
IE-0098-M267L-1.dw.png,IE-0098, 52.50    ,-8.75    ,2024,,Limerick
IE-0098-M267L-10.dw.png,IE-0098, 52.50    ,-8.75    ,2024,,Limerick
IE-0098-M267L-11.dw.png,IE-0098, 52.50    ,-8.75    ,2024,,Limerick
IE-0098-M267L-12.dw.png,IE-0098, 52.50    ,-8.75    ,2024,,Limerick
IE-0098-M267L-2.dw.png,IE-0098, 52.50    ,-8.75    ,2024,,Limerick
IE-0098-M267L-3.dw.png,IE-0098, 52.50    ,-8.75    ,2024,,Limerick
IE-0098-M267L-4.dw.png,IE-0098, 52.50    ,-8.75    ,2024,,Limerick
IE-0098-M267L-5.dw.png,IE-0098, 52.50    ,-8.75    ,2024,,Limerick
IE-0098-M267L-6.dw.png,IE-0098, 52.50    ,-8.75    ,2024,,Limerick
IE-0098-M267L-7.dw.png,IE-0098, 52.50    ,-8.75    ,2024,,Limerick
IE-0098-M267L-8.dw.png,IE-0098, 52.50    ,-8.75    ,2024,,Limerick
IE-0098-M267L-9.dw.png,IE-0098, 52.50    ,-8.75    ,2024,,Limerick
IE-0099-M268D-105.dw.png,IE-0099, 53.42    ,-6.25    ,2024,,Dublin
IE-0099-M268D-135.dw.png,IE-0099, 53.42    ,-6.25    ,2024,,Dublin
IE-0099-M268D-140.dw.png,IE-0099, 53.42    ,-6.25    ,2024,,Dublin
IE-0099-M268D-143.dw.png,IE-0099, 53.42    ,-6.25    ,2024,,Dublin
IE-0099-M268D-34.dw.png,IE-0099, 53.42    ,-6.25    ,2024,,Dublin
IE-0099-M268D-40.dw.png,IE-0099, 53.42    ,-6.25    ,2024,,Dublin
IE-0099-M268D-54.dw.png,IE-0099, 53.42    ,-6.25    ,2024,,Dublin
IE-0099-M268D-70.dw.png,IE-0099, 53.42    ,-6.25    ,2024,,Dublin
IE-0099-M268D-72.dw.png,IE-0099, 53.42    ,-6.25    ,2024,,Dublin
IE-0099-M268D-74.dw.png,IE-0099, 53.42    ,-6.25    ,2024,,Dublin
IE-0099-M268D-91.dw.png,IE-0099, 53.42    ,-6.25    ,2024,,Dublin
IE-0099-M268D-98.dw.png,IE-0099, 53.42    ,-6.25    ,2024,,Dublin
IE-0100-M270-1.dw.png,IE-0100, 52.50    ,-8.75    ,2024,,Limerick
IE-0100-M270-10.dw.png,IE-0100, 52.50    ,-8.75    ,2024,,Limerick
IE-0100-M270-11.dw.png,IE-0100, 52.50    ,-8.75    ,2024,,Limerick
IE-0100-M270-12.dw.png,IE-0100, 52.50    ,-8.75    ,2024,,Limerick
IE-0100-M270-2.dw.png,IE-0100, 52.50    ,-8.75    ,2024,,Limerick
IE-0100-M270-3.dw.png,IE-0100, 52.50    ,-8.75    ,2024,,Limerick
IE-0100-M270-4.dw.png,IE-0100, 52.50    ,-8.75    ,2024,,Limerick
IE-0100-M270-5.dw.png,IE-0100, 52.50    ,-8.75    ,2024,,Limerick
IE-0100-M270-6.dw.png,IE-0100, 52.50    ,-8.75    ,2024,,Limerick
IE-0100-M270-7.dw.png,IE-0100, 52.50    ,-8.75    ,2024,,Limerick
IE-0100-M270-8.dw.png,IE-0100, 52.50    ,-8.75    ,2024,,Limerick
IE-0100-M270-9.dw.png,IE-0100, 52.50    ,-8.75    ,2024,,Limerick
IE-0101-M271F-10.dw.png,IE-0101, 54.35    ,-7.64    ,2024,,Fermanagh
IE-0101-M271F-11.dw.png,IE-0101, 54.35    ,-7.64    ,2024,,Fermanagh
IE-0101-M271F-12.dw.png,IE-0101, 54.35    ,-7.64    ,2024,,Fermanagh
IE-0101-M271F-13.dw.png,IE-0101, 54.35    ,-7.64    ,2024,,Fermanagh
IE-0101-M271F-4.dw.png,IE-0101, 54.35    ,-7.64    ,2024,,Fermanagh
IE-0101-M271F-5.dw.png,IE-0101, 54.35    ,-7.64    ,2024,,Fermanagh
IE-0101-M271F-6.dw.png,IE-0101, 54.35    ,-7.64    ,2024,,Fermanagh
IE-0101-M271F-7.dw.png,IE-0101, 54.35    ,-7.64    ,2024,,Fermanagh
IE-0101-M271F-8.dw.png,IE-0101, 54.35    ,-7.64    ,2024,,Fermanagh
IE-0101-M271F-9.dw.png,IE-0101, 54.35    ,-7.64    ,2024,,Fermanagh
IE-0102-M272D-103.dw.png,IE-0102, 53.42    ,-6.25    ,2024,,Dublin
IE-0102-M272D-12.dw.png,IE-0102, 53.42    ,-6.25    ,2024,,Dublin
IE-0102-M272D-13.dw.png,IE-0102, 53.42    ,-6.25    ,2024,,Dublin
IE-0102-M272D-165.dw.png,IE-0102, 53.42    ,-6.25    ,2024,,Dublin
IE-0102-M272D-26.dw.png,IE-0102, 53.42    ,-6.25    ,2024,,Dublin
IE-0102-M272D-34.dw.png,IE-0102, 53.42    ,-6.25    ,2024,,Dublin
IE-0102-M272D-63.dw.png,IE-0102, 53.42    ,-6.25    ,2024,,Dublin
IE-0102-M272D-64.dw.png,IE-0102, 53.42    ,-6.25    ,2024,,Dublin
IE-0102-M272D-72.dw.png,IE-0102, 53.42    ,-6.25    ,2024,,Dublin
IE-0102-M272D-90.dw.png,IE-0102, 53.42    ,-6.25    ,2024,,Dublin
IE-0103-M273D-116.dw.png,IE-0103, 53.42    ,-6.25    ,2024,,Dublin
IE-0103-M273D-125.dw.png,IE-0103, 53.42    ,-6.25    ,2024,,Dublin
IE-0103-M273D-126.dw.png,IE-0103, 53.42    ,-6.25    ,2024,,Dublin
IE-0103-M273D-14.dw.png,IE-0103, 53.42    ,-6.25    ,2024,,Dublin
IE-0103-M273D-37.dw.png,IE-0103, 53.42    ,-6.25    ,2024,,Dublin
IE-0103-M273D-58.dw.png,IE-0103, 53.42    ,-6.25    ,2024,,Dublin
IE-0103-M273D-69.dw.png,IE-0103, 53.42    ,-6.25    ,2024,,Dublin
IE-0103-M273D-95.dw.png,IE-0103, 53.42    ,-6.25    ,2024,,Dublin
IE-0103-M273D-96.dw.png,IE-0103, 53.42    ,-6.25    ,2024,,Dublin
IE-0104-M274WX-1.dw.png,IE-0104, 52.50    ,-6.75    ,2024,,Wexford
IE-0104-M274WX-10.dw.png,IE-0104, 52.50    ,-6.75    ,2024,,Wexford
IE-0104-M274WX-11.dw.png,IE-0104, 52.50    ,-6.75    ,2024,,Wexford
IE-0104-M274WX-12.dw.png,IE-0104, 52.50    ,-6.75    ,2024,,Wexford
IE-0104-M274WX-2.dw.png,IE-0104, 52.50    ,-6.75    ,2024,,Wexford
IE-0104-M274WX-3.dw.png,IE-0104, 52.50    ,-6.75    ,2024,,Wexford
IE-0104-M274WX-4.dw.png,IE-0104, 52.50    ,-6.75    ,2024,,Wexford
IE-0104-M274WX-5.dw.png,IE-0104, 52.50    ,-6.75    ,2024,,Wexford
IE-0104-M274WX-6.dw.png,IE-0104, 52.50    ,-6.75    ,2024,,Wexford
IE-0104-M274WX-7.dw.png,IE-0104, 52.50    ,-6.75    ,2024,,Wexford
IE-0104-M274WX-8.dw.png,IE-0104, 52.50    ,-6.75    ,2024,,Wexford
IE-0104-M274WX-9.dw.png,IE-0104, 52.50    ,-6.75    ,2024,,Wexford
IE-0105-M275WX-1.dw.png,IE-0105, 52.50    ,-6.75    ,2024,,Wexford
IE-0105-M275WX-10.dw.png,IE-0105, 52.50    ,-6.75    ,2024,,Wexford
IE-0105-M275WX-11.dw.png,IE-0105, 52.50    ,-6.75    ,2024,,Wexford
IE-0105-M275WX-12.dw.png,IE-0105, 52.50    ,-6.75    ,2024,,Wexford
IE-0105-M275WX-2.dw.png,IE-0105, 52.50    ,-6.75    ,2024,,Wexford
IE-0105-M275WX-3.dw.png,IE-0105, 52.50    ,-6.75    ,2024,,Wexford
IE-0105-M275WX-4.dw.png,IE-0105, 52.50    ,-6.75    ,2024,,Wexford
IE-0105-M275WX-5.dw.png,IE-0105, 52.50    ,-6.75    ,2024,,Wexford
IE-0105-M275WX-6.dw.png,IE-0105, 52.50    ,-6.75    ,2024,,Wexford
IE-0105-M275WX-7.dw.png,IE-0105, 52.50    ,-6.75    ,2024,,Wexford
IE-0105-M275WX-8.dw.png,IE-0105, 52.50    ,-6.75    ,2024,,Wexford
IE-0105-M275WX-9.dw.png,IE-0105, 52.50    ,-6.75    ,2024,,Wexford
IE-0106-M276G-121.dw.png,IE-0106, 53.33    ,-9.00    ,2024,,Galway
IE-0106-M276G-173.dw.png,IE-0106, 53.33    ,-9.00    ,2024,,Galway
IE-0106-M276G-182.dw.png,IE-0106, 53.33    ,-9.00    ,2024,,Galway
IE-0106-M276G-188.dw.png,IE-0106, 53.33    ,-9.00    ,2024,,Galway
IE-0106-M276G-220.dw.png,IE-0106, 53.33    ,-9.00    ,2024,,Galway
IE-0106-M276G-221.dw.png,IE-0106, 53.33    ,-9.00    ,2024,,Galway
IE-0106-M276G-233.dw.png,IE-0106, 53.33    ,-9.00    ,2024,,Galway
IE-0106-M276G-261.dw.png,IE-0106, 53.33    ,-9.00    ,2024,,Galway
IE-0106-M276G-270.dw.png,IE-0106, 53.33    ,-9.00    ,2024,,Galway
IE-0107-M277G-10.dw.png,IE-0107, 53.33    ,-9.00    ,2024,,Galway
IE-0107-M277G-11.dw.png,IE-0107, 53.33    ,-9.00    ,2024,,Galway
IE-0107-M277G-15.dw.png,IE-0107, 53.33    ,-9.00    ,2024,,Galway
IE-0107-M277G-224.dw.png,IE-0107, 53.33    ,-9.00    ,2024,,Galway
IE-0107-M277G-34.dw.png,IE-0107, 53.33    ,-9.00    ,2024,,Galway
IE-0107-M277G-37.dw.png,IE-0107, 53.33    ,-9.00    ,2024,,Galway
IE-0107-M277G-42.dw.png,IE-0107, 53.33    ,-9.00    ,2024,,Galway
IE-0107-M277G-53.dw.png,IE-0107, 53.33    ,-9.00    ,2024,,Galway
IE-0107-M277G-59.dw.png,IE-0107, 53.33    ,-9.00    ,2024,,Galway
IE-0107-M277G-63.dw.png,IE-0107, 53.33    ,-9.00    ,2024,,Galway
IE-0107-M277G-69.dw.png,IE-0107, 53.33    ,-9.00    ,2024,,Galway
IE-0107-M277G-73.dw.png,IE-0107, 53.33    ,-9.00    ,2024,,Galway
IE-0108-M278C-115.dw.png,IE-0108, 52.00    ,-8.75    ,2024,,Cork
IE-0108-M278C-119.dw.png,IE-0108, 52.00    ,-8.75    ,2024,,Cork
IE-0108-M278C-15.dw.png,IE-0108, 52.00    ,-8.75    ,2024,,Cork
IE-0108-M278C-156.dw.png,IE-0108, 52.00    ,-8.75    ,2024,,Cork
IE-0108-M278C-157.dw.png,IE-0108, 52.00    ,-8.75    ,2024,,Cork
IE-0108-M278C-164.dw.png,IE-0108, 52.00    ,-8.75    ,2024,,Cork
IE-0108-M278C-18.dw.png,IE-0108, 52.00    ,-8.75    ,2024,,Cork
IE-0108-M278C-28.dw.png,IE-0108, 52.00    ,-8.75    ,2024,,Cork
IE-0108-M278C-55.dw.png,IE-0108, 52.00    ,-8.75    ,2024,,Cork
IE-0108-M278C-65.dw.png,IE-0108, 52.00    ,-8.75    ,2024,,Cork
IE-0108-M278C-67.dw.png,IE-0108, 52.00    ,-8.75    ,2024,,Cork
IE-0108-M278C-96.dw.png,IE-0108, 52.00    ,-8.75    ,2024,,Cork
IE-0109-M279CW-138.dw.png,IE-0109, 52.67    ,-6.83    ,2024,,Carlow
IE-0109-M279CW-139.dw.png,IE-0109, 52.67    ,-6.83    ,2024,,Carlow
IE-0109-M279CW-160.dw.png,IE-0109, 52.67    ,-6.83    ,2024,,Carlow
IE-0109-M279CW-17.dw.png,IE-0109, 52.67    ,-6.83    ,2024,,Carlow
IE-0109-M279CW-201.dw.png,IE-0109, 52.67    ,-6.83    ,2024,,Carlow
IE-0109-M279CW-24.dw.png,IE-0109, 52.67    ,-6.83    ,2024,,Carlow
IE-0109-M279CW-32.dw.png,IE-0109, 52.67    ,-6.83    ,2024,,Carlow
IE-0109-M279CW-60.dw.png,IE-0109, 52.67    ,-6.83    ,2024,,Carlow
IE-0109-M279CW-73.dw.png,IE-0109, 52.67    ,-6.83    ,2024,,Carlow
IE-0109-M279CW-83.dw.png,IE-0109, 52.67    ,-6.83    ,2024,,Carlow
IE-0110-M280T-114.dw.png,IE-0110, 52.67    ,-7.83    ,2024,,Tipperary
IE-0110-M280T-120.dw.png,IE-0110, 52.67    ,-7.83    ,2024,,Tipperary
IE-0110-M280T-120x.dw.png,IE-0110, 52.67    ,-7.83    ,2024,,Tipperary
IE-0110-M280T-126.dw.png,IE-0110, 52.67    ,-7.83    ,2024,,Tipperary
IE-0110-M280T-146.dw.png,IE-0110, 52.67    ,-7.83    ,2024,,Tipperary
IE-0110-M280T-169.dw.png,IE-0110, 52.67    ,-7.83    ,2024,,Tipperary
IE-0110-M280T-17.dw.png,IE-0110, 52.67    ,-7.83    ,2024,,Tipperary
IE-0110-M280T-26.dw.png,IE-0110, 52.67    ,-7.83    ,2024,,Tipperary
IE-0110-M280T-42.dw.png,IE-0110, 52.67    ,-7.83    ,2024,,Tipperary
IE-0110-M280T-81.dw.png,IE-0110, 52.67    ,-7.83    ,2024,,Tipperary
IE-0110-M280T-90.dw.png,IE-0110, 52.67    ,-7.83    ,2024,,Tipperary
IE-0111-M281T-133.dw.png,IE-0111, 52.67    ,-7.83    ,2024,,Tipperary
IE-0111-M281T-134.dw.png,IE-0111, 52.67    ,-7.83    ,2024,,Tipperary
IE-0111-M281T-146.dw.png,IE-0111, 52.67    ,-7.83    ,2024,,Tipperary
IE-0111-M281T-157.dw.png,IE-0111, 52.67    ,-7.83    ,2024,,Tipperary
IE-0111-M281T-166.dw.png,IE-0111, 52.67    ,-7.83    ,2024,,Tipperary
IE-0111-M281T-174.dw.png,IE-0111, 52.67    ,-7.83    ,2024,,Tipperary
IE-0111-M281T-30.dw.png,IE-0111, 52.67    ,-7.83    ,2024,,Tipperary
IE-0111-M281T-44.dw.png,IE-0111, 52.67    ,-7.83    ,2024,,Tipperary
IE-0111-M281T-52.dw.png,IE-0111, 52.67    ,-7.83    ,2024,,Tipperary
IE-0111-M281T-68.dw.png,IE-0111, 52.67    ,-7.83    ,2024,,Tipperary
IE-0111-M281T-74.dw.png,IE-0111, 52.67    ,-7.83    ,2024,,Tipperary
IE-0111-M281T-83.dw.png,IE-0111, 52.67    ,-7.83    ,2024,,Tipperary
IE-0112-M282-16.dw.png,IE-0112, 53.00    ,-8.00    ,2024,,Unknown
IE-0112-M282-19.dw.png,IE-0112, 53.00    ,-8.00    ,2024,,Unknown
IE-0112-M282-21.dw.png,IE-0112, 53.00    ,-8.00    ,2024,,Unknown
IE-0112-M282-34.dw.png,IE-0112, 53.00    ,-8.00    ,2024,,Unknown
IE-0112-M282-37.dw.png,IE-0112, 53.00    ,-8.00    ,2024,,Unknown
IE-0112-M282-52.dw.png,IE-0112, 53.00    ,-8.00    ,2024,,Unknown
IE-0112-M282-56.dw.png,IE-0112, 53.00    ,-8.00    ,2024,,Unknown
IE-0112-M282-60.dw.png,IE-0112, 53.00    ,-8.00    ,2024,,Unknown
IE-0112-M282-63.dw.png,IE-0112, 53.00    ,-8.00    ,2024,,Unknown
IE-0112-M282-89.dw.png,IE-0112, 53.00    ,-8.00    ,2024,,Unknown
IE-0112-M282-92.dw.png,IE-0112, 53.00    ,-8.00    ,2024,,Unknown
IE-0113-M285WX-1.dw.png,IE-0113, 52.50    ,-6.75    ,2024,,Wexford
IE-0113-M285WX-10.dw.png,IE-0113, 52.50    ,-6.75    ,2024,,Wexford
IE-0113-M285WX-11.dw.png,IE-0113, 52.50    ,-6.75    ,2024,,Wexford
IE-0113-M285WX-12.dw.png,IE-0113, 52.50    ,-6.75    ,2024,,Wexford
IE-0113-M285WX-2.dw.png,IE-0113, 52.50    ,-6.75    ,2024,,Wexford
IE-0113-M285WX-3.dw.png,IE-0113, 52.50    ,-6.75    ,2024,,Wexford
IE-0113-M285WX-4.dw.png,IE-0113, 52.50    ,-6.75    ,2024,,Wexford
IE-0113-M285WX-5.dw.png,IE-0113, 52.50    ,-6.75    ,2024,,Wexford
IE-0113-M285WX-6.dw.png,IE-0113, 52.50    ,-6.75    ,2024,,Wexford
IE-0113-M285WX-7.dw.png,IE-0113, 52.50    ,-6.75    ,2024,,Wexford
IE-0113-M285WX-8.dw.png,IE-0113, 52.50    ,-6.75    ,2024,,Wexford
IE-0113-M285WX-9.dw.png,IE-0113, 52.50    ,-6.75    ,2024,,Wexford
IE-0114-M286WX-1.dw.png,IE-0114, 52.50    ,-6.75    ,2024,,Wexford
IE-0114-M286WX-10.dw.png,IE-0114, 52.50    ,-6.75    ,2024,,Wexford
IE-0114-M286WX-11.dw.png,IE-0114, 52.50    ,-6.75    ,2024,,Wexford
IE-0114-M286WX-12.dw.png,IE-0114, 52.50    ,-6.75    ,2024,,Wexford
IE-0114-M286WX-2.dw.png,IE-0114, 52.50    ,-6.75    ,2024,,Wexford
IE-0114-M286WX-3.dw.png,IE-0114, 52.50    ,-6.75    ,2024,,Wexford
IE-0114-M286WX-4.dw.png,IE-0114, 52.50    ,-6.75    ,2024,,Wexford
IE-0114-M286WX-5.dw.png,IE-0114, 52.50    ,-6.75    ,2024,,Wexford
IE-0114-M286WX-6.dw.png,IE-0114, 52.50    ,-6.75    ,2024,,Wexford
IE-0114-M286WX-7.dw.png,IE-0114, 52.50    ,-6.75    ,2024,,Wexford
IE-0114-M286WX-8.dw.png,IE-0114, 52.50    ,-6.75    ,2024,,Wexford
IE-0114-M286WX-9.dw.png,IE-0114, 52.50    ,-6.75    ,2024,,Wexford
IE-0115-M288WX-1.dw.png,IE-0115, 52.50    ,-6.75    ,2024,,Wexford
IE-0115-M288WX-10.dw.png,IE-0115, 52.50    ,-6.75    ,2024,,Wexford
IE-0115-M288WX-11.dw.png,IE-0115, 52.50    ,-6.75    ,2024,,Wexford
IE-0115-M288WX-12.dw.png,IE-0115, 52.50    ,-6.75    ,2024,,Wexford
IE-0115-M288WX-2.dw.png,IE-0115, 52.50    ,-6.75    ,2024,,Wexford
IE-0115-M288WX-3.dw.png,IE-0115, 52.50    ,-6.75    ,2024,,Wexford
IE-0115-M288WX-4.dw.png,IE-0115, 52.50    ,-6.75    ,2024,,Wexford
IE-0115-M288WX-5.dw.png,IE-0115, 52.50    ,-6.75    ,2024,,Wexford
IE-0115-M288WX-6.dw.png,IE-0115, 52.50    ,-6.75    ,2024,,Wexford
IE-0115-M288WX-7.dw.png,IE-0115, 52.50    ,-6.75    ,2024,,Wexford
IE-0115-M288WX-8.dw.png,IE-0115, 52.50    ,-6.75    ,2024,,Wexford
IE-0115-M288WX-9.dw.png,IE-0115, 52.50    ,-6.75    ,2024,,Wexford
IE-0116-M289WX-1.dw.png,IE-0116, 52.50    ,-6.75    ,2024,,Wexford
IE-0116-M289WX-10.dw.png,IE-0116, 52.50    ,-6.75    ,2024,,Wexford
IE-0116-M289WX-11.dw.png,IE-0116, 52.50    ,-6.75    ,2024,,Wexford
IE-0116-M289WX-12.dw.png,IE-0116, 52.50    ,-6.75    ,2024,,Wexford
IE-0116-M289WX-2.dw.png,IE-0116, 52.50    ,-6.75    ,2024,,Wexford
IE-0116-M289WX-3.dw.png,IE-0116, 52.50    ,-6.75    ,2024,,Wexford
IE-0116-M289WX-4.dw.png,IE-0116, 52.50    ,-6.75    ,2024,,Wexford
IE-0116-M289WX-5.dw.png,IE-0116, 52.50    ,-6.75    ,2024,,Wexford
IE-0116-M289WX-6.dw.png,IE-0116, 52.50    ,-6.75    ,2024,,Wexford
IE-0116-M289WX-7.dw.png,IE-0116, 52.50    ,-6.75    ,2024,,Wexford
IE-0116-M289WX-8.dw.png,IE-0116, 52.50    ,-6.75    ,2024,,Wexford
IE-0116-M289WX-9.dw.png,IE-0116, 52.50    ,-6.75    ,2024,,Wexford
IE-0117-M290WX-1.dw.png,IE-0117, 52.50    ,-6.75    ,2024,,Wexford
IE-0117-M290WX-11.dw.png,IE-0117, 52.50    ,-6.75    ,2024,,Wexford
IE-0117-M290WX-12.dw.png,IE-0117, 52.50    ,-6.75    ,2024,,Wexford
IE-0117-M290WX-2.dw.png,IE-0117, 52.50    ,-6.75    ,2024,,Wexford
IE-0117-M290WX-3.dw.png,IE-0117, 52.50    ,-6.75    ,2024,,Wexford
IE-0117-M290WX-4.dw.png,IE-0117, 52.50    ,-6.75    ,2024,,Wexford
IE-0117-M290WX-5.dw.png,IE-0117, 52.50    ,-6.75    ,2024,,Wexford
IE-0117-M290WX-6.dw.png,IE-0117, 52.50    ,-6.75    ,2024,,Wexford
IE-0117-M290WX-7.dw.png,IE-0117, 52.50    ,-6.75    ,2024,,Wexford
IE-0117-M290WX-8.dw.png,IE-0117, 52.50    ,-6.75    ,2024,,Wexford
IE-0117-M290WX-9.dw.png,IE-0117, 52.50    ,-6.75    ,2024,,Wexford
IE-0118-M291WX-1.dw.png,IE-0118, 52.50    ,-6.75    ,2024,,Wexford
IE-0118-M291WX-10.dw.png,IE-0118, 52.50    ,-6.75    ,2024,,Wexford
IE-0118-M291WX-12.dw.png,IE-0118, 52.50    ,-6.75    ,2024,,Wexford
IE-0118-M291WX-2.dw.png,IE-0118, 52.50    ,-6.75    ,2024,,Wexford
IE-0118-M291WX-3.dw.png,IE-0118, 52.50    ,-6.75    ,2024,,Wexford
IE-0118-M291WX-4.dw.png,IE-0118, 52.50    ,-6.75    ,2024,,Wexford
IE-0118-M291WX-5.dw.png,IE-0118, 52.50    ,-6.75    ,2024,,Wexford
IE-0118-M291WX-6.dw.png,IE-0118, 52.50    ,-6.75    ,2024,,Wexford
IE-0118-M291WX-7.dw.png,IE-0118, 52.50    ,-6.75    ,2024,,Wexford
IE-0118-M291WX-8.dw.png,IE-0118, 52.50    ,-6.75    ,2024,,Wexford
IE-0118-M291WX-9.dw.png,IE-0118, 52.50    ,-6.75    ,2024,,Wexford
IE-0119-M292WX-1.dw.png,IE-0119, 52.50    ,-6.75    ,2024,,Wexford
IE-0119-M292WX-10.dw.png,IE-0119, 52.50    ,-6.75    ,2024,,Wexford
IE-0119-M292WX-11.dw.png,IE-0119, 52.50    ,-6.75    ,2024,,Wexford
IE-0119-M292WX-12.dw.png,IE-0119, 52.50    ,-6.75    ,2024,,Wexford
IE-0119-M292WX-2.dw.png,IE-0119, 52.50    ,-6.75    ,2024,,Wexford
IE-0119-M292WX-3.dw.png,IE-0119, 52.50    ,-6.75    ,2024,,Wexford
IE-0119-M292WX-4.dw.png,IE-0119, 52.50    ,-6.75    ,2024,,Wexford
IE-0119-M292WX-5.dw.png,IE-0119, 52.50    ,-6.75    ,2024,,Wexford
IE-0119-M292WX-6.dw.png,IE-0119, 52.50    ,-6.75    ,2024,,Wexford
IE-0119-M292WX-7.dw.png,IE-0119, 52.50    ,-6.75    ,2024,,Wexford
IE-0119-M292WX-8.dw.png,IE-0119, 52.50    ,-6.75    ,2024,,Wexford
IE-0119-M292WX-9.dw.png,IE-0119, 52.50    ,-6.75    ,2024,,Wexford
IE-0120-M293WX-1.dw.png,IE-0120, 52.50    ,-6.75    ,2024,,Wexford
IE-0120-M293WX-10.dw.png,IE-0120, 52.50    ,-6.75    ,2024,,Wexford
IE-0120-M293WX-11.dw.png,IE-0120, 52.50    ,-6.75    ,2024,,Wexford
IE-0120-M293WX-12.dw.png,IE-0120, 52.50    ,-6.75    ,2024,,Wexford
IE-0120-M293WX-2.dw.png,IE-0120, 52.50    ,-6.75    ,2024,,Wexford
IE-0120-M293WX-3.dw.png,IE-0120, 52.50    ,-6.75    ,2024,,Wexford
IE-0120-M293WX-4.dw.png,IE-0120, 52.50    ,-6.75    ,2024,,Wexford
IE-0120-M293WX-5.dw.png,IE-0120, 52.50    ,-6.75    ,2024,,Wexford
IE-0120-M293WX-6.dw.png,IE-0120, 52.50    ,-6.75    ,2024,,Wexford
IE-0120-M293WX-7.dw.png,IE-0120, 52.50    ,-6.75    ,2024,,Wexford
IE-0120-M293WX-8.dw.png,IE-0120, 52.50    ,-6.75    ,2024,,Wexford
IE-0120-M293WX-9.dw.png,IE-0120, 52.50    ,-6.75    ,2024,,Wexford
IE-0121-M294WX-1.dw.png,IE-0121, 52.50    ,-6.75    ,2024,,Wexford
IE-0121-M294WX-10.dw.png,IE-0121, 52.50    ,-6.75    ,2024,,Wexford
IE-0121-M294WX-11.dw.png,IE-0121, 52.50    ,-6.75    ,2024,,Wexford
IE-0121-M294WX-12.dw.png,IE-0121, 52.50    ,-6.75    ,2024,,Wexford
IE-0121-M294WX-2.dw.png,IE-0121, 52.50    ,-6.75    ,2024,,Wexford
IE-0121-M294WX-3.dw.png,IE-0121, 52.50    ,-6.75    ,2024,,Wexford
IE-0121-M294WX-4.dw.png,IE-0121, 52.50    ,-6.75    ,2024,,Wexford
IE-0121-M294WX-5.dw.png,IE-0121, 52.50    ,-6.75    ,2024,,Wexford
IE-0121-M294WX-6.dw.png,IE-0121, 52.50    ,-6.75    ,2024,,Wexford
IE-0121-M294WX-7.dw.png,IE-0121, 52.50    ,-6.75    ,2024,,Wexford
IE-0121-M294WX-8.dw.png,IE-0121, 52.50    ,-6.75    ,2024,,Wexford
IE-0121-M294WX-9.dw.png,IE-0121, 52.50    ,-6.75    ,2024,,Wexford
IE-0122-M295WX-1.dw.png,IE-0122, 52.50    ,-6.75    ,2024,,Wexford
IE-0122-M295WX-10.dw.png,IE-0122, 52.50    ,-6.75    ,2024,,Wexford
IE-0122-M295WX-11.dw.png,IE-0122, 52.50    ,-6.75    ,2024,,Wexford
IE-0122-M295WX-12.dw.png,IE-0122, 52.50    ,-6.75    ,2024,,Wexford
IE-0122-M295WX-2.dw.png,IE-0122, 52.50    ,-6.75    ,2024,,Wexford
IE-0122-M295WX-3.dw.png,IE-0122, 52.50    ,-6.75    ,2024,,Wexford
IE-0122-M295WX-4.dw.png,IE-0122, 52.50    ,-6.75    ,2024,,Wexford
IE-0122-M295WX-5.dw.png,IE-0122, 52.50    ,-6.75    ,2024,,Wexford
IE-0122-M295WX-6.dw.png,IE-0122, 52.50    ,-6.75    ,2024,,Wexford
IE-0122-M295WX-7.dw.png,IE-0122, 52.50    ,-6.75    ,2024,,Wexford
IE-0122-M295WX-8.dw.png,IE-0122, 52.50    ,-6.75    ,2024,,Wexford
IE-0122-M295WX-9.dw.png,IE-0122, 52.50    ,-6.75    ,2024,,Wexford
IE-0123-M296WX-1.dw.png,IE-0123, 52.50    ,-6.75    ,2024,,Wexford
IE-0123-M296WX-10.dw.png,IE-0123, 52.50    ,-6.75    ,2024,,Wexford
IE-0123-M296WX-11.dw.png,IE-0123, 52.50    ,-6.75    ,2024,,Wexford
IE-0123-M296WX-12.dw.png,IE-0123, 52.50    ,-6.75    ,2024,,Wexford
IE-0123-M296WX-2.dw.png,IE-0123, 52.50    ,-6.75    ,2024,,Wexford
IE-0123-M296WX-3.dw.png,IE-0123, 52.50    ,-6.75    ,2024,,Wexford
IE-0123-M296WX-4.dw.png,IE-0123, 52.50    ,-6.75    ,2024,,Wexford
IE-0123-M296WX-5.dw.png,IE-0123, 52.50    ,-6.75    ,2024,,Wexford
IE-0123-M296WX-6.dw.png,IE-0123, 52.50    ,-6.75    ,2024,,Wexford
IE-0123-M296WX-7.dw.png,IE-0123, 52.50    ,-6.75    ,2024,,Wexford
IE-0123-M296WX-8.dw.png,IE-0123, 52.50    ,-6.75    ,2024,,Wexford
IE-0123-M296WX-9.dw.png,IE-0123, 52.50    ,-6.75    ,2024,,Wexford
IE-0124-M297WX-1.dw.png,IE-0124, 52.50    ,-6.75    ,2024,,Wexford
IE-0124-M297WX-10.dw.png,IE-0124, 52.50    ,-6.75    ,2024,,Wexford
IE-0124-M297WX-11.dw.png,IE-0124, 52.50    ,-6.75    ,2024,,Wexford
IE-0124-M297WX-12.dw.png,IE-0124, 52.50    ,-6.75    ,2024,,Wexford
IE-0124-M297WX-2.dw.png,IE-0124, 52.50    ,-6.75    ,2024,,Wexford
IE-0124-M297WX-3.dw.png,IE-0124, 52.50    ,-6.75    ,2024,,Wexford
IE-0124-M297WX-4.dw.png,IE-0124, 52.50    ,-6.75    ,2024,,Wexford
IE-0124-M297WX-5.dw.png,IE-0124, 52.50    ,-6.75    ,2024,,Wexford
IE-0124-M297WX-6.dw.png,IE-0124, 52.50    ,-6.75    ,2024,,Wexford
IE-0124-M297WX-7.dw.png,IE-0124, 52.50    ,-6.75    ,2024,,Wexford
IE-0124-M297WX-8.dw.png,IE-0124, 52.50    ,-6.75    ,2024,,Wexford
IE-0124-M297WX-9.dw.png,IE-0124, 52.50    ,-6.75    ,2024,,Wexford
IE-0125-M298WX-1.dw.png,IE-0125, 52.50    ,-6.75    ,2024,,Wexford
IE-0125-M298WX-10.dw.png,IE-0125, 52.50    ,-6.75    ,2024,,Wexford
IE-0125-M298WX-11.dw.png,IE-0125, 52.50    ,-6.75    ,2024,,Wexford
IE-0125-M298WX-12.dw.png,IE-0125, 52.50    ,-6.75    ,2024,,Wexford
IE-0125-M298WX-2.dw.png,IE-0125, 52.50    ,-6.75    ,2024,,Wexford
IE-0125-M298WX-3.dw.png,IE-0125, 52.50    ,-6.75    ,2024,,Wexford
IE-0125-M298WX-4.dw.png,IE-0125, 52.50    ,-6.75    ,2024,,Wexford
IE-0125-M298WX-5.dw.png,IE-0125, 52.50    ,-6.75    ,2024,,Wexford
IE-0125-M298WX-6.dw.png,IE-0125, 52.50    ,-6.75    ,2024,,Wexford
IE-0125-M298WX-7.dw.png,IE-0125, 52.50    ,-6.75    ,2024,,Wexford
IE-0125-M298WX-8.dw.png,IE-0125, 52.50    ,-6.75    ,2024,,Wexford
IE-0126-M299WX-1.dw.png,IE-0126, 52.50    ,-6.75    ,2024,,Wexford
IE-0126-M299WX-10.dw.png,IE-0126, 52.50    ,-6.75    ,2024,,Wexford
IE-0126-M299WX-11.dw.png,IE-0126, 52.50    ,-6.75    ,2024,,Wexford
IE-0126-M299WX-12.dw.png,IE-0126, 52.50    ,-6.75    ,2024,,Wexford
IE-0126-M299WX-2.dw.png,IE-0126, 52.50    ,-6.75    ,2024,,Wexford
IE-0126-M299WX-3.dw.png,IE-0126, 52.50    ,-6.75    ,2024,,Wexford
IE-0126-M299WX-4.dw.png,IE-0126, 52.50    ,-6.75    ,2024,,Wexford
IE-0126-M299WX-5.dw.png,IE-0126, 52.50    ,-6.75    ,2024,,Wexford
IE-0126-M299WX-6.dw.png,IE-0126, 52.50    ,-6.75    ,2024,,Wexford
IE-0126-M299WX-7.dw.png,IE-0126, 52.50    ,-6.75    ,2024,,Wexford
IE-0126-M299WX-8.dw.png,IE-0126, 52.50    ,-6.75    ,2024,,Wexford
IE-0126-M299WX-9.dw.png,IE-0126, 52.50    ,-6.75    ,2024,,Wexford
IE-0127-M300WX-1.dw.png,IE-0127, 52.50    ,-6.75    ,2024,,Wexford
IE-0127-M300WX-10.dw.png,IE-0127, 52.50    ,-6.75    ,2024,,Wexford
IE-0127-M300WX-11.dw.png,IE-0127, 52.50    ,-6.75    ,2024,,Wexford
IE-0127-M300WX-12.dw.png,IE-0127, 52.50    ,-6.75    ,2024,,Wexford
IE-0127-M300WX-2.dw.png,IE-0127, 52.50    ,-6.75    ,2024,,Wexford
IE-0127-M300WX-3.dw.png,IE-0127, 52.50    ,-6.75    ,2024,,Wexford
IE-0127-M300WX-4.dw.png,IE-0127, 52.50    ,-6.75    ,2024,,Wexford
IE-0127-M300WX-5.dw.png,IE-0127, 52.50    ,-6.75    ,2024,,Wexford
IE-0127-M300WX-6.dw.png,IE-0127, 52.50    ,-6.75    ,2024,,Wexford
IE-0127-M300WX-7.dw.png,IE-0127, 52.50    ,-6.75    ,2024,,Wexford
IE-0127-M300WX-8.dw.png,IE-0127, 52.50    ,-6.75    ,2024,,Wexford
IE-0127-M300WX-9.dw.png,IE-0127, 52.50    ,-6.75    ,2024,,Wexford
IE-0128-M301WX-1.dw.png,IE-0128, 52.50    ,-6.75    ,2024,,Wexford
IE-0128-M301WX-10.dw.png,IE-0128, 52.50    ,-6.75    ,2024,,Wexford
IE-0128-M301WX-11.dw.png,IE-0128, 52.50    ,-6.75    ,2024,,Wexford
IE-0128-M301WX-12.dw.png,IE-0128, 52.50    ,-6.75    ,2024,,Wexford
IE-0128-M301WX-2.dw.png,IE-0128, 52.50    ,-6.75    ,2024,,Wexford
IE-0128-M301WX-3.dw.png,IE-0128, 52.50    ,-6.75    ,2024,,Wexford
IE-0128-M301WX-4.dw.png,IE-0128, 52.50    ,-6.75    ,2024,,Wexford
IE-0128-M301WX-5.dw.png,IE-0128, 52.50    ,-6.75    ,2024,,Wexford
IE-0128-M301WX-6.dw.png,IE-0128, 52.50    ,-6.75    ,2024,,Wexford
IE-0128-M301WX-7.dw.png,IE-0128, 52.50    ,-6.75    ,2024,,Wexford
IE-0128-M301WX-8.dw.png,IE-0128, 52.50    ,-6.75    ,2024,,Wexford
IE-0128-M301WX-9.dw.png,IE-0128, 52.50    ,-6.75    ,2024,,Wexford
IE-0129-M302WX-1.dw.png,IE-0129, 52.50    ,-6.75    ,2024,,Wexford
IE-0129-M302WX-10.dw.png,IE-0129, 52.50    ,-6.75    ,2024,,Wexford
IE-0129-M302WX-11.dw.png,IE-0129, 52.50    ,-6.75    ,2024,,Wexford
IE-0129-M302WX-2.dw.png,IE-0129, 52.50    ,-6.75    ,2024,,Wexford
IE-0129-M302WX-3.dw.png,IE-0129, 52.50    ,-6.75    ,2024,,Wexford
IE-0129-M302WX-4.dw.png,IE-0129, 52.50    ,-6.75    ,2024,,Wexford
IE-0129-M302WX-5.dw.png,IE-0129, 52.50    ,-6.75    ,2024,,Wexford
IE-0129-M302WX-6.dw.png,IE-0129, 52.50    ,-6.75    ,2024,,Wexford
IE-0129-M302WX-7.dw.png,IE-0129, 52.50    ,-6.75    ,2024,,Wexford
IE-0129-M302WX-8.dw.png,IE-0129, 52.50    ,-6.75    ,2024,,Wexford
IE-0129-M302WX-9.dw.png,IE-0129, 52.50    ,-6.75    ,2024,,Wexford
IE-0130-M303WX-1.dw.png,IE-0130, 52.50    ,-6.75    ,2024,,Wexford
IE-0130-M303WX-10.dw.png,IE-0130, 52.50    ,-6.75    ,2024,,Wexford
IE-0130-M303WX-11.dw.png,IE-0130, 52.50    ,-6.75    ,2024,,Wexford
IE-0130-M303WX-12.dw.png,IE-0130, 52.50    ,-6.75    ,2024,,Wexford
IE-0130-M303WX-2.dw.png,IE-0130, 52.50    ,-6.75    ,2024,,Wexford
IE-0130-M303WX-3.dw.png,IE-0130, 52.50    ,-6.75    ,2024,,Wexford
IE-0130-M303WX-4.dw.png,IE-0130, 52.50    ,-6.75    ,2024,,Wexford
IE-0130-M303WX-5.dw.png,IE-0130, 52.50    ,-6.75    ,2024,,Wexford
IE-0130-M303WX-6.dw.png,IE-0130, 52.50    ,-6.75    ,2024,,Wexford
IE-0130-M303WX-7.dw.png,IE-0130, 52.50    ,-6.75    ,2024,,Wexford
IE-0130-M303WX-8.dw.png,IE-0130, 52.50    ,-6.75    ,2024,,Wexford
IE-0130-M303WX-9.dw.png,IE-0130, 52.50    ,-6.75    ,2024,,Wexford
IE-0131-M304WX-1.dw.png,IE-0131, 52.50    ,-6.75    ,2024,,Wexford
IE-0131-M304WX-10.dw.png,IE-0131, 52.50    ,-6.75    ,2024,,Wexford
IE-0131-M304WX-11.dw.png,IE-0131, 52.50    ,-6.75    ,2024,,Wexford
IE-0131-M304WX-12.dw.png,IE-0131, 52.50    ,-6.75    ,2024,,Wexford
IE-0131-M304WX-2.dw.png,IE-0131, 52.50    ,-6.75    ,2024,,Wexford
IE-0131-M304WX-3.dw.png,IE-0131, 52.50    ,-6.75    ,2024,,Wexford
IE-0131-M304WX-4.dw.png,IE-0131, 52.50    ,-6.75    ,2024,,Wexford
IE-0131-M304WX-5.dw.png,IE-0131, 52.50    ,-6.75    ,2024,,Wexford
IE-0131-M304WX-6.dw.png,IE-0131, 52.50    ,-6.75    ,2024,,Wexford
IE-0131-M304WX-7.dw.png,IE-0131, 52.50    ,-6.75    ,2024,,Wexford
IE-0131-M304WX-8.dw.png,IE-0131, 52.50    ,-6.75    ,2024,,Wexford
IE-0131-M304WX-9.dw.png,IE-0131, 52.50    ,-6.75    ,2024,,Wexford
IE-0132-M305WX-1.dw.png,IE-0132, 52.50    ,-6.75    ,2024,,Wexford
IE-0132-M305WX-2.dw.png,IE-0132, 52.50    ,-6.75    ,2024,,Wexford
IE-0132-M305WX-3.dw.png,IE-0132, 52.50    ,-6.75    ,2024,,Wexford
IE-0132-M305WX-4.dw.png,IE-0132, 52.50    ,-6.75    ,2024,,Wexford
IE-0132-M305WX-5.dw.png,IE-0132, 52.50    ,-6.75    ,2024,,Wexford
IE-0132-M305WX-6.dw.png,IE-0132, 52.50    ,-6.75    ,2024,,Wexford
IE-0132-M305WX-7.dw.png,IE-0132, 52.50    ,-6.75    ,2024,,Wexford
IE-0132-M305WX-8.dw.png,IE-0132, 52.50    ,-6.75    ,2024,,Wexford
IE-0133-M306WX-1.dw.png,IE-0133, 52.50    ,-6.75    ,2024,,Wexford
IE-0133-M306WX-10.dw.png,IE-0133, 52.50    ,-6.75    ,2024,,Wexford
IE-0133-M306WX-11.dw.png,IE-0133, 52.50    ,-6.75    ,2024,,Wexford
IE-0133-M306WX-12.dw.png,IE-0133, 52.50    ,-6.75    ,2024,,Wexford
IE-0133-M306WX-2.dw.png,IE-0133, 52.50    ,-6.75    ,2024,,Wexford
IE-0133-M306WX-3.dw.png,IE-0133, 52.50    ,-6.75    ,2024,,Wexford
IE-0133-M306WX-4.dw.png,IE-0133, 52.50    ,-6.75    ,2024,,Wexford
IE-0133-M306WX-5.dw.png,IE-0133, 52.50    ,-6.75    ,2024,,Wexford
IE-0133-M306WX-6.dw.png,IE-0133, 52.50    ,-6.75    ,2024,,Wexford
IE-0133-M306WX-8.dw.png,IE-0133, 52.50    ,-6.75    ,2024,,Wexford
IE-0133-M306WX-9.dw.png,IE-0133, 52.50    ,-6.75    ,2024,,Wexford
IE-0134-M307WX-1.dw.png,IE-0134, 52.50    ,-6.75    ,2024,,Wexford
IE-0134-M307WX-10.dw.png,IE-0134, 52.50    ,-6.75    ,2024,,Wexford
IE-0134-M307WX-11.dw.png,IE-0134, 52.50    ,-6.75    ,2024,,Wexford
IE-0134-M307WX-12.dw.png,IE-0134, 52.50    ,-6.75    ,2024,,Wexford
IE-0134-M307WX-2.dw.png,IE-0134, 52.50    ,-6.75    ,2024,,Wexford
IE-0134-M307WX-3.dw.png,IE-0134, 52.50    ,-6.75    ,2024,,Wexford
IE-0134-M307WX-4.dw.png,IE-0134, 52.50    ,-6.75    ,2024,,Wexford
IE-0134-M307WX-5.dw.png,IE-0134, 52.50    ,-6.75    ,2024,,Wexford
IE-0134-M307WX-6.dw.png,IE-0134, 52.50    ,-6.75    ,2024,,Wexford
IE-0134-M307WX-7.dw.png,IE-0134, 52.50    ,-6.75    ,2024,,Wexford
IE-0134-M307WX-8.dw.png,IE-0134, 52.50    ,-6.75    ,2024,,Wexford
IE-0134-M307WX-9.dw.png,IE-0134, 52.50    ,-6.75    ,2024,,Wexford
IE-0135-M308WX-1.dw.png,IE-0135, 52.50    ,-6.75    ,2024,,Wexford
IE-0135-M308WX-10.dw.png,IE-0135, 52.50    ,-6.75    ,2024,,Wexford
IE-0135-M308WX-11.dw.png,IE-0135, 52.50    ,-6.75    ,2024,,Wexford
IE-0135-M308WX-12.dw.png,IE-0135, 52.50    ,-6.75    ,2024,,Wexford
IE-0135-M308WX-2.dw.png,IE-0135, 52.50    ,-6.75    ,2024,,Wexford
IE-0135-M308WX-3.dw.png,IE-0135, 52.50    ,-6.75    ,2024,,Wexford
IE-0135-M308WX-4.dw.png,IE-0135, 52.50    ,-6.75    ,2024,,Wexford
IE-0135-M308WX-5.dw.png,IE-0135, 52.50    ,-6.75    ,2024,,Wexford
IE-0135-M308WX-6.dw.png,IE-0135, 52.50    ,-6.75    ,2024,,Wexford
IE-0135-M308WX-7.dw.png,IE-0135, 52.50    ,-6.75    ,2024,,Wexford
IE-0135-M308WX-8.dw.png,IE-0135, 52.50    ,-6.75    ,2024,,Wexford
IE-0135-M308WX-9.dw.png,IE-0135, 52.50    ,-6.75    ,2024,,Wexford
IE-0136-M312D-1.dw.png,IE-0136, 53.42    ,-6.25    ,2024,,Dublin
IE-0136-M312D-10.dw.png,IE-0136, 53.42    ,-6.25    ,2024,,Dublin
IE-0136-M312D-11.dw.png,IE-0136, 53.42    ,-6.25    ,2024,,Dublin
IE-0136-M312D-2.dw.png,IE-0136, 53.42    ,-6.25    ,2024,,Dublin
IE-0136-M312D-3.dw.png,IE-0136, 53.42    ,-6.25    ,2024,,Dublin
IE-0136-M312D-4.dw.png,IE-0136, 53.42    ,-6.25    ,2024,,Dublin
IE-0136-M312D-5.dw.png,IE-0136, 53.42    ,-6.25    ,2024,,Dublin
IE-0136-M312D-6.dw.png,IE-0136, 53.42    ,-6.25    ,2024,,Dublin
IE-0136-M312D-7.dw.png,IE-0136, 53.42    ,-6.25    ,2024,,Dublin
IE-0136-M312D-8.dw.png,IE-0136, 53.42    ,-6.25    ,2024,,Dublin
IE-0137-M313C-1.dw.png,IE-0137, 52.00    ,-8.75    ,2024,,Cork
IE-0137-M313C-10.dw.png,IE-0137, 52.00    ,-8.75    ,2024,,Cork
IE-0137-M313C-11.dw.png,IE-0137, 52.00    ,-8.75    ,2024,,Cork
IE-0137-M313C-12.dw.png,IE-0137, 52.00    ,-8.75    ,2024,,Cork
IE-0137-M313C-2.dw.png,IE-0137, 52.00    ,-8.75    ,2024,,Cork
IE-0137-M313C-3.dw.png,IE-0137, 52.00    ,-8.75    ,2024,,Cork
IE-0137-M313C-4.dw.png,IE-0137, 52.00    ,-8.75    ,2024,,Cork
IE-0137-M313C-5.dw.png,IE-0137, 52.00    ,-8.75    ,2024,,Cork
IE-0137-M313C-6.dw.png,IE-0137, 52.00    ,-8.75    ,2024,,Cork
IE-0137-M313C-7.dw.png,IE-0137, 52.00    ,-8.75    ,2024,,Cork
IE-0137-M313C-8.dw.png,IE-0137, 52.00    ,-8.75    ,2024,,Cork
IE-0137-M313C-9.dw.png,IE-0137, 52.00    ,-8.75    ,2024,,Cork
IE-0138-M314C-10.dw.png,IE-0138, 52.00    ,-8.75    ,2024,,Cork
IE-0138-M314C-12.dw.png,IE-0138, 52.00    ,-8.75    ,2024,,Cork
IE-0138-M314C-13.dw.png,IE-0138, 52.00    ,-8.75    ,2024,,Cork
IE-0138-M314C-18.dw.png,IE-0138, 52.00    ,-8.75    ,2024,,Cork
IE-0138-M314C-20.dw.png,IE-0138, 52.00    ,-8.75    ,2024,,Cork
IE-0138-M314C-22.dw.png,IE-0138, 52.00    ,-8.75    ,2024,,Cork
IE-0138-M314C-30.dw.png,IE-0138, 52.00    ,-8.75    ,2024,,Cork
IE-0138-M314C-31.dw.png,IE-0138, 52.00    ,-8.75    ,2024,,Cork
IE-0138-M314C-34.dw.png,IE-0138, 52.00    ,-8.75    ,2024,,Cork
IE-0138-M314C-42.dw.png,IE-0138, 52.00    ,-8.75    ,2024,,Cork
IE-0138-M314C-45.dw.png,IE-0138, 52.00    ,-8.75    ,2024,,Cork
IE-0139-M315-1.dw.png,IE-0139, 53.33    ,-9.00    ,2024,,Galway
IE-0139-M315-10.dw.png,IE-0139, 53.33    ,-9.00    ,2024,,Galway
IE-0139-M315-2.dw.png,IE-0139, 53.33    ,-9.00    ,2024,,Galway
IE-0139-M315-3.dw.png,IE-0139, 53.33    ,-9.00    ,2024,,Galway
IE-0139-M315-4.dw.png,IE-0139, 53.33    ,-9.00    ,2024,,Galway
IE-0139-M315-5.dw.png,IE-0139, 53.33    ,-9.00    ,2024,,Galway
IE-0139-M315-6.dw.png,IE-0139, 53.33    ,-9.00    ,2024,,Galway
IE-0139-M315-7.dw.png,IE-0139, 53.33    ,-9.00    ,2024,,Galway
IE-0139-M315-8.dw.png,IE-0139, 53.33    ,-9.00    ,2024,,Galway
IE-0139-M315-9.dw.png,IE-0139, 53.33    ,-9.00    ,2024,,Galway
IE-0140-M316-11.dw.png,IE-0140, 53.33    ,-9.00    ,2024,,Galway
IE-0140-M316-12.dw.png,IE-0140, 53.33    ,-9.00    ,2024,,Galway
IE-0140-M316-13.dw.png,IE-0140, 53.33    ,-9.00    ,2024,,Galway
IE-0140-M316-24.dw.png,IE-0140, 53.33    ,-9.00    ,2024,,Galway
IE-0140-M316-27.dw.png,IE-0140, 53.33    ,-9.00    ,2024,,Galway
IE-0140-M316-28.dw.png,IE-0140, 53.33    ,-9.00    ,2024,,Galway
IE-0140-M316-47.dw.png,IE-0140, 53.33    ,-9.00    ,2024,,Galway
IE-0140-M316-49.dw.png,IE-0140, 53.33    ,-9.00    ,2024,,Galway
IE-0140-M316-51.dw.png,IE-0140, 53.33    ,-9.00    ,2024,,Galway
IE-0140-M316-72.dw.png,IE-0140, 53.33    ,-9.00    ,2024,,Galway
IE-0141-M317-1.dw.png,IE-0141, 53.33    ,-9.00    ,2024,,Galway
IE-0141-M317-10.dw.png,IE-0141, 53.33    ,-9.00    ,2024,,Galway
IE-0141-M317-11.dw.png,IE-0141, 53.33    ,-9.00    ,2024,,Galway
IE-0141-M317-12.dw.png,IE-0141, 53.33    ,-9.00    ,2024,,Galway
IE-0141-M317-2.dw.png,IE-0141, 53.33    ,-9.00    ,2024,,Galway
IE-0141-M317-3.dw.png,IE-0141, 53.33    ,-9.00    ,2024,,Galway
IE-0141-M317-4.dw.png,IE-0141, 53.33    ,-9.00    ,2024,,Galway
IE-0141-M317-5.dw.png,IE-0141, 53.33    ,-9.00    ,2024,,Galway
IE-0141-M317-6.dw.png,IE-0141, 53.33    ,-9.00    ,2024,,Galway
IE-0141-M317-7.dw.png,IE-0141, 53.33    ,-9.00    ,2024,,Galway
IE-0141-M317-8.dw.png,IE-0141, 53.33    ,-9.00    ,2024,,Galway
IE-0141-M317-9.dw.png,IE-0141, 53.33    ,-9.00    ,2024,,Galway
IE-0142-M319CE-1.dw.png,IE-0142, 52.83    ,-9.00    ,2024,,Clare
IE-0142-M319CE-21.dw.png,IE-0142, 52.83    ,-9.00    ,2024,,Clare
IE-0142-M319CE-30.dw.png,IE-0142, 52.83    ,-9.00    ,2024,,Clare
IE-0142-M319CE-30x.dw.png,IE-0142, 52.83    ,-9.00    ,2024,,Clare
IE-0142-M319CE-39.dw.png,IE-0142, 52.83    ,-9.00    ,2024,,Clare
IE-0142-M319CE-49.dw.png,IE-0142, 52.83    ,-9.00    ,2024,,Clare
IE-0142-M319CE-54.dw.png,IE-0142, 52.83    ,-9.00    ,2024,,Clare
IE-0142-M319CE-68.dw.png,IE-0142, 52.83    ,-9.00    ,2024,,Clare
IE-0142-M319CE-77.dw.png,IE-0142, 52.83    ,-9.00    ,2024,,Clare
IE-0142-M319CE-90.dw.png,IE-0142, 52.83    ,-9.00    ,2024,,Clare
IE-0143-M320-13.dw.png,IE-0143, 52.83    ,-9.00    ,2024,,Clare
IE-0143-M320-14.dw.png,IE-0143, 52.83    ,-9.00    ,2024,,Clare
IE-0143-M320-18.dw.png,IE-0143, 52.83    ,-9.00    ,2024,,Clare
IE-0143-M320-32.dw.png,IE-0143, 52.83    ,-9.00    ,2024,,Clare
IE-0143-M320-33.dw.png,IE-0143, 52.83    ,-9.00    ,2024,,Clare
IE-0143-M320-35.dw.png,IE-0143, 52.83    ,-9.00    ,2024,,Clare
IE-0143-M320-49.dw.png,IE-0143, 52.83    ,-9.00    ,2024,,Clare
IE-0143-M320-5.dw.png,IE-0143, 52.83    ,-9.00    ,2024,,Clare
IE-0143-M320-56.dw.png,IE-0143, 52.83    ,-9.00    ,2024,,Clare
IE-0143-M320-58.dw.png,IE-0143, 52.83    ,-9.00    ,2024,,Clare
IE-0143-M320-83.dw.png,IE-0143, 52.83    ,-9.00    ,2024,,Clare
IE-0143-M320-86.dw.png,IE-0143, 52.83    ,-9.00    ,2024,,Clare
IE-0144-M321-10.dw.png,IE-0144, 52.83    ,-9.00    ,2024,,Clare
IE-0144-M321-101.dw.png,IE-0144, 52.83    ,-9.00    ,2024,,Clare
IE-0144-M321-12.dw.png,IE-0144, 52.83    ,-9.00    ,2024,,Clare
IE-0144-M321-31.dw.png,IE-0144, 52.83    ,-9.00    ,2024,,Clare
IE-0144-M321-38.dw.png,IE-0144, 52.83    ,-9.00    ,2024,,Clare
IE-0144-M321-42.dw.png,IE-0144, 52.83    ,-9.00    ,2024,,Clare
IE-0144-M321-65.dw.png,IE-0144, 52.83    ,-9.00    ,2024,,Clare
IE-0144-M321-71.dw.png,IE-0144, 52.83    ,-9.00    ,2024,,Clare
IE-0144-M321-72.dw.png,IE-0144, 52.83    ,-9.00    ,2024,,Clare
IE-0144-M321-9.dw.png,IE-0144, 52.83    ,-9.00    ,2024,,Clare
IE-0144-M321-92.dw.png,IE-0144, 52.83    ,-9.00    ,2024,,Clare
IE-0145-M325KK-1.dw.png,IE-0145, 52.58    ,-7.25    ,2024,,Kilkenny
IE-0145-M325KK-10.dw.png,IE-0145, 52.58    ,-7.25    ,2024,,Kilkenny
IE-0145-M325KK-11.dw.png,IE-0145, 52.58    ,-7.25    ,2024,,Kilkenny
IE-0145-M325KK-12.dw.png,IE-0145, 52.58    ,-7.25    ,2024,,Kilkenny
IE-0145-M325KK-2.dw.png,IE-0145, 52.58    ,-7.25    ,2024,,Kilkenny
IE-0145-M325KK-3.dw.png,IE-0145, 52.58    ,-7.25    ,2024,,Kilkenny
IE-0145-M325KK-4.dw.png,IE-0145, 52.58    ,-7.25    ,2024,,Kilkenny
IE-0145-M325KK-5.dw.png,IE-0145, 52.58    ,-7.25    ,2024,,Kilkenny
IE-0145-M325KK-6.dw.png,IE-0145, 52.58    ,-7.25    ,2024,,Kilkenny
IE-0145-M325KK-7.dw.png,IE-0145, 52.58    ,-7.25    ,2024,,Kilkenny
IE-0145-M325KK-8.dw.png,IE-0145, 52.58    ,-7.25    ,2024,,Kilkenny
IE-0145-M325KK-9.dw.png,IE-0145, 52.58    ,-7.25    ,2024,,Kilkenny
IE-0146-M326KK-1.dw.png,IE-0146, 52.58    ,-7.25    ,2024,,Kilkenny
IE-0146-M326KK-10.dw.png,IE-0146, 52.58    ,-7.25    ,2024,,Kilkenny
IE-0146-M326KK-11.dw.png,IE-0146, 52.58    ,-7.25    ,2024,,Kilkenny
IE-0146-M326KK-12.dw.png,IE-0146, 52.58    ,-7.25    ,2024,,Kilkenny
IE-0146-M326KK-2.dw.png,IE-0146, 52.58    ,-7.25    ,2024,,Kilkenny
IE-0146-M326KK-3.dw.png,IE-0146, 52.58    ,-7.25    ,2024,,Kilkenny
IE-0146-M326KK-4.dw.png,IE-0146, 52.58    ,-7.25    ,2024,,Kilkenny
IE-0146-M326KK-5.dw.png,IE-0146, 52.58    ,-7.25    ,2024,,Kilkenny
IE-0146-M326KK-6.dw.png,IE-0146, 52.58    ,-7.25    ,2024,,Kilkenny
IE-0146-M326KK-7.dw.png,IE-0146, 52.58    ,-7.25    ,2024,,Kilkenny
IE-0146-M326KK-8.dw.png,IE-0146, 52.58    ,-7.25    ,2024,,Kilkenny
IE-0146-M326KK-9.dw.png,IE-0146, 52.58    ,-7.25    ,2024,,Kilkenny
IE-0147-M327KK-1.dw.png,IE-0147, 52.58    ,-7.25    ,2024,,Kilkenny
IE-0147-M327KK-25.dw.png,IE-0147, 52.58    ,-7.25    ,2024,,Kilkenny
IE-0147-M327KK-27.dw.png,IE-0147, 52.58    ,-7.25    ,2024,,Kilkenny
IE-0147-M327KK-28.dw.png,IE-0147, 52.58    ,-7.25    ,2024,,Kilkenny
IE-0147-M327KK-38.dw.png,IE-0147, 52.58    ,-7.25    ,2024,,Kilkenny
IE-0147-M327KK-44.dw.png,IE-0147, 52.58    ,-7.25    ,2024,,Kilkenny
IE-0147-M327KK-66.dw.png,IE-0147, 52.58    ,-7.25    ,2024,,Kilkenny
IE-0147-M327KK-67.dw.png,IE-0147, 52.58    ,-7.25    ,2024,,Kilkenny
IE-0147-M327KK-67x.dw.png,IE-0147, 52.58    ,-7.25    ,2024,,Kilkenny
IE-0147-M327KK-75.dw.png,IE-0147, 52.58    ,-7.25    ,2024,,Kilkenny
IE-0147-M327KK-93.dw.png,IE-0147, 52.58    ,-7.25    ,2024,,Kilkenny
IE-0148-M329KK-1.dw.png,IE-0148, 52.58    ,-7.25    ,2024,,Kilkenny
IE-0148-M329KK-10.dw.png,IE-0148, 52.58    ,-7.25    ,2024,,Kilkenny
IE-0148-M329KK-11.dw.png,IE-0148, 52.58    ,-7.25    ,2024,,Kilkenny
IE-0148-M329KK-12.dw.png,IE-0148, 52.58    ,-7.25    ,2024,,Kilkenny
IE-0148-M329KK-2.dw.png,IE-0148, 52.58    ,-7.25    ,2024,,Kilkenny
IE-0148-M329KK-3.dw.png,IE-0148, 52.58    ,-7.25    ,2024,,Kilkenny
IE-0148-M329KK-4.dw.png,IE-0148, 52.58    ,-7.25    ,2024,,Kilkenny
IE-0148-M329KK-5.dw.png,IE-0148, 52.58    ,-7.25    ,2024,,Kilkenny
IE-0148-M329KK-6.dw.png,IE-0148, 52.58    ,-7.25    ,2024,,Kilkenny
IE-0148-M329KK-7.dw.png,IE-0148, 52.58    ,-7.25    ,2024,,Kilkenny
IE-0148-M329KK-8.dw.png,IE-0148, 52.58    ,-7.25    ,2024,,Kilkenny
IE-0148-M329KK-9.dw.png,IE-0148, 52.58    ,-7.25    ,2024,,Kilkenny
IE-0149-M331KK-11.dw.png,IE-0149, 52.58    ,-7.25    ,2024,,Kilkenny
IE-0149-M331KK-14.dw.png,IE-0149, 52.58    ,-7.25    ,2024,,Kilkenny
IE-0149-M331KK-28.dw.png,IE-0149, 52.58    ,-7.25    ,2024,,Kilkenny
IE-0149-M331KK-30.dw.png,IE-0149, 52.58    ,-7.25    ,2024,,Kilkenny
IE-0149-M331KK-32.dw.png,IE-0149, 52.58    ,-7.25    ,2024,,Kilkenny
IE-0149-M331KK-42.dw.png,IE-0149, 52.58    ,-7.25    ,2024,,Kilkenny
IE-0149-M331KK-43.dw.png,IE-0149, 52.58    ,-7.25    ,2024,,Kilkenny
IE-0149-M331KK-44.dw.png,IE-0149, 52.58    ,-7.25    ,2024,,Kilkenny
IE-0149-M331KK-54.dw.png,IE-0149, 52.58    ,-7.25    ,2024,,Kilkenny
IE-0149-M331KK-57.dw.png,IE-0149, 52.58    ,-7.25    ,2024,,Kilkenny
IE-0149-M331KK-62.dw.png,IE-0149, 52.58    ,-7.25    ,2024,,Kilkenny
IE-0149-M331KK-9.dw.png,IE-0149, 52.58    ,-7.25    ,2024,,Kilkenny
IE-0150-M332D-1.dw.png,IE-0150, 53.42    ,-6.25    ,2024,,Dublin
IE-0150-M332D-10.dw.png,IE-0150, 53.42    ,-6.25    ,2024,,Dublin
IE-0150-M332D-11.dw.png,IE-0150, 53.42    ,-6.25    ,2024,,Dublin
IE-0150-M332D-12.dw.png,IE-0150, 53.42    ,-6.25    ,2024,,Dublin
IE-0150-M332D-2.dw.png,IE-0150, 53.42    ,-6.25    ,2024,,Dublin
IE-0150-M332D-3.dw.png,IE-0150, 53.42    ,-6.25    ,2024,,Dublin
IE-0150-M332D-4.dw.png,IE-0150, 53.42    ,-6.25    ,2024,,Dublin
IE-0150-M332D-5.dw.png,IE-0150, 53.42    ,-6.25    ,2024,,Dublin
IE-0150-M332D-6.dw.png,IE-0150, 53.42    ,-6.25    ,2024,,Dublin
IE-0150-M332D-7.dw.png,IE-0150, 53.42    ,-6.25    ,2024,,Dublin
IE-0150-M332D-8.dw.png,IE-0150, 53.42    ,-6.25    ,2024,,Dublin
IE-0150-M332D-9.dw.png,IE-0150, 53.42    ,-6.25    ,2024,,Dublin
IE-0151-M333WW-10.dw.png,IE-0151, 53.00    ,-6.42    ,2024,,Wicklow
IE-0151-M333WW-11.dw.png,IE-0151, 53.00    ,-6.42    ,2024,,Wicklow
IE-0151-M333WW-12.dw.png,IE-0151, 53.00    ,-6.42    ,2024,,Wicklow
IE-0151-M333WW-2.dw.png,IE-0151, 53.00    ,-6.42    ,2024,,Wicklow
IE-0151-M333WW-3.dw.png,IE-0151, 53.00    ,-6.42    ,2024,,Wicklow
IE-0151-M333WW-4.dw.png,IE-0151, 53.00    ,-6.42    ,2024,,Wicklow
IE-0151-M333WW-5.dw.png,IE-0151, 53.00    ,-6.42    ,2024,,Wicklow
IE-0151-M333WW-7.dw.png,IE-0151, 53.00    ,-6.42    ,2024,,Wicklow
IE-0151-M333WW-8.dw.png,IE-0151, 53.00    ,-6.42    ,2024,,Wicklow
IE-0152-M334DL-106.dw.png,IE-0152, 54.92    ,-8.00    ,2024,,Donegal
IE-0152-M334DL-107.dw.png,IE-0152, 54.92    ,-8.00    ,2024,,Donegal
IE-0152-M334DL-109.dw.png,IE-0152, 54.92    ,-8.00    ,2024,,Donegal
IE-0152-M334DL-138.dw.png,IE-0152, 54.92    ,-8.00    ,2024,,Donegal
IE-0152-M334DL-139.dw.png,IE-0152, 54.92    ,-8.00    ,2024,,Donegal
IE-0152-M334DL-40.dw.png,IE-0152, 54.92    ,-8.00    ,2024,,Donegal
IE-0152-M334DL-42.dw.png,IE-0152, 54.92    ,-8.00    ,2024,,Donegal
IE-0152-M334DL-43.dw.png,IE-0152, 54.92    ,-8.00    ,2024,,Donegal
IE-0152-M334DL-73.dw.png,IE-0152, 54.92    ,-8.00    ,2024,,Donegal
IE-0152-M334DL-74.dw.png,IE-0152, 54.92    ,-8.00    ,2024,,Donegal
IE-0152-M334DL-78.dw.png,IE-0152, 54.92    ,-8.00    ,2024,,Donegal
IE-0153-M335DL-11.dw.png,IE-0153, 54.92    ,-8.00    ,2024,,Donegal
IE-0153-M335DL-13.dw.png,IE-0153, 54.92    ,-8.00    ,2024,,Donegal
IE-0153-M335DL-18.dw.png,IE-0153, 54.92    ,-8.00    ,2024,,Donegal
IE-0153-M335DL-35.dw.png,IE-0153, 54.92    ,-8.00    ,2024,,Donegal
IE-0153-M335DL-43.dw.png,IE-0153, 54.92    ,-8.00    ,2024,,Donegal
IE-0153-M335DL-47.dw.png,IE-0153, 54.92    ,-8.00    ,2024,,Donegal
IE-0153-M335DL-58.dw.png,IE-0153, 54.92    ,-8.00    ,2024,,Donegal
IE-0153-M335DL-59.dw.png,IE-0153, 54.92    ,-8.00    ,2024,,Donegal
IE-0153-M335DL-82.dw.png,IE-0153, 54.92    ,-8.00    ,2024,,Donegal
IE-0153-M335DL-94.dw.png,IE-0153, 54.92    ,-8.00    ,2024,,Donegal
IE-0154-M336LD-0.dw.png,IE-0154, 53.67    ,-7.75    ,2024,,Longford
IE-0154-M336LD-1.dw.png,IE-0154, 53.67    ,-7.75    ,2024,,Longford
IE-0154-M336LD-137.dw.png,IE-0154, 53.67    ,-7.75    ,2024,,Longford
IE-0154-M336LD-157.dw.png,IE-0154, 53.67    ,-7.75    ,2024,,Longford
IE-0154-M336LD-2.dw.png,IE-0154, 53.67    ,-7.75    ,2024,,Longford
IE-0154-M336LD-219.dw.png,IE-0154, 53.67    ,-7.75    ,2024,,Longford
IE-0154-M336LD-243.dw.png,IE-0154, 53.67    ,-7.75    ,2024,,Longford
IE-0154-M336LD-284.dw.png,IE-0154, 53.67    ,-7.75    ,2024,,Longford
IE-0154-M336LD-286.dw.png,IE-0154, 53.67    ,-7.75    ,2024,,Longford
IE-0154-M336LD-294.dw.png,IE-0154, 53.67    ,-7.75    ,2024,,Longford
IE-0154-M336LD-56.dw.png,IE-0154, 53.67    ,-7.75    ,2024,,Longford
IE-0154-M336LD-63.dw.png,IE-0154, 53.67    ,-7.75    ,2024,,Longford
IE-0155-M337LD-11.dw.png,IE-0155, 53.67    ,-7.75    ,2024,,Longford
IE-0155-M337LD-18.dw.png,IE-0155, 53.67    ,-7.75    ,2024,,Longford
IE-0155-M337LD-24.dw.png,IE-0155, 53.67    ,-7.75    ,2024,,Longford
IE-0155-M337LD-25.dw.png,IE-0155, 53.67    ,-7.75    ,2024,,Longford
IE-0155-M337LD-40.dw.png,IE-0155, 53.67    ,-7.75    ,2024,,Longford
IE-0155-M337LD-54.dw.png,IE-0155, 53.67    ,-7.75    ,2024,,Longford
IE-0155-M337LD-60.dw.png,IE-0155, 53.67    ,-7.75    ,2024,,Longford
IE-0155-M337LD-60x.dw.png,IE-0155, 53.67    ,-7.75    ,2024,,Longford
IE-0155-M337LD-66.dw.png,IE-0155, 53.67    ,-7.75    ,2024,,Longford
IE-0156-M340-1.dw.png,IE-0156, 54.36    ,-5.94    ,2024,,Down
IE-0156-M340-10.dw.png,IE-0156, 54.36    ,-5.94    ,2024,,Down
IE-0156-M340-11.dw.png,IE-0156, 54.36    ,-5.94    ,2024,,Down
IE-0156-M340-12.dw.png,IE-0156, 54.36    ,-5.94    ,2024,,Down
IE-0156-M340-2.dw.png,IE-0156, 54.36    ,-5.94    ,2024,,Down
IE-0156-M340-3.dw.png,IE-0156, 54.36    ,-5.94    ,2024,,Down
IE-0156-M340-4.dw.png,IE-0156, 54.36    ,-5.94    ,2024,,Down
IE-0156-M340-5.dw.png,IE-0156, 54.36    ,-5.94    ,2024,,Down
IE-0156-M340-6.dw.png,IE-0156, 54.36    ,-5.94    ,2024,,Down
IE-0156-M340-7.dw.png,IE-0156, 54.36    ,-5.94    ,2024,,Down
IE-0156-M340-8.dw.png,IE-0156, 54.36    ,-5.94    ,2024,,Down
IE-0156-M340-9.dw.png,IE-0156, 54.36    ,-5.94    ,2024,,Down
IE-0157-M341-1.dw.png,IE-0157, 54.36    ,-5.94    ,2024,,Down
IE-0157-M341-10.dw.png,IE-0157, 54.36    ,-5.94    ,2024,,Down
IE-0157-M341-11.dw.png,IE-0157, 54.36    ,-5.94    ,2024,,Down
IE-0157-M341-12.dw.png,IE-0157, 54.36    ,-5.94    ,2024,,Down
IE-0157-M341-2.dw.png,IE-0157, 54.36    ,-5.94    ,2024,,Down
IE-0157-M341-3.dw.png,IE-0157, 54.36    ,-5.94    ,2024,,Down
IE-0157-M341-5.dw.png,IE-0157, 54.36    ,-5.94    ,2024,,Down
IE-0157-M341-7.dw.png,IE-0157, 54.36    ,-5.94    ,2024,,Down
IE-0157-M341-8.dw.png,IE-0157, 54.36    ,-5.94    ,2024,,Down
IE-0157-M341-9.dw.png,IE-0157, 54.36    ,-5.94    ,2024,,Down
IE-0158-M342G22-1.dw.png,IE-0158, 54.36    ,-5.94    ,2024,,Down
IE-0158-M342G22-10.dw.png,IE-0158, 54.36    ,-5.94    ,2024,,Down
IE-0158-M342G22-11.dw.png,IE-0158, 54.36    ,-5.94    ,2024,,Down
IE-0158-M342G22-12.dw.png,IE-0158, 54.36    ,-5.94    ,2024,,Down
IE-0158-M342G22-2.dw.png,IE-0158, 54.36    ,-5.94    ,2024,,Down
IE-0158-M342G22-3.dw.png,IE-0158, 54.36    ,-5.94    ,2024,,Down
IE-0158-M342G22-4.dw.png,IE-0158, 54.36    ,-5.94    ,2024,,Down
IE-0158-M342G22-5.dw.png,IE-0158, 54.36    ,-5.94    ,2024,,Down
IE-0158-M342G22-6.dw.png,IE-0158, 54.36    ,-5.94    ,2024,,Down
IE-0158-M342G22-7.dw.png,IE-0158, 54.36    ,-5.94    ,2024,,Down
IE-0158-M342G22-8.dw.png,IE-0158, 54.36    ,-5.94    ,2024,,Down
IE-0158-M342G22-9.dw.png,IE-0158, 54.36    ,-5.94    ,2024,,Down
IE-0159-M342WW-1.dw.png,IE-0159, 53.33    ,-9.00    ,2024,,Galway
IE-0159-M342WW-10.dw.png,IE-0159, 53.33    ,-9.00    ,2024,,Galway
IE-0159-M342WW-11.dw.png,IE-0159, 53.33    ,-9.00    ,2024,,Galway
IE-0159-M342WW-12.dw.png,IE-0159, 53.33    ,-9.00    ,2024,,Galway
IE-0159-M342WW-2.dw.png,IE-0159, 53.33    ,-9.00    ,2024,,Galway
IE-0159-M342WW-3.dw.png,IE-0159, 53.33    ,-9.00    ,2024,,Galway
IE-0159-M342WW-4.dw.png,IE-0159, 53.33    ,-9.00    ,2024,,Galway
IE-0159-M342WW-5.dw.png,IE-0159, 53.33    ,-9.00    ,2024,,Galway
IE-0159-M342WW-6.dw.png,IE-0159, 53.33    ,-9.00    ,2024,,Galway
IE-0159-M342WW-7.dw.png,IE-0159, 53.33    ,-9.00    ,2024,,Galway
IE-0159-M342WW-8.dw.png,IE-0159, 53.33    ,-9.00    ,2024,,Galway
IE-0159-M342WW-9.dw.png,IE-0159, 53.33    ,-9.00    ,2024,,Galway
IE-0160-M342-10.dw.png,IE-0160, 53.00    ,-6.42    ,2024,,Wicklow
IE-0160-M342-11.dw.png,IE-0160, 53.00    ,-6.42    ,2024,,Wicklow
IE-0160-M342-12.dw.png,IE-0160, 53.00    ,-6.42    ,2024,,Wicklow
IE-0160-M342-13.dw.png,IE-0160, 53.00    ,-6.42    ,2024,,Wicklow
IE-0160-M342-14.dw.png,IE-0160, 53.00    ,-6.42    ,2024,,Wicklow
IE-0160-M342-3.dw.png,IE-0160, 53.00    ,-6.42    ,2024,,Wicklow
IE-0160-M342-4.dw.png,IE-0160, 53.00    ,-6.42    ,2024,,Wicklow
IE-0160-M342-5.dw.png,IE-0160, 53.00    ,-6.42    ,2024,,Wicklow
IE-0160-M342-6.dw.png,IE-0160, 53.00    ,-6.42    ,2024,,Wicklow
IE-0160-M342-7.dw.png,IE-0160, 53.00    ,-6.42    ,2024,,Wicklow
IE-0160-M342-8.dw.png,IE-0160, 53.00    ,-6.42    ,2024,,Wicklow
IE-0160-M342-9.dw.png,IE-0160, 53.00    ,-6.42    ,2024,,Wicklow
IE-0161-M343G22-1.dw.png,IE-0161, 53.33    ,-9.00    ,2024,,Galway
IE-0161-M343G22-10.dw.png,IE-0161, 53.33    ,-9.00    ,2024,,Galway
IE-0161-M343G22-11.dw.png,IE-0161, 53.33    ,-9.00    ,2024,,Galway
IE-0161-M343G22-12.dw.png,IE-0161, 53.33    ,-9.00    ,2024,,Galway
IE-0161-M343G22-2.dw.png,IE-0161, 53.33    ,-9.00    ,2024,,Galway
IE-0161-M343G22-3.dw.png,IE-0161, 53.33    ,-9.00    ,2024,,Galway
IE-0161-M343G22-4.dw.png,IE-0161, 53.33    ,-9.00    ,2024,,Galway
IE-0161-M343G22-5.dw.png,IE-0161, 53.33    ,-9.00    ,2024,,Galway
IE-0161-M343G22-6.dw.png,IE-0161, 53.33    ,-9.00    ,2024,,Galway
IE-0161-M343G22-7.dw.png,IE-0161, 53.33    ,-9.00    ,2024,,Galway
IE-0161-M343G22-8.dw.png,IE-0161, 53.33    ,-9.00    ,2024,,Galway
IE-0162-M343WW-1.dw.png,IE-0162, 53.00    ,-6.42    ,2024,,Wicklow
IE-0162-M343WW-10.dw.png,IE-0162, 53.00    ,-6.42    ,2024,,Wicklow
IE-0162-M343WW-12.dw.png,IE-0162, 53.00    ,-6.42    ,2024,,Wicklow
IE-0162-M343WW-2.dw.png,IE-0162, 53.00    ,-6.42    ,2024,,Wicklow
IE-0162-M343WW-3.dw.png,IE-0162, 53.00    ,-6.42    ,2024,,Wicklow
IE-0162-M343WW-4.dw.png,IE-0162, 53.00    ,-6.42    ,2024,,Wicklow
IE-0162-M343WW-5.dw.png,IE-0162, 53.00    ,-6.42    ,2024,,Wicklow
IE-0162-M343WW-6.dw.png,IE-0162, 53.00    ,-6.42    ,2024,,Wicklow
IE-0162-M343WW-7.dw.png,IE-0162, 53.00    ,-6.42    ,2024,,Wicklow
IE-0162-M343WW-8.dw.png,IE-0162, 53.00    ,-6.42    ,2024,,Wicklow
IE-0162-M343WW-9.dw.png,IE-0162, 53.00    ,-6.42    ,2024,,Wicklow
IE-0163-M343-10.dw.png,IE-0163, 54.36    ,-5.94    ,2024,,Down
IE-0163-M343-11.dw.png,IE-0163, 54.36    ,-5.94    ,2024,,Down
IE-0163-M343-2.dw.png,IE-0163, 54.36    ,-5.94    ,2024,,Down
IE-0163-M343-3.dw.png,IE-0163, 54.36    ,-5.94    ,2024,,Down
IE-0163-M343-4.dw.png,IE-0163, 54.36    ,-5.94    ,2024,,Down
IE-0163-M343-5.dw.png,IE-0163, 54.36    ,-5.94    ,2024,,Down
IE-0163-M343-6.dw.png,IE-0163, 54.36    ,-5.94    ,2024,,Down
IE-0163-M343-7.dw.png,IE-0163, 54.36    ,-5.94    ,2024,,Down
IE-0163-M343-8.dw.png,IE-0163, 54.36    ,-5.94    ,2024,,Down
IE-0164-M344G22-10.dw.png,IE-0164, 53.33    ,-9.00    ,2024,,Galway
IE-0164-M344G22-11.dw.png,IE-0164, 53.33    ,-9.00    ,2024,,Galway
IE-0164-M344G22-12.dw.png,IE-0164, 53.33    ,-9.00    ,2024,,Galway
IE-0164-M344G22-2.dw.png,IE-0164, 53.33    ,-9.00    ,2024,,Galway
IE-0164-M344G22-3.dw.png,IE-0164, 53.33    ,-9.00    ,2024,,Galway
IE-0164-M344G22-4.dw.png,IE-0164, 53.33    ,-9.00    ,2024,,Galway
IE-0164-M344G22-5.dw.png,IE-0164, 53.33    ,-9.00    ,2024,,Galway
IE-0164-M344G22-6.dw.png,IE-0164, 53.33    ,-9.00    ,2024,,Galway
IE-0164-M344G22-7.dw.png,IE-0164, 53.33    ,-9.00    ,2024,,Galway
IE-0164-M344G22-8.dw.png,IE-0164, 53.33    ,-9.00    ,2024,,Galway
IE-0164-M344G22-9.dw.png,IE-0164, 53.33    ,-9.00    ,2024,,Galway
IE-0165-M344WL-20.dw.png,IE-0165, 53.00    ,-6.42    ,2024,,Wicklow
IE-0165-M344WL-28.dw.png,IE-0165, 53.00    ,-6.42    ,2024,,Wicklow
IE-0165-M344WL-31.dw.png,IE-0165, 53.00    ,-6.42    ,2024,,Wicklow
IE-0165-M344WL-53.dw.png,IE-0165, 53.00    ,-6.42    ,2024,,Wicklow
IE-0165-M344WL-54.dw.png,IE-0165, 53.00    ,-6.42    ,2024,,Wicklow
IE-0165-M344WL-59.dw.png,IE-0165, 53.00    ,-6.42    ,2024,,Wicklow
IE-0165-M344WL-69.dw.png,IE-0165, 53.00    ,-6.42    ,2024,,Wicklow
IE-0165-M344WL-71.dw.png,IE-0165, 53.00    ,-6.42    ,2024,,Wicklow
IE-0165-M344WL-72.dw.png,IE-0165, 53.00    ,-6.42    ,2024,,Wicklow
IE-0165-M344WL-79.dw.png,IE-0165, 53.00    ,-6.42    ,2024,,Wicklow
IE-0166-M345G22-1.dw.png,IE-0166, 53.33    ,-9.00    ,2024,,Galway
IE-0166-M345G22-10.dw.png,IE-0166, 53.33    ,-9.00    ,2024,,Galway
IE-0166-M345G22-11.dw.png,IE-0166, 53.33    ,-9.00    ,2024,,Galway
IE-0166-M345G22-12.dw.png,IE-0166, 53.33    ,-9.00    ,2024,,Galway
IE-0166-M345G22-2.dw.png,IE-0166, 53.33    ,-9.00    ,2024,,Galway
IE-0166-M345G22-3.dw.png,IE-0166, 53.33    ,-9.00    ,2024,,Galway
IE-0166-M345G22-4.dw.png,IE-0166, 53.33    ,-9.00    ,2024,,Galway
IE-0166-M345G22-5.dw.png,IE-0166, 53.33    ,-9.00    ,2024,,Galway
IE-0166-M345G22-6.dw.png,IE-0166, 53.33    ,-9.00    ,2024,,Galway
IE-0166-M345G22-7.dw.png,IE-0166, 53.33    ,-9.00    ,2024,,Galway
IE-0166-M345G22-8.dw.png,IE-0166, 53.33    ,-9.00    ,2024,,Galway
IE-0166-M345G22-9.dw.png,IE-0166, 53.33    ,-9.00    ,2024,,Galway
IE-0167-M346G22-1.dw.png,IE-0167, 53.33    ,-9.00    ,2024,,Galway
IE-0167-M346G22-10.dw.png,IE-0167, 53.33    ,-9.00    ,2024,,Galway
IE-0167-M346G22-11.dw.png,IE-0167, 53.33    ,-9.00    ,2024,,Galway
IE-0167-M346G22-12.dw.png,IE-0167, 53.33    ,-9.00    ,2024,,Galway
IE-0167-M346G22-2.dw.png,IE-0167, 53.33    ,-9.00    ,2024,,Galway
IE-0167-M346G22-3.dw.png,IE-0167, 53.33    ,-9.00    ,2024,,Galway
IE-0167-M346G22-4.dw.png,IE-0167, 53.33    ,-9.00    ,2024,,Galway
IE-0167-M346G22-5.dw.png,IE-0167, 53.33    ,-9.00    ,2024,,Galway
IE-0167-M346G22-6.dw.png,IE-0167, 53.33    ,-9.00    ,2024,,Galway
IE-0167-M346G22-7.dw.png,IE-0167, 53.33    ,-9.00    ,2024,,Galway
IE-0167-M346G22-8.dw.png,IE-0167, 53.33    ,-9.00    ,2024,,Galway
IE-0167-M346G22-9.dw.png,IE-0167, 53.33    ,-9.00    ,2024,,Galway
IE-0168-M347G22-1.dw.png,IE-0168, 53.33    ,-9.00    ,2024,,Galway
IE-0168-M347G22-10.dw.png,IE-0168, 53.33    ,-9.00    ,2024,,Galway
IE-0168-M347G22-11.dw.png,IE-0168, 53.33    ,-9.00    ,2024,,Galway
IE-0168-M347G22-12.dw.png,IE-0168, 53.33    ,-9.00    ,2024,,Galway
IE-0168-M347G22-2.dw.png,IE-0168, 53.33    ,-9.00    ,2024,,Galway
IE-0168-M347G22-3.dw.png,IE-0168, 53.33    ,-9.00    ,2024,,Galway
IE-0168-M347G22-4.dw.png,IE-0168, 53.33    ,-9.00    ,2024,,Galway
IE-0168-M347G22-5.dw.png,IE-0168, 53.33    ,-9.00    ,2024,,Galway
IE-0168-M347G22-6.dw.png,IE-0168, 53.33    ,-9.00    ,2024,,Galway
IE-0168-M347G22-7.dw.png,IE-0168, 53.33    ,-9.00    ,2024,,Galway
IE-0168-M347G22-8.dw.png,IE-0168, 53.33    ,-9.00    ,2024,,Galway
IE-0168-M347G22-9.dw.png,IE-0168, 53.33    ,-9.00    ,2024,,Galway
IE-0169-M349G22-1.dw.png,IE-0169, 53.33    ,-9.00    ,2024,,Galway
IE-0169-M349G22-10.dw.png,IE-0169, 53.33    ,-9.00    ,2024,,Galway
IE-0169-M349G22-11.dw.png,IE-0169, 53.33    ,-9.00    ,2024,,Galway
IE-0169-M349G22-12.dw.png,IE-0169, 53.33    ,-9.00    ,2024,,Galway
IE-0169-M349G22-2.dw.png,IE-0169, 53.33    ,-9.00    ,2024,,Galway
IE-0169-M349G22-3.dw.png,IE-0169, 53.33    ,-9.00    ,2024,,Galway
IE-0169-M349G22-4.dw.png,IE-0169, 53.33    ,-9.00    ,2024,,Galway
IE-0169-M349G22-5.dw.png,IE-0169, 53.33    ,-9.00    ,2024,,Galway
IE-0169-M349G22-6.dw.png,IE-0169, 53.33    ,-9.00    ,2024,,Galway
IE-0169-M349G22-7.dw.png,IE-0169, 53.33    ,-9.00    ,2024,,Galway
IE-0169-M349G22-8.dw.png,IE-0169, 53.33    ,-9.00    ,2024,,Galway
IE-0169-M349G22-9.dw.png,IE-0169, 53.33    ,-9.00    ,2024,,Galway
IE-0170-M350G22-10.dw.png,IE-0170, 53.33    ,-9.00    ,2024,,Galway
IE-0170-M350G22-11.dw.png,IE-0170, 53.33    ,-9.00    ,2024,,Galway
IE-0170-M350G22-12.dw.png,IE-0170, 53.33    ,-9.00    ,2024,,Galway
IE-0170-M350G22-13.dw.png,IE-0170, 53.33    ,-9.00    ,2024,,Galway
IE-0170-M350G22-14.dw.png,IE-0170, 53.33    ,-9.00    ,2024,,Galway
IE-0170-M350G22-15.dw.png,IE-0170, 53.33    ,-9.00    ,2024,,Galway
IE-0170-M350G22-16.dw.png,IE-0170, 53.33    ,-9.00    ,2024,,Galway
IE-0170-M350G22-5.dw.png,IE-0170, 53.33    ,-9.00    ,2024,,Galway
IE-0170-M350G22-6.dw.png,IE-0170, 53.33    ,-9.00    ,2024,,Galway
IE-0170-M350G22-7.dw.png,IE-0170, 53.33    ,-9.00    ,2024,,Galway
IE-0170-M350G22-8.dw.png,IE-0170, 53.33    ,-9.00    ,2024,,Galway
IE-0170-M350G22-9.dw.png,IE-0170, 53.33    ,-9.00    ,2024,,Galway
IE-0171-M351G22-10.dw.png,IE-0171, 53.33    ,-9.00    ,2024,,Galway
IE-0171-M351G22-11.dw.png,IE-0171, 53.33    ,-9.00    ,2024,,Galway
IE-0171-M351G22-12.dw.png,IE-0171, 53.33    ,-9.00    ,2024,,Galway
IE-0171-M351G22-13.dw.png,IE-0171, 53.33    ,-9.00    ,2024,,Galway
IE-0171-M351G22-14.dw.png,IE-0171, 53.33    ,-9.00    ,2024,,Galway
IE-0171-M351G22-15.dw.png,IE-0171, 53.33    ,-9.00    ,2024,,Galway
IE-0171-M351G22-3.dw.png,IE-0171, 53.33    ,-9.00    ,2024,,Galway
IE-0171-M351G22-4.dw.png,IE-0171, 53.33    ,-9.00    ,2024,,Galway
IE-0171-M351G22-5.dw.png,IE-0171, 53.33    ,-9.00    ,2024,,Galway
IE-0171-M351G22-7.dw.png,IE-0171, 53.33    ,-9.00    ,2024,,Galway
IE-0171-M351G22-8.dw.png,IE-0171, 53.33    ,-9.00    ,2024,,Galway
IE-0171-M351G22-9.dw.png,IE-0171, 53.33    ,-9.00    ,2024,,Galway
IE-0172-M352G22-10.dw.png,IE-0172, 53.33    ,-9.00    ,2024,,Galway
IE-0172-M352G22-11.dw.png,IE-0172, 53.33    ,-9.00    ,2024,,Galway
IE-0172-M352G22-12.dw.png,IE-0172, 53.33    ,-9.00    ,2024,,Galway
IE-0172-M352G22-13.dw.png,IE-0172, 53.33    ,-9.00    ,2024,,Galway
IE-0172-M352G22-14.dw.png,IE-0172, 53.33    ,-9.00    ,2024,,Galway
IE-0172-M352G22-15.dw.png,IE-0172, 53.33    ,-9.00    ,2024,,Galway
IE-0172-M352G22-16.dw.png,IE-0172, 53.33    ,-9.00    ,2024,,Galway
IE-0172-M352G22-17.dw.png,IE-0172, 53.33    ,-9.00    ,2024,,Galway
IE-0172-M352G22-18.dw.png,IE-0172, 53.33    ,-9.00    ,2024,,Galway
IE-0172-M352G22-6.dw.png,IE-0172, 53.33    ,-9.00    ,2024,,Galway
IE-0172-M352G22-7.dw.png,IE-0172, 53.33    ,-9.00    ,2024,,Galway
IE-0172-M352G22-8.dw.png,IE-0172, 53.33    ,-9.00    ,2024,,Galway
IE-0173-M353G22-10.dw.png,IE-0173, 53.33    ,-9.00    ,2024,,Galway
IE-0173-M353G22-11.dw.png,IE-0173, 53.33    ,-9.00    ,2024,,Galway
IE-0173-M353G22-12.dw.png,IE-0173, 53.33    ,-9.00    ,2024,,Galway
IE-0173-M353G22-13.dw.png,IE-0173, 53.33    ,-9.00    ,2024,,Galway
IE-0173-M353G22-14.dw.png,IE-0173, 53.33    ,-9.00    ,2024,,Galway
IE-0173-M353G22-15.dw.png,IE-0173, 53.33    ,-9.00    ,2024,,Galway
IE-0173-M353G22-16.dw.png,IE-0173, 53.33    ,-9.00    ,2024,,Galway
IE-0173-M353G22-17.dw.png,IE-0173, 53.33    ,-9.00    ,2024,,Galway
IE-0173-M353G22-6.dw.png,IE-0173, 53.33    ,-9.00    ,2024,,Galway
IE-0173-M353G22-7.dw.png,IE-0173, 53.33    ,-9.00    ,2024,,Galway
IE-0173-M353G22-8.dw.png,IE-0173, 53.33    ,-9.00    ,2024,,Galway
IE-0173-M353G22-9.dw.png,IE-0173, 53.33    ,-9.00    ,2024,,Galway
IE-0174-M354G22-10.dw.png,IE-0174, 53.33    ,-9.00    ,2024,,Galway
IE-0174-M354G22-11.dw.png,IE-0174, 53.33    ,-9.00    ,2024,,Galway
IE-0174-M354G22-12.dw.png,IE-0174, 53.33    ,-9.00    ,2024,,Galway
IE-0174-M354G22-13.dw.png,IE-0174, 53.33    ,-9.00    ,2024,,Galway
IE-0174-M354G22-14.dw.png,IE-0174, 53.33    ,-9.00    ,2024,,Galway
IE-0174-M354G22-15.dw.png,IE-0174, 53.33    ,-9.00    ,2024,,Galway
IE-0174-M354G22-3.dw.png,IE-0174, 53.33    ,-9.00    ,2024,,Galway
IE-0174-M354G22-4.dw.png,IE-0174, 53.33    ,-9.00    ,2024,,Galway
IE-0174-M354G22-5.dw.png,IE-0174, 53.33    ,-9.00    ,2024,,Galway
IE-0174-M354G22-7.dw.png,IE-0174, 53.33    ,-9.00    ,2024,,Galway
IE-0174-M354G22-8.dw.png,IE-0174, 53.33    ,-9.00    ,2024,,Galway
IE-0174-M354G22-9.dw.png,IE-0174, 53.33    ,-9.00    ,2024,,Galway
IE-0175-M355G22-10.dw.png,IE-0175, 53.33    ,-9.00    ,2024,,Galway
IE-0175-M355G22-11.dw.png,IE-0175, 53.33    ,-9.00    ,2024,,Galway
IE-0175-M355G22-12.dw.png,IE-0175, 53.33    ,-9.00    ,2024,,Galway
IE-0175-M355G22-13.dw.png,IE-0175, 53.33    ,-9.00    ,2024,,Galway
IE-0175-M355G22-14.dw.png,IE-0175, 53.33    ,-9.00    ,2024,,Galway
IE-0175-M355G22-3.dw.png,IE-0175, 53.33    ,-9.00    ,2024,,Galway
IE-0175-M355G22-4.dw.png,IE-0175, 53.33    ,-9.00    ,2024,,Galway
IE-0175-M355G22-5.dw.png,IE-0175, 53.33    ,-9.00    ,2024,,Galway
IE-0175-M355G22-6.dw.png,IE-0175, 53.33    ,-9.00    ,2024,,Galway
IE-0175-M355G22-7.dw.png,IE-0175, 53.33    ,-9.00    ,2024,,Galway
IE-0175-M355G22-8.dw.png,IE-0175, 53.33    ,-9.00    ,2024,,Galway
IE-0175-M355G22-9.dw.png,IE-0175, 53.33    ,-9.00    ,2024,,Galway
IE-0176-M356G22-10.dw.png,IE-0176, 53.33    ,-9.00    ,2024,,Galway
IE-0176-M356G22-11.dw.png,IE-0176, 53.33    ,-9.00    ,2024,,Galway
IE-0176-M356G22-13.dw.png,IE-0176, 53.33    ,-9.00    ,2024,,Galway
IE-0176-M356G22-14.dw.png,IE-0176, 53.33    ,-9.00    ,2024,,Galway
IE-0176-M356G22-15.dw.png,IE-0176, 53.33    ,-9.00    ,2024,,Galway
IE-0176-M356G22-16.dw.png,IE-0176, 53.33    ,-9.00    ,2024,,Galway
IE-0176-M356G22-17.dw.png,IE-0176, 53.33    ,-9.00    ,2024,,Galway
IE-0176-M356G22-18.dw.png,IE-0176, 53.33    ,-9.00    ,2024,,Galway
IE-0176-M356G22-6.dw.png,IE-0176, 53.33    ,-9.00    ,2024,,Galway
IE-0176-M356G22-7.dw.png,IE-0176, 53.33    ,-9.00    ,2024,,Galway
IE-0176-M356G22-8.dw.png,IE-0176, 53.33    ,-9.00    ,2024,,Galway
IE-0176-M356G22-9.dw.png,IE-0176, 53.33    ,-9.00    ,2024,,Galway
IE-0177-M357G22-10.dw.png,IE-0177, 53.33    ,-9.00    ,2024,,Galway
IE-0177-M357G22-11.dw.png,IE-0177, 53.33    ,-9.00    ,2024,,Galway
IE-0177-M357G22-13.dw.png,IE-0177, 53.33    ,-9.00    ,2024,,Galway
IE-0177-M357G22-14.dw.png,IE-0177, 53.33    ,-9.00    ,2024,,Galway
IE-0177-M357G22-15.dw.png,IE-0177, 53.33    ,-9.00    ,2024,,Galway
IE-0177-M357G22-16.dw.png,IE-0177, 53.33    ,-9.00    ,2024,,Galway
IE-0177-M357G22-17.dw.png,IE-0177, 53.33    ,-9.00    ,2024,,Galway
IE-0177-M357G22-18.dw.png,IE-0177, 53.33    ,-9.00    ,2024,,Galway
IE-0177-M357G22-6.dw.png,IE-0177, 53.33    ,-9.00    ,2024,,Galway
IE-0177-M357G22-7.dw.png,IE-0177, 53.33    ,-9.00    ,2024,,Galway
IE-0177-M357G22-8.dw.png,IE-0177, 53.33    ,-9.00    ,2024,,Galway
IE-0177-M357G22-9.dw.png,IE-0177, 53.33    ,-9.00    ,2024,,Galway
IE-0178-M358G22-1.dw.png,IE-0178, 53.33    ,-9.00    ,2024,,Galway
IE-0178-M358G22-10.dw.png,IE-0178, 53.33    ,-9.00    ,2024,,Galway
IE-0178-M358G22-11.dw.png,IE-0178, 53.33    ,-9.00    ,2024,,Galway
IE-0178-M358G22-12.dw.png,IE-0178, 53.33    ,-9.00    ,2024,,Galway
IE-0178-M358G22-13.dw.png,IE-0178, 53.33    ,-9.00    ,2024,,Galway
IE-0178-M358G22-14.dw.png,IE-0178, 53.33    ,-9.00    ,2024,,Galway
IE-0178-M358G22-15.dw.png,IE-0178, 53.33    ,-9.00    ,2024,,Galway
IE-0178-M358G22-4.dw.png,IE-0178, 53.33    ,-9.00    ,2024,,Galway
IE-0178-M358G22-5.dw.png,IE-0178, 53.33    ,-9.00    ,2024,,Galway
IE-0178-M358G22-6.dw.png,IE-0178, 53.33    ,-9.00    ,2024,,Galway
IE-0178-M358G22-7.dw.png,IE-0178, 53.33    ,-9.00    ,2024,,Galway
IE-0178-M358G22-8.dw.png,IE-0178, 53.33    ,-9.00    ,2024,,Galway
IE-0179-M359G-10.dw.png,IE-0179, 53.33    ,-9.00    ,2024,,Galway
IE-0179-M359G-11.dw.png,IE-0179, 53.33    ,-9.00    ,2024,,Galway
IE-0179-M359G-13.dw.png,IE-0179, 53.33    ,-9.00    ,2024,,Galway
IE-0179-M359G-14.dw.png,IE-0179, 53.33    ,-9.00    ,2024,,Galway
IE-0179-M359G-15.dw.png,IE-0179, 53.33    ,-9.00    ,2024,,Galway
IE-0179-M359G-16.dw.png,IE-0179, 53.33    ,-9.00    ,2024,,Galway
IE-0179-M359G-17.dw.png,IE-0179, 53.33    ,-9.00    ,2024,,Galway
IE-0179-M359G-18.dw.png,IE-0179, 53.33    ,-9.00    ,2024,,Galway
IE-0179-M359G-6.dw.png,IE-0179, 53.33    ,-9.00    ,2024,,Galway
IE-0179-M359G-7.dw.png,IE-0179, 53.33    ,-9.00    ,2024,,Galway
IE-0179-M359G-8.dw.png,IE-0179, 53.33    ,-9.00    ,2024,,Galway
IE-0179-M359G-9.dw.png,IE-0179, 53.33    ,-9.00    ,2024,,Galway
IE-0180-M360G22-10.dw.png,IE-0180, 53.33    ,-9.00    ,2024,,Galway
IE-0180-M360G22-11.dw.png,IE-0180, 53.33    ,-9.00    ,2024,,Galway
IE-0180-M360G22-12.dw.png,IE-0180, 53.33    ,-9.00    ,2024,,Galway
IE-0180-M360G22-13.dw.png,IE-0180, 53.33    ,-9.00    ,2024,,Galway
IE-0180-M360G22-14.dw.png,IE-0180, 53.33    ,-9.00    ,2024,,Galway
IE-0180-M360G22-15.dw.png,IE-0180, 53.33    ,-9.00    ,2024,,Galway
IE-0180-M360G22-16.dw.png,IE-0180, 53.33    ,-9.00    ,2024,,Galway
IE-0180-M360G22-17.dw.png,IE-0180, 53.33    ,-9.00    ,2024,,Galway
IE-0180-M360G22-5.dw.png,IE-0180, 53.33    ,-9.00    ,2024,,Galway
IE-0180-M360G22-6.dw.png,IE-0180, 53.33    ,-9.00    ,2024,,Galway
IE-0180-M360G22-7.dw.png,IE-0180, 53.33    ,-9.00    ,2024,,Galway
IE-0180-M360G22-9.dw.png,IE-0180, 53.33    ,-9.00    ,2024,,Galway
IE-0181-M361G22-10.dw.png,IE-0181, 53.33    ,-9.00    ,2024,,Galway
IE-0181-M361G22-11.dw.png,IE-0181, 53.33    ,-9.00    ,2024,,Galway
IE-0181-M361G22-12.dw.png,IE-0181, 53.33    ,-9.00    ,2024,,Galway
IE-0181-M361G22-13.dw.png,IE-0181, 53.33    ,-9.00    ,2024,,Galway
IE-0181-M361G22-14.dw.png,IE-0181, 53.33    ,-9.00    ,2024,,Galway
IE-0181-M361G22-15.dw.png,IE-0181, 53.33    ,-9.00    ,2024,,Galway
IE-0181-M361G22-3.dw.png,IE-0181, 53.33    ,-9.00    ,2024,,Galway
IE-0181-M361G22-4.dw.png,IE-0181, 53.33    ,-9.00    ,2024,,Galway
IE-0181-M361G22-5.dw.png,IE-0181, 53.33    ,-9.00    ,2024,,Galway
IE-0181-M361G22-6.dw.png,IE-0181, 53.33    ,-9.00    ,2024,,Galway
IE-0181-M361G22-7.dw.png,IE-0181, 53.33    ,-9.00    ,2024,,Galway
IE-0181-M361G22-8.dw.png,IE-0181, 53.33    ,-9.00    ,2024,,Galway
IE-0182-M362G22-10.dw.png,IE-0182, 53.33    ,-9.00    ,2024,,Galway
IE-0182-M362G22-11.dw.png,IE-0182, 53.33    ,-9.00    ,2024,,Galway
IE-0182-M362G22-12.dw.png,IE-0182, 53.33    ,-9.00    ,2024,,Galway
IE-0182-M362G22-13.dw.png,IE-0182, 53.33    ,-9.00    ,2024,,Galway
IE-0182-M362G22-14.dw.png,IE-0182, 53.33    ,-9.00    ,2024,,Galway
IE-0182-M362G22-15.dw.png,IE-0182, 53.33    ,-9.00    ,2024,,Galway
IE-0182-M362G22-3.dw.png,IE-0182, 53.33    ,-9.00    ,2024,,Galway
IE-0182-M362G22-4.dw.png,IE-0182, 53.33    ,-9.00    ,2024,,Galway
IE-0182-M362G22-5.dw.png,IE-0182, 53.33    ,-9.00    ,2024,,Galway
IE-0182-M362G22-7.dw.png,IE-0182, 53.33    ,-9.00    ,2024,,Galway
IE-0182-M362G22-8.dw.png,IE-0182, 53.33    ,-9.00    ,2024,,Galway
IE-0182-M362G22-9.dw.png,IE-0182, 53.33    ,-9.00    ,2024,,Galway
IE-0183-M363G22-10.dw.png,IE-0183, 53.33    ,-9.00    ,2024,,Galway
IE-0183-M363G22-11.dw.png,IE-0183, 53.33    ,-9.00    ,2024,,Galway
IE-0183-M363G22-12.dw.png,IE-0183, 53.33    ,-9.00    ,2024,,Galway
IE-0183-M363G22-13.dw.png,IE-0183, 53.33    ,-9.00    ,2024,,Galway
IE-0183-M363G22-14.dw.png,IE-0183, 53.33    ,-9.00    ,2024,,Galway
IE-0183-M363G22-15.dw.png,IE-0183, 53.33    ,-9.00    ,2024,,Galway
IE-0183-M363G22-16.dw.png,IE-0183, 53.33    ,-9.00    ,2024,,Galway
IE-0183-M363G22-17.dw.png,IE-0183, 53.33    ,-9.00    ,2024,,Galway
IE-0183-M363G22-18.dw.png,IE-0183, 53.33    ,-9.00    ,2024,,Galway
IE-0183-M363G22-7.dw.png,IE-0183, 53.33    ,-9.00    ,2024,,Galway
IE-0183-M363G22-8.dw.png,IE-0183, 53.33    ,-9.00    ,2024,,Galway
IE-0183-M363G22-9.dw.png,IE-0183, 53.33    ,-9.00    ,2024,,Galway
IE-0184-M364G22-10.dw.png,IE-0184, 53.33    ,-9.00    ,2024,,Galway
IE-0184-M364G22-11.dw.png,IE-0184, 53.33    ,-9.00    ,2024,,Galway
IE-0184-M364G22-12.dw.png,IE-0184, 53.33    ,-9.00    ,2024,,Galway
IE-0184-M364G22-13.dw.png,IE-0184, 53.33    ,-9.00    ,2024,,Galway
IE-0184-M364G22-14.dw.png,IE-0184, 53.33    ,-9.00    ,2024,,Galway
IE-0184-M364G22-15.dw.png,IE-0184, 53.33    ,-9.00    ,2024,,Galway
IE-0184-M364G22-3.dw.png,IE-0184, 53.33    ,-9.00    ,2024,,Galway
IE-0184-M364G22-4.dw.png,IE-0184, 53.33    ,-9.00    ,2024,,Galway
IE-0184-M364G22-6.dw.png,IE-0184, 53.33    ,-9.00    ,2024,,Galway
IE-0184-M364G22-7.dw.png,IE-0184, 53.33    ,-9.00    ,2024,,Galway
IE-0184-M364G22-8.dw.png,IE-0184, 53.33    ,-9.00    ,2024,,Galway
IE-0184-M364G22-9.dw.png,IE-0184, 53.33    ,-9.00    ,2024,,Galway
IE-0185-M365G22-10.dw.png,IE-0185, 53.33    ,-9.00    ,2024,,Galway
IE-0185-M365G22-11.dw.png,IE-0185, 53.33    ,-9.00    ,2024,,Galway
IE-0185-M365G22-12.dw.png,IE-0185, 53.33    ,-9.00    ,2024,,Galway
IE-0185-M365G22-13.dw.png,IE-0185, 53.33    ,-9.00    ,2024,,Galway
IE-0185-M365G22-14.dw.png,IE-0185, 53.33    ,-9.00    ,2024,,Galway
IE-0185-M365G22-15.dw.png,IE-0185, 53.33    ,-9.00    ,2024,,Galway
IE-0185-M365G22-16.dw.png,IE-0185, 53.33    ,-9.00    ,2024,,Galway
IE-0185-M365G22-17.dw.png,IE-0185, 53.33    ,-9.00    ,2024,,Galway
IE-0185-M365G22-5.dw.png,IE-0185, 53.33    ,-9.00    ,2024,,Galway
IE-0185-M365G22-6.dw.png,IE-0185, 53.33    ,-9.00    ,2024,,Galway
IE-0185-M365G22-7.dw.png,IE-0185, 53.33    ,-9.00    ,2024,,Galway
IE-0185-M365G22-8.dw.png,IE-0185, 53.33    ,-9.00    ,2024,,Galway
IE-0186-M367G22 3-10.dw.png,IE-0186, 53.33    ,-9.00    ,2024,,Galway
IE-0186-M367G22 3-11.dw.png,IE-0186, 53.33    ,-9.00    ,2024,,Galway
IE-0186-M367G22 3-12.dw.png,IE-0186, 53.33    ,-9.00    ,2024,,Galway
IE-0186-M367G22 3-13.dw.png,IE-0186, 53.33    ,-9.00    ,2024,,Galway
IE-0186-M367G22 3-14.dw.png,IE-0186, 53.33    ,-9.00    ,2024,,Galway
IE-0186-M367G22 3-16.dw.png,IE-0186, 53.33    ,-9.00    ,2024,,Galway
IE-0186-M367G22 3-17.dw.png,IE-0186, 53.33    ,-9.00    ,2024,,Galway
IE-0186-M367G22 3-18.dw.png,IE-0186, 53.33    ,-9.00    ,2024,,Galway
IE-0186-M367G22 3-19.dw.png,IE-0186, 53.33    ,-9.00    ,2024,,Galway
IE-0186-M367G22 3-20.dw.png,IE-0186, 53.33    ,-9.00    ,2024,,Galway
IE-0186-M367G22 3-21.dw.png,IE-0186, 53.33    ,-9.00    ,2024,,Galway
IE-0186-M367G22 3-8.dw.png,IE-0186, 53.33    ,-9.00    ,2024,,Galway
IE-0187-M371WW-10.dw.png,IE-0187, 53.00    ,-6.42    ,2024,,Wicklow
IE-0187-M371WW-11.dw.png,IE-0187, 53.00    ,-6.42    ,2024,,Wicklow
IE-0187-M371WW-12.dw.png,IE-0187, 53.00    ,-6.42    ,2024,,Wicklow
IE-0187-M371WW-13.dw.png,IE-0187, 53.00    ,-6.42    ,2024,,Wicklow
IE-0187-M371WW-14.dw.png,IE-0187, 53.00    ,-6.42    ,2024,,Wicklow
IE-0187-M371WW-15.dw.png,IE-0187, 53.00    ,-6.42    ,2024,,Wicklow
IE-0187-M371WW-16.dw.png,IE-0187, 53.00    ,-6.42    ,2024,,Wicklow
IE-0187-M371WW-5.dw.png,IE-0187, 53.00    ,-6.42    ,2024,,Wicklow
IE-0187-M371WW-6.dw.png,IE-0187, 53.00    ,-6.42    ,2024,,Wicklow
IE-0187-M371WW-7.dw.png,IE-0187, 53.00    ,-6.42    ,2024,,Wicklow
IE-0187-M371WW-8.dw.png,IE-0187, 53.00    ,-6.42    ,2024,,Wicklow
IE-0187-M371WW-9.dw.png,IE-0187, 53.00    ,-6.42    ,2024,,Wicklow
IE-0188-M372WW-10.dw.png,IE-0188, 53.00    ,-6.42    ,2024,,Wicklow
IE-0188-M372WW-11.dw.png,IE-0188, 53.00    ,-6.42    ,2024,,Wicklow
IE-0188-M372WW-12.dw.png,IE-0188, 53.00    ,-6.42    ,2024,,Wicklow
IE-0188-M372WW-13.dw.png,IE-0188, 53.00    ,-6.42    ,2024,,Wicklow
IE-0188-M372WW-14.dw.png,IE-0188, 53.00    ,-6.42    ,2024,,Wicklow
IE-0188-M372WW-16.dw.png,IE-0188, 53.00    ,-6.42    ,2024,,Wicklow
IE-0188-M372WW-17.dw.png,IE-0188, 53.00    ,-6.42    ,2024,,Wicklow
IE-0188-M372WW-18.dw.png,IE-0188, 53.00    ,-6.42    ,2024,,Wicklow
IE-0188-M372WW-19.dw.png,IE-0188, 53.00    ,-6.42    ,2024,,Wicklow
IE-0188-M372WW-20.dw.png,IE-0188, 53.00    ,-6.42    ,2024,,Wicklow
IE-0188-M372WW-8.dw.png,IE-0188, 53.00    ,-6.42    ,2024,,Wicklow
IE-0188-M372WW-9.dw.png,IE-0188, 53.00    ,-6.42    ,2024,,Wicklow
IE-0189-M373LM-10.dw.png,IE-0189, 54.12    ,-8.00    ,2024,,Leitrim
IE-0189-M373LM-11.dw.png,IE-0189, 54.12    ,-8.00    ,2024,,Leitrim
IE-0189-M373LM-13.dw.png,IE-0189, 54.12    ,-8.00    ,2024,,Leitrim
IE-0189-M373LM-14.dw.png,IE-0189, 54.12    ,-8.00    ,2024,,Leitrim
IE-0189-M373LM-15.dw.png,IE-0189, 54.12    ,-8.00    ,2024,,Leitrim
IE-0189-M373LM-16.dw.png,IE-0189, 54.12    ,-8.00    ,2024,,Leitrim
IE-0189-M373LM-17.dw.png,IE-0189, 54.12    ,-8.00    ,2024,,Leitrim
IE-0189-M373LM-18.dw.png,IE-0189, 54.12    ,-8.00    ,2024,,Leitrim
IE-0189-M373LM-5.dw.png,IE-0189, 54.12    ,-8.00    ,2024,,Leitrim
IE-0189-M373LM-7.dw.png,IE-0189, 54.12    ,-8.00    ,2024,,Leitrim
IE-0189-M373LM-8.dw.png,IE-0189, 54.12    ,-8.00    ,2024,,Leitrim
IE-0189-M373LM-9.dw.png,IE-0189, 54.12    ,-8.00    ,2024,,Leitrim
IE-0190-M374LM-0.dw.png,IE-0190, 54.12    ,-8.00    ,2024,,Leitrim
IE-0190-M374LM-1.dw.png,IE-0190, 54.12    ,-8.00    ,2024,,Leitrim
IE-0190-M374LM-10.dw.png,IE-0190, 54.12    ,-8.00    ,2024,,Leitrim
IE-0190-M374LM-11.dw.png,IE-0190, 54.12    ,-8.00    ,2024,,Leitrim
IE-0190-M374LM-12.dw.png,IE-0190, 54.12    ,-8.00    ,2024,,Leitrim
IE-0190-M374LM-13.dw.png,IE-0190, 54.12    ,-8.00    ,2024,,Leitrim
IE-0190-M374LM-14.dw.png,IE-0190, 54.12    ,-8.00    ,2024,,Leitrim
IE-0190-M374LM-3.dw.png,IE-0190, 54.12    ,-8.00    ,2024,,Leitrim
IE-0190-M374LM-5.dw.png,IE-0190, 54.12    ,-8.00    ,2024,,Leitrim
IE-0190-M374LM-7.dw.png,IE-0190, 54.12    ,-8.00    ,2024,,Leitrim
IE-0190-M374LM-8.dw.png,IE-0190, 54.12    ,-8.00    ,2024,,Leitrim
IE-0190-M374LM-9.dw.png,IE-0190, 54.12    ,-8.00    ,2024,,Leitrim
IE-0191-M375LM-10.dw.png,IE-0191, 53.75    ,-8.25    ,2024,,Roscommon
IE-0191-M375LM-11.dw.png,IE-0191, 53.75    ,-8.25    ,2024,,Roscommon
IE-0191-M375LM-12.dw.png,IE-0191, 53.75    ,-8.25    ,2024,,Roscommon
IE-0191-M375LM-13.dw.png,IE-0191, 53.75    ,-8.25    ,2024,,Roscommon
IE-0191-M375LM-14.dw.png,IE-0191, 53.75    ,-8.25    ,2024,,Roscommon
IE-0191-M375LM-15.dw.png,IE-0191, 53.75    ,-8.25    ,2024,,Roscommon
IE-0191-M375LM-16.dw.png,IE-0191, 53.75    ,-8.25    ,2024,,Roscommon
IE-0191-M375LM-17.dw.png,IE-0191, 53.75    ,-8.25    ,2024,,Roscommon
IE-0191-M375LM-18.dw.png,IE-0191, 53.75    ,-8.25    ,2024,,Roscommon
IE-0191-M375LM-6.dw.png,IE-0191, 53.75    ,-8.25    ,2024,,Roscommon
IE-0191-M375LM-7.dw.png,IE-0191, 53.75    ,-8.25    ,2024,,Roscommon
IE-0191-M375LM-8.dw.png,IE-0191, 53.75    ,-8.25    ,2024,,Roscommon
IE-0192-M376RN-10.dw.png,IE-0192, 53.75    ,-8.25    ,2024,,Roscommon
IE-0192-M376RN-11.dw.png,IE-0192, 53.75    ,-8.25    ,2024,,Roscommon
IE-0192-M376RN-12.dw.png,IE-0192, 53.75    ,-8.25    ,2024,,Roscommon
IE-0192-M376RN-13.dw.png,IE-0192, 53.75    ,-8.25    ,2024,,Roscommon
IE-0192-M376RN-14.dw.png,IE-0192, 53.75    ,-8.25    ,2024,,Roscommon
IE-0192-M376RN-15.dw.png,IE-0192, 53.75    ,-8.25    ,2024,,Roscommon
IE-0192-M376RN-16.dw.png,IE-0192, 53.75    ,-8.25    ,2024,,Roscommon
IE-0192-M376RN-17.dw.png,IE-0192, 53.75    ,-8.25    ,2024,,Roscommon
IE-0192-M376RN-18.dw.png,IE-0192, 53.75    ,-8.25    ,2024,,Roscommon
IE-0192-M376RN-7.dw.png,IE-0192, 53.75    ,-8.25    ,2024,,Roscommon
IE-0192-M376RN-8.dw.png,IE-0192, 53.75    ,-8.25    ,2024,,Roscommon
IE-0192-M376RN-9.dw.png,IE-0192, 53.75    ,-8.25    ,2024,,Roscommon
IE-0193-M377RN-10.dw.png,IE-0193, 53.75    ,-8.25    ,2024,,Roscommon
IE-0193-M377RN-11.dw.png,IE-0193, 53.75    ,-8.25    ,2024,,Roscommon
IE-0193-M377RN-12.dw.png,IE-0193, 53.75    ,-8.25    ,2024,,Roscommon
IE-0193-M377RN-14.dw.png,IE-0193, 53.75    ,-8.25    ,2024,,Roscommon
IE-0193-M377RN-15.dw.png,IE-0193, 53.75    ,-8.25    ,2024,,Roscommon
IE-0193-M377RN-16.dw.png,IE-0193, 53.75    ,-8.25    ,2024,,Roscommon
IE-0193-M377RN-17.dw.png,IE-0193, 53.75    ,-8.25    ,2024,,Roscommon
IE-0193-M377RN-18.dw.png,IE-0193, 53.75    ,-8.25    ,2024,,Roscommon
IE-0193-M377RN-4.dw.png,IE-0193, 53.75    ,-8.25    ,2024,,Roscommon
IE-0193-M377RN-5.dw.png,IE-0193, 53.75    ,-8.25    ,2024,,Roscommon
IE-0193-M377RN-7.dw.png,IE-0193, 53.75    ,-8.25    ,2024,,Roscommon
IE-0193-M377RN-9.dw.png,IE-0193, 53.75    ,-8.25    ,2024,,Roscommon
IE-0194-M379RN-11.dw.png,IE-0194, 53.75    ,-8.25    ,2024,,Roscommon
IE-0194-M379RN-12.dw.png,IE-0194, 53.75    ,-8.25    ,2024,,Roscommon
IE-0194-M379RN-13.dw.png,IE-0194, 53.75    ,-8.25    ,2024,,Roscommon
IE-0194-M379RN-14.dw.png,IE-0194, 53.75    ,-8.25    ,2024,,Roscommon
IE-0194-M379RN-15.dw.png,IE-0194, 53.75    ,-8.25    ,2024,,Roscommon
IE-0194-M379RN-16.dw.png,IE-0194, 53.75    ,-8.25    ,2024,,Roscommon
IE-0194-M379RN-4.dw.png,IE-0194, 53.75    ,-8.25    ,2024,,Roscommon
IE-0194-M379RN-5.dw.png,IE-0194, 53.75    ,-8.25    ,2024,,Roscommon
IE-0194-M379RN-6.dw.png,IE-0194, 53.75    ,-8.25    ,2024,,Roscommon
IE-0194-M379RN-7.dw.png,IE-0194, 53.75    ,-8.25    ,2024,,Roscommon
IE-0194-M379RN-8.dw.png,IE-0194, 53.75    ,-8.25    ,2024,,Roscommon
IE-0194-M379RN-9.dw.png,IE-0194, 53.75    ,-8.25    ,2024,,Roscommon
IE-0195-M380RN-10.dw.png,IE-0195, 53.75    ,-8.25    ,2024,,Roscommon
IE-0195-M380RN-12.dw.png,IE-0195, 53.75    ,-8.25    ,2024,,Roscommon
IE-0195-M380RN-13.dw.png,IE-0195, 53.75    ,-8.25    ,2024,,Roscommon
IE-0195-M380RN-14.dw.png,IE-0195, 53.75    ,-8.25    ,2024,,Roscommon
IE-0195-M380RN-15.dw.png,IE-0195, 53.75    ,-8.25    ,2024,,Roscommon
IE-0195-M380RN-16.dw.png,IE-0195, 53.75    ,-8.25    ,2024,,Roscommon
IE-0195-M380RN-17.dw.png,IE-0195, 53.75    ,-8.25    ,2024,,Roscommon
IE-0195-M380RN-5.dw.png,IE-0195, 53.75    ,-8.25    ,2024,,Roscommon
IE-0195-M380RN-6.dw.png,IE-0195, 53.75    ,-8.25    ,2024,,Roscommon
IE-0195-M380RN-7.dw.png,IE-0195, 53.75    ,-8.25    ,2024,,Roscommon
IE-0195-M380RN-8.dw.png,IE-0195, 53.75    ,-8.25    ,2024,,Roscommon
IE-0195-M380RN-9.dw.png,IE-0195, 53.75    ,-8.25    ,2024,,Roscommon
IE-0196-M381RN-10.dw.png,IE-0196, 53.75    ,-8.25    ,2024,,Roscommon
IE-0196-M381RN-11.dw.png,IE-0196, 53.75    ,-8.25    ,2024,,Roscommon
IE-0196-M381RN-12.dw.png,IE-0196, 53.75    ,-8.25    ,2024,,Roscommon
IE-0196-M381RN-13.dw.png,IE-0196, 53.75    ,-8.25    ,2024,,Roscommon
IE-0196-M381RN-14.dw.png,IE-0196, 53.75    ,-8.25    ,2024,,Roscommon
IE-0196-M381RN-15.dw.png,IE-0196, 53.75    ,-8.25    ,2024,,Roscommon
IE-0196-M381RN-3.dw.png,IE-0196, 53.75    ,-8.25    ,2024,,Roscommon
IE-0196-M381RN-4.dw.png,IE-0196, 53.75    ,-8.25    ,2024,,Roscommon
IE-0196-M381RN-5.dw.png,IE-0196, 53.75    ,-8.25    ,2024,,Roscommon
IE-0196-M381RN-6.dw.png,IE-0196, 53.75    ,-8.25    ,2024,,Roscommon
IE-0196-M381RN-7.dw.png,IE-0196, 53.75    ,-8.25    ,2024,,Roscommon
IE-0196-M381RN-8.dw.png,IE-0196, 53.75    ,-8.25    ,2024,,Roscommon
IE-0197-M382RN-11.dw.png,IE-0197, 53.75    ,-8.25    ,2024,,Roscommon
IE-0197-M382RN-12.dw.png,IE-0197, 53.75    ,-8.25    ,2024,,Roscommon
IE-0197-M382RN-13.dw.png,IE-0197, 53.75    ,-8.25    ,2024,,Roscommon
IE-0197-M382RN-14.dw.png,IE-0197, 53.75    ,-8.25    ,2024,,Roscommon
IE-0197-M382RN-15.dw.png,IE-0197, 53.75    ,-8.25    ,2024,,Roscommon
IE-0197-M382RN-16.dw.png,IE-0197, 53.75    ,-8.25    ,2024,,Roscommon
IE-0197-M382RN-4.dw.png,IE-0197, 53.75    ,-8.25    ,2024,,Roscommon
IE-0197-M382RN-5.dw.png,IE-0197, 53.75    ,-8.25    ,2024,,Roscommon
IE-0197-M382RN-6.dw.png,IE-0197, 53.75    ,-8.25    ,2024,,Roscommon
IE-0197-M382RN-7.dw.png,IE-0197, 53.75    ,-8.25    ,2024,,Roscommon
IE-0197-M382RN-8.dw.png,IE-0197, 53.75    ,-8.25    ,2024,,Roscommon
IE-0197-M382RN-9.dw.png,IE-0197, 53.75    ,-8.25    ,2024,,Roscommon
IE-0198-M384-1.dw.png,IE-0198, 52.00    ,-8.75    ,2024,,Cork
IE-0198-M384-10.dw.png,IE-0198, 52.00    ,-8.75    ,2024,,Cork
IE-0198-M384-11.dw.png,IE-0198, 52.00    ,-8.75    ,2024,,Cork
IE-0198-M384-12.dw.png,IE-0198, 52.00    ,-8.75    ,2024,,Cork
IE-0198-M384-2.dw.png,IE-0198, 52.00    ,-8.75    ,2024,,Cork
IE-0198-M384-3.dw.png,IE-0198, 52.00    ,-8.75    ,2024,,Cork
IE-0198-M384-4.dw.png,IE-0198, 52.00    ,-8.75    ,2024,,Cork
IE-0198-M384-5.dw.png,IE-0198, 52.00    ,-8.75    ,2024,,Cork
IE-0198-M384-6.dw.png,IE-0198, 52.00    ,-8.75    ,2024,,Cork
IE-0198-M384-7.dw.png,IE-0198, 52.00    ,-8.75    ,2024,,Cork
IE-0198-M384-8.dw.png,IE-0198, 52.00    ,-8.75    ,2024,,Cork
IE-0198-M384-9.dw.png,IE-0198, 52.00    ,-8.75    ,2024,,Cork
IE-0199-M387-1.dw.png,IE-0199, 53.42    ,-6.25    ,2024,,Dublin
IE-0199-M387-10.dw.png,IE-0199, 53.42    ,-6.25    ,2024,,Dublin
IE-0199-M387-11.dw.png,IE-0199, 53.42    ,-6.25    ,2024,,Dublin
IE-0199-M387-12.dw.png,IE-0199, 53.42    ,-6.25    ,2024,,Dublin
IE-0199-M387-2.dw.png,IE-0199, 53.42    ,-6.25    ,2024,,Dublin
IE-0199-M387-3.dw.png,IE-0199, 53.42    ,-6.25    ,2024,,Dublin
IE-0199-M387-4.dw.png,IE-0199, 53.42    ,-6.25    ,2024,,Dublin
IE-0199-M387-5.dw.png,IE-0199, 53.42    ,-6.25    ,2024,,Dublin
IE-0199-M387-6.dw.png,IE-0199, 53.42    ,-6.25    ,2024,,Dublin
IE-0199-M387-7.dw.png,IE-0199, 53.42    ,-6.25    ,2024,,Dublin
IE-0199-M387-8.dw.png,IE-0199, 53.42    ,-6.25    ,2024,,Dublin
IE-0199-M387-9.dw.png,IE-0199, 53.42    ,-6.25    ,2024,,Dublin
IE-0200-M389D-1.dw.png,IE-0200, 53.42    ,-6.25    ,2024,,Dublin
IE-0200-M389D-10.dw.png,IE-0200, 53.42    ,-6.25    ,2024,,Dublin
IE-0200-M389D-11.dw.png,IE-0200, 53.42    ,-6.25    ,2024,,Dublin
IE-0200-M389D-12.dw.png,IE-0200, 53.42    ,-6.25    ,2024,,Dublin
IE-0200-M389D-2.dw.png,IE-0200, 53.42    ,-6.25    ,2024,,Dublin
IE-0200-M389D-3.dw.png,IE-0200, 53.42    ,-6.25    ,2024,,Dublin
IE-0200-M389D-4.dw.png,IE-0200, 53.42    ,-6.25    ,2024,,Dublin
IE-0200-M389D-5.dw.png,IE-0200, 53.42    ,-6.25    ,2024,,Dublin
IE-0200-M389D-6.dw.png,IE-0200, 53.42    ,-6.25    ,2024,,Dublin
IE-0200-M389D-7.dw.png,IE-0200, 53.42    ,-6.25    ,2024,,Dublin
IE-0200-M389D-8.dw.png,IE-0200, 53.42    ,-6.25    ,2024,,Dublin
IE-0200-M389D-9.dw.png,IE-0200, 53.42    ,-6.25    ,2024,,Dublin
IE-0201-M392-1.dw.png,IE-0201, 53.42    ,-6.25    ,2024,,Dublin
IE-0201-M392-10.dw.png,IE-0201, 53.42    ,-6.25    ,2024,,Dublin
IE-0201-M392-11.dw.png,IE-0201, 53.42    ,-6.25    ,2024,,Dublin
IE-0201-M392-12.dw.png,IE-0201, 53.42    ,-6.25    ,2024,,Dublin
IE-0201-M392-2.dw.png,IE-0201, 53.42    ,-6.25    ,2024,,Dublin
IE-0201-M392-3.dw.png,IE-0201, 53.42    ,-6.25    ,2024,,Dublin
IE-0201-M392-4.dw.png,IE-0201, 53.42    ,-6.25    ,2024,,Dublin
IE-0201-M392-5.dw.png,IE-0201, 53.42    ,-6.25    ,2024,,Dublin
IE-0201-M392-6.dw.png,IE-0201, 53.42    ,-6.25    ,2024,,Dublin
IE-0201-M392-7.dw.png,IE-0201, 53.42    ,-6.25    ,2024,,Dublin
IE-0201-M392-8.dw.png,IE-0201, 53.42    ,-6.25    ,2024,,Dublin
IE-0201-M392-9.dw.png,IE-0201, 53.42    ,-6.25    ,2024,,Dublin
IE-0202-M399-108.dw.png,IE-0202, 52.50    ,-8.75    ,2024,,Limerick
IE-0202-M399-113.dw.png,IE-0202, 52.50    ,-8.75    ,2024,,Limerick
IE-0202-M399-21.dw.png,IE-0202, 52.50    ,-8.75    ,2024,,Limerick
IE-0202-M399-23.dw.png,IE-0202, 52.50    ,-8.75    ,2024,,Limerick
IE-0202-M399-29.dw.png,IE-0202, 52.50    ,-8.75    ,2024,,Limerick
IE-0202-M399-46.dw.png,IE-0202, 52.50    ,-8.75    ,2024,,Limerick
IE-0202-M399-52.dw.png,IE-0202, 52.50    ,-8.75    ,2024,,Limerick
IE-0202-M399-67.dw.png,IE-0202, 52.50    ,-8.75    ,2024,,Limerick
IE-0202-M399-76.dw.png,IE-0202, 52.50    ,-8.75    ,2024,,Limerick
IE-0202-M399-83.dw.png,IE-0202, 52.50    ,-8.75    ,2024,,Limerick
IE-0202-M399-89.dw.png,IE-0202, 52.50    ,-8.75    ,2024,,Limerick
IE-0203-M401-1.dw.png,IE-0203, 53.42    ,-6.25    ,2024,,Dublin
IE-0203-M401-10.dw.png,IE-0203, 53.42    ,-6.25    ,2024,,Dublin
IE-0203-M401-11.dw.png,IE-0203, 53.42    ,-6.25    ,2024,,Dublin
IE-0203-M401-12.dw.png,IE-0203, 53.42    ,-6.25    ,2024,,Dublin
IE-0203-M401-2.dw.png,IE-0203, 53.42    ,-6.25    ,2024,,Dublin
IE-0203-M401-3.dw.png,IE-0203, 53.42    ,-6.25    ,2024,,Dublin
IE-0203-M401-4.dw.png,IE-0203, 53.42    ,-6.25    ,2024,,Dublin
IE-0203-M401-5.dw.png,IE-0203, 53.42    ,-6.25    ,2024,,Dublin
IE-0203-M401-6.dw.png,IE-0203, 53.42    ,-6.25    ,2024,,Dublin
IE-0203-M401-7.dw.png,IE-0203, 53.42    ,-6.25    ,2024,,Dublin
IE-0203-M401-8.dw.png,IE-0203, 53.42    ,-6.25    ,2024,,Dublin
IE-0203-M401-9.dw.png,IE-0203, 53.42    ,-6.25    ,2024,,Dublin
IE-0204-M404-1.dw.png,IE-0204, 53.42    ,-6.25    ,2024,,Dublin
IE-0204-M404-10.dw.png,IE-0204, 53.42    ,-6.25    ,2024,,Dublin
IE-0204-M404-11.dw.png,IE-0204, 53.42    ,-6.25    ,2024,,Dublin
IE-0204-M404-12.dw.png,IE-0204, 53.42    ,-6.25    ,2024,,Dublin
IE-0204-M404-2.dw.png,IE-0204, 53.42    ,-6.25    ,2024,,Dublin
IE-0204-M404-3.dw.png,IE-0204, 53.42    ,-6.25    ,2024,,Dublin
IE-0204-M404-4.dw.png,IE-0204, 53.42    ,-6.25    ,2024,,Dublin
IE-0204-M404-5.dw.png,IE-0204, 53.42    ,-6.25    ,2024,,Dublin
IE-0204-M404-6.dw.png,IE-0204, 53.42    ,-6.25    ,2024,,Dublin
IE-0204-M404-7.dw.png,IE-0204, 53.42    ,-6.25    ,2024,,Dublin
IE-0204-M404-8.dw.png,IE-0204, 53.42    ,-6.25    ,2024,,Dublin
IE-0204-M404-9.dw.png,IE-0204, 53.42    ,-6.25    ,2024,,Dublin
IE-0205-M407-1.dw.png,IE-0205, 52.50    ,-8.75    ,2024,,Limerick
IE-0205-M407-10.dw.png,IE-0205, 52.50    ,-8.75    ,2024,,Limerick
IE-0205-M407-11.dw.png,IE-0205, 52.50    ,-8.75    ,2024,,Limerick
IE-0205-M407-12.dw.png,IE-0205, 52.50    ,-8.75    ,2024,,Limerick
IE-0205-M407-2.dw.png,IE-0205, 52.50    ,-8.75    ,2024,,Limerick
IE-0205-M407-3.dw.png,IE-0205, 52.50    ,-8.75    ,2024,,Limerick
IE-0205-M407-4.dw.png,IE-0205, 52.50    ,-8.75    ,2024,,Limerick
IE-0205-M407-5.dw.png,IE-0205, 52.50    ,-8.75    ,2024,,Limerick
IE-0205-M407-6.dw.png,IE-0205, 52.50    ,-8.75    ,2024,,Limerick
IE-0205-M407-7.dw.png,IE-0205, 52.50    ,-8.75    ,2024,,Limerick
IE-0205-M407-8.dw.png,IE-0205, 52.50    ,-8.75    ,2024,,Limerick
IE-0205-M407-9.dw.png,IE-0205, 52.50    ,-8.75    ,2024,,Limerick
IE-0206-M410-1.dw.png,IE-0206, 52.00    ,-8.75    ,2024,,Cork
IE-0206-M410-10.dw.png,IE-0206, 52.00    ,-8.75    ,2024,,Cork
IE-0206-M410-11.dw.png,IE-0206, 52.00    ,-8.75    ,2024,,Cork
IE-0206-M410-12.dw.png,IE-0206, 52.00    ,-8.75    ,2024,,Cork
IE-0206-M410-2.dw.png,IE-0206, 52.00    ,-8.75    ,2024,,Cork
IE-0206-M410-3.dw.png,IE-0206, 52.00    ,-8.75    ,2024,,Cork
IE-0206-M410-4.dw.png,IE-0206, 52.00    ,-8.75    ,2024,,Cork
IE-0206-M410-5.dw.png,IE-0206, 52.00    ,-8.75    ,2024,,Cork
IE-0206-M410-6.dw.png,IE-0206, 52.00    ,-8.75    ,2024,,Cork
IE-0206-M410-7.dw.png,IE-0206, 52.00    ,-8.75    ,2024,,Cork
IE-0206-M410-8.dw.png,IE-0206, 52.00    ,-8.75    ,2024,,Cork
IE-0206-M410-9.dw.png,IE-0206, 52.00    ,-8.75    ,2024,,Cork
IE-0207-M411-1.dw.png,IE-0207, 53.67    ,-6.67    ,2024,,Meath
IE-0207-M411-10.dw.png,IE-0207, 53.67    ,-6.67    ,2024,,Meath
IE-0207-M411-11.dw.png,IE-0207, 53.67    ,-6.67    ,2024,,Meath
IE-0207-M411-12.dw.png,IE-0207, 53.67    ,-6.67    ,2024,,Meath
IE-0207-M411-2.dw.png,IE-0207, 53.67    ,-6.67    ,2024,,Meath
IE-0207-M411-3.dw.png,IE-0207, 53.67    ,-6.67    ,2024,,Meath
IE-0207-M411-4.dw.png,IE-0207, 53.67    ,-6.67    ,2024,,Meath
IE-0207-M411-5.dw.png,IE-0207, 53.67    ,-6.67    ,2024,,Meath
IE-0207-M411-6.dw.png,IE-0207, 53.67    ,-6.67    ,2024,,Meath
IE-0207-M411-7.dw.png,IE-0207, 53.67    ,-6.67    ,2024,,Meath
IE-0207-M411-8.dw.png,IE-0207, 53.67    ,-6.67    ,2024,,Meath
IE-0207-M411-9.dw.png,IE-0207, 53.67    ,-6.67    ,2024,,Meath
IE-0208-M415-1.dw.png,IE-0208, 52.50    ,-8.75    ,2024,,Limerick
IE-0208-M415-10.dw.png,IE-0208, 52.50    ,-8.75    ,2024,,Limerick
IE-0208-M415-11.dw.png,IE-0208, 52.50    ,-8.75    ,2024,,Limerick
IE-0208-M415-12.dw.png,IE-0208, 52.50    ,-8.75    ,2024,,Limerick
IE-0208-M415-2.dw.png,IE-0208, 52.50    ,-8.75    ,2024,,Limerick
IE-0208-M415-3.dw.png,IE-0208, 52.50    ,-8.75    ,2024,,Limerick
IE-0208-M415-4.dw.png,IE-0208, 52.50    ,-8.75    ,2024,,Limerick
IE-0208-M415-5.dw.png,IE-0208, 52.50    ,-8.75    ,2024,,Limerick
IE-0208-M415-6.dw.png,IE-0208, 52.50    ,-8.75    ,2024,,Limerick
IE-0208-M415-7.dw.png,IE-0208, 52.50    ,-8.75    ,2024,,Limerick
IE-0208-M415-8.dw.png,IE-0208, 52.50    ,-8.75    ,2024,,Limerick
IE-0208-M415-9.dw.png,IE-0208, 52.50    ,-8.75    ,2024,,Limerick
IE-0209-M418-101.dw.png,IE-0209, 52.67    ,-7.83    ,2024,,Tipperary
IE-0209-M418-105.dw.png,IE-0209, 52.67    ,-7.83    ,2024,,Tipperary
IE-0209-M418-13.dw.png,IE-0209, 52.67    ,-7.83    ,2024,,Tipperary
IE-0209-M418-24.dw.png,IE-0209, 52.67    ,-7.83    ,2024,,Tipperary
IE-0209-M418-28.dw.png,IE-0209, 52.67    ,-7.83    ,2024,,Tipperary
IE-0209-M418-39.dw.png,IE-0209, 52.67    ,-7.83    ,2024,,Tipperary
IE-0209-M418-45.dw.png,IE-0209, 52.67    ,-7.83    ,2024,,Tipperary
IE-0209-M418-58.dw.png,IE-0209, 52.67    ,-7.83    ,2024,,Tipperary
IE-0209-M418-74.dw.png,IE-0209, 52.67    ,-7.83    ,2024,,Tipperary
IE-0209-M418-75.dw.png,IE-0209, 52.67    ,-7.83    ,2024,,Tipperary
IE-0209-M418-78.dw.png,IE-0209, 52.67    ,-7.83    ,2024,,Tipperary
IE-0210-M419-1.dw.png,IE-0210, 54.93    ,-6.85    ,2024,,Derry
IE-0210-M419-10.dw.png,IE-0210, 54.93    ,-6.85    ,2024,,Derry
IE-0210-M419-11.dw.png,IE-0210, 54.93    ,-6.85    ,2024,,Derry
IE-0210-M419-12.dw.png,IE-0210, 54.93    ,-6.85    ,2024,,Derry
IE-0210-M419-2.dw.png,IE-0210, 54.93    ,-6.85    ,2024,,Derry
IE-0210-M419-3.dw.png,IE-0210, 54.93    ,-6.85    ,2024,,Derry
IE-0210-M419-4.dw.png,IE-0210, 54.93    ,-6.85    ,2024,,Derry
IE-0210-M419-5.dw.png,IE-0210, 54.93    ,-6.85    ,2024,,Derry
IE-0210-M419-6.dw.png,IE-0210, 54.93    ,-6.85    ,2024,,Derry
IE-0210-M419-7.dw.png,IE-0210, 54.93    ,-6.85    ,2024,,Derry
IE-0210-M419-8.dw.png,IE-0210, 54.93    ,-6.85    ,2024,,Derry
IE-0210-M419-9.dw.png,IE-0210, 54.93    ,-6.85    ,2024,,Derry
IE-0211-M421-1.dw.png,IE-0211, 53.42    ,-6.25    ,2024,,Dublin
IE-0211-M421-10.dw.png,IE-0211, 53.42    ,-6.25    ,2024,,Dublin
IE-0211-M421-11.dw.png,IE-0211, 53.42    ,-6.25    ,2024,,Dublin
IE-0211-M421-12.dw.png,IE-0211, 53.42    ,-6.25    ,2024,,Dublin
IE-0211-M421-2.dw.png,IE-0211, 53.42    ,-6.25    ,2024,,Dublin
IE-0211-M421-3.dw.png,IE-0211, 53.42    ,-6.25    ,2024,,Dublin
IE-0211-M421-4.dw.png,IE-0211, 53.42    ,-6.25    ,2024,,Dublin
IE-0211-M421-5.dw.png,IE-0211, 53.42    ,-6.25    ,2024,,Dublin
IE-0211-M421-6.dw.png,IE-0211, 53.42    ,-6.25    ,2024,,Dublin
IE-0211-M421-7.dw.png,IE-0211, 53.42    ,-6.25    ,2024,,Dublin
IE-0211-M421-8.dw.png,IE-0211, 53.42    ,-6.25    ,2024,,Dublin
IE-0211-M421-9.dw.png,IE-0211, 53.42    ,-6.25    ,2024,,Dublin
IE-0212-M424-1.dw.png,IE-0212, 53.42    ,-6.25    ,2024,,Dublin
IE-0212-M424-10.dw.png,IE-0212, 53.42    ,-6.25    ,2024,,Dublin
IE-0212-M424-11.dw.png,IE-0212, 53.42    ,-6.25    ,2024,,Dublin
IE-0212-M424-12.dw.png,IE-0212, 53.42    ,-6.25    ,2024,,Dublin
IE-0212-M424-2.dw.png,IE-0212, 53.42    ,-6.25    ,2024,,Dublin
IE-0212-M424-3.dw.png,IE-0212, 53.42    ,-6.25    ,2024,,Dublin
IE-0212-M424-4.dw.png,IE-0212, 53.42    ,-6.25    ,2024,,Dublin
IE-0212-M424-5.dw.png,IE-0212, 53.42    ,-6.25    ,2024,,Dublin
IE-0212-M424-6.dw.png,IE-0212, 53.42    ,-6.25    ,2024,,Dublin
IE-0212-M424-7.dw.png,IE-0212, 53.42    ,-6.25    ,2024,,Dublin
IE-0212-M424-8.dw.png,IE-0212, 53.42    ,-6.25    ,2024,,Dublin
IE-0212-M424-9.dw.png,IE-0212, 53.42    ,-6.25    ,2024,,Dublin
IE-0213-M432-1.dw.png,IE-0213, 53.83    ,-6.50    ,2024,,Louth
IE-0213-M432-10.dw.png,IE-0213, 53.83    ,-6.50    ,2024,,Louth
IE-0213-M432-11.dw.png,IE-0213, 53.83    ,-6.50    ,2024,,Louth
IE-0213-M432-12.dw.png,IE-0213, 53.83    ,-6.50    ,2024,,Louth
IE-0213-M432-13.dw.png,IE-0213, 53.83    ,-6.50    ,2024,,Louth
IE-0213-M432-2.dw.png,IE-0213, 53.83    ,-6.50    ,2024,,Louth
IE-0213-M432-3.dw.png,IE-0213, 53.83    ,-6.50    ,2024,,Louth
IE-0213-M432-4.dw.png,IE-0213, 53.83    ,-6.50    ,2024,,Louth
IE-0213-M432-5.dw.png,IE-0213, 53.83    ,-6.50    ,2024,,Louth
IE-0213-M432-6.dw.png,IE-0213, 53.83    ,-6.50    ,2024,,Louth
IE-0213-M432-7.dw.png,IE-0213, 53.83    ,-6.50    ,2024,,Louth
IE-0213-M432-9.dw.png,IE-0213, 53.83    ,-6.50    ,2024,,Louth
IE-0214-M433-1.dw.png,IE-0214, 53.42    ,-6.25    ,2024,,Dublin
IE-0214-M433-10.dw.png,IE-0214, 53.42    ,-6.25    ,2024,,Dublin
IE-0214-M433-11.dw.png,IE-0214, 53.42    ,-6.25    ,2024,,Dublin
IE-0214-M433-12.dw.png,IE-0214, 53.42    ,-6.25    ,2024,,Dublin
IE-0214-M433-2.dw.png,IE-0214, 53.42    ,-6.25    ,2024,,Dublin
IE-0214-M433-3.dw.png,IE-0214, 53.42    ,-6.25    ,2024,,Dublin
IE-0214-M433-4.dw.png,IE-0214, 53.42    ,-6.25    ,2024,,Dublin
IE-0214-M433-5.dw.png,IE-0214, 53.42    ,-6.25    ,2024,,Dublin
IE-0214-M433-6.dw.png,IE-0214, 53.42    ,-6.25    ,2024,,Dublin
IE-0214-M433-7.dw.png,IE-0214, 53.42    ,-6.25    ,2024,,Dublin
IE-0214-M433-8.dw.png,IE-0214, 53.42    ,-6.25    ,2024,,Dublin
IE-0214-M433-9.dw.png,IE-0214, 53.42    ,-6.25    ,2024,,Dublin
IE-0215-M434-1.dw.png,IE-0215, 53.42    ,-6.25    ,2024,,Dublin
IE-0215-M434-10.dw.png,IE-0215, 53.42    ,-6.25    ,2024,,Dublin
IE-0215-M434-11.dw.png,IE-0215, 53.42    ,-6.25    ,2024,,Dublin
IE-0215-M434-12.dw.png,IE-0215, 53.42    ,-6.25    ,2024,,Dublin
IE-0215-M434-2.dw.png,IE-0215, 53.42    ,-6.25    ,2024,,Dublin
IE-0215-M434-3.dw.png,IE-0215, 53.42    ,-6.25    ,2024,,Dublin
IE-0215-M434-4.dw.png,IE-0215, 53.42    ,-6.25    ,2024,,Dublin
IE-0215-M434-5.dw.png,IE-0215, 53.42    ,-6.25    ,2024,,Dublin
IE-0215-M434-6.dw.png,IE-0215, 53.42    ,-6.25    ,2024,,Dublin
IE-0215-M434-7.dw.png,IE-0215, 53.42    ,-6.25    ,2024,,Dublin
IE-0215-M434-8.dw.png,IE-0215, 53.42    ,-6.25    ,2024,,Dublin
IE-0215-M434-9.dw.png,IE-0215, 53.42    ,-6.25    ,2024,,Dublin
IE-0216-M435-0.dw.png,IE-0216, 53.42    ,-6.25    ,2024,,Dublin
IE-0216-M435-1.dw.png,IE-0216, 53.42    ,-6.25    ,2024,,Dublin
IE-0216-M435-20.dw.png,IE-0216, 53.42    ,-6.25    ,2024,,Dublin
IE-0216-M435-25.dw.png,IE-0216, 53.42    ,-6.25    ,2024,,Dublin
IE-0216-M435-33.dw.png,IE-0216, 53.42    ,-6.25    ,2024,,Dublin
IE-0216-M435-36.dw.png,IE-0216, 53.42    ,-6.25    ,2024,,Dublin
IE-0216-M435-44.dw.png,IE-0216, 53.42    ,-6.25    ,2024,,Dublin
IE-0216-M435-69.dw.png,IE-0216, 53.42    ,-6.25    ,2024,,Dublin
IE-0216-M435-71.dw.png,IE-0216, 53.42    ,-6.25    ,2024,,Dublin
IE-0216-M435-72.dw.png,IE-0216, 53.42    ,-6.25    ,2024,,Dublin
IE-0216-M435-95.dw.png,IE-0216, 53.42    ,-6.25    ,2024,,Dublin
IE-0217-M436-1.dw.png,IE-0217, 53.42    ,-6.25    ,2024,,Dublin
IE-0217-M436-10.dw.png,IE-0217, 53.42    ,-6.25    ,2024,,Dublin
IE-0217-M436-11.dw.png,IE-0217, 53.42    ,-6.25    ,2024,,Dublin
IE-0217-M436-12.dw.png,IE-0217, 53.42    ,-6.25    ,2024,,Dublin
IE-0217-M436-2.dw.png,IE-0217, 53.42    ,-6.25    ,2024,,Dublin
IE-0217-M436-3.dw.png,IE-0217, 53.42    ,-6.25    ,2024,,Dublin
IE-0217-M436-4.dw.png,IE-0217, 53.42    ,-6.25    ,2024,,Dublin
IE-0217-M436-5.dw.png,IE-0217, 53.42    ,-6.25    ,2024,,Dublin
IE-0217-M436-6.dw.png,IE-0217, 53.42    ,-6.25    ,2024,,Dublin
IE-0217-M436-7.dw.png,IE-0217, 53.42    ,-6.25    ,2024,,Dublin
IE-0217-M436-8.dw.png,IE-0217, 53.42    ,-6.25    ,2024,,Dublin
IE-0217-M436-9.dw.png,IE-0217, 53.42    ,-6.25    ,2024,,Dublin
IE-0218-M437-1.dw.png,IE-0218, 53.42    ,-6.25    ,2024,,Dublin
IE-0218-M437-10.dw.png,IE-0218, 53.42    ,-6.25    ,2024,,Dublin
IE-0218-M437-11.dw.png,IE-0218, 53.42    ,-6.25    ,2024,,Dublin
IE-0218-M437-12.dw.png,IE-0218, 53.42    ,-6.25    ,2024,,Dublin
IE-0218-M437-2.dw.png,IE-0218, 53.42    ,-6.25    ,2024,,Dublin
IE-0218-M437-3.dw.png,IE-0218, 53.42    ,-6.25    ,2024,,Dublin
IE-0218-M437-4.dw.png,IE-0218, 53.42    ,-6.25    ,2024,,Dublin
IE-0218-M437-5.dw.png,IE-0218, 53.42    ,-6.25    ,2024,,Dublin
IE-0218-M437-6.dw.png,IE-0218, 53.42    ,-6.25    ,2024,,Dublin
IE-0218-M437-7.dw.png,IE-0218, 53.42    ,-6.25    ,2024,,Dublin
IE-0218-M437-8.dw.png,IE-0218, 53.42    ,-6.25    ,2024,,Dublin
IE-0218-M437-9.dw.png,IE-0218, 53.42    ,-6.25    ,2024,,Dublin
IE-0219-M438-1.dw.png,IE-0219, 53.42    ,-6.25    ,2024,,Dublin
IE-0219-M438-10.dw.png,IE-0219, 53.42    ,-6.25    ,2024,,Dublin
IE-0219-M438-11.dw.png,IE-0219, 53.42    ,-6.25    ,2024,,Dublin
IE-0219-M438-12.dw.png,IE-0219, 53.42    ,-6.25    ,2024,,Dublin
IE-0219-M438-2.dw.png,IE-0219, 53.42    ,-6.25    ,2024,,Dublin
IE-0219-M438-3.dw.png,IE-0219, 53.42    ,-6.25    ,2024,,Dublin
IE-0219-M438-4.dw.png,IE-0219, 53.42    ,-6.25    ,2024,,Dublin
IE-0219-M438-5.dw.png,IE-0219, 53.42    ,-6.25    ,2024,,Dublin
IE-0219-M438-6.dw.png,IE-0219, 53.42    ,-6.25    ,2024,,Dublin
IE-0219-M438-7.dw.png,IE-0219, 53.42    ,-6.25    ,2024,,Dublin
IE-0219-M438-8.dw.png,IE-0219, 53.42    ,-6.25    ,2024,,Dublin
IE-0219-M438-9.dw.png,IE-0219, 53.42    ,-6.25    ,2024,,Dublin
IE-0220-M442-1.dw.png,IE-0220, 53.42    ,-6.25    ,2024,,Dublin
IE-0220-M442-10.dw.png,IE-0220, 53.42    ,-6.25    ,2024,,Dublin
IE-0220-M442-11.dw.png,IE-0220, 53.42    ,-6.25    ,2024,,Dublin
IE-0220-M442-12.dw.png,IE-0220, 53.42    ,-6.25    ,2024,,Dublin
IE-0220-M442-2.dw.png,IE-0220, 53.42    ,-6.25    ,2024,,Dublin
IE-0220-M442-3.dw.png,IE-0220, 53.42    ,-6.25    ,2024,,Dublin
IE-0220-M442-4.dw.png,IE-0220, 53.42    ,-6.25    ,2024,,Dublin
IE-0220-M442-5.dw.png,IE-0220, 53.42    ,-6.25    ,2024,,Dublin
IE-0220-M442-6.dw.png,IE-0220, 53.42    ,-6.25    ,2024,,Dublin
IE-0220-M442-7.dw.png,IE-0220, 53.42    ,-6.25    ,2024,,Dublin
IE-0220-M442-8.dw.png,IE-0220, 53.42    ,-6.25    ,2024,,Dublin
IE-0220-M442-9.dw.png,IE-0220, 53.42    ,-6.25    ,2024,,Dublin
IE-0221-M444-1.dw.png,IE-0221, 52.50    ,-8.75    ,2024,,Limerick
IE-0221-M444-10.dw.png,IE-0221, 52.50    ,-8.75    ,2024,,Limerick
IE-0221-M444-11.dw.png,IE-0221, 52.50    ,-8.75    ,2024,,Limerick
IE-0221-M444-12.dw.png,IE-0221, 52.50    ,-8.75    ,2024,,Limerick
IE-0221-M444-2.dw.png,IE-0221, 52.50    ,-8.75    ,2024,,Limerick
IE-0221-M444-3.dw.png,IE-0221, 52.50    ,-8.75    ,2024,,Limerick
IE-0221-M444-4.dw.png,IE-0221, 52.50    ,-8.75    ,2024,,Limerick
IE-0221-M444-5.dw.png,IE-0221, 52.50    ,-8.75    ,2024,,Limerick
IE-0221-M444-6.dw.png,IE-0221, 52.50    ,-8.75    ,2024,,Limerick
IE-0221-M444-7.dw.png,IE-0221, 52.50    ,-8.75    ,2024,,Limerick
IE-0221-M444-8.dw.png,IE-0221, 52.50    ,-8.75    ,2024,,Limerick
IE-0222-M451-1.dw.png,IE-0222, 52.50    ,-8.75    ,2024,,Limerick
IE-0222-M451-10.dw.png,IE-0222, 52.50    ,-8.75    ,2024,,Limerick
IE-0222-M451-11.dw.png,IE-0222, 52.50    ,-8.75    ,2024,,Limerick
IE-0222-M451-12.dw.png,IE-0222, 52.50    ,-8.75    ,2024,,Limerick
IE-0222-M451-2.dw.png,IE-0222, 52.50    ,-8.75    ,2024,,Limerick
IE-0222-M451-3.dw.png,IE-0222, 52.50    ,-8.75    ,2024,,Limerick
IE-0222-M451-4.dw.png,IE-0222, 52.50    ,-8.75    ,2024,,Limerick
IE-0222-M451-5.dw.png,IE-0222, 52.50    ,-8.75    ,2024,,Limerick
IE-0222-M451-6.dw.png,IE-0222, 52.50    ,-8.75    ,2024,,Limerick
IE-0222-M451-7.dw.png,IE-0222, 52.50    ,-8.75    ,2024,,Limerick
IE-0222-M451-8.dw.png,IE-0222, 52.50    ,-8.75    ,2024,,Limerick
IE-0222-M451-9.dw.png,IE-0222, 52.50    ,-8.75    ,2024,,Limerick
IE-0223-M454-1.dw.png,IE-0223, 52.67    ,-7.83    ,2024,,Tipperary
IE-0223-M454-10.dw.png,IE-0223, 52.67    ,-7.83    ,2024,,Tipperary
IE-0223-M454-11.dw.png,IE-0223, 52.67    ,-7.83    ,2024,,Tipperary
IE-0223-M454-12.dw.png,IE-0223, 52.67    ,-7.83    ,2024,,Tipperary
IE-0223-M454-2.dw.png,IE-0223, 52.67    ,-7.83    ,2024,,Tipperary
IE-0223-M454-3.dw.png,IE-0223, 52.67    ,-7.83    ,2024,,Tipperary
IE-0223-M454-4.dw.png,IE-0223, 52.67    ,-7.83    ,2024,,Tipperary
IE-0223-M454-5.dw.png,IE-0223, 52.67    ,-7.83    ,2024,,Tipperary
IE-0223-M454-6.dw.png,IE-0223, 52.67    ,-7.83    ,2024,,Tipperary
IE-0223-M454-7.dw.png,IE-0223, 52.67    ,-7.83    ,2024,,Tipperary
IE-0223-M454-8.dw.png,IE-0223, 52.67    ,-7.83    ,2024,,Tipperary
IE-0223-M454-9.dw.png,IE-0223, 52.67    ,-7.83    ,2024,,Tipperary
IE-0224-M457-1.dw.png,IE-0224, 52.67    ,-7.83    ,2024,,Tipperary
IE-0224-M457-10.dw.png,IE-0224, 52.67    ,-7.83    ,2024,,Tipperary
IE-0224-M457-11.dw.png,IE-0224, 52.67    ,-7.83    ,2024,,Tipperary
IE-0224-M457-12.dw.png,IE-0224, 52.67    ,-7.83    ,2024,,Tipperary
IE-0224-M457-2.dw.png,IE-0224, 52.67    ,-7.83    ,2024,,Tipperary
IE-0224-M457-3.dw.png,IE-0224, 52.67    ,-7.83    ,2024,,Tipperary
IE-0224-M457-4.dw.png,IE-0224, 52.67    ,-7.83    ,2024,,Tipperary
IE-0224-M457-5.dw.png,IE-0224, 52.67    ,-7.83    ,2024,,Tipperary
IE-0224-M457-6.dw.png,IE-0224, 52.67    ,-7.83    ,2024,,Tipperary
IE-0224-M457-7.dw.png,IE-0224, 52.67    ,-7.83    ,2024,,Tipperary
IE-0224-M457-8.dw.png,IE-0224, 52.67    ,-7.83    ,2024,,Tipperary
IE-0224-M457-9.dw.png,IE-0224, 52.67    ,-7.83    ,2024,,Tipperary
IE-0225-M458-1.dw.png,IE-0225, 52.00    ,-8.75    ,2024,,Cork
IE-0225-M458-10.dw.png,IE-0225, 52.00    ,-8.75    ,2024,,Cork
IE-0225-M458-11.dw.png,IE-0225, 52.00    ,-8.75    ,2024,,Cork
IE-0225-M458-12.dw.png,IE-0225, 52.00    ,-8.75    ,2024,,Cork
IE-0225-M458-2.dw.png,IE-0225, 52.00    ,-8.75    ,2024,,Cork
IE-0225-M458-3.dw.png,IE-0225, 52.00    ,-8.75    ,2024,,Cork
IE-0225-M458-4.dw.png,IE-0225, 52.00    ,-8.75    ,2024,,Cork
IE-0225-M458-5.dw.png,IE-0225, 52.00    ,-8.75    ,2024,,Cork
IE-0225-M458-6.dw.png,IE-0225, 52.00    ,-8.75    ,2024,,Cork
IE-0225-M458-7.dw.png,IE-0225, 52.00    ,-8.75    ,2024,,Cork
IE-0225-M458-8.dw.png,IE-0225, 52.00    ,-8.75    ,2024,,Cork
IE-0225-M458-9.dw.png,IE-0225, 52.00    ,-8.75    ,2024,,Cork
IE-0226-M461-0.dw.png,IE-0226, 52.67    ,-7.83    ,2024,,Tipperary
IE-0226-M461-115.dw.png,IE-0226, 52.67    ,-7.83    ,2024,,Tipperary
IE-0226-M461-119.dw.png,IE-0226, 52.67    ,-7.83    ,2024,,Tipperary
IE-0226-M461-125.dw.png,IE-0226, 52.67    ,-7.83    ,2024,,Tipperary
IE-0226-M461-164.dw.png,IE-0226, 52.67    ,-7.83    ,2024,,Tipperary
IE-0226-M461-166.dw.png,IE-0226, 52.67    ,-7.83    ,2024,,Tipperary
IE-0226-M461-167.dw.png,IE-0226, 52.67    ,-7.83    ,2024,,Tipperary
IE-0226-M461-25.dw.png,IE-0226, 52.67    ,-7.83    ,2024,,Tipperary
IE-0226-M461-28.dw.png,IE-0226, 52.67    ,-7.83    ,2024,,Tipperary
IE-0226-M461-36.dw.png,IE-0226, 52.67    ,-7.83    ,2024,,Tipperary
IE-0226-M461-64.dw.png,IE-0226, 52.67    ,-7.83    ,2024,,Tipperary
IE-0226-M461-69.dw.png,IE-0226, 52.67    ,-7.83    ,2024,,Tipperary
IE-0227-M463-1.dw.png,IE-0227, 52.67    ,-7.83    ,2024,,Tipperary
IE-0227-M463-10.dw.png,IE-0227, 52.67    ,-7.83    ,2024,,Tipperary
IE-0227-M463-11.dw.png,IE-0227, 52.67    ,-7.83    ,2024,,Tipperary
IE-0227-M463-12.dw.png,IE-0227, 52.67    ,-7.83    ,2024,,Tipperary
IE-0227-M463-2.dw.png,IE-0227, 52.67    ,-7.83    ,2024,,Tipperary
IE-0227-M463-3.dw.png,IE-0227, 52.67    ,-7.83    ,2024,,Tipperary
IE-0227-M463-4.dw.png,IE-0227, 52.67    ,-7.83    ,2024,,Tipperary
IE-0227-M463-5.dw.png,IE-0227, 52.67    ,-7.83    ,2024,,Tipperary
IE-0227-M463-6.dw.png,IE-0227, 52.67    ,-7.83    ,2024,,Tipperary
IE-0227-M463-7.dw.png,IE-0227, 52.67    ,-7.83    ,2024,,Tipperary
IE-0227-M463-8.dw.png,IE-0227, 52.67    ,-7.83    ,2024,,Tipperary
IE-0227-M463-9.dw.png,IE-0227, 52.67    ,-7.83    ,2024,,Tipperary
IE-0228-M464-1.dw.png,IE-0228, 52.00    ,-8.75    ,2024,,Cork
IE-0228-M464-10.dw.png,IE-0228, 52.00    ,-8.75    ,2024,,Cork
IE-0228-M464-11.dw.png,IE-0228, 52.00    ,-8.75    ,2024,,Cork
IE-0228-M464-12.dw.png,IE-0228, 52.00    ,-8.75    ,2024,,Cork
IE-0228-M464-2.dw.png,IE-0228, 52.00    ,-8.75    ,2024,,Cork
IE-0228-M464-3.dw.png,IE-0228, 52.00    ,-8.75    ,2024,,Cork
IE-0228-M464-4.dw.png,IE-0228, 52.00    ,-8.75    ,2024,,Cork
IE-0228-M464-5.dw.png,IE-0228, 52.00    ,-8.75    ,2024,,Cork
IE-0228-M464-6.dw.png,IE-0228, 52.00    ,-8.75    ,2024,,Cork
IE-0228-M464-7.dw.png,IE-0228, 52.00    ,-8.75    ,2024,,Cork
IE-0228-M464-8.dw.png,IE-0228, 52.00    ,-8.75    ,2024,,Cork
IE-0228-M464-9.dw.png,IE-0228, 52.00    ,-8.75    ,2024,,Cork
IE-0229-M467-10.dw.png,IE-0229, 52.67    ,-7.83    ,2024,,Tipperary
IE-0229-M467-11.dw.png,IE-0229, 52.67    ,-7.83    ,2024,,Tipperary
IE-0229-M467-12.dw.png,IE-0229, 52.67    ,-7.83    ,2024,,Tipperary
IE-0229-M467-23.dw.png,IE-0229, 52.67    ,-7.83    ,2024,,Tipperary
IE-0229-M467-25.dw.png,IE-0229, 52.67    ,-7.83    ,2024,,Tipperary
IE-0229-M467-29.dw.png,IE-0229, 52.67    ,-7.83    ,2024,,Tipperary
IE-0229-M467-37.dw.png,IE-0229, 52.67    ,-7.83    ,2024,,Tipperary
IE-0229-M467-39.dw.png,IE-0229, 52.67    ,-7.83    ,2024,,Tipperary
IE-0229-M467-44.dw.png,IE-0229, 52.67    ,-7.83    ,2024,,Tipperary
IE-0229-M467-58.dw.png,IE-0229, 52.67    ,-7.83    ,2024,,Tipperary
IE-0229-M467-60.dw.png,IE-0229, 52.67    ,-7.83    ,2024,,Tipperary
IE-0229-M467-61.dw.png,IE-0229, 52.67    ,-7.83    ,2024,,Tipperary
IE-0230-M469-1.dw.png,IE-0230, 54.92    ,-8.00    ,2024,,Donegal
IE-0230-M469-10.dw.png,IE-0230, 54.92    ,-8.00    ,2024,,Donegal
IE-0230-M469-11.dw.png,IE-0230, 54.92    ,-8.00    ,2024,,Donegal
IE-0230-M469-12.dw.png,IE-0230, 54.92    ,-8.00    ,2024,,Donegal
IE-0230-M469-2.dw.png,IE-0230, 54.92    ,-8.00    ,2024,,Donegal
IE-0230-M469-3.dw.png,IE-0230, 54.92    ,-8.00    ,2024,,Donegal
IE-0230-M469-4.dw.png,IE-0230, 54.92    ,-8.00    ,2024,,Donegal
IE-0230-M469-5.dw.png,IE-0230, 54.92    ,-8.00    ,2024,,Donegal
IE-0230-M469-6.dw.png,IE-0230, 54.92    ,-8.00    ,2024,,Donegal
IE-0230-M469-7.dw.png,IE-0230, 54.92    ,-8.00    ,2024,,Donegal
IE-0230-M469-8.dw.png,IE-0230, 54.92    ,-8.00    ,2024,,Donegal
IE-0230-M469-9.dw.png,IE-0230, 54.92    ,-8.00    ,2024,,Donegal
IE-0231-M470-1.dw.png,IE-0231, 52.50    ,-8.75    ,2024,,Limerick
IE-0231-M470-10.dw.png,IE-0231, 52.50    ,-8.75    ,2024,,Limerick
IE-0231-M470-11.dw.png,IE-0231, 52.50    ,-8.75    ,2024,,Limerick
IE-0231-M470-12.dw.png,IE-0231, 52.50    ,-8.75    ,2024,,Limerick
IE-0231-M470-2.dw.png,IE-0231, 52.50    ,-8.75    ,2024,,Limerick
IE-0231-M470-3.dw.png,IE-0231, 52.50    ,-8.75    ,2024,,Limerick
IE-0231-M470-4.dw.png,IE-0231, 52.50    ,-8.75    ,2024,,Limerick
IE-0231-M470-5.dw.png,IE-0231, 52.50    ,-8.75    ,2024,,Limerick
IE-0231-M470-6.dw.png,IE-0231, 52.50    ,-8.75    ,2024,,Limerick
IE-0231-M470-7.dw.png,IE-0231, 52.50    ,-8.75    ,2024,,Limerick
IE-0231-M470-8.dw.png,IE-0231, 52.50    ,-8.75    ,2024,,Limerick
IE-0231-M470-9.dw.png,IE-0231, 52.50    ,-8.75    ,2024,,Limerick
IE-0232-M471-1.dw.png,IE-0232, 54.92    ,-8.00    ,2024,,Donegal
IE-0232-M471-10.dw.png,IE-0232, 54.92    ,-8.00    ,2024,,Donegal
IE-0232-M471-11.dw.png,IE-0232, 54.92    ,-8.00    ,2024,,Donegal
IE-0232-M471-12.dw.png,IE-0232, 54.92    ,-8.00    ,2024,,Donegal
IE-0232-M471-2.dw.png,IE-0232, 54.92    ,-8.00    ,2024,,Donegal
IE-0232-M471-3.dw.png,IE-0232, 54.92    ,-8.00    ,2024,,Donegal
IE-0232-M471-4.dw.png,IE-0232, 54.92    ,-8.00    ,2024,,Donegal
IE-0232-M471-5.dw.png,IE-0232, 54.92    ,-8.00    ,2024,,Donegal
IE-0232-M471-6.dw.png,IE-0232, 54.92    ,-8.00    ,2024,,Donegal
IE-0232-M471-7.dw.png,IE-0232, 54.92    ,-8.00    ,2024,,Donegal
IE-0232-M471-8.dw.png,IE-0232, 54.92    ,-8.00    ,2024,,Donegal
IE-0232-M471-9.dw.png,IE-0232, 54.92    ,-8.00    ,2024,,Donegal
IE-0233-M473-17.dw.png,IE-0233, 53.42    ,-6.25    ,2024,,Dublin
IE-0233-M473-18.dw.png,IE-0233, 53.42    ,-6.25    ,2024,,Dublin
IE-0233-M473-20.dw.png,IE-0233, 53.42    ,-6.25    ,2024,,Dublin
IE-0233-M473-26.dw.png,IE-0233, 53.42    ,-6.25    ,2024,,Dublin
IE-0233-M473-29.dw.png,IE-0233, 53.42    ,-6.25    ,2024,,Dublin
IE-0233-M473-30.dw.png,IE-0233, 53.42    ,-6.25    ,2024,,Dublin
IE-0233-M473-41.dw.png,IE-0233, 53.42    ,-6.25    ,2024,,Dublin
IE-0233-M473-45.dw.png,IE-0233, 53.42    ,-6.25    ,2024,,Dublin
IE-0233-M473-46.dw.png,IE-0233, 53.42    ,-6.25    ,2024,,Dublin
IE-0233-M473-53.dw.png,IE-0233, 53.42    ,-6.25    ,2024,,Dublin
IE-0233-M473-58.dw.png,IE-0233, 53.42    ,-6.25    ,2024,,Dublin
IE-0233-M473-59.dw.png,IE-0233, 53.42    ,-6.25    ,2024,,Dublin
IE-0234-M477-1.dw.png,IE-0234, 52.50    ,-8.75    ,2024,,Limerick
IE-0234-M477-10.dw.png,IE-0234, 52.50    ,-8.75    ,2024,,Limerick
IE-0234-M477-11.dw.png,IE-0234, 52.50    ,-8.75    ,2024,,Limerick
IE-0234-M477-12.dw.png,IE-0234, 52.50    ,-8.75    ,2024,,Limerick
IE-0234-M477-2.dw.png,IE-0234, 52.50    ,-8.75    ,2024,,Limerick
IE-0234-M477-3.dw.png,IE-0234, 52.50    ,-8.75    ,2024,,Limerick
IE-0234-M477-4.dw.png,IE-0234, 52.50    ,-8.75    ,2024,,Limerick
IE-0234-M477-5.dw.png,IE-0234, 52.50    ,-8.75    ,2024,,Limerick
IE-0234-M477-6.dw.png,IE-0234, 52.50    ,-8.75    ,2024,,Limerick
IE-0234-M477-7.dw.png,IE-0234, 52.50    ,-8.75    ,2024,,Limerick
IE-0234-M477-8.dw.png,IE-0234, 52.50    ,-8.75    ,2024,,Limerick
IE-0234-M477-9.dw.png,IE-0234, 52.50    ,-8.75    ,2024,,Limerick
IE-0235-M478-21.dw.png,IE-0235, 52.67    ,-7.83    ,2024,,Tipperary
IE-0235-M478-25.dw.png,IE-0235, 52.67    ,-7.83    ,2024,,Tipperary
IE-0235-M478-26.dw.png,IE-0235, 52.67    ,-7.83    ,2024,,Tipperary
IE-0235-M478-42.dw.png,IE-0235, 52.67    ,-7.83    ,2024,,Tipperary
IE-0235-M478-54.dw.png,IE-0235, 52.67    ,-7.83    ,2024,,Tipperary
IE-0235-M478-62.dw.png,IE-0235, 52.67    ,-7.83    ,2024,,Tipperary
IE-0235-M478-68.dw.png,IE-0235, 52.67    ,-7.83    ,2024,,Tipperary
IE-0235-M478-71.dw.png,IE-0235, 52.67    ,-7.83    ,2024,,Tipperary
IE-0235-M478-80.dw.png,IE-0235, 52.67    ,-7.83    ,2024,,Tipperary
IE-0235-M478-90.dw.png,IE-0235, 52.67    ,-7.83    ,2024,,Tipperary
IE-0235-M478-94.dw.png,IE-0235, 52.67    ,-7.83    ,2024,,Tipperary
IE-0235-M478-98.dw.png,IE-0235, 52.67    ,-7.83    ,2024,,Tipperary
IE-0236-M479-1.dw.png,IE-0236, 52.50    ,-8.75    ,2024,,Limerick
IE-0236-M479-10.dw.png,IE-0236, 52.50    ,-8.75    ,2024,,Limerick
IE-0236-M479-11.dw.png,IE-0236, 52.50    ,-8.75    ,2024,,Limerick
IE-0236-M479-12.dw.png,IE-0236, 52.50    ,-8.75    ,2024,,Limerick
IE-0236-M479-2.dw.png,IE-0236, 52.50    ,-8.75    ,2024,,Limerick
IE-0236-M479-3.dw.png,IE-0236, 52.50    ,-8.75    ,2024,,Limerick
IE-0236-M479-4.dw.png,IE-0236, 52.50    ,-8.75    ,2024,,Limerick
IE-0236-M479-5.dw.png,IE-0236, 52.50    ,-8.75    ,2024,,Limerick
IE-0236-M479-6.dw.png,IE-0236, 52.50    ,-8.75    ,2024,,Limerick
IE-0236-M479-7.dw.png,IE-0236, 52.50    ,-8.75    ,2024,,Limerick
IE-0236-M479-8.dw.png,IE-0236, 52.50    ,-8.75    ,2024,,Limerick
IE-0236-M479-9.dw.png,IE-0236, 52.50    ,-8.75    ,2024,,Limerick
IE-0237-M480-117.dw.png,IE-0237, 52.67    ,-7.83    ,2024,,Tipperary
IE-0237-M480-137.dw.png,IE-0237, 52.67    ,-7.83    ,2024,,Tipperary
IE-0237-M480-154.dw.png,IE-0237, 52.67    ,-7.83    ,2024,,Tipperary
IE-0237-M480-173.dw.png,IE-0237, 52.67    ,-7.83    ,2024,,Tipperary
IE-0237-M480-176.dw.png,IE-0237, 52.67    ,-7.83    ,2024,,Tipperary
IE-0237-M480-192.dw.png,IE-0237, 52.67    ,-7.83    ,2024,,Tipperary
IE-0237-M480-54.dw.png,IE-0237, 52.67    ,-7.83    ,2024,,Tipperary
IE-0237-M480-59.dw.png,IE-0237, 52.67    ,-7.83    ,2024,,Tipperary
IE-0237-M480-71.dw.png,IE-0237, 52.67    ,-7.83    ,2024,,Tipperary
IE-0237-M480-98.dw.png,IE-0237, 52.67    ,-7.83    ,2024,,Tipperary
IE-0238-M481-10.dw.png,IE-0238, 52.50    ,-8.75    ,2024,,Limerick
IE-0238-M481-12.dw.png,IE-0238, 52.50    ,-8.75    ,2024,,Limerick
IE-0238-M481-18.dw.png,IE-0238, 52.50    ,-8.75    ,2024,,Limerick
IE-0238-M481-28.dw.png,IE-0238, 52.50    ,-8.75    ,2024,,Limerick
IE-0238-M481-31.dw.png,IE-0238, 52.50    ,-8.75    ,2024,,Limerick
IE-0238-M481-33.dw.png,IE-0238, 52.50    ,-8.75    ,2024,,Limerick
IE-0238-M481-51.dw.png,IE-0238, 52.50    ,-8.75    ,2024,,Limerick
IE-0238-M481-52.dw.png,IE-0238, 52.50    ,-8.75    ,2024,,Limerick
IE-0238-M481-59.dw.png,IE-0238, 52.50    ,-8.75    ,2024,,Limerick
IE-0238-M481-77.dw.png,IE-0238, 52.50    ,-8.75    ,2024,,Limerick
IE-0238-M481-78.dw.png,IE-0238, 52.50    ,-8.75    ,2024,,Limerick
IE-0238-M481-80.dw.png,IE-0238, 52.50    ,-8.75    ,2024,,Limerick
IE-0239-M482-10.dw.png,IE-0239, 52.67    ,-7.83    ,2024,,Tipperary
IE-0239-M482-11.dw.png,IE-0239, 52.67    ,-7.83    ,2024,,Tipperary
IE-0239-M482-14.dw.png,IE-0239, 52.67    ,-7.83    ,2024,,Tipperary
IE-0239-M482-33.dw.png,IE-0239, 52.67    ,-7.83    ,2024,,Tipperary
IE-0239-M482-34.dw.png,IE-0239, 52.67    ,-7.83    ,2024,,Tipperary
IE-0239-M482-45.dw.png,IE-0239, 52.67    ,-7.83    ,2024,,Tipperary
IE-0239-M482-56.dw.png,IE-0239, 52.67    ,-7.83    ,2024,,Tipperary
IE-0239-M482-64.dw.png,IE-0239, 52.67    ,-7.83    ,2024,,Tipperary
IE-0239-M482-66.dw.png,IE-0239, 52.67    ,-7.83    ,2024,,Tipperary
IE-0239-M482-70.dw.png,IE-0239, 52.67    ,-7.83    ,2024,,Tipperary
IE-0239-M482-72.dw.png,IE-0239, 52.67    ,-7.83    ,2024,,Tipperary
IE-0240-M483-1.dw.png,IE-0240, 54.92    ,-8.00    ,2024,,Donegal
IE-0240-M483-10.dw.png,IE-0240, 54.92    ,-8.00    ,2024,,Donegal
IE-0240-M483-11.dw.png,IE-0240, 54.92    ,-8.00    ,2024,,Donegal
IE-0240-M483-12.dw.png,IE-0240, 54.92    ,-8.00    ,2024,,Donegal
IE-0240-M483-2.dw.png,IE-0240, 54.92    ,-8.00    ,2024,,Donegal
IE-0240-M483-3.dw.png,IE-0240, 54.92    ,-8.00    ,2024,,Donegal
IE-0240-M483-4.dw.png,IE-0240, 54.92    ,-8.00    ,2024,,Donegal
IE-0240-M483-5.dw.png,IE-0240, 54.92    ,-8.00    ,2024,,Donegal
IE-0240-M483-6.dw.png,IE-0240, 54.92    ,-8.00    ,2024,,Donegal
IE-0240-M483-7.dw.png,IE-0240, 54.92    ,-8.00    ,2024,,Donegal
IE-0240-M483-8.dw.png,IE-0240, 54.92    ,-8.00    ,2024,,Donegal
IE-0240-M483-9.dw.png,IE-0240, 54.92    ,-8.00    ,2024,,Donegal
IE-0241-M485-18.dw.png,IE-0241, 53.42    ,-6.25    ,2024,,Dublin
IE-0241-M485-19.dw.png,IE-0241, 53.42    ,-6.25    ,2024,,Dublin
IE-0241-M485-20.dw.png,IE-0241, 53.42    ,-6.25    ,2024,,Dublin
IE-0241-M485-3.dw.png,IE-0241, 53.42    ,-6.25    ,2024,,Dublin
IE-0241-M485-31.dw.png,IE-0241, 53.42    ,-6.25    ,2024,,Dublin
IE-0241-M485-32.dw.png,IE-0241, 53.42    ,-6.25    ,2024,,Dublin
IE-0241-M485-35.dw.png,IE-0241, 53.42    ,-6.25    ,2024,,Dublin
IE-0241-M485-50.dw.png,IE-0241, 53.42    ,-6.25    ,2024,,Dublin
IE-0241-M485-6.dw.png,IE-0241, 53.42    ,-6.25    ,2024,,Dublin
IE-0241-M485-7.dw.png,IE-0241, 53.42    ,-6.25    ,2024,,Dublin
IE-0242-M487-13.dw.png,IE-0242, 52.50    ,-8.75    ,2024,,Limerick
IE-0242-M487-14.dw.png,IE-0242, 52.50    ,-8.75    ,2024,,Limerick
IE-0242-M487-21.dw.png,IE-0242, 52.50    ,-8.75    ,2024,,Limerick
IE-0242-M487-34.dw.png,IE-0242, 52.50    ,-8.75    ,2024,,Limerick
IE-0242-M487-35.dw.png,IE-0242, 52.50    ,-8.75    ,2024,,Limerick
IE-0242-M487-38.dw.png,IE-0242, 52.50    ,-8.75    ,2024,,Limerick
IE-0242-M487-46.dw.png,IE-0242, 52.50    ,-8.75    ,2024,,Limerick
IE-0242-M487-52.dw.png,IE-0242, 52.50    ,-8.75    ,2024,,Limerick
IE-0242-M487-53.dw.png,IE-0242, 52.50    ,-8.75    ,2024,,Limerick
IE-0242-M487-62.dw.png,IE-0242, 52.50    ,-8.75    ,2024,,Limerick
IE-0242-M487-63.dw.png,IE-0242, 52.50    ,-8.75    ,2024,,Limerick
IE-0242-M487-66.dw.png,IE-0242, 52.50    ,-8.75    ,2024,,Limerick
IE-0243-M489-119.dw.png,IE-0243, 52.50    ,-8.75    ,2024,,Limerick
IE-0243-M489-135.dw.png,IE-0243, 52.50    ,-8.75    ,2024,,Limerick
IE-0243-M489-148.dw.png,IE-0243, 52.50    ,-8.75    ,2024,,Limerick
IE-0243-M489-167.dw.png,IE-0243, 52.50    ,-8.75    ,2024,,Limerick
IE-0243-M489-168.dw.png,IE-0243, 52.50    ,-8.75    ,2024,,Limerick
IE-0243-M489-173.dw.png,IE-0243, 52.50    ,-8.75    ,2024,,Limerick
IE-0243-M489-196.dw.png,IE-0243, 52.50    ,-8.75    ,2024,,Limerick
IE-0243-M489-201.dw.png,IE-0243, 52.50    ,-8.75    ,2024,,Limerick
IE-0243-M489-204.dw.png,IE-0243, 52.50    ,-8.75    ,2024,,Limerick
IE-0243-M489-91.dw.png,IE-0243, 52.50    ,-8.75    ,2024,,Limerick
IE-0243-M489-92.dw.png,IE-0243, 52.50    ,-8.75    ,2024,,Limerick
IE-0244-M490-1.dw.png,IE-0244, 52.50    ,-8.75    ,2024,,Limerick
IE-0244-M490-10.dw.png,IE-0244, 52.50    ,-8.75    ,2024,,Limerick
IE-0244-M490-11.dw.png,IE-0244, 52.50    ,-8.75    ,2024,,Limerick
IE-0244-M490-12.dw.png,IE-0244, 52.50    ,-8.75    ,2024,,Limerick
IE-0244-M490-2.dw.png,IE-0244, 52.50    ,-8.75    ,2024,,Limerick
IE-0244-M490-3.dw.png,IE-0244, 52.50    ,-8.75    ,2024,,Limerick
IE-0244-M490-4.dw.png,IE-0244, 52.50    ,-8.75    ,2024,,Limerick
IE-0244-M490-5.dw.png,IE-0244, 52.50    ,-8.75    ,2024,,Limerick
IE-0244-M490-6.dw.png,IE-0244, 52.50    ,-8.75    ,2024,,Limerick
IE-0244-M490-7.dw.png,IE-0244, 52.50    ,-8.75    ,2024,,Limerick
IE-0244-M490-8.dw.png,IE-0244, 52.50    ,-8.75    ,2024,,Limerick
IE-0244-M490-9.dw.png,IE-0244, 52.50    ,-8.75    ,2024,,Limerick
IE-0245-M491-1.dw.png,IE-0245, 53.42    ,-6.25    ,2024,,Dublin
IE-0245-M491-10.dw.png,IE-0245, 53.42    ,-6.25    ,2024,,Dublin
IE-0245-M491-11.dw.png,IE-0245, 53.42    ,-6.25    ,2024,,Dublin
IE-0245-M491-2.dw.png,IE-0245, 53.42    ,-6.25    ,2024,,Dublin
IE-0245-M491-3.dw.png,IE-0245, 53.42    ,-6.25    ,2024,,Dublin
IE-0245-M491-4.dw.png,IE-0245, 53.42    ,-6.25    ,2024,,Dublin
IE-0245-M491-5.dw.png,IE-0245, 53.42    ,-6.25    ,2024,,Dublin
IE-0245-M491-6.dw.png,IE-0245, 53.42    ,-6.25    ,2024,,Dublin
IE-0245-M491-7.dw.png,IE-0245, 53.42    ,-6.25    ,2024,,Dublin
IE-0245-M491-8.dw.png,IE-0245, 53.42    ,-6.25    ,2024,,Dublin
IE-0245-M491-9.dw.png,IE-0245, 53.42    ,-6.25    ,2024,,Dublin
IE-0246-M492-122.dw.png,IE-0246, 52.50    ,-8.75    ,2024,,Limerick
IE-0246-M492-123.dw.png,IE-0246, 52.50    ,-8.75    ,2024,,Limerick
IE-0246-M492-31.dw.png,IE-0246, 52.50    ,-8.75    ,2024,,Limerick
IE-0246-M492-40.dw.png,IE-0246, 52.50    ,-8.75    ,2024,,Limerick
IE-0246-M492-45.dw.png,IE-0246, 52.50    ,-8.75    ,2024,,Limerick
IE-0246-M492-57.dw.png,IE-0246, 52.50    ,-8.75    ,2024,,Limerick
IE-0246-M492-65.dw.png,IE-0246, 52.50    ,-8.75    ,2024,,Limerick
IE-0246-M492-69.dw.png,IE-0246, 52.50    ,-8.75    ,2024,,Limerick
IE-0246-M492-89.dw.png,IE-0246, 52.50    ,-8.75    ,2024,,Limerick
IE-0246-M492-94.dw.png,IE-0246, 52.50    ,-8.75    ,2024,,Limerick
IE-0246-M492-96.dw.png,IE-0246, 52.50    ,-8.75    ,2024,,Limerick
IE-0247-M493-11.dw.png,IE-0247, 53.67    ,-6.67    ,2024,,Meath
IE-0247-M493-14.dw.png,IE-0247, 53.67    ,-6.67    ,2024,,Meath
IE-0247-M493-15.dw.png,IE-0247, 53.67    ,-6.67    ,2024,,Meath
IE-0247-M493-27.dw.png,IE-0247, 53.67    ,-6.67    ,2024,,Meath
IE-0247-M493-34.dw.png,IE-0247, 53.67    ,-6.67    ,2024,,Meath
IE-0247-M493-35.dw.png,IE-0247, 53.67    ,-6.67    ,2024,,Meath
IE-0247-M493-54.dw.png,IE-0247, 53.67    ,-6.67    ,2024,,Meath
IE-0247-M493-55.dw.png,IE-0247, 53.67    ,-6.67    ,2024,,Meath
IE-0247-M493-57.dw.png,IE-0247, 53.67    ,-6.67    ,2024,,Meath
IE-0247-M493-70.dw.png,IE-0247, 53.67    ,-6.67    ,2024,,Meath
IE-0247-M493-74.dw.png,IE-0247, 53.67    ,-6.67    ,2024,,Meath
IE-0247-M493-76.dw.png,IE-0247, 53.67    ,-6.67    ,2024,,Meath
IE-0248-M494-1.dw.png,IE-0248, 52.50    ,-8.75    ,2024,,Limerick
IE-0248-M494-12.dw.png,IE-0248, 52.50    ,-8.75    ,2024,,Limerick
IE-0248-M494-15.dw.png,IE-0248, 52.50    ,-8.75    ,2024,,Limerick
IE-0248-M494-17.dw.png,IE-0248, 52.50    ,-8.75    ,2024,,Limerick
IE-0248-M494-21.dw.png,IE-0248, 52.50    ,-8.75    ,2024,,Limerick
IE-0248-M494-22.dw.png,IE-0248, 52.50    ,-8.75    ,2024,,Limerick
IE-0248-M494-23.dw.png,IE-0248, 52.50    ,-8.75    ,2024,,Limerick
IE-0248-M494-29.dw.png,IE-0248, 52.50    ,-8.75    ,2024,,Limerick
IE-0248-M494-30.dw.png,IE-0248, 52.50    ,-8.75    ,2024,,Limerick
IE-0248-M494-31.dw.png,IE-0248, 52.50    ,-8.75    ,2024,,Limerick
IE-0248-M494-8.dw.png,IE-0248, 52.50    ,-8.75    ,2024,,Limerick
IE-0248-M494-9.dw.png,IE-0248, 52.50    ,-8.75    ,2024,,Limerick
IE-0249-M495-121.dw.png,IE-0249, 52.67    ,-7.83    ,2024,,Tipperary
IE-0249-M495-122.dw.png,IE-0249, 52.67    ,-7.83    ,2024,,Tipperary
IE-0249-M495-126.dw.png,IE-0249, 52.67    ,-7.83    ,2024,,Tipperary
IE-0249-M495-20.dw.png,IE-0249, 52.67    ,-7.83    ,2024,,Tipperary
IE-0249-M495-27.dw.png,IE-0249, 52.67    ,-7.83    ,2024,,Tipperary
IE-0249-M495-30.dw.png,IE-0249, 52.67    ,-7.83    ,2024,,Tipperary
IE-0249-M495-41.dw.png,IE-0249, 52.67    ,-7.83    ,2024,,Tipperary
IE-0249-M495-51.dw.png,IE-0249, 52.67    ,-7.83    ,2024,,Tipperary
IE-0249-M495-61.dw.png,IE-0249, 52.67    ,-7.83    ,2024,,Tipperary
IE-0249-M495-81.dw.png,IE-0249, 52.67    ,-7.83    ,2024,,Tipperary
IE-0249-M495-84.dw.png,IE-0249, 52.67    ,-7.83    ,2024,,Tipperary
IE-0250-M496-10.dw.png,IE-0250, 53.67    ,-6.67    ,2024,,Meath
IE-0250-M496-11.dw.png,IE-0250, 53.67    ,-6.67    ,2024,,Meath
IE-0250-M496-17.dw.png,IE-0250, 53.67    ,-6.67    ,2024,,Meath
IE-0250-M496-18.dw.png,IE-0250, 53.67    ,-6.67    ,2024,,Meath
IE-0250-M496-19.dw.png,IE-0250, 53.67    ,-6.67    ,2024,,Meath
IE-0250-M496-23.dw.png,IE-0250, 53.67    ,-6.67    ,2024,,Meath
IE-0250-M496-25.dw.png,IE-0250, 53.67    ,-6.67    ,2024,,Meath
IE-0250-M496-26.dw.png,IE-0250, 53.67    ,-6.67    ,2024,,Meath
IE-0250-M496-38.dw.png,IE-0250, 53.67    ,-6.67    ,2024,,Meath
IE-0250-M496-4.dw.png,IE-0250, 53.67    ,-6.67    ,2024,,Meath
IE-0250-M496-44.dw.png,IE-0250, 53.67    ,-6.67    ,2024,,Meath
IE-0250-M496-46.dw.png,IE-0250, 53.67    ,-6.67    ,2024,,Meath
IE-0251-M497-16.dw.png,IE-0251, 53.20    ,-6.80    ,2024,,Kildare
IE-0251-M497-17.dw.png,IE-0251, 53.20    ,-6.80    ,2024,,Kildare
IE-0251-M497-19.dw.png,IE-0251, 53.20    ,-6.80    ,2024,,Kildare
IE-0251-M497-25.dw.png,IE-0251, 53.20    ,-6.80    ,2024,,Kildare
IE-0251-M497-28.dw.png,IE-0251, 53.20    ,-6.80    ,2024,,Kildare
IE-0251-M497-31.dw.png,IE-0251, 53.20    ,-6.80    ,2024,,Kildare
IE-0251-M497-40.dw.png,IE-0251, 53.20    ,-6.80    ,2024,,Kildare
IE-0251-M497-41.dw.png,IE-0251, 53.20    ,-6.80    ,2024,,Kildare
IE-0251-M497-44.dw.png,IE-0251, 53.20    ,-6.80    ,2024,,Kildare
IE-0251-M497-6.dw.png,IE-0251, 53.20    ,-6.80    ,2024,,Kildare
IE-0251-M497-7.dw.png,IE-0251, 53.20    ,-6.80    ,2024,,Kildare
IE-0251-M497-8.dw.png,IE-0251, 53.20    ,-6.80    ,2024,,Kildare
IE-0252-M498-16.dw.png,IE-0252, 52.50    ,-8.75    ,2024,,Limerick
IE-0252-M498-18.dw.png,IE-0252, 52.50    ,-8.75    ,2024,,Limerick
IE-0252-M498-19.dw.png,IE-0252, 52.50    ,-8.75    ,2024,,Limerick
IE-0252-M498-28.dw.png,IE-0252, 52.50    ,-8.75    ,2024,,Limerick
IE-0252-M498-29.dw.png,IE-0252, 52.50    ,-8.75    ,2024,,Limerick
IE-0252-M498-34.dw.png,IE-0252, 52.50    ,-8.75    ,2024,,Limerick
IE-0252-M498-4.dw.png,IE-0252, 52.50    ,-8.75    ,2024,,Limerick
IE-0252-M498-46.dw.png,IE-0252, 52.50    ,-8.75    ,2024,,Limerick
IE-0252-M498-5.dw.png,IE-0252, 52.50    ,-8.75    ,2024,,Limerick
IE-0252-M498-51.dw.png,IE-0252, 52.50    ,-8.75    ,2024,,Limerick
IE-0252-M498-52.dw.png,IE-0252, 52.50    ,-8.75    ,2024,,Limerick
IE-0252-M498-6.dw.png,IE-0252, 52.50    ,-8.75    ,2024,,Limerick
IE-0253-M499-16.dw.png,IE-0253, 53.67    ,-6.67    ,2024,,Meath
IE-0253-M499-23.dw.png,IE-0253, 53.67    ,-6.67    ,2024,,Meath
IE-0253-M499-33.dw.png,IE-0253, 53.67    ,-6.67    ,2024,,Meath
IE-0253-M499-49.dw.png,IE-0253, 53.67    ,-6.67    ,2024,,Meath
IE-0253-M499-52.dw.png,IE-0253, 53.67    ,-6.67    ,2024,,Meath
IE-0253-M499-53.dw.png,IE-0253, 53.67    ,-6.67    ,2024,,Meath
IE-0253-M499-60.dw.png,IE-0253, 53.67    ,-6.67    ,2024,,Meath
IE-0253-M499-68.dw.png,IE-0253, 53.67    ,-6.67    ,2024,,Meath
IE-0253-M499-71.dw.png,IE-0253, 53.67    ,-6.67    ,2024,,Meath
IE-0253-M499-85.dw.png,IE-0253, 53.67    ,-6.67    ,2024,,Meath
IE-0253-M499-93.dw.png,IE-0253, 53.67    ,-6.67    ,2024,,Meath
IE-0253-M499-96.dw.png,IE-0253, 53.67    ,-6.67    ,2024,,Meath
IE-0254-M509T-10.dw.png,IE-0254, 52.67    ,-7.83    ,2024,,Tipperary
IE-0254-M509T-14.dw.png,IE-0254, 52.67    ,-7.83    ,2024,,Tipperary
IE-0254-M509T-22.dw.png,IE-0254, 52.67    ,-7.83    ,2024,,Tipperary
IE-0254-M509T-22x.dw.png,IE-0254, 52.67    ,-7.83    ,2024,,Tipperary
IE-0254-M509T-24.dw.png,IE-0254, 52.67    ,-7.83    ,2024,,Tipperary
IE-0254-M509T-26.dw.png,IE-0254, 52.67    ,-7.83    ,2024,,Tipperary
IE-0254-M509T-42.dw.png,IE-0254, 52.67    ,-7.83    ,2024,,Tipperary
IE-0254-M509T-43.dw.png,IE-0254, 52.67    ,-7.83    ,2024,,Tipperary
IE-0254-M509T-44.dw.png,IE-0254, 52.67    ,-7.83    ,2024,,Tipperary
IE-0254-M509T-58.dw.png,IE-0254, 52.67    ,-7.83    ,2024,,Tipperary
IE-0254-M509T-63.dw.png,IE-0254, 52.67    ,-7.83    ,2024,,Tipperary
IE-0254-M509T-67.dw.png,IE-0254, 52.67    ,-7.83    ,2024,,Tipperary
IE-0255-M518T-104.dw.png,IE-0255, 52.67    ,-7.83    ,2024,,Tipperary
IE-0255-M518T-120.dw.png,IE-0255, 52.67    ,-7.83    ,2024,,Tipperary
IE-0255-M518T-14.dw.png,IE-0255, 52.67    ,-7.83    ,2024,,Tipperary
IE-0255-M518T-15.dw.png,IE-0255, 52.67    ,-7.83    ,2024,,Tipperary
IE-0255-M518T-23.dw.png,IE-0255, 52.67    ,-7.83    ,2024,,Tipperary
IE-0255-M518T-32.dw.png,IE-0255, 52.67    ,-7.83    ,2024,,Tipperary
IE-0255-M518T-36.dw.png,IE-0255, 52.67    ,-7.83    ,2024,,Tipperary
IE-0255-M518T-47.dw.png,IE-0255, 52.67    ,-7.83    ,2024,,Tipperary
IE-0255-M518T-55.dw.png,IE-0255, 52.67    ,-7.83    ,2024,,Tipperary
IE-0255-M518T-59.dw.png,IE-0255, 52.67    ,-7.83    ,2024,,Tipperary
IE-0255-M518T-73.dw.png,IE-0255, 52.67    ,-7.83    ,2024,,Tipperary
IE-0255-M518T-93.dw.png,IE-0255, 52.67    ,-7.83    ,2024,,Tipperary
IE-0256-M527T-16.dw.png,IE-0256, 52.67    ,-7.83    ,2024,,Tipperary
IE-0256-M527T-17.dw.png,IE-0256, 52.67    ,-7.83    ,2024,,Tipperary
IE-0256-M527T-18.dw.png,IE-0256, 52.67    ,-7.83    ,2024,,Tipperary
IE-0256-M527T-40.dw.png,IE-0256, 52.67    ,-7.83    ,2024,,Tipperary
IE-0256-M527T-42.dw.png,IE-0256, 52.67    ,-7.83    ,2024,,Tipperary
IE-0256-M527T-43.dw.png,IE-0256, 52.67    ,-7.83    ,2024,,Tipperary
IE-0256-M527T-61.dw.png,IE-0256, 52.67    ,-7.83    ,2024,,Tipperary
IE-0256-M527T-67.dw.png,IE-0256, 52.67    ,-7.83    ,2024,,Tipperary
IE-0256-M527T-70.dw.png,IE-0256, 52.67    ,-7.83    ,2024,,Tipperary
IE-0256-M527T-89.dw.png,IE-0256, 52.67    ,-7.83    ,2024,,Tipperary
IE-0256-M527T-90.dw.png,IE-0256, 52.67    ,-7.83    ,2024,,Tipperary
IE-0256-M527T-96.dw.png,IE-0256, 52.67    ,-7.83    ,2024,,Tipperary
IE-0257-M529T-11.dw.png,IE-0257, 52.67    ,-7.83    ,2024,,Tipperary
IE-0257-M529T-12.dw.png,IE-0257, 52.67    ,-7.83    ,2024,,Tipperary
IE-0257-M529T-21.dw.png,IE-0257, 52.67    ,-7.83    ,2024,,Tipperary
IE-0257-M529T-22.dw.png,IE-0257, 52.67    ,-7.83    ,2024,,Tipperary
IE-0257-M529T-30.dw.png,IE-0257, 52.67    ,-7.83    ,2024,,Tipperary
IE-0257-M529T-5.dw.png,IE-0257, 52.67    ,-7.83    ,2024,,Tipperary
IE-0257-M529T-51.dw.png,IE-0257, 52.67    ,-7.83    ,2024,,Tipperary
IE-0257-M529T-53.dw.png,IE-0257, 52.67    ,-7.83    ,2024,,Tipperary
IE-0257-M529T-58.dw.png,IE-0257, 52.67    ,-7.83    ,2024,,Tipperary
IE-0257-M529T-73.dw.png,IE-0257, 52.67    ,-7.83    ,2024,,Tipperary
IE-0257-M529T-74.dw.png,IE-0257, 52.67    ,-7.83    ,2024,,Tipperary
IE-0257-M529T-84.dw.png,IE-0257, 52.67    ,-7.83    ,2024,,Tipperary
IE-0258-M531T-10.dw.png,IE-0258, 52.67    ,-7.83    ,2024,,Tipperary
IE-0258-M531T-21.dw.png,IE-0258, 52.67    ,-7.83    ,2024,,Tipperary
IE-0258-M531T-23.dw.png,IE-0258, 52.67    ,-7.83    ,2024,,Tipperary
IE-0258-M531T-25.dw.png,IE-0258, 52.67    ,-7.83    ,2024,,Tipperary
IE-0258-M531T-48.dw.png,IE-0258, 52.67    ,-7.83    ,2024,,Tipperary
IE-0258-M531T-50.dw.png,IE-0258, 52.67    ,-7.83    ,2024,,Tipperary
IE-0258-M531T-52.dw.png,IE-0258, 52.67    ,-7.83    ,2024,,Tipperary
IE-0258-M531T-63.dw.png,IE-0258, 52.67    ,-7.83    ,2024,,Tipperary
IE-0258-M531T-65.dw.png,IE-0258, 52.67    ,-7.83    ,2024,,Tipperary
IE-0258-M531T-7.dw.png,IE-0258, 52.67    ,-7.83    ,2024,,Tipperary
IE-0258-M531T-72.dw.png,IE-0258, 52.67    ,-7.83    ,2024,,Tipperary
IE-0258-M531T-9.dw.png,IE-0258, 52.67    ,-7.83    ,2024,,Tipperary
IE-0259-M534T-102.dw.png,IE-0259, 52.67    ,-7.83    ,2024,,Tipperary
IE-0259-M534T-103.dw.png,IE-0259, 52.67    ,-7.83    ,2024,,Tipperary
IE-0259-M534T-12.dw.png,IE-0259, 52.67    ,-7.83    ,2024,,Tipperary
IE-0259-M534T-13.dw.png,IE-0259, 52.67    ,-7.83    ,2024,,Tipperary
IE-0259-M534T-17.dw.png,IE-0259, 52.67    ,-7.83    ,2024,,Tipperary
IE-0259-M534T-37.dw.png,IE-0259, 52.67    ,-7.83    ,2024,,Tipperary
IE-0259-M534T-39.dw.png,IE-0259, 52.67    ,-7.83    ,2024,,Tipperary
IE-0259-M534T-43.dw.png,IE-0259, 52.67    ,-7.83    ,2024,,Tipperary
IE-0259-M534T-55.dw.png,IE-0259, 52.67    ,-7.83    ,2024,,Tipperary
IE-0259-M534T-65.dw.png,IE-0259, 52.67    ,-7.83    ,2024,,Tipperary
IE-0259-M534T-66.dw.png,IE-0259, 52.67    ,-7.83    ,2024,,Tipperary
IE-0259-M534T-99.dw.png,IE-0259, 52.67    ,-7.83    ,2024,,Tipperary
IE-0260-M537T-19.dw.png,IE-0260, 52.67    ,-7.83    ,2024,,Tipperary
IE-0260-M537T-23.dw.png,IE-0260, 52.67    ,-7.83    ,2024,,Tipperary
IE-0260-M537T-24.dw.png,IE-0260, 52.67    ,-7.83    ,2024,,Tipperary
IE-0260-M537T-43.dw.png,IE-0260, 52.67    ,-7.83    ,2024,,Tipperary
IE-0260-M537T-44.dw.png,IE-0260, 52.67    ,-7.83    ,2024,,Tipperary
IE-0260-M537T-47.dw.png,IE-0260, 52.67    ,-7.83    ,2024,,Tipperary
IE-0260-M537T-6.dw.png,IE-0260, 52.67    ,-7.83    ,2024,,Tipperary
IE-0260-M537T-67.dw.png,IE-0260, 52.67    ,-7.83    ,2024,,Tipperary
IE-0260-M537T-7.dw.png,IE-0260, 52.67    ,-7.83    ,2024,,Tipperary
IE-0260-M537T-76.dw.png,IE-0260, 52.67    ,-7.83    ,2024,,Tipperary
IE-0260-M537T-8.dw.png,IE-0260, 52.67    ,-7.83    ,2024,,Tipperary
IE-0260-M537T-82.dw.png,IE-0260, 52.67    ,-7.83    ,2024,,Tipperary
IE-0261-M539T-12.dw.png,IE-0261, 52.67    ,-7.83    ,2024,,Tipperary
IE-0261-M539T-13.dw.png,IE-0261, 52.67    ,-7.83    ,2024,,Tipperary
IE-0261-M539T-14.dw.png,IE-0261, 52.67    ,-7.83    ,2024,,Tipperary
IE-0261-M539T-32.dw.png,IE-0261, 52.67    ,-7.83    ,2024,,Tipperary
IE-0261-M539T-34.dw.png,IE-0261, 52.67    ,-7.83    ,2024,,Tipperary
IE-0261-M539T-35.dw.png,IE-0261, 52.67    ,-7.83    ,2024,,Tipperary
IE-0261-M539T-52.dw.png,IE-0261, 52.67    ,-7.83    ,2024,,Tipperary
IE-0261-M539T-54.dw.png,IE-0261, 52.67    ,-7.83    ,2024,,Tipperary
IE-0261-M539T-55.dw.png,IE-0261, 52.67    ,-7.83    ,2024,,Tipperary
IE-0261-M539T-75.dw.png,IE-0261, 52.67    ,-7.83    ,2024,,Tipperary
IE-0261-M539T-79.dw.png,IE-0261, 52.67    ,-7.83    ,2024,,Tipperary
IE-0261-M539T-83.dw.png,IE-0261, 52.67    ,-7.83    ,2024,,Tipperary
IE-0262-M541T-101.dw.png,IE-0262, 52.67    ,-7.83    ,2024,,Tipperary
IE-0262-M541T-107.dw.png,IE-0262, 52.67    ,-7.83    ,2024,,Tipperary
IE-0262-M541T-113.dw.png,IE-0262, 52.67    ,-7.83    ,2024,,Tipperary
IE-0262-M541T-12.dw.png,IE-0262, 52.67    ,-7.83    ,2024,,Tipperary
IE-0262-M541T-18.dw.png,IE-0262, 52.67    ,-7.83    ,2024,,Tipperary
IE-0262-M541T-22.dw.png,IE-0262, 52.67    ,-7.83    ,2024,,Tipperary
IE-0262-M541T-30.dw.png,IE-0262, 52.67    ,-7.83    ,2024,,Tipperary
IE-0262-M541T-39.dw.png,IE-0262, 52.67    ,-7.83    ,2024,,Tipperary
IE-0262-M541T-44.dw.png,IE-0262, 52.67    ,-7.83    ,2024,,Tipperary
IE-0262-M541T-54.dw.png,IE-0262, 52.67    ,-7.83    ,2024,,Tipperary
IE-0262-M541T-56.dw.png,IE-0262, 52.67    ,-7.83    ,2024,,Tipperary
IE-0262-M541T-59.dw.png,IE-0262, 52.67    ,-7.83    ,2024,,Tipperary
IE-0263-M542T-16.dw.png,IE-0263, 52.67    ,-7.83    ,2024,,Tipperary
IE-0263-M542T-17.dw.png,IE-0263, 52.67    ,-7.83    ,2024,,Tipperary
IE-0263-M542T-18.dw.png,IE-0263, 52.67    ,-7.83    ,2024,,Tipperary
IE-0263-M542T-34.dw.png,IE-0263, 52.67    ,-7.83    ,2024,,Tipperary
IE-0263-M542T-35.dw.png,IE-0263, 52.67    ,-7.83    ,2024,,Tipperary
IE-0263-M542T-39.dw.png,IE-0263, 52.67    ,-7.83    ,2024,,Tipperary
IE-0263-M542T-60.dw.png,IE-0263, 52.67    ,-7.83    ,2024,,Tipperary
IE-0263-M542T-63.dw.png,IE-0263, 52.67    ,-7.83    ,2024,,Tipperary
IE-0263-M542T-71.dw.png,IE-0263, 52.67    ,-7.83    ,2024,,Tipperary
IE-0263-M542T-83.dw.png,IE-0263, 52.67    ,-7.83    ,2024,,Tipperary
IE-0263-M542T-84.dw.png,IE-0263, 52.67    ,-7.83    ,2024,,Tipperary
IE-0263-M542T-87.dw.png,IE-0263, 52.67    ,-7.83    ,2024,,Tipperary
IE-0264-M544T-12.dw.png,IE-0264, 52.67    ,-7.83    ,2024,,Tipperary
IE-0264-M544T-15.dw.png,IE-0264, 52.67    ,-7.83    ,2024,,Tipperary
IE-0264-M544T-22.dw.png,IE-0264, 52.67    ,-7.83    ,2024,,Tipperary
IE-0264-M544T-23.dw.png,IE-0264, 52.67    ,-7.83    ,2024,,Tipperary
IE-0264-M544T-28.dw.png,IE-0264, 52.67    ,-7.83    ,2024,,Tipperary
IE-0264-M544T-39.dw.png,IE-0264, 52.67    ,-7.83    ,2024,,Tipperary
IE-0264-M544T-42.dw.png,IE-0264, 52.67    ,-7.83    ,2024,,Tipperary
IE-0264-M544T-43.dw.png,IE-0264, 52.67    ,-7.83    ,2024,,Tipperary
IE-0264-M544T-67.dw.png,IE-0264, 52.67    ,-7.83    ,2024,,Tipperary
IE-0264-M544T-68.dw.png,IE-0264, 52.67    ,-7.83    ,2024,,Tipperary
IE-0264-M544T-7.dw.png,IE-0264, 52.67    ,-7.83    ,2024,,Tipperary
IE-0264-M544T-84.dw.png,IE-0264, 52.67    ,-7.83    ,2024,,Tipperary
IE-0265-M547T-136.dw.png,IE-0265, 52.67    ,-7.83    ,2024,,Tipperary
IE-0265-M547T-139.dw.png,IE-0265, 52.67    ,-7.83    ,2024,,Tipperary
IE-0265-M547T-142.dw.png,IE-0265, 52.67    ,-7.83    ,2024,,Tipperary
IE-0265-M547T-18.dw.png,IE-0265, 52.67    ,-7.83    ,2024,,Tipperary
IE-0265-M547T-21.dw.png,IE-0265, 52.67    ,-7.83    ,2024,,Tipperary
IE-0265-M547T-30.dw.png,IE-0265, 52.67    ,-7.83    ,2024,,Tipperary
IE-0265-M547T-47.dw.png,IE-0265, 52.67    ,-7.83    ,2024,,Tipperary
IE-0265-M547T-53.dw.png,IE-0265, 52.67    ,-7.83    ,2024,,Tipperary
IE-0265-M547T-55.dw.png,IE-0265, 52.67    ,-7.83    ,2024,,Tipperary
IE-0265-M547T-77.dw.png,IE-0265, 52.67    ,-7.83    ,2024,,Tipperary
IE-0265-M547T-80.dw.png,IE-0265, 52.67    ,-7.83    ,2024,,Tipperary
IE-0265-M547T-83.dw.png,IE-0265, 52.67    ,-7.83    ,2024,,Tipperary
IE-0266-M549T-18.dw.png,IE-0266, 52.67    ,-7.83    ,2024,,Tipperary
IE-0266-M549T-19.dw.png,IE-0266, 52.67    ,-7.83    ,2024,,Tipperary
IE-0266-M549T-37.dw.png,IE-0266, 52.67    ,-7.83    ,2024,,Tipperary
IE-0266-M549T-37x.dw.png,IE-0266, 52.67    ,-7.83    ,2024,,Tipperary
IE-0266-M549T-43.dw.png,IE-0266, 52.67    ,-7.83    ,2024,,Tipperary
IE-0266-M549T-46.dw.png,IE-0266, 52.67    ,-7.83    ,2024,,Tipperary
IE-0266-M549T-70.dw.png,IE-0266, 52.67    ,-7.83    ,2024,,Tipperary
IE-0266-M549T-72.dw.png,IE-0266, 52.67    ,-7.83    ,2024,,Tipperary
IE-0266-M549T-80.dw.png,IE-0266, 52.67    ,-7.83    ,2024,,Tipperary
IE-0266-M549T-89.dw.png,IE-0266, 52.67    ,-7.83    ,2024,,Tipperary
IE-0266-M549T-95.dw.png,IE-0266, 52.67    ,-7.83    ,2024,,Tipperary
IE-0266-M549T-96.dw.png,IE-0266, 52.67    ,-7.83    ,2024,,Tipperary
IE-0267-M558T-17.dw.png,IE-0267, 52.67    ,-7.83    ,2024,,Tipperary
IE-0267-M558T-18.dw.png,IE-0267, 52.67    ,-7.83    ,2024,,Tipperary
IE-0267-M558T-19.dw.png,IE-0267, 52.67    ,-7.83    ,2024,,Tipperary
IE-0267-M558T-42.dw.png,IE-0267, 52.67    ,-7.83    ,2024,,Tipperary
IE-0267-M558T-44.dw.png,IE-0267, 52.67    ,-7.83    ,2024,,Tipperary
IE-0267-M558T-49.dw.png,IE-0267, 52.67    ,-7.83    ,2024,,Tipperary
IE-0267-M558T-53.dw.png,IE-0267, 52.67    ,-7.83    ,2024,,Tipperary
IE-0267-M558T-54.dw.png,IE-0267, 52.67    ,-7.83    ,2024,,Tipperary
IE-0267-M558T-55.dw.png,IE-0267, 52.67    ,-7.83    ,2024,,Tipperary
IE-0267-M558T-75.dw.png,IE-0267, 52.67    ,-7.83    ,2024,,Tipperary
IE-0267-M558T-76.dw.png,IE-0267, 52.67    ,-7.83    ,2024,,Tipperary
IE-0267-M558T-78.dw.png,IE-0267, 52.67    ,-7.83    ,2024,,Tipperary
IE-0268-M560T-100.dw.png,IE-0268, 52.67    ,-7.83    ,2024,,Tipperary
IE-0268-M560T-101.dw.png,IE-0268, 52.67    ,-7.83    ,2024,,Tipperary
IE-0268-M560T-11.dw.png,IE-0268, 52.67    ,-7.83    ,2024,,Tipperary
IE-0268-M560T-119.dw.png,IE-0268, 52.67    ,-7.83    ,2024,,Tipperary
IE-0268-M560T-12.dw.png,IE-0268, 52.67    ,-7.83    ,2024,,Tipperary
IE-0268-M560T-13.dw.png,IE-0268, 52.67    ,-7.83    ,2024,,Tipperary
IE-0268-M560T-37.dw.png,IE-0268, 52.67    ,-7.83    ,2024,,Tipperary
IE-0268-M560T-39.dw.png,IE-0268, 52.67    ,-7.83    ,2024,,Tipperary
IE-0268-M560T-40.dw.png,IE-0268, 52.67    ,-7.83    ,2024,,Tipperary
IE-0268-M560T-61.dw.png,IE-0268, 52.67    ,-7.83    ,2024,,Tipperary
IE-0268-M560T-67.dw.png,IE-0268, 52.67    ,-7.83    ,2024,,Tipperary
IE-0268-M560T-77.dw.png,IE-0268, 52.67    ,-7.83    ,2024,,Tipperary
IE-0269-M561T-101.dw.png,IE-0269, 52.67    ,-7.83    ,2024,,Tipperary
IE-0269-M561T-109.dw.png,IE-0269, 52.67    ,-7.83    ,2024,,Tipperary
IE-0269-M561T-13.dw.png,IE-0269, 52.67    ,-7.83    ,2024,,Tipperary
IE-0269-M561T-16.dw.png,IE-0269, 52.67    ,-7.83    ,2024,,Tipperary
IE-0269-M561T-18.dw.png,IE-0269, 52.67    ,-7.83    ,2024,,Tipperary
IE-0269-M561T-38.dw.png,IE-0269, 52.67    ,-7.83    ,2024,,Tipperary
IE-0269-M561T-41.dw.png,IE-0269, 52.67    ,-7.83    ,2024,,Tipperary
IE-0269-M561T-44.dw.png,IE-0269, 52.67    ,-7.83    ,2024,,Tipperary
IE-0269-M561T-56.dw.png,IE-0269, 52.67    ,-7.83    ,2024,,Tipperary
IE-0269-M561T-69.dw.png,IE-0269, 52.67    ,-7.83    ,2024,,Tipperary
IE-0269-M561T-70.dw.png,IE-0269, 52.67    ,-7.83    ,2024,,Tipperary
IE-0269-M561T-94.dw.png,IE-0269, 52.67    ,-7.83    ,2024,,Tipperary
IE-0270-M562T-10.dw.png,IE-0270, 52.67    ,-7.83    ,2024,,Tipperary
IE-0270-M562T-13.dw.png,IE-0270, 52.67    ,-7.83    ,2024,,Tipperary
IE-0270-M562T-15.dw.png,IE-0270, 52.67    ,-7.83    ,2024,,Tipperary
IE-0270-M562T-36.dw.png,IE-0270, 52.67    ,-7.83    ,2024,,Tipperary
IE-0270-M562T-37.dw.png,IE-0270, 52.67    ,-7.83    ,2024,,Tipperary
IE-0270-M562T-46.dw.png,IE-0270, 52.67    ,-7.83    ,2024,,Tipperary
IE-0270-M562T-57.dw.png,IE-0270, 52.67    ,-7.83    ,2024,,Tipperary
IE-0270-M562T-59.dw.png,IE-0270, 52.67    ,-7.83    ,2024,,Tipperary
IE-0270-M562T-60.dw.png,IE-0270, 52.67    ,-7.83    ,2024,,Tipperary
IE-0270-M562T-75.dw.png,IE-0270, 52.67    ,-7.83    ,2024,,Tipperary
IE-0270-M562T-76.dw.png,IE-0270, 52.67    ,-7.83    ,2024,,Tipperary
IE-0270-M562T-92.dw.png,IE-0270, 52.67    ,-7.83    ,2024,,Tipperary
IE-0271-M570T-14.dw.png,IE-0271, 52.67    ,-7.83    ,2024,,Tipperary
IE-0271-M570T-15.dw.png,IE-0271, 52.67    ,-7.83    ,2024,,Tipperary
IE-0271-M570T-17.dw.png,IE-0271, 52.67    ,-7.83    ,2024,,Tipperary
IE-0271-M570T-30.dw.png,IE-0271, 52.67    ,-7.83    ,2024,,Tipperary
IE-0271-M570T-34.dw.png,IE-0271, 52.67    ,-7.83    ,2024,,Tipperary
IE-0271-M570T-35.dw.png,IE-0271, 52.67    ,-7.83    ,2024,,Tipperary
IE-0271-M570T-43.dw.png,IE-0271, 52.67    ,-7.83    ,2024,,Tipperary
IE-0271-M570T-44.dw.png,IE-0271, 52.67    ,-7.83    ,2024,,Tipperary
IE-0271-M570T-46.dw.png,IE-0271, 52.67    ,-7.83    ,2024,,Tipperary
IE-0271-M570T-63.dw.png,IE-0271, 52.67    ,-7.83    ,2024,,Tipperary
IE-0271-M570T-74.dw.png,IE-0271, 52.67    ,-7.83    ,2024,,Tipperary
IE-0271-M570T-75.dw.png,IE-0271, 52.67    ,-7.83    ,2024,,Tipperary
IE-0272-M571T-103.dw.png,IE-0272, 52.67    ,-7.83    ,2024,,Tipperary
IE-0272-M571T-104.dw.png,IE-0272, 52.67    ,-7.83    ,2024,,Tipperary
IE-0272-M571T-11.dw.png,IE-0272, 52.67    ,-7.83    ,2024,,Tipperary
IE-0272-M571T-14.dw.png,IE-0272, 52.67    ,-7.83    ,2024,,Tipperary
IE-0272-M571T-33.dw.png,IE-0272, 52.67    ,-7.83    ,2024,,Tipperary
IE-0272-M571T-39.dw.png,IE-0272, 52.67    ,-7.83    ,2024,,Tipperary
IE-0272-M571T-40.dw.png,IE-0272, 52.67    ,-7.83    ,2024,,Tipperary
IE-0272-M571T-58.dw.png,IE-0272, 52.67    ,-7.83    ,2024,,Tipperary
IE-0272-M571T-59.dw.png,IE-0272, 52.67    ,-7.83    ,2024,,Tipperary
IE-0272-M571T-62.dw.png,IE-0272, 52.67    ,-7.83    ,2024,,Tipperary
IE-0272-M571T-8.dw.png,IE-0272, 52.67    ,-7.83    ,2024,,Tipperary
IE-0272-M571T-93.dw.png,IE-0272, 52.67    ,-7.83    ,2024,,Tipperary
IE-0273-M636WW-11.dw.png,IE-0273, 53.00    ,-6.42    ,2024,,Wicklow
IE-0273-M636WW-12.dw.png,IE-0273, 53.00    ,-6.42    ,2024,,Wicklow
IE-0273-M636WW-16.dw.png,IE-0273, 53.00    ,-6.42    ,2024,,Wicklow
IE-0273-M636WW-30.dw.png,IE-0273, 53.00    ,-6.42    ,2024,,Wicklow
IE-0273-M636WW-31.dw.png,IE-0273, 53.00    ,-6.42    ,2024,,Wicklow
IE-0273-M636WW-32.dw.png,IE-0273, 53.00    ,-6.42    ,2024,,Wicklow
IE-0273-M636WW-51.dw.png,IE-0273, 53.00    ,-6.42    ,2024,,Wicklow
IE-0273-M636WW-52.dw.png,IE-0273, 53.00    ,-6.42    ,2024,,Wicklow
IE-0273-M636WW-56.dw.png,IE-0273, 53.00    ,-6.42    ,2024,,Wicklow
IE-0273-M636WW-71.dw.png,IE-0273, 53.00    ,-6.42    ,2024,,Wicklow
IE-0273-M636WW-72.dw.png,IE-0273, 53.00    ,-6.42    ,2024,,Wicklow
IE-0273-M636WW-79.dw.png,IE-0273, 53.00    ,-6.42    ,2024,,Wicklow
IE-0274-M643T-106.dw.png,IE-0274, 52.67    ,-7.83    ,2024,,Tipperary
IE-0274-M643T-107.dw.png,IE-0274, 52.67    ,-7.83    ,2024,,Tipperary
IE-0274-M643T-108.dw.png,IE-0274, 52.67    ,-7.83    ,2024,,Tipperary
IE-0274-M643T-126.dw.png,IE-0274, 52.67    ,-7.83    ,2024,,Tipperary
IE-0274-M643T-128.dw.png,IE-0274, 52.67    ,-7.83    ,2024,,Tipperary
IE-0274-M643T-130.dw.png,IE-0274, 52.67    ,-7.83    ,2024,,Tipperary
IE-0274-M643T-23.dw.png,IE-0274, 52.67    ,-7.83    ,2024,,Tipperary
IE-0274-M643T-24.dw.png,IE-0274, 52.67    ,-7.83    ,2024,,Tipperary
IE-0274-M643T-27.dw.png,IE-0274, 52.67    ,-7.83    ,2024,,Tipperary
IE-0274-M643T-65.dw.png,IE-0274, 52.67    ,-7.83    ,2024,,Tipperary
IE-0274-M643T-69.dw.png,IE-0274, 52.67    ,-7.83    ,2024,,Tipperary
IE-0274-M643T-70.dw.png,IE-0274, 52.67    ,-7.83    ,2024,,Tipperary
IE-0275-M646T-20.dw.png,IE-0275, 53.75    ,-8.25    ,2024,,Roscommon
IE-0275-M646T-21.dw.png,IE-0275, 53.75    ,-8.25    ,2024,,Roscommon
IE-0275-M646T-36.dw.png,IE-0275, 53.75    ,-8.25    ,2024,,Roscommon
IE-0275-M646T-4.dw.png,IE-0275, 53.75    ,-8.25    ,2024,,Roscommon
IE-0275-M646T-40.dw.png,IE-0275, 53.75    ,-8.25    ,2024,,Roscommon
IE-0275-M646T-42.dw.png,IE-0275, 53.75    ,-8.25    ,2024,,Roscommon
IE-0275-M646T-45.dw.png,IE-0275, 53.75    ,-8.25    ,2024,,Roscommon
IE-0275-M646T-62.dw.png,IE-0275, 53.75    ,-8.25    ,2024,,Roscommon
IE-0275-M646T-66.dw.png,IE-0275, 53.75    ,-8.25    ,2024,,Roscommon
IE-0275-M646T-7.dw.png,IE-0275, 53.75    ,-8.25    ,2024,,Roscommon
IE-0275-M646T-74.dw.png,IE-0275, 53.75    ,-8.25    ,2024,,Roscommon
IE-0275-M646T-8.dw.png,IE-0275, 53.75    ,-8.25    ,2024,,Roscommon
IE-0276-M647T-10.dw.png,IE-0276, 53.75    ,-8.25    ,2024,,Roscommon
IE-0276-M647T-13.dw.png,IE-0276, 53.75    ,-8.25    ,2024,,Roscommon
IE-0276-M647T-23.dw.png,IE-0276, 53.75    ,-8.25    ,2024,,Roscommon
IE-0276-M647T-34.dw.png,IE-0276, 53.75    ,-8.25    ,2024,,Roscommon
IE-0276-M647T-35.dw.png,IE-0276, 53.75    ,-8.25    ,2024,,Roscommon
IE-0276-M647T-49.dw.png,IE-0276, 53.75    ,-8.25    ,2024,,Roscommon
IE-0276-M647T-54.dw.png,IE-0276, 53.75    ,-8.25    ,2024,,Roscommon
IE-0276-M647T-56.dw.png,IE-0276, 53.75    ,-8.25    ,2024,,Roscommon
IE-0276-M647T-69.dw.png,IE-0276, 53.75    ,-8.25    ,2024,,Roscommon
IE-0276-M647T-70.dw.png,IE-0276, 53.75    ,-8.25    ,2024,,Roscommon
IE-0276-M647T-71.dw.png,IE-0276, 53.75    ,-8.25    ,2024,,Roscommon
IE-0276-M647T-9.dw.png,IE-0276, 53.75    ,-8.25    ,2024,,Roscommon
IE-0277-M648T-10.dw.png,IE-0277, 53.75    ,-8.25    ,2024,,Roscommon
IE-0277-M648T-13.dw.png,IE-0277, 53.75    ,-8.25    ,2024,,Roscommon
IE-0277-M648T-16.dw.png,IE-0277, 53.75    ,-8.25    ,2024,,Roscommon
IE-0277-M648T-28.dw.png,IE-0277, 53.75    ,-8.25    ,2024,,Roscommon
IE-0277-M648T-32.dw.png,IE-0277, 53.75    ,-8.25    ,2024,,Roscommon
IE-0277-M648T-37.dw.png,IE-0277, 53.75    ,-8.25    ,2024,,Roscommon
IE-0277-M648T-43.dw.png,IE-0277, 53.75    ,-8.25    ,2024,,Roscommon
IE-0277-M648T-44.dw.png,IE-0277, 53.75    ,-8.25    ,2024,,Roscommon
IE-0277-M648T-46.dw.png,IE-0277, 53.75    ,-8.25    ,2024,,Roscommon
IE-0277-M648T-54.dw.png,IE-0277, 53.75    ,-8.25    ,2024,,Roscommon
IE-0277-M648T-59.dw.png,IE-0277, 53.75    ,-8.25    ,2024,,Roscommon
IE-0277-M648T-60.dw.png,IE-0277, 53.75    ,-8.25    ,2024,,Roscommon
IE-0278-M649T-110.dw.png,IE-0278, 53.75    ,-8.25    ,2024,,Roscommon
IE-0278-M649T-115.dw.png,IE-0278, 53.75    ,-8.25    ,2024,,Roscommon
IE-0278-M649T-117.dw.png,IE-0278, 53.75    ,-8.25    ,2024,,Roscommon
IE-0278-M649T-14.dw.png,IE-0278, 53.75    ,-8.25    ,2024,,Roscommon
IE-0278-M649T-21.dw.png,IE-0278, 53.75    ,-8.25    ,2024,,Roscommon
IE-0278-M649T-24.dw.png,IE-0278, 53.75    ,-8.25    ,2024,,Roscommon
IE-0278-M649T-39.dw.png,IE-0278, 53.75    ,-8.25    ,2024,,Roscommon
IE-0278-M649T-43.dw.png,IE-0278, 53.75    ,-8.25    ,2024,,Roscommon
IE-0278-M649T-47.dw.png,IE-0278, 53.75    ,-8.25    ,2024,,Roscommon
IE-0278-M649T-64.dw.png,IE-0278, 53.75    ,-8.25    ,2024,,Roscommon
IE-0278-M649T-68.dw.png,IE-0278, 53.75    ,-8.25    ,2024,,Roscommon
IE-0278-M649T-71.dw.png,IE-0278, 53.75    ,-8.25    ,2024,,Roscommon
IE-0279-M650T-103.dw.png,IE-0279, 53.75    ,-8.25    ,2024,,Roscommon
IE-0279-M650T-12.dw.png,IE-0279, 53.75    ,-8.25    ,2024,,Roscommon
IE-0279-M650T-14.dw.png,IE-0279, 53.75    ,-8.25    ,2024,,Roscommon
IE-0279-M650T-20.dw.png,IE-0279, 53.75    ,-8.25    ,2024,,Roscommon
IE-0279-M650T-22.dw.png,IE-0279, 53.75    ,-8.25    ,2024,,Roscommon
IE-0279-M650T-39.dw.png,IE-0279, 53.75    ,-8.25    ,2024,,Roscommon
IE-0279-M650T-44.dw.png,IE-0279, 53.75    ,-8.25    ,2024,,Roscommon
IE-0279-M650T-45.dw.png,IE-0279, 53.75    ,-8.25    ,2024,,Roscommon
IE-0279-M650T-48.dw.png,IE-0279, 53.75    ,-8.25    ,2024,,Roscommon
IE-0279-M650T-72.dw.png,IE-0279, 53.75    ,-8.25    ,2024,,Roscommon
IE-0279-M650T-9.dw.png,IE-0279, 53.75    ,-8.25    ,2024,,Roscommon
IE-0279-M650T-93.dw.png,IE-0279, 53.75    ,-8.25    ,2024,,Roscommon
IE-0280-M651T-13.dw.png,IE-0280, 53.75    ,-8.25    ,2024,,Roscommon
IE-0280-M651T-24.dw.png,IE-0280, 53.75    ,-8.25    ,2024,,Roscommon
IE-0280-M651T-34.dw.png,IE-0280, 53.75    ,-8.25    ,2024,,Roscommon
IE-0280-M651T-40.dw.png,IE-0280, 53.75    ,-8.25    ,2024,,Roscommon
IE-0280-M651T-49.dw.png,IE-0280, 53.75    ,-8.25    ,2024,,Roscommon
IE-0280-M651T-59.dw.png,IE-0280, 53.75    ,-8.25    ,2024,,Roscommon
IE-0280-M651T-66.dw.png,IE-0280, 53.75    ,-8.25    ,2024,,Roscommon
IE-0280-M651T-70.dw.png,IE-0280, 53.75    ,-8.25    ,2024,,Roscommon
IE-0280-M651T-8.dw.png,IE-0280, 53.75    ,-8.25    ,2024,,Roscommon
IE-0280-M651T-91.dw.png,IE-0280, 53.75    ,-8.25    ,2024,,Roscommon
IE-0280-M651T-94.dw.png,IE-0280, 53.75    ,-8.25    ,2024,,Roscommon
IE-0280-M651T-95.dw.png,IE-0280, 53.75    ,-8.25    ,2024,,Roscommon
IE-0281-M653T-126.dw.png,IE-0281, 52.67    ,-7.83    ,2024,,Tipperary
IE-0281-M653T-130.dw.png,IE-0281, 52.67    ,-7.83    ,2024,,Tipperary
IE-0281-M653T-138.dw.png,IE-0281, 52.67    ,-7.83    ,2024,,Tipperary
IE-0281-M653T-32.dw.png,IE-0281, 52.67    ,-7.83    ,2024,,Tipperary
IE-0281-M653T-33.dw.png,IE-0281, 52.67    ,-7.83    ,2024,,Tipperary
IE-0281-M653T-35.dw.png,IE-0281, 52.67    ,-7.83    ,2024,,Tipperary
IE-0281-M653T-60.dw.png,IE-0281, 52.67    ,-7.83    ,2024,,Tipperary
IE-0281-M653T-63.dw.png,IE-0281, 52.67    ,-7.83    ,2024,,Tipperary
IE-0281-M653T-69.dw.png,IE-0281, 52.67    ,-7.83    ,2024,,Tipperary
IE-0281-M653T-92.dw.png,IE-0281, 52.67    ,-7.83    ,2024,,Tipperary
IE-0281-M653T-96.dw.png,IE-0281, 52.67    ,-7.83    ,2024,,Tipperary
IE-0281-M653T-97.dw.png,IE-0281, 52.67    ,-7.83    ,2024,,Tipperary
IE-0282-M655-1.dw.png,IE-0282, 52.50    ,-8.75    ,2024,,Limerick
IE-0282-M655-10.dw.png,IE-0282, 52.50    ,-8.75    ,2024,,Limerick
IE-0282-M655-11.dw.png,IE-0282, 52.50    ,-8.75    ,2024,,Limerick
IE-0282-M655-12.dw.png,IE-0282, 52.50    ,-8.75    ,2024,,Limerick
IE-0282-M655-2.dw.png,IE-0282, 52.50    ,-8.75    ,2024,,Limerick
IE-0282-M655-3.dw.png,IE-0282, 52.50    ,-8.75    ,2024,,Limerick
IE-0282-M655-4.dw.png,IE-0282, 52.50    ,-8.75    ,2024,,Limerick
IE-0282-M655-6.dw.png,IE-0282, 52.50    ,-8.75    ,2024,,Limerick
IE-0282-M655-7.dw.png,IE-0282, 52.50    ,-8.75    ,2024,,Limerick
IE-0282-M655-8.dw.png,IE-0282, 52.50    ,-8.75    ,2024,,Limerick
IE-0282-M655-9.dw.png,IE-0282, 52.50    ,-8.75    ,2024,,Limerick
IE-0283-M656-1.dw.png,IE-0283, 53.67    ,-6.67    ,2024,,Meath
IE-0283-M656-10.dw.png,IE-0283, 53.67    ,-6.67    ,2024,,Meath
IE-0283-M656-11.dw.png,IE-0283, 53.67    ,-6.67    ,2024,,Meath
IE-0283-M656-12.dw.png,IE-0283, 53.67    ,-6.67    ,2024,,Meath
IE-0283-M656-2.dw.png,IE-0283, 53.67    ,-6.67    ,2024,,Meath
IE-0283-M656-3.dw.png,IE-0283, 53.67    ,-6.67    ,2024,,Meath
IE-0283-M656-4.dw.png,IE-0283, 53.67    ,-6.67    ,2024,,Meath
IE-0283-M656-5.dw.png,IE-0283, 53.67    ,-6.67    ,2024,,Meath
IE-0283-M656-6.dw.png,IE-0283, 53.67    ,-6.67    ,2024,,Meath
IE-0283-M656-7.dw.png,IE-0283, 53.67    ,-6.67    ,2024,,Meath
IE-0283-M656-8.dw.png,IE-0283, 53.67    ,-6.67    ,2024,,Meath
IE-0283-M656-9.dw.png,IE-0283, 53.67    ,-6.67    ,2024,,Meath
IE-0284-M657-1.dw.png,IE-0284, 53.42    ,-6.25    ,2024,,Dublin
IE-0284-M657-10.dw.png,IE-0284, 53.42    ,-6.25    ,2024,,Dublin
IE-0284-M657-11.dw.png,IE-0284, 53.42    ,-6.25    ,2024,,Dublin
IE-0284-M657-12.dw.png,IE-0284, 53.42    ,-6.25    ,2024,,Dublin
IE-0284-M657-2.dw.png,IE-0284, 53.42    ,-6.25    ,2024,,Dublin
IE-0284-M657-3.dw.png,IE-0284, 53.42    ,-6.25    ,2024,,Dublin
IE-0284-M657-4.dw.png,IE-0284, 53.42    ,-6.25    ,2024,,Dublin
IE-0284-M657-5.dw.png,IE-0284, 53.42    ,-6.25    ,2024,,Dublin
IE-0284-M657-6.dw.png,IE-0284, 53.42    ,-6.25    ,2024,,Dublin
IE-0284-M657-7.dw.png,IE-0284, 53.42    ,-6.25    ,2024,,Dublin
IE-0284-M657-8.dw.png,IE-0284, 53.42    ,-6.25    ,2024,,Dublin
IE-0284-M657-9.dw.png,IE-0284, 53.42    ,-6.25    ,2024,,Dublin
IE-0285-M658-1.dw.png,IE-0285, 52.50    ,-8.75    ,2024,,Limerick
IE-0285-M658-10.dw.png,IE-0285, 52.50    ,-8.75    ,2024,,Limerick
IE-0285-M658-11.dw.png,IE-0285, 52.50    ,-8.75    ,2024,,Limerick
IE-0285-M658-12.dw.png,IE-0285, 52.50    ,-8.75    ,2024,,Limerick
IE-0285-M658-2.dw.png,IE-0285, 52.50    ,-8.75    ,2024,,Limerick
IE-0285-M658-3.dw.png,IE-0285, 52.50    ,-8.75    ,2024,,Limerick
IE-0285-M658-4.dw.png,IE-0285, 52.50    ,-8.75    ,2024,,Limerick
IE-0285-M658-5.dw.png,IE-0285, 52.50    ,-8.75    ,2024,,Limerick
IE-0285-M658-6.dw.png,IE-0285, 52.50    ,-8.75    ,2024,,Limerick
IE-0285-M658-7.dw.png,IE-0285, 52.50    ,-8.75    ,2024,,Limerick
IE-0285-M658-8.dw.png,IE-0285, 52.50    ,-8.75    ,2024,,Limerick
IE-0285-M658-9.dw.png,IE-0285, 52.50    ,-8.75    ,2024,,Limerick
IE-0286-M659-10.dw.png,IE-0286, 52.50    ,-8.75    ,2024,,Limerick
IE-0286-M659-104.dw.png,IE-0286, 52.50    ,-8.75    ,2024,,Limerick
IE-0286-M659-106.dw.png,IE-0286, 52.50    ,-8.75    ,2024,,Limerick
IE-0286-M659-13.dw.png,IE-0286, 52.50    ,-8.75    ,2024,,Limerick
IE-0286-M659-37.dw.png,IE-0286, 52.50    ,-8.75    ,2024,,Limerick
IE-0286-M659-46.dw.png,IE-0286, 52.50    ,-8.75    ,2024,,Limerick
IE-0286-M659-51.dw.png,IE-0286, 52.50    ,-8.75    ,2024,,Limerick
IE-0286-M659-64.dw.png,IE-0286, 52.50    ,-8.75    ,2024,,Limerick
IE-0286-M659-7.dw.png,IE-0286, 52.50    ,-8.75    ,2024,,Limerick
IE-0286-M659-76.dw.png,IE-0286, 52.50    ,-8.75    ,2024,,Limerick
IE-0286-M659-99.dw.png,IE-0286, 52.50    ,-8.75    ,2024,,Limerick
IE-0286-M659-99x.dw.png,IE-0286, 52.50    ,-8.75    ,2024,,Limerick
IE-0287-M660-10.dw.png,IE-0287, 52.50    ,-8.75    ,2024,,Limerick
IE-0287-M660-11.dw.png,IE-0287, 52.50    ,-8.75    ,2024,,Limerick
IE-0287-M660-21.dw.png,IE-0287, 52.50    ,-8.75    ,2024,,Limerick
IE-0287-M660-29.dw.png,IE-0287, 52.50    ,-8.75    ,2024,,Limerick
IE-0287-M660-30.dw.png,IE-0287, 52.50    ,-8.75    ,2024,,Limerick
IE-0287-M660-50.dw.png,IE-0287, 52.50    ,-8.75    ,2024,,Limerick
IE-0287-M660-51.dw.png,IE-0287, 52.50    ,-8.75    ,2024,,Limerick
IE-0287-M660-52.dw.png,IE-0287, 52.50    ,-8.75    ,2024,,Limerick
IE-0287-M660-65.dw.png,IE-0287, 52.50    ,-8.75    ,2024,,Limerick
IE-0287-M660-75.dw.png,IE-0287, 52.50    ,-8.75    ,2024,,Limerick
IE-0287-M660-76.dw.png,IE-0287, 52.50    ,-8.75    ,2024,,Limerick
IE-0287-M660-8.dw.png,IE-0287, 52.50    ,-8.75    ,2024,,Limerick
IE-0288-M661-10.dw.png,IE-0288, 53.42    ,-6.25    ,2024,,Dublin
IE-0288-M661-11.dw.png,IE-0288, 53.42    ,-6.25    ,2024,,Dublin
IE-0288-M661-13.dw.png,IE-0288, 53.42    ,-6.25    ,2024,,Dublin
IE-0288-M661-25.dw.png,IE-0288, 53.42    ,-6.25    ,2024,,Dublin
IE-0288-M661-33.dw.png,IE-0288, 53.42    ,-6.25    ,2024,,Dublin
IE-0288-M661-35.dw.png,IE-0288, 53.42    ,-6.25    ,2024,,Dublin
IE-0288-M661-43.dw.png,IE-0288, 53.42    ,-6.25    ,2024,,Dublin
IE-0288-M661-44.dw.png,IE-0288, 53.42    ,-6.25    ,2024,,Dublin
IE-0288-M661-46.dw.png,IE-0288, 53.42    ,-6.25    ,2024,,Dublin
IE-0288-M661-56.dw.png,IE-0288, 53.42    ,-6.25    ,2024,,Dublin
IE-0288-M661-58.dw.png,IE-0288, 53.42    ,-6.25    ,2024,,Dublin
IE-0288-M661-59.dw.png,IE-0288, 53.42    ,-6.25    ,2024,,Dublin
IE-0289-M662-11.dw.png,IE-0289, 52.67    ,-7.83    ,2024,,Tipperary
IE-0289-M662-12.dw.png,IE-0289, 52.67    ,-7.83    ,2024,,Tipperary
IE-0289-M662-13.dw.png,IE-0289, 52.67    ,-7.83    ,2024,,Tipperary
IE-0289-M662-26.dw.png,IE-0289, 52.67    ,-7.83    ,2024,,Tipperary
IE-0289-M662-28.dw.png,IE-0289, 52.67    ,-7.83    ,2024,,Tipperary
IE-0289-M662-29.dw.png,IE-0289, 52.67    ,-7.83    ,2024,,Tipperary
IE-0289-M662-38.dw.png,IE-0289, 52.67    ,-7.83    ,2024,,Tipperary
IE-0289-M662-42.dw.png,IE-0289, 52.67    ,-7.83    ,2024,,Tipperary
IE-0289-M662-45.dw.png,IE-0289, 52.67    ,-7.83    ,2024,,Tipperary
IE-0289-M662-51.dw.png,IE-0289, 52.67    ,-7.83    ,2024,,Tipperary
IE-0289-M662-53.dw.png,IE-0289, 52.67    ,-7.83    ,2024,,Tipperary
IE-0289-M662-55.dw.png,IE-0289, 52.67    ,-7.83    ,2024,,Tipperary
IE-0290-M663-13.dw.png,IE-0290, 53.00    ,-8.00    ,2024,,Unknown
IE-0290-M663-17.dw.png,IE-0290, 53.00    ,-8.00    ,2024,,Unknown
IE-0290-M663-18.dw.png,IE-0290, 53.00    ,-8.00    ,2024,,Unknown
IE-0290-M663-30.dw.png,IE-0290, 53.00    ,-8.00    ,2024,,Unknown
IE-0290-M663-31.dw.png,IE-0290, 53.00    ,-8.00    ,2024,,Unknown
IE-0290-M663-33.dw.png,IE-0290, 53.00    ,-8.00    ,2024,,Unknown
IE-0290-M663-40.dw.png,IE-0290, 53.00    ,-8.00    ,2024,,Unknown
IE-0290-M663-48.dw.png,IE-0290, 53.00    ,-8.00    ,2024,,Unknown
IE-0290-M663-54.dw.png,IE-0290, 53.00    ,-8.00    ,2024,,Unknown
IE-0290-M663-60.dw.png,IE-0290, 53.00    ,-8.00    ,2024,,Unknown
IE-0290-M663-68.dw.png,IE-0290, 53.00    ,-8.00    ,2024,,Unknown
IE-0290-M663-74.dw.png,IE-0290, 53.00    ,-8.00    ,2024,,Unknown
IE-0291-M664-113.dw.png,IE-0291, 53.83    ,-6.50    ,2024,,Louth
IE-0291-M664-116.dw.png,IE-0291, 53.83    ,-6.50    ,2024,,Louth
IE-0291-M664-18.dw.png,IE-0291, 53.83    ,-6.50    ,2024,,Louth
IE-0291-M664-21.dw.png,IE-0291, 53.83    ,-6.50    ,2024,,Louth
IE-0291-M664-30.dw.png,IE-0291, 53.83    ,-6.50    ,2024,,Louth
IE-0291-M664-43.dw.png,IE-0291, 53.83    ,-6.50    ,2024,,Louth
IE-0291-M664-55.dw.png,IE-0291, 53.83    ,-6.50    ,2024,,Louth
IE-0291-M664-59.dw.png,IE-0291, 53.83    ,-6.50    ,2024,,Louth
IE-0291-M664-76.dw.png,IE-0291, 53.83    ,-6.50    ,2024,,Louth
IE-0291-M664-80.dw.png,IE-0291, 53.83    ,-6.50    ,2024,,Louth
IE-0291-M664-84.dw.png,IE-0291, 53.83    ,-6.50    ,2024,,Louth
IE-0292-M665-108.dw.png,IE-0292, 53.00    ,-8.00    ,2024,,Unknown
IE-0292-M665-118.dw.png,IE-0292, 53.00    ,-8.00    ,2024,,Unknown
IE-0292-M665-121.dw.png,IE-0292, 53.00    ,-8.00    ,2024,,Unknown
IE-0292-M665-151.dw.png,IE-0292, 53.00    ,-8.00    ,2024,,Unknown
IE-0292-M665-155.dw.png,IE-0292, 53.00    ,-8.00    ,2024,,Unknown
IE-0292-M665-157.dw.png,IE-0292, 53.00    ,-8.00    ,2024,,Unknown
IE-0292-M665-48.dw.png,IE-0292, 53.00    ,-8.00    ,2024,,Unknown
IE-0292-M665-49.dw.png,IE-0292, 53.00    ,-8.00    ,2024,,Unknown
IE-0292-M665-73.dw.png,IE-0292, 53.00    ,-8.00    ,2024,,Unknown
IE-0292-M665-73x.dw.png,IE-0292, 53.00    ,-8.00    ,2024,,Unknown
IE-0292-M665-78.dw.png,IE-0292, 53.00    ,-8.00    ,2024,,Unknown
IE-0292-M665-91.dw.png,IE-0292, 53.00    ,-8.00    ,2024,,Unknown
IE-0293-M666-48.dw.png,IE-0293, 53.00    ,-8.00    ,2024,,Unknown
IE-0293-M666-52.dw.png,IE-0293, 53.00    ,-8.00    ,2024,,Unknown
IE-0293-M666-53.dw.png,IE-0293, 53.00    ,-8.00    ,2024,,Unknown
IE-0293-M666-61.dw.png,IE-0293, 53.00    ,-8.00    ,2024,,Unknown
IE-0293-M666-74.dw.png,IE-0293, 53.00    ,-8.00    ,2024,,Unknown
IE-0293-M666-75.dw.png,IE-0293, 53.00    ,-8.00    ,2024,,Unknown
IE-0293-M666-77.dw.png,IE-0293, 53.00    ,-8.00    ,2024,,Unknown
IE-0293-M666-78.dw.png,IE-0293, 53.00    ,-8.00    ,2024,,Unknown
IE-0293-M666-79.dw.png,IE-0293, 53.00    ,-8.00    ,2024,,Unknown
IE-0293-M666-91.dw.png,IE-0293, 53.00    ,-8.00    ,2024,,Unknown
IE-0293-M666-92.dw.png,IE-0293, 53.00    ,-8.00    ,2024,,Unknown
IE-0293-M666-95.dw.png,IE-0293, 53.00    ,-8.00    ,2024,,Unknown
IE-0294-M669-15.dw.png,IE-0294, 52.50    ,-8.75    ,2024,,Limerick
IE-0294-M669-16.dw.png,IE-0294, 52.50    ,-8.75    ,2024,,Limerick
IE-0294-M669-17.dw.png,IE-0294, 52.50    ,-8.75    ,2024,,Limerick
IE-0294-M669-31.dw.png,IE-0294, 52.50    ,-8.75    ,2024,,Limerick
IE-0294-M669-32.dw.png,IE-0294, 52.50    ,-8.75    ,2024,,Limerick
IE-0294-M669-34.dw.png,IE-0294, 52.50    ,-8.75    ,2024,,Limerick
IE-0294-M669-41.dw.png,IE-0294, 52.50    ,-8.75    ,2024,,Limerick
IE-0294-M669-44.dw.png,IE-0294, 52.50    ,-8.75    ,2024,,Limerick
IE-0294-M669-56.dw.png,IE-0294, 52.50    ,-8.75    ,2024,,Limerick
IE-0294-M669-56x.dw.png,IE-0294, 52.50    ,-8.75    ,2024,,Limerick
IE-0294-M669-57.dw.png,IE-0294, 52.50    ,-8.75    ,2024,,Limerick
IE-0294-M669-72.dw.png,IE-0294, 52.50    ,-8.75    ,2024,,Limerick
IE-0295-M670-19.dw.png,IE-0295, 52.50    ,-8.75    ,2024,,Limerick
IE-0295-M670-21.dw.png,IE-0295, 52.50    ,-8.75    ,2024,,Limerick
IE-0295-M670-24.dw.png,IE-0295, 52.50    ,-8.75    ,2024,,Limerick
IE-0295-M670-33.dw.png,IE-0295, 52.50    ,-8.75    ,2024,,Limerick
IE-0295-M670-37.dw.png,IE-0295, 52.50    ,-8.75    ,2024,,Limerick
IE-0295-M670-41.dw.png,IE-0295, 52.50    ,-8.75    ,2024,,Limerick
IE-0295-M670-55.dw.png,IE-0295, 52.50    ,-8.75    ,2024,,Limerick
IE-0295-M670-58.dw.png,IE-0295, 52.50    ,-8.75    ,2024,,Limerick
IE-0295-M670-59.dw.png,IE-0295, 52.50    ,-8.75    ,2024,,Limerick
IE-0295-M670-86.dw.png,IE-0295, 52.50    ,-8.75    ,2024,,Limerick
IE-0295-M670-94.dw.png,IE-0295, 52.50    ,-8.75    ,2024,,Limerick
IE-0295-M670-95.dw.png,IE-0295, 52.50    ,-8.75    ,2024,,Limerick
IE-0296-M672-15.dw.png,IE-0296, 52.50    ,-8.75    ,2024,,Limerick
IE-0296-M672-16.dw.png,IE-0296, 52.50    ,-8.75    ,2024,,Limerick
IE-0296-M672-19.dw.png,IE-0296, 52.50    ,-8.75    ,2024,,Limerick
IE-0296-M672-27.dw.png,IE-0296, 52.50    ,-8.75    ,2024,,Limerick
IE-0296-M672-31.dw.png,IE-0296, 52.50    ,-8.75    ,2024,,Limerick
IE-0296-M672-35.dw.png,IE-0296, 52.50    ,-8.75    ,2024,,Limerick
IE-0296-M672-43.dw.png,IE-0296, 52.50    ,-8.75    ,2024,,Limerick
IE-0296-M672-46.dw.png,IE-0296, 52.50    ,-8.75    ,2024,,Limerick
IE-0296-M672-47.dw.png,IE-0296, 52.50    ,-8.75    ,2024,,Limerick
IE-0296-M672-62.dw.png,IE-0296, 52.50    ,-8.75    ,2024,,Limerick
IE-0296-M672-64.dw.png,IE-0296, 52.50    ,-8.75    ,2024,,Limerick
IE-0296-M672-67.dw.png,IE-0296, 52.50    ,-8.75    ,2024,,Limerick
IE-0297-M674-0.dw.png,IE-0297, 53.42    ,-6.25    ,2024,,Dublin
IE-0297-M674-18.dw.png,IE-0297, 53.42    ,-6.25    ,2024,,Dublin
IE-0297-M674-21.dw.png,IE-0297, 53.42    ,-6.25    ,2024,,Dublin
IE-0297-M674-25.dw.png,IE-0297, 53.42    ,-6.25    ,2024,,Dublin
IE-0297-M674-38.dw.png,IE-0297, 53.42    ,-6.25    ,2024,,Dublin
IE-0297-M674-42.dw.png,IE-0297, 53.42    ,-6.25    ,2024,,Dublin
IE-0297-M674-43.dw.png,IE-0297, 53.42    ,-6.25    ,2024,,Dublin
IE-0297-M674-53.dw.png,IE-0297, 53.42    ,-6.25    ,2024,,Dublin
IE-0297-M674-56.dw.png,IE-0297, 53.42    ,-6.25    ,2024,,Dublin
IE-0297-M674-76.dw.png,IE-0297, 53.42    ,-6.25    ,2024,,Dublin
IE-0297-M674-78.dw.png,IE-0297, 53.42    ,-6.25    ,2024,,Dublin
IE-0297-M674-79.dw.png,IE-0297, 53.42    ,-6.25    ,2024,,Dublin
IE-0298-M676-0.dw.png,IE-0298, 53.42    ,-6.25    ,2024,,Dublin
IE-0298-M676-13.dw.png,IE-0298, 53.42    ,-6.25    ,2024,,Dublin
IE-0298-M676-15.dw.png,IE-0298, 53.42    ,-6.25    ,2024,,Dublin
IE-0298-M676-16.dw.png,IE-0298, 53.42    ,-6.25    ,2024,,Dublin
IE-0298-M676-32.dw.png,IE-0298, 53.42    ,-6.25    ,2024,,Dublin
IE-0298-M676-33.dw.png,IE-0298, 53.42    ,-6.25    ,2024,,Dublin
IE-0298-M676-36.dw.png,IE-0298, 53.42    ,-6.25    ,2024,,Dublin
IE-0298-M676-47.dw.png,IE-0298, 53.42    ,-6.25    ,2024,,Dublin
IE-0298-M676-49.dw.png,IE-0298, 53.42    ,-6.25    ,2024,,Dublin
IE-0298-M676-51.dw.png,IE-0298, 53.42    ,-6.25    ,2024,,Dublin
IE-0298-M676-59.dw.png,IE-0298, 53.42    ,-6.25    ,2024,,Dublin
IE-0298-M676-60.dw.png,IE-0298, 53.42    ,-6.25    ,2024,,Dublin
IE-0299-M677-13.dw.png,IE-0299, 52.50    ,-6.75    ,2024,,Wexford
IE-0299-M677-15.dw.png,IE-0299, 52.50    ,-6.75    ,2024,,Wexford
IE-0299-M677-21.dw.png,IE-0299, 52.50    ,-6.75    ,2024,,Wexford
IE-0299-M677-48.dw.png,IE-0299, 52.50    ,-6.75    ,2024,,Wexford
IE-0299-M677-51.dw.png,IE-0299, 52.50    ,-6.75    ,2024,,Wexford
IE-0299-M677-53.dw.png,IE-0299, 52.50    ,-6.75    ,2024,,Wexford
IE-0299-M677-65.dw.png,IE-0299, 52.50    ,-6.75    ,2024,,Wexford
IE-0299-M677-67.dw.png,IE-0299, 52.50    ,-6.75    ,2024,,Wexford
IE-0299-M677-73.dw.png,IE-0299, 52.50    ,-6.75    ,2024,,Wexford
IE-0299-M677-89.dw.png,IE-0299, 52.50    ,-6.75    ,2024,,Wexford
IE-0299-M677-90.dw.png,IE-0299, 52.50    ,-6.75    ,2024,,Wexford
IE-0299-M677-97.dw.png,IE-0299, 52.50    ,-6.75    ,2024,,Wexford
IE-0300-M678-11.dw.png,IE-0300, 53.42    ,-6.25    ,2024,,Dublin
IE-0300-M678-12.dw.png,IE-0300, 53.42    ,-6.25    ,2024,,Dublin
IE-0300-M678-13.dw.png,IE-0300, 53.42    ,-6.25    ,2024,,Dublin
IE-0300-M678-23.dw.png,IE-0300, 53.42    ,-6.25    ,2024,,Dublin
IE-0300-M678-26.dw.png,IE-0300, 53.42    ,-6.25    ,2024,,Dublin
IE-0300-M678-31.dw.png,IE-0300, 53.42    ,-6.25    ,2024,,Dublin
IE-0300-M678-36.dw.png,IE-0300, 53.42    ,-6.25    ,2024,,Dublin
IE-0300-M678-39.dw.png,IE-0300, 53.42    ,-6.25    ,2024,,Dublin
IE-0300-M678-47.dw.png,IE-0300, 53.42    ,-6.25    ,2024,,Dublin
IE-0300-M678-54.dw.png,IE-0300, 53.42    ,-6.25    ,2024,,Dublin
IE-0300-M678-58.dw.png,IE-0300, 53.42    ,-6.25    ,2024,,Dublin
IE-0300-M678-60.dw.png,IE-0300, 53.42    ,-6.25    ,2024,,Dublin
IE-0301-M681-13.dw.png,IE-0301, 52.50    ,-8.75    ,2024,,Limerick
IE-0301-M681-16.dw.png,IE-0301, 52.50    ,-8.75    ,2024,,Limerick
IE-0301-M681-21.dw.png,IE-0301, 52.50    ,-8.75    ,2024,,Limerick
IE-0301-M681-31.dw.png,IE-0301, 52.50    ,-8.75    ,2024,,Limerick
IE-0301-M681-37.dw.png,IE-0301, 52.50    ,-8.75    ,2024,,Limerick
IE-0301-M681-39.dw.png,IE-0301, 52.50    ,-8.75    ,2024,,Limerick
IE-0301-M681-50.dw.png,IE-0301, 52.50    ,-8.75    ,2024,,Limerick
IE-0301-M681-52.dw.png,IE-0301, 52.50    ,-8.75    ,2024,,Limerick
IE-0301-M681-53.dw.png,IE-0301, 52.50    ,-8.75    ,2024,,Limerick
IE-0301-M681-83.dw.png,IE-0301, 52.50    ,-8.75    ,2024,,Limerick
IE-0301-M681-87.dw.png,IE-0301, 52.50    ,-8.75    ,2024,,Limerick
IE-0301-M681-89.dw.png,IE-0301, 52.50    ,-8.75    ,2024,,Limerick
IE-0302-M682-11.dw.png,IE-0302, 53.42    ,-6.25    ,2024,,Dublin
IE-0302-M682-13.dw.png,IE-0302, 53.42    ,-6.25    ,2024,,Dublin
IE-0302-M682-17.dw.png,IE-0302, 53.42    ,-6.25    ,2024,,Dublin
IE-0302-M682-24.dw.png,IE-0302, 53.42    ,-6.25    ,2024,,Dublin
IE-0302-M682-32.dw.png,IE-0302, 53.42    ,-6.25    ,2024,,Dublin
IE-0302-M682-40.dw.png,IE-0302, 53.42    ,-6.25    ,2024,,Dublin
IE-0302-M682-54.dw.png,IE-0302, 53.42    ,-6.25    ,2024,,Dublin
IE-0302-M682-57.dw.png,IE-0302, 53.42    ,-6.25    ,2024,,Dublin
IE-0302-M682-61.dw.png,IE-0302, 53.42    ,-6.25    ,2024,,Dublin
IE-0302-M682-94.dw.png,IE-0302, 53.42    ,-6.25    ,2024,,Dublin
IE-0302-M682-96.dw.png,IE-0302, 53.42    ,-6.25    ,2024,,Dublin
IE-0302-M682-99.dw.png,IE-0302, 53.42    ,-6.25    ,2024,,Dublin
IE-0303-M683-10.dw.png,IE-0303, 53.42    ,-6.25    ,2024,,Dublin
IE-0303-M683-103.dw.png,IE-0303, 53.42    ,-6.25    ,2024,,Dublin
IE-0303-M683-12.dw.png,IE-0303, 53.42    ,-6.25    ,2024,,Dublin
IE-0303-M683-16.dw.png,IE-0303, 53.42    ,-6.25    ,2024,,Dublin
IE-0303-M683-26.dw.png,IE-0303, 53.42    ,-6.25    ,2024,,Dublin
IE-0303-M683-32.dw.png,IE-0303, 53.42    ,-6.25    ,2024,,Dublin
IE-0303-M683-36.dw.png,IE-0303, 53.42    ,-6.25    ,2024,,Dublin
IE-0303-M683-54.dw.png,IE-0303, 53.42    ,-6.25    ,2024,,Dublin
IE-0303-M683-62.dw.png,IE-0303, 53.42    ,-6.25    ,2024,,Dublin
IE-0303-M683-65.dw.png,IE-0303, 53.42    ,-6.25    ,2024,,Dublin
IE-0303-M683-87.dw.png,IE-0303, 53.42    ,-6.25    ,2024,,Dublin
IE-0303-M683-93.dw.png,IE-0303, 53.42    ,-6.25    ,2024,,Dublin
IE-0304-M686-10.dw.png,IE-0304, 53.42    ,-6.25    ,2024,,Dublin
IE-0304-M686-17.dw.png,IE-0304, 53.42    ,-6.25    ,2024,,Dublin
IE-0304-M686-18.dw.png,IE-0304, 53.42    ,-6.25    ,2024,,Dublin
IE-0304-M686-24.dw.png,IE-0304, 53.42    ,-6.25    ,2024,,Dublin
IE-0304-M686-24x.dw.png,IE-0304, 53.42    ,-6.25    ,2024,,Dublin
IE-0304-M686-25.dw.png,IE-0304, 53.42    ,-6.25    ,2024,,Dublin
IE-0304-M686-26.dw.png,IE-0304, 53.42    ,-6.25    ,2024,,Dublin
IE-0304-M686-37.dw.png,IE-0304, 53.42    ,-6.25    ,2024,,Dublin
IE-0304-M686-41.dw.png,IE-0304, 53.42    ,-6.25    ,2024,,Dublin
IE-0304-M686-47.dw.png,IE-0304, 53.42    ,-6.25    ,2024,,Dublin
IE-0304-M686-7.dw.png,IE-0304, 53.42    ,-6.25    ,2024,,Dublin
IE-0304-M686-9.dw.png,IE-0304, 53.42    ,-6.25    ,2024,,Dublin
