"file","x1","y1","x2","y2","x3","y3","x4","y4","x5","y5","x6","y6","x7","y7","x8","y8","x9","y9","x10","y10","x11","y11","x12","y12","x13","y13","x14","y14","x15","y15","x16","y16","x17","y17","x18","y18","x19","y19"
"IE-0001-208ke-1.dw.png","101"," 87","113"," 85","127","122","133"," 96","140"," 54","170","122","197","134","190","124","210","107","195"," 98","216"," 82","215"," 59","224"," 44","231","128","251","108","287"," 86","309"," 82","313"," 70"," 40","123"
"IE-0001-208ke-10.dw.png"," 95"," 87","109"," 85","132","120","129"," 94","131"," 53","169","114","198","124","189","115","206"," 95","191"," 89","208"," 69","205"," 49","213"," 32","232","113","245"," 93","279"," 66","300"," 58","302"," 45"," 41","130"
"IE-0001-208ke-11.dw.png"," 97"," 75","113"," 77","125","120","131"," 93","146"," 54","165","128","189","147","185","136","208","122","196","111","216"," 99","220"," 77","232"," 63","224","148","247","132","290","119","313","120","318","109"," 33"," 99"
"IE-0001-208ke-12.dw.png"," 92","115","105","110","134","140","130","115","120"," 75","173","127","204","132","194","124","205","102","193"," 98","204"," 74","197"," 55","201"," 39","235","114","246"," 91","273"," 60","294"," 49","293"," 34"," 47","169"
"IE-0001-208ke-2.dw.png","103"," 89","117"," 88","138","126","138"," 99","144"," 59","181","125","209","139","202","128","224","111","207","102","224"," 84","224"," 62","231"," 47","245","132","264","112","299"," 91","317"," 87","322"," 74"," 42","129"
"IE-0001-208ke-3.dw.png"," 98"," 89","112"," 88","132","126","136"," 99","139"," 58","171","126","199","138","192","128","216","110","197","101","216"," 84","214"," 61","224"," 46","234","131","254","111","293"," 88","314"," 84","317"," 69"," 40","126"
"IE-0001-208ke-4.dw.png"," 96","111","110","106","141","138","132","113","127"," 72","177","127","209","134","199","125","212","103","197"," 98","211"," 77","204"," 56","209"," 39","242","119","254"," 94","286"," 63","305"," 55","305"," 41"," 48","164"
"IE-0001-208ke-6.dw.png"," 96","121","109","116","143","146","133","120","122"," 79","177","131","208","135","198","128","210","105","190","102","204"," 79","198"," 59","203"," 42","239","118","249"," 95","277"," 61","297"," 51","296"," 36"," 55","178"
"IE-0001-208ke-7.dw.png","105"," 93","120"," 91","138","128","140","102","145"," 60","178","125","207","138","201","128","222","107","202"," 99","222"," 81","220"," 59","230"," 43","242","128","259","108","297"," 82","319"," 76","322"," 62"," 48","136"
"IE-0001-208ke-8.dw.png"," 98"," 78","113"," 79","127","122","134"," 95","147"," 55","170","128","192","145","188","134","211","119","197","109","218"," 95","220"," 73","233"," 59","229","144","250","128","294","113","312","111","317"," 98"," 37","107"
"IE-0001-208ke-9.dw.png"," 97"," 91","110"," 90","131","126","131","100","134"," 57","169","123","197","134","190","124","208","105","193"," 99","209"," 77","209"," 56","218"," 40","231","125","247","103","283"," 79","302"," 73","305"," 59"," 43","136"
"IE-0002-932-10.dw.png","111"," 98","125"," 97","147","137","148","108","152"," 66","186","136","215","150","208","140","233","122","214","112","235"," 93","236"," 72","242"," 54","252","145","273","125","313","103","328"," 99","332"," 86"," 52","139"
"IE-0002-932-11.dw.png","117"," 92","131"," 92","151","133","153","105","158"," 60","190","133","219","148","214","138","236","121","218","109","242"," 92","243"," 69","249"," 52","257","144","278","124","317","104","333","100","336"," 84"," 58","132"
"IE-0002-932-12.dw.png","113"," 83","126"," 82","147","124","149"," 95","153"," 52","185","124","216","140","210","128","231","111","215","101","237"," 83","239"," 60","245"," 43","251","135","274","115","313"," 94","328"," 91","332"," 75"," 54","123"
"IE-0002-932-2.dw.png","109"," 98","122"," 96","151","132","145","104","145"," 63","189","124","220","134","211","125","231","105","211"," 97","230"," 78","228"," 55","231"," 40","255","123","270","101","309"," 73","324"," 67","323"," 53"," 55","147"
"IE-0002-932-3.dw.png","104"," 91","117"," 88","146","123","141"," 96","138"," 55","182","116","213","125","204","115","223"," 95","207"," 88","224"," 67","220"," 45","223"," 30","250","114","264"," 91","299"," 63","315"," 57","314"," 42"," 50","141"
"IE-0002-932-4.dw.png","113"," 89","126"," 89","144","129","148","103","154"," 62","184","130","214","144","208","135","230","119","211","109","232"," 90","232"," 70","239"," 55","247","139","271","122","305","101","320"," 98","321"," 82"," 53","129"
"IE-0002-932-5.dw.png","111","107","126","104","154","138","147","111","148"," 68","196","130","226","138","215","130","235","108","216","103","233"," 82","229"," 60","232"," 43","259","127","275","104","309"," 74","327"," 69","327"," 54"," 61","159"
"IE-0002-932-6.dw.png"," 95","167","110","161","139","194","137","166","129","123","181","183","213","188","203","180","219","157","202","154","216","129","210","108","212"," 90","245","173","258","148","292","116","306","108","306"," 94"," 51","222"
"IE-0002-932-7.dw.png"," 90","140","104","136","133","170","128","144","125","103","172","163","203","171","194","162","211","143","194","137","212","115","208"," 94","210"," 79","236","160","251","137","285","111","301","104","302"," 89"," 40","189"
"IE-0002-932-8.dw.png","100","102","114","101","138","142","140","116","142"," 74","182","143","211","158","204","148","223","132","204","122","226","106","227"," 85","231"," 69","244","154","265","136","301","117","317","116","317","103"," 41","136"
"IE-0002-932-9.dw.png"," 98","103","110","105","124","148","132","123","144"," 82","164","156","186","176","184","164","209","152","194","139","219","126","224","105","233"," 90","226","177","249","161","290","148","306","149","311","135"," 31","130"
"IE-0003-933-1.dw.png"," 97","145","109","142","142","175","133","147","128","103","184","162","214","168","205","161","221","138","199","133","214","109","208"," 87","209"," 71","244","154","258","129","289"," 97","302"," 90","300"," 74"," 53","201"
"IE-0003-933-10.dw.png","103"," 87","116"," 87","128","125","135"," 98","144"," 56","175","126","200","141","193","130","212","113","200","105","219"," 86","219"," 65","226"," 49","231","136","253","117","291"," 95","308"," 92","311"," 78"," 42","122"
"IE-0003-933-11.dw.png"," 91"," 97","103"," 95","122","132","125","105","130"," 64","166","129","196","141","190","131","210","113","195","106","212"," 86","210"," 65","215"," 48","230","135","250","114","287"," 89","301"," 85","302"," 70"," 36","139"
"IE-0003-933-12.dw.png","108"," 80","120"," 82","132","123","140"," 96","153"," 55","174","129","199","146","193","135","216","121","204","111","226"," 95","229"," 73","237"," 57","234","146","254","129","298","114","314","113","319"," 99"," 42","109"
"IE-0003-933-2.dw.png","120"," 94","133"," 93","153","134","156","106","165"," 63","198","135","224","150","219","140","239","123","224","114","242"," 97","245"," 74","251"," 60","259","146","280","129","320","109","336","107","340"," 94"," 59","130"
"IE-0003-933-3.dw.png","106"," 91","119"," 90","139","128","142","103","146"," 59","180","128","208","143","200","132","221","113","208","107","226"," 88","227"," 65","231"," 50","246","137","265","116","303"," 95","318"," 91","321"," 78"," 46","129"
"IE-0003-933-4.dw.png","102","113","112","112","137","149","138","122","139"," 78","178","145","208","155","200","146","218","125","203","119","218"," 97","216"," 76","220"," 59","240","147","260","125","296"," 97","309"," 93","309"," 78"," 47","157"
"IE-0003-933-5.dw.png","111"," 91","124"," 89","147","129","146","101","154"," 56","189","127","217","141","210","130","231","113","212","104","232"," 84","232"," 62","237"," 44","252","134","273","112","310"," 89","325"," 85","327"," 69"," 55","131"
"IE-0003-933-6.dw.png","105"," 80","118"," 79","137","120","139"," 93","147"," 49","180","122","206","137","200","126","222","110","205","100","226"," 82","229"," 60","234"," 44","241","132","263","113","301"," 93","316"," 90","319"," 75"," 45","117"
"IE-0003-933-7.dw.png"," 95","101","107","100","127","140","131","112","138"," 69","171","139","201","154","193","143","213","126","199","118","216"," 99","216"," 76","222"," 60","233","150","255","129","295","106","309","103","310"," 88"," 36","139"
"IE-0003-933-8.dw.png","102"," 89","115"," 89","135","128","137","100","145"," 59","178","129","206","144","200","133","218","117","204","108","225"," 91","227"," 69","233"," 53","240","140","261","122","300","102","317"," 99","320"," 84"," 44","125"
"IE-0003-933-9.dw.png","161"," 87","174"," 88","186","129","195","100","207"," 58","235","133","260","149","254","137","274","121","262","113","282"," 94","284"," 72","293"," 55","293","147","315","129","355","112","374","109","376"," 93","102","124"
"IE-0004-934-1.dw.png","102","129","117","128","138","167","139","140","142"," 98","180","167","207","182","203","172","225","154","204","144","224","126","226","104","231"," 88","244","177","263","157","302","135","318","132","320","118"," 42","167"
"IE-0004-934-10.dw.png","102","110","117","110","132","150","139","124","143"," 80","175","153","202","169","197","159","218","142","202","132","223","115","226"," 92","232"," 75","235","167","258","148","297","127","312","124","315","111"," 41","144"
"IE-0004-934-11.dw.png"," 94"," 91","108"," 90","130","126","130","101","133"," 58","171","124","200","136","193","127","210","108","196","101","215"," 83","216"," 60","220"," 43","236","130","256","109","292"," 84","306"," 81","308"," 67"," 39","132"
"IE-0004-934-12.dw.png","117","106","133","106","149","146","152","118","159"," 75","192","148","218","165","214","154","237","136","219","126","241","109","243"," 85","250"," 69","255","161","276","143","316","121","332","119","335","104"," 57","143"
"IE-0004-934-2.dw.png"," 92"," 84","106"," 86","117","128","125","102","137"," 59","161","135","183","153","180","142","203","127","189","116","210","100","214"," 76","222"," 64","220","153","242","136","285","120","302","119","307","106"," 27","114"
"IE-0004-934-3.dw.png","104","108","117","106","142","145","142","117","140"," 74","186","141","215","153","208","143","226","123","211","117","226"," 95","226"," 73","229"," 57","248","146","267","124","304"," 98","318"," 94","320"," 79"," 48","152"
"IE-0004-934-4.dw.png","113","117","130","116","153","153","151","125","154"," 84","194","149","224","161","218","152","238","132","219","124","238","104","234"," 81","239"," 64","259","153","278","131","317","106","334","100","335"," 86"," 59","162"
"IE-0004-934-5.dw.png"," 97"," 95","110"," 93","134","131","134","104","132"," 61","177","126","206","137","199","128","221","108","199","101","215"," 81","215"," 58","217"," 41","240","128","260","106","294"," 79","309"," 74","308"," 59"," 40","141"
"IE-0004-934-6.dw.png"," 94","117","109","117","127","157","130","130","136"," 87","169","158","195","173","191","163","214","146","196","136","214","119","217"," 96","222"," 81","229","170","253","150","292","129","307","128","309","113"," 35","155"
"IE-0004-934-7.dw.png"," 99","110","116","111","131","152","134","124","142"," 83","171","154","199","169","195","160","217","142","199","132","220","115","221"," 91","226"," 77","233","166","256","147","296","127","311","124","313","109"," 40","148"
"IE-0004-934-8.dw.png","111","115","123","111","152","147","147","120","146"," 76","192","140","223","149","214","140","235","119","216","113","230"," 91","228"," 70","229"," 54","255","139","273","116","309"," 87","324"," 82","325"," 67"," 59","164"
"IE-0004-934-9.dw.png","106"," 99","122"," 99","140","138","142","111","149"," 69","183","137","210","150","205","140","222","123","209","114","229"," 96","230"," 74","235"," 58","246","145","266","125","304","102","318"," 99","321"," 85"," 49","141"
"IE-0005-935-1.dw.png","102","117","116","115","143","154","140","126","144"," 82","181","151","211","164","204","154","223","134","209","126","227","106","226"," 83","231"," 68","248","156","267","134","305","109","322","105","324"," 90"," 47","162"
"IE-0005-935-11.dw.png","115","129","128","125","159","163","153","136","153"," 91","196","157","229","166","220","157","238","135","221","129","237","107","236"," 85","238"," 68","267","154","282","131","315","103","332"," 96","330"," 80"," 63","180"
"IE-0005-935-12.dw.png","109","108","121","105","152","142","146","114","145"," 71","190","136","223","145","214","136","231","115","216","108","232"," 87","230"," 64","232"," 46","258","135","275","111","310"," 84","325"," 78","326"," 62"," 54","157"
"IE-0005-935-2.dw.png","130"," 77","142"," 77","163","122","164"," 93","173"," 52","198","126","225","145","219","133","241","118","228","107","250"," 92","253"," 68","261"," 55","260","144","285","127","324","110","340","110","344"," 96"," 66","108"
"IE-0005-935-3.dw.png","113","121","125","120","155","161","147","132","153"," 89","190","158","222","172","213","161","233","142","217","134","237","115","236"," 92","242"," 75","258","165","276","143","314","118","332","115","333","100"," 54","166"
"IE-0005-935-4.dw.png","105","151","117","148","144","185","142","158","141","114","183","179","215","188","206","179","222","159","207","151","224","132","223","110","225"," 92","249","179","267","156","301","128","319","122","319","108"," 53","201"
"IE-0005-935-6.dw.png","114","106","127","106","147","150","150","122","161"," 79","187","154","215","171","209","161","232","145","217","134","239","117","244"," 94","250"," 79","251","171","275","154","317","135","332","133","338","119"," 50","140"
"IE-0005-935-7.dw.png","125"," 98","138"," 97","160","137","162","111","165"," 69","197","137","228","152","222","141","240","124","227","115","247"," 97","247"," 76","253"," 61","266","148","284","130","323","107","339","104","341"," 90"," 63","135"
"IE-0005-935-8.dw.png"," 98","110","112","110","136","151","134","122","141"," 79","177","150","207","165","200","155","221","136","204","127","224","108","226"," 86","231"," 71","242","160","264","139","304","117","320","113","322"," 99"," 37","150"
"IE-0005-935-9.dw.png","122","114","137","111","165","148","160","120","160"," 76","204","141","237","151","228","142","245","119","230","114","246"," 92","243"," 68","245"," 50","274","138","292","114","324"," 85","340"," 78","340"," 64"," 69","165"
"IE-0006-936-1.dw.png","106"," 94","119"," 93","139","130","137","101","146"," 59","178","127","209","139","201","130","218","110","206","103","223"," 83","221"," 60","226"," 45","243","131","261","111","297"," 86","314"," 82","317"," 67"," 51","138"
"IE-0006-936-10.dw.png","122"," 96","135"," 93","164","126","157"," 99","154"," 56","202","117","235","123","226","115","244"," 93","225"," 88","240"," 66","236"," 45","237"," 28","270","110","285"," 86","317"," 57","332"," 49","332"," 35"," 73","151"
"IE-0006-936-11.dw.png"," 94","134","107","130","136","163","130","137","127"," 91","178","152","208","158","200","151","216","128","197","124","210"," 99","207"," 78","207"," 61","241","145","254","121","290"," 88","303"," 81","304"," 67"," 46","190"
"IE-0006-936-2.dw.png"," 98","111","111","110","133","146","131","120","138"," 78","169","142","199","156","192","145","210","127","197","119","213","101","212"," 78","217"," 63","233","148","251","126","285","104","303"," 98","305"," 84"," 41","156"
"IE-0006-936-3.dw.png"," 94","143","107","140","132","174","128","147","131","102","173","167","203","175","194","167","213","145","199","140","212","118","209"," 97","211"," 79","240","163","254","141","288","113","307","107","308"," 91"," 42","194"
"IE-0006-936-4.dw.png","113"," 76","127"," 81","137","123","143"," 95","162"," 57","177","132","204","152","200","141","223","128","208","115","232","103","237"," 81","248"," 67","239","154","264","140","307","127","325","128","331","115"," 46","102"
"IE-0006-936-5.dw.png","136"," 82","149"," 84","162","127","166"," 99","185"," 58","204","135","228","154","224","142","251","130","234","116","255","102","260"," 80","267"," 67","263","154","288","139","328","125","344","124","348","111"," 71","115"
"IE-0006-936-6.dw.png","108"," 90","123"," 92","132","133","138","105","158"," 66","173","139","200","158","195","147","221","133","203","119","226","105","231"," 84","239"," 71","235","158","259","142","300","126","318","125","323","113"," 44","121"
"IE-0006-936-7.dw.png","114","142","125","137","159","168","148","141","141"," 98","196","155","227","159","216","152","232","127","210","124","223"," 99","217"," 79","218"," 61","258","141","269","116","298"," 82","312"," 73","309"," 59"," 75","202"
"IE-0006-936-8.dw.png","103"," 81","118"," 83","130","124","135"," 96","153"," 55","170","129","198","150","190","137","216","123","202","112","223"," 95","227"," 74","236"," 59","234","149","255","133","298","118","315","118","321","104"," 38","113"
"IE-0006-936-9.dw.png"," 96"," 88","109"," 89","127","127","131","101","138"," 57","170","129","199","143","190","133","211","117","199","109","218"," 91","219"," 68","225"," 52","235","140","255","122","294","101","310"," 99","314"," 86"," 35","126"
"IE-0007-937-1.dw.png"," 98","122","110","119","139","153","135","126","131"," 83","181","144","210","150","202","142","220","122","200","117","216"," 97","214"," 75","216"," 58","247","137","259","116","292"," 87","310"," 80","309"," 66"," 49","171"
"IE-0007-937-10.dw.png","124"," 80","137"," 80","156","123","158"," 96","169"," 54","196","128","222","147","215","134","243","120","226","109","248"," 94","251"," 72","259"," 58","260","145","284","128","322","112","340","110","344"," 96"," 60","111"
"IE-0007-937-11.dw.png"," 96","102","109","101","134","139","132","112","135"," 69","175","136","206","148","198","138","218","120","198","111","218"," 92","219"," 71","223"," 55","244","140","259","120","298"," 95","311"," 90","310"," 77"," 40","146"
"IE-0007-937-12.dw.png","135","117","147","116","174","153","172","127","174"," 84","212","150","242","164","234","153","254","135","239","128","258","107","257"," 84","260"," 69","277","156","297","135","334","109","350","105","351"," 90"," 76","161"
"IE-0007-937-2.dw.png","119"," 99","133"," 95","164","128","159","103","153"," 60","206","119","233","128","223","119","242"," 98","221"," 92","239"," 73","237"," 52","238"," 35","268","115","283"," 91","317"," 66","330"," 63","331"," 48"," 70","149"
"IE-0007-937-3.dw.png"," 98"," 88","111"," 89","127","128","133","102","142"," 59","169","130","195","147","189","136","210","120","195","110","219"," 92","221"," 69","228"," 53","230","144","250","126","292","105","310","103","313"," 87"," 35","124"
"IE-0007-937-4.dw.png"," 99","125","111","122","139","158","136","131","134"," 88","181","152","212","162","203","153","218","132","203","126","219","105","219"," 82","223"," 66","246","151","261","130","298","101","313"," 95","313"," 79"," 46","172"
"IE-0007-937-5.dw.png","102","123","114","121","143","156","138","130","138"," 87","184","151","212","161","205","152","224","131","206","125","224","104","222"," 82","226"," 66","250","150","266","128","302","101","318"," 95","320"," 80"," 46","168"
"IE-0007-937-6.dw.png","100"," 96","113"," 94","138","129","137","103","137"," 61","179","125","208","137","201","127","221","108","205","102","221"," 82","219"," 59","223"," 45","243","129","257","110","295"," 82","313"," 78","313"," 63"," 44","140"
"IE-0007-937-7.dw.png","106"," 69","119"," 70","138","112","140"," 85","151"," 42","176","116","204","135","199","123","223","109","205"," 96","229"," 84","232"," 62","240"," 48","242","135","263","119","304","103","320","102","324"," 90"," 45","102"
"IE-0007-937-8.dw.png"," 96"," 80","107"," 81","126","121","129"," 95","144"," 53","168","126","196","143","189","132","211","119","195","107","219"," 92","223"," 70","231"," 58","233","142","253","126","296","111","312","109","316"," 96"," 32","108"
"IE-0007-937-9.dw.png","101","126","113","123","142","156","140","131","135"," 89","181","148","212","158","202","148","220","129","203","123","219","102","215"," 81","218"," 64","246","147","262","123","296"," 94","310"," 88","309"," 75"," 53","173"
"IE-0008-938-1.dw.png","117","128","127","123","159","156","152","129","147"," 86","200","146","229","152","218","144","235","122","221","117","234"," 93","229"," 71","230"," 53","261","139","276","115","307"," 83","325"," 75","324"," 59"," 65","182"
"IE-0008-938-10.dw.png","136","108","148","105","178","141","170","113","171"," 70","217","133","247","143","237","134","255","114","239","108","255"," 87","254"," 65","256"," 48","279","134","297","111","331"," 85","347"," 79","346"," 64"," 81","159"
"IE-0008-938-11.dw.png","116","102","129","103","140","147","147","119","164"," 81","182","157","207","178","202","166","224","154","211","142","236","128","244","107","253"," 93","242","180","267","166","309","153","326","154","332","139"," 47","125"
"IE-0008-938-12.dw.png","129"," 99","141"," 97","167","131","163","105","167"," 62","209","126","237","137","229","128","247","108","232","101","249"," 81","249"," 58","252"," 42","274","128","290","106","325"," 80","340"," 75","341"," 59"," 73","146"
"IE-0008-938-2.dw.png","147","170","159","163","196","188","182","164","170","122","232","170","262","171","252","164","261","140","243","139","254","113","245"," 92","244"," 75","293","150","302","122","327"," 85","339"," 75","335"," 61","110","234"
"IE-0008-938-3.dw.png","103"," 93","118"," 94","129","137","135","109","151"," 70","169","144","194","164","189","153","214","141","198","127","220","113","226"," 92","239"," 79","227","166","251","149","293","137","312","137","319","125"," 37","119"
"IE-0008-938-4.dw.png","105","113","115","109","140","146","138","118","138"," 77","181","140","209","152","202","143","217","124","207","117","223"," 95","220"," 73","224"," 57","244","144","262","122","297"," 96","314"," 91","316"," 75"," 48","159"
"IE-0008-938-5.dw.png","135"," 93","147"," 93","165","136","169","108","180"," 67","206","142","230","159","225","148","246","134","234","123","257","106","260"," 84","266"," 69","265","159","287","141","327","126","343","123","349","108"," 68","125"
"IE-0008-938-6.dw.png","110","114","123","114","138","159","142","130","159"," 90","179","166","202","185","199","174","222","160","209","149","232","135","238","114","246","100","240","187","263","172","304","159","320","159","326","145"," 44","143"
"IE-0008-938-7.dw.png","105"," 98","119"," 97","140","139","138","109","146"," 68","181","139","208","154","202","144","221","127","206","118","228","100","230"," 78","236"," 62","244","151","265","132","304","111","322","109","325"," 95"," 41","137"
"IE-0008-938-8.dw.png","100"," 84","112"," 84","126","128","132","100","147"," 59","168","135","193","153","188","141","212","128","200","117","222","101","227"," 79","234"," 65","230","153","252","137","293","122","312","122","316","107"," 30","112"
"IE-0008-938-9.dw.png","125","105","137","102","164","139","159","111","161"," 68","201","133","230","145","224","136","242","115","226","108","243"," 86","242"," 64","247"," 47","266","136","284","112","319"," 88","338"," 82","338"," 66"," 68","152"
"IE-0009-940-1.dw.png","113"," 77","127"," 77","141","116","151"," 90","156"," 48","187","118","215","133","209","123","231","107","217"," 98","236"," 78","237"," 57","243"," 40","252","129","269","111","309"," 90","329"," 87","332"," 71"," 54","112"
"IE-0009-940-10.dw.png"," 99"," 97","112"," 96","131","135","136","108","140"," 65","175","133","206","147","198","137","216","120","202","112","221"," 93","223"," 71","228"," 54","239","142","259","122","298","100","316"," 95","319"," 81"," 41","136"
"IE-0009-940-11.dw.png","102","102","114","101","132","139","137","113","142"," 69","174","136","205","151","196","140","218","123","202","114","220"," 95","220"," 73","225"," 55","240","145","260","124","296","100","315"," 96","318"," 80"," 45","143"
"IE-0009-940-12.dw.png"," 95"," 90","108"," 89","133","127","131","101","132"," 61","168","126","196","140","189","130","208","114","193","105","212"," 87","211"," 66","215"," 50","230","134","248","115","284"," 95","301"," 90","304"," 75"," 40","127"
"IE-0009-940-2.dw.png","102","133","114","129","143","163","139","136","133"," 93","181","153","211","159","202","152","221","129","201","124","216","101","211"," 81","212"," 62","243","147","257","122","292"," 91","308"," 83","308"," 68"," 53","185"
"IE-0009-940-3.dw.png","107"," 77","119"," 78","134","119","140"," 92","151"," 52","172","122","200","141","194","130","218","115","203","105","224"," 89","227"," 66","236"," 51","236","140","258","122","298","105","318","103","322"," 90"," 45","108"
"IE-0009-940-4.dw.png","120"," 88","134"," 86","154","125","157"," 99","161"," 55","195","125","224","138","215","128","236","109","222","102","240"," 82","240"," 60","245"," 43","258","132","276","111","316"," 88","336"," 84","340"," 71"," 61","126"
"IE-0009-940-5.dw.png"," 91","126","104","123","127","160","127","133","127"," 90","166","154","197","165","188","155","206","137","192","129","209","110","210"," 88","212"," 71","233","157","248","137","287","109","303","104","305"," 89"," 39","170"
"IE-0009-940-6.dw.png","109"," 95","124"," 95","138","134","147","109","153"," 66","180","137","207","155","199","143","224","129","209","118","228","101","230"," 80","237"," 63","243","153","266","134","303","116","322","113","327"," 98"," 48","126"
"IE-0009-940-7.dw.png","111"," 95","123"," 93","145","133","150","107","152"," 63","187","132","219","147","211","137","230","119","216","111","235"," 91","234"," 69","241"," 51","254","142","274","122","312","100","328"," 96","331"," 81"," 53","134"
"IE-0009-940-8.dw.png","107"," 94","119"," 98","132","141","139","113","154"," 73","171","149","193","170","189","157","212","145","201","134","226","121","231","101","241"," 88","231","173","252","160","293","150","312","151","320","136"," 41","119"
"IE-0009-940-9.dw.png","119"," 96","131"," 97","145","138","154","113","165"," 71","187","145","211","162","205","152","230","138","214","127","236","111","241"," 89","249"," 75","248","163","270","147","310","130","328","130","333","116"," 56","125"
"IE-0010-941-1.dw.png","142"," 94","157"," 95","177","133","177","105","184"," 63","220","133","248","148","240","137","260","119","240","108","263"," 93","264"," 71","270"," 56","282","143","305","124","340","102","358"," 98","361"," 85"," 79","132"
"IE-0010-941-10.dw.png","103","118","113","117","135","157","134","129","143"," 88","173","160","201","176","195","165","218","149","201","139","224","123","227","101","233"," 86","238","173","259","155","299","136","316","134","318","121"," 36","152"
"IE-0010-941-11.dw.png","112"," 91","127"," 91","139","134","147","106","158"," 64","187","138","213","153","206","143","231","127","216","117","237","103","240"," 81","245"," 66","250","152","276","134","312","118","329","118","333","102"," 48","126"
"IE-0010-941-12.dw.png","117"," 96","130"," 96","154","139","150","108","157"," 65","193","138","223","154","216","143","240","126","219","115","242"," 98","243"," 75","250"," 60","257","150","281","130","321","109","337","106","339"," 92"," 54","136"
"IE-0010-941-2.dw.png","112","101","124"," 99","149","135","147","107","146"," 65","192","128","223","138","215","128","232","107","213","100","231"," 80","225"," 59","229"," 42","255","128","275","104","308"," 74","324"," 69","325"," 54"," 54","149"
"IE-0010-941-3.dw.png","135"," 75","147"," 74","171","114","168"," 84","172"," 42","213","113","243","126","235","117","253"," 97","236"," 88","258"," 71","259"," 48","263"," 32","277","120","297"," 99","332"," 76","350"," 74","349"," 60"," 76","120"
"IE-0010-941-4.dw.png","126","139","141","137","167","173","161","143","162","101","207","167","236","177","227","168","247","146","225","139","246","119","245"," 98","247"," 81","273","166","289","144","322","116","339","112","340"," 95"," 68","187"
"IE-0010-941-5.dw.png","100","187","111","179","147","204","130","179","119","139","185","184","217","182","206","178","218","150","197","150","206","125","197","105","192"," 87","246","160","255","131","275"," 94","287"," 85","281"," 70"," 68","252"
"IE-0010-941-6.dw.png","100","103","113","101","141","137","135","110","135"," 67","177","134","210","147","202","136","220","117","202","109","221"," 90","220"," 68","223"," 52","243","139","264","116","298"," 91","314"," 87","315"," 73"," 46","148"
"IE-0010-941-7.dw.png","108","104","123","103","140","140","141","111","148"," 68","183","134","216","146","207","137","228","116","209","107","228"," 90","225"," 67","230"," 51","250","137","270","116","305"," 89","322"," 84","325"," 69"," 49","150"
"IE-0010-941-8.dw.png"," 97"," 98","111"," 96","134","133","132","106","136"," 64","173","130","205","142","197","132","216","113","195","104","215"," 89","216"," 67","221"," 51","236","135","258","114","293"," 90","311"," 86","311"," 72"," 41","141"
"IE-0010-941-9.dw.png","106","124","118","121","149","158","144","130","140"," 85","189","152","225","162","213","152","231","132","211","125","231","103","230"," 81","233"," 63","257","152","277","129","312","100","328"," 94","328"," 79"," 51","175"
"IE-0011-942-1.dw.png","111"," 88","125"," 90","138","131","145","105","156"," 62","183","137","210","154","205","144","231","130","212","117","235","103","240"," 81","248"," 65","249","154","272","136","311","121","328","120","332","107"," 43","116"
"IE-0011-942-10.dw.png","110","100","124"," 99","146","138","144","108","147"," 65","191","135","217","145","210","137","230","118","214","110","232"," 90","233"," 68","237"," 50","253","138","272","118","313"," 94","327"," 90","328"," 74"," 52","142"
"IE-0011-942-11.dw.png"," 97","130","110","131","129","170","130","141","139"," 99","175","171","201","184","195","175","217","157","201","147","221","130","223","108","229"," 92","238","179","259","159","302","138","314","134","317","119"," 34","166"
"IE-0011-942-12.dw.png","105","101","118"," 98","145","135","141","107","142"," 64","185","129","215","137","206","129","226","110","207","102","226"," 81","225"," 60","229"," 42","249","127","266","104","302"," 78","319"," 71","320"," 56"," 47","146"
"IE-0011-942-3.dw.png","100","178","114","173","146","204","136","178","131","137","188","190","217","194","208","187","225","164","204","161","217","137","212","116","212"," 99","252","177","263","154","293","121","307","113","304"," 99"," 52","232"
"IE-0011-942-4.dw.png","110","101","124","100","146","140","146","112","150"," 68","189","140","218","154","212","144","234","127","216","116","237"," 98","238"," 77","244"," 61","256","149","278","129","317","107","333","104","336"," 91"," 48","137"
"IE-0011-942-5.dw.png"," 90","110","105","109","128","149","125","120","131"," 79","172","148","196","160","191","150","213","134","196","124","213","107","215"," 85","219"," 69","234","154","252","135","290","114","305","111","306"," 96"," 28","146"
"IE-0011-942-6.dw.png"," 98","113","111","110","137","147","132","118","134"," 77","180","140","207","149","199","141","219","121","199","113","219"," 94","217"," 72","221"," 55","243","140","260","118","297"," 90","311"," 86","312"," 71"," 43","158"
"IE-0011-942-7.dw.png","109","106","122","104","148","141","143","112","148"," 71","190","138","217","149","210","140","231","121","213","111","233"," 93","231"," 71","237"," 54","254","141","274","119","311"," 94","326"," 90","326"," 75"," 50","150"
"IE-0011-942-8.dw.png","121","134","133","131","163","166","157","139","154"," 97","202","159","230","168","221","159","241","137","222","131","239","110","236"," 89","238"," 73","265","156","282","132","317","103","330"," 98","328"," 84"," 66","182"
"IE-0011-942-9.dw.png","102","123","114","118","144","150","139","124","132"," 81","186","140","217","145","206","138","223","116","205","111","219"," 89","215"," 67","216"," 51","248","132","262","108","297"," 77","310"," 71","308"," 55"," 53","175"
"IE-0012-943-10.dw.png","112"," 94","125"," 93","146","131","147","103","148"," 62","185","130","213","143","206","133","226","115","213","107","231"," 88","231"," 67","237"," 51","247","137","267","117","302"," 97","322"," 92","324"," 78"," 52","135"
"IE-0012-943-11.dw.png"," 98","110","111","108","135","144","133","118","134"," 76","176","140","204","152","197","143","214","124","203","116","220"," 97","218"," 74","223"," 57","241","143","260","123","297"," 98","313"," 92","314"," 79"," 37","154"
"IE-0012-943-12.dw.png","126"," 94","140"," 94","162","139","161","109","170"," 68","201","143","224","159","218","148","243","132","229","121","249","105","253"," 82","261"," 66","260","158","280","140","324","122","339","121","347","108"," 58","127"
"IE-0012-943-2.dw.png","112"," 87","124"," 86","144","124","145"," 98","149"," 58","179","126","205","140","198","129","220","113","209","106","227"," 89","226"," 68","236"," 53","239","136","259","117","298"," 97","318"," 95","322"," 83"," 49","123"
"IE-0012-943-3.dw.png","121","102","136","103","155","143","160","116","167"," 72","196","144","224","160","218","149","237","131","228","125","248","106","250"," 83","259"," 66","261","157","281","139","322","118","341","115","347","101"," 60","138"
"IE-0012-943-4.dw.png","113"," 97","127"," 95","147","131","149","104","151"," 61","191","128","218","140","211","130","228","111","216","104","233"," 84","233"," 62","240"," 45","253","133","269","112","307"," 87","326"," 81","329"," 67"," 56","139"
"IE-0012-943-5.dw.png","122","102","137","101","155","141","159","114","164"," 72","195","144","219","160","214","149","237","132","222","122","246","105","247"," 84","255"," 68","258","156","278","137","321","117","336","114","339","101"," 55","135"
"IE-0012-943-6.dw.png","103","141","117","137","147","170","137","141","135","100","189","158","215","164","208","156","223","133","207","129","222","106","219"," 85","220"," 67","251","150","263","125","296"," 94","310"," 87","314"," 73"," 52","195"
"IE-0012-943-7.dw.png","102","120","114","119","138","159","135","130","136"," 89","176","157","204","171","197","162","218","143","203","134","222","115","224"," 94","230"," 78","241","165","260","144","299","122","317","118","320","104"," 37","161"
"IE-0012-943-8.dw.png","105"," 95","120"," 94","137","135","140","107","149"," 63","178","136","205","153","199","141","220","124","208","114","229"," 98","233"," 75","240"," 57","242","149","265","129","304","110","322","107","327"," 93"," 40","130"
"IE-0013-944-1.dw.png","106"," 95","122"," 94","137","131","139","104","146"," 64","177","131","205","144","199","135","219","117","205","109","224"," 90","224"," 68","232"," 52","241","139","259","121","300"," 96","318"," 92","324"," 79"," 44","134"
"IE-0013-944-10.dw.png","115","120","129","118","150","155","152","128","153"," 84","191","149","223","160","216","150","231","131","219","124","233","104","231"," 82","236"," 65","258","150","273","129","306","103","326"," 96","327"," 82"," 59","165"
"IE-0013-944-11.dw.png","109","124","120","120","149","154","144","128","144"," 83","190","145","221","153","213","144","230","123","214","118","226"," 97","220"," 75","225"," 57","255","141","268","120","301"," 88","318"," 80","317"," 67"," 55","174"
"IE-0013-944-12.dw.png","136","109","149","106","175","142","171","114","172"," 72","214","136","247","146","239","136","257","116","238","109","255"," 88","252"," 66","257"," 49","280","135","300","110","332"," 85","352"," 78","355"," 63"," 80","156"
"IE-0013-944-3.dw.png","115"," 92","129"," 93","146","131","148","105","157"," 64","182","133","213","150","207","140","228","123","215","114","233"," 97","235"," 75","244"," 59","247","148","267","130","307","110","327","107","330"," 93"," 50","123"
"IE-0013-944-4.dw.png","117","100","131"," 99","152","135","152","108","154"," 65","192","132","221","143","214","134","234","115","219","108","233"," 86","232"," 65","239"," 48","255","135","272","114","304"," 90","324"," 85","325"," 69"," 59","143"
"IE-0013-944-5.dw.png","110","130","124","127","150","159","145","132","143"," 92","191","148","223","156","213","147","230","125","213","120","225"," 99","221"," 78","223"," 60","256","142","271","118","301"," 88","318"," 79","318"," 66"," 58","180"
"IE-0013-944-6.dw.png"," 98","115","110","112","137","147","135","120","133"," 78","176","140","207","150","198","141","214","121","199","114","214"," 92","211"," 71","217"," 53","241","139","256","117","293"," 87","313"," 80","313"," 66"," 44","160"
"IE-0013-944-7.dw.png","104","102","118","100","142","135","140","108","140"," 67","182","130","211","140","203","131","223","111","207","104","221"," 83","218"," 60","224"," 44","246","130","261","109","295"," 81","314"," 74","316"," 61"," 52","151"
"IE-0013-944-8.dw.png","126"," 80","140"," 80","157","120","160"," 92","170"," 53","195","122","221","139","216","128","239","112","225","103","245"," 87","246"," 64","254"," 49","258","136","277","120","316","100","337"," 98","342"," 86"," 64","113"
"IE-0013-944-9.dw.png","121"," 72","135"," 72","150","111","156"," 85","163"," 43","191","114","218","130","211","119","233","104","220"," 93","239"," 79","242"," 57","250"," 40","254","127","276","109","313"," 91","333"," 90","336"," 74"," 56","106"
"IE-0014-945-1.dw.png","107"," 89","120"," 87","147","123","141"," 95","145"," 53","188","117","216","126","207","117","229","100","209"," 91","226"," 71","222"," 49","229"," 32","249","117","267"," 95","302"," 69","320"," 62","321"," 49"," 55","136"
"IE-0014-945-10.dw.png","108"," 95","122"," 94","143","134","142","106","149"," 64","182","134","208","148","201","138","220","121","204","111","225"," 94","225"," 73","234"," 57","243","144","264","126","298","106","316","102","319"," 88"," 52","133"
"IE-0014-945-11.dw.png","148","102","162","101","183","139","183","111","188"," 66","225","135","252","146","245","137","265","119","249","110","267"," 89","265"," 67","271"," 50","289","138","307","118","344"," 92","361"," 86","362"," 71"," 92","146"
"IE-0014-945-12.dw.png","112","114","124","112","148","151","147","122","149"," 77","193","147","218","159","210","149","232","130","213","121","232","101","232"," 78","238"," 61","253","151","275","130","311","106","327","100","328"," 85"," 55","159"
"IE-0014-945-2.dw.png","120"," 95","135"," 94","159","131","157","102","159"," 62","199","128","225","140","218","131","238","113","220","102","238"," 85","238"," 63","245"," 47","258","133","277","113","312"," 89","333"," 83","337"," 68"," 64","137"
"IE-0014-945-3.dw.png","106"," 97","119"," 95","138","133","140","105","145"," 61","181","131","205","144","198","133","218","114","203","107","219"," 87","219"," 65","226"," 50","238","136","258","114","294"," 93","310"," 87","312"," 74"," 51","139"
"IE-0014-945-4.dw.png"," 95","134","110","129","138","163","132","135","128"," 92","180","152","209","157","200","150","217","126","194","121","211"," 98","204"," 75","207"," 57","242","142","258","117","289"," 84","305"," 76","304"," 61"," 48","188"
"IE-0014-945-5.dw.png","120","123","133","121","159","154","153","127","154"," 84","198","147","226","157","217","147","234","126","216","119","234"," 99","231"," 78","235"," 61","260","144","275","121","306"," 95","326"," 87","326"," 72"," 70","174"
"IE-0014-945-6.dw.png","131","140","143","137","170","170","166","143","163","100","211","161","240","169","232","161","250","140","230","133","246","111","243"," 89","247"," 72","274","156","290","133","324","104","339"," 96","337"," 81"," 81","192"
"IE-0014-945-7.dw.png","115","110","129","107","152","145","151","116","154"," 74","196","139","221","151","213","141","234","123","216","115","234"," 95","233"," 73","239"," 57","255","142","272","122","309"," 96","326"," 91","327"," 76"," 63","154"
"IE-0014-945-8.dw.png","101","135","114","130","146","159","134","133","130"," 92","185","146","214","149","205","142","218","120","200","116","211"," 93","204"," 73","206"," 55","245","132","256","108","283"," 76","301"," 65","300"," 50"," 61","191"
"IE-0014-945-9.dw.png","114"," 84","129"," 84","143","123","149"," 96","156"," 55","186","125","209","139","202","130","226","113","212","104","228"," 87","229"," 65","236"," 48","245","136","265","117","302"," 98","318"," 96","321"," 81"," 56","122"
"IE-0015-946-1.dw.png","106","192","120","184","155","211","143","186","131","148","192","193","220","195","211","189","226","162","202","162","213","137","206","117","206"," 99","254","172","262","147","289","111","304","101","300"," 86"," 70","252"
"IE-0015-946-10.dw.png"," 88","161","101","153","137","179","124","154","110","115","173","160","202","161","192","155","203","129","182","129","193","104","186"," 84","185"," 66","232","141","241","113","265"," 79","280"," 68","277"," 53"," 54","223"
"IE-0015-946-11.dw.png","100","194","114","186","150","212","137","187","123","146","187","193","216","195","206","189","220","161","200","161","207","138","198","117","197"," 98","246","174","256","146","281","109","292","101","289"," 85"," 64","258"
"IE-0015-946-12.dw.png","103","160","114","153","154","177","139","154","124","114","188","159","214","163","203","157","218","130","199","130","204","106","196"," 87","197"," 68","242","143","252","116","278"," 80","293"," 70","290"," 55"," 68","221"
"IE-0015-946-2.dw.png","102","236","111","227","154","243","134","221","111","186","187","215","213","210","202","206","208","176","189","179","189","154","178","135","174","117","236","180","239","152","257","107","268"," 96","258"," 81"," 78","310"
"IE-0015-946-3.dw.png","101","181","115","172","154","198","137","174","122","136","190","178","216","181","206","175","220","147","198","147","205","122","198","102","198"," 84","246","158","254","132","281"," 93","295"," 83","290"," 70"," 66","245"
"IE-0015-946-4.dw.png","105","188","119","179","156","205","143","181","127","143","190","187","218","189","209","183","222","157","201","156","210","132","203","112","203"," 94","248","167","258","141","284","106","300"," 96","296"," 81"," 69","249"
"IE-0015-946-6.dw.png","100","138","113","134","144","166","135","138","133"," 95","186","152","214","160","205","151","222","127","206","123","216","100","211"," 79","212"," 60","249","143","262","117","292"," 86","309"," 77","308"," 60"," 53","198"
"IE-0015-946-7.dw.png","100","235","111","225","154","243","134","221","114","185","185","218","214","214","202","211","208","183","191","186","193","160","181","142","178","126","236","189","241","161","258","122","271","107","265"," 93"," 78","303"
"IE-0015-946-8.dw.png","108","157","121","150","153","177","142","152","132","112","194","159","221","162","212","156","224","131","205","129","214","104","208"," 85","208"," 68","251","142","259","119","287"," 84","302"," 75","301"," 59"," 68","216"
"IE-0015-946-9.dw.png"," 88","145","102","137","135","164","123","139","112"," 97","173","145","203","148","191","141","206","116","188","115","195"," 90","186"," 70","185"," 52","234","126","241","102","266"," 66","283"," 55","280"," 39"," 51","209"
"IE-0016-947-1.dw.png","142","133","155","133","178","172","175","144","180","102","219","170","244","183","238","172","258","155","243","146","261","125","261","102","266"," 88","281","175","299","155","338","130","355","125","356","111"," 86","174"
"IE-0016-947-10.dw.png","121","148","135","143","166","174","158","148","150","107","207","161","236","166","228","158","246","134","222","131","237","107","231"," 86","234"," 70","269","150","282","125","311"," 92","328"," 82","327"," 71"," 74","204"
"IE-0016-947-11.dw.png","100","145","112","141","137","174","136","148","130","109","180","165","210","172","202","164","219","144","202","139","216","116","212"," 95","214"," 77","244","160","258","138","293","105","309"," 98","306"," 83"," 45","196"
"IE-0016-947-12.dw.png","104","154","119","150","153","179","141","153","132","113","193","165","224","169","213","161","229","139","208","134","223","112","216"," 89","217"," 74","256","152","266","128","296"," 94","312"," 84","310"," 70"," 61","211"
"IE-0016-947-2.dw.png","116","110","132","110","157","150","152","120","156"," 79","197","149","224","163","218","152","240","134","221","124","243","106","242"," 82","250"," 66","259","157","280","137","321","114","338","110","341"," 95"," 56","150"
"IE-0016-947-3.dw.png","122","133","134","130","161","167","157","138","156"," 95","201","160","232","169","224","161","243","139","223","132","240","109","237"," 86","242"," 71","266","158","284","134","321","105","335"," 99","336"," 84"," 69","184"
"IE-0016-947-4.dw.png","105","145","118","139","151","168","141","142","131","101","192","152","222","156","213","148","228","125","206","122","220"," 98","214"," 75","217"," 58","255","137","265","113","296"," 77","311"," 67","309"," 54"," 62","203"
"IE-0016-947-5.dw.png","109","118","123","115","151","150","145","122","145"," 81","193","144","222","153","214","144","233","123","215","116","231"," 95","229"," 73","235"," 56","255","142","272","120","309"," 89","326"," 83","327"," 68"," 54","168"
"IE-0016-947-6.dw.png","115"," 71","131"," 71","154","110","153"," 82","155"," 40","195","110","222","125","216","114","238"," 97","219"," 87","239"," 69","239"," 46","247"," 33","257","119","277","100","316"," 78","332"," 75","335"," 61"," 58","109"
"IE-0016-947-7.dw.png","136"," 84","150"," 84","169","122","171"," 97","176"," 56","211","124","239","140","233","129","254","112","237","102","258"," 86","259"," 63","266"," 48","273","136","294","117","334"," 95","348"," 93","352"," 78"," 74","119"
"IE-0016-947-8.dw.png","104","109","119","110","138","151","138","122","146"," 79","178","153","206","171","199","159","224","143","206","131","228","116","231"," 93","241"," 78","243","167","264","149","303","130","323","128","327","113"," 39","143"
"IE-0016-947-9.dw.png"," 89"," 89","104"," 89","129","129","125","100","129"," 59","171","127","196","141","191","131","215","113","195","104","215"," 85","214"," 63","220"," 49","233","135","252","115","290"," 93","308"," 88","311"," 76"," 31","128"
"IE-0017-948-1.dw.png","129","145","142","142","169","178","166","149","162","104","214","168","241","176","234","167","253","145","234","140","248","117","245"," 96","250"," 76","276","163","290","139","328","106","345","100","345"," 84"," 76","197"
"IE-0017-948-10.dw.png","112"," 83","126"," 83","141","120","147"," 95","153"," 52","185","121","211","135","206","125","226","109","207"," 98","229"," 82","230"," 60","239"," 46","249","131","266","113","305"," 92","325"," 89","329"," 75"," 52","119"
"IE-0017-948-11.dw.png","129"," 71","143"," 73","156","119","160"," 89","178"," 49","197","125","220","145","216","133","241","120","225","108","248"," 95","254"," 73","264"," 60","256","147","279","131","321","118","340","119","348","107"," 63"," 98"
"IE-0017-948-12.dw.png","115","120","129","118","153","155","150","129","150"," 88","192","152","217","165","210","154","231","137","211","128","231","110","235"," 88","240"," 72","255","157","270","137","308","113","328","107","330"," 94"," 58","164"
"IE-0017-948-2.dw.png"," 97"," 91","110"," 92","128","134","127","104","138"," 65","168","137","190","154","185","142","208","127","191","116","214","101","218"," 80","228"," 65","227","152","245","134","288","115","310","114","314"," 99"," 34","126"
"IE-0017-948-3.dw.png","135"," 90","148"," 90","173","133","172","103","175"," 60","215","133","240","149","235","139","256","121","238","109","258"," 92","263"," 69","273"," 54","276","145","298","124","340","103","359"," 99","363"," 85"," 75","128"
"IE-0017-948-5.dw.png"," 88","142","101","136","131","167","125","141","118","100","169","154","199","159","190","151","207","128","187","124","201","102","196"," 81","200"," 63","233","141","244","118","274"," 85","292"," 75","290"," 60"," 45","195"
"IE-0017-948-6.dw.png","108","103","121","104","129","148","136","120","155"," 82","168","158","192","179","187","167","213","156","200","142","223","130","230","109","240"," 97","230","183","253","169","295","158","315","160","321","148"," 38","125"
"IE-0017-948-7.dw.png","109","153","121","151","149","185","144","159","142","115","192","176","219","185","213","176","228","155","208","149","224","129","221","108","228"," 90","253","172","270","148","303","119","321","113","322","100"," 56","204"
"IE-0017-948-8.dw.png","100","109","113","107","136","143","132","116","135"," 77","174","140","201","153","194","143","214","126","195","117","215"," 98","217"," 77","225"," 62","237","145","253","126","295","100","311"," 96","313"," 83"," 42","151"
"IE-0017-948-9.dw.png","126","118","139","116","163","154","161","127","166"," 84","205","152","230","164","224","155","242","137","224","128","242","110","242"," 89","252"," 71","264","157","283","137","321","112","339","107","343"," 95"," 67","158"
"IE-0018-949-1.dw.png"," 96","120","110","118","128","157","132","131","138"," 87","171","156","200","171","193","160","212","141","199","133","216","114","215"," 91","225"," 75","233","166","251","144","291","120","310","116","313","102"," 34","160"
"IE-0018-949-10.dw.png","104"," 87","119"," 85","145","120","141"," 94","140"," 53","183","113","211","124","204","114","220"," 95","204"," 88","221"," 69","217"," 47","220"," 31","245","114","261"," 91","294"," 65","310"," 59","310"," 45"," 50","133"
"IE-0018-949-11.dw.png"," 99","129","110","125","140","159","135","131","130"," 88","181","146","209","154","201","146","216","124","198","118","213"," 96","208"," 75","210"," 58","242","141","256","117","288"," 86","302"," 79","301"," 63"," 50","183"
"IE-0018-949-12.dw.png","121","108","135","107","159","144","156","116","161"," 72","202","138","232","149","225","140","240","120","226","114","244"," 94","238"," 71","244"," 54","266","141","281","119","319"," 91","334"," 84","334"," 71"," 66","158"
"IE-0018-949-2.dw.png","104","129","117","126","141","163","140","136","143"," 92","184","158","213","169","205","160","224","140","205","132","224","115","223"," 91","231"," 75","247","160","265","139","301","116","319","111","321"," 95"," 47","176"
"IE-0018-949-3.dw.png","110","114","123","111","146","147","146","120","144"," 77","187","139","219","149","209","140","226","121","211","114","225"," 95","224"," 72","229"," 56","251","140","267","117","302"," 90","319"," 83","319"," 69"," 57","163"
"IE-0018-949-4.dw.png","108","120","121","119","140","156","139","129","147"," 89","179","155","208","172","200","160","220","143","207","134","226","118","227"," 95","234"," 81","243","167","263","147","304","125","318","121","321","108"," 47","158"
"IE-0018-949-5.dw.png"," 87","129","100","125","130","159","123","131","118"," 91","171","147","198","155","192","146","209","125","185","119","199"," 96","197"," 74","200"," 59","232","141","247","116","278"," 85","293"," 78","292"," 63"," 38","183"
"IE-0018-949-6.dw.png","108"," 91","120"," 90","145","128","142","100","145"," 59","181","125","209","138","201","127","223","110","205","100","223"," 81","222"," 60","228"," 44","245","129","262","108","297"," 85","315"," 80","317"," 66"," 52","135"
"IE-0018-949-7.dw.png","117","129","131","130","150","170","153","145","160","101","191","171","219","188","211","175","228","161","217","151","237","133","238","111","247"," 95","251","185","272","167","314","145","332","140","335","127"," 52","164"
"IE-0018-949-8.dw.png","107","157","118","152","149","180","144","155","133","113","188","166","220","170","210","162","221","139","205","135","215","112","210"," 93","213"," 75","249","154","260","128","291"," 95","309"," 84","309"," 70"," 60","216"
"IE-0018-949-9.dw.png","103"," 95","116"," 95","139","134","138","106","142"," 66","180","132","208","146","201","136","221","119","203","109","221"," 91","224"," 70","231"," 55","241","140","260","122","297"," 99","316"," 94","318"," 80"," 45","136"
"IE-0019-950-1.dw.png","137","117","150","118","163","158","171","133","183"," 95","202","164","229","184","223","173","247","159","234","148","255","134","259","112","269","100","263","184","287","169","328","155","350","154","353","141"," 74","146"
"IE-0019-950-10.dw.png","114","142","128","138","153","171","151","144","147","103","196","161","226","169","217","160","232","138","218","133","232","111","227"," 90","230"," 74","257","157","274","131","304","103","322"," 95","322"," 82"," 65","194"
"IE-0019-950-11.dw.png","107","104","121","103","139","145","142","117","151"," 77","180","148","207","164","201","153","221","137","206","126","230","112","233"," 90","241"," 75","243","161","262","145","303","126","322","124","326","111"," 43","138"
"IE-0019-950-12.dw.png","122"," 78","137"," 77","159","117","161"," 89","164"," 46","202","115","228","129","222","119","243","103","226"," 93","247"," 76","247"," 53","255"," 36","264","123","284","103","322"," 83","342"," 77","346"," 63"," 63","120"
"IE-0019-950-2.dw.png"," 97"," 96","111"," 98","125","140","131","113","143"," 73","166","146","190","164","184","152","209","141","194","127","216","114","220"," 94","230"," 80","226","164","247","149","289","135","307","134","312","122"," 37","125"
"IE-0019-950-3.dw.png","117","137","129","134","157","168","153","142","150","101","196","162","223","171","215","163","235","143","217","137","233","116","230"," 94","235"," 77","256","162","273","140","311","112","328","107","330"," 93"," 66","184"
"IE-0019-950-4.dw.png"," 96","159","110","156","129","190","132","165","130","122","170","185","202","194","194","186","213","166","198","159","213","139","210","118","215","102","236","184","251","163","288","136","306","129","308","116"," 42","202"
"IE-0019-950-5.dw.png","111","111","123","110","143","148","144","119","148"," 78","189","145","216","157","209","147","226","129","212","122","229","102","229"," 81","234"," 68","250","150","269","129","307","109","325","104","326"," 88"," 54","154"
"IE-0019-950-6.dw.png","107"," 96","122"," 99","135","141","141","114","153"," 71","175","147","199","165","194","154","217","141","201","127","225","115","232"," 93","243"," 79","235","166","258","150","298","134","320","134","324","122"," 37","125"
"IE-0019-950-7.dw.png","115","159","129","158","152","195","152","168","152","126","192","191","218","203","211","193","230","174","218","167","233","148","232","127","238","110","256","193","274","173","306","150","327","144","328","129"," 62","204"
"IE-0019-950-9.dw.png","129","106","143","104","169","136","164","110","162"," 66","206","128","238","136","229","128","243","106","230","101","244"," 78","240"," 57","244"," 41","270","125","287"," 99","319"," 72","335"," 66","335"," 51"," 81","157"
"IE-0020-951-1.dw.png","143","100","157","102","167","146","173","117","189"," 78","208","154","234","174","229","163","253","150","237","137","259","123","265","101","276"," 88","267","176","292","161","334","148","352","148","359","136"," 74","126"
"IE-0020-951-10.dw.png"," 97","172","110","169","143","201","133","175","131","134","180","191","212","198","203","189","218","168","201","163","215","142","210","122","214","104","245","185","260","161","290","133","308","124","308","110"," 48","224"
"IE-0020-951-11.dw.png"," 87","156"," 99","152","132","179","128","156","115","115","172","169","204","176","194","167","207","146","190","143","202","120","195","100","197"," 82","236","160","245","140","274","109","289","100","289"," 85"," 43","209"
"IE-0020-951-12.dw.png"," 95"," 99","109"," 98","128","136","128","108","135"," 65","170","132","198","144","191","134","212","116","194","109","211"," 91","210"," 69","217"," 53","232","139","250","117","284"," 95","302"," 91","305"," 78"," 36","142"
"IE-0020-951-2.dw.png","110"," 89","124"," 92","132","136","138","107","161"," 72","171","147","194","169","190","157","214","146","201","132","223","123","230","102","245"," 89","227","174","252","162","295","153","315","155","322","145"," 41","108"
"IE-0020-951-3.dw.png","111","101","126","102","142","139","146","114","151"," 73","181","140","211","156","204","145","226","130","209","120","228","104","229"," 83","239"," 69","245","153","266","134","302","117","325","115","329","101"," 52","137"
"IE-0020-951-4.dw.png"," 95","108","106","106","132","141","129","115","129"," 73","170","136","200","146","193","136","208","118","193","112","210"," 93","207"," 71","215"," 54","233","138","251","117","287"," 92","307"," 87","309"," 74"," 38","151"
"IE-0020-951-5.dw.png"," 91","180","103","176","138","203","124","178","119","138","172","190","206","194","194","186","207","162","190","160","203","137","194","116","196"," 97","237","177","248","151","275","120","292","110","290"," 94"," 48","240"
"IE-0020-951-6.dw.png","106","110","120","110","140","151","142","121","149"," 78","182","151","210","166","203","156","224","138","206","128","227","113","229"," 90","238"," 73","244","163","265","142","305","123","325","121","329","108"," 44","149"
"IE-0020-951-7.dw.png","129"," 74","140"," 74","159","115","160"," 88","168"," 48","195","118","222","136","217","125","237","110","224","100","243"," 86","246"," 64","255"," 49","255","136","278","118","317","104","337","103","342"," 89"," 66","107"
"IE-0020-951-8.dw.png","104"," 77","118"," 75","148","111","138"," 84","143"," 43","182","107","210","118","202","109","221"," 90","204"," 82","222"," 63","219"," 42","225"," 26","244","111","262"," 89","295"," 65","315"," 60","317"," 47"," 48","122"
"IE-0020-951-9.dw.png","121","101","133","100","158","136","157","109","157"," 68","195","133","226","143","218","134","238","116","220","108","237"," 90","237"," 70","242"," 54","260","136","278","114","310"," 91","330"," 85","332"," 72"," 66","145"
"IE-0021-952-1.dw.png","121","122","134","119","162","155","158","127","153"," 83","204","147","233","155","227","147","243","124","226","118","240"," 94","237"," 72","241"," 53","269","142","284","119","319"," 88","335"," 81","337"," 65"," 64","170"
"IE-0021-952-10.dw.png"," 90","138","102","132","138","162","127","136","116"," 94","176","147","205","151","194","145","209","119","191","117","200"," 93","193"," 71","193"," 53","236","133","249","107","278"," 70","292"," 63","289"," 48"," 46","195"
"IE-0021-952-11.dw.png","128","180","139","175","176","206","165","177","154","136","217","190","244","193","235","186","248","162","229","159","240","135","231","114","231"," 95","275","176","288","149","315","115","330","105","327"," 90"," 84","239"
"IE-0021-952-12.dw.png","114"," 87","128"," 86","149","125","153"," 99","153"," 56","192","124","221","138","213","128","232","111","218","102","232"," 84","232"," 62","239"," 45","254","132","274","114","313"," 91","329"," 88","332"," 74"," 55","124"
"IE-0021-952-2.dw.png","108"," 95","121"," 93","148","134","144","105","148"," 63","190","131","215","145","209","135","231","117","212","108","228"," 88","227"," 65","233"," 48","252","138","269","116","307"," 92","325"," 88","328"," 72"," 50","138"
"IE-0021-952-3.dw.png","110","101","123","101","140","144","143","116","151"," 74","182","150","205","166","200","156","224","141","211","130","232","114","236"," 91","244"," 76","244","167","267","150","310","133","327","133","333","119"," 40","130"
"IE-0021-952-4.dw.png"," 93"," 93","106"," 97","111","138","123","117","140"," 77","149","150","173","175","169","162","193","153","182","140","203","131","211","111","225"," 98","208","181","230","171","276","163","296","168","305","156"," 24","105"
"IE-0021-952-5.dw.png","105"," 94","120"," 92","141","130","141","102","144"," 58","184","124","217","134","209","126","231","106","207"," 98","226"," 79","223"," 56","230"," 39","251","125","270","103","307"," 76","322"," 71","327"," 57"," 50","141"
"IE-0021-952-6.dw.png","109"," 91","122"," 94","134","134","141","109","154"," 69","172","141","201","161","195","149","218","137","205","125","226","113","229"," 91","240"," 77","234","162","258","147","301","134","321","133","325","123"," 45","115"
"IE-0021-952-7.dw.png","117"," 98","131","100","143","142","148","114","163"," 74","185","149","211","169","206","157","232","145","215","131","239","119","242"," 95","252"," 81","248","170","272","155","317","139","332","139","338","127"," 49","126"
"IE-0021-952-8.dw.png"," 92"," 87","106"," 85","129","127","129"," 99","136"," 55","174","127","201","141","195","131","218","113","198","103","218"," 85","218"," 61","227"," 44","237","136","258","114","297"," 92","317"," 88","321"," 75"," 30","124"
"IE-0021-952-9.dw.png","102"," 95","116"," 95","132","133","140","109","144"," 64","174","134","208","150","200","139","222","123","208","113","224"," 97","224"," 74","233"," 58","243","145","262","127","303","107","321","103","324"," 90"," 42","129"
"IE-0022-953-10.dw.png","109"," 96","122"," 94","147","132","144","103","152"," 62","189","127","218","141","211","130","231","113","216","104","234"," 85","232"," 61","239"," 45","253","133","271","111","311"," 86","326"," 81","329"," 66"," 50","139"
"IE-0022-953-11.dw.png","100","114","113","111","139","145","138","118","136"," 76","180","136","212","144","203","135","221","114","204","109","219"," 88","215"," 68","219"," 49","244","132","259","110","294"," 80","313"," 72","311"," 57"," 49","165"
"IE-0022-953-2.dw.png","120"," 99","135","101","147","141","154","115","167"," 75","187","146","214","164","209","153","231","138","220","129","243","115","245"," 92","254"," 77","253","164","275","148","315","131","334","132","339","117"," 55","128"
"IE-0022-953-3.dw.png","117"," 98","130"," 96","147","134","154","108","157"," 66","193","131","223","147","217","136","234","118","220","110","239"," 90","239"," 68","248"," 53","257","140","277","119","315"," 96","335"," 92","338"," 77"," 57","138"
"IE-0022-953-4.dw.png","127","109","139","109","162","149","163","121","169"," 80","201","148","231","163","225","153","240","135","230","128","249","108","251"," 87","260"," 72","265","159","280","142","324","117","341","114","346"," 99"," 63","148"
"IE-0022-953-5.dw.png","131","102","145","102","163","140","167","114","174"," 74","204","140","232","156","227","146","247","129","229","120","251","103","253"," 81","262"," 65","268","151","286","133","327","112","343","109","347"," 94"," 71","139"
"IE-0022-953-6.dw.png"," 93"," 87","106"," 88","116","130","125","104","139"," 64","160","136","187","155","182","145","207","131","192","118","215","103","218"," 81","228"," 64","222","156","244","139","288","122","307","121","312","107"," 25","115"
"IE-0022-953-7.dw.png","113"," 95","127"," 96","143","139","149","113","159"," 72","184","145","212","163","207","153","229","138","215","127","238","112","241"," 90","251"," 74","246","163","269","147","314","130","331","129","336","116"," 46","125"
"IE-0022-953-8.dw.png"," 96"," 79","110"," 84","116","125","128","104","147"," 65","156","139","179","162","176","150","202","141","189","127","213","117","220"," 97","233"," 84","213","168","239","157","281","148","298","150","305","139"," 26"," 96"
"IE-0022-953-9.dw.png","117"," 99","130","105","132","149","145","123","168"," 88","174","165","193","189","191","177","219","168","207","154","232","145","242","124","257","111","229","196","254","186","302","180","320","183","328","173"," 42","112"
"IE-0023-954-1.dw.png","100","102","111","110","106","153","122","131","155"," 99","142","177","156","205","155","190","183","189","175","172","201","169","215","152","229","138","188","219","218","216","262","221","278","228","287","213"," 28","101"
"IE-0023-954-10.dw.png"," 88","145","101","140","128","172","123","144","117","102","170","159","204","164","194","155","209","134","192","130","205","108","199"," 86","202"," 67","234","152","251","125","282"," 94","301"," 84","299"," 68"," 42","201"
"IE-0023-954-11.dw.png","111"," 95","125"," 93","143","133","149","106","153"," 63","185","129","218","143","211","133","233","116","214","106","233"," 88","232"," 64","239"," 46","252","136","275","114","311"," 90","330"," 84","331"," 67"," 56","138"
"IE-0023-954-2.dw.png","111","145","125","142","150","178","146","150","145","109","190","172","220","182","211","172","229","152","214","146","229","125","229","104","233"," 85","255","172","273","148","309","121","327","115","327"," 98"," 57","194"
"IE-0023-954-3.dw.png","134","114","148","113","167","153","172","125","174"," 80","211","149","242","162","234","152","257","133","237","123","257","105","256"," 83","262"," 64","277","155","299","133","335","108","353","104","353"," 86"," 78","159"
"IE-0023-954-4.dw.png"," 96","117","111","116","131","155","130","127","138"," 85","172","154","204","167","196","157","214","140","198","130","218","113","219"," 89","226"," 73","236","162","256","142","295","120","314","116","319","101"," 37","158"
"IE-0023-954-5.dw.png"," 89","137","101","132","133","163","125","137","118"," 96","172","150","202","155","192","147","205","125","190","122","203"," 99","195"," 76","198"," 58","231","141","245","116","275"," 83","293"," 73","292"," 57"," 41","194"
"IE-0023-954-6.dw.png","106"," 92","120"," 90","142","128","140"," 99","144"," 57","183","123","213","135","207","125","225","106","208"," 99","227"," 79","225"," 57","231"," 39","247","127","266","106","302"," 81","322"," 74","323"," 59"," 48","138"
"IE-0023-954-7.dw.png"," 82","160"," 95","155","127","186","118","159","111","117","169","171","196","175","187","170","200","144","184","142","196","119","189"," 97","189"," 80","229","158","241","133","268","100","286"," 91","286"," 73"," 40","219"
"IE-0023-954-8.dw.png","117","108","131","105","157","139","155","112","153"," 69","200","130","229","139","219","131","236","110","221","105","235"," 83","231"," 62","235"," 42","263","127","277","105","312"," 76","329"," 70","328"," 52"," 67","160"
"IE-0023-954-9.dw.png","130"," 99","145"," 99","166","140","167","112","172"," 68","208","138","237","153","230","141","252","125","235","115","252"," 96","253"," 74","260"," 56","272","148","291","128","329","105","349","101","355"," 87"," 69","141"
"IE-0024-955-1.dw.png","107"," 97","122","101","131","149","138","117","157"," 81","171","160","195","182","191","170","216","159","202","146","228","134","235","112","247"," 97","230","186","255","174","299","165","321","166","323","149"," 37","120"
"IE-0024-955-10.dw.png","115","107","129","106","150","146","150","117","155"," 76","191","143","220","157","212","146","233","129","218","121","233","102","235"," 80","243"," 63","252","151","273","131","313","108","331","103","332"," 87"," 56","149"
"IE-0024-955-11.dw.png"," 96"," 89","109"," 89","126","125","128"," 99","130"," 60","165","126","192","141","184","129","208","114","190","105","209"," 88","210"," 67","217"," 51","225","136","244","117","280"," 98","300"," 93","303"," 80"," 38","127"
"IE-0024-955-12.dw.png","111","103","127","102","146","141","147","112","153"," 71","189","139","217","151","208","142","231","122","211","115","230"," 96","231"," 74","237"," 56","249","145","269","122","307"," 99","326"," 96","327"," 80"," 55","146"
"IE-0024-955-2.dw.png","141"," 92","156"," 89","181","126","181"," 98","177"," 56","224","119","256","129","248","120","266","100","249"," 93","264"," 72","261"," 50","267"," 31","290","118","307"," 96","343"," 67","362"," 61","362"," 44"," 88","140"
"IE-0024-955-3.dw.png"," 97"," 80","111"," 81","125","123","128"," 94","140"," 58","163","130","184","149","180","137","206","126","190","113","212","100","217"," 79","227"," 63","220","150","243","135","280","121","303","122","310","109"," 29","106"
"IE-0024-955-4.dw.png","102","100","116"," 99","134","135","137","107","140"," 68","177","131","207","143","197","133","218","115","203","108","219"," 88","219"," 68","227"," 49","241","134","257","114","296"," 87","315"," 83","317"," 66"," 47","144"
"IE-0024-955-5.dw.png"," 87"," 85"," 99"," 84","121","123","122"," 96","130"," 55","157","126","185","140","178","129","200","112","185","104","205"," 86","206"," 61","215"," 46","222","136","244","117","282"," 96","300"," 93","305"," 78"," 27","120"
"IE-0024-955-6.dw.png"," 99"," 99","113"," 96","140","130","133","103","135"," 63","176","125","208","136","198","126","218","107","199","101","218"," 80","215"," 57","221"," 39","243","126","261","104","297"," 77","316"," 71","315"," 55"," 50","144"
"IE-0024-955-7.dw.png"," 91"," 90","104"," 89","124","126","126","100","130"," 58","163","125","192","138","185","128","205","111","189","102","207"," 85","205"," 63","212"," 46","226","131","244","113","278"," 89","300"," 83","301"," 69"," 37","131"
"IE-0024-955-8.dw.png"," 91","110","104","108","132","140","127","114","125"," 73","173","133","201","142","191","134","212","112","192","107","206"," 86","204"," 65","206"," 46","235","130","251","105","286"," 76","304"," 71","305"," 54"," 41","160"
"IE-0024-955-9.dw.png","119","120","133","120","151","160","152","130","160"," 91","192","161","218","177","210","166","232","149","216","139","236","125","238","103","248"," 85","252","173","274","154","313","136","332","134","335","119"," 59","157"
"IE-0025-956-1.dw.png"," 93"," 84","107"," 83","128","124","129"," 95","135"," 52","167","125","196","139","186","128","211","111","194","102","214"," 83","215"," 59","223"," 42","228","134","252","113","295"," 89","310"," 85","312"," 70"," 35","123"
"IE-0025-956-10.dw.png"," 80","129"," 92","123","123","152","115","126","105"," 86","157","138","191","141","180","134","193","111","177","107","189"," 84","184"," 64","185"," 45","221","124","234"," 99","264"," 64","282"," 54","280"," 39"," 40","186"
"IE-0025-956-11.dw.png"," 90","114","103","110","128","147","129","119","128"," 75","170","142","204","152","194","142","213","122","197","115","214"," 93","210"," 69","216"," 52","240","142","257","120","295"," 90","314"," 83","315"," 68"," 38","163"
"IE-0025-956-12.dw.png"," 85"," 91"," 98"," 89","126","125","123"," 97","121"," 55","167","119","195","129","186","120","205"," 99","188"," 93","204"," 71","202"," 48","207"," 30","230","117","246"," 96","285"," 64","301"," 60","301"," 43"," 36","142"
"IE-0025-956-2.dw.png"," 82","137"," 95","133","127","166","121","139","114"," 98","166","156","194","164","183","156","199","132","182","128","197","104","192"," 83","194"," 62","225","149","240","125","274"," 90","290"," 83","288"," 66"," 37","193"
"IE-0025-956-3.dw.png"," 91","146","102","140","137","168","125","143","116","103","172","154","201","157","191","152","200","128","188","125","199","102","192"," 81","194"," 62","231","139","243","116","273"," 80","291"," 72","290"," 55"," 51","205"
"IE-0025-956-4.dw.png","102","138","113","131","146","160","136","135","127"," 95","180","147","212","151","201","144","212","120","200","116","212"," 92","204"," 71","206"," 52","243","133","255","108","286"," 71","303"," 60","300"," 46"," 59","197"
"IE-0025-956-5.dw.png"," 83","131"," 95","126","125","157","116","130","112"," 89","166","146","195","152","184","144","197","120","183","117","195"," 94","190"," 73","192"," 53","227","136","241","112","273"," 77","288"," 69","287"," 53"," 38","187"
"IE-0025-956-6.dw.png","110"," 93","123"," 91","147","128","145","100","147"," 58","184","124","213","135","202","126","222","104","209"," 98","226"," 76","223"," 54","229"," 36","244","127","263","104","301"," 75","317"," 69","318"," 53"," 58","140"
"IE-0025-956-7.dw.png"," 89"," 90","104"," 90","117","135","124","107","137"," 66","158","143","183","162","177","150","199","136","188","125","209","112","216"," 89","225"," 74","217","164","240","148","282","136","301","135","307","123"," 24","119"
"IE-0025-956-8.dw.png","124","100","137"," 98","157","139","161","111","165"," 69","199","140","227","156","219","145","241","128","227","117","247","100","250"," 77","258"," 59","265","152","285","132","329","111","348","108","352"," 92"," 67","138"
"IE-0025-956-9.dw.png","134","105","146","102","173","139","170","112","171"," 67","211","136","241","149","231","138","252","118","238","110","258"," 90","256"," 65","261"," 46","277","141","297","118","339"," 92","357"," 87","359"," 72"," 79","151"
"IE-0026-957-1.dw.png","118"," 99","131"," 95","157","128","154","101","150"," 61","198","119","227","127","219","119","236"," 98","218"," 93","233"," 70","228"," 50","231"," 30","260","115","277"," 90","310"," 60","326"," 55","326"," 38"," 68","151"
"IE-0026-957-10.dw.png","104"," 84","118"," 85","131","126","137"," 99","150"," 57","171","132","200","151","194","139","215","125","202","114","223","100","227"," 78","238"," 63","234","152","259","136","300","120","319","120","324","107"," 35","114"
"IE-0026-957-11.dw.png"," 95","106","109","104","134","141","134","112","131"," 71","177","134","206","144","199","136","217","115","199","108","215"," 88","212"," 66","217"," 47","238","136","257","114","294"," 86","310"," 80","312"," 64"," 42","152"
"IE-0026-957-12.dw.png"," 94","101","110","101","123","142","129","116","138"," 74","164","146","194","164","188","152","207","137","192","126","216","111","218"," 87","227"," 71","227","162","253","143","293","126","310","124","315","109"," 32","134"
"IE-0026-957-2.dw.png"," 97","178","109","170","145","193","134","169","118","128","184","171","215","169","203","165","213","139","195","139","202","116","192"," 98","192"," 78","242","148","251","121","274"," 84","288"," 74","283"," 58"," 65","242"
"IE-0026-957-3.dw.png","103"," 99","118"," 98","138","136","140","110","145"," 67","178","137","208","152","201","141","219","124","204","114","225"," 96","224"," 74","232"," 56","241","148","263","127","301","106","318","103","324"," 87"," 44","136"
"IE-0026-957-4.dw.png","135"," 88","148"," 88","162","129","168","102","179"," 62","204","135","230","152","224","140","244","124","233","115","253"," 99","256"," 77","263"," 59","266","150","289","132","329","116","346","116","350"," 98"," 67","123"
"IE-0026-957-5.dw.png"," 92"," 92","104"," 94","113","138","123","112","138"," 73","154","149","177","171","175","159","198","149","185","135","209","124","214","101","225"," 88","213","176","236","163","280","155","298","156","307","144"," 24","112"
"IE-0026-957-7.dw.png","155"," 88","169"," 88","186","131","187","100","196"," 60","223","133","252","150","247","139","270","123","254","113","274"," 94","277"," 71","286"," 55","286","148","310","129","352","108","369","106","375"," 90"," 91","124"
"IE-0026-957-8.dw.png","118"," 73","133"," 75","142","117","152"," 91","167"," 51","181","128","207","151","204","139","228","127","213","114","238","102","243"," 81","255"," 68","244","155","269","143","311","132","331","133","338","120"," 49"," 93"
"IE-0026-957-9.dw.png","102","109","117","110","131","149","136","125","145"," 82","171","153","201","171","195","160","215","145","199","134","224","119","225"," 96","234"," 79","235","170","260","151","299","134","318","133","322","116"," 39","142"
"IE-0027-958-1.dw.png","164","142","178","136","208","166","198","138","187"," 97","245","148","278","149","267","143","277","118","261","118","270"," 92","262"," 72","263"," 53","306","132","317","104","344"," 70","358"," 60","356"," 44","127","203"
"IE-0027-958-10.dw.png","163","118","179","118","197","161","197","131","207"," 92","237","166","264","184","258","173","278","157","265","147","288","132","292","111","301"," 92","301","183","320","168","364","150","386","150","391","135"," 98","148"
"IE-0027-958-11.dw.png","130"," 87","145"," 90","149","132","159","106","176"," 70","187","144","208","166","205","153","227","143","217","131","239","121","247","103","260"," 88","245","172","265","160","307","153","325","155","332","141"," 65","108"
"IE-0027-958-12.dw.png","147","107","163","107","178","148","182","119","192"," 79","219","151","246","167","241","157","262","141","250","132","269","117","272"," 95","281"," 78","280","165","302","149","341","133","363","130","367","115"," 87","140"
"IE-0027-958-2.dw.png","141"," 70","154"," 72","168","116","173"," 87","186"," 46","205","121","230","141","225","129","247","115","235","104","259"," 90","264"," 67","277"," 51","268","142","291","125","332","113","351","112","358"," 96"," 72","100"
"IE-0027-958-3.dw.png","116","113","130","109","157","143","150","115","149"," 74","193","136","225","145","217","135","235","115","217","109","233"," 88","230"," 65","234"," 47","260","133","274","112","313"," 82","330"," 76","332"," 61"," 64","163"
"IE-0027-958-4.dw.png","115","111","130","108","155","146","151","117","152"," 77","192","141","225","152","218","142","233","123","218","115","237"," 96","236"," 73","242"," 55","261","143","276","123","315"," 95","336"," 88","337"," 74"," 59","156"
"IE-0027-958-5.dw.png","112"," 79","124"," 83","125","127","138","102","158"," 65","162","142","181","167","178","153","201","145","192","133","217","122","227","104","240"," 89","210","175","234","164","280","160","299","166","309","154"," 42"," 92"
"IE-0027-958-6.dw.png","105"," 77","118"," 77","134","120","137"," 91","146"," 52","169","124","194","143","189","131","212","117","198","105","220"," 92","225"," 69","235"," 53","231","143","252","126","291","110","310","107","318"," 92"," 41","108"
"IE-0027-958-7.dw.png","110","117","124","116","147","155","144","125","148"," 84","185","154","211","166","205","156","226","139","210","130","227","111","229"," 88","237"," 70","247","159","266","140","303","118","323","111","327"," 98"," 52","160"
"IE-0027-958-8.dw.png","129","121","141","116","168","152","165","124","160"," 82","204","143","236","151","228","143","244","122","226","116","243"," 94","239"," 72","245"," 53","271","139","284","116","317"," 87","334"," 79","335"," 63"," 79","172"
"IE-0027-958-9.dw.png","121","117","135","114","158","153","158","124","159"," 83","199","150","225","163","219","153","239","134","226","127","242","108","244"," 86","250"," 69","262","156","280","137","317","113","336","108","339"," 94"," 64","159"
"IE-0028-959-1.dw.png"," 97","108","113","110","123","152","132","124","141"," 83","168","158","193","176","187","164","208","150","197","139","218","125","222","103","231"," 85","227","175","249","158","290","142","310","142","313","125"," 33","142"
"IE-0028-959-10.dw.png","112","131","125","126","154","163","153","135","144"," 93","198","154","228","161","220","153","233","132","218","126","234","105","230"," 83","235"," 63","260","151","275","127","308"," 98","327"," 89","328"," 73"," 62","184"
"IE-0028-959-11.dw.png","121"," 85","133"," 88","139","134","152","109","168"," 70","177","148","199","173","196","158","221","151","209","137","235","127","242","106","256"," 90","233","179","260","169","302","162","325","165","331","151"," 51","104"
"IE-0028-959-12.dw.png"," 81","131"," 95","125","125","161","120","132","112"," 90","164","150","198","156","188","148","201","126","187","120","199"," 99","195"," 78","198"," 58","229","143","242","120","272"," 88","291"," 78","291"," 62"," 34","186"
"IE-0028-959-2.dw.png","106"," 76","120"," 77","133","123","141"," 95","152"," 53","178","133","201","150","194","140","220","127","208","114","227","100","232"," 78","243"," 60","237","153","261","137","303","123","322","124","326","106"," 39","107"
"IE-0028-959-4.dw.png"," 92","124","107","122","127","161","130","133","129"," 91","167","158","196","171","189","161","210","143","195","135","211","116","211"," 94","218"," 76","230","165","249","145","289","118","306","114","306"," 99"," 32","166"
"IE-0028-959-5.dw.png"," 78","119"," 90","120","106","162","112","136","119"," 96","148","167","172","185","168","174","187","160","176","151","195","135","198","112","208"," 97","207","185","228","168","270","151","290","149","296","135"," 14","148"
"IE-0028-959-6.dw.png"," 88","121","102","117","126","155","126","126","120"," 84","168","147","198","155","191","147","209","126","190","119","206"," 98","204"," 78","208"," 59","230","145","246","123","280"," 94","299"," 85","298"," 69"," 37","171"
"IE-0028-959-7.dw.png","126","116","140","115","160","158","163","129","167"," 88","201","159","229","175","222","163","244","147","229","137","250","120","251"," 96","260"," 79","263","171","285","152","327","130","346","125","350","110"," 63","153"
"IE-0028-959-8.dw.png","124"," 81","138"," 86","139","133","152","108","173"," 73","177","151","196","176","194","165","219","158","211","145","235","137","244","118","257","103","231","187","255","179","297","176","317","181","324","166"," 55"," 91"
"IE-0028-959-9.dw.png","107"," 90","120"," 90","139","133","142","104","148"," 63","179","136","206","153","200","141","219","126","208","117","227","100","229"," 79","238"," 62","239","152","260","134","299","117","320","113","324"," 99"," 42","123"
"IE-0029-960-1.dw.png","114"," 82","127"," 86","132","134","141","105","164"," 68","167","149","188","173","185","160","213","155","199","137","225","130","234","109","248"," 94","221","182","247","173","293","168","309","171","319","158"," 46"," 96"
"IE-0029-960-10.dw.png","100"," 81","112"," 81","129","125","134"," 97","141"," 55","168","129","193","147","188","135","212","121","197","110","217"," 94","221"," 72","230"," 55","229","146","252","128","292","109","309","107","312"," 92"," 37","115"
"IE-0029-960-11.dw.png"," 96"," 78","109"," 81","113","127","125","100","144"," 61","154","140","176","164","173","150","201","141","187","126","210","115","219"," 95","231"," 79","212","169","236","157","281","147","299","148","306","135"," 28"," 96"
"IE-0029-960-12.dw.png"," 89","102","103","103","119","146","124","118","133"," 78","160","151","186","169","180","157","200","142","190","132","209","119","211"," 98","220"," 81","220","169","243","151","280","135","299","132","302","119"," 28","134"
"IE-0029-960-2.dw.png","137"," 84","151"," 88","157","133","168","106","185"," 69","196","144","218","167","214","154","241","145","227","130","253","120","258"," 99","271"," 83","252","173","278","160","323","150","338","151","345","137"," 69","107"
"IE-0029-960-3.dw.png","128"," 87","143"," 92","141","137","156","111","178"," 77","181","155","199","180","196","166","225","162","211","143","237","137","249","120","262","105","233","189","258","180","304","177","319","180","327","166"," 57","100"
"IE-0029-960-4.dw.png"," 81"," 89"," 96"," 89","113","132","113"," 99","126"," 61","154","133","181","152","174","139","197","124","181","112","202"," 96","204"," 76","213"," 58","216","148","238","130","277","111","294","107","297"," 91"," 19","125"
"IE-0029-960-5.dw.png"," 90","157","103","151","136","183","127","156","120","115","173","172","206","175","195","168","210","145","193","141","205","118","198"," 98","200"," 77","237","160","249","136","279","100","294"," 91","291"," 75"," 47","214"
"IE-0029-960-6.dw.png"," 66"," 68"," 79"," 68"," 92","104"," 96"," 78","105"," 42","129","105","155","122","150","110","170"," 97","157"," 86","177"," 73","179"," 52","187"," 37","189","120","209","103","247"," 86","261"," 83","265"," 68","  7"," 99"
"IE-0029-960-7.dw.png","102"," 82","114"," 86","122","133","131","105","150"," 68","158","147","180","170","177","157","203","149","191","133","213","125","221","104","234"," 89","215","176","239","166","280","157","299","159","307","145"," 34","100"
"IE-0029-960-8.dw.png","119","109","135","109","149","150","156","122","165"," 83","191","153","218","169","213","158","236","143","219","130","241","116","243"," 95","251"," 78","254","167","274","148","317","126","332","123","334","109"," 58","144"
"IE-0029-960-9.dw.png"," 92","142","107","140","132","180","132","151","131","109","170","175","200","189","191","178","212","160","194","151","213","131","211","109","217"," 91","234","180","250","159","289","132","304","126","305","109"," 39","188"
"IE-0030-BB353-1.dw.png"," 99","140","113","132","143","162","134","136","127"," 96","181","147","214","149","204","142","215","120","199","116","212"," 93","203"," 73","202"," 55","245","131","256","107","284"," 72","299"," 61","295"," 46"," 56","197"
"IE-0030-BB353-10.dw.png","103","177","115","170","146","196","135","170","126","130","184","175","217","175","206","169","217","144","199","144","208","120","199","100","195"," 82","246","153","256","127","279"," 90","291"," 81","285"," 66"," 70","241"
"IE-0030-BB353-11.dw.png","111","145","124","139","153","171","146","144","139","102","192","158","224","161","214","155","227","130","209","127","222","104","216"," 85","215"," 66","254","146","267","122","297"," 88","313"," 79","312"," 64"," 65","201"
"IE-0030-BB353-12.dw.png","100","117","111","112","142","144","134","119","129"," 76","176","133","207","139","198","130","212","107","198","104","210"," 81","204"," 61","204"," 42","241","123","254"," 99","285"," 68","303"," 57","304"," 43"," 53","171"
"IE-0030-BB353-2.dw.png","103","116","115","111","144","143","140","116","133"," 74","183","131","216","134","206","127","221","105","204","101","215"," 79","209"," 57","209"," 40","248","119","261"," 94","291"," 63","308"," 52","306"," 39"," 56","170"
"IE-0030-BB353-3.dw.png","119","106","133","106","146","145","151","118","160"," 76","189","145","219","159","212","150","233","132","216","123","237","107","238"," 85","243"," 68","251","156","273","137","311","116","329","113","335","100"," 54","142"
"IE-0030-BB353-4.dw.png","106"," 89","119"," 87","139","124","141"," 96","144"," 53","182","119","215","129","206","119","224","100","207"," 93","226"," 74","225"," 52","227"," 34","248","121","267"," 99","304"," 74","322"," 68","324"," 53"," 48","136"
"IE-0030-BB353-5.dw.png","115"," 92","129"," 90","152","127","148"," 99","152"," 57","192","122","222","132","214","124","234","104","217"," 97","233"," 77","231"," 55","235"," 36","255","125","275","101","310"," 76","326"," 70","329"," 54"," 58","137"
"IE-0030-BB353-6.dw.png","115","106","129","101","154","134","152","107","146"," 65","195","123","227","128","217","121","231"," 98","214"," 94","228"," 73","224"," 52","225"," 35","257","115","272"," 90","303"," 60","319"," 52","319"," 37"," 66","160"
"IE-0030-BB353-7.dw.png","132","100","148"," 97","168","134","167","107","173"," 65","210","129","240","140","233","130","253","112","234","105","252"," 85","251"," 64","255"," 47","275","131","292","109","326"," 86","344"," 80","346"," 65"," 75","147"
"IE-0030-BB353-8.dw.png","120","127","134","121","161","154","155","127","152"," 86","203","142","232","147","224","140","237","118","222","114","234"," 92","229"," 72","229"," 55","264","134","277","109","305"," 82","323"," 72","321"," 57"," 74","180"
"IE-0030-BB353-9.dw.png","114","109","129","105","152","139","148","111","150"," 69","196","129","227","138","217","128","235","108","215","102","232"," 80","227"," 58","229"," 40","260","125","274","101","308"," 70","325"," 63","326"," 47"," 61","161"
"IE-0031-BB360-1.dw.png","109","121","122","114","149","147","143","120","137"," 81","192","132","224","137","215","129","226","107","211","103","224"," 81","219"," 61","219"," 43","257","121","268"," 96","299"," 67","314"," 57","311"," 43"," 63","174"
"IE-0031-BB360-10.dw.png","126"," 92","138"," 91","153","133","159","105","167"," 65","199","135","226","151","218","141","241","124","224","114","243"," 97","245"," 75","251"," 59","257","149","280","130","319","110","333","109","335"," 94"," 63","124"
"IE-0031-BB360-11.dw.png","112"," 90","125"," 90","138","131","145","105","152"," 63","181","136","208","153","201","142","225","127","207","115","229"," 99","232"," 77","241"," 62","242","151","264","133","306","115","324","114","327","101"," 48","120"
"IE-0031-BB360-12.dw.png","136"," 99","149"," 98","167","137","168","109","173"," 68","210","137","236","151","231","141","249","123","234","113","252"," 95","255"," 72","262"," 56","270","145","290","125","331","102","346"," 99","348"," 83"," 75","140"
"IE-0031-BB360-2.dw.png","114"," 79","126"," 78","144","120","146"," 91","154"," 51","191","124","218","138","211","128","233","111","216","100","238"," 82","239"," 59","245"," 44","253","136","275","116","317"," 97","330"," 94","333"," 79"," 52","115"
"IE-0031-BB360-3.dw.png","100","120","113","115","143","149","138","122","135"," 80","186","137","218","144","208","136","220","115","203","110","217"," 89","211"," 67","213"," 49","245","132","258","108","288"," 78","304"," 69","303"," 54"," 56","170"
"IE-0031-BB360-4.dw.png","100"," 98","113"," 94","139","128","136","100","132"," 58","184","116","216","122","207","115","222"," 93","201"," 89","217"," 66","212"," 45","214"," 29","248","110","263"," 87","296"," 56","310"," 49","309"," 34"," 53","148"
"IE-0031-BB360-5.dw.png","108"," 95","120"," 95","133","136","139","109","148"," 69","180","141","206","157","200","146","224","130","208","118","227","103","229"," 80","237"," 66","241","155","263","136","304","119","319","116","324","103"," 45","127"
"IE-0031-BB360-6.dw.png","107","100","122","100","135","139","140","111","149"," 69","182","140","210","155","204","144","223","127","207","118","228","100","228"," 78","236"," 62","246","150","266","131","303","111","321","107","324"," 93"," 45","136"
"IE-0031-BB360-7.dw.png","138","104","151"," 99","176","136","173","107","173"," 67","219","128","248","137","240","128","258","107","240","101","256"," 78","255"," 58","258"," 41","281","126","296","103","332"," 75","349"," 68","351"," 53"," 87","155"
"IE-0031-BB360-8.dw.png","108"," 99","123"," 96","143","134","144","106","147"," 64","189","129","217","141","209","131","226","111","210","104","227"," 84","227"," 63","232"," 46","252","132","270","110","303"," 86","321"," 80","323"," 65"," 51","142"
"IE-0031-BB360-9.dw.png","116"," 96","130"," 93","149","128","153","101","150"," 59","196","121","228","130","220","120","234","100","219"," 93","233"," 72","231"," 51","235"," 35","260","118","275"," 95","311"," 67","328"," 60","326"," 45"," 66","144"
"IE-0032-BB362-1.dw.png","115","103","129"," 99","151","134","148","107","152"," 65","194","127","225","136","217","127","233","107","214","100","231"," 80","231"," 59","235"," 43","258","126","272","104","309"," 77","325"," 70","328"," 58"," 62","152"
"IE-0032-BB362-10.dw.png","123","102","137"," 98","158","135","156","107","158"," 64","201","126","231","138","222","128","237","107","220","101","240"," 81","236"," 59","241"," 43","264","128","278","106","315"," 78","334"," 71","335"," 57"," 70","150"
"IE-0032-BB362-11.dw.png","113","107","127","104","150","139","149","112","150"," 71","192","133","223","143","214","134","230","113","217","108","232"," 85","229"," 64","233"," 47","257","132","271","111","307"," 84","326"," 76","326"," 61"," 60","153"
"IE-0032-BB362-12.dw.png","107","120","121","115","147","150","142","121","142"," 80","189","140","221","148","212","140","231","118","207","112","226"," 91","222"," 70","225"," 54","255","136","270","113","303"," 85","320"," 78","320"," 63"," 58","173"
"IE-0032-BB362-2.dw.png","106","101","119"," 97","144","128","139","102","139"," 63","183","119","215","127","205","118","220"," 97","202"," 91","218"," 71","215"," 50","218"," 34","249","112","260"," 90","292"," 64","311"," 55","312"," 40"," 56","152"
"IE-0032-BB362-3.dw.png","112"," 97","126"," 95","145","134","147","107","154"," 66","189","134","215","149","207","137","227","120","211","111","232"," 93","233"," 71","237"," 56","249","143","266","123","306","102","326"," 97","329"," 83"," 55","135"
"IE-0032-BB362-4.dw.png","120"," 99","134"," 95","155","131","155","104","154"," 63","197","124","227","134","218","125","236","104","218"," 98","235"," 76","232"," 56","235"," 39","259","123","275","101","309"," 73","327"," 67","328"," 53"," 67","147"
"IE-0032-BB362-5.dw.png","108","102","122"," 99","144","135","142","108","149"," 67","188","132","216","144","209","134","229","116","209","108","228"," 90","228"," 67","233"," 51","250","136","267","116","303"," 93","323"," 88","326"," 73"," 51","142"
"IE-0032-BB362-6.dw.png","129"," 99","143"," 96","161","133","164","106","168"," 64","208","130","236","143","228","132","248","114","233","106","249"," 85","248"," 64","252"," 48","270","135","287","114","324"," 89","343"," 83","345"," 69"," 74","142"
"IE-0032-BB362-7.dw.png","103","109","117","104","138","139","138","112","139"," 71","180","131","212","140","203","132","219","111","203","105","220"," 83","216"," 61","219"," 45","244","129","260","107","294"," 81","314"," 73","314"," 58"," 53","158"
"IE-0032-BB362-8.dw.png","120"," 99","132"," 94","151","128","151","102","154"," 62","194","122","223","132","216","122","231","103","215"," 95","231"," 75","230"," 54","234"," 39","259","119","272"," 99","305"," 71","323"," 64","323"," 51"," 66","144"
"IE-0032-BB362-9.dw.png","119","105","130","101","155","135","152","109","153"," 67","197","127","229","138","220","128","235","108","216"," 99","234"," 80","233"," 60","238"," 43","264","125","280","103","313"," 76","331"," 69","332"," 55"," 64","153"
"IE-0033-BB374-108.dw.png","110","116","126","112","153","150","149","121","148"," 78","195","143","224","153","215","144","234","124","216","116","233"," 96","232"," 73","236"," 54","256","144","277","120","312"," 94","329"," 89","328"," 71"," 57","165"
"IE-0033-BB374-112.dw.png","137","101","154","100","174","138","171","109","178"," 70","212","135","241","149","234","139","254","121","238","113","257"," 94","255"," 72","262"," 54","276","143","295","120","330"," 98","351"," 93","352"," 79"," 79","141"
"IE-0033-BB374-146.dw.png","132","116","144","112","176","144","167","117","163"," 75","212","134","242","141","233","132","249","110","232","106","247"," 84","240"," 62","243"," 41","276","127","289","103","321"," 71","337"," 63","334"," 48"," 82","168"
"IE-0033-BB374-148.dw.png","115","102","131","102","151","142","152","112","156"," 71","192","140","221","154","214","144","236","126","219","117","240"," 99","240"," 77","247"," 60","254","150","277","130","314","107","336","102","338"," 87"," 55","141"
"IE-0033-BB374-153.dw.png","116","201","131","197","157","234","154","205","153","165","196","228","225","238","218","229","238","209","220","201","236","181","235","159","240","140","259","228","277","207","312","180","331","173","331","157"," 63","246"
"IE-0033-BB374-181.dw.png","142","114","156","110","182","146","180","118","179"," 76","223","139","254","149","246","141","266","120","249","114","265"," 91","261"," 71","267"," 53","287","139","305","117","342"," 90","360"," 84","361"," 68"," 89","159"
"IE-0033-BB374-184.dw.png","118","108","135","105","160","144","158","114","159"," 74","202","140","232","152","224","143","243","124","224","115","244"," 97","244"," 75","250"," 58","265","145","285","125","320","100","340"," 93","342"," 79"," 63","149"
"IE-0033-BB374-22.dw.png","131","106","146","105","163","143","165","114","171"," 73","202","142","233","156","227","146","249","128","231","119","251","102","251"," 78","258"," 61","270","150","288","131","326","109","344","105","349"," 89"," 72","145"
"IE-0033-BB374-52.dw.png","105","157","119","151","151","181","142","154","133","113","189","168","220","172","211","164","223","140","209","137","222","112","215"," 92","216"," 73","255","154","266","129","295"," 94","314"," 83","310"," 68"," 62","214"
"IE-0033-BB374-55.dw.png","127","110","141","108","165","143","162","116","164"," 75","206","137","235","148","227","138","243","119","229","112","245"," 93","245"," 71","250"," 53","267","138","284","117","319"," 93","340"," 85","341"," 70"," 73","154"
"IE-0033-BB374-92.dw.png","127","100","141"," 99","165","137","163","108","165"," 67","204","133","232","145","225","136","246","116","229","109","247"," 89","245"," 65","252"," 48","268","137","286","116","323"," 91","342"," 86","344"," 70"," 70","142"
"IE-0034-BB375-19.dw.png","110","118","123","116","144","153","145","126","150"," 82","183","150","214","163","205","153","228","136","211","128","228","107","227"," 85","235"," 68","249","156","267","136","307","110","322","105","325"," 91"," 53","158"
"IE-0034-BB375-22.dw.png","115","130","128","127","154","161","150","135","150"," 91","191","153","224","164","214","154","234","133","215","127","231","106","229"," 84","234"," 68","256","153","273","129","310","100","327"," 92","328"," 79"," 64","178"
"IE-0034-BB375-25.dw.png","108","173","119","168","148","197","145","172","138","132","188","184","222","189","212","181","225","159","210","156","221","133","217","112","219"," 95","254","174","267","150","298","118","313","109","312"," 94"," 60","226"
"IE-0034-BB375-36.dw.png","126","119","140","119","160","157","160","131","169"," 89","197","156","225","173","218","162","242","146","224","137","244","118","246"," 98","254"," 83","261","168","278","149","319","127","338","123","341","112"," 66","157"
"IE-0034-BB375-41.dw.png","107","149","120","145","149","177","144","152","139","110","186","167","219","175","208","167","226","146","210","142","223","119","220"," 98","224"," 81","254","162","268","139","304","109","320","102","320"," 88"," 57","200"
"IE-0034-BB375-54.dw.png","130","112","144","114","157","152","160","128","174"," 90","191","156","220","178","214","165","239","155","225","143","247","129","253","110","262"," 96","255","179","274","164","321","149","339","150","342","138"," 66","137"
"IE-0034-BB375-55.dw.png","130","123","144","121","164","159","164","130","172"," 88","205","156","237","170","230","159","253","142","232","133","251","114","253"," 92","259"," 77","272","163","290","142","330","119","347","116","350","102"," 74","164"
"IE-0034-BB375-57.dw.png","107","132","120","129","146","162","142","135","142"," 94","182","154","214","166","206","156","227","137","208","130","224","109","222"," 88","228"," 71","247","155","264","133","304","104","320"," 99","320"," 84"," 54","178"
"IE-0034-BB375-73.dw.png","116","137","129","134","152","168","151","142","151","101","188","161","219","172","211","162","227","143","214","138","229","116","228"," 96","234"," 80","253","162","270","140","305","113","322","106","322"," 92"," 64","181"
"IE-0034-BB375-74.dw.png","124","115","136","113","160","151","160","126","164"," 84","196","149","226","164","220","154","242","136","224","128","244","111","246"," 89","254"," 75","265","159","281","139","321","116","339","112","342","101"," 66","152"
"IE-0035-BB382-1.dw.png","106","102","120"," 99","142","136","143","107","146"," 65","190","129","221","140","212","130","231","111","214","103","231"," 84","229"," 61","233"," 45","255","130","272","109","309"," 80","324"," 75","322"," 61"," 53","151"
"IE-0035-BB382-10.dw.png","108","115","121","109","153","142","144","115","143"," 73","195","133","225","141","215","132","235","109","212","104","228"," 82","224"," 60","227"," 44","257","128","276","103","309"," 73","324"," 65","324"," 51"," 59","168"
"IE-0035-BB382-11.dw.png","117","110","130","109","145","148","149","120","159"," 78","191","149","216","163","212","152","233","136","219","126","236","109","236"," 87","244"," 72","256","158","276","138","312","119","330","117","333","103"," 56","148"
"IE-0035-BB382-12.dw.png","111","101","124"," 98","146","138","145","109","150"," 65","190","134","219","145","211","134","231","118","214","109","233"," 89","232"," 67","237"," 52","254","136","276","114","309"," 92","325"," 88","325"," 75"," 55","146"
"IE-0035-BB382-2.dw.png"," 99","103","113","100","141","138","136","110","138"," 65","183","134","213","146","205","135","225","117","206","109","223"," 88","222"," 66","228"," 47","249","136","271","114","304"," 89","321"," 83","320"," 68"," 43","149"
"IE-0035-BB382-3.dw.png","104","105","117","103","140","141","139","113","144"," 70","186","137","212","148","205","138","226","120","209","113","225"," 92","224"," 70","229"," 54","250","141","269","118","302"," 95","317"," 91","319"," 77"," 46","147"
"IE-0035-BB382-4.dw.png","105"," 97","119"," 95","136","134","141","105","145"," 62","188","130","217","141","209","132","231","112","213","105","229"," 84","227"," 62","232"," 45","254","133","275","110","307"," 86","321"," 81","320"," 65"," 50","145"
"IE-0035-BB382-5.dw.png","106"," 97","120"," 94","141","132","140","102","146"," 62","191","126","219","137","210","129","232","109","212","101","227"," 82","226"," 61","231"," 46","253","129","271","107","304"," 83","318"," 78","317"," 64"," 53","145"
"IE-0035-BB382-6.dw.png"," 96","102","108"," 98","137","133","131","104","130"," 62","183","123","212","131","204","123","220","101","201"," 95","216"," 73","212"," 51","215"," 34","247","118","265"," 94","297"," 65","312"," 58","312"," 42"," 45","156"
"IE-0035-BB382-7.dw.png"," 98","113","113","109","138","145","137","116","135"," 73","187","135","217","144","207","135","228","113","208","107","222"," 85","217"," 63","221"," 47","251","131","268","106","303"," 77","316"," 71","313"," 56"," 51","166"
"IE-0035-BB382-8.dw.png","115","100","129"," 99","146","139","152","112","157"," 69","192","141","219","156","213","145","234","128","218","119","238","100","240"," 77","247"," 61","256","152","277","133","318","111","332","109","334"," 93"," 54","141"
"IE-0035-BB382-9.dw.png","122"," 93","136"," 91","157","129","157"," 99","162"," 56","205","125","232","136","223","126","244","106","227"," 98","245"," 77","244"," 55","249"," 38","268","127","286","102","321"," 77","338"," 73","337"," 56"," 66","143"
"IE-0036-BB383-10.dw.png","147","116","162","115","184","154","186","128","187"," 84","227","154","255","167","248","157","269","139","254","131","271","113","270"," 90","278"," 74","290","162","310","143","350","121","367","119","371","105"," 87","158"
"IE-0036-BB383-18.dw.png","139","144","153","139","183","173","175","144","169","104","226","161","255","167","244","161","258","137","243","132","255","109","251"," 88","251"," 71","287","153","303","129","336"," 97","350"," 90","348"," 74"," 92","202"
"IE-0036-BB383-24.dw.png","122","208","137","201","170","231","161","203","150","162","214","212","243","215","233","209","247","184","228","182","238","157","230","136","231","118","275","197","286","172","316","135","330","125","327","110"," 84","267"
"IE-0036-BB383-25.dw.png","122","163","134","157","168","188","159","161","150","119","211","172","237","176","229","169","244","147","227","143","238","120","231"," 99","232"," 82","272","160","285","135","316","102","330"," 94","325"," 80"," 79","221"
"IE-0036-BB383-41.dw.png","135","108","148","107","166","147","167","119","174"," 78","207","148","236","162","230","153","251","136","235","125","252","107","254"," 87","261"," 71","269","159","289","140","329","119","346","116","350","100"," 76","146"
"IE-0036-BB383-48.dw.png","142","117","156","115","179","154","176","125","179"," 83","221","149","251","160","244","151","262","131","247","123","263","103","263"," 81","268"," 65","285","151","305","130","343","103","360"," 97","361"," 82"," 83","163"
"IE-0036-BB383-51.dw.png","124","145","136","138","171","171","160","144","154","104","210","160","237","167","230","160","245","138","226","132","239","110","235"," 89","236"," 72","270","155","285","131","316","100","332"," 93","332"," 77"," 76","197"
"IE-0036-BB383-66.dw.png","143","137","158","133","181","169","177","141","178","100","223","161","255","170","246","161","264","142","245","134","264","114","261"," 93","267"," 76","286","161","303","139","339","110","358","102","359"," 88"," 88","186"
"IE-0036-BB383-68.dw.png","127","121","141","116","170","151","161","123","158"," 82","211","141","240","149","232","141","249","121","229","114","244"," 93","241"," 72","243"," 56","271","137","288","115","321"," 85","340"," 78","340"," 64"," 78","167"
"IE-0036-BB383-69.dw.png","133","115","146","115","165","156","166","127","173"," 85","211","156","239","169","231","159","253","141","237","131","255","112","256"," 91","263"," 74","271","164","293","144","335","121","352","118","355","104"," 69","154"
"IE-0037-BB384-1.dw.png","136","106","149","102","176","139","170","109","167"," 67","216","131","248","137","240","129","256","108","236","102","253"," 80","249"," 58","254"," 37","281","125","298","100","330"," 71","347"," 62","348"," 46"," 79","158"
"IE-0037-BB384-18.dw.png","116"," 99","131"," 97","149","135","150","107","154"," 66","191","135","218","149","213","139","230","121","214","112","234"," 93","237"," 70","245"," 53","254","143","274","123","312","101","331"," 95","333"," 80"," 53","139"
"IE-0037-BB384-20.dw.png","114","108","129","105","152","139","151","114","149"," 73","190","134","223","143","214","135","230","115","213","108","232"," 88","230"," 68","236"," 50","258","133","274","112","308"," 86","328"," 79","329"," 65"," 63","152"
"IE-0037-BB384-22.dw.png","112","108","127","106","147","142","146","113","147"," 72","191","135","222","144","214","136","228","116","212","109","231"," 89","229"," 66","236"," 49","253","136","270","114","305"," 86","322"," 79","325"," 64"," 56","155"
"IE-0037-BB384-35.dw.png","123","102","138","100","158","135","157","109","160"," 69","198","134","228","145","222","136","239","118","223","109","241"," 91","240"," 70","247"," 53","263","138","283","118","317"," 94","337"," 89","339"," 74"," 63","140"
"IE-0037-BB384-37.dw.png","123","135","138","132","167","165","160","138","155"," 95","208","156","241","163","231","154","246","132","226","127","242","106","238"," 84","241"," 64","271","151","289","125","320"," 94","338"," 84","337"," 70"," 66","186"
"IE-0037-BB384-38.dw.png","119"," 72","135"," 73","153","113","154"," 85","162"," 43","193","114","224","130","217","121","238","103","218"," 93","241"," 76","244"," 53","253"," 37","257","128","281","107","317"," 89","335"," 84","337"," 68"," 54","107"
"IE-0037-BB384-48.dw.png","136"," 79","148"," 81","156","121","166"," 98","178"," 59","193","131","218","152","215","141","237","129","226","118","247","106","252"," 85","264"," 71","255","156","277","142","317","131","336","130","342","117"," 67","102"
"IE-0037-BB384-50.dw.png","110","116","126","111","152","143","147","116","142"," 76","193","135","224","142","215","134","229","110","214","106","228"," 84","223"," 63","226"," 45","257","128","271","104","303"," 74","321"," 65","321"," 50"," 57","166"
"IE-0037-BB384-52.dw.png"," 95","106","108","102","137","135","135","108","128"," 64","180","125","212","131","205","124","221","101","202"," 96","215"," 73","211"," 51","214"," 32","243","119","261"," 95","295"," 64","313"," 55","313"," 40"," 45","158"
"IE-0037-BB384-72.dw.png","107","142","122","137","153","168","142","142","137"," 99","191","159","224","164","215","156","231","134","210","129","225","106","220"," 84","223"," 63","254","151","271","126","304"," 93","321"," 84","319"," 68"," 55","196"
"IE-0037-BB384-73.dw.png","108","120","121","116","149","150","143","121","138"," 80","189","141","220","148","212","140","225","118","209","113","224"," 90","221"," 68","226"," 50","251","136","266","113","299"," 82","316"," 74","318"," 57"," 55","170"
"IE-0038-BB389-1.dw.png"," 83","168"," 97","159","132","184","120","160","105","123","169","165","199","166","187","161","200","135","181","134","192","111","180"," 91","178"," 74","231","145","239","119","263"," 81","274"," 72","270"," 57"," 48","226"
"IE-0038-BB389-13.dw.png","123","111","137","107","164","143","162","116","161"," 77","204","137","235","146","227","137","243","117","227","110","245"," 90","242"," 68","244"," 52","269","135","287","111","322"," 84","339"," 78","338"," 62"," 72","159"
"IE-0038-BB389-16.dw.png","107","142","119","138","151","171","142","144","138","104","191","161","218","168","209","160","226","139","211","134","224","113","218"," 92","221"," 75","253","155","267","132","298","103","313"," 95","312"," 83"," 59","192"
"IE-0038-BB389-17.dw.png","108","142","121","138","147","173","145","147","141","104","188","164","216","173","209","164","224","142","205","137","223","116","220"," 95","223"," 78","253","159","266","137","297","108","315"," 99","312"," 84"," 53","189"
"IE-0038-BB389-22.dw.png","121","102","135","102","153","141","157","114","161"," 75","196","141","224","155","215","144","238","127","220","117","239","102","241"," 81","248"," 65","259","149","280","130","317","109","335","106","337"," 92"," 59","140"
"IE-0038-BB389-24.dw.png","106","117","122","114","145","150","143","122","142"," 82","188","144","216","154","210","145","228","123","211","116","226"," 96","223"," 75","227"," 57","252","143","267","121","298"," 95","318"," 87","318"," 71"," 53","166"
"IE-0038-BB389-26.dw.png","105","135","119","131","144","166","141","139","136"," 98","185","159","216","168","206","159","226","138","204","130","222","110","218"," 89","222"," 73","251","156","268","133","300","105","317"," 98","318"," 85"," 53","185"
"IE-0038-BB389-35.dw.png","108","112","121","110","147","148","146","121","145"," 79","190","144","215","155","210","147","229","127","213","119","230"," 98","228"," 75","232"," 60","253","147","270","125","308","100","324"," 95","326"," 79"," 55","154"
"IE-0038-BB389-38.dw.png","112","108","127","106","147","145","149","118","152"," 78","190","143","218","156","211","146","232","128","215","120","233","101","233"," 80","239"," 64","253","149","273","128","309","105","326"," 99","327"," 86"," 55","146"
"IE-0038-BB389-39.dw.png","123","149","138","146","167","178","162","153","161","110","208","169","239","177","229","168","244","146","231","142","244","121","239","100","243"," 83","272","164","288","140","319","112","334","104","332"," 91"," 76","202"
"IE-0038-BB389-47.dw.png","141","105","158","104","179","144","179","117","185"," 74","224","143","250","157","243","147","262","128","248","120","265","102","265"," 80","271"," 63","286","152","306","130","342","108","359","102","361"," 88"," 84","145"
"IE-0038-BB389-56.dw.png","134","120","147","115","174","151","171","123","170"," 81","216","143","245","152","238","143","254","123","239","117","253"," 96","248"," 76","251"," 58","279","142","297","118","330"," 92","348"," 84","350"," 69"," 80","165"
"IE-0039-BB391-12.dw.png","107"," 96","120"," 94","143","131","143","102","142"," 62","187","125","216","136","208","126","227","106","209"," 98","228"," 78","226"," 56","231"," 40","250","126","268","105","310"," 76","324"," 71","325"," 56"," 53","142"
"IE-0039-BB391-13.dw.png"," 95","209","108","203","139","233","130","207","123","166","179","218","209","222","199","216","214","190","194","187","206","164","199","143","199","125","243","203","254","179","284","141","297","134","295","119"," 52","266"
"IE-0039-BB391-18.dw.png","116"," 92","130"," 92","146","133","149","106","159"," 64","189","134","217","150","210","140","233","123","216","113","236"," 97","237"," 75","244"," 60","253","147","274","129","316","108","330","106","333"," 93"," 53","127"
"IE-0039-BB391-22.dw.png","107","111","121","109","147","145","142","119","141"," 79","186","141","217","151","208","142","229","122","208","115","227"," 94","225"," 73","228"," 57","253","143","270","120","309"," 93","325"," 87","326"," 75"," 52","156"
"IE-0039-BB391-25.dw.png","117"," 94","130"," 94","148","133","153","107","160"," 67","189","136","219","153","212","142","233","126","216","115","239","101","242"," 79","248"," 63","254","150","274","133","317","114","331","112","334"," 97"," 55","129"
"IE-0039-BB391-31.dw.png","113"," 92","128"," 91","148","130","147","102","154"," 62","190","132","216","145","208","135","230","117","214","107","234"," 89","234"," 67","238"," 50","251","140","272","119","312"," 97","330"," 95","331"," 77"," 53","130"
"IE-0039-BB391-32.dw.png","117"," 95","132"," 95","144","135","150","107","161"," 69","190","139","212","154","207","144","231","129","219","120","238","103","243"," 82","246"," 66","252","154","272","137","316","119","332","118","334","104"," 54","128"
"IE-0039-BB391-38.dw.png","106","110","122","107","144","144","144","118","146"," 77","188","140","218","151","210","141","229","122","212","115","230"," 94","227"," 73","230"," 56","252","142","270","121","309"," 94","326"," 89","326"," 75"," 52","155"
"IE-0039-BB391-44.dw.png","118"," 90","131"," 91","142","131","149","107","162"," 68","185","139","209","157","205","145","228","132","215","122","235","106","241"," 84","247"," 71","246","157","265","142","310","126","328","126","332","116"," 53","119"
"IE-0039-BB391-46.dw.png","115"," 97","129"," 96","145","136","150","110","160"," 68","191","140","218","155","212","146","233","128","216","118","238","102","240"," 79","247"," 64","253","152","276","134","320","113","334","111","335"," 98"," 53","130"
"IE-0039-BB391-52.dw.png","109","107","122","105","144","142","143","115","147"," 76","187","139","216","152","208","142","228","124","211","116","229"," 97","227"," 76","232"," 60","250","145","267","125","307"," 99","319"," 96","320"," 82"," 54","148"
"IE-0040-BB398-11.dw.png","115","109","128","109","142","148","147","121","155"," 79","185","150","212","165","206","155","227","139","210","129","229","112","233"," 91","241"," 75","244","162","265","144","304","125","321","121","320","106"," 55","147"
"IE-0040-BB398-18.dw.png","124","109","137","109","159","146","160","119","163"," 75","205","143","234","156","226","146","244","128","227","120","247","101","245"," 79","251"," 63","267","149","287","128","323","103","337"," 99","338"," 87"," 69","155"
"IE-0040-BB398-21.dw.png","112","120","124","117","146","154","147","128","148"," 85","188","151","219","162","212","153","228","133","212","126","230","106","229"," 83","233"," 66","253","154","270","133","307","107","323","102","325"," 86"," 55","165"
"IE-0040-BB398-24.dw.png","135","143","149","139","173","173","171","145","166","105","217","163","250","169","239","160","256","138","237","133","252","111","248"," 89","251"," 72","281","156","299","128","328","100","346"," 92","343"," 77"," 84","196"
"IE-0040-BB398-26.dw.png","142","122","156","120","175","158","177","131","181"," 87","218","156","248","169","241","159","261","139","243","131","263","112","260"," 89","266"," 72","283","162","304","141","343","117","360","112","360"," 97"," 84","163"
"IE-0040-BB398-37.dw.png","133","124","146","120","170","155","167","127","166"," 86","212","147","242","156","233","148","250","127","235","120","251"," 99","246"," 77","250"," 60","275","145","293","122","328"," 93","344"," 86","344"," 71"," 81","173"
"IE-0040-BB398-43.dw.png","133","167","145","162","175","196","164","168","161","125","215","184","246","190","236","184","254","157","234","154","250","131","246","110","246"," 91","282","174","297","148","328","117","344","111","342"," 94"," 85","226"
"IE-0040-BB398-45.dw.png","135","128","151","123","173","158","172","130","170"," 88","216","149","249","156","239","147","256","125","238","121","253"," 99","249"," 78","253"," 62","282","143","298","120","327"," 93","347"," 84","344"," 69"," 87","180"
"IE-0040-BB398-54.dw.png","134","111","147","111","161","152","167","124","175"," 82","203","154","231","170","223","158","245","142","230","130","252","114","252"," 92","260"," 76","265","167","286","147","330","127","345","125","348","110"," 69","148"
"IE-0040-BB398-61.dw.png","130","117","144","115","161","153","162","125","166"," 84","205","150","237","163","228","152","247","133","228","124","249","106","250"," 85","257"," 67","272","154","290","132","328","110","346","104","348"," 90"," 71","162"
"IE-0040-BB398-65.dw.png","130","122","141","119","166","155","165","128","165"," 84","208","149","237","159","228","150","247","129","229","122","246","101","242"," 79","249"," 63","270","149","285","127","321"," 98","336"," 91","334"," 77"," 78","172"
"IE-0040-BB398-9.dw.png","135","114","147","113","165","151","168","124","174"," 81","209","150","238","166","231","155","253","136","236","127","257","109","256"," 85","264"," 69","276","159","295","139","335","116","352","112","355"," 96"," 72","154"
"IE-0041-BB403-1.dw.png","109"," 96","123"," 93","147","130","144","101","145"," 60","191","123","222","132","212","123","233","102","213"," 95","230"," 74","225"," 53","227"," 36","256","122","275"," 98","312"," 71","327"," 65","326"," 50"," 54","146"
"IE-0041-BB403-10.dw.png","105","102","117"," 97","140","130","140","104","133"," 61","183","121","211","129","201","119","220"," 97","204"," 92","219"," 69","213"," 47","215"," 30","245","115","259"," 92","296"," 61","311"," 55","312"," 40"," 59","150"
"IE-0041-BB403-11.dw.png"," 99","117","112","112","138","145","136","119","130"," 76","180","134","207","141","199","133","216","111","200","106","215"," 82","210"," 60","210"," 43","244","126","257","103","291"," 71","308"," 63","307"," 48"," 50","172"
"IE-0041-BB403-12.dw.png","115","112","128","107","152","142","151","113","147"," 73","198","131","230","139","221","130","236","108","221","102","234"," 81","229"," 59","232"," 42","263","126","279","102","315"," 71","332"," 64","330"," 49"," 63","164"
"IE-0041-BB403-2.dw.png","122"," 97","136"," 96","155","138","158","109","164"," 67","199","138","227","153","220","142","242","124","225","113","246"," 95","245"," 73","251"," 57","263","148","285","129","328","107","341","103","346"," 88"," 57","136"
"IE-0041-BB403-3.dw.png","116","107","129","106","149","146","148","117","157"," 76","195","145","223","160","215","148","236","130","217","120","238","102","238"," 80","244"," 64","259","154","279","134","321","111","335","108","338"," 94"," 55","148"
"IE-0041-BB403-4.dw.png","101","112","113","107","141","140","136","112","132"," 70","184","129","216","135","206","127","224","105","204"," 99","220"," 77","213"," 55","215"," 38","249","122","262"," 98","298"," 66","312"," 58","311"," 43"," 53","167"
"IE-0041-BB403-5.dw.png","102","111","114","107","142","139","138","112","132"," 69","185","126","218","132","208","124","222","101","205"," 96","218"," 73","211"," 52","213"," 35","250","117","263"," 93","297"," 59","311"," 50","308"," 36"," 55","168"
"IE-0041-BB403-6.dw.png"," 79","135"," 91","129","122","161","115","133","109"," 89","168","144","197","149","186","141","200","114","180","112","194"," 89","188"," 67","186"," 48","231","129","243","101","273"," 66","284"," 60","279"," 43"," 37","195"
"IE-0041-BB403-7.dw.png","104","138","116","132","146","163","139","136","129"," 97","184","149","216","154","206","146","220","122","202","118","215"," 94","208"," 73","209"," 55","249","137","260","113","295"," 76","308"," 68","304"," 53"," 60","196"
"IE-0041-BB403-8.dw.png","123","118","136","113","163","148","157","119","158"," 78","206","138","238","148","228","137","247","116","227","109","244"," 87","240"," 65","242"," 48","272","133","287","110","326"," 77","340"," 71","339"," 57"," 70","173"
"IE-0041-BB403-9.dw.png"," 99","137","112","131","140","161","136","135","126"," 94","181","145","210","149","200","142","215","119","198","115","209"," 91","203"," 70","203"," 54","242","131","251","109","283"," 73","298"," 63","296"," 48"," 60","197"
"IE-0042-F142DL22-1.dw.png","112","142","124","137","155","166","148","141","139","100","193","155","224","162","214","152","232","130","212","126","224","104","218"," 82","217"," 65","258","145","272","120","302"," 89","316"," 82","312"," 66"," 67","197"
"IE-0042-F142DL22-10.dw.png","120","111","134","109","152","149","155","120","160"," 79","197","149","225","164","217","152","240","135","223","126","241","107","242"," 83","247"," 67","260","158","280","139","322","115","338","111","338"," 94"," 57","151"
"IE-0042-F142DL22-11.dw.png","120","113","132","109","159","146","157","118","154"," 73","200","140","229","150","221","140","240","120","222","112","238"," 91","235"," 67","238"," 50","265","138","281","115","318"," 87","336"," 81","334"," 64"," 64","162"
"IE-0042-F142DL22-12.dw.png","113","156","124","150","153","180","147","155","139","112","197","165","225","171","214","163","228","140","212","136","223","113","214"," 93","216"," 75","257","153","269","128","299"," 93","314"," 85","311"," 70"," 67","214"
"IE-0042-F142DL22-2.dw.png","117"," 97","131"," 95","152","134","156","108","157"," 63","195","133","223","147","215","135","238","119","219","108","239"," 89","240"," 67","244"," 49","258","140","278","121","318"," 96","335"," 92","338"," 76"," 55","137"
"IE-0042-F142DL22-3.dw.png","110","133","124","127","154","159","151","133","140"," 91","194","149","227","155","218","146","233","124","215","118","228"," 95","222"," 74","223"," 56","260","141","275","116","310"," 82","323"," 73","319"," 58"," 62","186"
"IE-0042-F142DL22-4.dw.png","112","121","125","118","145","156","147","130","148"," 88","185","155","214","168","207","158","231","140","210","131","229","112","228"," 91","232"," 74","250","161","270","140","309","117","324","113","325"," 96"," 52","161"
"IE-0042-F142DL22-5.dw.png","106","115","120","111","145","149","146","121","143"," 78","188","143","218","155","211","145","231","125","212","117","229"," 96","228"," 75","231"," 59","254","146","272","123","307"," 96","323"," 90","321"," 74"," 53","163"
"IE-0042-F142DL22-6.dw.png","103","122","119","117","140","154","139","126","139"," 85","186","147","216","158","210","149","226","127","209","121","226","100","225"," 79","228"," 62","251","148","270","125","308"," 97","323"," 91","323"," 76"," 47","169"
"IE-0042-F142DL22-7.dw.png","106","123","120","119","142","154","142","127","143"," 84","184","148","216","159","207","149","228","129","212","123","226","102","221"," 80","225"," 62","250","149","268","127","305"," 98","321"," 93","322"," 77"," 52","170"
"IE-0042-F142DL22-8.dw.png","106","122","118","118","150","152","143","125","140"," 81","189","143","220","152","211","142","232","121","211","115","226"," 93","221"," 71","223"," 53","254","140","272","116","307"," 85","323"," 78","321"," 62"," 53","173"
"IE-0043-F150DL22-1.dw.png","116","107","131","105","151","142","153","115","152"," 76","189","140","223","154","213","143","235","125","219","117","238"," 98","238"," 76","243"," 60","257","146","275","126","314","102","331"," 98","332"," 82"," 58","146"
"IE-0043-F150DL22-10.dw.png","116","114","130","114","145","153","150","127","157"," 89","182","155","210","172","203","161","225","146","210","136","233","122","237","101","244"," 87","245","169","266","152","306","135","324","133","330","121"," 52","148"
"IE-0043-F150DL22-2.dw.png","122"," 90","138"," 90","151","130","159","103","165"," 65","190","133","221","151","213","140","237","125","224","116","246","100","250"," 78","262"," 62","260","150","278","133","320","116","342","116","346","100"," 62","121"
"IE-0043-F150DL22-3.dw.png","113","123","128","121","150","160","147","129","150"," 88","192","154","220","165","213","155","232","135","214","127","233","106","234"," 84","239"," 67","256","155","274","132","312","106","329"," 99","329"," 83"," 56","170"
"IE-0043-F150DL22-4.dw.png"," 99","150","113","143","147","173","141","147","126","111","183","159","216","163","207","156","220","132","202","129","215","107","208"," 86","209"," 68","248","147","261","121","287"," 89","304"," 79","300"," 64"," 59","205"
"IE-0043-F150DL22-5.dw.png","106","119","118","116","142","151","139","123","140"," 83","183","144","214","154","205","144","223","124","206","118","223"," 99","220"," 78","224"," 61","247","143","264","121","296"," 95","312"," 89","314"," 75"," 54","168"
"IE-0043-F150DL22-6.dw.png","117","133","128","127","160","155","153","131","145"," 93","195","143","226","149","217","141","231","120","212","116","224"," 95","219"," 75","221"," 58","256","133","268","110","297"," 79","313"," 70","311"," 55"," 73","185"
"IE-0043-F150DL22-7.dw.png"," 98","147","109","142","138","172","134","147","124","107","176","161","206","166","198","159","211","137","194","132","208","111","204"," 90","204"," 74","239","150","252","127","281"," 96","299"," 87","297"," 72"," 49","199"
"IE-0043-F150DL22-8.dw.png","111","159","122","154","155","186","147","160","139","122","191","177","223","182","214","174","230","153","209","148","226","126","220","103","220"," 88","257","167","270","143","300","112","315","104","313"," 88"," 61","213"
"IE-0043-F150DL22-9.dw.png"," 97","133","110","128","139","162","137","135","130"," 94","178","153","209","161","199","152","216","130","200","124","215","102","210"," 81","213"," 64","242","148","257","123","291"," 94","308"," 87","309"," 71"," 46","186"
"IE-0044-F160DL22-1.dw.png","121","117","135","115","154","150","157","125","158"," 82","196","147","228","159","219","149","240","130","224","123","242","103","242"," 82","246"," 64","266","150","283","130","318","106","338","101","340"," 87"," 63","161"
"IE-0044-F160DL22-10.dw.png","120","100","134"," 97","157","132","152","105","157"," 64","198","127","225","138","217","128","234","109","220","102","234"," 83","232"," 62","237"," 45","257","129","275","106","310"," 81","326"," 76","326"," 61"," 68","146"
"IE-0044-F160DL22-11.dw.png","112"," 95","126"," 93","147","128","146","103","148"," 64","181","125","215","137","207","127","223","110","210","103","229"," 84","227"," 64","232"," 49","251","129","266","109","304"," 87","322"," 81","324"," 68"," 55","136"
"IE-0044-F160DL22-12.dw.png","115","113","128","111","149","147","147","119","153"," 79","191","141","220","151","212","142","229","122","214","116","230"," 97","229"," 76","233"," 59","250","142","268","120","306"," 93","324"," 87","320"," 72"," 62","159"
"IE-0044-F160DL22-2.dw.png","101","127","114","122","140","155","132","128","133"," 86","184","145","212","151","204","142","218","121","201","116","214"," 95","212"," 75","214"," 57","243","139","259","115","290"," 85","307"," 78","306"," 62"," 52","178"
"IE-0044-F160DL22-3.dw.png","129","101","141","100","159","137","159","109","167"," 68","203","135","231","147","224","137","244","118","229","110","248"," 91","249"," 70","252"," 53","265","140","285","119","324"," 95","342"," 90","344"," 77"," 69","143"
"IE-0044-F160DL22-4.dw.png","111","114","123","112","149","145","145","118","145"," 77","189","137","217","145","209","136","226","115","209","110","223"," 90","219"," 69","222"," 50","248","134","264","111","297"," 82","313"," 75","312"," 61"," 58","165"
"IE-0044-F160DL22-5.dw.png","118","116","131","111","160","145","156","119","155"," 77","199","137","226","147","218","138","237","116","222","112","236"," 90","234"," 68","237"," 52","262","135","278","114","315"," 85","332"," 78","332"," 63"," 64","164"
"IE-0044-F160DL22-6.dw.png","135","116","148","115","167","153","168","126","175"," 84","208","151","238","164","230","154","249","136","234","128","254","110","255"," 88","261"," 72","274","158","292","139","332","116","350","112","353"," 98"," 76","157"
"IE-0044-F160DL22-7.dw.png","118","101","132","101","151","140","151","115","159"," 75","189","143","210","159","206","147","229","133","215","122","234","108","235"," 85","242"," 71","245","157","268","139","309","121","326","118","328","106"," 55","131"
"IE-0044-F160DL22-8.dw.png","126","134","139","129","169","159","161","133","156"," 92","209","145","239","151","229","143","240","122","224","117","238"," 96","232"," 76","233"," 59","266","138","282","111","309"," 82","327"," 73","325"," 60"," 83","188"
"IE-0044-F160DL22-9.dw.png","109"," 90","124"," 90","140","130","143","103","153"," 62","181","132","206","148","200","136","222","120","209","111","228"," 94","231"," 71","237"," 56","243","145","266","126","310","106","324","104","327"," 90"," 45","123"
"IE-0045-M177L-1.dw.png","117","102","130","101","151","139","151","114","158"," 74","190","139","219","155","210","144","232","127","220","119","237","101","238"," 80","244"," 64","252","150","271","131","311","110","328","106","332"," 91"," 59","136"
"IE-0045-M177L-10.dw.png","117"," 89","130"," 89","146","131","148","103","160"," 64","185","136","211","153","205","142","227","127","212","116","233","101","238"," 80","247"," 66","245","153","266","137","308","120","327","120","331","105"," 56","121"
"IE-0045-M177L-2.dw.png","111"," 82","123"," 82","137","123","144"," 98","155"," 57","178","128","208","147","199","135","223","121","207","110","229"," 96","233"," 75","243"," 60","241","146","262","129","302","114","318","112","323"," 98"," 48","111"
"IE-0045-M177L-3.dw.png","109","110","123","106","147","141","147","116","144"," 75","188","134","222","142","213","134","227","114","213","108","229"," 88","226"," 68","229"," 50","252","132","268","111","302"," 83","318"," 77","318"," 62"," 58","157"
"IE-0045-M177L-4.dw.png","119"," 97","133"," 96","147","136","152","109","160"," 71","187","137","218","153","210","142","229","126","216","118","237","102","237"," 81","245"," 66","250","149","270","132","309","114","327","111","329"," 97"," 59","130"
"IE-0045-M177L-5.dw.png","106","112","120","110","142","147","141","119","142"," 78","183","144","212","156","203","147","223","127","207","121","224","101","224"," 80","226"," 61","244","149","262","128","299","103","314"," 99","314"," 82"," 53","153"
"IE-0045-M177L-6.dw.png","122"," 97","135"," 96","158","138","157","110","164"," 70","198","138","229","153","221","142","241","126","225","117","246","101","248"," 79","254"," 62","264","150","284","133","323","111","340","108","343"," 93"," 61","133"
"IE-0045-M177L-7.dw.png","127","112","141","111","159","150","162","123","169"," 82","202","150","232","163","225","153","243","136","232","128","249","109","248"," 87","253"," 71","265","157","285","138","320","117","342","112","344"," 97"," 73","150"
"IE-0045-M177L-8.dw.png","102"," 85","114"," 88","121","131","131","106","148"," 69","160","144","182","165","178","154","204","144","191","131","213","121","219","101","230"," 87","215","171","239","160","282","152","299","153","306","141"," 37","100"
"IE-0045-M177L-9.dw.png","108","111","119","108","144","145","144","118","143"," 75","185","142","212","152","205","143","225","124","208","117","225"," 96","224"," 75","229"," 60","245","145","263","124","303"," 99","321"," 93","323"," 78"," 51","154"
"IE-0046-M178WW-1.dw.png","121","120","135","117","164","151","156","124","154"," 83","203","142","233","151","224","142","240","122","220","116","239"," 94","233"," 73","237"," 56","265","139","279","115","313"," 87","330"," 80","329"," 66"," 73","170"
"IE-0046-M178WW-10.dw.png","112","134","125","132","146","173","145","143","152","101","188","170","221","183","212","173","231","155","215","145","235","125","235","103","242"," 87","255","176","271","155","311","130","329","125","330","109"," 55","176"
"IE-0046-M178WW-11.dw.png","135","139","146","136","171","170","171","143","169"," 99","214","163","245","171","235","163","253","141","237","136","252","114","249"," 92","253"," 76","276","161","291","138","327","109","343","102","344"," 88"," 81","188"
"IE-0046-M178WW-12.dw.png","109","108","123","106","140","148","141","118","151"," 76","182","148","212","162","204","151","225","133","209","125","229","107","232"," 86","238"," 69","247","157","268","136","303","117","320","113","324","101"," 50","144"
"IE-0046-M178WW-2.dw.png","104","100","117"," 98","137","138","139","110","143"," 68","178","135","207","148","200","138","220","119","205","112","223"," 94","222"," 73","227"," 56","242","141","259","121","295"," 99","310"," 94","312"," 80"," 49","140"
"IE-0046-M178WW-3.dw.png","106"," 95","119"," 94","145","132","143","105","145"," 65","186","129","211","143","204","132","224","114","207","108","225"," 89","224"," 67","229"," 51","245","137","263","116","300"," 94","321"," 90","321"," 77"," 48","137"
"IE-0046-M178WW-4.dw.png","105","166","117","161","151","193","143","166","133","125","188","180","220","185","210","177","222","155","207","152","220","128","214","108","214"," 89","251","169","263","145","292","113","308","103","305"," 89"," 61","221"
"IE-0046-M178WW-6.dw.png","114","101","128"," 99","151","137","151","109","152"," 69","191","133","222","144","213","134","232","116","217","108","234"," 90","231"," 69","235"," 52","255","135","272","114","304"," 90","324"," 84","325"," 69"," 62","144"
"IE-0046-M178WW-7.dw.png","115","121","128","116","157","151","149","124","149"," 81","195","143","224","152","216","143","234","122","216","117","232"," 95","229"," 73","231"," 56","257","142","273","118","306"," 90","323"," 82","323"," 68"," 67","171"
"IE-0046-M178WW-8.dw.png","120","122","133","120","154","159","155","130","158"," 88","198","154","228","166","220","156","238","136","223","129","243","108","242"," 86","246"," 69","263","157","280","134","315","109","332","104","333"," 88"," 64","170"
"IE-0046-M178WW-9.dw.png","124","122","135","119","168","156","160","128","161"," 86","209","150","235","160","229","150","245","131","228","124","244","103","244"," 81","248"," 65","270","150","283","130","319","101","338"," 94","338"," 79"," 68","170"
"IE-0047-M179DR-1.dw.png","116"," 93","129"," 92","150","132","152","106","159"," 64","192","133","217","147","212","137","233","119","218","111","237"," 93","236"," 71","245"," 56","250","143","272","123","309","103","328"," 99","331"," 84"," 55","130"
"IE-0047-M179DR-10.dw.png","111","103","122","102","142","145","143","117","155"," 74","182","147","210","164","202","153","226","138","212","127","230","109","232"," 88","241"," 73","245","162","267","143","305","125","324","124","328","109"," 48","138"
"IE-0047-M179DR-11.dw.png","115","103","127","101","150","141","151","114","153"," 72","191","140","217","154","209","143","229","126","213","117","231"," 99","232"," 77","237"," 62","247","149","268","128","307","105","324","101","327"," 87"," 56","141"
"IE-0047-M179DR-12.dw.png","107","119","120","114","150","149","145","121","137"," 78","193","137","222","143","211","136","229","111","210","107","225"," 83","220"," 62","222"," 44","252","130","269","103","300"," 73","315"," 65","313"," 49"," 55","175"
"IE-0047-M179DR-2.dw.png","115"," 97","128"," 96","147","138","148","109","156"," 68","186","140","210","156","204","145","227","128","213","119","232","101","235"," 80","242"," 64","243","154","266","135","308","116","325","114","327"," 99"," 52","132"
"IE-0047-M179DR-3.dw.png","109","120","123","116","151","152","144","124","142"," 79","193","141","224","147","213","139","229","117","212","111","227"," 88","222"," 66","225"," 47","256","134","271","109","302"," 78","318"," 70","317"," 55"," 59","175"
"IE-0047-M179DR-4.dw.png","113","107","125","105","155","143","149","114","149"," 71","195","137","224","148","213","138","233","117","216","110","233"," 89","231"," 67","235"," 49","255","138","273","115","308"," 88","325"," 81","326"," 67"," 56","156"
"IE-0047-M179DR-5.dw.png","116","104","129","101","151","142","150","114","155"," 72","193","141","220","153","212","144","234","125","218","116","235"," 97","236"," 76","243"," 59","253","148","276","126","314","104","331"," 99","332"," 85"," 57","146"
"IE-0047-M179DR-6.dw.png","118","129","131","126","159","163","156","135","154"," 90","204","155","233","164","223","155","241","134","223","127","237","106","235"," 83","240"," 65","265","154","282","129","316","100","333"," 93","334"," 78"," 64","182"
"IE-0047-M179DR-7.dw.png","118","106","132","103","160","139","153","111","154"," 69","200","133","230","142","220","133","237","111","222","105","238"," 84","234"," 63","237"," 46","260","133","277","109","314"," 82","330"," 76","330"," 60"," 64","154"
"IE-0047-M179DR-8.dw.png","100"," 96","115"," 96","125","136","135","111","143"," 69","170","140","198","156","192","145","212","129","200","119","220","102","222"," 79","230"," 63","233","154","253","136","295","116","314","114","318"," 99"," 39","129"
"IE-0047-M179DR-9.dw.png","111","110","123","107","148","147","144","117","149"," 74","193","141","220","152","210","141","230","120","216","113","231"," 92","229"," 71","235"," 53","252","143","270","119","308"," 93","326"," 87","326"," 72"," 55","159"
"IE-0048-M180DR-1.dw.png","121"," 89","133"," 92","140","136","148","109","165"," 71","181","148","202","169","198","156","224","146","212","134","235","121","242","100","252"," 86","235","173","260","160","304","150","321","152","329","141"," 51","106"
"IE-0048-M180DR-10.dw.png","133","127","145","124","166","162","166","135","170"," 94","207","160","237","173","230","163","251","145","237","136","253","118","251"," 96","256"," 80","272","166","292","146","331","122","346","117","349","103"," 74","168"
"IE-0048-M180DR-2.dw.png","106","102","118"," 99","138","140","137","111","143"," 69","179","137","208","151","198","140","221","122","205","112","224"," 95","221"," 72","227"," 56","240","145","261","123","301"," 99","317"," 96","321"," 82"," 44","143"
"IE-0048-M180DR-3.dw.png","115","122","127","118","151","155","149","128","148"," 86","192","150","222","162","211","152","232","132","214","125","231","106","229"," 85","233"," 68","253","154","272","131","311","105","328","101","329"," 87"," 63","166"
"IE-0048-M180DR-4.dw.png","118"," 91","131"," 90","154","129","151","101","155"," 61","193","126","224","141","215","130","236","112","220","103","238"," 86","237"," 63","243"," 47","255","134","277","114","316"," 90","334"," 86","336"," 72"," 62","134"
"IE-0048-M180DR-5.dw.png","113"," 97","126"," 98","140","138","144","110","154"," 71","181","139","208","158","199","145","226","130","208","118","228","104","229"," 82","235"," 67","240","154","262","135","302","118","319","116","324","103"," 47","128"
"IE-0048-M180DR-6.dw.png","111"," 87","123"," 91","127","134","135","105","155"," 70","166","146","191","170","186","157","213","148","200","134","223","122","229","101","239"," 89","225","174","247","162","294","153","310","157","318","144"," 42","106"
"IE-0048-M180DR-7.dw.png","109","101","122","100","145","140","144","111","146"," 68","186","139","214","151","205","142","225","124","207","113","226"," 95","227"," 73","233"," 57","246","145","265","125","304","100","319"," 96","321"," 81"," 49","140"
"IE-0048-M180DR-8.dw.png","120"," 87","134"," 89","143","131","148","104","165"," 65","183","140","210","162","205","149","231","137","216","123","238","111","245"," 90","254"," 75","244","163","269","149","315","137","333","138","339","125"," 54","113"
"IE-0048-M180DR-9.dw.png","125"," 90","138"," 90","156","131","158","104","166"," 63","197","135","224","152","216","140","240","124","225","115","244"," 98","244"," 74","252"," 59","255","149","280","130","321","111","338","109","342"," 96"," 67","123"
"IE-0049-M182C-1.dw.png","112","103","124","102","143","144","146","117","155"," 74","186","149","209","167","204","155","225","141","209","129","231","113","234"," 91","242"," 74","245","165","265","149","307","132","325","131","331","118"," 47","134"
"IE-0049-M182C-10.dw.png","109"," 87","123"," 88","141","132","143","103","154"," 62","181","137","206","156","200","144","224","130","207","118","229","104","233"," 81","242"," 66","238","156","261","139","302","124","321","123","327","108"," 45","116"
"IE-0049-M182C-2.dw.png","106"," 96","119"," 95","138","135","140","108","147"," 65","181","135","208","149","200","139","220","122","200","112","222"," 95","224"," 74","232"," 58","240","145","260","124","296","103","312"," 99","316"," 85"," 45","135"
"IE-0049-M182C-3.dw.png","122","103","134","103","151","146","154","118","163"," 74","194","151","221","167","213","156","237","140","218","128","243","111","247"," 89","254"," 73","254","164","277","147","318","127","335","124","339","110"," 55","136"
"IE-0049-M182C-4.dw.png","105"," 89","118"," 90","130","130","135","105","151"," 66","171","138","194","155","190","143","209","129","199","119","219","106","223"," 86","233"," 71","230","155","249","141","289","125","308","124","312","111"," 43","117"
"IE-0049-M182C-5.dw.png","106"," 95","118"," 94","136","139","139","111","150"," 69","177","143","202","159","198","148","220","132","203","122","226","106","229"," 84","235"," 68","238","157","259","141","301","123","320","121","324","107"," 42","128"
"IE-0049-M182C-6.dw.png","124"," 98","137"," 99","155","144","159","116","168"," 76","195","151","219","171","213","158","235","145","219","131","243","118","250"," 97","259"," 82","254","172","276","156","318","140","337","141","343","127"," 58","125"
"IE-0049-M182C-7.dw.png","115"," 94","130"," 96","141","141","148","113","161"," 74","182","152","205","174","200","162","225","149","210","135","236","124","243","103","253"," 88","242","178","264","164","309","153","328","157","335","140"," 49","118"
"IE-0049-M182C-8.dw.png","103"," 98","115"," 99","136","141","138","113","149"," 71","179","144","206","161","200","150","222","132","204","123","225","105","227"," 82","235"," 66","242","157","262","139","303","118","322","116","326","103"," 42","134"
"IE-0049-M182C-9.dw.png","115"," 96","128"," 95","146","137","151","109","158"," 66","189","141","215","157","208","145","231","127","213","117","234","101","236"," 76","246"," 61","249","153","269","134","308","115","326","113","331"," 99"," 56","131"
"IE-0050-M183L-1.dw.png","117","102","128","100","155","140","153","113","155"," 71","196","140","224","154","216","144","234","127","217","117","237"," 99","238"," 77","244"," 58","256","150","276","130","314","108","329","106","332"," 90"," 58","140"
"IE-0050-M183L-10.dw.png","125"," 92","138"," 92","155","134","159","107","168"," 66","199","139","225","155","221","144","241","128","225","118","244","101","248"," 79","256"," 64","259","153","281","135","323","115","336","114","339"," 99"," 62","127"
"IE-0050-M183L-2.dw.png","111","113","126","113","138","158","143","128","156"," 88","181","165","205","182","200","171","221","154","209","145","231","128","234","107","243"," 92","241","181","262","165","307","147","324","146","327","132"," 46","145"
"IE-0050-M183L-3.dw.png","143","120","155","118","177","156","178","129","179"," 88","219","156","247","167","238","158","257","140","242","131","264","113","263"," 90","268"," 73","281","161","300","142","335","117","353","112","355"," 98"," 82","159"
"IE-0050-M183L-4.dw.png","138"," 98","152"," 97","180","140","178","112","179"," 70","222","143","244","157","236","146","256","132","239","120","260","104","262"," 82","269"," 65","277","154","296","137","334","117","350","115","353"," 99"," 77","134"
"IE-0050-M183L-5.dw.png","122","108","134","104","168","140","165","113","156"," 70","211","137","235","146","226","138","243","118","225","110","243"," 90","242"," 69","244"," 50","268","138","283","117","319"," 89","333"," 83","336"," 67"," 69","153"
"IE-0050-M183L-6.dw.png","119","109","130","106","158","145","155","117","154"," 75","196","144","226","157","218","147","239","130","221","120","241","102","242"," 81","248"," 64","261","151","281","132","318","109","335","105","338"," 90"," 57","145"
"IE-0050-M183L-7.dw.png","105"," 96","118"," 94","145","132","140","105","142"," 64","185","128","213","140","204","130","226","112","209","104","227"," 86","225"," 64","230"," 46","248","132","264","112","302"," 89","319"," 84","320"," 68"," 46","139"
"IE-0050-M183L-8.dw.png","102","103","116","102","139","142","136","114","141"," 72","180","143","207","158","199","147","222","131","204","120","222","104","224"," 81","230"," 65","242","154","260","135","297","115","316","111","320"," 97"," 41","143"
"IE-0050-M183L-9.dw.png","106"," 99","121","100","136","142","141","115","151"," 75","181","149","204","167","198","155","224","143","205","129","229","117","234"," 94","240"," 78","241","167","265","151","305","137","325","136","329","125"," 42","125"
"IE-0051-M184L-1.dw.png"," 97","102","110","100","128","140","131","111","135"," 69","169","138","200","150","192","140","212","121","195","112","218"," 95","217"," 72","223"," 55","232","145","254","125","295"," 99","310"," 96","313"," 81"," 38","142"
"IE-0051-M184L-10.dw.png","111"," 90","126"," 92","136","135","145","109","159"," 69","173","144","199","166","193","153","218","141","205","128","229","116","237"," 95","249"," 80","233","168","256","153","301","141","320","141","323","131"," 45","115"
"IE-0051-M184L-2.dw.png","112","103","127","103","147","141","145","113","153"," 72","189","141","215","155","208","144","231","126","215","117","234","100","235"," 78","241"," 60","249","149","270","130","309","108","327","104","331"," 88"," 54","144"
"IE-0051-M184L-3.dw.png","129","121","141","121","157","161","161","134","172"," 94","200","164","229","180","223","170","243","153","229","144","251","128","253","105","259"," 88","264","177","286","161","327","142","345","139","348","123"," 66","152"
"IE-0051-M184L-4.dw.png","118"," 93","132"," 92","147","132","151","106","160"," 67","186","135","210","152","206","141","226","125","213","115","234","100","236"," 79","244"," 63","248","150","269","133","309","115","326","113","330"," 99"," 56","126"
"IE-0051-M184L-5.dw.png","132","146","147","140","176","172","171","145","164","103","216","161","247","168","237","160","252","138","236","133","251","111","245"," 89","246"," 70","279","154","293","129","326"," 98","341"," 90","339"," 73"," 83","198"
"IE-0051-M184L-6.dw.png"," 99","101","114","100","133","140","134","113","140"," 72","174","141","203","155","194","144","217","128","202","118","221","102","222"," 79","229"," 64","237","150","257","131","297","110","314","107","316"," 91"," 42","139"
"IE-0051-M184L-7.dw.png","108"," 99","121","100","137","140","140","112","149"," 72","180","142","206","158","199","147","222","131","206","121","228","106","230"," 84","238"," 66","240","155","264","137","306","119","322","117","325","103"," 46","133"
"IE-0051-M184L-8.dw.png","117","103","128","101","148","139","151","114","155"," 70","185","139","215","154","207","144","228","126","213","117","233"," 99","232"," 76","239"," 59","252","148","271","130","310","105","327","101","328"," 87"," 61","143"
"IE-0051-M184L-9.dw.png","126"," 97","142"," 95","165","133","163","105","166"," 64","207","129","236","141","226","130","249","112","229","103","250"," 84","248"," 63","255"," 46","269","133","288","111","325"," 86","342"," 81","343"," 65"," 71","143"
"IE-0052-M185L-1.dw.png","111"," 99","123"," 96","145","137","143","109","151"," 67","184","136","215","148","206","139","228","121","212","112","233"," 93","231"," 70","238"," 54","253","142","270","124","310"," 99","326"," 93","330"," 81"," 49","139"
"IE-0052-M185L-10.dw.png","104"," 77","118"," 81","120","124","131"," 98","151"," 63","163","138","183","160","180","148","205","139","192","124","215","115","224"," 94","233"," 80","218","167","244","155","285","145","302","148","309","137"," 35"," 92"
"IE-0052-M185L-2.dw.png","127"," 94","140"," 94","157","135","159","108","169"," 66","199","139","227","154","219","144","243","128","226","119","247","101","249"," 79","255"," 63","261","153","284","135","324","116","343","115","348","101"," 63","130"
"IE-0052-M185L-3.dw.png","144","117","156","114","184","152","178","124","178"," 83","221","147","250","158","242","149","262","130","246","122","261","102","260"," 81","264"," 65","285","149","302","128","338","102","356"," 96","355"," 82"," 87","163"
"IE-0052-M185L-4.dw.png","118"," 91","132"," 94","143","136","148","110","165"," 71","182","146","209","166","204","154","231","142","215","130","238","117","243"," 95","254"," 81","247","169","269","155","312","142","330","142","336","131"," 51","116"
"IE-0052-M185L-5.dw.png","150","103","163","102","185","140","183","113","187"," 73","224","138","251","149","245","140","266","123","249","114","268"," 97","267"," 77","272"," 61","288","143","305","125","342","103","362"," 97","365"," 84"," 92","143"
"IE-0052-M185L-6.dw.png","101","112","112","108","139","144","135","117","134"," 76","180","138","209","146","200","138","219","118","201","111","217"," 92","214"," 70","218"," 54","242","136","258","115","293"," 87","310"," 80","309"," 67"," 47","159"
"IE-0052-M185L-7.dw.png","124","103","138","102","162","142","159","112","163"," 71","204","139","232","151","225","141","247","123","229","115","248"," 95","246"," 74","251"," 57","268","144","287","125","327","100","346"," 95","348"," 81"," 65","146"
"IE-0052-M185L-8.dw.png","128"," 89","139"," 89","154","133","158","105","168"," 68","193","139","217","156","212","145","238","133","224","121","243","107","248"," 85","255"," 71","253","157","275","142","317","127","335","126","338","113"," 60","116"
"IE-0052-M185L-9.dw.png","101"," 83","115"," 84","127","129","132","101","147"," 62","167","136","190","155","187","143","213","131","197","118","220","105","224"," 83","234"," 70","228","156","252","142","295","128","313","128","318","117"," 34","111"
"IE-0053-M186L-10.dw.png","106"," 96","117"," 96","138","136","140","109","147"," 68","178","137","206","152","199","141","223","125","206","115","226","100","228"," 78","235"," 61","242","149","265","128","302","109","323","107","325"," 92"," 46","133"
"IE-0053-M186L-2.dw.png","108","108","123","106","145","144","145","117","146"," 76","186","141","219","153","209","143","230","124","210","114","232"," 96","230"," 73","235"," 56","253","145","273","124","310"," 98","330"," 93","331"," 77"," 49","152"
"IE-0053-M186L-3.dw.png","115","104","129","100","151","136","150","108","151"," 67","193","129","226","140","216","131","233","109","217","102","235"," 82","233"," 60","236"," 42","259","129","275","107","312"," 77","330"," 70","330"," 55"," 63","152"
"IE-0053-M186L-5.dw.png","132"," 93","145"," 91","174","128","167","101","168"," 62","211","125","239","136","232","127","252","108","235","101","253"," 80","249"," 59","253"," 42","273","129","292","107","329"," 82","346"," 77","349"," 63"," 77","136"
"IE-0053-M186L-6.dw.png","112"," 97","126"," 95","157","132","149","106","148"," 65","192","128","221","142","213","132","233","112","215","105","235"," 85","233"," 64","236"," 46","254","134","275","112","309"," 89","326"," 83","328"," 68"," 58","139"
"IE-0053-M186L-7.dw.png","130","101","143"," 99","163","137","164","111","169"," 64","203","136","235","150","225","140","249","120","230","111","250"," 93","250"," 71","259"," 54","269","142","288","123","326","101","345"," 96","349"," 82"," 71","142"
"IE-0053-M186L-8.dw.png","121"," 93","134"," 92","161","129","157","101","158"," 60","202","124","233","135","226","125","247","105","227"," 98","245"," 78","243"," 56","248"," 38","269","124","288","102","324"," 78","346"," 71","346"," 55"," 65","139"
"IE-0053-M186L-9.dw.png","107","111","120","108","146","144","143","118","143"," 77","185","141","214","153","205","143","225","124","207","115","227"," 97","225"," 75","231"," 57","250","145","268","123","304"," 99","322"," 93","325"," 80"," 51","152"
"IE-0054-M187C076-1.dw.png","113","105","127","104","142","142","148","115","152"," 77","183","142","211","156","205","147","227","128","210","119","228","103","230"," 84","239"," 68","245","151","265","132","304","112","323","109","327"," 95"," 52","140"
"IE-0054-M187C076-10.dw.png","132"," 97","148"," 97","157","138","165","109","180"," 73","196","143","225","163","219","150","240","136","226","124","249","111","254"," 90","267"," 75","261","162","282","146","325","131","345","131","350","117"," 65","125"
"IE-0054-M187C076-2.dw.png","126","112","137","110","159","148","159","120","165"," 80","197","145","225","158","217","147","235","130","222","122","239","103","239"," 83","248"," 67","259","151","276","132","313","109","332","104","335"," 91"," 68","151"
"IE-0054-M187C076-3.dw.png","129"," 84","142"," 83","159","124","164"," 97","172"," 57","195","126","223","144","218","133","241","117","224","106","243"," 90","247"," 69","257"," 54","258","141","279","122","321","104","340","102","345"," 89"," 67","115"
"IE-0054-M187C076-4.dw.png","107"," 91","121"," 93","129","135","139","111","153"," 73","163","144","188","165","184","154","210","143","195","128","217","119","223","100","236"," 86","221","169","245","156","285","147","306","149","313","138"," 42","111"
"IE-0054-M187C076-5.dw.png","124","112","137","109","160","146","160","118","161"," 77","202","141","230","150","222","142","241","121","225","114","239"," 94","237"," 72","245"," 56","262","141","282","119","319"," 92","336"," 87","337"," 72"," 68","157"
"IE-0054-M187C076-6.dw.png","119","105","130","103","151","138","152","113","156"," 72","190","135","220","146","211","137","228","117","216","112","232"," 90","229"," 70","236"," 54","255","137","269","118","308"," 91","328"," 86","331"," 73"," 60","147"
"IE-0054-M187C076-7.dw.png","116","107","130","107","147","148","152","121","159"," 79","189","150","217","166","209","155","230","138","217","129","234","112","237"," 91","249"," 74","248","163","270","145","312","127","335","124","341","110"," 53","140"
"IE-0054-M187C076-8.dw.png","111"," 98","124"," 96","141","133","144","107","150"," 68","181","132","208","146","202","135","219","118","206","110","223"," 95","222"," 74","232"," 60","241","141","260","121","293","103","312","100","315"," 85"," 54","133"
"IE-0054-M187C076-9.dw.png","114"," 90","128"," 91","139","134","146","106","159"," 69","178","142","203","161","199","150","222","137","207","122","230","112","235"," 91","249"," 77","239","163","261","148","303","137","324","138","330","126"," 48","116"
"IE-0055-M188C-10.dw.png","108","103","122","103","140","142","143","114","150"," 72","182","141","211","155","204","145","225","129","207","119","227","101","229"," 79","238"," 63","246","150","266","129","305","107","322","104","325"," 89"," 49","142"
"IE-0055-M188C-2.dw.png","106","123","118","120","145","156","143","129","142"," 87","187","151","215","162","207","153","224","133","210","127","225","107","222"," 84","228"," 68","248","153","266","131","303","105","320"," 99","321"," 86"," 56","168"
"IE-0055-M188C-3.dw.png","111","102","125"," 99","151","135","149","108","148"," 64","193","129","222","141","214","131","232","111","216","104","231"," 83","231"," 61","238"," 44","258","130","275","109","313"," 81","330"," 75","332"," 61"," 61","146"
"IE-0055-M188C-4.dw.png","107","115","121","111","148","144","144","117","137"," 74","186","136","215","145","206","135","225","113","201","108","220"," 85","217"," 64","222"," 46","249","131","262","107","296"," 76","317"," 67","316"," 53"," 58","168"
"IE-0055-M188C-5.dw.png","101","118","114","113","142","146","135","120","133"," 78","182","136","213","143","204","135","219","114","199","108","216"," 87","212"," 66","217"," 48","248","130","261","107","294"," 77","312"," 68","311"," 54"," 55","169"
"IE-0055-M188C-6.dw.png"," 92"," 98","105"," 97","120","137","125","111","134"," 68","162","140","192","158","184","147","206","131","188","119","211","104","213"," 80","223"," 63","225","155","247","138","291","118","311","116","317","102"," 30","131"
"IE-0055-M188C-7.dw.png","104"," 97","119"," 98","137","136","140","111","145"," 67","175","137","206","152","197","141","219","124","203","115","224"," 98","224"," 74","233"," 57","241","148","262","127","303","106","322","102","326"," 89"," 42","134"
"IE-0055-M188C-8.dw.png"," 89","108","105","106","131","143","126","115","127"," 72","172","136","202","147","193","137","210","118","194","112","210"," 90","206"," 67","214"," 49","233","137","252","114","288"," 85","307"," 79","307"," 63"," 37","157"
"IE-0055-M188C-9.dw.png","105","103","119","103","134","144","139","115","146"," 74","177","146","205","162","198","150","219","135","203","124","225","108","228"," 86","239"," 69","241","159","265","138","307","120","326","118","331","104"," 42","140"
"IE-0056-M189M-1.dw.png","106"," 93","118"," 92","138","134","137","104","147"," 63","183","134","210","151","202","138","225","123","209","112","229"," 94","230"," 71","236"," 55","245","146","266","127","308","104","327","102","327"," 88"," 43","129"
"IE-0056-M189M-10.dw.png","122","102","136"," 98","163","134","158","105","156"," 63","206","127","235","137","225","127","246","107","225"," 99","243"," 79","239"," 57","243"," 40","269","127","285","103","322"," 77","341"," 70","339"," 55"," 68","148"
"IE-0056-M189M-11.dw.png","103","103","115","101","135","141","138","115","142"," 76","175","144","199","158","192","147","217","132","199","121","219","106","220"," 85","226"," 69","231","155","254","136","291","116","310","114","312","100"," 42","137"
"IE-0056-M189M-12.dw.png","111","103","124","100","153","138","149","109","149"," 67","196","129","225","139","215","129","235","109","216","103","235"," 82","232"," 61","238"," 44","257","130","274","106","314"," 79","331"," 72","333"," 58"," 59","149"
"IE-0056-M189M-13.dw.png","118"," 97","132"," 98","147","140","148","111","162"," 72","189","147","213","165","207","152","233","141","216","127","237","114","242"," 92","252"," 77","247","166","271","149","315","136","336","135","341","123"," 52","125"
"IE-0056-M189M-2.dw.png","104"," 94","115"," 92","141","131","136","102","141"," 62","183","126","211","138","202","127","222","110","204","102","222"," 84","221"," 62","224"," 45","243","130","261","109","299"," 85","316"," 80","317"," 68"," 46","137"
"IE-0056-M189M-3.dw.png","105","108","116","105","142","144","137","116","142"," 74","184","140","211","152","202","143","223","125","207","116","223"," 97","222"," 75","226"," 59","245","145","262","125","300","101","317"," 97","317"," 82"," 50","151"
"IE-0056-M189M-5.dw.png","128","155","140","149","170","180","166","151","155","112","213","162","244","165","233","157","245","134","228","131","241","107","234"," 87","232"," 69","276","146","286","120","316"," 86","332"," 74","328"," 60"," 84","213"
"IE-0056-M189M-6.dw.png","125","101","137"," 99","162","138","159","108","163"," 66","203","133","234","145","226","135","243","115","225","106","247"," 87","245"," 64","248"," 47","269","136","289","114","326"," 86","343"," 80","343"," 65"," 68","148"
"IE-0056-M189M-7.dw.png","114"," 86","127"," 87","140","133","146","104","162"," 65","183","142","207","162","201","149","227","137","211","124","236","113","242"," 91","253"," 77","241","165","265","150","310","138","328","139","332","127"," 47","108"
"IE-0056-M189M-8.dw.png","107","129","120","126","150","160","144","133","141"," 91","191","152","221","160","212","151","230","130","211","124","230","103","226"," 82","230"," 63","253","149","269","126","306"," 97","323"," 89","321"," 73"," 53","178"
"IE-0056-M189M-9.dw.png","122","118","135","117","152","158","153","130","163"," 89","196","160","222","176","215","165","236","150","220","139","242","124","245","102","253"," 86","256","174","276","156","319","139","336","136","340","122"," 58","151"
"IE-0057-M190MH-1.dw.png","110","107","125","102","153","137","151","110","146"," 67","193","128","222","136","212","127","232","105","213"," 99","229"," 77","222"," 54","226"," 37","256","123","271"," 99","302"," 69","319"," 61","318"," 45"," 62","161"
"IE-0057-M190MH-10.dw.png","118","106","130","102","153","136","152","111","151"," 69","193","131","221","140","213","131","232","110","218","104","230"," 84","227"," 63","234"," 46","257","128","269","108","304"," 79","323"," 71","323"," 57"," 64","152"
"IE-0057-M190MH-11.dw.png","119","110","131","106","159","143","156","116","155"," 73","198","137","230","146","220","137","239","116","222","109","237"," 89","232"," 66","238"," 49","261","135","277","112","310"," 85","328"," 77","328"," 62"," 71","160"
"IE-0057-M190MH-12.dw.png","116","109","130","107","147","146","152","119","158"," 78","188","145","217","158","209","149","233","131","217","122","235","104","233"," 81","243"," 64","253","151","269","132","309","109","327","104","329"," 90"," 58","148"
"IE-0057-M190MH-2.dw.png","109","113","123","109","147","145","147","118","144"," 75","186","138","220","147","209","139","231","118","211","110","227"," 89","224"," 68","229"," 51","252","135","268","113","302"," 85","319"," 77","318"," 62"," 60","163"
"IE-0057-M190MH-3.dw.png","112","102","123"," 99","149","137","148","109","149"," 67","189","134","218","146","208","136","230","115","217","109","231"," 89","228"," 66","233"," 49","250","138","268","115","303"," 90","321"," 85","323"," 69"," 55","144"
"IE-0057-M190MH-4.dw.png","109","107","122","105","142","143","143","115","148"," 73","183","140","212","151","203","142","225","123","208","115","226"," 95","226"," 73","233"," 56","246","143","262","123","300"," 98","317"," 91","318"," 76"," 51","151"
"IE-0057-M190MH-5.dw.png","108","117","121","114","144","148","145","123","141"," 81","185","142","213","152","204","142","222","122","205","115","221"," 97","218"," 75","224"," 57","244","140","260","119","292"," 92","313"," 84","314"," 70"," 54","161"
"IE-0057-M190MH-6.dw.png","133","105","145","102","174","138","170","111","168"," 67","212","130","243","139","231","131","252","109","235","102","251"," 81","246"," 58","251"," 41","274","128","290","104","323"," 75","340"," 67","340"," 52"," 79","154"
"IE-0057-M190MH-7.dw.png","123","106","137","106","161","143","158","115","158"," 75","199","142","227","155","218","145","238","128","226","119","243","101","245"," 81","250"," 65","262","149","282","130","322","107","341","105","345"," 93"," 63","146"
"IE-0057-M190MH-8.dw.png","118","105","128","102","154","139","153","111","152"," 70","196","134","225","146","215","136","233","116","215","108","232"," 89","231"," 67","238"," 49","255","136","273","114","309"," 87","328"," 80","328"," 65"," 63","148"
"IE-0057-M190MH-9.dw.png","108"," 93","122"," 93","136","133","142","106","150"," 67","179","137","207","153","199","141","225","126","211","117","229"," 99","230"," 78","241"," 62","243","149","262","132","304","111","324","107","327"," 93"," 48","126"
"IE-0058-M191T-1.dw.png","126","104","140","100","165","134","165","109","159"," 68","205","126","235","134","225","125","243","106","225","100","241"," 80","237"," 58","241"," 42","267","123","282","102","313"," 73","328"," 65","327"," 51"," 75","153"
"IE-0058-M191T-10.dw.png","108","105","121","107","132","147","139","120","150"," 81","173","153","200","173","195","161","219","149","205","137","227","124","233","103","244"," 88","235","174","255","159","300","144","318","143","324","129"," 44","134"
"IE-0058-M191T-2.dw.png","120","102","132","100","154","139","154","113","159"," 73","192","138","220","152","212","141","235","125","215","115","236"," 99","236"," 78","242"," 62","255","147","274","128","312","107","329","102","331"," 89"," 61","137"
"IE-0058-M191T-3.dw.png","108","102","120","100","140","138","142","112","144"," 72","178","137","204","151","198","140","218","123","202","114","221"," 97","221"," 76","229"," 60","238","145","258","125","294","104","316","100","318"," 86"," 48","139"
"IE-0058-M191T-4.dw.png","109"," 93","124"," 91","143","129","143","100","146"," 60","184","126","213","139","205","130","229","111","211","103","231"," 84","230"," 61","236"," 46","247","131","266","111","305"," 88","321"," 84","325"," 70"," 53","135"
"IE-0058-M191T-5.dw.png","117"," 92","130"," 91","148","128","153","104","155"," 64","189","129","217","143","210","132","233","117","215","106","235"," 91","237"," 70","245"," 54","250","139","271","121","311","100","332"," 97","336"," 84"," 57","127"
"IE-0058-M191T-6.dw.png","111","109","125","108","143","146","146","118","150"," 77","185","145","212","159","205","148","227","130","210","122","228","104","227"," 81","235"," 66","247","152","266","132","302","109","319","106","323"," 92"," 56","149"
"IE-0058-M191T-7.dw.png","114"," 97","127"," 96","148","132","150","107","150"," 67","186","130","214","143","207","132","226","116","211","107","228"," 89","228"," 68","237"," 52","246","136","262","117","301"," 93","318"," 89","320"," 74"," 58","139"
"IE-0058-M191T-8.dw.png","102","122","115","118","143","149","141","124","130"," 83","182","140","211","147","202","138","221","117","202","112","214"," 90","211"," 69","215"," 52","242","133","255","111","292"," 78","307"," 71","307"," 57"," 58","172"
"IE-0058-M191T-9.dw.png","103"," 88","116"," 86","140","122","140"," 97","138"," 56","180","117","207","129","199","119","219","101","201"," 94","220"," 76","218"," 53","224"," 38","239","121","257","101","296"," 75","313"," 70","314"," 56"," 48","130"
"IE-0059-M192T-1.dw.png"," 99"," 97","113"," 96","128","136","132","109","139"," 70","168","136","196","152","187","140","210","125","197","116","217"," 99","218"," 77","227"," 62","230","148","249","130","287","110","307","106","311"," 94"," 41","134"
"IE-0059-M192T-10.dw.png","100","125","110","120","138","153","134","125","127"," 86","178","141","208","146","200","139","213","117","196","113","209"," 91","203"," 72","208"," 56","238","132","251","110","280"," 81","298"," 73","297"," 59"," 57","179"
"IE-0059-M192T-2.dw.png","111"," 85","123"," 84","142","124","144"," 96","149"," 56","183","123","210","138","204","128","224","110","206","101","226"," 84","224"," 63","233"," 48","243","132","260","115","297"," 94","317"," 90","320"," 77"," 56","126"
"IE-0059-M192T-3.dw.png","103"," 93","117"," 94","134","133","136","106","144"," 66","176","134","202","149","196","138","216","123","200","114","219"," 98","220"," 76","229"," 61","233","145","252","127","289","107","308","105","313"," 92"," 45","129"
"IE-0059-M192T-4.dw.png","111"," 98","122"," 98","136","140","141","113","153"," 76","174","146","198","166","193","154","217","140","203","128","225","115","227"," 94","238"," 81","231","166","253","149","292","136","313","136","318","124"," 47","126"
"IE-0059-M192T-5.dw.png","116"," 96","129"," 94","148","132","149","107","155"," 68","184","132","212","148","205","137","223","120","210","112","228"," 95","229"," 74","238"," 59","243","142","264","124","300","106","321","103","325"," 90"," 58","133"
"IE-0059-M192T-6.dw.png","107"," 89","119"," 88","142","125","139"," 97","141"," 58","179","121","207","133","201","124","218","104","201"," 98","219"," 79","217"," 58","225"," 42","239","125","255","105","290"," 82","311"," 76","313"," 63"," 55","133"
"IE-0059-M192T-7.dw.png","112","120","126","119","145","155","146","127","147"," 88","188","152","213","163","205","154","225","134","211","128","226","108","225"," 88","232"," 70","246","156","263","136","299","111","317","108","320"," 91"," 60","165"
"IE-0059-M192T-8.dw.png","115","127","127","122","157","155","149","126","145"," 86","196","144","226","151","217","142","232","120","215","115","226"," 93","222"," 73","226"," 57","256","137","271","113","303"," 82","319"," 75","319"," 61"," 70","180"
"IE-0059-M192T-9.dw.png","104"," 95","115"," 94","133","133","138","106","143"," 64","177","132","205","146","198","137","217","117","204","110","220"," 90","219"," 68","228"," 53","236","140","256","120","291"," 99","312"," 95","316"," 82"," 47","137"
"IE-0060-M194CV-1.dw.png","134","105","149","103","168","139","169","112","172"," 70","210","135","239","147","230","137","251","117","235","110","250"," 91","247"," 69","254"," 51","273","138","291","116","324"," 91","345"," 85","346"," 71"," 78","148"
"IE-0060-M194CV-10.dw.png","125"," 99","140"," 97","160","137","159","108","168"," 68","199","137","226","151","219","139","239","121","225","113","242"," 92","240"," 69","250"," 52","261","143","280","122","318"," 99","336"," 93","341"," 78"," 65","134"
"IE-0060-M194CV-11.dw.png","116","110","131","111","141","151","149","125","161"," 85","183","158","210","175","204","164","224","148","213","139","232","123","236","102","245"," 86","242","175","267","158","308","142","326","140","332","127"," 54","141"
"IE-0060-M194CV-2.dw.png","112","106","123","105","144","145","148","118","150"," 76","182","145","213","159","205","149","224","131","211","123","229","104","231"," 80","239"," 63","245","154","267","133","308","110","325","106","328"," 90"," 50","144"
"IE-0060-M194CV-3.dw.png","126","114","141","111","163","146","162","118","163"," 77","205","138","237","148","227","139","246","116","229","110","244"," 90","240"," 68","245"," 50","271","136","287","112","321"," 84","339"," 76","340"," 61"," 76","162"
"IE-0060-M194CV-4.dw.png","109"," 91","125"," 91","140","128","141","101","150"," 62","180","130","207","145","201","134","224","119","210","110","225"," 92","226"," 71","234"," 54","243","141","264","122","304","104","322","101","327"," 86"," 48","126"
"IE-0060-M194CV-5.dw.png","109","101","124","100","141","139","142","111","152"," 71","180","139","209","154","201","143","224","126","208","117","225","101","225"," 78","236"," 64","243","150","262","130","301","108","321","104","325"," 91"," 51","135"
"IE-0060-M194CV-6.dw.png","102","101","117"," 98","141","135","141","107","139"," 65","184","126","213","137","204","127","220","106","208","100","220"," 79","217"," 57","223"," 39","245","127","261","103","298"," 74","316"," 68","317"," 52"," 48","151"
"IE-0060-M194CV-7.dw.png","119","123","131","118","155","154","153","125","151"," 84","195","146","226","154","216","146","236","121","219","117","233"," 95","229"," 74","235"," 55","259","142","276","117","312"," 86","332"," 78","330"," 62"," 67","175"
"IE-0060-M194CV-8.dw.png","128","109","144","105","167","142","164","113","165"," 71","207","135","238","146","228","136","248","113","233","107","248"," 86","242"," 64","247"," 47","273","134","289","109","324"," 82","343"," 74","344"," 59"," 77","157"
"IE-0060-M194CV-9.dw.png","105","105","117","101","138","138","137","110","143"," 69","179","134","209","144","199","134","219","114","204","108","222"," 87","218"," 66","224"," 48","242","135","258","113","298"," 86","318"," 79","319"," 63"," 50","150"
"IE-0061-M195WL-1.dw.png","128"," 99","144"," 98","163","137","166","112","172"," 71","204","138","232","154","225","142","246","126","229","116","251","100","252"," 78","262"," 62","267","149","288","128","326","108","344","104","348"," 90"," 65","132"
"IE-0061-M195WL-2.dw.png","111","116","125","111","156","144","152","118","144"," 76","194","134","225","141","215","132","228","112","215","107","228"," 85","225"," 64","228"," 47","256","127","269","106","300"," 76","323"," 66","321"," 51"," 62","167"
"IE-0061-M195WL-3.dw.png","128","104","141","104","158","147","162","120","172"," 77","198","153","224","171","218","160","240","146","225","132","247","118","251"," 96","262"," 80","258","171","279","154","320","137","340","136","345","121"," 64","134"
"IE-0061-M195WL-4.dw.png","123"," 95","138"," 96","152","135","156","109","168"," 71","192","139","217","157","210","145","233","133","216","121","241","106","243"," 84","252"," 68","252","156","271","139","309","122","331","120","336","105"," 59","120"
"IE-0061-M195WL-5.dw.png","102"," 96","117"," 94","137","132","139","108","143"," 67","176","132","203","145","197","135","217","119","204","110","221"," 94","221"," 73","228"," 56","238","140","259","121","293","101","313"," 97","315"," 82"," 47","130"
"IE-0061-M195WL-6.dw.png","105"," 88","119"," 89","133","129","139","105","151"," 66","174","136","200","155","194","143","215","129","203","119","226","105","229"," 86","240"," 70","234","155","256","138","293","123","314","123","319","109"," 43","116"
"IE-0061-M195WL-7.dw.png","126","103","140","102","156","143","163","118","172"," 75","197","146","224","164","217","152","238","137","223","127","245","110","249"," 89","260"," 72","258","162","279","143","317","125","340","123","345","107"," 65","134"
"IE-0061-M195WL-8.dw.png","107"," 91","121"," 87","145","123","143"," 96","144"," 55","186","117","219","127","209","117","225"," 96","210"," 91","227"," 71","226"," 50","231"," 32","251","116","266"," 95","300"," 68","320"," 62","320"," 48"," 50","138"
"IE-0061-M195WL-9.dw.png"," 99"," 99","115"," 97","138","135","137","106","139"," 64","179","129","213","140","204","131","221","111","211","104","226"," 84","225"," 61","230"," 45","246","132","265","110","303"," 84","321"," 78","321"," 62"," 45","147"
"IE-0062-M196L-1.dw.png","129","121","140","117","167","153","166","126","164"," 85","204","147","232","157","224","148","246","128","225","121","243","102","240"," 80","245"," 65","265","147","281","125","315"," 99","332"," 92","332"," 78"," 79","168"
"IE-0062-M196L-10.dw.png","109"," 94","121"," 91","150","127","147","100","141"," 59","188","120","216","130","208","120","227","102","209"," 95","225"," 73","222"," 53","228"," 37","249","119","264"," 98","299"," 70","317"," 63","318"," 49"," 62","143"
"IE-0062-M196L-2.dw.png","105"," 84","119"," 86","130","130","138","104","152"," 62","171","138","195","157","191","146","217","134","203","122","223","108","228"," 86","239"," 72","231","160","252","144","296","131","313","131","320","118"," 39","109"
"IE-0062-M196L-3.dw.png","107"," 94","120"," 93","138","135","142","107","148"," 65","183","133","211","148","204","137","228","121","209","112","227"," 94","227"," 72","236"," 56","245","143","263","124","304","103","321"," 99","323"," 83"," 47","131"
"IE-0062-M196L-4.dw.png","108"," 93","122"," 91","144","130","144","102","145"," 62","183","126","211","140","204","129","226","112","208","103","223"," 85","222"," 64","228"," 49","246","132","263","110","295"," 89","312"," 84","316"," 70"," 53","136"
"IE-0062-M196L-6.dw.png","106"," 98","121"," 96","144","135","139","107","148"," 66","181","129","210","142","200","131","229","112","203","104","222"," 83","222"," 64","229"," 46","247","132","264","109","298"," 85","316"," 80","317"," 63"," 50","146"
"IE-0062-M196L-7.dw.png","110","100","122"," 99","148","137","147","111","147"," 69","185","135","214","147","207","137","228","120","211","111","230"," 92","229"," 70","237"," 53","247","141","266","120","305"," 96","323"," 91","326"," 77"," 53","143"
"IE-0062-M196L-8.dw.png","109"," 93","122"," 90","150","126","147","101","144"," 59","187","121","213","132","207","123","224","104","209"," 97","225"," 78","223"," 57","230"," 40","248","124","262","104","298"," 79","317"," 74","320"," 59"," 56","137"
"IE-0062-M196L-9.dw.png","112"," 97","125"," 93","156","128","150","102","147"," 61","193","122","221","131","212","122","232","101","213"," 94","227"," 73","224"," 53","230"," 37","254","120","269"," 96","300"," 68","320"," 61","319"," 47"," 59","145"
"IE-0063-M197MH-1.dw.png","140","107","153","102","181","134","176","108","172"," 68","221","124","251","131","240","122","256","100","239"," 96","252"," 74","247"," 54","253"," 37","283","117","298"," 92","330"," 62","347"," 55","344"," 39"," 90","158"
"IE-0063-M197MH-10.dw.png","108","101","121"," 98","146","132","141","105","142"," 63","185","125","214","135","203","126","222","103","206"," 99","221"," 77","216"," 56","221"," 38","245","123","261"," 99","298"," 71","314"," 64","316"," 50"," 55","153"
"IE-0063-M197MH-11.dw.png","139","104","152","101","176","138","174","112","176"," 68","215","136","243","148","232","138","252","118","239","111","256"," 91","254"," 69","261"," 52","277","140","295","118","333"," 92","350"," 88","351"," 73"," 80","150"
"IE-0063-M197MH-12.dw.png","113"," 97","125"," 93","153","127","147","100","146"," 59","193","121","223","129","212","119","231"," 98","218"," 93","229"," 71","223"," 51","229"," 32","254","118","271"," 93","308"," 64","326"," 58","325"," 42"," 59","149"
"IE-0063-M197MH-2.dw.png","126","116","139","113","164","146","161","120","160"," 79","204","139","232","148","222","138","241","118","225","112","239"," 92","234"," 71","237"," 52","262","136","278","113","312"," 85","329"," 78","328"," 64"," 77","168"
"IE-0063-M197MH-3.dw.png","155"," 85","170"," 84","184","127","188"," 98","201"," 57","227","131","251","149","244","137","269","121","257","111","277"," 95","279"," 74","288"," 57","286","147","309","129","353","112","371","110","376"," 97"," 87","117"
"IE-0063-M197MH-4.dw.png","104","103","117","100","140","137","137","109","141"," 66","180","133","207","145","197","134","219","114","203","108","220"," 88","218"," 67","224"," 48","241","136","258","113","296"," 88","314"," 83","316"," 68"," 46","151"
"IE-0063-M197MH-5.dw.png","111","112","124","108","148","144","144","114","145"," 74","189","136","217","144","208","135","226","113","212","107","227"," 86","223"," 65","227"," 47","250","132","265","109","301"," 80","318"," 73","319"," 58"," 57","166"
"IE-0063-M197MH-6.dw.png","127","105","140","103","161","142","162","114","167"," 72","202","140","230","155","221","144","243","124","230","117","247"," 98","245"," 76","253"," 59","265","147","284","127","325","104","343"," 99","346"," 85"," 66","150"
"IE-0063-M197MH-7.dw.png","109"," 98","122"," 96","139","136","142","108","151"," 64","183","136","210","150","204","140","225","119","210","112","225"," 90","226"," 67","235"," 51","248","144","267","121","306"," 97","322"," 94","325"," 78"," 50","141"
"IE-0063-M197MH-8.dw.png","114","123","127","119","154","150","148","123","146"," 80","196","139","228","146","216","138","234","113","217","110","228"," 87","222"," 66","225"," 47","261","132","275","105","306"," 75","320"," 68","321"," 52"," 66","178"
"IE-0063-M197MH-9.dw.png","110"," 91","123"," 89","143","126","146"," 99","145"," 56","186","123","216","135","208","125","227","104","212"," 97","228"," 77","225"," 55","233"," 38","252","126","267","105","305"," 80","324"," 75","327"," 59"," 54","135"
"IE-0064-M199L-1.dw.png","104"," 81","117"," 79","138","118","138"," 92","143"," 52","177","118","205","131","198","121","217","105","201"," 97","220"," 79","221"," 59","228"," 43","237","128","257","108","293"," 90","312"," 86","315"," 72"," 45","117"
"IE-0064-M199L-10.dw.png","107","113","121","106","156","139","145","113","140"," 71","190","132","220","139","211","131","227","110","208","104","225"," 82","218"," 62","224"," 44","255","126","269","101","301"," 72","314"," 66","314"," 51"," 64","163"
"IE-0064-M199L-11.dw.png","120","107","133","105","157","144","155","115","160"," 73","198","139","228","152","220","142","239","124","220","114","239"," 96","239"," 73","247"," 55","261","145","278","124","315"," 98","333"," 93","336"," 79"," 62","148"
"IE-0064-M199L-12.dw.png","119","103","131","100","158","135","155","109","157"," 67","197","131","228","141","218","132","236","113","221","106","239"," 86","237"," 65","244"," 47","261","132","278","111","312"," 86","330"," 80","331"," 66"," 66","147"
"IE-0064-M199L-2.dw.png","106"," 97","120"," 95","143","131","141","106","143"," 64","180","128","211","140","201","130","222","112","206","104","225"," 88","222"," 64","230"," 48","246","133","262","114","300"," 88","318"," 84","320"," 71"," 51","138"
"IE-0064-M199L-3.dw.png","106","104","120","103","139","141","140","114","148"," 74","181","140","210","155","204","144","225","128","208","119","228","101","228"," 78","236"," 62","246","149","266","130","306","107","325","104","327"," 89"," 45","144"
"IE-0064-M199L-4.dw.png","112"," 91","126"," 91","142","132","146","106","155"," 65","182","135","209","151","203","139","226","125","212","115","232","100","233"," 78","243"," 61","244","148","264","131","303","113","323","110","327"," 96"," 51","124"
"IE-0064-M199L-5.dw.png"," 97"," 95","109"," 90","135","125","130"," 97","129"," 58","174","116","205","124","196","116","209"," 94","197"," 89","212"," 67","209"," 46","214"," 31","237","112","251"," 90","284"," 61","303"," 53","302"," 37"," 45","144"
"IE-0064-M199L-6.dw.png","109","128","123","121","154","152","147","125","138"," 84","195","135","226","140","215","131","229","108","210","106","222"," 82","214"," 62","216"," 43","257","121","268"," 96","296"," 63","311"," 54","309"," 40"," 68","185"
"IE-0064-M199L-7.dw.png","111","122","123","117","155","151","150","123","144"," 80","196","139","227","146","216","138","232","117","213","111","228"," 90","221"," 68","226"," 50","256","134","272","109","304"," 79","319"," 72","319"," 57"," 65","171"
"IE-0064-M199L-8.dw.png","115","143","128","137","160","168","150","143","144","103","198","155","228","160","219","152","235","129","217","126","228","103","221"," 82","225"," 64","261","143","273","119","303"," 87","320"," 77","320"," 63"," 70","197"
"IE-0064-M199L-9.dw.png","103","100","117"," 94","144","128","138","102","134"," 63","182","118","212","126","203","117","219"," 98","200"," 91","214"," 71","211"," 50","216"," 33","244","112","259"," 90","291"," 62","310"," 53","310"," 41"," 53","147"
"IE-0065-M200T081-1.dw.png","117","109","134","106","156","140","155","115","152"," 76","193","136","223","146","215","138","236","118","217","110","234"," 92","232"," 71","238"," 56","260","136","274","116","309"," 92","328"," 86","328"," 72"," 64","152"
"IE-0065-M200T081-10.dw.png","137"," 95","151"," 95","170","134","171","106","175"," 66","212","132","239","145","231","135","252","116","238","107","254"," 90","251"," 68","261"," 52","271","138","291","118","326"," 96","345"," 91","347"," 76"," 79","135"
"IE-0065-M200T081-2.dw.png","123","111","138","108","161","142","159","116","159"," 75","201","136","232","145","224","136","239","116","225","110","240"," 89","238"," 67","245"," 50","267","134","282","113","318"," 84","335"," 78","337"," 63"," 68","158"
"IE-0065-M200T081-3.dw.png","115"," 97","128"," 98","145","139","149","113","157"," 73","183","143","210","160","206","150","227","134","212","123","232","109","236"," 88","247"," 73","245","159","267","142","307","126","325","124","328","110"," 51","126"
"IE-0065-M200T081-4.dw.png","122"," 85","134"," 86","144","125","150"," 98","160"," 62","181","128","210","145","203","133","225","119","213","109","232"," 95","236"," 74","246"," 61","243","143","263","126","302","109","319","106","324"," 93"," 57","116"
"IE-0065-M200T081-5.dw.png","127","109","139","108","161","148","162","121","166"," 81","201","147","230","162","222","151","242","134","229","125","246","107","245"," 85","255"," 69","264","157","283","137","320","115","340","111","344"," 97"," 64","148"
"IE-0065-M200T081-6.dw.png","133","100","145"," 99","169","138","169","110","170"," 68","210","137","236","150","230","139","251","122","234","113","250"," 95","250"," 71","259"," 55","270","143","290","123","325","101","343"," 97","347"," 81"," 74","141"
"IE-0065-M200T081-7.dw.png","136","104","151","103","169","141","171","115","176"," 73","210","141","238","156","230","145","251","127","237","119","256","102","257"," 80","266"," 64","271","151","289","132","332","110","352","107","357"," 93"," 77","141"
"IE-0065-M200T081-8.dw.png","134","107","147","107","166","148","167","119","175"," 78","207","150","235","165","226","154","248","136","233","128","254","111","254"," 88","265"," 72","266","163","289","142","330","123","348","120","355","107"," 69","142"
"IE-0065-M200T081-9.dw.png","131","105","144","105","167","142","165","115","168"," 73","206","140","236","153","228","143","250","124","235","116","250"," 99","250"," 77","259"," 61","270","146","288","126","327","103","345","100","349"," 86"," 72","145"
"IE-0066-M201DR-1.dw.png","118"," 86","132"," 86","146","128","152","102","160"," 60","190","134","215","151","209","140","231","124","221","115","239"," 96","242"," 74","253"," 57","250","150","272","134","320","113","338","111","344"," 98"," 53","118"
"IE-0066-M201DR-2.dw.png","105","106","118","102","142","137","141","110","137"," 70","182","130","211","141","203","132","219","110","203","104","217"," 82","214"," 61","219"," 43","242","131","260","107","295"," 76","312"," 70","313"," 55"," 52","152"
"IE-0066-M201DR-3.dw.png","106"," 90","122"," 89","142","127","144","100","147"," 58","182","125","209","138","201","127","221","109","207","101","223"," 81","222"," 59","230"," 43","242","132","261","109","301"," 85","319"," 79","321"," 65"," 48","130"
"IE-0066-M201DR-4.dw.png","109","116","121","114","144","149","143","122","143"," 80","185","142","215","152","207","142","226","120","209","114","222"," 91","218"," 70","225"," 53","246","141","264","117","301"," 85","320"," 78","321"," 62"," 51","166"
"IE-0066-M201DR-5.dw.png","107"," 89","120"," 88","143","124","140"," 97","142"," 55","185","120","212","132","204","121","221","102","210"," 96","223"," 75","221"," 54","231"," 38","242","124","257","103","297"," 76","317"," 72","321"," 57"," 48","135"
"IE-0066-M201DR-6.dw.png","103","106","117","103","138","135","140","110","134"," 69","178","126","212","134","200","126","218","104","204"," 98","215"," 76","208"," 54","215"," 35","244","121","257"," 97","294"," 62","313"," 54","316"," 39"," 50","157"
"IE-0066-M201DR-7.dw.png","113","100","123"," 98","147","133","149","108","146"," 65","188","129","216","139","208","129","225","110","214","105","227"," 83","224"," 61","231"," 45","249","131","267","108","305"," 82","324"," 75","329"," 62"," 55","145"
"IE-0066-M201DR-8.dw.png","118"," 87","132"," 85","149","121","154"," 95","153"," 54","189","117","220","130","212","119","234","100","216"," 92","231"," 72","230"," 50","237"," 32","252","121","269"," 99","310"," 70","328"," 64","333"," 49"," 61","133"
"IE-0067-M202LM-1.dw.png","102","102","116","101","139","140","135","110","138"," 68","177","136","208","149","199","138","220","120","203","111","220"," 90","218"," 69","226"," 52","242","141","260","119","300"," 93","318"," 88","321"," 73"," 44","145"
"IE-0067-M202LM-10.dw.png"," 99"," 99","113"," 97","137","133","133","105","133"," 63","178","127","205","138","196","127","219","107","198","100","214"," 80","212"," 59","221"," 43","236","128","255","104","290"," 78","314"," 71","316"," 56"," 41","146"
"IE-0067-M202LM-11.dw.png","108"," 98","120"," 94","146","131","145","102","143"," 62","191","123","217","133","208","123","225","103","210"," 97","222"," 76","220"," 56","227"," 39","248","123","265"," 99","300"," 72","317"," 66","319"," 52"," 53","145"
"IE-0067-M202LM-12.dw.png"," 87","151"," 98","145","131","174","122","148","113","108","170","157","200","160","190","153","198","131","185","127","193","103","185"," 83","190"," 65","228","143","240","116","266"," 82","284"," 70","280"," 56"," 47","208"
"IE-0067-M202LM-2.dw.png","109","141","122","135","152","165","145","140","139"," 97","190","151","224","155","213","148","227","124","209","121","223"," 98","218"," 78","220"," 58","253","140","265","115","298"," 82","316"," 72","316"," 57"," 67","195"
"IE-0067-M202LM-3.dw.png"," 93","116","106","112","135","145","127","119","124"," 77","174","134","203","141","194","132","209","110","194","106","205"," 83","200"," 63","205"," 43","233","127","249","101","281"," 70","297"," 62","297"," 48"," 45","170"
"IE-0067-M202LM-4.dw.png"," 96"," 85","111"," 83","130","120","129"," 93","136"," 53","173","117","202","129","195","119","214","101","198"," 93","213"," 74","211"," 53","219"," 36","234","121","254","100","291"," 74","308"," 68","311"," 54"," 40","126"
"IE-0067-M202LM-5.dw.png"," 93","100","105"," 97","126","133","128","107","129"," 67","169","129","197","140","189","130","208","111","192","104","206"," 85","204"," 63","211"," 48","230","131","247","109","282"," 83","303"," 77","305"," 65"," 39","144"
"IE-0067-M202LM-6.dw.png","107","103","122","100","146","134","144","108","145"," 67","185","127","218","137","208","127","229","107","207","100","226"," 81","223"," 60","232"," 43","250","127","266","104","305"," 76","324"," 70","327"," 55"," 56","150"
"IE-0067-M202LM-7.dw.png","102"," 88","116"," 86","137","123","136"," 95","137"," 54","179","119","207","130","200","121","221","103","199"," 93","216"," 73","215"," 53","223"," 36","238","122","257","102","297"," 75","316"," 69","317"," 56"," 44","133"
"IE-0067-M202LM-8.dw.png","101"," 93","114"," 90","138","127","138","101","139"," 59","181","124","208","137","200","127","216","108","203","101","218"," 81","218"," 59","225"," 41","239","130","257","109","296"," 83","315"," 79","318"," 64"," 45","135"
"IE-0067-M202LM-9.dw.png","107","101","121","100","143","136","141","108","142"," 67","183","130","216","142","207","132","227","113","209","106","225"," 85","223"," 64","232"," 46","245","135","265","112","304"," 88","324"," 82","327"," 68"," 52","147"
"IE-0068-M203D R-1.dw.png"," 89","135","101","128","133","153","125","131","111"," 91","168","138","199","140","191","132","201","110","183","108","192"," 86","184"," 65","186"," 48","228","122","238"," 96","263"," 62","279"," 51","277"," 38"," 47","189"
"IE-0068-M203D R-10.dw.png","105","118","116","114","146","145","141","120","133"," 79","183","135","214","142","206","133","222","112","202","106","216"," 84","213"," 64","220"," 48","247","128","260","104","294"," 73","313"," 65","314"," 51"," 54","169"
"IE-0068-M203D R-2.dw.png","112"," 97","126"," 94","149","134","148","104","152"," 60","193","130","223","143","216","132","236","112","217","103","237"," 84","235"," 61","242"," 43","258","134","278","112","315"," 88","336"," 82","338"," 67"," 54","140"
"IE-0068-M203D R-3.dw.png"," 86","102","102"," 99","130","134","123","106","121"," 65","168","126","197","137","191","127","208","106","190"," 98","204"," 78","202"," 56","209"," 38","230","126","244","104","279"," 75","298"," 68","300"," 53"," 36","155"
"IE-0068-M203D R-4.dw.png"," 94","105","108","101","131","137","132","111","128"," 71","171","132","200","143","193","134","216","114","194","105","212"," 87","211"," 65","217"," 50","235","133","251","112","288"," 85","308"," 79","310"," 65"," 37","149"
"IE-0068-M203D R-5.dw.png","133","101","145"," 99","166","135","166","108","168"," 66","207","132","235","144","228","134","251","115","233","107","250"," 87","250"," 66","258"," 50","269","136","287","116","327"," 91","348"," 86","353"," 73"," 71","140"
"IE-0068-M203D R-6.dw.png","104"," 89","116"," 88","134","125","136"," 99","142"," 59","176","127","204","142","197","131","218","115","202","105","221"," 88","222"," 65","232"," 49","237","138","258","120","299"," 98","320"," 95","325"," 81"," 41","124"
"IE-0068-M203D R-7.dw.png"," 93","102","107"," 99","131","135","129","108","128"," 66","170","131","199","142","193","133","210","113","191","103","208"," 84","208"," 63","216"," 45","231","132","247","110","286"," 83","309"," 77","310"," 62"," 37","151"
"IE-0068-M203D R-8.dw.png","101","101","113"," 98","139","131","135","104","131"," 64","180","122","208","130","200","121","216"," 99","199"," 94","213"," 73","208"," 52","214"," 35","239","118","254"," 95","287"," 65","309"," 57","309"," 42"," 51","150"
"IE-0068-M203D R-9.dw.png"," 88","122","101","118","127","150","127","124","116"," 84","166","139","199","146","190","139","206","116","188","111","200"," 88","197"," 68","204"," 52","231","132","246","108","276"," 78","297"," 70","297"," 56"," 38","172"
"IE-0069-M204WW-1.dw.png","116"," 96","131"," 95","153","134","151","104","157"," 62","197","132","224","144","219","134","237","115","220","107","238"," 87","238"," 64","245"," 47","260","137","278","115","320"," 89","334"," 86","337"," 70"," 57","140"
"IE-0069-M204WW-10.dw.png","105"," 84","119"," 82","142","120","141"," 91","147"," 51","186","115","217","126","209","117","229"," 99","210"," 91","228"," 71","227"," 50","231"," 33","251","118","269"," 98","306"," 71","325"," 67","326"," 53"," 45","130"
"IE-0069-M204WW-11.dw.png","103"," 88","118"," 87","142","126","141"," 97","146"," 55","186","124","216","138","208","127","231","111","212","101","230"," 83","232"," 59","236"," 43","253","131","272","111","312"," 86","328"," 83","332"," 69"," 43","128"
"IE-0069-M204WW-12.dw.png","103"," 90","118"," 91","134","132","136","104","149"," 62","176","135","209","152","202","141","224","125","207","114","229"," 99","232"," 77","238"," 60","246","149","269","132","308","113","325","111","331"," 97"," 38","124"
"IE-0069-M204WW-2.dw.png","109"," 87","123"," 86","146","127","144"," 97","152"," 56","183","125","215","139","207","129","229","112","213","102","231"," 83","233"," 61","238"," 44","252","133","271","114","310"," 90","326"," 86","328"," 71"," 47","125"
"IE-0069-M204WW-3.dw.png"," 99","100","114"," 97","141","132","134","104","135"," 64","181","124","214","133","205","124","224","103","205"," 98","221"," 75","217"," 54","219"," 36","248","120","262"," 99","299"," 68","314"," 62","312"," 47"," 46","150"
"IE-0069-M204WW-4.dw.png","127"," 93","142"," 94","154","135","159","105","172"," 67","201","138","230","156","225","146","248","130","230","119","252","103","256"," 80","262"," 63","268","154","290","135","332","117","348","115","353","102"," 60","126"
"IE-0069-M204WW-5.dw.png","118"," 95","131"," 95","150","135","153","107","162"," 67","194","137","224","153","217","142","238","125","223","116","243"," 98","245"," 76","251"," 59","260","149","281","129","318","109","337","106","341"," 90"," 55","132"
"IE-0069-M204WW-6.dw.png","111"," 84","124"," 85","140","127","144"," 97","156"," 57","182","130","211","147","205","136","226","122","211","111","233"," 94","237"," 71","244"," 56","248","146","269","128","311","108","327","107","330"," 91"," 45","116"
"IE-0069-M204WW-7.dw.png","111"," 95","124"," 96","142","138","143","109","154"," 68","183","141","209","159","204","147","226","132","210","121","230","106","234"," 83","242"," 68","245","157","267","139","308","122","324","119","328","104"," 48","128"
"IE-0069-M204WW-8.dw.png","101"," 86","116"," 86","138","125","137"," 96","145"," 55","180","122","214","135","205","125","227","106","209"," 97","228"," 78","227"," 56","231"," 40","249","127","268","105","307"," 80","321"," 77","322"," 62"," 41","130"
"IE-0069-M204WW-9.dw.png","108","100","120"," 97","145","133","145","107","144"," 63","187","126","219","136","211","127","228","108","211","102","226"," 82","225"," 59","228"," 43","253","126","269","104","303"," 79","318"," 73","319"," 59"," 52","145"
"IE-0070-M205MO-1.dw.png"," 98","104","111","101","141","135","132","107","130"," 68","180","126","211","133","202","125","218","104","201"," 99","216"," 77","211"," 58","216"," 40","241","121","256"," 97","287"," 70","308"," 61","307"," 47"," 49","156"
"IE-0070-M205MO-10.dw.png","103"," 98","115"," 95","143","131","137","104","139"," 62","183","126","214","136","205","127","224","107","207","100","222"," 79","219"," 57","229"," 40","246","126","264","104","298"," 77","317"," 70","318"," 56"," 49","146"
"IE-0070-M205MO-11.dw.png"," 90"," 85","105"," 83","124","123","126"," 95","130"," 55","163","121","192","133","184","123","205","106","191"," 99","205"," 79","207"," 59","217"," 44","225","127","244","107","281"," 86","300"," 81","302"," 66"," 33","123"
"IE-0070-M205MO-12.dw.png","101"," 99","114"," 97","137","136","134","107","139"," 66","177","132","207","145","200","135","219","116","204","108","222"," 89","221"," 67","231"," 52","242","137","263","115","296"," 93","317"," 88","320"," 73"," 44","142"
"IE-0070-M205MO-2.dw.png","102"," 97","116"," 94","142","129","139","103","138"," 62","184","124","215","134","207","125","224","107","208"," 99","224"," 79","222"," 58","230"," 41","247","127","264","105","298"," 80","321"," 74","323"," 60"," 51","144"
"IE-0070-M205MO-3.dw.png"," 80"," 90"," 95"," 88","117","127","117","100","119"," 59","157","123","188","135","180","125","198","106","185"," 99","200"," 79","197"," 58","206"," 41","221","127","238","105","275"," 82","295"," 77","297"," 63"," 21","134"
"IE-0070-M205MO-4.dw.png"," 97","100","110"," 99","134","137","134","109","135"," 67","178","133","207","144","199","135","216","115","203","108","218"," 88","215"," 66","222"," 49","239","136","257","114","291"," 90","312"," 85","314"," 69"," 41","146"
"IE-0070-M205MO-5.dw.png","103"," 93","116"," 90","145","127","139","100","137"," 57","186","121","215","130","207","121","225","101","206"," 94","221"," 75","219"," 54","227"," 37","249","119","263"," 99","299"," 72","320"," 65","321"," 52"," 49","140"
"IE-0070-M205MO-6.dw.png","103"," 92","116"," 90","139","130","138","101","141"," 59","179","127","208","140","201","131","223","110","204","103","222"," 84","223"," 62","233"," 46","242","133","262","113","296"," 90","317"," 84","320"," 70"," 46","134"
"IE-0070-M205MO-7.dw.png"," 82"," 94"," 96"," 90","124","125","121"," 97","115"," 56","166","114","196","121","187","113","201"," 91","188"," 86","197"," 63","192"," 44","198"," 26","227","108","241"," 84","272"," 55","295"," 47","295"," 33"," 36","147"
"IE-0070-M205MO-8.dw.png"," 98"," 88","111"," 87","130","123","129"," 95","133"," 56","168","118","201","129","191","120","213","101","197"," 94","212"," 75","210"," 54","219"," 38","234","121","251"," 98","285"," 75","306"," 69","309"," 55"," 43","134"
"IE-0070-M205MO-9.dw.png"," 91"," 99","104"," 97","130","134","124","107","129"," 66","168","129","200","141","191","132","212","111","196","104","211"," 84","211"," 63","219"," 47","231","133","249","110","289"," 83","310"," 77","313"," 63"," 33","146"
"IE-0071-M206T-1.dw.png"," 86","111","100","107","123","143","122","116","122"," 74","168","133","200","142","190","133","211","113","191","106","206"," 86","201"," 63","206"," 45","233","130","250","106","283"," 78","304"," 71","304"," 55"," 35","160"
"IE-0071-M206T-2.dw.png","104"," 91","117"," 88","137","124","137"," 96","140"," 56","179","119","211","128","202","121","223","100","205"," 93","222"," 73","219"," 52","226"," 35","245","118","261"," 97","301"," 71","318"," 65","319"," 50"," 51","137"
"IE-0071-M206T-3.dw.png","111","107","125","102","155","136","146","108","140"," 67","195","125","228","131","217","122","233","101","215"," 95","229"," 73","224"," 52","229"," 34","257","119","272"," 95","308"," 62","328"," 53","326"," 39"," 63","163"
"IE-0071-M206T-4.dw.png","102"," 98","117"," 96","137","132","136","105","137"," 64","178","129","206","139","200","129","219","110","202","103","218"," 84","215"," 62","222"," 46","240","130","260","108","296"," 85","317"," 79","320"," 65"," 49","143"
"IE-0071-M206T-5.dw.png"," 95","111","109","109","128","144","129","117","128"," 74","171","138","201","147","193","138","211","120","192","112","207"," 94","205"," 71","213"," 54","233","139","250","118","287"," 92","306"," 85","307"," 70"," 38","157"
"IE-0071-M206T-6.dw.png","106"," 81","120"," 80","139","116","142"," 91","143"," 51","180","114","208","126","201","116","223"," 99","207"," 92","222"," 74","222"," 52","229"," 37","242","120","259","100","300"," 78","319"," 73","322"," 59"," 49","120"
"IE-0071-M206T-7.dw.png","113"," 85","126"," 86","133","126","142","101","159"," 64","173","137","200","157","196","145","220","133","205","120","228","109","234"," 88","245"," 73","231","159","255","144","299","133","318","133","325","120"," 44","105"
"IE-0071-M206T-8.dw.png","123"," 93","139"," 92","157","131","158","105","165"," 63","199","134","228","149","221","138","243","121","226","111","246"," 96","248"," 74","259"," 58","260","145","281","127","323","107","347","103","348"," 89"," 60","129"
"IE-0072-M207T-1.dw.png"," 97","110","109","107","126","145","128","116","133"," 75","170","140","200","150","193","142","211","121","194","114","211"," 94","210"," 71","218"," 54","236","141","251","120","289"," 93","311"," 86","312"," 72"," 40","155"
"IE-0072-M207T-10.dw.png","102"," 85","116"," 85","135","121","135"," 95","139"," 56","173","120","203","133","195","123","211","105","199"," 98","216"," 79","217"," 57","228"," 43","235","127","254","108","295"," 83","318"," 79","320"," 65"," 41","123"
"IE-0072-M207T-11.dw.png","101"," 74","116"," 74","127","115","135"," 88","146"," 47","170","119","201","137","194","126","217","111","202","101","222"," 82","225"," 62","239"," 46","235","135","255","118","298"," 97","320"," 96","325"," 83"," 39","105"
"IE-0072-M207T-12.dw.png","100","102","116"," 97","138","133","137","103","135"," 62","184","119","217","126","207","118","224"," 94","205"," 90","217"," 67","214"," 46","220"," 29","246","112","262"," 87","293"," 55","314"," 45","314"," 31"," 53","155"
"IE-0072-M207T-2.dw.png"," 93"," 97","108"," 93","130","127","127","100","128"," 57","171","119","204","127","195","118","212"," 98","193"," 91","210"," 69","205"," 48","213"," 30","235","115","250"," 92","288"," 62","308"," 54","306"," 39"," 41","147"
"IE-0072-M207T-3.dw.png","120","107","133","102","158","136","156","109","151"," 67","201","126","233","133","223","124","237","102","220"," 97","234"," 76","229"," 54","235"," 37","262","120","278"," 96","310"," 65","329"," 57","329"," 45"," 69","158"
"IE-0072-M207T-4.dw.png","116"," 81","129"," 83","138","126","146"," 98","162"," 60","178","136","203","157","199","145","222","130","210","118","233","106","241"," 85","254"," 71","241","159","263","144","306","133","328","134","334","120"," 48","104"
"IE-0072-M207T-6.dw.png","104"," 96","117"," 94","136","131","140","103","141"," 62","181","127","213","138","204","129","222","109","205","101","224"," 81","222"," 59","231"," 42","247","129","265","107","302"," 80","323"," 75","322"," 60"," 46","139"
"IE-0072-M207T-7.dw.png","108"," 97","121"," 94","143","129","145","103","143"," 61","188","123","221","132","212","123","226","103","210"," 97","225"," 76","224"," 53","232"," 36","253","123","270","101","308"," 72","326"," 66","328"," 50"," 54","144"
"IE-0072-M207T-8.dw.png","103"," 97","119"," 93","140","129","139","101","139"," 60","183","121","213","129","206","122","222","100","204"," 94","221"," 73","218"," 53","226"," 35","246","119","262"," 95","298"," 67","317"," 60","317"," 46"," 53","145"
"IE-0072-M207T-9.dw.png","106"," 83","120"," 84","134","124","138"," 97","148"," 58","171","127","200","144","193","133","212","118","200","107","220"," 92","224"," 72","238"," 56","231","143","253","125","297","107","319","106","324"," 91"," 43","114"
"IE-0073-M209KE-124.dw.png","148","109","162","107","182","144","181","115","186"," 76","223","140","255","150","247","141","268","121","249","113","265"," 95","264"," 73","270"," 54","288","142","308","118","342"," 93","362"," 87","364"," 72"," 90","155"
"IE-0073-M209KE-132.dw.png","148","109","163","107","184","142","182","115","182"," 76","222","138","252","149","244","141","264","120","246","114","260"," 95","259"," 75","262"," 55","288","141","305","120","339"," 92","360"," 86","361"," 70"," 93","153"
"IE-0073-M209KE-161.dw.png","139","129","154","124","179","156","175","131","171"," 91","211","147","245","154","236","146","252","123","238","120","250"," 98","244"," 78","247"," 59","277","140","291","117","320"," 88","340"," 78","339"," 63"," 92","181"
"IE-0073-M209KE-171.dw.png","144","102","160","102","179","137","177","110","180"," 72","214","134","243","147","237","137","256","120","240","112","255"," 94","254"," 74","261"," 58","276","141","294","122","328"," 99","349"," 95","350"," 80"," 90","141"
"IE-0073-M209KE-173.dw.png","131","111","145","108","167","147","167","117","171"," 78","212","143","241","155","233","145","251","126","236","120","250","101","249"," 78","256"," 58","272","147","291","126","323","102","344"," 95","346"," 80"," 79","154"
"IE-0073-M209KE-192.dw.png","148","115","161","113","181","149","181","121","182"," 81","220","144","250","155","242","146","263","127","245","119","260","100","258"," 77","264"," 59","284","146","302","124","334"," 99","354"," 91","356"," 77"," 92","159"
"IE-0073-M209KE-44.dw.png","136","110","149","107","175","142","170","115","170"," 73","211","136","240","146","232","138","251","115","235","111","249"," 89","247"," 68","252"," 49","275","136","291","112","324"," 84","346"," 76","347"," 61"," 81","156"
"IE-0073-M209KE-52.dw.png","135","189","149","186","169","219","168","193","168","153","206","213","238","221","229","213","249","193","233","187","247","168","243","146","248","128","272","210","287","190","318","162","336","154","336","140"," 82","236"
"IE-0073-M209KE-72.dw.png","128","115","144","110","167","143","163","115","161"," 77","205","133","238","140","227","132","245","110","230","106","241"," 84","237"," 63","239"," 45","271","127","285","104","317"," 74","334"," 67","334"," 51"," 81","166"
"IE-0073-M209KE-74.dw.png","140"," 98","155"," 97","177","134","176","108","180"," 67","211","133","240","147","233","137","254","118","240","111","256"," 92","255"," 72","263"," 52","274","142","295","121","331"," 97","353"," 92","356"," 78"," 81","137"
"IE-0073-M209KE-87.dw.png","117","159","130","153","158","182","154","156","146","117","196","169","229","174","218","166","232","143","218","140","227","118","220"," 98","222"," 79","261","158","273","133","300","100","319"," 89","317"," 75"," 73","213"
"IE-0074-M210DL-1.dw.png"," 85"," 90"," 97"," 86","119","119","119"," 94","118"," 52","163","110","196","118","185","110","199"," 90","185"," 84","198"," 64","192"," 43","196"," 27","227","107","241"," 85","273"," 57","289"," 49","289"," 33"," 33","138"
"IE-0074-M210DL-10.dw.png","102","135","112","128","145","157","136","131","126"," 91","183","142","211","144","201","138","211","116","195","113","204"," 89","197"," 69","201"," 51","238","127","250","103","278"," 69","294"," 59","290"," 45"," 61","191"
"IE-0074-M210DL-11.dw.png"," 86","140"," 97","135","128","166","121","138","113"," 94","166","150","199","154","189","147","204","122","186","120","196"," 96","187"," 75","192"," 55","229","136","243","109","273"," 75","287"," 67","284"," 52"," 43","199"
"IE-0074-M210DL-2.dw.png"," 87"," 93","102"," 90","128","123","123"," 96","122"," 54","167","114","199","122","188","114","204"," 93","190"," 88","203"," 67","197"," 46","203"," 28","233","109","248"," 86","279"," 58","296"," 50","295"," 35"," 41","144"
"IE-0074-M210DL-4.dw.png","102","111","113","108","144","141","136","115","136"," 73","181","133","212","143","202","133","217","113","203","108","216"," 85","212"," 64","216"," 46","245","131","261","108","293"," 79","311"," 72","310"," 56"," 52","160"
"IE-0074-M210DL-5.dw.png"," 96"," 97","108"," 94","132","130","133","104","129"," 61","175","122","204","132","195","123","213","104","195"," 98","210"," 77","208"," 57","213"," 40","240","121","255","100","287"," 76","306"," 70","305"," 54"," 43","144"
"IE-0074-M210DL-6.dw.png","101"," 83","116"," 82","133","122","134"," 94","144"," 52","175","122","204","136","196","125","215","107","201"," 99","219"," 81","219"," 58","228"," 42","240","131","259","110","295"," 88","316"," 84","316"," 68"," 41","122"
"IE-0074-M210DL-7.dw.png","103","101","116"," 96","145","129","141","103","138"," 59","185","119","214","127","203","118","221"," 95","205"," 91","216"," 70","211"," 50","216"," 32","250","112","262"," 88","290"," 61","309"," 52","308"," 35"," 58","152"
"IE-0074-M210DL-8.dw.png"," 99","100","110"," 97","140","129","132","103","131"," 61","178","120","209","126","199","119","216"," 98","197"," 92","212"," 70","207"," 49","212"," 31","240","115","256"," 91","289"," 60","304"," 54","303"," 38"," 53","151"
"IE-0074-M210DL-9.dw.png"," 89"," 90","103"," 87","125","123","123"," 96","128"," 53","168","117","199","127","189","118","208"," 99","191"," 92","206"," 72","202"," 50","209"," 33","230","118","247"," 96","280"," 69","298"," 62","299"," 47"," 37","136"
"IE-0075-M211L-1.dw.png","106"," 92","121"," 91","140","131","141","102","146"," 62","181","132","209","147","203","137","227","121","210","111","228"," 94","229"," 72","236"," 54","245","143","265","124","307","103","322"," 99","328"," 85"," 46","128"
"IE-0075-M211L-10.dw.png","102"," 94","119"," 94","136","133","138","105","144"," 65","178","136","207","150","200","139","224","123","205","113","224"," 97","226"," 73","235"," 56","241","147","262","127","305","107","322","103","326"," 87"," 42","131"
"IE-0075-M211L-11.dw.png","108","103","123","102","141","141","143","113","149"," 71","185","141","214","155","207","145","229","128","212","119","230","100","230"," 78","239"," 61","249","150","269","129","309","109","328","106","330"," 90"," 46","142"
"IE-0075-M211L-12.dw.png","109"," 92","122"," 92","139","134","140","104","151"," 66","176","138","201","156","195","145","219","131","203","120","225","105","229"," 83","239"," 68","236","156","258","140","300","126","317","125","323","111"," 43","118"
"IE-0075-M211L-2.dw.png","104"," 98","119"," 97","138","135","140","107","145"," 66","178","134","207","148","199","138","221","121","205","112","223"," 95","223"," 72","231"," 54","243","143","260","125","300","102","318"," 98","321"," 83"," 45","139"
"IE-0075-M211L-3.dw.png","106"," 95","122"," 94","141","133","145","106","149"," 64","182","133","212","146","204","136","229","120","211","111","229"," 94","229"," 72","238"," 55","247","142","267","123","304","103","324"," 99","327"," 84"," 47","134"
"IE-0075-M211L-4.dw.png","109"," 95","124"," 94","140","134","143","104","151"," 64","183","137","212","152","204","141","228","127","210","115","230"," 99","232"," 77","240"," 60","246","149","266","132","307","113","325","110","330"," 95"," 46","128"
"IE-0075-M211L-5.dw.png","100"," 94","115"," 91","137","128","136","101","134"," 61","179","125","208","135","200","126","220","107","204","100","218"," 80","216"," 59","222"," 42","242","128","260","105","294"," 82","309"," 76","309"," 61"," 46","138"
"IE-0075-M211L-6.dw.png","101"," 97","115"," 94","141","133","138","104","140"," 63","180","132","210","144","202","134","218","116","205","109","223"," 90","223"," 67","231"," 50","243","139","264","118","302"," 96","320"," 92","324"," 76"," 43","137"
"IE-0075-M211L-7.dw.png","103"," 90","118"," 87","139","125","141"," 97","141"," 58","182","124","210","135","202","125","227","108","212","100","228"," 81","228"," 58","234"," 43","249","130","268","111","307"," 89","326"," 87","331"," 71"," 45","133"
"IE-0075-M211L-8.dw.png","110"," 97","124"," 95","144","137","147","109","154"," 67","186","138","215","153","208","143","228","127","213","117","231","100","233"," 79","242"," 63","249","150","269","132","309","113","328","110","332"," 96"," 50","133"
"IE-0075-M211L-9.dw.png","103"," 96","117"," 92","140","128","138","101","141"," 59","178","124","212","135","203","125","222","107","205","100","222"," 80","220"," 59","226"," 39","245","127","263","106","301"," 80","318"," 74","320"," 58"," 47","140"
"IE-0076-M212T-1.dw.png"," 88"," 97","102"," 93","122","132","125","104","125"," 63","165","130","195","142","186","131","204","112","187","103","208"," 84","210"," 63","216"," 44","227","134","247","113","284"," 87","303"," 81","303"," 64"," 29","138"
"IE-0076-M212T-10.dw.png","112"," 98","121"," 95","153","131","146","103","143"," 61","192","124","222","132","213","123","229","103","212"," 97","228"," 76","226"," 54","232"," 36","254","122","270"," 99","305"," 71","325"," 63","327"," 48"," 57","145"
"IE-0076-M212T-11.dw.png"," 94","101","105"," 97","135","133","132","105","129"," 61","176","126","205","134","198","125","212","104","194"," 97","211"," 76","210"," 53","216"," 36","238","123","252","102","290"," 69","307"," 62","307"," 47"," 40","148"
"IE-0076-M212T-12.dw.png","106","107","117","103","146","135","144","109","134"," 67","183","125","214","130","203","123","218","101","202"," 96","216"," 72","212"," 51","216"," 32","244","117","256"," 94","288"," 60","304"," 52","302"," 38"," 56","158"
"IE-0076-M212T-2.dw.png"," 94"," 98","105"," 94","133","128","131","103","125"," 60","170","121","200","130","191","121","206","101","189"," 95","206"," 74","204"," 52","208"," 33","233","118","246"," 96","281"," 66","296"," 59","297"," 45"," 41","145"
"IE-0076-M212T-3.dw.png"," 94","130","107","124","138","158","129","128","124"," 86","176","146","211","150","200","143","212","119","193","114","207"," 90","205"," 69","207"," 48","243","133","254","109","286"," 72","301"," 64","299"," 47"," 47","188"
"IE-0076-M212T-4.dw.png","115","105","126","101","153","136","150","109","147"," 67","192","128","221","138","213","128","226","109","210","102","228"," 81","225"," 60","229"," 41","253","126","266","106","303"," 75","317"," 68","318"," 52"," 61","151"
"IE-0076-M212T-5.dw.png","100"," 97","112"," 94","141","131","134","102","134"," 60","181","124","212","133","203","124","218","103","201"," 97","218"," 75","218"," 54","224"," 35","246","122","262","100","300"," 71","317"," 66","318"," 49"," 44","145"
"IE-0076-M212T-6.dw.png"," 95","106","104","102","140","136","131","109","125"," 66","174","128","205","136","196","127","210","105","192"," 99","208"," 77","205"," 55","210"," 35","236","125","250","101","286"," 69","303"," 61","302"," 45"," 42","157"
"IE-0076-M212T-7.dw.png","100","147","110","142","148","170","134","143","124","103","185","154","215","157","201","151","218","126","197","123","209","100","203"," 79","204"," 59","246","137","256","114","286"," 76","301"," 66","298"," 51"," 57","206"
"IE-0076-M212T-8.dw.png","121","124","131","118","162","151","158","125","149"," 82","200","140","231","147","219","139","234","117","219","112","233"," 89","228"," 66","231"," 47","263","132","275","110","306"," 77","325"," 67","322"," 52"," 68","175"
"IE-0076-M212T-9.dw.png","117","105","129","101","154","137","155","110","149"," 66","194","129","228","136","218","127","233","107","217","102","231"," 81","229"," 59","235"," 41","259","126","274","102","307"," 73","326"," 65","325"," 49"," 64","154"
"IE-0077-M213L-1.dw.png"," 99","103","112","101","132","139","134","110","140"," 67","178","136","208","148","201","138","218","119","202","111","218"," 92","216"," 69","223"," 52","240","142","258","120","297"," 96","314"," 91","315"," 75"," 43","145"
"IE-0077-M213L-10.dw.png"," 92","116","107","110","131","143","131","118","126"," 76","174","135","205","143","195","135","211","113","197","108","210"," 86","205"," 64","210"," 47","235","131","251","108","286"," 78","305"," 71","307"," 57"," 42","163"
"IE-0077-M213L-11.dw.png","114","100","127"," 95","151","129","149","102","145"," 59","193","118","226","124","217","117","234"," 94","218"," 90","231"," 67","225"," 45","231"," 27","258","111","273"," 86","309"," 56","327"," 48","326"," 33"," 63","151"
"IE-0077-M213L-12.dw.png"," 91","113","104","109","129","141","128","115","122"," 74","173","131","203","138","193","129","207","108","190","103","203"," 81","198"," 61","204"," 44","235","124","246","103","278"," 72","296"," 63","295"," 50"," 44","163"
"IE-0077-M213L-2.dw.png","101"," 97","115"," 94","136","133","139","105","142"," 61","182","130","210","143","203","133","222","113","206","106","224"," 86","222"," 63","229"," 44","245","136","263","115","303"," 90","321"," 84","321"," 68"," 45","139"
"IE-0077-M213L-3.dw.png","107"," 93","121"," 91","139","127","145","102","143"," 58","185","123","216","135","207","126","226","107","211"," 99","228"," 79","226"," 57","232"," 39","250","127","266","106","306"," 81","323"," 76","325"," 61"," 53","136"
"IE-0077-M213L-4.dw.png","109","106","123","101","150","137","148","110","145"," 68","191","131","222","141","213","133","231","111","216","105","232"," 84","226"," 60","232"," 42","255","131","271","108","310"," 79","328"," 73","330"," 58"," 56","154"
"IE-0077-M213L-5.dw.png"," 99"," 89","111"," 88","132","128","134","101","139"," 60","171","131","199","146","192","136","209","119","200","112","218"," 94","218"," 71","227"," 56","231","144","253","126","293","107","311","105","314"," 91"," 41","122"
"IE-0077-M213L-6.dw.png"," 96","104","109","102","131","139","132","110","135"," 68","177","134","208","144","198","135","214","114","205","109","219"," 87","217"," 64","221"," 46","243","135","262","111","297"," 85","316"," 80","318"," 64"," 40","151"
"IE-0077-M213L-7.dw.png"," 97","109","111","105","137","140","133","113","131"," 72","178","134","209","142","201","133","218","112","201","107","216"," 84","212"," 63","217"," 45","241","131","258","107","292"," 77","311"," 70","312"," 55"," 45","157"
"IE-0077-M213L-8.dw.png","100"," 91","115"," 88","136","126","137","100","139"," 59","177","123","209","135","199","125","218","106","205","100","221"," 79","219"," 57","226"," 40","242","128","259","106","294"," 83","314"," 77","319"," 64"," 44","131"
"IE-0077-M213L-9.dw.png"," 97"," 95","110"," 93","130","131","135","105","138"," 62","176","131","204","143","198","133","215","115","202","110","221"," 88","220"," 65","227"," 48","238","137","257","117","297"," 93","315"," 89","317"," 74"," 41","135"
"IE-0078-M214L 2-1.dw.png","121","100","136"," 96","159","133","161","104","160"," 61","204","126","233","135","225","126","246","106","228","100","242"," 78","240"," 56","245"," 37","266","125","285","102","320"," 74","337"," 66","338"," 51"," 72","148"
"IE-0078-M214L 2-10.dw.png"," 94","144","108","138","139","168","132","141","121","100","176","152","208","153","198","147","210","123","196","121","202"," 98","195"," 77","195"," 59","237","137","248","111","275"," 76","291"," 66","287"," 51"," 56","202"
"IE-0078-M214L 2-11.dw.png","100","104","115","100","141","136","139","108","134"," 66","184","128","216","138","207","129","225","108","205","101","220"," 80","217"," 57","222"," 39","250","127","264","104","300"," 74","318"," 67","318"," 51"," 51","151"
"IE-0078-M214L 2-2.dw.png"," 97"," 97","111"," 95","133","130","134","104","134"," 62","173","126","205","137","197","128","213","109","199","103","214"," 83","212"," 61","218"," 43","236","129","254","107","288"," 84","307"," 78","309"," 62"," 46","140"
"IE-0078-M214L 2-3.dw.png","105"," 98","119"," 96","140","132","140","104","142"," 62","182","126","213","137","205","129","224","108","210","103","226"," 80","223"," 58","228"," 40","248","128","265","105","305"," 80","325"," 74","326"," 59"," 50","144"
"IE-0078-M214L 2-4.dw.png","105","109","120","104","144","139","143","110","139"," 69","189","130","218","139","212","130","229","107","214","102","226"," 79","220"," 57","223"," 40","253","126","268","102","306"," 71","322"," 64","322"," 48"," 55","159"
"IE-0078-M214L 2-5.dw.png","113","113","127","107","150","140","150","113","145"," 71","193","130","226","137","215","130","232","107","218","103","230"," 80","224"," 58","228"," 39","258","124","274","100","307"," 70","326"," 61","326"," 46"," 65","164"
"IE-0078-M214L 2-6.dw.png","105"," 92","121"," 90","137","129","142","102","148"," 60","181","129","212","143","204","133","223","114","209","106","227"," 88","228"," 66","236"," 49","243","137","264","116","303"," 94","320"," 89","322"," 75"," 44","129"
"IE-0078-M214L 2-7.dw.png","129","113","143","108","164","140","163","112","159"," 73","207","129","240","136","229","129","243","108","229","102","240"," 80","236"," 59","240"," 41","270","124","284"," 98","313"," 69","331"," 61","332"," 48"," 81","161"
"IE-0078-M214L 2-8.dw.png"," 87","113","100","108","130","140","127","114","119"," 72","171","128","204","132","194","125","206","102","191","100","202"," 76","197"," 55","200"," 36","234","118","247"," 92","275"," 61","294"," 50","293"," 35"," 46","166"
"IE-0078-M214L 2-9.dw.png"," 89"," 99","102"," 95","130","131","126","103","123"," 60","173","122","204","130","196","122","212","100","195"," 96","207"," 74","203"," 52","208"," 33","234","120","250"," 96","282"," 67","301"," 59","299"," 44"," 42","149"
"IE-0079-M221T-1.dw.png"," 94","116","106","111","137","145","129","117","125"," 76","176","135","207","142","197","134","213","111","198","107","211"," 85","205"," 64","208"," 46","238","131","255","107","288"," 75","304"," 68","304"," 53"," 45","167"
"IE-0079-M221T-10.dw.png","100"," 99","115"," 96","136","132","135","104","136"," 66","179","130","209","142","202","132","221","113","204","105","221"," 86","222"," 64","227"," 47","242","134","261","114","300"," 88","318"," 83","321"," 68"," 44","142"
"IE-0079-M221T-11.dw.png","106"," 92","120"," 92","140","131","141","103","145"," 62","181","132","208","145","202","135","224","116","205","107","226"," 89","225"," 66","233"," 50","244","139","265","119","304"," 96","324"," 91","326"," 76"," 43","130"
"IE-0079-M221T-12.dw.png"," 85"," 94"," 99"," 91","126","126","120"," 98","118"," 58","168","119","197","127","187","119","204"," 97","185"," 91","200"," 72","199"," 51","202"," 32","230","116","244"," 93","277"," 65","293"," 59","294"," 43"," 34","145"
"IE-0079-M221T-2.dw.png","107"," 79","124"," 81","138","125","142"," 94","154"," 56","180","131","206","150","202","139","223","123","207","111","231"," 97","235"," 73","245"," 57","241","151","266","133","307","119","329","117","332","101"," 40","106"
"IE-0079-M221T-3.dw.png","113"," 97","129"," 94","148","131","149","103","152"," 63","193","128","224","140","216","130","234","110","218","103","237"," 84","235"," 62","241"," 44","259","132","276","111","313"," 86","331"," 80","334"," 64"," 55","138"
"IE-0079-M221T-4.dw.png"," 98","109","112","108","136","148","133","118","139"," 77","178","146","208","159","201","149","222","130","203","121","222","102","222"," 81","228"," 63","248","151","263","132","302","107","321","102","323"," 87"," 37","150"
"IE-0079-M221T-5.dw.png","105"," 87","121"," 85","139","126","143"," 98","146"," 56","182","126","211","140","205","130","227","112","207","102","227"," 86","227"," 64","233"," 46","248","135","267","114","305"," 93","324"," 88","326"," 73"," 43","125"
"IE-0079-M221T-6.dw.png","113"," 90","129"," 90","141","132","146","102","158"," 63","184","137","211","154","204","143","230","127","213","116","235","101","238"," 79","246"," 63","248","153","270","136","311","118","327","116","332","102"," 48","119"
"IE-0079-M221T-7.dw.png","102"," 84","117"," 83","133","121","137"," 94","143"," 55","177","123","205","137","200","127","219","110","204","100","225"," 84","226"," 62","233"," 46","241","133","262","114","301"," 91","318"," 88","322"," 74"," 43","120"
"IE-0079-M221T-8.dw.png","106"," 94","120"," 92","145","129","139","100","143"," 60","183","124","214","136","206","125","226","107","210"," 99","226"," 80","223"," 58","229"," 40","248","128","266","106","304"," 81","322"," 74","324"," 59"," 48","137"
"IE-0079-M221T-9.dw.png","116"," 99","131"," 97","152","133","153","105","154"," 65","197","130","228","142","220","132","237","112","222","105","239"," 86","238"," 63","244"," 46","261","134","281","111","318"," 86","335"," 80","337"," 63"," 56","142"
"IE-0080-M222MO-1.dw.png","102","108","115","105","142","141","133","111","136"," 70","185","132","217","142","205","133","223","111","205","106","221"," 84","218"," 64","220"," 44","248","131","264","107","296"," 79","310"," 74","311"," 56"," 50","158"
"IE-0080-M222MO-10.dw.png","109"," 86","124"," 87","138","129","142","101","153"," 61","182","135","207","153","201","141","222","127","207","115","229","102","234"," 80","242"," 66","238","152","263","137","302","122","320","121","327","109"," 45","117"
"IE-0080-M222MO-11.dw.png","111","111","125","109","143","148","147","121","151"," 80","184","146","213","162","206","150","225","135","209","126","228","109","230"," 88","238"," 71","246","157","265","139","303","119","323","115","326","102"," 53","150"
"IE-0080-M222MO-12.dw.png","114"," 95","126"," 92","151","129","147"," 99","148"," 57","192","122","225","132","215","123","233","103","216"," 96","232"," 75","231"," 53","237"," 35","258","122","274"," 99","308"," 72","323"," 67","325"," 52"," 58","144"
"IE-0080-M222MO-2.dw.png","113","103","125","100","152","135","146","106","144"," 66","193","127","226","134","216","126","235","106","213"," 98","230"," 77","228"," 55","231"," 38","256","124","273","100","306"," 72","320"," 65","321"," 50"," 62","155"
"IE-0080-M222MO-3.dw.png","111"," 98","123"," 96","146","132","147","107","147"," 65","190","128","219","138","210","129","230","111","210","103","228"," 84","227"," 64","230"," 47","249","131","268","110","301"," 84","319"," 78","320"," 63"," 56","142"
"IE-0080-M222MO-4.dw.png","122","100","134","101","150","141","154","113","163"," 73","194","143","222","158","215","147","238","131","219","120","241","104","243"," 83","251"," 69","254","156","277","137","315","117","331","115","335","101"," 61","139"
"IE-0080-M222MO-5.dw.png","110","107","121","104","143","141","143","114","144"," 71","185","137","215","148","206","138","225","120","206","110","225"," 92","226"," 69","231"," 53","247","140","264","119","302"," 94","317"," 88","318"," 73"," 58","153"
"IE-0080-M222MO-6.dw.png","111"," 98","123"," 96","145","132","141","103","147"," 64","186","128","217","140","208","130","227","112","207","103","224"," 85","223"," 63","229"," 46","248","132","265","111","299"," 86","314"," 82","317"," 67"," 58","144"
"IE-0080-M222MO-7.dw.png"," 90","100","103"," 95","129","129","123","101","121"," 61","171","120","201","129","191","120","211","100","193"," 93","206"," 74","203"," 52","206"," 36","232","117","249"," 95","278"," 69","294"," 61","294"," 46"," 45","151"
"IE-0080-M222MO-8.dw.png","116"," 99","127"," 96","152","132","147","104","150"," 63","191","127","222","138","213","129","234","111","214","102","233"," 83","233"," 61","238"," 45","255","130","274","108","310"," 83","327"," 77","328"," 64"," 61","145"
"IE-0080-M222MO-9.dw.png","102","105","115","103","135","141","138","114","142"," 70","183","140","211","153","205","143","226","125","204","116","224"," 96","226"," 75","232"," 57","245","147","264","126","301","103","319"," 99","322"," 84"," 46","149"
"IE-0081-M223KE-1.dw.png","105","105","120","100","147","133","144","107","139"," 66","186","124","219","131","210","123","228","102","210"," 97","223"," 77","220"," 56","222"," 37","253","118","268"," 95","299"," 67","320"," 58","319"," 44"," 55","153"
"IE-0081-M223KE-10.dw.png"," 86"," 97","101"," 95","126","128","123","102","122"," 62","162","122","195","132","186","124","203","103","187"," 97","202"," 77","198"," 56","203"," 38","227","121","243","100","277"," 72","297"," 63","296"," 49"," 36","143"
"IE-0081-M223KE-11.dw.png"," 88"," 96","102"," 93","128","127","123","100","123"," 61","168","121","198","130","190","120","205","100","188"," 96","203"," 76","198"," 56","203"," 38","230","120","244"," 97","278"," 70","294"," 63","296"," 49"," 37","140"
"IE-0081-M223KE-12.dw.png"," 86"," 91","101"," 89","124","124","121"," 97","124"," 56","161","120","194","131","185","121","207","102","185"," 93","205"," 75","201"," 53","207"," 35","227","123","244","101","280"," 74","298"," 68","300"," 53"," 34","135"
"IE-0081-M223KE-2.dw.png"," 92","119","107","114","130","146","128","118","123"," 79","170","134","204","138","193","131","210","107","190","104","204"," 83","198"," 62","201"," 44","234","124","248"," 98","279"," 66","294"," 57","293"," 42"," 49","171"
"IE-0081-M223KE-3.dw.png","102","112","118","108","141","141","138","113","137"," 70","181","131","215","137","204","129","224","104","201","100","219"," 78","215"," 56","218"," 38","249","123","264"," 96","296"," 65","313"," 56","312"," 42"," 54","165"
"IE-0081-M223KE-4.dw.png","107","101","119"," 98","141","130","140","104","140"," 64","181","122","214","130","205","122","225","100","207"," 96","221"," 76","215"," 55","219"," 38","246","119","262"," 95","292"," 67","310"," 59","310"," 44"," 57","150"
"IE-0081-M223KE-5.dw.png","100"," 92","113"," 89","136","123","133"," 97","136"," 57","172","118","205","128","197","119","212","100","201"," 95","216"," 75","213"," 53","219"," 37","239","119","256"," 99","291"," 71","310"," 64","313"," 51"," 47","136"
"IE-0081-M223KE-6.dw.png","107"," 80","120"," 80","136","118","138"," 90","147"," 52","176","120","205","135","200","125","221","108","202"," 98","222"," 83","223"," 60","230"," 45","237","132","260","113","296"," 93","313"," 89","317"," 77"," 48","115"
"IE-0081-M223KE-7.dw.png","103","101","117","100","135","135","135","109","142"," 70","171","133","203","146","195","137","216","118","201","111","218"," 93","216"," 72","223"," 55","235","140","256","119","292"," 96","310"," 92","311"," 77"," 45","140"
"IE-0081-M223KE-8.dw.png","103"," 85","116"," 83","135","119","135"," 92","141"," 53","172","116","205","129","197","118","217"," 99","202"," 92","220"," 75","217"," 53","225"," 36","237","121","256"," 99","291"," 75","309"," 69","310"," 54"," 46","128"
"IE-0081-M223KE-9.dw.png"," 98"," 78","111"," 77","127","114","129"," 88","139"," 49","167","115","198","130","191","120","213","103","196"," 94","217"," 78","217"," 57","224"," 40","231","126","251","106","288"," 86","307"," 83","310"," 68"," 39","114"
"IE-0082-M224KE-1.dw.png","129"," 95","142"," 94","159","136","161","108","175"," 68","196","140","224","159","218","147","242","133","226","121","247","107","251"," 84","261"," 65","261","158","284","141","324","123","343","120","348","107"," 64","123"
"IE-0082-M224KE-10.dw.png","106"," 94","120"," 92","143","130","143","103","146"," 60","183","128","214","141","207","131","228","112","210","104","228"," 84","228"," 61","235"," 42","250","133","270","113","307"," 89","325"," 83","327"," 67"," 44","133"
"IE-0082-M224KE-11.dw.png","114"," 85","125"," 85","142","124","146"," 98","156"," 55","184","126","213","141","206","130","229","114","215","105","232"," 87","234"," 65","242"," 48","248","137","274","118","311"," 97","330"," 94","334"," 80"," 50","119"
"IE-0082-M224KE-12.dw.png","110"," 97","123"," 93","150","128","143"," 99","143"," 60","192","122","219","131","210","123","229","101","212"," 95","229"," 75","226"," 52","230"," 34","257","119","273"," 96","305"," 70","323"," 65","323"," 49"," 57","147"
"IE-0082-M224KE-2.dw.png","104"," 92","121"," 92","135","130","140","104","147"," 64","174","133","205","150","196","139","217","122","206","115","225"," 99","227"," 77","236"," 59","239","148","264","129","302","112","321","109","325"," 95"," 44","124"
"IE-0082-M224KE-3.dw.png","102"," 88","115"," 86","135","126","134"," 98","140"," 59","175","127","201","141","196","131","217","115","200","105","218"," 89","219"," 67","227"," 49","237","137","259","118","296","100","314"," 97","316"," 81"," 42","124"
"IE-0082-M224KE-4.dw.png","106","100","117"," 97","146","133","141","104","142"," 63","185","129","216","139","208","130","225","110","209","104","226"," 82","225"," 58","228"," 39","252","129","270","107","304"," 79","322"," 72","324"," 56"," 49","143"
"IE-0082-M224KE-5.dw.png","112","100","126"," 98","152","136","149","107","151"," 65","194","133","222","144","215","135","233","116","216","107","232"," 88","231"," 66","238"," 46","256","137","274","118","311"," 91","330"," 86","332"," 70"," 59","144"
"IE-0082-M224KE-6.dw.png","101"," 87","117"," 84","137","121","138"," 94","140"," 53","176","119","210","130","202","122","222","102","205"," 94","222"," 75","221"," 52","226"," 32","246","122","266","101","302"," 76","319"," 69","321"," 54"," 41","127"
"IE-0082-M224KE-7.dw.png"," 96"," 88","110"," 84","136","119","133"," 93","132"," 50","175","115","208","123","200","115","214"," 96","202"," 90","216"," 69","212"," 46","217"," 27","240","116","258"," 93","295"," 66","312"," 60","314"," 44"," 44","134"
"IE-0082-M224KE-8.dw.png","100"," 87","113"," 84","137","121","140"," 95","138"," 52","176","117","210","128","201","120","219","101","203"," 94","220"," 75","219"," 53","225"," 35","246","121","262","100","299"," 75","317"," 70","317"," 54"," 48","129"
"IE-0082-M224KE-9.dw.png","110"," 91","123"," 89","141","127","142"," 98","146"," 60","181","126","212","139","205","129","228","112","208","102","227"," 85","228"," 62","234"," 45","248","132","269","112","305"," 92","323"," 86","326"," 72"," 51","130"
"IE-0083-M225DR-1.dw.png","103"," 90","116"," 89","130","128","136","102","146"," 61","169","132","196","150","191","138","214","122","201","112","219"," 96","219"," 73","227"," 54","234","148","256","127","294","108","312","105","313"," 89"," 40","125"
"IE-0083-M225DR-10.dw.png","106"," 91","121"," 91","137","129","139","101","146"," 63","177","131","202","147","196","136","218","120","206","112","223"," 96","223"," 73","232"," 56","236","144","259","124","296","107","314","103","317"," 88"," 44","125"
"IE-0083-M225DR-11.dw.png","102"," 92","114"," 91","130","130","135","103","141"," 63","168","130","199","148","192","135","215","120","198","110","218"," 92","219"," 71","228"," 54","233","143","258","121","292","103","310","100","314"," 84"," 43","128"
"IE-0083-M225DR-12.dw.png","102"," 99","115"," 96","139","134","135","105","141"," 65","175","132","204","144","198","135","215","118","201","110","219"," 91","220"," 71","227"," 54","239","139","257","119","292"," 98","312"," 93","315"," 78"," 46","139"
"IE-0083-M225DR-2.dw.png","108"," 90","119"," 90","133","129","137","101","147"," 64","173","131","202","149","197","138","221","124","203","113","224"," 98","225"," 77","236"," 60","236","147","257","130","295","115","316","111","320"," 97"," 46","123"
"IE-0083-M225DR-3.dw.png","105"," 89","118"," 88","134","130","139","101","146"," 61","173","133","199","150","192","138","218","122","201","112","219"," 94","221"," 73","230"," 57","233","148","256","127","293","109","310","107","314"," 91"," 43","124"
"IE-0083-M225DR-4.dw.png","107"," 92","119"," 89","145","127","141"," 99","142"," 58","184","124","216","135","209","126","229","106","210"," 98","226"," 79","222"," 57","230"," 39","249","127","267","105","303"," 81","322"," 75","324"," 60"," 52","138"
"IE-0083-M225DR-5.dw.png","106"," 95","119"," 94","136","131","137","104","143"," 64","177","132","206","147","197","136","220","118","206","109","223"," 92","221"," 70","229"," 51","240","141","260","118","298"," 98","317"," 95","319"," 78"," 46","136"
"IE-0083-M225DR-6.dw.png","101"," 92","114"," 90","140","129","135"," 99","140"," 59","177","127","205","140","197","130","219","113","201","104","218"," 84","217"," 62","225"," 45","239","134","260","113","298"," 89","315"," 84","318"," 69"," 43","133"
"IE-0083-M225DR-7.dw.png","109"," 99","121"," 98","144","133","144","106","144"," 65","187","129","216","144","210","133","230","115","213","107","229"," 88","227"," 66","234"," 48","250","136","271","113","305"," 93","326"," 88","327"," 71"," 51","141"
"IE-0083-M225DR-8.dw.png"," 92"," 93","103"," 90","124","123","127"," 98","122"," 59","160","119","189","131","181","121","195","103","183"," 97","197"," 78","192"," 58","198"," 42","219","122","236","100","266"," 78","283"," 73","285"," 58"," 41","134"
"IE-0083-M225DR-9.dw.png","117"," 98","129"," 95","152","130","150","102","151"," 63","193","127","223","139","215","128","235","110","219","102","234"," 83","231"," 63","238"," 44","255","132","274","110","312"," 86","331"," 80","333"," 65"," 57","140"
"IE-0084-M227DN-1.dw.png","109","178","118","171","164","193","144","169","127","133","196","175","227","173","215","168","227","141","207","141","214","117","204"," 98","202"," 79","256","152","262","126","287"," 85","299"," 75","296"," 61"," 75","243"
"IE-0084-M227DN-10.dw.png","105"," 85","120"," 86","138","125","139"," 98","147"," 57","176","129","202","147","195","136","220","121","202","109","224"," 94","227"," 72","237"," 56","233","146","257","127","297","111","316","109","321"," 94"," 41","118"
"IE-0084-M227DN-11.dw.png","100","131","112","125","148","157","136","129","128"," 91","181","144","216","149","203","142","223","119","200","115","216"," 92","209"," 72","212"," 53","246","135","261","109","290"," 77","306"," 68","305"," 53"," 58","186"
"IE-0084-M227DN-12.dw.png"," 99"," 97","113"," 95","138","132","137","106","139"," 66","177","132","207","145","199","136","219","118","203","110","221"," 93","221"," 71","227"," 53","236","141","259","120","295"," 98","313"," 93","315"," 81"," 44","135"
"IE-0084-M227DN-2.dw.png","104","107","116","105","141","142","140","114","140"," 74","184","141","213","154","206","143","228","125","210","117","229"," 99","228"," 76","233"," 59","248","148","267","129","305","105","321","101","324"," 87"," 45","148"
"IE-0084-M227DN-3.dw.png","102","106","116","103","141","139","139","109","138"," 69","181","130","210","139","202","130","220","109","206","105","219"," 85","218"," 64","223"," 45","241","130","261","107","296"," 80","314"," 72","315"," 58"," 49","153"
"IE-0084-M227DN-4.dw.png"," 94","102","108"," 98","135","135","133","108","131"," 65","174","129","207","139","198","129","216","108","199","103","215"," 83","212"," 61","217"," 43","242","127","259","104","294"," 78","312"," 71","312"," 57"," 40","149"
"IE-0084-M227DN-5.dw.png"," 98"," 73","112"," 73","122","112","131"," 85","142"," 48","164","119","193","138","187","126","211","112","197","102","217"," 89","222"," 66","230"," 48","227","138","251","123","292","107","310","104","315"," 91"," 31","101"
"IE-0084-M227DN-6.dw.png","112"," 93","127"," 91","151","125","149"," 99","143"," 59","189","121","218","131","210","121","228","101","213"," 95","232"," 76","229"," 54","232"," 35","250","122","269","101","307"," 72","324"," 66","325"," 52"," 55","137"
"IE-0084-M227DN-7.dw.png","108"," 87","122"," 89","142","130","141","101","152"," 62","178","133","207","151","199","138","224","124","206","114","229"," 99","233"," 78","242"," 60","240","149","264","131","304","114","322","112","325"," 98"," 46","119"
"IE-0084-M227DN-8.dw.png","118"," 78","133"," 77","154","117","155"," 90","160"," 49","195","118","221","134","215","123","237","107","221"," 96","240"," 80","240"," 57","248"," 39","254","130","276","111","318"," 90","333"," 87","334"," 71"," 57","115"
"IE-0084-M227DN-9.dw.png"," 98","118","110","114","145","146","135","119","127"," 80","183","136","214","143","204","135","219","113","202","108","217"," 87","209"," 66","211"," 47","245","130","259","107","292"," 74","307"," 66","307"," 51"," 51","172"
"IE-0085-M240LH-1.dw.png","118","114","131","112","152","149","152","121","156"," 80","195","145","225","155","218","146","234","127","221","120","237","102","236"," 80","243"," 62","258","148","276","128","311","103","329"," 97","331"," 82"," 64","158"
"IE-0085-M240LH-10.dw.png","110"," 93","122"," 92","142","129","142","102","148"," 62","185","129","213","141","207","132","224","114","211","106","228"," 89","229"," 66","237"," 48","248","135","268","117","303"," 94","322"," 88","324"," 72"," 52","130"
"IE-0085-M240LH-11.dw.png","102","109","114","104","139","138","136","111","134"," 70","183","128","213","134","204","127","217","105","203","101","219"," 80","214"," 58","218"," 40","245","122","261"," 99","291"," 69","308"," 61","307"," 45"," 51","157"
"IE-0085-M240LH-2.dw.png","107","101","118"," 97","147","129","142","102","135"," 62","190","118","219","124","209","116","222"," 94","207"," 91","220"," 69","215"," 48","218"," 29","249","111","261"," 88","292"," 58","309"," 48","306"," 34"," 60","154"
"IE-0085-M240LH-3.dw.png","110","109","122","106","151","141","145","114","141"," 73","189","133","219","141","210","133","225","111","210","106","226"," 85","223"," 63","226"," 43","251","129","267","105","301"," 77","319"," 69","321"," 53"," 57","160"
"IE-0085-M240LH-4.dw.png"," 97","116","111","112","142","143","134","116","128"," 75","179","131","210","136","200","129","217","105","195","101","212"," 80","206"," 58","207"," 38","243","120","256"," 95","285"," 63","303"," 53","301"," 38"," 54","170"
"IE-0085-M240LH-5.dw.png","113"," 97","126"," 94","148","132","148","102","150"," 62","193","126","226","135","218","128","235","107","217"," 99","236"," 81","232"," 59","237"," 41","259","127","279","104","313"," 78","330"," 72","331"," 59"," 62","144"
"IE-0085-M240LH-6.dw.png"," 93"," 81","108"," 81","124","122","126"," 93","137"," 53","168","125","197","140","188","130","209","112","194","103","214"," 88","216"," 65","225"," 47","234","138","253","118","293"," 99","311"," 96","314"," 80"," 32","118"
"IE-0085-M240LH-7.dw.png","114"," 84","128"," 83","143","123","147"," 96","155"," 56","188","125","215","141","209","130","227","114","216","107","236"," 90","236"," 68","245"," 52","249","138","271","120","308","102","326"," 98","329"," 83"," 54","117"
"IE-0085-M240LH-8.dw.png","125"," 94","139"," 91","162","126","158"," 99","161"," 59","200","119","233","128","222","120","240","100","223"," 93","239"," 74","236"," 52","240"," 34","264","119","280"," 94","313"," 68","330"," 61","331"," 47"," 71","139"
"IE-0085-M240LH-9.dw.png","109"," 95","123"," 93","143","130","144","103","146"," 62","188","127","219","139","212","129","231","111","212","102","231"," 86","231"," 64","237"," 45","254","132","273","112","313"," 87","333"," 81","334"," 67"," 52","136"
"IE-0086-M242LH-1.dw.png"," 93","103","108","100","130","134","128","108","127"," 66","171","124","204","131","194","123","210","103","191"," 98","206"," 77","204"," 57","206"," 39","234","120","249"," 97","282"," 68","299"," 60","299"," 46"," 45","152"
"IE-0086-M242LH-10.dw.png"," 89"," 89","103"," 87","124","123","123"," 97","126"," 59","163","120","193","133","185","123","207","107","188"," 98","205"," 81","203"," 60","208"," 43","224","127","244","107","278"," 83","296"," 77","297"," 64"," 38","127"
"IE-0086-M242LH-11.dw.png","106","108","120","105","144","138","140","111","136"," 72","184","128","214","134","206","126","223","105","203","100","218"," 80","215"," 60","216"," 43","246","122","261"," 99","292"," 68","308"," 61","306"," 49"," 60","158"
"IE-0086-M242LH-12.dw.png"," 91","109","104","104","128","137","126","111","121"," 70","171","127","201","135","192","127","207","106","189","100","204"," 81","200"," 60","204"," 43","233","122","248"," 99","279"," 71","296"," 63","295"," 49"," 44","157"
"IE-0086-M242LH-2.dw.png","105","105","118","102","139","142","141","114","143"," 72","183","140","209","152","203","143","222","125","205","116","224"," 98","224"," 77","230"," 60","243","146","262","126","297","104","314"," 97","316"," 83"," 50","145"
"IE-0086-M242LH-3.dw.png","101"," 92","115"," 91","134","130","135","104","143"," 64","172","132","198","147","191","136","213","120","200","111","219"," 94","221"," 74","227"," 59","233","144","254","124","292","104","310","101","315"," 88"," 41","127"
"IE-0086-M242LH-4.dw.png","100","106","113","103","140","137","134","111","134"," 70","178","131","207","139","197","130","216","110","200","104","216"," 84","211"," 64","216"," 47","239","129","255","106","288"," 80","303"," 74","305"," 60"," 51","154"
"IE-0086-M242LH-5.dw.png"," 91","112","105","108","127","141","127","115","122"," 75","170","130","202","136","193","128","210","107","192","102","207"," 82","203"," 61","203"," 46","233","123","249","101","280"," 71","296"," 63","295"," 50"," 47","163"
"IE-0086-M242LH-6.dw.png","106"," 91","119"," 90","140","126","140","100","139"," 61","181","122","209","135","204","125","223","107","206","100","222"," 81","220"," 60","224"," 44","244","128","263","108","297"," 83","315"," 78","317"," 64"," 52","129"
"IE-0086-M242LH-7.dw.png","110"," 95","124"," 92","146","130","146","103","147"," 61","190","126","218","138","212","129","229","110","214","103","230"," 83","230"," 62","236"," 45","250","131","271","110","304"," 86","322"," 81","322"," 68"," 56","136"
"IE-0086-M242LH-8.dw.png"," 99"," 90","114"," 88","133","124","134"," 98","135"," 59","173","120","203","132","196","123","216","104","199"," 97","214"," 78","213"," 57","219"," 42","236","125","256","103","291"," 80","309"," 75","309"," 61"," 44","132"
"IE-0086-M242LH-9.dw.png"," 98"," 89","114"," 87","134","123","135"," 97","137"," 55","178","118","208","130","202","120","219","103","199"," 95","216"," 75","215"," 55","220"," 39","238","123","260","100","290"," 75","306"," 70","305"," 57"," 49","131"
"IE-0087-M243DL-1.dw.png","112","129","125","124","151","156","148","130","143"," 89","190","143","223","148","212","141","225","120","210","116","224"," 94","218"," 74","219"," 55","254","134","267","111","297"," 79","313"," 69","311"," 56"," 63","182"
"IE-0087-M243DL-10.dw.png","104","112","117","107","146","141","140","114","137"," 71","185","131","218","138","209","129","226","106","207","101","220"," 79","216"," 57","219"," 39","254","123","269"," 98","296"," 69","313"," 60","310"," 47"," 56","162"
"IE-0087-M243DL-11.dw.png"," 94"," 79","107"," 81","118","123","125"," 98","140"," 59","154","131","181","153","176","141","200","129","187","117","210","104","216"," 84","225"," 71","218","156","240","142","283","130","300","130","304","118"," 27"," 99"
"IE-0087-M243DL-12.dw.png","110"," 97","121"," 95","142","135","146","108","150"," 67","185","134","215","150","208","138","229","120","213","111","233"," 93","233"," 71","239"," 55","251","143","273","122","309","100","326"," 97","328"," 83"," 49","136"
"IE-0087-M243DL-2.dw.png"," 98","102","113"," 99","133","137","134","110","138"," 67","177","134","208","146","199","136","217","117","201","109","221"," 92","221"," 70","223"," 54","241","139","260","118","294"," 94","311"," 89","312"," 74"," 43","143"
"IE-0087-M243DL-3.dw.png"," 89"," 98","103"," 95","124","131","123","103","127"," 62","165","125","196","133","189","125","211","104","191"," 98","207"," 78","203"," 57","207"," 40","233","123","249","100","280"," 75","298"," 67","298"," 53"," 36","144"
"IE-0087-M243DL-4.dw.png"," 91","125","104","119","136","150","128","122","120"," 82","176","135","209","140","198","133","212","108","193","106","204"," 81","200"," 61","200"," 42","241","124","254"," 95","281"," 64","295"," 56","293"," 40"," 49","182"
"IE-0087-M243DL-5.dw.png","102","105","115","101","140","133","138","107","136"," 65","178","123","213","130","204","122","220","101","203"," 95","218"," 74","214"," 54","217"," 37","246","118","263"," 94","293"," 65","306"," 58","304"," 44"," 53","155"
"IE-0087-M243DL-6.dw.png","106"," 95","119"," 94","133","134","138","106","148"," 64","180","133","208","147","202","137","226","120","208","111","227"," 92","227"," 70","233"," 54","247","142","267","122","303","100","319"," 96","322"," 83"," 44","133"
"IE-0087-M243DL-7.dw.png","100","150","112","144","141","176","135","148","130","108","180","161","214","165","203","159","213","136","199","133","213","109","205"," 88","207"," 70","244","150","256","126","285"," 91","299"," 82","296"," 67"," 57","207"
"IE-0087-M243DL-8.dw.png"," 98"," 92","113"," 91","133","129","133","102","137"," 60","174","127","205","139","197","130","217","110","200","103","219"," 85","218"," 64","223"," 47","239","133","258","111","291"," 89","309"," 84","312"," 69"," 42","134"
"IE-0087-M243DL-9.dw.png"," 89","127","104","121","131","153","122","126","118"," 85","169","139","202","143","194","135","207","112","190","109","203"," 85","198"," 65","198"," 48","236","126","249","100","275"," 69","291"," 59","287"," 45"," 44","184"
"IE-0088-M245CE-1.dw.png","110"," 91","123"," 89","147","126","148"," 99","147"," 56","187","120","218","131","210","121","228","102","212"," 94","230"," 75","227"," 53","231"," 36","254","121","271"," 99","308"," 72","323"," 66","323"," 51"," 56","138"
"IE-0088-M245CE-10.dw.png"," 87"," 91","101"," 88","123","124","120"," 98","121"," 57","159","119","189","130","181","120","199","101","185"," 95","201"," 75","198"," 54","202"," 37","222","122","239"," 99","276"," 73","294"," 68","294"," 53"," 36","137"
"IE-0088-M245CE-11.dw.png"," 97","103","112","100","138","137","135","109","133"," 65","178","130","210","140","201","130","217","109","201","103","217"," 81","213"," 59","216"," 41","243","129","262","104","295"," 76","311"," 70","311"," 54"," 46","152"
"IE-0088-M245CE-2.dw.png"," 97","102","110"," 99","135","135","136","108","132"," 64","176","129","207","140","198","131","215","111","198","104","216"," 82","213"," 60","217"," 42","240","130","258","106","293"," 78","309"," 72","309"," 58"," 46","149"
"IE-0088-M245CE-3.dw.png"," 92","107","104","105","131","141","125","112","123"," 68","169","132","202","141","192","132","209","110","193","104","209"," 82","205"," 59","207"," 41","235","129","252","105","288"," 74","304"," 67","304"," 52"," 41","161"
"IE-0088-M245CE-4.dw.png","114"," 99","127"," 97","144","136","149","108","154"," 65","190","134","222","147","212","136","232","119","216","111","234"," 91","234"," 69","241"," 51","253","142","272","120","311"," 97","328"," 92","331"," 77"," 59","141"
"IE-0088-M245CE-5.dw.png","113"," 96","125"," 94","148","134","147","105","149"," 62","189","131","218","143","210","134","231","115","214","106","231"," 86","229"," 63","233"," 48","253","136","271","115","308"," 90","325"," 84","325"," 69"," 58","142"
"IE-0088-M245CE-6.dw.png","109"," 95","123"," 95","139","137","139","107","151"," 67","178","141","204","157","197","145","220","130","207","120","229","104","231"," 81","238"," 64","241","155","261","136","302","118","319","117","323","100"," 48","131"
"IE-0088-M245CE-7.dw.png","109"," 91","121"," 91","140","132","142","104","150"," 63","180","135","207","152","200","140","223","124","209","115","230"," 98","230"," 76","238"," 59","242","149","264","131","305","111","321","110","325"," 96"," 50","128"
"IE-0088-M245CE-8.dw.png","104"," 92","117"," 89","141","128","139"," 99","138"," 56","183","124","212","135","204","126","222","105","206"," 99","224"," 77","221"," 54","224"," 37","245","127","265","104","301"," 78","316"," 73","318"," 58"," 51","139"
"IE-0088-M245CE-9.dw.png","101","100","112"," 97","135","135","133","108","136"," 67","175","133","203","147","195","136","216","118","200","109","219"," 91","218"," 68","224"," 52","237","141","259","118","298"," 96","316"," 92","317"," 78"," 43","143"
"IE-0089-M246CE-1.dw.png","108","101","122"," 99","139","138","142","109","147"," 68","182","136","215","149","208","139","227","120","212","112","230"," 93","228"," 71","234"," 52","250","142","269","121","310"," 96","328"," 91","330"," 75"," 51","144"
"IE-0089-M246CE-10.dw.png","110"," 94","125"," 93","138","132","145","104","148"," 65","184","131","212","146","206","136","227","118","213","111","229"," 92","230"," 70","236"," 52","247","141","268","121","308"," 99","322"," 95","325"," 79"," 52","134"
"IE-0089-M246CE-11.dw.png","109"," 99","122"," 98","148","137","145","108","147"," 68","187","133","215","146","207","136","228","118","212","110","231"," 91","228"," 68","234"," 49","251","139","272","116","307"," 93","323"," 87","325"," 72"," 52","143"
"IE-0089-M246CE-12.dw.png","107"," 93","119"," 91","138","131","138","102","147"," 64","179","131","206","147","199","136","221","121","207","111","225"," 94","225"," 71","232"," 54","241","142","261","123","300","103","315","101","320"," 86"," 45","131"
"IE-0089-M246CE-2.dw.png","109","101","122"," 99","143","139","143","109","148"," 66","186","137","215","149","207","139","228","120","211","112","229"," 94","226"," 70","234"," 50","251","142","270","121","307"," 96","322"," 91","325"," 76"," 52","147"
"IE-0089-M246CE-3.dw.png","107"," 98","119"," 95","142","135","141","106","143"," 65","182","131","211","144","204","135","227","116","208","108","226"," 90","225"," 67","232"," 47","246","138","270","115","305"," 90","319"," 86","323"," 71"," 49","143"
"IE-0089-M246CE-4.dw.png","108"," 95","122"," 93","140","131","144","104","146"," 62","183","129","216","144","210","133","229","115","213","106","230"," 89","230"," 64","238"," 47","250","138","270","117","311"," 92","327"," 88","330"," 73"," 52","136"
"IE-0089-M246CE-5.dw.png","107","102","122","101","138","139","142","110","149"," 69","183","137","216","152","209","141","227","124","213","116","231"," 98","231"," 75","240"," 55","250","147","271","127","310","105","329"," 99","332"," 84"," 51","143"
"IE-0089-M246CE-6.dw.png","104","101","118"," 99","138","138","137","108","142"," 68","180","136","210","150","204","140","221","122","206","113","225"," 95","225"," 72","234"," 55","244","145","266","124","305","101","322"," 96","325"," 82"," 47","144"
"IE-0089-M246CE-7.dw.png","107"," 91","121"," 92","135","133","139","105","149"," 65","175","138","201","157","195","144","220","131","205","119","229","103","232"," 82","241"," 66","238","158","262","140","304","123","319","121","326","106"," 44","124"
"IE-0089-M246CE-8.dw.png","105","104","117","102","138","138","141","108","139"," 68","186","131","212","142","205","133","223","112","212","106","225"," 86","223"," 64","227"," 45","248","133","266","110","300"," 84","318"," 78","319"," 62"," 49","152"
"IE-0089-M246CE-9.dw.png","105"," 97","119"," 96","142","136","142","107","144"," 64","180","133","212","147","204","136","224","118","207","110","227"," 91","226"," 68","234"," 48","247","140","267","120","307"," 96","324"," 91","327"," 76"," 47","140"
"IE-0090-M247F-1.dw.png","105"," 93","120"," 91","144","131","144","102","144"," 58","188","126","217","137","208","128","226","106","210","100","226"," 79","224"," 57","228"," 42","250","129","268","105","305"," 79","318"," 75","319"," 60"," 50","139"
"IE-0090-M247F-10.dw.png","108","109","120","105","143","140","142","113","142"," 70","184","132","216","141","207","133","223","112","210","106","223"," 85","220"," 64","224"," 48","248","131","265","107","302"," 78","318"," 71","317"," 57"," 56","155"
"IE-0090-M247F-11.dw.png","104"," 85","119"," 85","131","125","137"," 97","147"," 57","172","129","198","144","191","134","212","117","200","108","219"," 91","222"," 71","229"," 55","232","143","254","123","293","106","310","105","314"," 89"," 44","118"
"IE-0090-M247F-12.dw.png","110"," 93","125"," 93","145","133","145","106","152"," 64","185","134","212","147","205","137","223","119","211","112","229"," 93","228"," 71","236"," 55","245","144","264","123","301","101","320"," 97","323"," 82"," 47","130"
"IE-0090-M247F-2.dw.png","111"," 98","122"," 97","148","136","146","109","148"," 65","189","135","217","148","210","138","229","119","213","111","231"," 92","230"," 70","235"," 54","249","142","270","121","308"," 98","321"," 94","323"," 81"," 52","139"
"IE-0090-M247F-3.dw.png","110","100","123"," 98","152","137","147","108","147"," 64","193","132","221","143","213","134","230","114","213","106","232"," 86","230"," 64","233"," 47","255","136","273","114","309"," 89","328"," 83","328"," 68"," 54","148"
"IE-0090-M247F-4.dw.png","108","111","120","109","144","148","142","121","143"," 78","185","145","213","158","205","148","227","128","210","120","228","101","226"," 79","230"," 62","247","151","266","129","304","105","321","100","321"," 85"," 50","154"
"IE-0090-M247F-5.dw.png","110"," 94","122"," 93","147","133","146","106","148"," 61","188","133","216","145","209","135","230","117","213","109","230"," 90","229"," 69","235"," 54","249","140","270","120","309"," 98","324"," 94","327"," 80"," 51","136"
"IE-0090-M247F-6.dw.png"," 99"," 91","112"," 88","136","127","136","100","138"," 58","180","125","207","137","200","127","219","109","201","100","219"," 82","218"," 61","224"," 43","241","130","260","110","298"," 85","314"," 81","316"," 68"," 43","130"
"IE-0090-M247F-7.dw.png"," 87","101"," 99"," 98","132","132","121","105","120"," 62","171","124","199","133","191","124","203","103","191"," 98","204"," 76","201"," 53","204"," 36","230","123","246"," 98","282"," 69","298"," 61","297"," 46"," 34","152"
"IE-0090-M247F-8.dw.png","107","108","120","104","151","139","147","112","141"," 67","195","129","223","137","214","129","233","106","215","100","229"," 79","223"," 57","224"," 40","255","125","270","102","303"," 72","320"," 64","319"," 49"," 56","160"
"IE-0090-M247F-9.dw.png"," 98"," 94","110"," 92","129","129","132","102","134"," 60","175","124","203","136","196","126","211","107","198","100","213"," 81","212"," 59","218"," 44","236","127","254","106","292"," 80","306"," 75","309"," 62"," 44","136"
"IE-0091-M248KE-1.dw.png","125","107","140","105","162","141","156","112","159"," 71","203","135","231","145","222","136","240","115","225","110","239"," 88","237"," 66","239"," 48","266","135","282","110","316"," 85","331"," 80","332"," 64"," 73","155"
"IE-0091-M248KE-10.dw.png","104","102","122"," 99","144","138","142","110","145"," 68","183","136","212","149","204","139","226","120","209","112","226"," 92","224"," 70","231"," 54","246","142","266","122","306"," 96","324"," 92","326"," 77"," 48","142"
"IE-0091-M248KE-11.dw.png","115"," 86","129"," 85","146","123","146"," 98","156"," 58","186","124","210","138","205","128","222","112","212","105","230"," 89","230"," 68","239"," 54","241","135","262","117","299","100","318"," 96","320"," 83"," 57","118"
"IE-0091-M248KE-2.dw.png","105","100","118"," 97","138","133","140","107","142"," 65","178","131","207","142","199","132","219","113","202","105","220"," 87","218"," 66","223"," 49","240","134","258","113","294"," 90","311"," 83","313"," 70"," 49","143"
"IE-0091-M248KE-3.dw.png","110"," 93","123"," 90","147","129","144","101","149"," 59","187","126","214","137","208","128","226","110","210","101","228"," 83","228"," 60","233"," 46","248","131","269","110","305"," 88","325"," 83","325"," 69"," 51","137"
"IE-0091-M248KE-4.dw.png","115"," 98","127"," 96","152","131","148","104","149"," 62","191","124","223","135","213","125","232","105","214"," 99","232"," 79","228"," 57","232"," 39","254","126","273","103","308"," 76","324"," 70","324"," 55"," 59","144"
"IE-0091-M248KE-5.dw.png"," 99","109","113","105","143","141","137","112","133"," 70","183","133","211","141","203","133","222","110","203","104","218"," 82","214"," 60","218"," 40","245","129","263","105","297"," 74","312"," 67","312"," 52"," 51","160"
"IE-0091-M248KE-6.dw.png","107"," 96","121"," 93","144","130","141","103","143"," 61","185","125","212","136","205","127","225","107","208","100","224"," 80","222"," 59","228"," 43","246","128","264","107","300"," 82","317"," 77","319"," 62"," 54","141"
"IE-0091-M248KE-7.dw.png","107","107","119","103","148","136","141","110","140"," 68","187","129","216","137","206","128","225","107","205","101","222"," 80","219"," 59","223"," 41","247","125","266","100","299"," 70","315"," 63","314"," 48"," 53","154"
"IE-0091-M248KE-8.dw.png","113"," 99","127"," 95","156","128","149","101","146"," 58","198","119","227","126","218","117","234"," 95","216"," 89","229"," 68","224"," 46","227"," 30","259","113","275"," 88","308"," 58","327"," 52","322"," 38"," 63","152"
"IE-0091-M248KE-9.dw.png","110","100","125"," 99","145","137","144","108","147"," 69","187","135","218","148","208","138","227","118","211","110","229"," 92","228"," 70","233"," 53","253","140","272","118","309"," 93","326"," 90","327"," 73"," 48","144"
"IE-0092-M249D-1.dw.png","108"," 93","121"," 91","143","128","145","102","144"," 61","183","125","211","140","203","129","223","110","208","103","226"," 85","226"," 62","231"," 45","244","132","264","111","300"," 88","318"," 83","320"," 69"," 50","130"
"IE-0092-M249D-10.dw.png","102"," 91","115"," 88","135","123","139"," 98","139"," 57","178","120","205","133","197","123","218","104","203"," 98","219"," 80","217"," 57","223"," 40","237","126","258","103","291"," 81","310"," 75","312"," 61"," 49","132"
"IE-0092-M249D-11.dw.png","104"," 88","117"," 87","137","128","138","100","142"," 60","176","129","201","145","194","133","215","117","202","108","220"," 92","221"," 69","228"," 50","235","141","256","122","295","102","310"," 99","312"," 82"," 43","125"
"IE-0092-M249D-12.dw.png","102"," 89","113"," 89","131","125","135"," 99","140"," 58","172","125","201","139","195","128","212","113","201","105","219"," 88","218"," 65","226"," 49","232","135","251","116","289"," 96","306"," 93","309"," 78"," 44","127"
"IE-0092-M249D-2.dw.png","106"," 96","120"," 95","142","133","143","107","143"," 67","181","132","209","146","203","135","223","118","206","109","224"," 92","225"," 70","231"," 53","241","140","262","120","299"," 97","316"," 93","319"," 78"," 49","135"
"IE-0092-M249D-3.dw.png","107"," 91","120"," 90","140","129","143","103","149"," 61","181","128","209","143","202","131","224","115","208","108","226"," 90","227"," 66","235"," 51","244","138","264","118","301"," 97","321"," 93","324"," 77"," 47","127"
"IE-0092-M249D-4.dw.png","108"," 97","121"," 95","146","132","146","105","144"," 63","185","128","216","141","207","130","227","112","210","105","229"," 84","227"," 62","232"," 44","247","132","269","110","305"," 85","322"," 79","323"," 64"," 52","141"
"IE-0092-M249D-5.dw.png","103"," 91","115"," 89","142","124","139"," 98","136"," 57","182","120","209","131","201","121","217","101","204"," 95","219"," 77","216"," 54","221"," 36","243","121","260"," 99","293"," 73","308"," 68","311"," 51"," 49","137"
"IE-0092-M249D-6.dw.png"," 99"," 97","110"," 94","140","126","134","100","128"," 58","179","118","204","126","196","118","209"," 97","197"," 93","210"," 73","206"," 51","211"," 33","236","116","251"," 93","281"," 66","297"," 60","299"," 44"," 51","147"
"IE-0092-M249D-7.dw.png","104"," 92","118"," 90","140","127","140","101","144"," 60","179","124","207","138","200","127","218","109","205","103","222"," 84","221"," 62","228"," 44","241","132","261","109","296"," 88","316"," 83","318"," 68"," 46","129"
"IE-0092-M249D-8.dw.png","102"," 92","115"," 90","138","125","137","100","138"," 62","174","123","201","137","195","126","213","110","202","102","217"," 84","215"," 63","223"," 47","235","131","255","110","288"," 91","307"," 85","312"," 71"," 44","129"
"IE-0092-M249D-9.dw.png","105"," 91","119"," 89","143","126","144","100","146"," 59","182","122","211","136","202","125","224","108","210","100","227"," 82","225"," 59","231"," 42","246","128","266","107","300"," 84","321"," 78","323"," 62"," 49","129"
"IE-0093-M250D-1.dw.png"," 94"," 81","104"," 85","107","127","122","104","142"," 67","148","143","171","166","168","155","193","146","184","133","207","122","215","102","226"," 87","203","173","231","163","276","158","292","161","299","148"," 24"," 96"
"IE-0093-M250D-10.dw.png","121"," 84","134"," 85","148","126","150"," 98","164"," 59","191","131","215","147","211","137","234","123","220","112","240"," 96","243"," 74","251"," 59","251","146","273","131","317","114","333","113","337"," 99"," 54","111"
"IE-0093-M250D-11.dw.png","109","107","123","104","150","141","145","114","145"," 73","186","136","213","148","207","138","226","118","208","112","227"," 91","224"," 69","229"," 52","248","139","267","118","305"," 90","322"," 84","324"," 69"," 49","148"
"IE-0093-M250D-12.dw.png","117"," 92","130"," 91","154","131","154","104","158"," 62","195","130","223","143","216","133","237","116","222","109","239"," 90","241"," 69","247"," 52","258","137","277","119","317"," 96","335"," 92","338"," 78"," 55","129"
"IE-0093-M250D-2.dw.png","101"," 99","114"," 96","134","131","134","105","137"," 64","178","125","207","136","200","127","218","109","204","103","218"," 81","217"," 60","221"," 43","240","127","259","106","294"," 81","310"," 75","310"," 62"," 50","144"
"IE-0093-M250D-3.dw.png","107"," 93","120"," 92","139","133","142","104","150"," 63","182","133","210","147","202","139","225","121","209","111","228"," 91","229"," 68","235"," 51","243","143","265","124","307","101","323"," 98","326"," 84"," 44","129"
"IE-0093-M250D-4.dw.png","114"," 95","126"," 95","144","136","149","111","156"," 70","185","139","212","154","206","145","227","129","214","121","233","104","235"," 82","241"," 66","248","151","267","135","306","115","322","114","326"," 99"," 51","129"
"IE-0093-M250D-5.dw.png","103"," 98","118"," 95","141","132","140","106","139"," 66","182","128","209","139","202","130","221","113","205","106","221"," 86","222"," 62","225"," 47","245","132","263","113","298"," 88","315"," 84","315"," 69"," 53","140"
"IE-0093-M250D-6.dw.png","108"," 80","123"," 80","132","120","138"," 94","151"," 54","176","126","204","143","197","133","221","118","210","109","228"," 92","231"," 69","240"," 55","239","143","261","126","303","109","322","108","326"," 94"," 47","111"
"IE-0093-M250D-7.dw.png","103"," 98","118"," 97","135","138","139","112","145"," 71","174","140","201","156","196","145","218","129","205","121","223","103","225"," 81","233"," 64","237","153","260","136","301","114","318","111","320"," 96"," 35","126"
"IE-0093-M250D-8.dw.png","100","107","112","104","137","139","136","112","133"," 72","178","132","209","139","202","132","219","111","203","105","218"," 84","214"," 62","218"," 44","243","129","261","106","295"," 78","312"," 71","312"," 56"," 48","155"
"IE-0093-M250D-9.dw.png"," 91","122","104","119","124","153","124","128","125"," 86","166","146","198","156","189","147","205","129","194","123","206","102","204"," 80","210"," 62","227","148","247","126","282","100","299"," 94","299"," 80"," 42","167"
"IE-0094-M263L-1.dw.png","105","125","117","118","149","152","140","122","134"," 78","192","137","222","141","211","133","227","109","206","106","218"," 82","210"," 60","211"," 41","251","125","263"," 99","292"," 64","307"," 56","305"," 41"," 63","182"
"IE-0094-M263L-10.dw.png","110"," 93","125"," 89","148","127","148"," 99","149"," 54","196","122","224","130","216","122","235","103","217"," 95","233"," 73","231"," 52","235"," 35","258","122","275","100","313"," 70","328"," 65","330"," 51"," 59","140"
"IE-0094-M263L-11.dw.png","100","102","114"," 99","138","137","137","109","136"," 67","183","131","212","142","204","133","221","112","201","104","221"," 83","218"," 62","223"," 44","246","132","262","111","299"," 81","316"," 75","317"," 59"," 45","148"
"IE-0094-M263L-12.dw.png","106","108","119","106","142","148","141","118","148"," 75","185","147","214","160","208","150","228","132","211","123","228","102","229"," 81","236"," 64","248","154","268","135","310","111","327","108","330"," 92"," 44","148"
"IE-0094-M263L-2.dw.png","115","120","127","116","155","155","149","124","148"," 81","197","146","228","155","218","146","236","124","216","118","234"," 95","233"," 73","236"," 55","262","144","277","121","313"," 91","329"," 84","331"," 69"," 61","174"
"IE-0094-M263L-3.dw.png","108","117","124","113","148","149","143","120","143"," 78","188","140","221","148","213","140","230","117","210","110","228"," 88","225"," 67","228"," 50","255","136","271","113","310"," 81","325"," 73","324"," 58"," 53","169"
"IE-0094-M263L-4.dw.png","115"," 97","129"," 95","152","137","149","103","157"," 61","198","134","226","147","217","136","236","115","221","108","239"," 87","241"," 64","245"," 47","262","139","280","117","319"," 92","336"," 90","337"," 75"," 54","144"
"IE-0094-M263L-5.dw.png","111"," 95","127"," 92","150","130","150","100","151"," 58","199","125","227","136","218","126","239","105","218"," 98","236"," 77","235"," 54","240"," 37","260","126","279","103","316"," 74","332"," 68","334"," 53"," 57","143"
"IE-0094-M263L-6.dw.png"," 91","114","107","110","132","149","129","117","131"," 74","176","140","205","150","198","141","217","120","195","113","212"," 90","209"," 68","214"," 51","239","140","256","117","292"," 87","308"," 81","310"," 65"," 37","164"
"IE-0094-M263L-7.dw.png","108","103","122","101","143","142","144","111","148"," 69","188","141","216","156","208","145","229","126","211","116","230"," 97","231"," 74","238"," 57","252","149","270","128","311","104","327","100","331"," 85"," 45","146"
"IE-0094-M263L-8.dw.png","110"," 97","124"," 95","151","135","147","104","150"," 61","196","130","224","141","217","131","237","111","217","103","235"," 83","235"," 61","239"," 43","259","132","278","110","316"," 82","331"," 78","333"," 64"," 52","145"
"IE-0094-M263L-9.dw.png","112"," 98","125"," 95","150","133","150","105","151"," 63","195","128","226","139","219","130","235","110","218","102","236"," 82","234"," 60","240"," 43","260","130","277","107","312"," 80","328"," 75","328"," 60"," 59","145"
"IE-0095-M264LH-1.dw.png","125"," 83","139"," 81","158","119","161"," 92","165"," 50","199","117","228","131","221","120","240","102","228"," 94","243"," 76","242"," 54","252"," 38","261","125","280","104","320"," 81","341"," 76","345"," 62"," 68","121"
"IE-0095-M264LH-10.dw.png"," 99"," 98","112"," 98","135","137","133","110","140"," 69","173","138","201","154","193","142","213","127","199","117","218"," 99","221"," 78","230"," 62","234","151","256","131","294","111","313","108","318"," 94"," 42","134"
"IE-0095-M264LH-11.dw.png","139"," 89","152"," 90","165","131","171","103","182"," 62","204","134","232","153","226","140","244","125","234","116","253"," 99","257"," 78","269"," 63","264","151","286","133","325","114","346","113","351"," 98"," 79","122"
"IE-0095-M264LH-2.dw.png","135","105","150","104","169","142","170","115","174"," 74","210","140","237","154","231","144","250","126","233","118","251","100","252"," 79","262"," 64","271","148","291","128","327","107","351","102","354"," 89"," 83","147"
"IE-0095-M264LH-3.dw.png","115","102","129","100","154","135","151","106","148"," 65","191","127","224","135","216","126","231","106","216","101","231"," 79","229"," 57","235"," 41","257","125","273","103","308"," 74","329"," 66","330"," 52"," 65","150"
"IE-0095-M264LH-4.dw.png","112","107","122","102","151","135","147","109","141"," 66","193","125","221","132","213","123","223","102","214"," 97","227"," 74","223"," 53","224"," 35","255","119","270"," 95","303"," 64","320"," 55","320"," 40"," 65","157"
"IE-0095-M264LH-5.dw.png","100"," 92","113"," 90","132","130","136","103","141"," 62","175","130","205","144","199","134","217","117","201","109","219"," 89","220"," 68","227"," 51","239","139","259","119","296"," 97","316"," 93","318"," 79"," 45","132"
"IE-0095-M264LH-6.dw.png","113","103","127","100","154","134","153","109","149"," 65","192","126","224","136","215","127","232","107","217","100","229"," 80","228"," 59","236"," 42","256","126","271","104","308"," 75","326"," 69","328"," 54"," 67","149"
"IE-0095-M264LH-7.dw.png","117"," 91","131"," 90","151","126","150","100","152"," 59","192","123","221","134","214","124","232","106","218"," 99","235"," 80","233"," 58","241"," 42","255","127","273","105","313"," 79","333"," 74","337"," 59"," 59","130"
"IE-0095-M264LH-8.dw.png","111","123","122","117","152","148","144","122","136"," 81","191","134","221","139","213","131","223","109","205","105","218"," 82","214"," 63","215"," 45","251","125","264","100","292"," 66","310"," 57","308"," 42"," 68","177"
"IE-0095-M264LH-9.dw.png","106"," 83","120"," 85","133","127","139","100","151"," 62","173","135","198","155","194","143","217","131","201","118","223","104","229"," 84","241"," 70","232","157","256","141","297","128","320","128","327","115"," 45","110"
"IE-0096-M265MH-1.dw.png","115","108","130","106","152","143","151","116","153"," 73","193","139","223","151","216","141","233","122","218","114","233"," 94","232"," 73","240"," 57","258","143","277","122","314"," 94","331"," 89","333"," 75"," 62","153"
"IE-0096-M265MH-10.dw.png","100","111","113","108","134","146","135","118","137"," 76","178","142","210","153","202","143","220","124","205","116","218"," 97","216"," 75","225"," 59","242","144","260","123","299"," 97","317"," 91","318"," 77"," 47","155"
"IE-0096-M265MH-11.dw.png","106","112","119","107","145","142","144","115","139"," 72","189","132","218","139","210","130","225","109","210","104","222"," 81","218"," 61","226"," 44","252","125","265","103","299"," 73","318"," 65","317"," 50"," 61","162"
"IE-0096-M265MH-12.dw.png"," 97","196","107","189","142","215","131","189","115","150","179","194","209","194","198","188","209","164","192","162","199","139","189","120","191","103","236","175","244","149","268","112","285"," 99","281"," 85"," 66","256"
"IE-0096-M265MH-2.dw.png","103","140","116","135","145","165","140","139","132"," 98","185","151","217","154","207","146","216","125","203","121","214"," 98","207"," 77","209"," 59","247","138","262","110","289"," 78","308"," 66","304"," 52"," 63","195"
"IE-0096-M265MH-3.dw.png","103","155","114","149","147","181","141","155","131","113","185","168","216","173","207","166","218","143","204","138","214","116","208"," 97","212"," 78","247","158","259","134","288","102","307"," 92","304"," 77"," 61","208"
"IE-0096-M265MH-4.dw.png","108","115","122","111","148","146","146","120","143"," 78","190","140","221","149","211","140","225","119","215","114","228"," 91","224"," 71","230"," 54","251","139","268","116","306"," 86","323"," 80","323"," 65"," 57","162"
"IE-0096-M265MH-5.dw.png","122","114","137","111","160","147","158","119","158"," 79","201","142","231","152","223","143","239","123","224","115","239"," 95","237"," 74","244"," 57","264","143","279","122","318"," 96","338"," 90","341"," 74"," 72","159"
"IE-0096-M265MH-6.dw.png","105","111","117","109","142","145","140","119","141"," 77","180","141","210","152","202","143","218","122","207","117","222"," 97","219"," 76","226"," 59","243","143","261","122","297"," 96","316"," 91","318"," 77"," 53","155"
"IE-0096-M265MH-7.dw.png","118"," 99","130"," 97","153","133","153","106","155"," 64","193","130","222","142","213","132","231","113","217","106","235"," 87","233"," 65","243"," 49","257","134","275","113","311"," 89","331"," 84","331"," 68"," 64","143"
"IE-0096-M265MH-8.dw.png","117"," 98","130"," 98","145","138","150","112","160"," 70","184","143","213","160","206","148","224","132","214","122","234","107","238"," 85","250"," 70","245","158","265","141","309","121","329","119","333","106"," 56","128"
"IE-0096-M265MH-9.dw.png","104","120","116","116","143","149","139","122","133"," 82","183","137","213","144","202","136","218","112","203","109","217"," 87","212"," 67","216"," 49","246","128","260","105","294"," 73","313"," 66","311"," 50"," 56","173"
"IE-0097-M266L-10.dw.png","100","109","114","107","132","144","132","117","137"," 76","175","140","204","152","195","142","215","124","200","116","217"," 96","216"," 75","223"," 58","236","144","254","123","293"," 99","313"," 93","314"," 77"," 42","150"
"IE-0097-M266L-11.dw.png","101","129","114","125","136","160","138","134","134"," 93","182","150","210","159","201","149","219","129","205","124","218","102","213"," 82","218"," 64","244","147","260","123","293"," 94","312"," 86","312"," 73"," 46","178"
"IE-0097-M266L-12.dw.png","112"," 97","126"," 95","150","133","150","106","149"," 66","190","129","217","141","211","132","230","114","213","106","231"," 86","229"," 65","236"," 49","251","134","270","114","309"," 90","327"," 84","329"," 71"," 53","139"
"IE-0097-M266L-2.dw.png","107","120","123","115","150","149","144","121","140"," 81","192","137","222","142","212","134","226","113","210","108","222"," 86","218"," 65","220"," 48","253","128","266","106","297"," 74","316"," 65","315"," 52"," 60","173"
"IE-0097-M266L-3.dw.png","111"," 89","124"," 90","140","132","144","104","154"," 63","177","137","203","155","197","144","221","130","207","118","227","103","232"," 81","241"," 66","236","155","260","138","301","123","320","121","324","110"," 46","120"
"IE-0097-M266L-4.dw.png","120","111","134","106","163","140","158","113","155"," 71","202","131","233","137","224","129","243","108","226","102","239"," 81","235"," 59","238"," 41","266","125","283","100","317"," 70","333"," 63","333"," 51"," 69","162"
"IE-0097-M266L-6.dw.png","113","181","127","173","158","203","150","177","140","135","197","185","230","184","219","179","233","154","214","153","222","128","214","108","216"," 91","258","167","270","139","295","104","313"," 93","308"," 79"," 72","239"
"IE-0097-M266L-7.dw.png","117"," 91","132"," 90","151","128","150","100","158"," 61","192","126","223","140","215","130","236","111","222","104","238"," 85","239"," 63","246"," 47","255","135","274","115","318"," 88","335"," 85","336"," 72"," 59","131"
"IE-0097-M266L-8.dw.png","114","102","130"," 98","153","134","152","107","151"," 66","197","128","224","138","216","129","232","108","221","103","234"," 82","230"," 59","234"," 42","256","128","275","105","310"," 78","329"," 72","330"," 58"," 59","148"
"IE-0097-M266L-9.dw.png","106","115","119","111","146","145","144","119","138"," 76","188","136","217","144","208","136","224","114","207","108","221"," 87","219"," 66","224"," 48","248","132","264","110","298"," 79","314"," 72","314"," 58"," 49","166"
"IE-0098-M267L-1.dw.png","104","101","119"," 99","137","138","139","109","144"," 68","180","134","210","146","203","136","220","117","206","109","223"," 91","222"," 69","229"," 53","242","139","264","117","297"," 94","316"," 88","318"," 75"," 48","144"
"IE-0098-M267L-10.dw.png","107","102","123","100","148","136","147","110","148"," 67","187","131","217","142","208","132","226","113","210","106","227"," 88","225"," 68","234"," 49","252","133","268","112","302"," 88","324"," 81","326"," 67"," 51","147"
"IE-0098-M267L-11.dw.png","101","144","113","136","145","167","137","141","129"," 99","184","154","216","157","205","149","220","127","203","123","214"," 99","208"," 78","212"," 60","248","140","259","115","289"," 80","308"," 70","306"," 56"," 57","198"
"IE-0098-M267L-12.dw.png","110"," 98","124"," 96","145","132","146","107","151"," 66","186","129","216","142","208","132","227","115","213","108","230"," 91","229"," 70","238"," 53","252","135","269","117","309"," 92","329"," 88","330"," 74"," 52","138"
"IE-0098-M267L-2.dw.png"," 98","145","110","140","142","173","135","146","129","104","183","163","214","169","205","161","216","140","200","135","214","113","209"," 91","212"," 74","244","156","257","134","290","101","306"," 93","305"," 79"," 49","198"
"IE-0098-M267L-3.dw.png","108","157","119","152","147","185","141","157","138","116","189","172","221","177","211","170","222","147","207","143","220","120","213"," 99","218"," 82","250","162","263","137","292","105","308"," 95","305"," 80"," 63","214"
"IE-0098-M267L-4.dw.png","114","109","127","108","152","147","147","118","152"," 73","193","145","220","156","213","146","235","127","218","118","236"," 99","237"," 76","243"," 58","255","148","275","127","316","102","333"," 97","336"," 82"," 53","153"
"IE-0098-M267L-5.dw.png","107","118","119","115","144","149","141","122","139"," 80","184","142","215","151","206","142","224","120","208","115","225"," 93","221"," 71","226"," 53","253","139","266","116","301"," 86","321"," 78","321"," 64"," 50","169"
"IE-0098-M267L-6.dw.png","107","100","119"," 98","146","135","139","107","142"," 64","184","131","214","140","205","131","222","110","207","103","223"," 84","220"," 61","226"," 44","246","132","262","109","302"," 80","321"," 74","324"," 62"," 49","146"
"IE-0098-M267L-7.dw.png","111","103","122","101","143","138","145","113","148"," 71","187","136","215","149","208","139","224","120","210","113","229"," 95","228"," 73","236"," 57","248","142","267","122","305"," 99","324"," 94","327"," 80"," 53","147"
"IE-0098-M267L-8.dw.png"," 97","102","111","103","123","144","130","118","141"," 80","164","151","193","171","186","158","207","143","196","133","216","118","218"," 95","229"," 81","224","171","249","154","292","138","311","137","316","123"," 34","131"
"IE-0098-M267L-9.dw.png","123","129","136","125","164","157","159","131","154"," 91","204","145","239","151","227","143","241","121","227","117","237"," 94","231"," 75","235"," 57","268","137","280","113","313"," 79","332"," 69","331"," 56"," 75","181"
"IE-0099-M268D-105.dw.png","128","102","143","101","169","140","166","111","166"," 70","209","136","238","148","231","139","249","119","231","111","248"," 91","247"," 70","253"," 52","272","140","291","119","328"," 94","348"," 88","351"," 75"," 76","148"
"IE-0099-M268D-135.dw.png","144"," 84","158"," 85","175","127","179"," 98","188"," 58","216","128","245","145","240","135","261","118","245","109","263"," 93","266"," 70","276"," 54","279","142","302","123","339","104","359"," 99","363"," 85"," 82","117"
"IE-0099-M268D-140.dw.png","132","166","147","162","174","196","169","169","162","130","212","185","243","192","233","184","252","162","232","158","243","136","239","116","242"," 96","275","178","289","155","322","124","339","115","339","101"," 88","220"
"IE-0099-M268D-143.dw.png","125","140","140","137","166","173","166","144","159","103","207","165","239","173","231","165","247","143","230","137","243","116","240"," 95","246"," 74","271","161","287","138","323","108","343","100","342"," 85"," 74","192"
"IE-0099-M268D-34.dw.png","121"," 84","135"," 84","151","124","152"," 96","163"," 57","189","127","217","143","211","133","233","118","216","108","235"," 90","238"," 70","247"," 54","251","141","271","124","309","105","329","102","332"," 88"," 59","114"
"IE-0099-M268D-40.dw.png","130"," 82","145"," 82","159","124","165"," 98","176"," 60","199","131","225","149","221","139","241","124","227","114","246"," 99","251"," 78","261"," 62","259","149","282","132","321","117","340","115","345","101"," 70","112"
"IE-0099-M268D-54.dw.png","135"," 84","150"," 83","167","124","171"," 95","176"," 55","212","124","241","139","233","129","256","111","239","102","258"," 86","258"," 63","266"," 47","278","133","299","113","335"," 91","354"," 90","356"," 79"," 74","123"
"IE-0099-M268D-70.dw.png","133"," 87","148"," 87","165","127","168","101","174"," 61","203","130","231","146","225","136","247","121","232","111","251"," 94","254"," 73","262"," 56","266","144","287","126","327","107","347","105","351"," 90"," 70","118"
"IE-0099-M268D-72.dw.png","129"," 83","143"," 84","156","125","162"," 98","172"," 58","196","130","222","147","217","136","240","121","224","110","245"," 96","249"," 75","259"," 59","257","146","277","129","318","111","338","110","340"," 97"," 68","113"
"IE-0099-M268D-74.dw.png"," 98","169","112","162","142","191","134","164","122","125","180","174","210","176","199","170","209","145","191","144","200","119","193","100","194"," 80","238","158","248","132","274"," 96","289"," 84","286"," 69"," 62","229"
"IE-0099-M268D-91.dw.png","131"," 86","144"," 86","162","126","165","100","170"," 61","197","129","226","146","220","136","241","121","226","110","247"," 96","250"," 74","258"," 56","261","145","282","128","320","110","340","108","343"," 92"," 70","117"
"IE-0099-M268D-98.dw.png","123"," 81","138"," 81","157","123","160"," 95","164"," 54","196","124","224","139","217","128","239","113","222","103","244"," 87","246"," 65","254"," 48","260","136","281","118","321"," 98","342"," 95","345"," 81"," 66","119"
"IE-0100-M270-1.dw.png","127","117","138","112","167","146","159","118","155"," 79","206","135","234","142","225","134","241","111","225","106","240"," 84","235"," 63","238"," 46","266","128","280","103","313"," 74","331"," 65","331"," 50"," 74","171"
"IE-0100-M270-10.dw.png"," 99","104","111","101","136","137","133","111","131"," 71","177","131","207","140","198","132","215","112","198","106","214"," 86","213"," 65","219"," 49","237","131","255","110","287"," 83","307"," 77","308"," 62"," 47","151"
"IE-0100-M270-11.dw.png","105","137","117","131","148","163","141","137","132"," 97","186","151","216","156","207","147","220","125","204","122","218","100","212"," 79","215"," 62","246","142","260","114","289"," 85","308"," 75","307"," 61"," 57","192"
"IE-0100-M270-12.dw.png","116"," 94","126"," 92","149","128","148","102","148"," 61","186","123","215","135","208","125","227","106","211"," 99","227"," 80","226"," 59","231"," 43","248","126","265","104","300"," 79","319"," 73","320"," 59"," 58","141"
"IE-0100-M270-2.dw.png","125"," 97","136"," 96","160","136","157","107","162"," 65","201","134","233","147","222","136","242","116","224","109","242"," 89","241"," 67","248"," 50","263","140","282","117","317"," 93","336"," 89","338"," 74"," 63","141"
"IE-0100-M270-3.dw.png","116","103","129","102","151","140","148","111","151"," 71","190","137","221","150","212","139","229","121","216","114","232"," 95","233"," 73","240"," 56","253","143","270","122","308"," 99","327"," 93","329"," 78"," 59","145"
"IE-0100-M270-4.dw.png","115"," 87","128"," 89","143","130","146","104","156"," 64","181","135","205","153","200","142","224","129","210","118","229","104","234"," 83","243"," 69","238","154","261","137","305","123","322","121","325","109"," 48","113"
"IE-0100-M270-5.dw.png","110","120","121","116","153","150","148","124","143"," 80","192","140","222","147","210","139","227","117","210","112","225"," 89","219"," 68","225"," 51","254","135","268","109","300"," 78","316"," 71","314"," 55"," 62","173"
"IE-0100-M270-6.dw.png"," 98","113","111","109","138","142","131","115","129"," 73","177","132","209","139","199","130","216","108","195","103","210"," 82","205"," 61","209"," 44","240","125","254","100","285"," 71","302"," 63","302"," 49"," 48","165"
"IE-0100-M270-7.dw.png","111","105","123","103","144","142","144","113","149"," 70","186","138","217","149","207","139","226","120","211","113","227"," 93","227"," 71","234"," 54","248","142","265","120","304"," 96","323"," 91","327"," 76"," 49","150"
"IE-0100-M270-8.dw.png","109"," 97","122"," 95","142","134","143","106","146"," 64","185","132","217","144","207","133","225","114","211","108","227"," 87","227"," 66","235"," 49","249","137","269","114","306"," 91","326"," 85","328"," 71"," 50","139"
"IE-0100-M270-9.dw.png","109","104","121","101","146","135","143","109","138"," 67","183","127","214","136","204","127","221","105","206","101","220"," 78","216"," 58","221"," 41","245","125","262"," 99","294"," 72","313"," 65","314"," 51"," 56","153"
"IE-0101-M271F-10.dw.png","106","117","120","115","140","152","142","125","143"," 83","185","146","212","157","201","147","212","128","208","125","223","103","220"," 82","225"," 65","246","148","263","126","295","102","315"," 97","317"," 81"," 50","162"
"IE-0101-M271F-11.dw.png","110","118","124","116","148","156","149","128","152"," 86","187","154","216","169","208","157","231","139","219","132","235","113","234"," 91","241"," 74","251","162","272","142","311","120","331","116","334","101"," 50","159"
"IE-0101-M271F-12.dw.png","104","122","117","118","145","153","141","126","138"," 84","184","145","216","154","206","145","221","124","207","120","222"," 98","217"," 78","223"," 60","246","144","263","120","296"," 94","314"," 88","314"," 72"," 52","169"
"IE-0101-M271F-13.dw.png","107","122","120","117","148","156","142","126","146"," 85","188","151","217","164","209","153","228","132","214","126","229","105","225"," 83","232"," 67","250","155","270","131","305","108","322","103","325"," 88"," 49","164"
"IE-0101-M271F-4.dw.png","106","146","120","142","148","176","142","148","138","104","186","166","219","173","207","163","223","142","211","137","223","114","217"," 93","221"," 75","250","159","268","134","300","103","320"," 93","321"," 82"," 56","199"
"IE-0101-M271F-5.dw.png","112","107","124","108","135","151","143","124","157"," 86","175","158","200","177","193","164","217","152","208","142","228","128","231","107","242"," 93","232","179","257","163","297","151","316","151","320","137"," 43","137"
"IE-0101-M271F-6.dw.png","107","119","119","115","144","153","142","124","141"," 82","185","147","215","158","206","148","223","128","208","121","225","100","224"," 78","230"," 61","246","149","265","127","305","100","321"," 94","322"," 78"," 51","165"
"IE-0101-M271F-7.dw.png","103","172","116","168","144","200","139","176","138","132","182","193","211","202","201","192","219","172","204","167","219","146","213","126","218","108","244","190","260","167","293","141","311","134","312","120"," 50","221"
"IE-0101-M271F-8.dw.png"," 84","125"," 98","122","125","160","121","131","121"," 90","167","153","195","163","186","153","205","134","192","128","204","106","201"," 85","207"," 68","227","153","247","129","282","103","301"," 96","304"," 82"," 27","172"
"IE-0101-M271F-9.dw.png","103","103","117","101","136","141","138","113","143"," 70","180","139","208","153","199","143","216","124","207","118","224"," 97","225"," 74","232"," 59","240","148","261","127","299","106","320","101","323"," 87"," 40","143"
"IE-0102-M272D-103.dw.png","117"," 89","131"," 88","145","130","150","102","161"," 61","189","134","216","151","208","140","233","124","217","113","237"," 97","241"," 75","251"," 60","249","149","271","131","314","112","335","109","338"," 94"," 53","121"
"IE-0102-M272D-12.dw.png","119"," 55","134"," 57","145"," 99","151"," 73","163"," 33","184","105","210","124","203","112","226"," 99","214"," 89","235"," 74","238"," 52","249"," 37","247","126","268","110","312"," 96","329"," 96","334"," 81"," 53"," 79"
"IE-0102-M272D-13.dw.png","114"," 89","128"," 87","150","126","149"," 97","151"," 55","194","122","221","135","212","124","234","106","217"," 97","234"," 78","234"," 56","241"," 39","256","127","275","105","313"," 81","333"," 76","336"," 60"," 53","133"
"IE-0102-M272D-165.dw.png","117","113","131","112","146","149","153","124","159"," 82","192","149","219","163","214","153","233","135","218","126","235","109","236"," 87","245"," 71","254","157","274","137","312","115","331","110","334"," 96"," 56","151"
"IE-0102-M272D-26.dw.png","118"," 79","132"," 80","143","122","150"," 95","165"," 56","185","130","209","148","203","136","225","122","214","111","236"," 97","238"," 76","251"," 60","245","149","268","132","310","117","328","117","333","100"," 54","106"
"IE-0102-M272D-34.dw.png","108","106","123","104","141","142","143","114","147"," 73","185","140","216","152","207","143","229","123","212","115","230"," 94","230"," 73","237"," 55","249","145","270","124","310"," 99","329"," 94","333"," 79"," 52","149"
"IE-0102-M272D-63.dw.png","119"," 66","132"," 66","144","106","150"," 80","159"," 39","186","110","213","127","207","116","230","100","216"," 90","235"," 75","236"," 54","245"," 38","248","125","269","107","310"," 90","331"," 89","336"," 74"," 53"," 93"
"IE-0102-M272D-64.dw.png","107","100","122"," 96","147","133","143","105","144"," 63","189","127","219","138","209","128","230","107","210","101","227"," 81","226"," 59","232"," 42","250","128","268","106","307"," 79","324"," 72","327"," 59"," 52","146"
"IE-0102-M272D-72.dw.png"," 94","148","107","142","134","174","128","146","122","106","177","159","207","163","196","157","211","132","195","128","204","104","199"," 84","201"," 66","239","146","251","123","282"," 86","298"," 78","295"," 61"," 53","205"
"IE-0102-M272D-90.dw.png","113"," 95","126"," 92","147","130","148","103","150"," 62","190","128","218","140","209","131","230","113","215","104","232"," 86","233"," 64","241"," 48","253","133","270","114","312"," 91","331"," 85","334"," 71"," 53","136"
"IE-0103-M273D-116.dw.png","113"," 80","128"," 79","145","118","148"," 89","156"," 48","188","117","216","132","211","121","234","103","217"," 95","235"," 75","236"," 52","245"," 37","254","125","274","104","313"," 83","334"," 78","335"," 63"," 53","119"
"IE-0103-M273D-125.dw.png","108"," 92","121"," 90","143","127","142"," 97","144"," 56","188","118","217","128","208","118","228"," 98","209"," 92","224"," 72","222"," 51","227"," 34","249","118","267"," 94","302"," 68","317"," 62","317"," 47"," 53","139"
"IE-0103-M273D-126.dw.png","105"," 98","117"," 96","144","130","141","102","141"," 60","187","121","218","131","209","122","226","101","211"," 95","224"," 75","220"," 53","223"," 35","249","120","267"," 96","302"," 67","317"," 62","316"," 48"," 50","147"
"IE-0103-M273D-14.dw.png"," 92","134","105","130","134","161","131","134","126"," 89","177","147","210","153","199","144","212","121","197","119","207"," 94","202"," 73","205"," 53","240","137","254","112","287"," 75","304"," 66","303"," 51"," 47","187"
"IE-0103-M273D-37.dw.png","111"," 92","124"," 90","151","126","148"," 98","149"," 55","190","121","220","133","213","123","231","104","215"," 96","231"," 75","230"," 53","236"," 35","253","124","273","101","314"," 74","329"," 70","331"," 56"," 54","135"
"IE-0103-M273D-58.dw.png","108"," 88","122"," 86","141","122","146"," 94","148"," 52","181","118","215","129","206","119","226","101","210"," 94","226"," 73","227"," 51","232"," 34","246","122","266","100","302"," 74","321"," 68","322"," 54"," 54","132"
"IE-0103-M273D-69.dw.png","103","104","117","100","146","135","144","106","139"," 62","191","127","219","136","211","126","231","104","214"," 98","227"," 76","224"," 51","228"," 34","252","123","272"," 99","308"," 68","325"," 61","324"," 45"," 50","154"
"IE-0103-M273D-95.dw.png"," 76"," 95"," 88"," 93","116","128","115","102","115"," 57","156","121","190","131","179","121","199","101","184"," 94","197"," 74","194"," 51","199"," 34","224","120","240"," 97","274"," 69","292"," 63","292"," 48"," 25","143"
"IE-0103-M273D-96.dw.png","112"," 84","126"," 82","146","120","148"," 92","154"," 50","189","117","218","131","211","121","233","103","216"," 93","231"," 74","232"," 52","239"," 35","253","124","273","103","312"," 78","331"," 73","333"," 58"," 53","124"
"IE-0104-M274WX-1.dw.png","114"," 92","128"," 91","147","130","151","104","155"," 62","190","131","218","146","212","136","230","119","217","110","235"," 93","236"," 71","247"," 55","252","142","272","124","310","102","330"," 99","335"," 87"," 53","131"
"IE-0104-M274WX-10.dw.png","109"," 85","122"," 88","128","127","139","101","150"," 63","170","135","195","155","190","143","216","130","200","118","224","105","228"," 84","237"," 70","228","156","253","140","295","127","311","127","318","114"," 43","110"
"IE-0104-M274WX-11.dw.png","105"," 82","121"," 84","134","127","137"," 99","152"," 60","176","135","201","154","196","143","217","129","206","118","226","105","230"," 83","243"," 69","234","157","258","142","301","127","322","129","328","117"," 38","110"
"IE-0104-M274WX-12.dw.png"," 98"," 91","110"," 89","133","126","136","101","132"," 61","172","124","201","136","194","126","210","108","198","101","213"," 81","212"," 60","220"," 44","233","130","252","109","288"," 85","306"," 79","307"," 65"," 42","132"
"IE-0104-M274WX-2.dw.png","120"," 96","135"," 96","152","137","155","108","162"," 68","192","139","220","155","213","143","236","127","220","117","239","100","241"," 78","251"," 62","254","152","276","133","315","112","333","110","337"," 96"," 56","130"
"IE-0104-M274WX-3.dw.png","111"," 89","126"," 88","144","126","146","100","151"," 61","182","127","211","142","205","132","225","114","210","105","230"," 88","231"," 65","238"," 49","246","138","266","117","305"," 97","324"," 93","327"," 80"," 51","127"
"IE-0104-M274WX-4.dw.png","122"," 93","136"," 92","149","130","155","103","158"," 64","193","130","221","145","214","134","237","117","219","108","240"," 91","240"," 68","246"," 54","256","140","275","120","314"," 98","330"," 94","335"," 81"," 63","130"
"IE-0104-M274WX-5.dw.png","102"," 83","115"," 84","126","122","135"," 98","144"," 58","168","129","194","147","188","135","209","121","196","109","216"," 95","220"," 73","231"," 59","228","146","250","129","290","113","308","110","312"," 98"," 36","111"
"IE-0104-M274WX-6.dw.png","105","103","116","102","138","141","142","116","140"," 75","178","141","206","155","199","145","217","127","205","120","221","100","221"," 79","231"," 63","239","150","258","131","297","108","315","104","317"," 89"," 45","142"
"IE-0104-M274WX-7.dw.png","102"," 87","118"," 87","131","126","137"," 98","145"," 57","174","128","203","142","195","133","218","116","205","106","222"," 90","223"," 66","232"," 51","237","138","259","120","297"," 99","315"," 96","321"," 83"," 41","122"
"IE-0104-M274WX-8.dw.png","106"," 84","121"," 85","129","125","137"," 99","150"," 60","171","131","197","150","190","138","215","125","202","114","220","100","224"," 77","235"," 64","229","151","254","134","293","117","311","116","318","104"," 43","112"
"IE-0104-M274WX-9.dw.png","110"," 88","125"," 89","138","129","142","102","153"," 61","178","132","203","150","198","139","222","122","205","112","226"," 96","228"," 74","237"," 60","238","147","259","129","301","111","319","108","323"," 95"," 42","119"
"IE-0105-M275WX-1.dw.png","102"," 92","116"," 90","135","127","137","100","143"," 59","174","125","208","139","200","129","218","112","202","104","221"," 87","221"," 66","230"," 46","240","134","260","114","298"," 94","319"," 89","323"," 74"," 47","131"
"IE-0105-M275WX-10.dw.png"," 98"," 97","112"," 95","138","131","133","103","137"," 62","178","127","210","139","201","129","219","111","203","104","218"," 84","215"," 61","222"," 42","242","131","260","110","296"," 84","317"," 77","319"," 62"," 47","140"
"IE-0105-M275WX-11.dw.png","104"," 81","119"," 84","128","125","137","100","150"," 61","165","133","191","155","185","142","209","130","196","118","217","105","221"," 83","231"," 69","224","157","249","142","290","128","310","128","316","114"," 38","105"
"IE-0105-M275WX-12.dw.png"," 97"," 88","113"," 85","131","121","132"," 94","136"," 56","171","119","201","131","192","121","209","102","195"," 96","211"," 78","209"," 57","216"," 38","233","124","251","103","287"," 79","307"," 74","308"," 59"," 42","126"
"IE-0105-M275WX-2.dw.png","111","100","123"," 97","150","132","146","105","145"," 64","185","126","217","135","207","127","222","107","210","102","226"," 82","222"," 61","228"," 41","248","127","265","105","299"," 79","319"," 72","322"," 57"," 57","145"
"IE-0105-M275WX-3.dw.png","111"," 86","126"," 89","135","125","140","100","154"," 62","173","130","203","150","194","138","216","124","205","115","226","100","227"," 79","237"," 63","233","149","256","132","294","117","317","115","322","101"," 46","114"
"IE-0105-M275WX-4.dw.png","107"," 94","120"," 92","143","126","142","100","145"," 58","182","123","214","134","204","124","225","106","207"," 99","224"," 80","223"," 59","229"," 39","247","125","265","105","300"," 79","321"," 73","324"," 59"," 54","137"
"IE-0105-M275WX-5.dw.png","116"," 95","131"," 92","152","127","153","100","151"," 60","193","121","222","131","211","123","229","102","216"," 96","229"," 76","227"," 58","231"," 38","255","122","272"," 99","304"," 72","323"," 67","325"," 52"," 62","144"
"IE-0105-M275WX-6.dw.png","109"," 97","124"," 94","147","131","144","102","146"," 63","190","127","219","138","211","129","231","110","214","103","230"," 84","227"," 63","234"," 44","253","130","270","110","308"," 85","326"," 79","328"," 65"," 56","140"
"IE-0105-M275WX-7.dw.png","107","104","121","100","145","131","142","105","138"," 67","183","122","217","130","207","121","219"," 99","205"," 94","219"," 74","214"," 54","217"," 35","246","118","262"," 93","289"," 64","308"," 54","307"," 39"," 60","156"
"IE-0105-M275WX-8.dw.png","110"," 88","124"," 89","140","129","145","102","153"," 62","183","132","211","148","204","137","227","121","211","111","231"," 96","230"," 73","240"," 56","245","145","267","127","307","107","327","104","332"," 90"," 50","122"
"IE-0105-M275WX-9.dw.png","106"," 93","120"," 90","140","126","140"," 99","142"," 60","179","124","208","136","198","126","218","107","202"," 99","220"," 83","217"," 60","223"," 41","240","130","258","107","292"," 82","312"," 76","313"," 61"," 49","133"
"IE-0106-M276G-121.dw.png","150"," 89","166"," 91","175","131","184","105","196"," 65","217","139","245","158","240","147","262","133","247","122","269","107","275"," 87","285"," 72","278","159","304","142","343","127","364","126","369","113"," 87","117"
"IE-0106-M276G-173.dw.png","149"," 94","165"," 94","184","132","189","106","193"," 67","227","134","255","149","248","138","272","123","255","113","275"," 99","276"," 78","283"," 62","289","145","310","128","349","110","372","105","375"," 91"," 89","128"
"IE-0106-M276G-182.dw.png","153"," 96","169"," 98","180","140","188","113","200"," 72","217","147","247","168","240","156","267","144","251","130","273","119","279"," 97","289"," 82","281","171","305","156","348","143","366","141","370","128"," 86","120"
"IE-0106-M276G-188.dw.png"," 92","112","110","112","123","155","129","128","135"," 88","164","160","192","178","186","167","209","153","191","142","213","127","218","106","227"," 91","224","178","249","160","288","145","308","145","313","131"," 30","142"
"IE-0106-M276G-220.dw.png","150"," 96","165"," 97","181","137","186","111","197"," 70","222","141","248","159","243","147","265","133","249","124","271","109","273"," 86","282"," 70","283","159","307","141","344","124","365","122","370","108"," 89","126"
"IE-0106-M276G-221.dw.png","137"," 97","152"," 98","170","137","171","110","181"," 71","210","140","241","157","235","147","256","131","237","120","258","105","262"," 83","269"," 66","272","155","296","137","335","116","357","113","360"," 98"," 76","132"
"IE-0106-M276G-233.dw.png","148"," 99","164","101","175","143","182","116","197"," 77","213","152","239","173","235","161","261","149","244","135","268","123","273","101","284"," 86","275","175","301","162","342","148","362","149","368","135"," 87","127"
"IE-0106-M276G-261.dw.png","154"," 99","170","100","182","140","191","113","200"," 74","226","145","252","163","246","153","271","138","255","127","276","113","281"," 92","289"," 76","285","164","307","147","348","131","371","130","376","116"," 90","127"
"IE-0106-M276G-270.dw.png","144","117","159","115","185","151","181","124","182"," 84","222","148","254","158","244","148","264","129","246","122","262","102","260"," 80","267"," 63","285","150","303","127","337","102","357"," 94","360"," 80"," 93","161"
"IE-0107-M277G-10.dw.png","105","107","119","102","145","137","141","109","139"," 69","182","129","216","136","207","128","224","108","206","102","222"," 81","218"," 60","223"," 42","249","125","264","102","297"," 73","317"," 64","317"," 49"," 54","155"
"IE-0107-M277G-11.dw.png","108","102","120","100","144","136","144","110","143"," 67","184","132","213","143","206","134","226","115","209","107","226"," 88","224"," 65","229"," 46","250","134","267","114","305"," 85","322"," 79","322"," 63"," 54","146"
"IE-0107-M277G-15.dw.png","116"," 92","133"," 91","147","129","151","100","157"," 61","188","131","219","146","211","135","232","117","216","108","237"," 90","238"," 68","246"," 50","253","142","278","119","314","101","334"," 95","337"," 79"," 55","126"
"IE-0107-M277G-224.dw.png","150","111","163","113","177","152","183","127","195"," 84","221","155","249","173","241","160","265","147","250","136","269","119","272"," 96","282"," 83","282","171","304","153","344","134","361","134","364","120"," 89","144"
"IE-0107-M277G-34.dw.png","108","101","121"," 98","146","135","143","106","142"," 65","188","128","218","139","209","129","227","110","208","102","226"," 81","225"," 60","231"," 40","251","129","268","106","305"," 78","323"," 71","324"," 55"," 54","149"
"IE-0107-M277G-37.dw.png","111","101","122"," 99","150","136","144","107","148"," 64","191","132","221","143","212","133","229","114","212","106","230"," 86","230"," 64","236"," 43","255","134","272","113","312"," 85","329"," 79","329"," 63"," 56","146"
"IE-0107-M277G-42.dw.png","105","112","118","107","143","142","141","114","139"," 72","184","132","218","139","208","131","224","109","208","105","221"," 83","218"," 62","222"," 42","249","128","266","105","298"," 76","316"," 68","315"," 51"," 53","160"
"IE-0107-M277G-53.dw.png","112","106","127","103","154","138","150","111","150"," 69","194","132","225","143","217","133","235","114","216","108","232"," 88","229"," 66","235"," 46","260","134","275","112","310"," 86","328"," 80","329"," 63"," 60","151"
"IE-0107-M277G-59.dw.png","115","135","127","130","161","161","152","135","143"," 94","196","151","227","157","217","148","232","125","218","122","228"," 99","222"," 77","223"," 57","260","142","271","117","302"," 83","318"," 73","318"," 57"," 69","188"
"IE-0107-M277G-63.dw.png"," 98","152","111","146","143","176","135","151","123","110","180","164","211","168","200","161","213","137","199","135","209","111","202"," 90","202"," 69","242","152","251","127","281"," 92","299"," 80","298"," 68"," 54","208"
"IE-0107-M277G-69.dw.png","108","100","123"," 98","147","135","146","108","149"," 66","183","132","216","144","208","135","226","117","212","110","229"," 90","227"," 68","235"," 48","250","138","267","120","304"," 94","325"," 87","328"," 72"," 55","142"
"IE-0107-M277G-73.dw.png","111","101","124"," 98","151","137","146","108","146"," 68","187","131","217","142","208","133","225","113","210","106","228"," 87","226"," 64","231"," 44","251","132","268","111","306"," 83","322"," 76","323"," 62"," 56","147"
"IE-0108-M278C-115.dw.png","142","118","156","116","178","155","176","125","179"," 85","220","152","250","164","242","154","260","135","242","127","260","107","259"," 85","266"," 69","282","157","301","135","337","109","352","106","354"," 91"," 84","160"
"IE-0108-M278C-119.dw.png","145","121","160","119","181","158","181","131","185"," 88","221","156","252","169","244","159","264","141","245","131","264","113","264"," 90","271"," 74","284","163","305","140","340","118","360","112","362"," 97"," 85","165"
"IE-0108-M278C-15.dw.png","146"," 80","160"," 85","164","126","176","101","194"," 64","206","140","229","162","225","149","245","138","239","128","260","115","267"," 94","276"," 78","264","168","288","155","330","146","346","148","350","133"," 77"," 99"
"IE-0108-M278C-156.dw.png","146","111","161","110","173","151","179","123","191"," 82","216","155","244","173","238","161","258","146","244","135","266","119","270"," 98","279"," 83","277","173","299","154","342","136","358","134","361","118"," 81","143"
"IE-0108-M278C-157.dw.png","138","136","152","131","178","165","176","137","173"," 94","222","154","254","161","243","153","257","131","242","127","256","104","252"," 83","253"," 63","286","148","301","123","332"," 93","347"," 86","344"," 70"," 88","189"
"IE-0108-M278C-164.dw.png","139","118","153","116","179","154","176","126","176"," 84","218","149","246","161","236","151","256","131","238","124","257","105","254"," 83","259"," 65","278","153","295","131","330","105","349","100","350"," 85"," 83","163"
"IE-0108-M278C-18.dw.png","140","110","153","109","171","149","175","122","180"," 81","213","149","243","163","235","153","256","136","242","128","259","110","260"," 88","266"," 74","275","159","295","138","330","119","347","116","350","102"," 78","149"
"IE-0108-M278C-28.dw.png","135","118","148","115","173","154","172","126","173"," 83","214","150","245","162","237","153","255","132","236","124","256","105","255"," 83","260"," 67","275","155","296","132","333","107","350","101","351"," 86"," 78","164"
"IE-0108-M278C-55.dw.png","150","112","163","111","179","154","181","124","196"," 84","221","157","249","175","243","164","264","148","247","136","271","121","274"," 97","282"," 83","283","174","305","156","346","136","363","135","367","120"," 85","146"
"IE-0108-M278C-65.dw.png","141","122","152","119","178","153","177","127","177"," 85","220","145","252","155","243","145","256","126","242","120","258"," 99","254"," 77","258"," 60","283","144","300","121","331"," 92","349"," 86","349"," 71"," 87","173"
"IE-0108-M278C-67.dw.png","141","126","156","123","177","159","179","133","177"," 91","219","154","251","165","242","156","260","137","242","130","259","109","256"," 88","260"," 72","282","157","299","135","335","108","352","103","354"," 88"," 87","172"
"IE-0108-M278C-96.dw.png","144","115","158","114","178","153","177","124","188"," 83","219","153","249","169","241","158","258","140","244","131","263","112","265"," 91","273"," 75","281","165","301","145","342","122","356","119","360","104"," 84","154"
"IE-0109-M279CW-138.dw.png","147","110","160","109","174","149","183","123","189"," 82","215","153","241","170","235","160","258","145","240","135","261","118","264"," 96","277"," 82","274","168","294","152","339","134","356","132","360","117"," 84","141"
"IE-0109-M279CW-139.dw.png","147","119","160","117","184","154","183","127","186"," 85","223","153","251","166","244","155","264","138","249","130","267","112","269"," 89","279"," 73","285","160","305","139","347","115","366","111","369"," 97"," 85","157"
"IE-0109-M279CW-160.dw.png","148","126","160","126","179","163","184","136","186"," 96","220","163","247","176","241","166","263","149","246","140","265","122","265","100","274"," 83","279","171","299","151","338","127","356","125","360","110"," 89","163"
"IE-0109-M279CW-17.dw.png","144","111","159","111","176","151","179","123","187"," 85","214","155","242","174","235","162","259","147","241","136","264","122","266"," 98","276"," 83","276","173","298","154","338","137","357","137","362","122"," 85","140"
"IE-0109-M279CW-201.dw.png","146","120","161","118","175","158","180","130","188"," 91","217","159","244","175","238","164","260","150","243","140","260","124","264","101","274"," 85","279","173","299","154","337","135","356","131","361","116"," 86","149"
"IE-0109-M279CW-24.dw.png","144","120","160","117","182","153","180","125","181"," 86","219","147","248","158","240","148","258","129","244","122","259","102","257"," 79","265"," 62","280","147","296","125","335"," 96","353"," 91","355"," 76"," 93","165"
"IE-0109-M279CW-32.dw.png","140","117","152","114","176","149","175","122","176"," 83","216","145","246","158","236","147","258","129","236","120","254","102","254"," 81","261"," 64","277","149","294","127","333","103","352"," 97","354"," 82"," 83","158"
"IE-0109-M279CW-60.dw.png","150","113","166","114","175","156","186","129","199"," 88","220","163","245","181","239","169","262","156","250","146","271","130","276","107","290"," 93","279","181","302","165","345","148","365","147","371","133"," 84","139"
"IE-0109-M279CW-73.dw.png","145","119","159","118","179","153","183","128","183"," 88","224","150","251","164","244","153","263","137","246","129","262","109","261"," 88","269"," 70","283","156","301","136","337","110","357","105","360"," 90"," 92","160"
"IE-0109-M279CW-83.dw.png","144","117","158","116","178","153","182","126","187"," 83","224","151","251","164","245","153","269","137","247","128","265","109","265"," 86","273"," 69","288","157","308","135","344","112","364","107","366"," 92"," 88","156"
"IE-0110-M280T-114.dw.png","138","112","150","111","167","151","172","125","180"," 84","211","153","239","168","232","159","253","142","238","132","261","117","263"," 97","270"," 80","276","165","297","147","335","128","354","125","358","112"," 77","148"
"IE-0110-M280T-120.dw.png"," 97"," 86","111"," 86","132","128","134","101","138"," 58","174","131","200","146","192","135","214","119","197","108","218"," 93","222"," 70","230"," 55","235","143","258","125","297","108","318","105","322"," 93"," 35","121"
"IE-0110-M280T-120x.dw.png"," 90","124","102","118","131","149","123","123","118"," 82","173","136","202","141","192","134","208","110","189","107","203"," 85","198"," 66","198"," 48","235","125","248","101","278"," 69","295"," 60","292"," 45"," 42","177"
"IE-0110-M280T-126.dw.png","125","125","138","121","165","154","162","128","157"," 87","208","145","240","153","230","145","244","123","228","118","245"," 96","241"," 74","244"," 57","274","140","288","118","323"," 88","342"," 79","339"," 63"," 76","178"
"IE-0110-M280T-146.dw.png","147","110","160","110","176","148","180","122","187"," 81","218","149","246","165","239","154","259","137","245","128","265","112","266"," 90","272"," 74","281","160","301","141","338","122","358","118","359","104"," 85","146"
"IE-0110-M280T-169.dw.png","129","106","142","106","154","149","160","121","171"," 82","196","155","222","174","217","162","240","148","225","135","248","123","252","101","261"," 86","257","174","280","158","319","142","341","142","345","128"," 64","134"
"IE-0110-M280T-17.dw.png","138","110","150","108","175","148","170","120","175"," 80","209","146","240","160","232","150","254","133","238","124","258","105","257"," 84","261"," 68","275","155","295","134","330","115","351","110","353"," 95"," 76","147"
"IE-0110-M280T-26.dw.png","113","106","125","104","144","144","147","116","152"," 75","187","142","217","157","209","147","229","128","213","119","233","102","232"," 79","240"," 62","249","151","270","131","307","110","328","106","330"," 89"," 55","146"
"IE-0110-M280T-42.dw.png","124","117","136","114","157","151","156","122","156"," 81","198","145","231","156","221","146","239","125","222","118","239"," 99","235"," 77","240"," 59","263","146","280","124","311"," 98","332"," 90","332"," 75"," 70","166"
"IE-0110-M280T-81.dw.png","143","108","157","108","168","150","177","125","189"," 83","214","156","242","174","235","164","258","148","243","136","266","124","271","103","279"," 87","278","175","302","158","341","142","361","141","365","129"," 80","138"
"IE-0110-M280T-90.dw.png","119","108","131","108","147","148","152","122","159"," 80","188","151","217","168","211","156","228","139","215","131","237","116","240"," 94","249"," 79","251","166","273","147","308","130","329","127","332","113"," 56","140"
"IE-0111-M281T-133.dw.png","138","128","150","126","173","162","174","136","172"," 94","214","155","242","165","231","156","248","137","234","130","253","110","251"," 89","254"," 73","274","156","290","133","326","108","343","103","343"," 89"," 86","175"
"IE-0111-M281T-134.dw.png","121","132","132","128","160","163","157","137","151"," 96","199","155","230","164","221","155","238","135","220","129","237","107","233"," 86","236"," 69","264","152","280","128","310","102","327"," 94","327"," 81"," 72","181"
"IE-0111-M281T-146.dw.png","105","236","118","228","152","252","138","229","123","192","186","232","217","230","206","226","217","199","198","200","206","175","197","156","194","137","248","207","256","179","275","144","288","132","283","116"," 74","300"
"IE-0111-M281T-157.dw.png","127","111","141","111","162","152","166","127","170"," 84","201","154","228","170","221","160","241","142","228","133","248","116","250"," 94","258"," 79","261","167","282","147","317","128","336","124","338","109"," 66","145"
"IE-0111-M281T-166.dw.png","132","112","145","111","162","151","166","124","169"," 84","203","151","231","166","224","155","247","139","229","130","250","113","250"," 91","257"," 76","265","162","286","143","323","124","341","121","343","106"," 72","148"
"IE-0111-M281T-174.dw.png","121","129","136","125","165","160","162","133","156"," 91","210","150","238","159","229","149","247","128","229","122","242","100","238"," 80","242"," 63","270","146","284","122","317"," 92","334"," 84","333"," 69"," 71","180"
"IE-0111-M281T-30.dw.png","133","114","146","112","165","151","164","123","173"," 82","208","151","236","166","228","155","249","138","235","129","255","111","256"," 89","263"," 73","269","160","290","141","327","120","346","116","350","102"," 71","153"
"IE-0111-M281T-44.dw.png","104","121","118","117","147","153","142","125","138"," 83","191","144","220","152","211","144","225","122","209","117","225"," 95","220"," 74","224"," 56","251","141","267","117","300"," 88","316"," 81","316"," 66"," 53","171"
"IE-0111-M281T-52.dw.png","126"," 55","139"," 62","138","104","151"," 80","171"," 46","175","123","192","148","190","135","215","128","207","114","232","108","242"," 89","255"," 78","225","158","252","150","294","148","311","153","318","140"," 56"," 62"
"IE-0111-M281T-68.dw.png","119","110","134","110","151","150","155","124","162"," 83","193","151","222","167","213","156","234","139","222","130","241","113","242"," 92","249"," 76","254","163","275","144","312","123","331","120","333","105"," 57","147"
"IE-0111-M281T-74.dw.png","128","110","144","109","163","147","163","120","169"," 78","202","146","232","161","222","149","246","131","230","123","250","106","249"," 84","258"," 67","265","154","286","133","323","111","341","106","342"," 92"," 64","149"
"IE-0111-M281T-83.dw.png","135","126","150","128","162","170","168","146","180","104","199","178","224","197","220","185","242","172","229","160","251","147","256","126","266","112","257","198","282","181","319","167","338","167","344","154"," 70","151"
"IE-0112-M282-16.dw.png","146","115","161","113","181","152","182","124","186"," 82","226","150","253","161","246","152","266","132","249","124","269","105","267"," 82","273"," 65","288","154","308","133","344","108","362","103","365"," 90"," 87","157"
"IE-0112-M282-19.dw.png","142","162","153","157","189","190","180","163","170","123","230","178","258","183","250","175","267","152","246","148","259","125","254","103","253"," 86","291","167","305","141","335","109","351","101","349"," 86"," 95","216"
"IE-0112-M282-21.dw.png","129","120","142","117","165","153","164","126","167"," 83","209","150","238","162","231","152","248","133","235","126","250","105","249"," 82","254"," 65","272","153","291","132","329","107","346","102","350"," 87"," 72","161"
"IE-0112-M282-34.dw.png","137","120","151","119","171","158","174","131","179"," 88","218","159","244","173","237","162","256","143","242","135","262","116","263"," 94","268"," 76","280","167","301","146","341","123","357","119","360","104"," 74","159"
"IE-0112-M282-37.dw.png","147","122","160","119","187","155","186","128","179"," 85","229","147","258","156","248","147","265","126","251","120","267"," 99","263"," 76","264"," 59","292","144","308","120","339"," 94","357"," 86","359"," 71"," 93","170"
"IE-0112-M282-52.dw.png","139","157","152","152","182","184","177","157","171","114","228","172","257","177","247","169","261","146","245","141","259","118","254"," 96","255"," 78","290","162","306","136","338","102","353"," 95","353"," 79"," 88","211"
"IE-0112-M282-56.dw.png","142","118","153","116","179","157","177","127","180"," 85","223","154","248","166","243","155","261","136","243","128","261","109","262"," 85","266"," 69","285","158","304","136","339","113","357","108","359"," 92"," 87","161"
"IE-0112-M282-60.dw.png","121","133","135","129","162","163","160","136","155"," 96","205","154","233","162","226","153","243","132","225","127","242","105","238"," 83","240"," 67","268","150","285","125","320"," 97","335"," 90","334"," 75"," 70","183"
"IE-0112-M282-63.dw.png","132","121","145","119","169","156","164","127","168"," 86","211","152","240","163","233","154","252","134","235","126","251","106","249"," 84","255"," 65","274","154","291","133","329","106","349","100","350"," 84"," 73","166"
"IE-0112-M282-89.dw.png","132","119","146","117","168","154","167","126","168"," 84","212","149","240","160","233","150","249","131","235","125","251","104","249"," 82","253"," 65","274","152","291","132","328","106","346","100","349"," 86"," 76","162"
"IE-0112-M282-92.dw.png","141","136","156","131","184","164","181","138","174"," 97","226","154","256","162","248","153","264","132","247","126","262","103","258"," 81","259"," 65","292","148","308","122","342"," 93","356"," 86","355"," 71"," 91","188"
"IE-0113-M285WX-1.dw.png"," 99","103","112","101","139","134","136","109","134"," 67","178","130","207","140","199","131","219","111","204","104","220"," 83","217"," 60","224"," 43","242","130","259","108","299"," 79","317"," 73","318"," 59"," 42","145"
"IE-0113-M285WX-10.dw.png","100"," 96","115"," 93","138","128","137","103","135"," 62","177","122","210","132","202","122","220","104","206"," 97","219"," 76","215"," 54","222"," 37","242","123","259"," 99","297"," 72","314"," 64","315"," 50"," 44","139"
"IE-0113-M285WX-11.dw.png","113","109","127","107","151","146","150","117","153"," 74","193","144","221","158","212","147","234","127","218","118","236","100","235"," 77","244"," 61","253","151","274","128","316","102","335"," 97","336"," 83"," 55","152"
"IE-0113-M285WX-12.dw.png","113"," 99","128"," 98","144","138","145","109","154"," 70","183","139","210","154","203","142","224","126","210","116","231"," 99","232"," 77","241"," 62","245","150","266","129","307","109","324","106","328"," 92"," 50","131"
"IE-0113-M285WX-2.dw.png","104","117","114","113","149","144","136","118","131"," 76","184","133","214","139","205","130","219","108","204","104","217"," 80","212"," 59","216"," 41","248","124","259"," 99","294"," 66","309"," 59","310"," 44"," 54","171"
"IE-0113-M285WX-3.dw.png","115","115","130","110","157","143","154","117","148"," 75","199","132","228","140","219","130","233","110","220","104","232"," 83","227"," 62","233"," 43","258","127","272","102","308"," 71","325"," 63","323"," 49"," 65","167"
"IE-0113-M285WX-4.dw.png","108"," 91","123"," 90","143","130","143","103","150"," 62","180","132","205","147","200","136","225","121","210","111","227"," 93","230"," 73","240"," 57","241","144","261","127","305","106","322","103","327"," 91"," 47","122"
"IE-0113-M285WX-5.dw.png","113"," 95","126"," 95","148","132","148","104","151"," 62","189","129","215","144","208","134","227","115","214","107","232"," 88","231"," 66","240"," 49","248","137","268","117","310"," 93","327"," 88","330"," 75"," 54","134"
"IE-0113-M285WX-6.dw.png","115"," 87","129"," 87","143","125","144"," 98","155"," 60","182","129","207","145","200","134","222","119","210","109","230"," 93","232"," 72","241"," 57","239","142","260","124","301","108","320","106","325"," 93"," 49","115"
"IE-0113-M285WX-7.dw.png","110","100","125"," 99","143","136","143","108","150"," 69","181","134","211","148","204","137","225","119","211","111","229"," 92","228"," 70","237"," 54","244","141","265","121","306"," 96","324"," 92","327"," 78"," 50","138"
"IE-0113-M285WX-8.dw.png","111"," 82","125"," 82","146","118","148"," 93","151"," 52","186","116","215","131","207","120","227","102","215"," 95","232"," 76","231"," 54","240"," 37","248","125","270","104","310"," 80","328"," 75","330"," 62"," 51","120"
"IE-0113-M285WX-9.dw.png","103","102","117"," 99","146","130","140","104","134"," 63","182","120","210","128","202","120","221"," 98","204"," 93","218"," 70","215"," 50","220"," 33","245","115","259"," 92","294"," 61","311"," 53","310"," 40"," 52","152"
"IE-0114-M286WX-1.dw.png","118","105","132","103","154","139","152","112","158"," 70","192","135","225","145","215","136","234","115","220","109","237"," 90","235"," 66","243"," 49","258","136","276","114","314"," 89","334"," 82","338"," 68"," 65","151"
"IE-0114-M286WX-10.dw.png","103","118","118","115","142","150","139","123","141"," 81","182","144","210","156","203","146","221","126","204","118","221"," 99","220"," 75","226"," 59","244","146","262","122","301"," 94","317"," 88","319"," 74"," 52","161"
"IE-0114-M286WX-11.dw.png","113"," 90","128"," 91","141","133","147","106","158"," 66","180","139","206","157","201","146","224","131","209","120","230","104","234"," 81","245"," 66","242","157","265","139","308","122","325","121","332","108"," 51","119"
"IE-0114-M286WX-12.dw.png","110","108","127","108","146","147","148","119","154"," 78","185","146","215","161","209","150","231","133","211","123","233","104","233"," 81","243"," 65","251","156","271","135","308","114","332","107","333"," 93"," 54","144"
"IE-0114-M286WX-2.dw.png","105","109","119","105","143","140","141","113","139"," 72","183","133","213","143","205","134","223","113","204","106","220"," 85","217"," 63","225"," 45","246","132","262","108","297"," 80","313"," 73","315"," 59"," 54","155"
"IE-0114-M286WX-3.dw.png","120","104","136","103","155","141","159","113","161"," 71","196","139","227","151","219","141","238","122","221","114","241"," 95","240"," 71","250"," 54","261","144","279","122","317"," 98","337"," 93","339"," 78"," 67","147"
"IE-0114-M286WX-4.dw.png","115"," 82","129"," 83","143","126","149"," 98","163"," 58","181","131","209","150","203","139","229","124","214","113","238"," 97","242"," 76","254"," 61","245","150","268","133","314","118","338","118","343","103"," 51","111"
"IE-0114-M286WX-5.dw.png","105"," 86","120"," 86","136","125","138"," 96","148"," 57","176","125","204","141","196","130","220","112","205","103","226"," 85","227"," 63","235"," 46","241","136","260","115","300"," 94","322"," 92","328"," 75"," 48","127"
"IE-0114-M286WX-6.dw.png","106","109","120","107","143","146","142","118","147"," 78","177","143","208","156","199","147","220","128","205","120","225","101","224"," 80","234"," 63","239","150","259","129","298","105","318","101","321"," 86"," 49","146"
"IE-0114-M286WX-7.dw.png","120","100","134"," 97","159","131","156","103","156"," 62","198","124","230","132","221","123","239","102","222"," 96","238"," 73","234"," 52","241"," 34","261","121","278"," 98","313"," 68","336"," 60","338"," 46"," 71","149"
"IE-0114-M286WX-8.dw.png","123","105","136","102","163","134","159","106","156"," 65","204","124","236","130","227","122","244"," 99","225"," 94","241"," 71","237"," 49","242"," 31","268","117","285"," 92","319"," 60","337"," 52","337"," 37"," 73","157"
"IE-0114-M286WX-9.dw.png","110"," 97","124"," 96","139","134","146","109","152"," 68","181","136","208","152","202","141","222","124","209","115","229"," 98","231"," 75","239"," 60","245","147","264","128","305","106","324","103","328"," 90"," 48","127"
"IE-0115-M288WX-1.dw.png","108","113","122","112","144","146","146","123","149"," 80","181","143","212","157","205","147","224","130","210","122","225","105","223"," 83","233"," 66","246","150","262","131","302","106","322","101","325"," 90"," 54","151"
"IE-0115-M288WX-10.dw.png","114"," 84","125"," 83","143","123","148"," 97","152"," 56","181","124","207","140","200","129","220","114","205","104","225"," 88","226"," 65","235"," 51","240","137","260","118","301"," 98","318"," 97","322"," 84"," 58","118"
"IE-0115-M288WX-11.dw.png","106"," 99","121"," 97","144","131","146","106","143"," 63","185","125","215","135","206","125","224","106","208","100","222"," 80","220"," 59","227"," 42","247","125","264","103","297"," 76","317"," 69","318"," 56"," 56","140"
"IE-0115-M288WX-12.dw.png","120"," 89","135"," 87","153","125","155"," 98","161"," 56","194","123","224","138","216","126","234","110","218","100","238"," 83","238"," 61","249"," 45","258","131","277","112","319"," 88","338"," 84","341"," 70"," 62","126"
"IE-0115-M288WX-2.dw.png"," 92","106","104","102","134","135","131","109","124"," 67","173","125","204","134","193","124","208","103","194"," 98","208"," 76","204"," 55","209"," 37","231","122","247"," 99","288"," 64","306"," 57","307"," 42"," 45","155"
"IE-0115-M288WX-3.dw.png","104","131","116","127","146","156","140","131","132"," 91","182","144","213","150","204","142","216","121","201","117","214"," 94","206"," 75","211"," 57","244","134","256","111","289"," 78","305"," 70","304"," 56"," 63","181"
"IE-0115-M288WX-4.dw.png","103","122","114","118","145","147","137","122","130"," 81","180","135","210","142","200","133","210","113","196","109","208"," 87","201"," 67","204"," 48","239","128","251","105","283"," 71","298"," 64","299"," 50"," 61","174"
"IE-0115-M288WX-5.dw.png","100","107","112","103","140","135","137","112","134"," 69","176","129","205","138","197","128","212","110","198","105","211"," 84","206"," 63","213"," 46","233","129","250","106","287"," 77","305"," 71","308"," 59"," 54","151"
"IE-0115-M288WX-6.dw.png","107","103","119","100","145","132","138","108","136"," 70","179","126","208","135","199","126","218","106","201","100","216"," 81","212"," 62","219"," 46","240","123","255","101","289"," 75","309"," 68","312"," 57"," 52","148"
"IE-0115-M288WX-7.dw.png","107","110","119","107","145","137","142","112","136"," 72","182","125","211","132","202","124","216","104","199"," 99","210"," 78","204"," 59","209"," 41","237","119","249"," 98","284"," 65","301"," 56","302"," 43"," 63","161"
"IE-0115-M288WX-8.dw.png"," 97","155","107","150","143","176","134","152","122","111","177","160","207","164","195","157","205","135","190","133","200","110","190"," 90","193"," 71","233","148","245","123","273"," 87","288"," 76","288"," 63"," 60","210"
"IE-0115-M288WX-9.dw.png"," 96","135","107","131","143","157","132","134","123"," 93","176","145","205","151","195","142","207","121","190","118","203"," 95","194"," 75","198"," 58","233","136","247","110","276"," 76","291"," 68","291"," 54"," 57","188"
"IE-0116-M289WX-1.dw.png","107","106","121","102","143","139","149","111","146"," 68","186","134","217","146","208","136","227","116","209","108","227"," 89","226"," 68","236"," 50","252","136","269","113","305"," 87","327"," 81","329"," 67"," 52","150"
"IE-0116-M289WX-10.dw.png","109","124","121","120","146","152","146","125","140"," 83","188","142","219","150","209","140","225","119","207","114","223"," 92","220"," 72","227"," 55","249","136","265","111","297"," 82","318"," 73","316"," 59"," 62","174"
"IE-0116-M289WX-11.dw.png","117","112","130","109","153","145","154","118","154"," 76","194","140","226","153","216","143","234","123","219","116","236"," 96","234"," 72","243"," 57","259","143","277","121","315"," 93","334"," 88","335"," 73"," 63","155"
"IE-0116-M289WX-12.dw.png","110","103","124","100","145","135","149","110","145"," 71","190","130","217","142","210","132","230","115","211","106","229"," 89","226"," 66","235"," 50","255","132","271","111","306"," 87","325"," 82","326"," 69"," 54","144"
"IE-0116-M289WX-2.dw.png","136","114","149","111","172","146","173","120","172"," 78","215","141","245","151","236","142","254","122","237","115","256"," 96","255"," 73","262"," 55","280","142","297","120","333"," 94","355"," 88","358"," 74"," 83","158"
"IE-0116-M289WX-3.dw.png","109","119","122","116","144","154","144","127","146"," 85","185","149","216","163","208","152","231","134","214","126","231","106","230"," 84","238"," 67","251","154","270","133","312","106","332","101","335"," 87"," 51","162"
"IE-0116-M289WX-4.dw.png"," 89","104","102","102","130","136","128","109","120"," 68","169","127","199","136","191","128","210","107","188","102","203"," 80","201"," 59","208"," 42","230","125","246","102","278"," 76","297"," 68","299"," 55"," 40","153"
"IE-0116-M289WX-5.dw.png"," 96","107","111","105","135","141","134","116","133"," 76","173","138","204","150","197","140","213","121","200","114","217"," 94","216"," 72","223"," 57","239","141","258","120","295"," 95","315"," 89","316"," 75"," 41","148"
"IE-0116-M289WX-6.dw.png","105","127","120","121","146","155","145","127","139"," 84","189","143","220","149","210","141","225","118","208","114","222"," 92","219"," 71","226"," 53","251","134","265","108","300"," 75","317"," 67","317"," 53"," 58","177"
"IE-0116-M289WX-7.dw.png","106","110","120","106","143","143","147","116","144"," 75","189","138","218","150","210","140","229","120","212","113","228"," 95","224"," 73","232"," 57","253","142","270","119","305"," 93","325"," 87","328"," 75"," 51","151"
"IE-0116-M289WX-8.dw.png"," 95","122","109","118","138","153","136","126","130"," 84","180","145","209","154","200","144","215","123","200","119","214"," 96","210"," 75","216"," 58","240","142","257","118","293"," 87","310"," 80","311"," 66"," 46","171"
"IE-0116-M289WX-9.dw.png","103"," 94","117"," 91","139","125","139","100","137"," 61","178","120","210","130","202","120","217","101","203"," 96","220"," 76","219"," 54","224"," 39","244","120","259"," 98","295"," 72","315"," 66","315"," 53"," 52","136"
"IE-0117-M290WX-1.dw.png","110","109","123","106","142","142","145","113","145"," 74","184","136","215","145","207","136","225","117","209","110","223"," 90","221"," 68","228"," 51","249","134","263","113","298"," 85","318"," 79","319"," 66"," 55","155"
"IE-0117-M290WX-11.dw.png","107","104","120","101","145","132","143","108","136"," 68","178","125","210","132","201","124","218","103","202"," 98","218"," 77","214"," 56","217"," 39","242","120","258"," 96","288"," 68","310"," 59","310"," 45"," 57","151"
"IE-0117-M290WX-12.dw.png","106","115","118","111","149","143","143","118","138"," 74","184","133","216","140","207","132","221","110","207","105","219"," 84","214"," 62","219"," 45","248","126","263","102","295"," 73","315"," 63","315"," 50"," 59","167"
"IE-0117-M290WX-2.dw.png","107","103","122"," 99","144","132","144","106","139"," 66","184","125","213","133","205","124","221","103","207"," 98","221"," 77","217"," 55","223"," 38","246","123","264"," 98","297"," 71","315"," 64","317"," 49"," 56","148"
"IE-0117-M290WX-3.dw.png","109","113","120","110","147","142","143","117","141"," 76","185","135","216","144","207","134","222","115","207","111","222"," 90","218"," 68","223"," 51","246","133","262","110","295"," 84","315"," 76","315"," 62"," 57","157"
"IE-0117-M290WX-4.dw.png","111","122","123","118","150","150","147","124","142"," 83","188","141","218","148","207","139","226","117","209","112","223"," 90","218"," 69","223"," 51","248","134","266","110","298"," 79","318"," 70","319"," 56"," 64","172"
"IE-0117-M290WX-5.dw.png","106","104","120","101","143","134","147","111","141"," 69","183","129","214","139","206","130","221","111","207","105","223"," 86","220"," 64","226"," 48","247","129","264","108","297"," 83","318"," 75","320"," 63"," 53","145"
"IE-0117-M290WX-6.dw.png","103","123","114","119","144","149","139","124","132"," 83","183","140","213","146","203","137","217","116","201","113","214"," 91","210"," 69","215"," 51","243","132","256","108","287"," 79","306"," 70","306"," 56"," 55","173"
"IE-0117-M290WX-7.dw.png","105","109","118","107","140","141","140","116","142"," 76","179","136","209","149","202","139","218","121","205","113","220"," 96","219"," 74","225"," 58","242","141","259","120","295"," 96","315"," 91","318"," 77"," 52","149"
"IE-0117-M290WX-8.dw.png","121"," 98","134"," 99","150","135","157","112","162"," 69","190","137","218","152","211","142","231","126","218","117","236","101","238"," 79","248"," 65","251","150","271","131","309","111","329","109","335"," 96"," 61","130"
"IE-0117-M290WX-9.dw.png"," 97","143","109","136","143","163","137","139","123"," 99","178","150","212","154","201","146","215","122","194","120","205"," 97","196"," 76","199"," 58","240","137","252","110","279"," 77","295"," 67","292"," 53"," 57","201"
"IE-0118-M291WX-1.dw.png","111"," 99","126"," 96","153","130","148","104","148"," 64","191","125","224","135","214","125","231","108","215","100","230"," 82","229"," 60","235"," 43","256","127","273","105","308"," 80","325"," 74","326"," 60"," 60","144"
"IE-0118-M291WX-10.dw.png","113"," 97","127"," 96","151","133","150","106","150"," 66","191","131","222","143","215","133","234","114","218","107","236"," 90","235"," 68","242"," 53","257","136","275","116","313"," 93","331"," 89","335"," 76"," 59","139"
"IE-0118-M291WX-12.dw.png"," 93","136","106","132","136","162","132","137","122"," 96","176","149","208","154","197","146","211","125","196","120","208","100","202"," 79","203"," 62","240","139","251","116","282"," 85","301"," 75","298"," 62"," 50","190"
"IE-0118-M291WX-2.dw.png","103"," 87","120"," 88","139","129","141","102","150"," 62","180","132","207","149","199","138","224","122","208","112","229"," 96","230"," 74","238"," 57","244","146","266","127","307","108","325","106","329"," 90"," 43","120"
"IE-0118-M291WX-3.dw.png","105"," 95","119"," 96","136","139","140","112","149"," 71","176","144","201","161","194","150","217","136","206","127","224","112","228"," 91","236"," 76","236","162","258","146","299","130","318","131","322","115"," 43","126"
"IE-0118-M291WX-4.dw.png","113","106","126","102","155","135","148","107","142"," 67","193","124","225","130","215","121","231","100","213"," 95","226"," 75","222"," 54","226"," 37","257","115","268"," 92","302"," 63","319"," 54","319"," 42"," 66","160"
"IE-0118-M291WX-5.dw.png","105"," 92","120"," 91","141","126","142","100","141"," 59","184","122","213","134","203","124","223","105","209"," 98","224"," 80","223"," 58","228"," 42","247","126","265","104","303"," 79","321"," 75","322"," 60"," 49","137"
"IE-0118-M291WX-6.dw.png","108"," 88","124"," 88","139","127","145","101","150"," 60","180","127","211","143","202","132","223","116","210","106","228"," 91","230"," 69","237"," 54","242","139","261","121","305"," 99","323"," 97","325"," 83"," 47","123"
"IE-0118-M291WX-7.dw.png","112"," 86","127"," 88","139","129","145","102","159"," 64","181","135","208","154","202","142","225","131","211","119","233","106","236"," 84","246"," 71","241","155","265","140","310","126","328","125","331","116"," 49","112"
"IE-0118-M291WX-8.dw.png"," 98","100","112"," 98","133","135","133","107","133"," 67","175","132","204","145","196","134","214","117","197","108","215"," 91","213"," 68","218"," 52","236","137","253","116","290"," 91","306"," 86","308"," 73"," 43","142"
"IE-0118-M291WX-9.dw.png","108"," 79","123"," 81","131","122","142"," 98","153"," 61","172","131","197","152","192","139","214","128","201","116","223","105","227"," 83","236"," 70","229","155","254","141","296","130","314","130","318","117"," 43","100"
"IE-0119-M292WX-1.dw.png","119","104","134","104","155","143","155","116","161"," 75","195","143","222","160","215","149","237","134","221","124","242","108","245"," 85","254"," 71","255","157","277","137","316","119","335","116","341","103"," 63","139"
"IE-0119-M292WX-10.dw.png","106","162","118","156","157","181","141","157","129","118","193","163","220","165","210","159","220","134","201","134","211","110","204"," 89","203"," 72","249","146","258","120","282"," 84","296"," 75","291"," 60"," 74","223"
"IE-0119-M292WX-11.dw.png"," 99"," 98","112"," 95","141","128","134","100","130"," 61","182","119","213","127","203","118","222"," 97","200"," 92","216"," 71","213"," 48","216"," 32","246","115","260"," 90","289"," 62","306"," 54","305"," 40"," 51","148"
"IE-0119-M292WX-12.dw.png"," 97"," 99","112"," 96","137","134","135","106","134"," 63","180","127","211","139","202","128","221","108","199","101","219"," 80","219"," 58","223"," 42","245","129","263","105","293"," 79","312"," 72","311"," 57"," 48","146"
"IE-0119-M292WX-2.dw.png","101"," 93","114"," 93","133","130","133","103","144"," 63","175","131","202","146","192","135","214","117","200","110","219"," 92","219"," 70","227"," 53","238","141","256","121","294","100","311"," 99","313"," 84"," 42","129"
"IE-0119-M292WX-3.dw.png","103","101","118"," 98","147","134","142","106","144"," 64","185","130","215","141","207","132","228","112","209","104","228"," 84","226"," 60","232"," 44","251","132","267","109","305"," 85","323"," 79","326"," 65"," 52","146"
"IE-0119-M292WX-4.dw.png"," 95"," 94","108"," 94","128","135","130","105","136"," 64","170","134","199","149","191","138","213","121","194","112","216"," 93","218"," 71","224"," 55","232","143","252","123","292","102","312"," 98","315"," 85"," 38","135"
"IE-0119-M292WX-5.dw.png","110","112","123","110","149","149","148","121","150"," 78","191","145","220","159","213","149","231","130","215","122","232","102","232"," 80","239"," 64","254","152","274","130","310","107","330","102","332"," 88"," 55","154"
"IE-0119-M292WX-6.dw.png","127","104","141","103","169","141","162","112","166"," 70","208","137","238","151","231","139","249","120","230","113","248"," 94","247"," 71","254"," 54","273","143","291","119","326"," 97","345"," 92","348"," 77"," 71","145"
"IE-0119-M292WX-7.dw.png","124"," 93","139"," 94","160","133","163","107","168"," 66","198","135","226","151","219","139","242","125","227","114","247"," 98","248"," 76","257"," 61","262","148","282","130","322","110","339","108","344"," 95"," 68","128"
"IE-0119-M292WX-8.dw.png","100","133","114","129","148","161","139","134","134"," 92","185","151","217","158","208","149","226","126","205","122","221"," 98","218"," 76","221"," 60","251","144","265","118","300"," 86","316"," 78","316"," 64"," 57","185"
"IE-0119-M292WX-9.dw.png"," 97"," 72","110"," 74","128","116","131"," 90","142"," 50","168","122","192","140","188","129","210","117","195","105","218"," 91","222"," 70","230"," 57","228","142","250","126","290","113","308","112","312","103"," 37"," 98"
"IE-0120-M293WX-1.dw.png","113","109","128","107","154","143","152","117","150"," 76","195","139","224","149","216","140","234","121","218","114","236"," 94","235"," 71","239"," 55","258","140","276","120","312"," 94","330"," 88","330"," 73"," 62","153"
"IE-0120-M293WX-10.dw.png","113"," 99","129"," 98","152","134","152","109","154"," 66","197","133","224","147","218","136","235","119","220","111","240"," 94","240"," 69","244"," 54","260","141","279","121","316"," 99","334"," 95","337"," 81"," 59","135"
"IE-0120-M293WX-11.dw.png","120"," 96","132"," 94","157","127","156","100","152"," 57","201","117","230","125","220","116","235"," 96","219"," 91","234"," 70","232"," 47","234"," 31","262","114","278"," 90","311"," 61","326"," 55","326"," 41"," 69","143"
"IE-0120-M293WX-12.dw.png","107","111","122","108","150","143","145","114","143"," 72","192","132","222","140","213","131","229","111","215","105","229"," 85","226"," 64","227"," 46","254","129","270","107","304"," 79","321"," 72","321"," 57"," 60","159"
"IE-0120-M293WX-2.dw.png","105"," 93","117"," 93","140","132","143","107","146"," 65","179","132","206","146","199","135","219","120","203","110","225"," 94","225"," 70","232"," 55","242","142","260","123","300","102","319"," 98","322"," 84"," 48","130"
"IE-0120-M293WX-3.dw.png","106","100","120"," 99","140","141","142","113","146"," 72","182","143","209","159","203","149","224","133","208","123","228","107","232"," 83","238"," 68","244","157","267","139","308","121","325","118","329","105"," 45","131"
"IE-0120-M293WX-4.dw.png","118","115","131","112","159","146","156","120","154"," 76","202","138","230","146","223","137","240","117","223","112","240"," 91","238"," 68","242"," 50","264","135","282","112","316"," 85","335"," 78","336"," 63"," 66","162"
"IE-0120-M293WX-5.dw.png","119"," 93","133"," 93","150","134","154","108","162"," 68","190","139","217","156","210","145","232","131","218","120","241","105","245"," 83","252"," 68","255","156","276","139","317","122","337","122","339","106"," 59","123"
"IE-0120-M293WX-6.dw.png"," 95","113","108","109","138","141","132","115","126"," 75","180","131","208","137","200","130","214","109","197","103","211"," 84","206"," 61","207"," 44","240","124","256","101","286"," 72","303"," 63","302"," 48"," 50","161"
"IE-0120-M293WX-7.dw.png","102","146","113","141","149","168","142","142","125","105","190","151","219","153","209","146","224","122","203","121","215"," 97","207"," 76","206"," 58","253","134","264","107","290"," 74","303"," 64","300"," 50"," 61","202"
"IE-0120-M293WX-8.dw.png"," 99","124","111","119","141","151","137","125","130"," 82","181","138","213","142","203","135","215","113","198","110","213"," 88","208"," 66","209"," 48","242","129","257","104","286"," 74","304"," 64","302"," 50"," 52","176"
"IE-0120-M293WX-9.dw.png","117"," 82","129"," 83","149","122","151"," 95","157"," 56","192","124","219","140","213","129","235","114","219","105","240"," 88","241"," 65","247"," 49","257","136","276","118","315"," 99","331"," 96","335"," 81"," 58","115"
"IE-0121-M294WX-1.dw.png","113"," 88","125"," 87","144","124","148","101","152"," 62","181","127","210","144","204","133","222","116","210","108","230"," 92","233"," 70","239"," 55","246","139","263","122","305","102","324"," 99","327"," 86"," 52","119"
"IE-0121-M294WX-10.dw.png","114","109","127","107","151","141","150","115","147"," 74","191","134","224","143","215","134","233","114","214","107","231"," 88","229"," 66","231"," 50","258","132","273","110","306"," 83","323"," 76","327"," 62"," 59","156"
"IE-0121-M294WX-11.dw.png","105"," 93","119"," 94","136","133","139","108","149"," 69","177","138","206","155","199","144","215","128","204","120","226","105","229"," 84","235"," 68","240","152","261","136","300","117","317","117","320","105"," 44","125"
"IE-0121-M294WX-12.dw.png","108","108","120","104","147","137","145","110","139"," 69","188","131","217","140","209","131","227","111","209","104","225"," 84","222"," 61","226"," 44","251","129","268","106","302"," 78","317"," 72","319"," 59"," 55","153"
"IE-0121-M294WX-2.dw.png","105"," 99","118"," 96","144","133","143","106","142"," 63","185","127","213","138","205","128","223","107","208","101","225"," 79","223"," 57","229"," 40","248","127","264","106","302"," 76","318"," 69","318"," 54"," 52","144"
"IE-0121-M294WX-3.dw.png","105","116","119","116","134","154","141","129","150"," 89","175","158","205","176","200","165","220","149","204","139","226","124","229","102","237"," 86","240","173","263","157","302","137","319","136","324","123"," 46","145"
"IE-0121-M294WX-4.dw.png","114","102","126","101","147","138","150","113","153"," 73","185","137","216","152","209","141","229","123","211","115","233"," 98","233"," 77","240"," 60","251","145","268","127","307","104","325","100","330"," 87"," 53","139"
"IE-0121-M294WX-5.dw.png","104"," 98","117"," 95","139","134","144","107","143"," 65","183","131","213","144","206","133","225","115","209","107","227"," 89","225"," 66","231"," 50","248","136","267","116","304"," 90","322"," 86","324"," 72"," 49","137"
"IE-0121-M294WX-6.dw.png"," 92","116","106","112","133","145","127","117","124"," 76","173","134","204","142","194","135","212","111","190","106","207"," 86","203"," 65","205"," 47","238","129","251","104","283"," 74","298"," 67","297"," 52"," 44","169"
"IE-0121-M294WX-7.dw.png","121"," 92","134"," 91","154","129","158","101","158"," 60","197","129","227","143","220","134","240","115","225","106","244"," 87","245"," 63","251"," 47","261","137","284","117","322"," 91","339"," 88","344"," 74"," 60","132"
"IE-0121-M294WX-8.dw.png","107","118","120","116","143","153","144","126","145"," 85","184","150","214","164","206","153","224","135","211","127","229","108","230"," 86","237"," 70","249","157","268","136","307","112","324","107","328"," 94"," 49","157"
"IE-0121-M294WX-9.dw.png","101","101","114"," 97","142","130","137","102","133"," 62","181","121","212","128","203","120","220"," 98","204"," 92","217"," 71","213"," 49","215"," 33","243","115","259"," 92","292"," 60","306"," 52","305"," 37"," 53","150"
"IE-0122-M295WX-1.dw.png","114","109","124","106","151","138","150","114","147"," 72","193","130","225","140","215","130","231","111","215","106","231"," 86","227"," 64","230"," 47","260","128","270","108","306"," 79","324"," 72","324"," 58"," 62","154"
"IE-0122-M295WX-10.dw.png","115"," 94","128"," 94","141","132","147","105","157"," 66","182","133","213","149","205","138","226","122","214","114","231"," 98","233"," 75","240"," 61","247","145","267","128","304","108","323","105","326"," 92"," 57","127"
"IE-0122-M295WX-11.dw.png","122","120","135","116","163","150","161","123","156"," 79","206","140","238","149","228","140","242","119","228","114","244"," 92","239"," 69","242"," 51","271","137","285","113","317"," 83","335"," 76","333"," 60"," 75","170"
"IE-0122-M295WX-12.dw.png","127"," 94","142"," 95","154","138","160","110","174"," 70","196","144","222","161","216","150","239","136","228","125","248","109","251"," 87","261"," 73","259","162","281","144","323","127","341","126","346","112"," 62","122"
"IE-0122-M295WX-2.dw.png","105","104","117","103","140","137","140","111","139"," 69","181","133","212","143","203","133","221","113","208","107","222"," 87","218"," 65","224"," 48","247","132","264","110","297"," 83","315"," 78","315"," 63"," 54","150"
"IE-0122-M295WX-3.dw.png","117"," 96","131"," 94","153","130","155","103","153"," 61","196","125","226","136","216","126","233","105","222","100","237"," 78","233"," 55","238"," 39","262","124","275","104","313"," 75","329"," 69","330"," 53"," 62","142"
"IE-0122-M295WX-4.dw.png","105","113","118","110","139","142","141","116","137"," 74","179","134","213","142","202","133","219","113","205","107","220"," 86","215"," 65","219"," 48","246","129","258","106","291"," 78","311"," 69","311"," 55"," 55","162"
"IE-0122-M295WX-5.dw.png","115"," 98","130"," 97","149","136","150","107","156"," 65","193","134","220","147","210","137","231","117","218","110","237"," 90","236"," 67","240"," 50","259","139","275","119","314"," 92","331"," 89","332"," 72"," 57","138"
"IE-0122-M295WX-6.dw.png","118"," 90","132"," 88","152","125","154"," 99","158"," 55","195","122","227","134","218","124","236","104","223"," 97","240"," 79","237"," 55","244"," 39","262","126","279","105","317"," 80","335"," 75","337"," 60"," 60","131"
"IE-0122-M295WX-7.dw.png","109","100","120"," 98","145","134","146","108","143"," 65","188","128","218","140","209","129","226","110","212","104","227"," 85","223"," 61","230"," 45","253","130","267","108","303"," 81","322"," 75","323"," 61"," 57","144"
"IE-0122-M295WX-8.dw.png","117"," 98","129"," 97","152","134","151","106","151"," 66","192","131","220","145","212","134","232","116","214","108","232"," 90","231"," 67","237"," 51","253","138","272","116","310"," 93","327"," 88","329"," 75"," 57","138"
"IE-0122-M295WX-9.dw.png","119"," 91","133"," 90","153","126","156","100","159"," 58","196","123","225","136","217","126","235","107","221"," 99","239"," 82","237"," 59","243"," 42","262","128","276","110","316"," 83","331"," 78","333"," 64"," 61","130"
"IE-0123-M296WX-1.dw.png","112","101","127"," 98","152","133","149","105","147"," 65","194","126","221","137","213","126","230","108","215","101","230"," 82","227"," 60","232"," 42","253","127","270","105","306"," 79","325"," 72","325"," 58"," 56","146"
"IE-0123-M296WX-10.dw.png","101","101","114"," 99","139","133","134","107","134"," 67","177","127","207","135","199","127","217","107","199","100","214"," 80","212"," 60","214"," 44","240","125","256","102","288"," 76","305"," 69","307"," 56"," 45","146"
"IE-0123-M296WX-11.dw.png","120","113","132","110","160","142","156","116","151"," 73","199","132","226","140","219","132","234","110","219","105","231"," 83","227"," 64","229"," 47","260","126","272","103","303"," 75","317"," 68","317"," 54"," 72","163"
"IE-0123-M296WX-12.dw.png","118"," 92","133"," 92","149","130","152","102","157"," 63","193","130","218","145","210","135","232","118","217","110","236"," 92","238"," 70","245"," 54","250","140","273","122","311","101","328","101","332"," 87"," 61","131"
"IE-0123-M296WX-2.dw.png","105","108","121","105","149","140","142","113","144"," 72","184","134","213","145","205","135","223","116","209","110","224"," 88","219"," 67","227"," 49","245","135","259","114","296"," 86","317"," 80","319"," 66"," 55","155"
"IE-0123-M296WX-3.dw.png","114","112","129","110","153","145","149","118","150"," 78","189","139","217","149","210","140","230","120","212","114","227"," 94","224"," 73","229"," 57","250","138","265","115","299"," 90","315"," 84","317"," 71"," 58","158"
"IE-0123-M296WX-4.dw.png","131","116","143","113","172","146","166","120","161"," 80","206","138","235","147","227","137","243","117","228","111","244"," 89","242"," 69","245"," 53","269","133","283","111","318"," 83","337"," 76","338"," 62"," 80","167"
"IE-0123-M296WX-5.dw.png","100","153","113","146","144","174","136","148","126","110","179","158","210","160","200","153","214","130","196","127","208","105","201"," 86","201"," 69","240","141","250","117","278"," 84","294"," 73","292"," 59"," 64","210"
"IE-0123-M296WX-6.dw.png","118"," 95","130"," 94","156","131","153","105","154"," 63","198","129","223","142","216","131","235","114","220","106","235"," 88","236"," 66","242"," 50","256","135","274","116","311"," 92","329"," 87","329"," 73"," 60","134"
"IE-0123-M296WX-7.dw.png","106"," 93","120"," 91","145","124","142"," 99","139"," 59","183","117","212","129","202","120","219","100","203"," 94","219"," 74","217"," 55","220"," 38","245","119","260"," 99","292"," 74","310"," 66","310"," 52"," 57","135"
"IE-0123-M296WX-8.dw.png","103"," 86","116"," 86","135","122","138"," 96","142"," 55","177","121","205","135","199","125","218","108","202"," 99","220"," 80","222"," 61","227"," 45","239","129","258","109","296"," 88","314"," 84","315"," 69"," 46","120"
"IE-0123-M296WX-9.dw.png","100","105","114","101","147","133","137","107","133"," 68","183","125","211","133","204","124","222","103","203"," 98","219"," 77","216"," 57","220"," 41","243","121","257"," 99","292"," 71","312"," 64","312"," 49"," 52","156"
"IE-0124-M297WX-1.dw.png","112","150","125","145","158","178","152","151","142","111","197","167","228","173","219","165","234","143","216","138","229","117","226"," 94","229"," 78","261","159","274","135","305","104","321"," 97","321"," 82"," 69","203"
"IE-0124-M297WX-10.dw.png","107","111","121","108","149","142","144","113","140"," 73","192","132","223","140","213","132","228","110","211","106","225"," 85","222"," 64","225"," 47","254","128","270","103","300"," 76","315"," 71","314"," 55"," 59","163"
"IE-0124-M297WX-11.dw.png","118","149","132","143","162","174","154","148","147","108","202","161","232","166","221","159","236","135","218","133","233","110","227"," 90","228"," 72","263","152","276","125","307"," 93","324"," 85","322"," 69"," 76","203"
"IE-0124-M297WX-12.dw.png","121","110","132","106","164","140","159","114","153"," 72","203","131","237","139","229","130","243","109","226","103","240"," 81","238"," 58","241"," 42","270","125","285","102","318"," 70","334"," 64","335"," 49"," 73","159"
"IE-0124-M297WX-2.dw.png","109","129","121","126","151","159","146","132","140"," 92","190","149","221","157","212","148","229","128","210","122","226","101","224"," 79","227"," 62","255","143","267","122","301"," 91","321"," 83","321"," 69"," 62","178"
"IE-0124-M297WX-3.dw.png","108"," 96","122"," 96","139","135","142","109","151"," 67","182","140","209","156","204","145","226","130","208","119","228","104","230"," 81","239"," 65","244","153","263","137","303","118","324","115","327","106"," 47","128"
"IE-0124-M297WX-4.dw.png","118"," 88","132"," 88","150","126","154","100","157"," 59","194","127","222","142","216","132","235","115","218","106","240"," 89","241"," 66","248"," 50","256","138","277","118","315"," 97","333"," 95","338"," 79"," 59","125"
"IE-0124-M297WX-5.dw.png","109","108","121","104","152","138","146","111","140"," 70","190","129","223","138","214","129","228","109","213","103","227"," 80","225"," 57","229"," 41","254","125","268","102","303"," 71","321"," 64","321"," 50"," 61","158"
"IE-0124-M297WX-6.dw.png","102"," 97","116"," 95","144","133","141","105","139"," 62","187","126","216","138","208","127","225","108","211","101","226"," 81","224"," 59","230"," 42","249","128","267","105","302"," 77","320"," 71","323"," 57"," 49","142"
"IE-0124-M297WX-7.dw.png","101","112","114","108","144","141","139","115","132"," 74","185","131","215","138","206","130","221","108","205","103","220"," 81","214"," 58","218"," 42","249","123","263","100","295"," 68","311"," 60","312"," 46"," 50","160"
"IE-0124-M297WX-8.dw.png","106"," 97","119"," 95","144","131","142","105","141"," 63","186","127","213","138","206","127","223","110","205","101","223"," 84","224"," 63","228"," 46","245","129","262","108","296"," 85","316"," 79","317"," 67"," 54","141"
"IE-0124-M297WX-9.dw.png","104"," 93","117"," 92","138","130","141","104","142"," 64","184","129","210","142","202","133","221","115","205","107","225"," 90","224"," 67","230"," 51","243","137","263","117","299"," 95","318"," 93","319"," 77"," 49","134"
"IE-0125-M298WX-1.dw.png","108"," 98","120"," 97","141","137","143","110","149"," 68","190","138","215","152","208","141","229","125","214","116","234"," 99","235"," 77","242"," 62","250","148","269","129","307","111","327","109","329"," 95"," 46","135"
"IE-0125-M298WX-10.dw.png","105","114","118","111","139","146","140","119","140"," 78","185","139","215","149","206","141","222","122","209","115","224"," 96","222"," 74","227"," 57","249","141","265","121","303"," 95","319"," 90","320"," 76"," 50","161"
"IE-0125-M298WX-11.dw.png","111"," 95","126"," 93","146","134","148","108","154"," 66","184","137","215","156","207","144","228","128","211","117","233","102","237"," 80","246"," 65","251","153","273","136","313","118","335","116","340","104"," 48","128"
"IE-0125-M298WX-12.dw.png","113","107","127","103","149","139","150","113","147"," 71","191","133","219","145","212","135","229","115","214","109","229"," 89","228"," 66","232"," 50","255","135","271","112","305"," 89","321"," 84","323"," 69"," 57","155"
"IE-0125-M298WX-2.dw.png","100","100","112"," 97","140","134","136","106","133"," 63","178","126","211","136","201","127","220","107","202","100","220"," 78","218"," 57","222"," 40","246","125","262","103","297"," 77","315"," 70","316"," 55"," 47","150"
"IE-0125-M298WX-3.dw.png"," 98","113","109","107","137","138","134","114","124"," 73","176","128","207","133","197","125","213","104","196"," 99","208"," 78","200"," 55","202"," 40","240","118","252"," 95","282"," 65","295"," 57","294"," 43"," 50","167"
"IE-0125-M298WX-4.dw.png","100","105","113","102","136","137","135","112","136"," 71","173","132","205","144","196","134","213","117","198","109","216"," 90","214"," 70","218"," 53","238","136","255","116","288"," 91","305"," 86","305"," 71"," 47","149"
"IE-0125-M298WX-5.dw.png","107","112","120","107","151","141","142","114","139"," 73","187","132","220","139","209","131","224","110","207","104","223"," 83","219"," 63","223"," 46","252","126","266","104","298"," 77","317"," 68","318"," 55"," 58","162"
"IE-0125-M298WX-6.dw.png","116","102","129"," 99","151","136","151","108","150"," 67","198","130","228","140","219","131","237","112","220","105","238"," 85","237"," 63","240"," 47","261","130","279","109","314"," 84","332"," 79","333"," 64"," 61","149"
"IE-0125-M298WX-7.dw.png","105","107","118","101","144","136","143","110","140"," 69","182","128","215","136","204","127","220","107","205","102","221"," 82","218"," 62","221"," 44","247","125","261","104","292"," 78","310"," 70","310"," 56"," 55","155"
"IE-0125-M298WX-8.dw.png","109","109","122","106","141","146","144","119","150"," 76","183","146","213","161","206","151","226","134","208","124","227","105","230"," 85","238"," 68","247","156","267","137","304","117","324","113","327","100"," 47","145"
"IE-0126-M299WX-1.dw.png","111","159","123","153","157","181","147","155","139","111","198","164","228","168","219","159","228","136","208","134","220","110","214"," 88","216"," 68","258","148","269","122","299"," 87","316"," 76","313"," 60"," 69","213"
"IE-0126-M299WX-10.dw.png","100","114","113","110","138","144","138","117","132"," 75","182","135","213","144","203","135","221","114","203","109","220"," 87","217"," 64","218"," 49","249","131","263","109","297"," 80","316"," 73","314"," 58"," 46","161"
"IE-0126-M299WX-11.dw.png"," 97","122","112","119","135","153","136","126","132"," 83","182","143","214","153","204","143","225","121","205","116","220"," 95","213"," 71","216"," 54","251","140","268","115","302"," 84","316"," 78","316"," 65"," 49","169"
"IE-0126-M299WX-12.dw.png","100","108","113","104","137","140","137","111","137"," 68","181","133","212","143","203","134","219","114","199","106","218"," 85","216"," 63","221"," 44","246","132","264","108","301"," 82","318"," 77","319"," 62"," 46","154"
"IE-0126-M299WX-2.dw.png"," 98","109","110","106","134","141","132","114","132"," 73","178","134","210","144","200","134","219","115","201","109","218"," 87","214"," 65","218"," 48","244","132","260","109","296"," 83","315"," 76","315"," 62"," 43","156"
"IE-0126-M299WX-3.dw.png","103","123","116","118","147","149","143","123","134"," 83","185","137","216","144","206","135","224","113","205","109","218"," 88","212"," 65","215"," 48","250","127","264","105","294"," 75","312"," 66","311"," 52"," 55","173"
"IE-0126-M299WX-4.dw.png","104","152","119","145","153","173","142","148","132","108","189","160","220","165","208","156","224","134","206","130","218","107","212"," 85","214"," 68","253","144","263","122","292"," 87","308"," 77","306"," 63"," 64","207"
"IE-0126-M299WX-5.dw.png","126","111","139","108","167","140","161","114","159"," 73","207","131","238","138","229","130","242","109","225","104","240"," 82","236"," 61","239"," 43","271","125","285","101","317"," 72","335"," 65","333"," 51"," 77","161"
"IE-0126-M299WX-6.dw.png","112","108","125","105","154","138","146","111","143"," 70","195","129","224","136","216","127","230","105","216","100","227"," 78","224"," 55","227"," 38","258","121","272"," 97","302"," 68","322"," 59","322"," 44"," 61","160"
"IE-0126-M299WX-7.dw.png","101","104","115","102","140","140","139","113","138"," 70","179","136","208","149","200","139","222","122","201","112","222"," 95","222"," 71","228"," 55","245","143","265","121","297"," 99","318"," 93","319"," 79"," 45","144"
"IE-0126-M299WX-8.dw.png","102","106","118","104","140","139","139","112","138"," 69","178","132","208","145","200","134","219","116","201","108","220"," 89","216"," 66","221"," 49","244","135","261","113","297"," 88","315"," 83","317"," 68"," 47","149"
"IE-0126-M299WX-9.dw.png"," 98","103","112"," 99","138","133","135","105","131"," 64","182","122","214","129","202","122","219"," 99","200"," 95","216"," 75","212"," 53","213"," 35","245","117","260"," 93","294"," 65","312"," 58","312"," 43"," 49","156"
"IE-0127-M300WX-1.dw.png"," 92","114","104","109","136","141","129","114","124"," 72","174","132","205","139","195","130","212","108","193","103","207"," 79","200"," 57","205"," 38","239","123","252"," 99","284"," 67","303"," 58","302"," 43"," 41","166"
"IE-0127-M300WX-10.dw.png"," 87","156"," 99","150","135","178","125","153","111","115","173","161","201","165","191","158","205","135","186","133","196","109","188"," 89","187"," 71","234","145","241","122","267"," 88","282"," 75","279"," 61"," 48","213"
"IE-0127-M300WX-11.dw.png","100","107","115","103","146","137","136","110","134"," 70","184","129","213","138","203","130","223","107","206","102","220"," 81","217"," 59","219"," 40","248","125","264","100","296"," 71","315"," 64","314"," 48"," 49","158"
"IE-0127-M300WX-12.dw.png"," 99"," 91","112"," 89","134","125","132"," 98","134"," 60","172","122","201","134","193","124","212","106","194"," 98","214"," 80","213"," 59","218"," 43","235","126","252","106","285"," 83","305"," 76","305"," 63"," 44","133"
"IE-0127-M300WX-2.dw.png","111","103","123"," 99","154","135","148","107","144"," 68","191","129","219","141","210","130","230","111","212","104","231"," 84","229"," 63","233"," 45","253","131","270","108","306"," 81","324"," 75","327"," 61"," 55","150"
"IE-0127-M300WX-3.dw.png","101"," 98","113"," 96","136","131","134","104","133"," 65","174","126","203","137","192","127","212","108","200","102","214"," 82","211"," 61","217"," 43","237","127","254","106","287"," 82","305"," 76","307"," 61"," 48","142"
"IE-0127-M300WX-4.dw.png","100"," 83","113"," 82","130","121","134"," 96","140"," 56","170","124","195","142","189","129","210","115","196","104","216"," 90","218"," 66","226"," 50","233","138","252","121","292","103","309","100","314"," 86"," 40","114"
"IE-0127-M300WX-5.dw.png"," 97"," 93","111"," 91","136","128","132","101","135"," 60","178","125","203","137","194","127","215","108","197","100","214"," 82","213"," 61","217"," 43","238","129","257","107","291"," 84","309"," 80","309"," 64"," 43","136"
"IE-0127-M300WX-6.dw.png","127","108","140","102","170","131","161","106","154"," 69","207","121","236","128","225","120","240"," 98","223"," 94","238"," 73","232"," 52","233"," 35","270","113","282"," 89","313"," 59","329"," 52","328"," 36"," 81","159"
"IE-0127-M300WX-7.dw.png"," 99","113","111","111","138","145","134","119","134"," 79","179","139","208","150","199","141","216","120","200","114","217"," 94","214"," 73","218"," 55","244","138","259","117","292"," 91","312"," 83","313"," 68"," 45","161"
"IE-0127-M300WX-8.dw.png"," 97","106","110","104","136","137","134","111","130"," 72","175","131","203","142","194","132","213","112","197","106","214"," 86","210"," 64","213"," 47","241","130","256","107","288"," 82","306"," 76","306"," 61"," 46","152"
"IE-0127-M300WX-9.dw.png","100","100","112"," 99","136","132","133","106","132"," 67","175","127","204","137","195","128","213","107","199","101","216"," 81","212"," 60","215"," 44","241","125","257","103","290"," 77","307"," 71","308"," 57"," 48","148"
"IE-0128-M301WX-1.dw.png","108"," 96","121"," 95","143","130","143","104","143"," 65","180","128","209","141","202","131","219","113","204","105","224"," 87","224"," 65","230"," 50","245","133","263","113","299"," 91","317"," 85","318"," 71"," 49","136"
"IE-0128-M301WX-10.dw.png"," 91"," 82","103"," 81","122","121","125"," 96","131"," 56","163","125","188","142","182","131","202","117","187","106","208"," 90","210"," 69","216"," 54","222","141","241","125","280","107","298","104","302"," 90"," 29","110"
"IE-0128-M301WX-11.dw.png","118","103","132","101","153","137","155","111","159"," 67","198","132","230","144","222","134","237","114","224","108","241"," 87","239"," 64","245"," 48","265","135","281","114","318"," 87","336"," 80","338"," 65"," 61","145"
"IE-0128-M301WX-12.dw.png","111","123","126","118","153","148","151","124","142"," 84","190","139","223","147","212","138","226","116","211","112","227"," 90","223"," 69","223"," 52","257","131","270","109","301"," 78","317"," 68","315"," 54"," 62","171"
"IE-0128-M301WX-2.dw.png","110"," 95","122"," 94","139","132","142","105","148"," 66","180","134","208","150","201","138","222","121","208","112","229"," 96","230"," 75","236"," 59","246","144","266","125","304","105","326","101","329"," 88"," 46","129"
"IE-0128-M301WX-3.dw.png","118"," 81","133"," 82","149","121","154"," 95","162"," 54","186","123","218","142","211","131","230","114","218","106","239"," 90","240"," 68","249"," 53","254","140","274","121","315","103","335","101","339"," 88"," 54","112"
"IE-0128-M301WX-4.dw.png","117"," 80","132"," 80","152","119","154"," 93","158"," 52","192","120","222","138","213","124","231","108","221","101","240"," 83","240"," 59","248"," 43","257","132","276","114","317"," 91","334"," 89","338"," 75"," 57","114"
"IE-0128-M301WX-5.dw.png","111","107","123","104","153","135","147","110","141"," 70","193","127","221","135","210","126","229","104","211","100","226"," 78","222"," 57","224"," 41","255","121","269"," 98","302"," 69","321"," 61","321"," 47"," 64","156"
"IE-0128-M301WX-6.dw.png","104","109","117","107","143","141","142","116","140"," 75","180","137","211","149","202","139","218","120","205","114","224"," 95","222"," 73","227"," 57","246","140","265","119","298"," 94","320"," 88","322"," 75"," 49","151"
"IE-0128-M301WX-7.dw.png","110"," 89","122"," 87","145","125","144"," 99","149"," 59","184","125","212","140","204","129","226","113","208","103","229"," 87","230"," 65","237"," 49","247","135","266","115","305"," 94","324"," 91","327"," 77"," 51","125"
"IE-0128-M301WX-8.dw.png","114","110","130","107","155","143","149","115","151"," 74","192","138","224","149","215","140","236","119","217","111","235"," 91","233"," 70","237"," 53","260","139","277","116","311"," 88","328"," 83","329"," 69"," 59","159"
"IE-0128-M301WX-9.dw.png"," 92"," 99","107"," 96","135","131","131","105","130"," 62","175","125","208","135","197","125","211","106","200","100","214"," 78","209"," 55","213"," 38","241","124","256","103","292"," 73","308"," 66","309"," 51"," 39","146"
"IE-0129-M302WX-1.dw.png","103","116","117","112","149","143","141","119","136"," 78","185","133","217","141","205","132","223","110","206","106","220"," 84","214"," 61","218"," 45","247","127","261","102","295"," 72","312"," 65","311"," 50"," 57","167"
"IE-0129-M302WX-10.dw.png","110"," 87","122"," 85","149","120","145"," 95","146"," 54","185","117","214","129","204","118","223","100","210"," 94","226"," 74","223"," 52","229"," 37","245","120","262"," 98","299"," 75","317"," 70","317"," 57"," 49","126"
"IE-0129-M302WX-11.dw.png","109"," 90","121"," 89","145","122","144"," 98","144"," 58","185","116","215","128","206","118","225"," 99","208"," 94","222"," 76","220"," 55","226"," 41","246","119","264"," 98","300"," 75","320"," 70","320"," 59"," 53","130"
"IE-0129-M302WX-2.dw.png","111","124","123","120","154","151","148","126","144"," 84","193","140","223","147","213","138","226","118","213","114","225"," 91","219"," 71","225"," 55","256","132","267","110","300"," 79","317"," 72","315"," 58"," 64","174"
"IE-0129-M302WX-3.dw.png","118"," 81","132"," 80","153","116","152"," 90","158"," 50","194","114","221","127","212","117","232"," 99","217"," 92","237"," 73","238"," 51","243"," 36","256","120","274","100","312"," 79","330"," 76","332"," 62"," 59","119"
"IE-0129-M302WX-4.dw.png","116","105","129","101","153","136","151","109","151"," 68","197","127","229","135","220","126","235","105","218"," 99","234"," 79","231"," 57","237"," 41","261","123","276"," 99","313"," 71","332"," 64","332"," 50"," 64","154"
"IE-0129-M302WX-5.dw.png"," 98"," 88","112"," 88","129","127","134","102","143"," 62","174","130","202","146","195","134","215","119","200","109","219"," 94","222"," 72","232"," 58","234","143","258","124","295","104","316","102","318"," 89"," 36","120"
"IE-0129-M302WX-6.dw.png","123","101","136"," 99","162","131","159","106","156"," 67","202","124","233","133","223","123","242","103","226"," 98","240"," 77","237"," 55","242"," 40","265","121","283"," 98","318"," 70","335"," 65","334"," 51"," 66","146"
"IE-0129-M302WX-7.dw.png","112","104","125","104","140","146","145","119","157"," 79","182","149","209","167","204","155","223","140","210","130","230","114","235"," 93","244"," 81","239","166","264","148","307","132","327","131","332","119"," 47","132"
"IE-0129-M302WX-8.dw.png","118"," 76","131"," 77","144","117","146"," 92","160"," 57","180","124","203","142","198","130","219","117","209","109","228"," 93","231"," 72","241"," 60","236","142","258","127","297","113","317","112","322","100"," 54"," 98"
"IE-0129-M302WX-9.dw.png","124","111","135","107","167","134","159","112","151"," 73","202","124","233","131","222","122","236","101","221"," 97","233"," 77","226"," 56","229"," 41","260","117","276"," 91","304"," 62","321"," 54","320"," 41"," 78","161"
"IE-0130-M303WX-1.dw.png","116"," 87","130"," 86","150","123","151"," 95","154"," 53","194","118","225","131","216","120","238","101","217"," 93","234"," 73","234"," 51","240"," 36","258","121","275"," 99","315"," 74","329"," 71","331"," 58"," 60","132"
"IE-0130-M303WX-10.dw.png"," 99","110","111","107","140","138","132","113","129"," 72","175","128","208","137","197","128","215","105","199","100","212"," 79","209"," 59","212"," 45","241","123","256"," 98","289"," 70","306"," 65","305"," 51"," 50","163"
"IE-0130-M303WX-11.dw.png","125","155","138","149","166","177","159","152","149","110","205","159","241","160","230","154","242","128","224","127","233","102","225"," 80","226"," 66","271","138","281","113","310"," 76","322"," 67","320"," 54"," 84","216"
"IE-0130-M303WX-12.dw.png","110","126","124","123","149","157","145","131","142"," 89","188","149","220","159","209","148","226","127","210","121","227"," 99","223"," 77","227"," 63","251","146","268","121","303"," 91","321"," 84","320"," 72"," 57","174"
"IE-0130-M303WX-2.dw.png","113"," 99","126"," 96","155","130","148","103","144"," 61","191","122","220","132","210","122","228","100","212"," 94","227"," 71","223"," 50","226"," 33","251","117","268"," 93","302"," 64","319"," 56","315"," 41"," 60","149"
"IE-0130-M303WX-3.dw.png","110","100","125"," 99","146","134","146","108","148"," 65","190","131","220","143","211","132","231","114","216","106","230"," 85","230"," 63","235"," 47","253","133","271","113","310"," 86","326"," 82","328"," 68"," 54","145"
"IE-0130-M303WX-4.dw.png","115"," 99","128"," 98","149","136","147","109","152"," 69","184","135","212","152","204","139","226","123","212","115","230"," 97","231"," 75","239"," 61","245","146","266","126","306","106","324","103","327"," 89"," 55","136"
"IE-0130-M303WX-5.dw.png","105","109","119","106","149","138","143","112","138"," 68","186","127","218","135","209","126","228","103","210"," 98","222"," 76","216"," 55","220"," 40","252","119","267"," 95","300"," 66","317"," 59","315"," 45"," 54","159"
"IE-0130-M303WX-6.dw.png","117"," 94","129"," 91","158","126","151","100","152"," 60","192","120","223","132","213","121","235","103","214"," 94","232"," 75","231"," 53","237"," 40","256","122","272","100","310"," 74","326"," 70","326"," 56"," 60","139"
"IE-0130-M303WX-7.dw.png","123"," 90","137"," 90","152","128","156","102","164"," 63","193","128","223","144","214","131","238","116","223","107","241"," 90","243"," 69","252"," 55","256","138","276","119","318","100","335"," 98","338"," 86"," 63","127"
"IE-0130-M303WX-8.dw.png","116","110","128","110","148","147","149","122","153"," 81","186","147","216","163","207","151","229","134","213","125","234","108","235"," 87","243"," 74","249","157","270","137","311","118","328","116","332","104"," 56","149"
"IE-0130-M303WX-9.dw.png","108"," 91","120"," 90","149","123","142"," 97","142"," 58","188","117","216","127","207","118","228"," 97","207"," 91","224"," 71","221"," 50","224"," 37","249","116","268"," 92","301"," 67","318"," 63","318"," 47"," 54","138"
"IE-0131-M304WX-1.dw.png","109"," 69","122"," 71","138","116","141"," 88","156"," 49","176","124","201","146","196","133","221","123","206","109","231"," 98","237"," 76","246"," 62","237","149","260","135","303","125","322","127","329","115"," 41"," 90"
"IE-0131-M304WX-10.dw.png"," 84"," 84"," 98"," 82","120","118","123"," 95","123"," 53","162","118","189","131","181","120","201","104","186"," 96","204"," 78","204"," 57","209"," 42","221","125","241","106","278"," 86","295"," 83","298"," 69"," 29","122"
"IE-0131-M304WX-11.dw.png","137"," 99","153"," 95","177","131","178","104","175"," 62","222","123","253","133","244","123","261","103","243"," 97","260"," 76","257"," 54","261"," 38","285","121","302"," 99","335"," 73","356"," 65","357"," 51"," 85","145"
"IE-0131-M304WX-12.dw.png","126"," 91","139"," 90","158","129","164","104","168"," 60","201","129","230","145","223","134","243","117","230","108","248"," 90","248"," 66","254"," 52","267","140","284","121","325","101","343"," 98","347"," 84"," 64","127"
"IE-0131-M304WX-2.dw.png","101"," 80","118"," 83","129","124","138"," 98","150"," 58","175","131","200","151","196","138","218","125","205","115","228","100","232"," 79","240"," 63","235","151","259","135","301","121","320","121","328","109"," 35","107"
"IE-0131-M304WX-3.dw.png","108"," 84","122"," 85","138","126","143"," 99","152"," 57","182","130","209","148","202","136","226","122","209","111","233"," 96","237"," 74","244"," 57","245","145","268","129","309","111","327","110","333"," 97"," 42","115"
"IE-0131-M304WX-4.dw.png","112","121","125","117","154","148","154","122","144"," 78","197","135","231","141","219","133","234","111","217","107","232"," 84","226"," 63","226"," 45","261","126","275","101","305"," 71","323"," 61","323"," 47"," 68","176"
"IE-0131-M304WX-5.dw.png","103"," 95","118"," 93","144","130","144","104","141"," 60","186","125","216","138","206","127","225","108","210","102","228"," 81","226"," 59","230"," 42","249","129","267","108","303"," 82","322"," 77","324"," 63"," 48","139"
"IE-0131-M304WX-6.dw.png","112"," 89","127"," 90","143","132","148","106","158"," 63","183","135","216","152","209","141","229","124","215","115","236","100","239"," 79","248"," 63","252","150","273","133","313","115","332","112","336"," 99"," 52","124"
"IE-0131-M304WX-7.dw.png","107","111","121","107","157","138","149","114","140"," 70","199","128","229","135","219","126","232","105","217","100","230"," 77","225"," 56","227"," 39","261","122","277"," 98","309"," 67","323"," 61","321"," 45"," 56","163"
"IE-0131-M304WX-8.dw.png"," 94"," 89","109"," 88","131","126","132","100","136"," 58","173","126","202","141","195","130","214","113","200","105","217"," 86","217"," 64","223"," 48","235","134","255","116","297"," 92","312"," 89","316"," 76"," 38","128"
"IE-0131-M304WX-9.dw.png","107"," 84","121"," 84","137","126","142","100","153"," 58","180","132","208","150","202","139","225","125","209","113","231"," 98","233"," 76","240"," 62","245","150","268","132","307","116","325","115","332","102"," 45","115"
"IE-0132-M305WX-1.dw.png","106","111","120","107","146","137","142","112","138"," 71","192","125","221","131","211","122","224","101","212"," 97","222"," 75","215"," 53","219"," 38","251","116","264"," 92","297"," 60","313"," 53","313"," 40"," 56","163"
"IE-0132-M305WX-2.dw.png","108"," 79","122"," 79","139","120","141"," 90","153"," 49","184","119","211","135","203","123","227","107","211"," 97","229"," 78","229"," 54","235"," 38","245","129","265","109","308"," 86","324"," 83","326"," 67"," 46","117"
"IE-0132-M305WX-3.dw.png","109"," 92","124"," 91","141","127","144","102","150"," 62","182","127","211","143","204","131","227","116","209","107","228"," 89","229"," 67","237"," 53","246","136","265","117","304"," 97","322"," 94","324"," 80"," 49","128"
"IE-0132-M305WX-4.dw.png","102","114","116","110","144","142","139","115","136"," 73","183","133","216","139","206","131","223","108","206","104","218"," 82","211"," 59","214"," 42","249","124","262","101","296"," 67","311"," 61","309"," 47"," 57","166"
"IE-0132-M305WX-5.dw.png","109","123","122","119","147","151","145","125","142"," 83","191","139","223","147","214","137","228","116","212","113","224"," 90","220"," 69","224"," 54","254","132","267","110","303"," 77","316"," 70","316"," 58"," 61","174"
"IE-0132-M305WX-6.dw.png","126","105","140","101","168","134","161","108","159"," 66","208","123","240","130","231","120","249","100","230"," 95","243"," 73","239"," 50","241"," 35","271","115","286"," 92","320"," 61","338"," 53","336"," 39"," 72","156"
"IE-0132-M305WX-7.dw.png","121"," 81","136"," 83","146","124","152"," 96","167"," 58","188","130","215","148","209","136","234","122","220","112","241"," 96","244"," 75","254"," 61","250","147","274","130","314","114","331","114","336","101"," 57","109"
"IE-0132-M305WX-8.dw.png","107","106","119","102","145","134","141","107","139"," 64","189","121","220","128","210","120","227"," 98","210"," 94","222"," 72","216"," 50","219"," 35","250","114","268"," 89","297"," 59","313"," 52","311"," 39"," 60","159"
"IE-0133-M306WX-1.dw.png","103"," 86","115"," 84","142","119","136"," 93","138"," 51","181","112","212","122","203","112","220"," 93","204"," 87","219"," 65","215"," 45","221"," 29","242","111","260"," 88","293"," 62","314"," 56","316"," 43"," 49","134"
"IE-0133-M306WX-10.dw.png","108","101","123","100","149","139","144","113","149"," 71","183","135","210","151","202","140","226","122","207","112","228"," 95","228"," 72","237"," 59","245","143","265","122","305","102","325","102","328"," 87"," 52","138"
"IE-0133-M306WX-11.dw.png","105"," 95","116"," 94","142","128","139","102","139"," 60","182","122","209","133","201","122","221","102","203"," 96","220"," 76","220"," 55","226"," 41","242","122","261"," 99","296"," 75","314"," 71","313"," 57"," 48","139"
"IE-0133-M306WX-12.dw.png"," 90"," 97","101"," 94","133","127","127","102","122"," 61","171","118","200","128","191","118","211"," 94","191"," 89","207"," 68","202"," 46","207"," 33","234","112","250"," 88","283"," 58","299"," 53","299"," 40"," 41","149"
"IE-0133-M306WX-2.dw.png","114","107","128","104","159","133","151","109","146"," 67","198","124","225","131","216","122","233","102","214"," 97","228"," 75","223"," 55","228"," 40","256","116","270"," 94","302"," 64","317"," 58","315"," 44"," 68","157"
"IE-0133-M306WX-3.dw.png","117"," 98","130"," 98","153","138","149","108","153"," 66","192","137","219","152","211","141","237","123","217","113","235"," 93","234"," 71","242"," 57","253","145","272","124","313","101","326"," 98","328"," 83"," 58","138"
"IE-0133-M306WX-4.dw.png"," 98"," 97","111"," 94","137","128","133","102","130"," 61","177","118","205","126","197","116","213"," 97","198"," 91","211"," 70","206"," 49","211"," 35","237","113","252"," 89","284"," 60","301"," 53","300"," 40"," 49","146"
"IE-0133-M306WX-5.dw.png","107","107","119","104","148","137","140","111","139"," 71","188","129","214","139","205","130","226","109","206","103","222"," 82","221"," 60","227"," 46","248","127","266","102","300"," 75","312"," 72","313"," 58"," 56","156"
"IE-0133-M306WX-6.dw.png","122","108","136","106","159","141","155","114","158"," 72","203","134","231","144","222","135","243","114","225","108","240"," 88","239"," 66","245"," 49","263","135","283","108","317"," 82","335"," 79","337"," 64"," 73","157"
"IE-0133-M306WX-8.dw.png","111"," 93","124"," 91","153","124","144"," 97","143"," 55","194","115","220","124","212","116","234"," 91","213"," 87","228"," 66","225"," 44","229"," 29","255","111","274"," 85","308"," 58","325"," 53","326"," 37"," 58","145"
"IE-0133-M306WX-9.dw.png"," 91"," 86","103"," 85","127","119","124"," 93","124"," 53","168","112","196","125","185","114","207"," 93","190"," 85","206"," 67","203"," 47","209"," 34","228","113","244"," 92","280"," 65","298"," 60","300"," 48"," 35","129"
"IE-0134-M307WX-1.dw.png"," 98","115","110","110","139","142","137","116","133"," 72","183","130","215","138","204","128","222","107","207","102","218"," 79","211"," 57","215"," 41","245","123","260"," 98","295"," 65","311"," 60","307"," 46"," 51","168"
"IE-0134-M307WX-10.dw.png","106"," 86","120"," 85","141","118","141"," 92","143"," 50","186","112","212","124","204","113","224"," 93","209"," 87","224"," 68","225"," 46","232"," 32","246","114","264"," 90","304"," 64","320"," 62","321"," 48"," 51","131"
"IE-0134-M307WX-11.dw.png","113","100","126"," 97","156","129","155","106","152"," 62","198","122","226","131","217","121","238","100","219"," 94","236"," 74","233"," 50","239"," 38","260","118","275"," 97","313"," 68","330"," 62","331"," 50"," 61","147"
"IE-0134-M307WX-12.dw.png","103","108","116","105","141","139","140","112","143"," 70","185","130","215","141","206","130","227","110","211","104","226"," 84","222"," 61","227"," 49","249","129","266","106","304"," 78","319"," 74","320"," 62"," 49","155"
"IE-0134-M307WX-2.dw.png","113","103","128","101","153","136","151","110","152"," 67","196","130","224","140","216","129","234","109","216","103","231"," 82","228"," 61","235"," 45","257","127","273","105","310"," 77","327"," 72","327"," 57"," 58","152"
"IE-0134-M307WX-3.dw.png"," 92","119","106","115","134","148","130","121","129"," 77","176","136","208","143","196","134","216","112","199","107","211"," 85","206"," 62","208"," 46","237","129","252","104","286"," 72","302"," 65","300"," 50"," 42","172"
"IE-0134-M307WX-4.dw.png","116","100","131","101","141","141","149","114","158"," 74","185","147","207","163","201","151","228","138","214","127","233","111","239"," 90","249"," 76","242","162","265","145","310","128","327","131","331","115"," 54","132"
"IE-0134-M307WX-5.dw.png","124","102","137"," 99","166","131","162","107","159"," 64","208","122","236","130","227","120","243"," 99","226"," 95","242"," 74","238"," 53","244"," 38","267","117","283"," 92","318"," 64","336"," 59","335"," 47"," 74","152"
"IE-0134-M307WX-6.dw.png","114","101","130"," 98","148","134","151","107","152"," 64","193","126","224","136","213","127","237","106","218"," 99","234"," 79","232"," 58","238"," 44","255","125","272","103","311"," 74","329"," 69","329"," 56"," 61","150"
"IE-0134-M307WX-7.dw.png","104"," 89","118"," 92","128","131","135","107","149"," 67","170","138","195","157","190","144","213","131","201","121","222","106","227"," 86","239"," 75","227","156","253","138","295","125","314","126","320","116"," 42","118"
"IE-0134-M307WX-8.dw.png","108"," 97","121"," 96","141","134","144","109","150"," 66","182","135","209","150","201","138","226","122","208","112","229"," 95","231"," 72","241"," 59","244","143","265","124","307","104","324","101","327"," 88"," 49","133"
"IE-0134-M307WX-9.dw.png","121"," 89","133"," 87","162","121","161"," 98","160"," 55","200","116","228","130","219","118","241","102","224"," 94","240"," 75","240"," 54","249"," 41","260","121","280","100","319"," 76","335"," 73","336"," 60"," 65","131"
"IE-0135-M308WX-1.dw.png","115"," 92","127"," 89","156","122","151"," 97","148"," 54","198","115","225","125","217","115","235"," 94","218"," 89","235"," 67","232"," 45","237"," 31","259","111","275"," 90","312"," 63","333"," 57","333"," 43"," 57","138"
"IE-0135-M308WX-10.dw.png","108"," 87","121"," 85","143","122","143"," 96","147"," 52","187","119","215","133","207","122","225","103","210"," 94","228"," 75","228"," 54","236"," 40","249","125","269","103","305"," 80","324"," 76","327"," 62"," 49","127"
"IE-0135-M308WX-11.dw.png"," 96","118","109","113","141","145","133","119","127"," 77","182","132","211","139","201","130","216","107","201","104","212"," 80","207"," 59","210"," 44","243","122","258"," 98","289"," 68","307"," 60","307"," 47"," 45","171"
"IE-0135-M308WX-12.dw.png","113","101","128"," 97","152","130","153","106","147"," 63","192","121","225","132","214","121","231","100","218"," 95","232"," 74","229"," 52","233"," 37","258","118","274"," 95","310"," 67","329"," 61","328"," 47"," 58","147"
"IE-0135-M308WX-2.dw.png"," 98","117","113","114","138","148","137","122","132"," 78","179","138","213","146","202","137","220","116","203","111","217"," 88","214"," 66","218"," 51","245","132","260","108","294"," 79","314"," 71","313"," 58"," 47","168"
"IE-0135-M308WX-3.dw.png","123"," 99","136","100","151","139","156","114","165"," 71","194","143","221","161","215","148","238","133","224","124","244","106","246"," 83","255"," 69","255","157","277","140","319","122","339","122","343","108"," 56","129"
"IE-0135-M308WX-4.dw.png","117"," 97","132"," 94","160","126","155","101","152"," 59","198","118","230","127","220","117","238"," 97","221"," 92","235"," 70","231"," 48","236"," 32","262","115","277"," 91","311"," 62","331"," 56","331"," 41"," 65","147"
"IE-0135-M308WX-5.dw.png","106"," 96","120"," 95","143","131","144","105","144"," 62","184","125","213","138","205","127","224","108","209","101","225"," 82","224"," 59","231"," 45","246","129","265","107","301"," 82","319"," 78","322"," 64"," 49","138"
"IE-0135-M308WX-6.dw.png"," 99","110","114","107","140","139","135","113","131"," 71","180","128","212","136","202","127","217","105","203","101","215"," 78","210"," 57","214"," 43","243","122","259"," 98","290"," 69","309"," 62","310"," 50"," 48","161"
"IE-0135-M308WX-7.dw.png","109","121","122","117","151","148","146","123","138"," 81","191","136","222","143","214","133","229","112","211","108","222"," 84","217"," 64","220"," 48","256","126","268","102","297"," 72","314"," 65","313"," 50"," 62","176"
"IE-0135-M308WX-8.dw.png","104","125","120","120","147","151","143","127","136"," 84","186","139","218","146","207","137","224","115","210","110","221"," 88","214"," 66","218"," 51","249","129","262","105","294"," 74","311"," 66","309"," 53"," 56","178"
"IE-0135-M308WX-9.dw.png","112"," 81","127"," 82","146","123","146"," 96","156"," 56","186","126","209","144","203","132","226","118","211","106","233"," 91","237"," 70","246"," 59","244","142","266","125","308","108","329","110","333"," 94"," 48","113"
"IE-0136-M312D-1.dw.png","110","109","123","108","139","149","142","120","152"," 80","181","150","210","166","203","155","226","138","211","128","229","111","228"," 88","235"," 73","245","162","266","141","302","122","319","117","322","103"," 45","145"
"IE-0136-M312D-10.dw.png","107","124","118","121","148","156","145","129","142"," 87","189","149","218","158","209","149","225","128","210","123","224","102","222"," 81","226"," 63","252","147","267","125","301"," 98","318"," 91","320"," 76"," 55","173"
"IE-0136-M312D-11.dw.png"," 86","126"," 96","123","124","156","119","129","114"," 87","162","148","193","157","184","147","199","127","185","122","199"," 99","194"," 77","198"," 59","227","144","241","122","274"," 93","290"," 86","290"," 70"," 35","177"
"IE-0136-M312D-2.dw.png","118","103","132","103","150","142","151","115","160"," 75","187","145","214","161","207","150","229","134","214","125","235","109","237"," 88","245"," 72","246","159","266","141","305","123","321","121","326","107"," 58","135"
"IE-0136-M312D-3.dw.png","111","100","124"," 99","140","140","144","114","151"," 73","179","145","208","161","201","149","221","133","207","124","229","107","233"," 86","240"," 70","241","158","262","142","302","120","319","118","324","104"," 48","133"
"IE-0136-M312D-4.dw.png","104"," 81","116"," 83","125","125","134","100","150"," 61","164","135","188","156","184","144","207","132","195","120","218","107","224"," 86","235"," 72","226","159","247","146","289","134","306","135","313","123"," 36","103"
"IE-0136-M312D-5.dw.png","110"," 95","122"," 94","134","133","139","106","149"," 68","173","136","203","153","195","142","217","126","206","116","225","100","227"," 78","234"," 62","238","150","259","132","299","113","315","110","318"," 96"," 45","125"
"IE-0136-M312D-6.dw.png","114","101","127"," 99","146","139","149","113","153"," 74","185","141","212","155","207","146","225","130","210","120","231","103","233"," 82","240"," 67","246","152","266","135","303","113","318","110","322"," 97"," 56","134"
"IE-0136-M312D-7.dw.png","127","102","139","100","160","137","161","110","162"," 69","201","135","230","148","222","138","239","119","228","112","244"," 93","244"," 71","248"," 54","264","142","281","122","319"," 98","336"," 94","338"," 79"," 70","141"
"IE-0136-M312D-8.dw.png","120","112","134","108","162","143","156","116","153"," 75","200","136","229","144","220","136","238","114","222","109","236"," 88","233"," 66","236"," 49","262","134","277","110","311"," 83","327"," 76","326"," 62"," 68","164"
"IE-0137-M313C-1.dw.png","126"," 99","137"," 96","162","136","161","107","161"," 63","206","131","236","144","227","133","242","114","228","106","248"," 86","248"," 63","254"," 47","270","136","288","114","326"," 88","343"," 82","346"," 67"," 71","143"
"IE-0137-M313C-10.dw.png","120"," 87","134"," 87","146","127","152","100","163"," 61","190","132","217","150","210","139","232","123","217","111","240"," 97","243"," 75","253"," 60","251","148","275","131","315","112","334","111","339"," 96"," 57","119"
"IE-0137-M313C-11.dw.png","100"," 88","112"," 87","131","129","135","102","141"," 60","172","132","198","149","192","138","216","122","196","110","220"," 96","223"," 72","232"," 58","233","147","257","129","294","109","312","108","316"," 93"," 37","121"
"IE-0137-M313C-12.dw.png","101"," 89","114"," 88","133","125","134"," 98","142"," 57","174","125","204","139","196","129","215","110","200","102","220"," 84","220"," 62","227"," 45","237","133","257","113","295"," 90","314"," 86","317"," 71"," 44","128"
"IE-0137-M313C-2.dw.png","121"," 97","135"," 97","151","139","156","111","163"," 68","194","144","217","161","211","149","235","135","218","123","241","108","245"," 86","253"," 70","254","160","277","143","319","127","336","127","338","110"," 57","127"
"IE-0137-M313C-3.dw.png","111"," 84","123"," 84","137","127","140"," 98","155"," 59","177","135","202","155","196","143","218","130","203","116","230","102","234"," 81","245"," 67","235","156","259","142","301","126","319","127","325","112"," 46","109"
"IE-0137-M313C-4.dw.png","108","107","120","104","148","139","143","111","143"," 69","189","132","220","141","210","132","226","112","209","104","229"," 83","225"," 61","229"," 43","252","130","268","107","303"," 79","322"," 71","323"," 57"," 57","155"
"IE-0137-M313C-5.dw.png","111"," 93","125"," 91","141","131","148","105","151"," 62","183","131","212","147","205","136","226","118","209","107","230"," 92","232"," 69","240"," 53","248","143","271","123","310","100","329"," 96","330"," 83"," 48","127"
"IE-0137-M313C-6.dw.png","108"," 99","121"," 96","143","134","145","105","145"," 64","189","129","216","140","209","130","228","109","208","101","229"," 81","226"," 59","232"," 42","252","130","272","106","304"," 79","322"," 73","323"," 59"," 54","146"
"IE-0137-M313C-7.dw.png"," 95"," 94","108"," 92","130","129","131","101","132"," 59","177","124","204","135","195","125","214","104","195"," 96","216"," 76","214"," 54","218"," 37","240","124","259","100","291"," 74","309"," 68","309"," 53"," 40","141"
"IE-0137-M313C-8.dw.png","107","100","120"," 99","141","138","142","110","145"," 67","184","137","213","150","205","140","228","122","208","112","228"," 94","228"," 72","235"," 55","247","145","269","123","305","100","322"," 96","323"," 80"," 47","141"
"IE-0137-M313C-9.dw.png","107"," 94","119"," 92","138","133","141","105","146"," 62","179","133","209","149","202","138","224","121","204","109","226"," 94","229"," 71","237"," 55","243","145","265","124","304","104","323","101","325"," 86"," 46","131"
"IE-0138-M314C-10.dw.png","109","112","123","109","145","145","145","117","144"," 75","192","138","219","147","210","139","230","118","212","112","229"," 93","227"," 71","229"," 52","253","137","271","114","305"," 87","320"," 83","319"," 66"," 54","160"
"IE-0138-M314C-12.dw.png","105","115","119","111","145","147","143","121","141"," 77","190","141","215","151","206","143","226","121","209","114","224"," 92","220"," 70","225"," 53","248","140","264","118","300"," 92","317"," 85","317"," 69"," 53","162"
"IE-0138-M314C-13.dw.png","103","112","116","109","146","145","142","118","140"," 76","187","138","214","148","206","139","226","118","210","113","223"," 91","220"," 69","223"," 51","248","138","265","115","298"," 88","316"," 82","317"," 67"," 52","159"
"IE-0138-M314C-18.dw.png","114"," 98","129"," 98","143","136","149","109","155"," 67","186","136","211","150","205","140","231","122","216","113","231"," 94","232"," 73","241"," 57","245","145","267","124","305","101","325"," 97","330"," 83"," 53","137"
"IE-0138-M314C-20.dw.png","110","106","124","104","145","142","144","115","147"," 73","188","139","213","151","205","142","224","122","211","115","227"," 95","225"," 73","231"," 57","246","143","265","122","301","100","318"," 94","323"," 79"," 53","149"
"IE-0138-M314C-22.dw.png","123"," 79","136"," 83","138","125","151","102","170"," 65","178","141","197","165","195","152","221","144","209","129","233","120","243","101","255"," 86","229","171","256","161","299","155","315","158","325","146"," 54"," 93"
"IE-0138-M314C-30.dw.png","111","101","124"," 99","143","138","147","112","148"," 69","187","138","212","151","207","142","229","124","215","116","231"," 98","232"," 76","237"," 60","246","147","268","127","306","106","322","102","325"," 88"," 54","137"
"IE-0138-M314C-31.dw.png","117"," 90","129"," 90","146","130","150","103","158"," 63","187","134","211","150","207","140","229","124","212","113","232"," 98","235"," 75","246"," 59","244","148","267","130","308","111","326","108","332"," 96"," 55","123"
"IE-0138-M314C-34.dw.png","121"," 84","134"," 86","146","130","153","101","167"," 63","187","138","207","158","204","147","229","135","216","122","237","109","242"," 87","255"," 74","241","161","266","146","308","134","328","135","335","123"," 56","109"
"IE-0138-M314C-42.dw.png","113"," 91","125"," 90","143","128","144","102","151"," 61","182","129","209","144","202","133","225","117","210","107","227"," 91","228"," 69","238"," 54","240","139","260","121","298","100","319"," 97","323"," 85"," 54","126"
"IE-0138-M314C-45.dw.png","117"," 88","132"," 89","145","128","150","102","159"," 61","186","130","211","146","205","136","229","121","215","111","235"," 94","237"," 73","246"," 57","246","143","266","126","306","107","327","105","332"," 92"," 55","121"
"IE-0139-M315-1.dw.png","117","101","131"," 99","149","137","153","112","154"," 70","192","137","221","151","212","141","233","123","218","115","236"," 96","236"," 74","243"," 59","254","146","272","127","312","104","330"," 99","331"," 86"," 59","138"
"IE-0139-M315-10.dw.png","108","113","120","111","144","149","146","123","146"," 80","188","146","217","159","208","148","226","129","212","122","232","103","229"," 79","236"," 64","249","152","269","130","309","105","326"," 99","328"," 84"," 53","157"
"IE-0139-M315-2.dw.png"," 96","123","110","118","135","154","134","127","133"," 84","182","144","211","152","201","144","218","122","200","117","215"," 94","210"," 71","214"," 52","246","139","259","116","293"," 84","309"," 76","308"," 61"," 49","173"
"IE-0139-M315-3.dw.png","136","109","149","105","171","144","173","117","175"," 73","220","141","246","152","239","143","257","124","239","116","258"," 95","258"," 73","263"," 56","282","144","299","123","337"," 97","355"," 92","359"," 78"," 81","152"
"IE-0139-M315-4.dw.png","111"," 91","124"," 90","136","133","144","107","152"," 65","178","135","206","154","199","143","220","126","207","117","227"," 99","229"," 76","238"," 62","238","151","261","133","301","114","320","112","323"," 98"," 48","124"
"IE-0139-M315-5.dw.png","121","128","133","124","158","158","158","132","154"," 92","202","150","230","157","222","150","236","128","222","123","236","101","231"," 81","235"," 65","264","145","278","123","309"," 94","325"," 87","325"," 73"," 72","176"
"IE-0139-M315-6.dw.png","120","124","133","120","156","158","156","130","157"," 88","203","152","231","162","223","152","241","133","225","126","242","105","241"," 84","244"," 67","267","152","284","131","319","104","338"," 98","339"," 83"," 67","170"
"IE-0139-M315-7.dw.png","110"," 92","122"," 91","140","131","146","106","153"," 65","181","134","208","151","201","139","222","122","210","114","229"," 96","233"," 75","240"," 59","243","148","265","129","305","110","323","107","326"," 94"," 50","129"
"IE-0139-M315-8.dw.png"," 95","107","107","106","127","146","131","118","135"," 74","172","144","201","158","193","147","210","128","198","120","214"," 99","215"," 76","222"," 59","237","151","255","129","294","104","312"," 99","313"," 84"," 38","148"
"IE-0139-M315-9.dw.png","107","148","118","143","147","176","144","149","139","105","190","163","222","167","212","160","222","137","210","133","220","109","214"," 88","216"," 70","254","152","267","126","297"," 94","313"," 85","311"," 71"," 62","203"
"IE-0140-M316-11.dw.png","117"," 91","132"," 91","145","132","151","106","161"," 64","189","137","216","154","210","143","234","128","219","116","239","102","242"," 79","252"," 66","252","152","274","134","312","117","332","115","336","103"," 54","121"
"IE-0140-M316-12.dw.png","122","109","136","108","152","148","157","121","165"," 78","195","149","223","164","217","153","239","136","225","127","244","111","244"," 88","254"," 72","262","160","281","139","317","120","338","116","342","103"," 58","146"
"IE-0140-M316-13.dw.png","120","124","133","121","155","155","155","128","155"," 88","199","147","227","158","217","148","235","128","221","121","236","102","230"," 81","236"," 64","258","147","275","124","308"," 97","330"," 90","331"," 76"," 64","172"
"IE-0140-M316-24.dw.png","121","106","135","106","147","149","156","123","167"," 81","190","155","216","173","210","161","231","146","221","137","241","122","244"," 99","256"," 84","250","173","274","155","315","140","336","139","341","128"," 54","137"
"IE-0140-M316-27.dw.png","117","116","130","114","155","153","153","126","157"," 83","197","150","225","162","217","152","233","132","220","126","240","107","237"," 86","245"," 68","258","155","278","133","312","111","334","105","337"," 91"," 60","160"
"IE-0140-M316-28.dw.png","119","106","133","107","145","151","150","124","165"," 83","185","159","211","180","207","167","228","153","217","142","240","128","243","107","255"," 92","245","180","269","163","309","151","333","152","339","140"," 55","135"
"IE-0140-M316-47.dw.png","123","116","136","114","153","153","158","127","163"," 86","196","152","226","169","219","157","239","141","225","132","244","114","246"," 92","253"," 77","262","163","282","144","322","123","345","119","349","106"," 61","153"
"IE-0140-M316-49.dw.png","116","121","130","117","151","152","151","125","152"," 84","196","143","228","152","220","143","237","123","220","117","236"," 97","233"," 76","237"," 60","260","141","275","121","313"," 93","330"," 87","332"," 73"," 65","169"
"IE-0140-M316-51.dw.png","121","122","134","119","159","155","157","128","158"," 87","202","148","232","159","224","149","241","128","224","122","241","102","240"," 82","245"," 64","265","148","283","125","319","100","339"," 93","339"," 79"," 67","169"
"IE-0140-M316-72.dw.png","126","105","138","106","147","147","157","122","170"," 84","189","155","215","176","211","165","233","152","222","140","244","128","248","107","260"," 94","248","178","274","164","317","151","335","152","340","140"," 61","130"
"IE-0141-M317-1.dw.png","101"," 95","117"," 92","136","130","140","104","141"," 61","177","128","210","143","202","132","219","114","206","106","222"," 87","222"," 65","229"," 46","242","137","263","117","301"," 93","322"," 87","324"," 71"," 44","133"
"IE-0141-M317-10.dw.png","110","100","123"," 99","148","135","146","109","148"," 68","183","133","215","147","207","136","227","120","213","112","228"," 93","228"," 72","235"," 55","247","142","266","121","307"," 99","326"," 95","328"," 79"," 53","139"
"IE-0141-M317-11.dw.png","101","101","115"," 97","137","135","137","106","135"," 63","179","129","211","140","203","130","218","109","205","103","220"," 82","218"," 60","224"," 40","241","131","261","106","299"," 80","316"," 74","316"," 57"," 47","148"
"IE-0141-M317-12.dw.png","102"," 93","116"," 91","135","130","140","101","143"," 59","178","126","207","140","198","129","215","110","207","105","223"," 82","220"," 59","227"," 42","241","132","259","111","298"," 85","315"," 80","317"," 64"," 46","138"
"IE-0141-M317-2.dw.png","112","101","127"," 98","145","136","150","109","150"," 67","186","135","217","149","211","139","232","121","215","112","232"," 94","232"," 71","241"," 52","251","144","271","123","309","100","328"," 96","331"," 79"," 54","141"
"IE-0141-M317-3.dw.png","107"," 97","121"," 95","146","133","146","106","145"," 62","182","130","216","143","208","133","224","114","213","107","226"," 88","224"," 65","231"," 47","246","137","266","116","303"," 91","320"," 86","321"," 70"," 53","140"
"IE-0141-M317-4.dw.png","112"," 99","127"," 98","144","138","149","111","154"," 69","188","140","214","155","207","144","225","127","214","119","233"," 99","235"," 78","242"," 60","246","151","266","131","309","110","328","108","332"," 91"," 51","137"
"IE-0141-M317-5.dw.png","102"," 91","116"," 90","142","128","140"," 99","142"," 57","181","124","212","137","205","127","222","109","209","101","224"," 82","222"," 61","229"," 43","244","131","263","109","300"," 86","319"," 81","320"," 64"," 47","135"
"IE-0141-M317-6.dw.png","108"," 92","122"," 91","145","129","146","102","146"," 62","182","127","212","142","206","131","224","115","210","106","225"," 90","225"," 68","233"," 51","243","138","263","117","302"," 97","321"," 93","324"," 79"," 51","131"
"IE-0141-M317-7.dw.png"," 99"," 97","113"," 95","135","134","137","107","137"," 64","178","133","206","145","197","135","214","117","203","110","219"," 91","218"," 69","225"," 50","237","139","256","120","297"," 95","314"," 93","317"," 75"," 44","140"
"IE-0141-M317-8.dw.png","103"," 94","118"," 93","137","131","140","104","142"," 63","179","130","206","144","197","134","215","114","206","109","221"," 89","222"," 67","227"," 48","240","138","256","117","298"," 94","315"," 90","318"," 73"," 47","138"
"IE-0141-M317-9.dw.png","105"," 96","121"," 94","139","135","142","107","148"," 64","178","135","211","150","204","139","223","122","211","114","228"," 96","228"," 75","237"," 57","241","147","263","127","305","107","323","104","326"," 88"," 45","131"
"IE-0142-M319CE-1.dw.png","114"," 96","130"," 96","141","137","147","108","158"," 68","186","140","213","158","205","145","227","128","214","119","234","101","237"," 80","245"," 63","250","154","270","135","314","114","333","112","338"," 96"," 46","126"
"IE-0142-M319CE-21.dw.png","125","117","139","115","159","154","160","127","165"," 85","200","153","229","168","219","156","239","138","224","129","245","110","244"," 88","252"," 71","262","161","279","141","320","115","337","112","339"," 97"," 67","156"
"IE-0142-M319CE-30.dw.png","114"," 84","129"," 87","139","132","147","104","161"," 64","179","142","202","164","198","151","221","139","207","124","231","114","239"," 93","251"," 76","238","167","263","153","308","145","325","145","332","131"," 47","106"
"IE-0142-M319CE-30x.dw.png","102"," 96","118"," 93","141","128","135","100","139"," 58","183","122","209","133","201","123","219","101","203"," 95","219"," 75","216"," 54","221"," 33","246","121","261"," 99","301"," 69","316"," 64","317"," 47"," 49","143"
"IE-0142-M319CE-39.dw.png","141","125","155","121","181","156","181","129","177"," 88","222","149","252","159","244","149","259","130","243","123","260","102","258"," 81","261"," 63","286","148","302","127","341"," 98","356"," 93","356"," 78"," 91","170"
"IE-0142-M319CE-49.dw.png","133","114","147","114","160","153","169","128","177"," 85","202","155","233","173","225","161","246","143","233","135","253","119","255"," 96","264"," 80","270","168","289","150","330","130","349","127","354","114"," 70","147"
"IE-0142-M319CE-54.dw.png","137","179","150","174","177","204","172","178","165","137","217","192","249","196","238","189","252","166","236","163","247","140","240","119","243","101","280","181","294","156","327","123","342","115","341","102"," 93","233"
"IE-0142-M319CE-68.dw.png","138","120","153","118","176","155","174","128","178"," 85","215","152","246","165","237","154","256","136","240","128","259","109","258"," 87","264"," 70","281","157","300","136","339","112","357","107","359"," 92"," 81","162"
"IE-0142-M319CE-77.dw.png","100","106","112","102","145","136","137","108","131"," 65","185","125","214","133","205","124","218","102","202"," 97","216"," 74","210"," 51","213"," 33","248","119","262"," 94","295"," 61","311"," 54","309"," 37"," 51","159"
"IE-0142-M319CE-90.dw.png","133","120","147","117","172","154","168","127","172"," 85","211","151","243","163","232","153","251","133","235","125","253","106","251"," 84","257"," 67","277","154","293","133","335","106","350","100","352"," 84"," 76","163"
"IE-0143-M320-13.dw.png","115","112","128","109","153","147","148","120","154"," 80","192","142","219","155","211","144","231","127","215","119","232","101","230"," 81","234"," 62","252","147","272","127","308","104","325"," 99","326"," 85"," 59","153"
"IE-0143-M320-14.dw.png","106","116","120","112","144","149","143","121","144"," 80","188","143","216","154","207","144","227","125","209","118","225"," 97","223"," 76","230"," 58","249","145","266","123","305"," 96","323"," 90","323"," 76"," 53","161"
"IE-0143-M320-18.dw.png","100","150","114","145","145","177","137","150","129","111","185","164","214","170","205","161","219","140","201","136","215","113","209"," 92","209"," 74","246","154","258","132","288","100","303"," 90","302"," 74"," 52","204"
"IE-0143-M320-32.dw.png","110","114","124","111","148","150","147","123","149"," 81","190","148","217","161","210","151","229","132","212","124","229","104","228"," 83","233"," 65","251","152","269","132","305","109","324","104","325"," 88"," 54","156"
"IE-0143-M320-33.dw.png","126","114","139","112","162","151","161","124","166"," 83","203","149","230","162","223","152","242","135","226","126","246","109","247"," 87","252"," 69","265","156","284","137","320","115","341","110","341"," 95"," 68","153"
"IE-0143-M320-35.dw.png","114","111","129","109","151","147","150","120","153"," 80","192","143","220","155","213","145","233","128","217","120","232","102","232"," 81","237"," 64","255","148","274","127","307","105","326","100","327"," 86"," 59","152"
"IE-0143-M320-49.dw.png","111","110","125","110","150","147","148","121","150"," 79","190","144","218","157","211","147","230","128","214","121","231","102","230"," 82","234"," 64","250","150","269","130","306","107","325","101","325"," 86"," 54","151"
"IE-0143-M320-5.dw.png","109","118","122","115","150","153","146","124","148"," 81","191","148","220","159","211","148","232","129","214","121","231"," 99","230"," 77","234"," 59","252","150","271","129","312","101","330"," 95","330"," 79"," 53","164"
"IE-0143-M320-56.dw.png","130","117","143","115","166","153","164","127","169"," 85","206","152","233","164","226","155","245","138","230","129","249","112","250"," 89","255"," 72","268","160","287","141","324","118","344","112","344"," 98"," 71","155"
"IE-0143-M320-58.dw.png","120","114","134","112","157","149","156","122","158"," 82","197","146","225","158","218","149","238","131","222","123","237","104","237"," 84","242"," 67","259","151","279","129","313","108","331","103","332"," 89"," 64","155"
"IE-0143-M320-83.dw.png","120","114","133","112","158","150","156","124","158"," 82","199","148","227","160","219","150","239","132","223","124","240","105","239"," 83","243"," 67","260","153","278","133","315","110","333","105","333"," 90"," 62","154"
"IE-0143-M320-86.dw.png","128","115","143","114","164","155","167","129","171"," 85","208","155","235","169","227","159","250","142","234","133","253","115","253"," 93","259"," 76","269","165","290","146","331","124","352","120","354","104"," 67","152"
"IE-0144-M321-10.dw.png","117","105","130","104","151","145","152","119","160"," 77","190","149","217","164","210","154","229","137","217","128","238","111","238"," 89","246"," 73","252","163","272","145","314","125","330","124","334","109"," 55","138"
"IE-0144-M321-101.dw.png","135","121","149","118","175","153","172","126","171"," 86","215","149","243","160","235","150","252","130","237","123","253","103","249"," 82","253"," 63","278","151","294","130","331","102","345"," 97","345"," 82"," 81","165"
"IE-0144-M321-12.dw.png","120","118","133","114","158","150","157","124","156"," 81","200","144","232","153","221","143","236","123","222","117","238"," 96","234"," 74","239"," 57","265","142","281","119","315"," 91","331"," 85","331"," 70"," 66","167"
"IE-0144-M321-31.dw.png","123","112","136","111","157","151","157","124","164"," 79","198","152","224","167","217","156","236","138","223","130","241","112","243"," 89","249"," 73","257","164","277","143","319","123","334","120","339","106"," 62","149"
"IE-0144-M321-38.dw.png","119","116","135","113","160","149","158","123","157"," 81","200","145","230","157","221","147","242","128","222","120","240","101","237"," 79","241"," 62","263","149","281","127","316","102","334"," 97","335"," 82"," 66","159"
"IE-0144-M321-42.dw.png","118","165","132","159","165","192","155","164","148","120","207","179","235","184","225","178","239","152","220","149","233","124","228","102","227"," 84","270","168","283","140","312","106","325","100","321"," 83"," 75","223"
"IE-0144-M321-65.dw.png","121","109","136","109","153","149","155","121","165"," 79","194","151","223","167","215","156","235","138","222","129","242","111","244"," 88","250"," 72","258","164","277","144","321","122","336","120","340","104"," 59","145"
"IE-0144-M321-71.dw.png","134","121","149","118","174","156","172","127","172"," 84","213","152","242","164","233","154","254","134","233","125","253","105","252"," 82","256"," 65","277","155","295","133","333","105","347","101","347"," 85"," 79","168"
"IE-0144-M321-72.dw.png","121","119","135","116","162","151","155","124","156"," 83","205","146","233","154","222","146","240","125","224","119","238"," 98","235"," 77","239"," 59","265","144","282","121","314"," 94","328"," 89","327"," 73"," 69","162"
"IE-0144-M321-9.dw.png","120"," 93","133"," 90","159","127","156","100","158"," 59","201","122","229","133","220","123","240","103","222"," 96","240"," 77","238"," 56","241"," 38","265","123","281","101","317"," 75","336"," 69","336"," 54"," 62","139"
"IE-0144-M321-92.dw.png","116","131","129","126","159","159","153","132","148"," 90","201","148","229","156","221","147","237","125","217","120","234"," 98","228"," 77","232"," 59","262","143","278","119","309"," 90","325"," 82","325"," 66"," 67","181"
"IE-0145-M325KK-1.dw.png","102"," 87","114"," 86","129","126","136","100","143"," 60","170","129","196","146","188","134","212","120","197","111","218"," 94","222"," 71","231"," 57","230","143","251","125","288","108","310","106","315"," 90"," 37","118"
"IE-0145-M325KK-10.dw.png","110","100","124"," 99","143","136","144","109","153"," 67","183","135","215","149","205","138","225","120","212","113","232"," 93","231"," 71","240"," 53","247","142","267","122","309"," 99","329"," 94","333"," 80"," 49","140"
"IE-0145-M325KK-11.dw.png","103"," 89","117"," 89","134","129","136","101","148"," 60","174","130","202","146","196","135","219","119","205","110","224"," 93","224"," 70","232"," 55","237","142","257","124","298","104","315","101","320"," 87"," 42","124"
"IE-0145-M325KK-12.dw.png","105"," 93","121"," 93","140","132","142","104","151"," 62","182","132","209","148","203","136","226","122","206","111","227"," 94","229"," 72","238"," 56","243","144","265","124","306","104","326","100","331"," 86"," 41","129"
"IE-0145-M325KK-2.dw.png","118","101","133"," 98","155","135","155","107","157"," 65","199","131","225","143","215","132","240","115","223","106","239"," 87","238"," 65","244"," 47","258","134","277","113","314"," 89","335"," 83","334"," 67"," 59","146"
"IE-0145-M325KK-3.dw.png","113","100","127"," 99","150","139","147","110","153"," 71","189","139","217","154","210","143","231","126","212","116","233"," 99","234"," 76","241"," 59","250","148","271","129","312","107","328","103","333"," 89"," 50","138"
"IE-0145-M325KK-4.dw.png","113","101","127"," 99","149","134","151","108","151"," 66","192","128","221","140","212","130","230","111","214","105","230"," 85","230"," 64","236"," 47","252","132","272","109","306"," 85","326"," 79","328"," 63"," 58","146"
"IE-0145-M325KK-5.dw.png","103"," 98","118"," 96","141","134","140","107","143"," 66","181","132","209","145","201","135","220","117","205","109","224"," 90","224"," 67","231"," 50","242","139","261","118","299"," 93","318"," 89","322"," 75"," 45","138"
"IE-0145-M325KK-6.dw.png","122"," 96","137"," 95","157","135","158","107","167"," 66","200","135","226","150","218","138","241","121","226","113","244"," 96","244"," 74","254"," 58","258","145","280","124","319","105","340","100","344"," 86"," 62","135"
"IE-0145-M325KK-7.dw.png","101"," 90","116"," 88","137","125","139"," 99","144"," 56","179","123","209","136","201","126","221","108","204","100","222"," 82","220"," 61","229"," 44","240","130","258","108","295"," 87","316"," 81","320"," 67"," 45","132"
"IE-0145-M325KK-8.dw.png","111"," 93","123"," 92","144","131","143","103","150"," 62","184","130","213","144","205","134","223","116","208","107","228"," 89","228"," 66","235"," 51","244","139","265","119","304"," 96","322"," 93","325"," 77"," 47","132"
"IE-0145-M325KK-9.dw.png","105"," 98","118"," 96","142","133","142","106","143"," 64","184","130","213","143","204","133","225","114","207","106","226"," 88","226"," 64","232"," 47","246","136","266","114","303"," 91","322"," 85","325"," 70"," 47","139"
"IE-0146-M326KK-1.dw.png"," 99"," 92","113"," 92","131","132","135","102","141"," 62","173","134","201","150","194","139","218","124","200","113","222"," 97","223"," 74","233"," 57","237","147","259","128","299","109","314","106","319"," 91"," 38","125"
"IE-0146-M326KK-10.dw.png","102"," 96","116"," 94","139","132","138","103","140"," 60","177","127","210","138","203","128","223","108","203","101","220"," 81","218"," 59","225"," 41","242","128","262","105","296"," 80","316"," 74","317"," 59"," 47","143"
"IE-0146-M326KK-11.dw.png","104"," 93","119"," 92","139","132","142","105","148"," 63","180","134","209","152","201","141","227","124","210","114","227"," 97","230"," 76","238"," 57","242","149","265","130","305","108","322","105","327"," 91"," 44","127"
"IE-0146-M326KK-12.dw.png","101"," 97","112"," 94","134","131","134","104","136"," 61","176","126","205","139","196","128","219","109","200","103","217"," 82","215"," 60","223"," 43","239","130","258","108","296"," 82","312"," 78","315"," 62"," 45","142"
"IE-0146-M326KK-2.dw.png","103"," 91","118"," 92","130","133","138","107","151"," 66","174","139","201","158","195","146","219","132","203","119","225","106","229"," 85","236"," 68","238","158","258","142","301","123","319","121","325","105"," 42","122"
"IE-0146-M326KK-3.dw.png","111","100","125"," 99","146","140","149","113","152"," 69","184","140","216","155","208","145","230","128","215","119","233","101","233"," 78","243"," 60","250","151","271","131","310","110","329","105","333"," 91"," 52","137"
"IE-0146-M326KK-4.dw.png","103"," 95","117"," 95","137","134","137","107","143"," 65","174","135","203","150","193","139","217","121","203","113","221"," 96","222"," 74","230"," 56","239","145","258","126","297","104","315","102","316"," 85"," 44","134"
"IE-0146-M326KK-5.dw.png","109"," 97","123"," 94","143","131","144","104","149"," 62","184","130","216","143","208","133","229","113","212","106","230"," 88","228"," 65","235"," 45","249","136","269","116","307"," 89","323"," 84","326"," 68"," 53","137"
"IE-0146-M326KK-6.dw.png","109","101","122"," 99","142","138","146","110","147"," 67","184","137","214","151","207","141","231","122","213","114","230"," 95","230"," 72","239"," 53","249","144","269","124","305","101","325"," 96","327"," 80"," 48","141"
"IE-0146-M326KK-7.dw.png","112"," 93","128"," 92","142","132","146","103","157"," 61","185","134","212","149","205","138","227","120","213","111","233"," 94","235"," 73","245"," 55","248","145","269","126","311","106","330","103","333"," 92"," 50","130"
"IE-0146-M326KK-8.dw.png","103"," 87","117"," 87","127","127","133"," 98","145"," 58","172","131","200","146","192","136","217","118","201","109","221"," 91","223"," 69","231"," 51","237","143","259","122","298","103","318","100","321"," 84"," 41","123"
"IE-0146-M326KK-9.dw.png","110","101","124"," 98","151","136","146","107","147"," 65","186","132","218","144","210","134","230","115","212","108","229"," 88","225"," 65","233"," 46","253","137","272","114","311"," 87","327"," 83","330"," 68"," 55","147"
"IE-0147-M327KK-1.dw.png","116"," 88","129"," 89","138","130","146","105","160"," 65","178","138","205","158","200","147","223","134","209","122","232","108","238"," 88","250"," 75","242","160","264","146","304","131","323","131","329","119"," 48","113"
"IE-0147-M327KK-25.dw.png","108","113","120","110","150","145","145","119","142"," 76","188","139","218","148","208","139","229","119","212","112","226"," 92","223"," 72","228"," 55","252","137","268","116","307"," 87","320"," 82","323"," 69"," 53","160"
"IE-0147-M327KK-27.dw.png","104","121","116","116","151","148","145","124","137"," 81","189","136","219","144","209","135","226","113","208","109","221"," 87","216"," 67","221"," 48","253","129","266","106","299"," 75","319"," 67","317"," 52"," 54","171"
"IE-0147-M327KK-28.dw.png","104","121","118","116","149","148","143","122","136"," 79","189","137","221","143","211","136","227","113","211","108","223"," 86","217"," 64","220"," 48","255","129","268","106","301"," 74","318"," 67","318"," 51"," 55","175"
"IE-0147-M327KK-38.dw.png","111","111","123","109","148","146","148","120","150"," 78","189","144","216","155","208","146","229","127","216","119","231","100","229"," 78","237"," 62","252","148","269","129","310","104","329","100","330"," 86"," 54","152"
"IE-0147-M327KK-44.dw.png","107","142","119","137","149","170","143","143","138","102","189","160","219","167","210","159","224","136","211","132","223","107","218"," 87","221"," 70","255","151","266","130","304"," 97","321"," 89","320"," 75"," 53","194"
"IE-0147-M327KK-66.dw.png","119"," 99","132"," 99","149","142","153","114","161"," 73","193","145","218","161","212","150","234","134","220","125","239","108","241"," 86","251"," 70","253","158","273","141","317","124","338","121","343","110"," 54","132"
"IE-0147-M327KK-67.dw.png"," 97","113","109","108","144","139","130","113","125"," 72","180","128","210","133","198","126","214","103","194"," 99","209"," 77","204"," 55","206"," 37","243","117","254"," 93","284"," 60","301"," 53","299"," 38"," 52","169"
"IE-0147-M327KK-67x.dw.png","104"," 68","117"," 69","131","111","138"," 84","146"," 42","174","116","200","134","193","121","216","106","205"," 96","226"," 80","230"," 57","240"," 42","236","133","259","116","304"," 97","321"," 96","326"," 84"," 39","100"
"IE-0147-M327KK-75.dw.png","115","103","128","101","148","142","150","115","159"," 75","192","143","219","158","212","147","232","130","219","122","238","105","240"," 83","249"," 68","256","154","275","136","314","117","335","112","337","100"," 54","137"
"IE-0147-M327KK-93.dw.png","116"," 94","131"," 94","146","135","151","109","162"," 69","187","139","214","155","206","144","229","130","217","120","237","106","239"," 84","250"," 69","249","154","269","138","314","120","333","119","337","108"," 54","123"
"IE-0148-M329KK-1.dw.png","113"," 94","125"," 93","148","133","150","105","155"," 62","189","132","220","145","212","135","234","116","220","107","236"," 89","234"," 66","241"," 49","253","139","275","117","314"," 93","330"," 89","333"," 74"," 53","137"
"IE-0148-M329KK-10.dw.png","125"," 99","140"," 98","161","136","162","108","164"," 67","202","130","234","143","224","132","245","112","233","106","248"," 86","246"," 65","251"," 48","268","134","286","111","322"," 86","344"," 80","346"," 65"," 65","144"
"IE-0148-M329KK-11.dw.png","122","101","135"," 99","160","136","154","107","157"," 67","202","131","229","143","221","133","241","114","226","108","240"," 88","238"," 66","244"," 49","262","135","280","113","316"," 89","334"," 83","338"," 69"," 63","143"
"IE-0148-M329KK-12.dw.png","110","101","124"," 99","148","139","145","109","149"," 68","191","136","215","147","207","137","229","118","213","111","230"," 88","228"," 66","234"," 48","252","138","269","116","305"," 92","324"," 86","328"," 71"," 50","146"
"IE-0148-M329KK-2.dw.png","114"," 95","128"," 97","146","140","148","111","160"," 69","185","144","210","161","205","150","228","134","214","124","233","106","236"," 84","245"," 68","247","159","269","141","311","123","327","121","333","106"," 48","124"
"IE-0148-M329KK-3.dw.png","115"," 98","128"," 97","148","137","147","109","156"," 68","188","138","214","153","208","141","233","125","215","115","234"," 99","233"," 77","241"," 61","250","147","271","129","310","108","329","104","332"," 89"," 53","132"
"IE-0148-M329KK-4.dw.png","117"," 98","130"," 98","146","139","148","111","160"," 71","187","142","211","158","204","145","230","131","214","120","234","104","234"," 82","243"," 66","246","154","268","135","305","117","325","114","329","100"," 53","131"
"IE-0148-M329KK-5.dw.png","119"," 96","133"," 96","152","134","153","106","158"," 63","196","133","222","146","214","136","235","117","223","110","239"," 92","237"," 70","244"," 53","257","140","275","120","313"," 98","332"," 93","334"," 79"," 58","136"
"IE-0148-M329KK-6.dw.png","112"," 92","126"," 91","146","130","148","103","152"," 64","189","130","214","144","206","133","230","116","215","108","235"," 91","234"," 68","241"," 52","252","139","271","119","311"," 97","328"," 95","331"," 78"," 53","133"
"IE-0148-M329KK-7.dw.png","112"," 98","127"," 98","144","136","148","108","154"," 67","185","135","213","149","204","137","225","119","214","112","232"," 93","230"," 70","237"," 54","248","142","266","122","305"," 99","325"," 94","328"," 80"," 54","141"
"IE-0148-M329KK-8.dw.png","116","103","129","103","151","140","150","113","153"," 73","190","137","219","150","210","139","235","122","218","113","237"," 95","235"," 73","241"," 57","257","142","274","122","312"," 99","330"," 95","333"," 79"," 59","149"
"IE-0148-M329KK-9.dw.png","120","100","134"," 98","158","135","156","107","153"," 66","202","127","230","137","222","127","240","108","225","102","240"," 81","237"," 60","241"," 43","265","125","279","104","315"," 76","334"," 69","335"," 55"," 67","151"
"IE-0149-M331KK-11.dw.png","141","119","156","116","182","153","177","125","181"," 82","223","149","252","158","243","149","261","129","245","122","262","102","258"," 79","262"," 62","285","149","304","126","340","100","358"," 94","358"," 78"," 84","163"
"IE-0149-M331KK-14.dw.png","129","119","143","116","165","153","165","126","169"," 83","209","150","238","161","230","152","250","133","231","126","250","105","250"," 84","256"," 65","274","153","294","132","328","106","347","100","349"," 86"," 72","160"
"IE-0149-M331KK-28.dw.png","131","124","144","121","170","157","164","128","168"," 84","211","151","241","160","232","151","249","129","231","123","249","100","246"," 79","250"," 61","276","150","293","125","329"," 96","346"," 90","346"," 74"," 78","174"
"IE-0149-M331KK-30.dw.png","136","152","150","147","185","180","178","152","170","109","226","168","255","175","245","166","261","144","241","139","257","116","252"," 94","254"," 78","289","160","302","135","335","103","351"," 95","349"," 81"," 91","206"
"IE-0149-M331KK-32.dw.png","134","189","148","184","179","217","172","190","169","145","222","205","250","212","241","204","255","183","237","177","252","154","245","132","247","114","283","198","297","175","326","142","343","134","342","120"," 90","241"
"IE-0149-M331KK-42.dw.png","142","121","155","118","182","154","176","126","178"," 83","223","147","253","156","245","148","264","127","242","119","260"," 99","256"," 79","261"," 62","287","146","303","123","336"," 96","355"," 89","356"," 73"," 91","171"
"IE-0149-M331KK-43.dw.png","143","119","154","115","178","151","179","126","181"," 83","218","149","246","162","239","151","257","132","242","125","260","106","258"," 83","263"," 67","281","153","297","133","336","108","352","102","354"," 89"," 86","158"
"IE-0149-M331KK-44.dw.png","132","143","144","139","174","173","169","145","167","102","216","163","247","170","238","162","251","141","236","136","251","113","247"," 91","249"," 71","279","157","295","134","329","103","345"," 96","346"," 80"," 83","194"
"IE-0149-M331KK-54.dw.png","142","108","156","108","175","148","179","123","188"," 83","218","153","244","169","238","158","259","143","245","132","267","120","269"," 98","278"," 83","279","169","302","151","342","134","361","132","364","121"," 78","137"
"IE-0149-M331KK-57.dw.png","133","122","146","119","169","155","169","127","170"," 83","212","149","242","159","231","150","249","130","235","123","249","103","245"," 80","250"," 62","273","149","289","126","326"," 99","343"," 93","344"," 79"," 80","170"
"IE-0149-M331KK-62.dw.png","142","118","156","117","176","157","175","128","186"," 84","218","157","247","171","239","161","262","142","246","134","263","115","264"," 92","271"," 76","282","165","303","145","340","124","358","121","361","107"," 82","157"
"IE-0149-M331KK-9.dw.png","130","142","145","138","172","171","172","145","166","101","217","162","247","169","236","161","255","138","236","132","250","111","245"," 90","248"," 74","283","154","296","131","328","101","346"," 93","345"," 78"," 80","193"
"IE-0150-M332D-1.dw.png","108"," 95","121"," 94","145","135","142","105","147"," 64","188","133","218","146","211","136","229","118","212","109","231"," 90","233"," 68","239"," 51","255","139","272","119","307"," 98","325"," 94","327"," 79"," 51","137"
"IE-0150-M332D-10.dw.png","114","107","126","105","150","145","147","116","151"," 76","190","143","220","156","212","146","232","126","216","119","237"," 99","237"," 77","242"," 61","258","149","274","128","312","105","331","100","334"," 86"," 52","150"
"IE-0150-M332D-11.dw.png","111"," 99","125"," 94","154","132","147","104","146"," 63","194","127","223","138","216","128","233","109","217","102","233"," 79","233"," 57","238"," 40","259","127","277","105","313"," 78","328"," 72","329"," 59"," 57","146"
"IE-0150-M332D-12.dw.png","126","113","136","108","171","145","165","117","158"," 73","208","140","238","149","228","140","249","118","228","111","246"," 90","246"," 68","249"," 50","273","138","288","115","322"," 88","341"," 80","343"," 65"," 70","161"
"IE-0150-M332D-2.dw.png","101","108","112","104","143","139","136","112","133"," 70","180","132","212","141","202","131","218","111","197","104","215"," 84","213"," 63","216"," 45","245","129","257","106","291"," 79","308"," 71","308"," 57"," 47","159"
"IE-0150-M332D-3.dw.png","108","102","121"," 99","145","137","143","108","144"," 65","187","131","219","141","211","132","228","112","213","104","229"," 84","226"," 60","230"," 43","254","130","269","110","304"," 82","323"," 75","323"," 60"," 54","149"
"IE-0150-M332D-4.dw.png","108","151","118","145","156","172","144","147","127","108","189","158","221","160","209","154","222","130","199","126","214","103","208"," 82","206"," 64","250","143","260","117","287"," 83","301"," 72","297"," 57"," 65","208"
"IE-0150-M332D-5.dw.png","109","102","121"," 98","148","134","146","107","143"," 62","187","128","221","137","210","128","231","108","210"," 99","227"," 81","225"," 58","228"," 39","252","128","269","105","307"," 75","325"," 68","326"," 52"," 56","149"
"IE-0150-M332D-6.dw.png"," 95","112","108","108","137","143","129","116","130"," 73","175","134","208","144","198","135","216","115","196","108","214"," 88","212"," 65","216"," 48","243","132","257","109","292"," 81","309"," 75","309"," 62"," 43","163"
"IE-0150-M332D-7.dw.png","117","106","128","103","153","142","151","113","152"," 71","191","137","224","150","216","140","236","120","217","111","235"," 91","236"," 70","240"," 54","258","141","277","119","311"," 95","329"," 90","332"," 75"," 59","150"
"IE-0150-M332D-8.dw.png","108","118","122","114","148","150","144","120","144"," 78","189","141","222","149","212","140","228","119","210","112","228"," 91","224"," 68","227"," 49","258","135","268","115","304"," 84","323"," 75","323"," 59"," 57","169"
"IE-0150-M332D-9.dw.png","110","115","122","111","149","148","149","121","145"," 77","189","143","218","155","209","144","230","124","210","116","226"," 95","225"," 73","230"," 55","253","143","267","123","305"," 94","323"," 88","324"," 73"," 54","162"
"IE-0151-M333WW-10.dw.png"," 97"," 97","111"," 95","132","133","133","106","137"," 63","175","129","205","142","195","131","216","111","200","103","219"," 85","216"," 62","222"," 47","240","133","258","112","295"," 87","313"," 83","315"," 68"," 39","142"
"IE-0151-M333WW-11.dw.png"," 98","117","110","112","143","143","136","118","127"," 76","183","130","216","137","204","128","219","105","197","101","213"," 80","207"," 59","208"," 40","247","121","260"," 97","288"," 65","306"," 57","306"," 41"," 54","171"
"IE-0151-M333WW-12.dw.png"," 96"," 98","109"," 95","135","131","132","103","133"," 62","178","127","209","139","199","128","219","107","197"," 99","218"," 80","216"," 56","220"," 41","243","129","262","105","296"," 80","317"," 74","319"," 60"," 42","145"
"IE-0151-M333WW-2.dw.png","110"," 97","125"," 98","142","137","146","112","152"," 71","183","141","212","158","206","147","227","131","210","120","233","104","234"," 81","241"," 66","248","156","270","137","308","118","328","115","331","102"," 48","132"
"IE-0151-M333WW-3.dw.png","107"," 98","122"," 96","141","133","143","107","145"," 64","185","131","217","145","207","134","227","115","211","107","231"," 88","232"," 66","236"," 49","253","138","271","116","308"," 93","326"," 88","329"," 73"," 49","141"
"IE-0151-M333WW-4.dw.png"," 99","113","113","109","146","140","138","115","132"," 72","185","130","217","137","205","128","220","106","200","100","218"," 79","213"," 56","214"," 40","249","124","264"," 99","294"," 68","312"," 60","310"," 45"," 54","166"
"IE-0151-M333WW-5.dw.png","114","102","128"," 98","154","133","151","105","145"," 62","196","122","229","129","219","120","231"," 98","215"," 93","231"," 69","227"," 49","229"," 31","262","115","275"," 92","308"," 60","325"," 52","326"," 37"," 63","155"
"IE-0151-M333WW-7.dw.png","109","116","123","111","149","147","144","117","141"," 74","197","132","225","139","214","132","232","107","210","102","227"," 80","222"," 58","222"," 39","261","124","274"," 98","304"," 67","319"," 60","316"," 43"," 62","176"
"IE-0151-M333WW-8.dw.png","117","110","130","109","150","148","152","120","157"," 78","194","145","225","158","216","147","236","128","219","118","238","101","237"," 78","242"," 62","259","150","277","130","315","105","331","100","333"," 85"," 57","155"
"IE-0152-M334DL-106.dw.png","136","120","150","117","169","155","174","129","176"," 87","213","153","241","166","232","155","253","136","241","130","256","110","253"," 88","261"," 71","273","159","294","137","332","113","348","108","350"," 93"," 78","160"
"IE-0152-M334DL-107.dw.png","134","117","149","117","168","154","167","126","174"," 86","206","152","236","166","228","155","248","138","234","130","252","113","250"," 92","258"," 75","269","159","286","140","323","118","343","113","347","100"," 75","156"
"IE-0152-M334DL-109.dw.png","132","130","145","127","168","161","169","136","166"," 93","209","154","237","163","228","154","245","133","230","128","245","106","242"," 86","245"," 68","271","152","288","128","321"," 99","337"," 91","337"," 77"," 80","178"
"IE-0152-M334DL-138.dw.png","130","118","144","117","161","156","165","130","169"," 89","202","156","229","170","221","159","239","141","226","133","242","116","242"," 94","250"," 77","260","164","281","144","319","121","337","117","338","102"," 69","154"
"IE-0152-M334DL-139.dw.png","146","131","161","129","183","165","185","138","182"," 95","228","159","255","169","246","159","263","140","250","134","264","113","260"," 90","266"," 72","288","159","306","136","340","108","357","102","357"," 88"," 92","177"
"IE-0152-M334DL-40.dw.png","130","118","144","116","160","156","167","129","172"," 86","205","154","233","168","226","157","246","138","233","131","250","113","249"," 90","258"," 73","264","162","286","140","327","117","342","113","344"," 98"," 70","157"
"IE-0152-M334DL-42.dw.png","129","121","143","117","166","157","169","128","171"," 85","209","152","240","162","230","153","251","133","234","126","251","106","247"," 84","255"," 66","271","154","290","132","330","104","346"," 99","347"," 84"," 73","165"
"IE-0152-M334DL-43.dw.png","128","134","141","129","166","164","164","136","162"," 95","205","155","238","163","228","153","246","132","228","126","245","105","239"," 85","244"," 67","268","151","283","127","316"," 98","336"," 91","335"," 75"," 78","186"
"IE-0152-M334DL-73.dw.png","134","127","148","125","172","161","171","135","169"," 92","213","155","242","166","234","155","250","135","236","129","251","108","246"," 86","251"," 68","275","156","294","133","327","104","346"," 98","347"," 83"," 78","173"
"IE-0152-M334DL-74.dw.png","136","118","150","117","169","155","173","127","174"," 86","214","152","240","164","231","153","247","135","240","129","254","109","252"," 87","258"," 69","274","155","293","135","330","109","348","106","348"," 89"," 77","161"
"IE-0152-M334DL-78.dw.png","140","120","153","120","173","158","175","131","180"," 88","217","157","245","170","238","159","256","140","243","132","259","114","258"," 92","265"," 73","278","164","299","143","339","119","356","114","358"," 99"," 83","161"
"IE-0153-M335DL-11.dw.png","118","119","132","115","154","152","153","124","151"," 84","195","146","223","158","215","148","231","128","218","120","236","100","233"," 78","237"," 61","257","148","273","126","310","100","330"," 94","330"," 78"," 62","165"
"IE-0153-M335DL-13.dw.png","112","115","126","112","150","149","147","122","145"," 81","188","145","215","157","207","147","228","129","211","120","228","102","227"," 80","233"," 63","251","148","266","128","303","103","324"," 98","326"," 83"," 56","160"
"IE-0153-M335DL-18.dw.png","117","114","133","112","145","151","155","126","156"," 82","194","148","221","161","213","151","233","134","220","126","236","108","236"," 87","243"," 70","255","154","273","135","310","114","328","109","330"," 94"," 60","155"
"IE-0153-M335DL-35.dw.png","108","117","121","114","144","150","147","124","143"," 81","187","145","215","156","208","146","224","126","209","120","226","100","222"," 78","230"," 63","248","147","264","124","299","100","319"," 93","320"," 79"," 54","162"
"IE-0153-M335DL-43.dw.png","115","168","126","163","160","194","151","168","144","126","199","182","229","188","219","179","236","156","217","152","229","129","222","109","225"," 91","261","171","273","147","303","115","323","106","321"," 90"," 67","222"
"IE-0153-M335DL-47.dw.png","127","115","140","113","162","151","163","123","161"," 83","205","148","232","160","224","149","244","131","228","123","246","105","244"," 82","251"," 65","268","152","285","131","320","108","340","102","343"," 87"," 71","159"
"IE-0153-M335DL-58.dw.png","118","106","133","106","143","147","152","120","159"," 81","183","154","206","173","202","160","229","148","212","134","234","120","239"," 99","248"," 84","243","173","265","157","306","143","327","142","332","129"," 55","136"
"IE-0153-M335DL-59.dw.png","130","125","143","121","172","156","166","129","162"," 88","212","149","240","159","231","149","248","128","231","122","248","101","244"," 80","248"," 64","272","148","287","125","322"," 97","340"," 90","342"," 76"," 79","174"
"IE-0153-M335DL-82.dw.png","111","147","123","144","151","178","151","151","142","111","193","167","224","174","214","165","229","145","211","139","227","118","222"," 99","225"," 80","255","161","270","138","301","111","320","102","320"," 87"," 62","198"
"IE-0153-M335DL-94.dw.png","127","121","140","119","167","155","164","129","161"," 86","207","150","238","160","229","151","243","131","230","125","246","104","243"," 81","248"," 64","273","149","291","128","324","101","346"," 93","346"," 78"," 72","167"
"IE-0154-M336LD-0.dw.png","111","103","126","101","149","137","149","109","146"," 65","190","133","219","147","211","137","231","118","212","110","230"," 89","227"," 66","234"," 48","252","139","272","117","310"," 92","326"," 87","328"," 71"," 58","144"
"IE-0154-M336LD-1.dw.png","113","120","128","117","149","154","148","126","150"," 85","189","149","221","160","212","150","229","130","211","123","230","104","227"," 81","232"," 63","253","151","270","128","304","103","325"," 96","327"," 81"," 62","166"
"IE-0154-M336LD-137.dw.png","149","109","162","107","182","147","184","118","190"," 78","222","147","251","161","244","151","264","133","248","123","269","106","269"," 83","276"," 65","285","156","305","135","341","114","363","109","367"," 93"," 91","146"
"IE-0154-M336LD-157.dw.png","139","110","154","109","174","148","176","120","180"," 78","214","145","246","160","238","149","256","130","238","122","259","104","257"," 80","266"," 62","279","153","298","132","337","109","357","102","358"," 86"," 84","154"
"IE-0154-M336LD-2.dw.png","116","123","131","121","155","158","152","129","154"," 87","193","152","224","163","214","154","233","133","216","127","233","106","229"," 86","236"," 66","256","154","273","132","305","107","325","100","328"," 84"," 62","168"
"IE-0154-M336LD-219.dw.png","147","113","162","112","177","150","182","123","187"," 83","220","149","247","163","240","153","261","134","243","126","261","108","260"," 86","267"," 68","281","157","300","137","333","116","352","110","356"," 95"," 90","151"
"IE-0154-M336LD-243.dw.png","149","116","165","114","186","153","184","124","189"," 83","225","151","254","165","246","155","270","137","250","128","269","109","269"," 87","276"," 69","287","159","307","139","347","115","366","110","368"," 93"," 94","158"
"IE-0154-M336LD-284.dw.png","152","118","166","115","186","153","185","123","190"," 81","226","150","258","162","249","153","271","132","253","124","270","104","270"," 82","276"," 63","292","154","312","132","347","107","369"," 99","372"," 84"," 93","161"
"IE-0154-M336LD-286.dw.png","109","118","123","117","144","157","145","128","150"," 88","182","158","211","172","205","162","225","143","209","135","228","116","227"," 94","236"," 76","245","167","265","146","302","125","323","121","327","105"," 50","155"
"IE-0154-M336LD-294.dw.png","150","132","164","130","185","169","187","140","188","100","223","166","253","182","245","170","268","151","248","142","267","123","268","101","275"," 83","289","174","308","152","345","128","365","123","367","106"," 92","174"
"IE-0154-M336LD-56.dw.png","149"," 89","163"," 90","179","135","180","105","194"," 65","216","141","240","160","235","149","260","136","246","123","266","108","269"," 85","281"," 70","277","162","299","145","339","132","360","131","366","117"," 86","118"
"IE-0154-M336LD-63.dw.png","147","104","162","103","183","144","182","113","190"," 72","224","143","252","159","244","147","267","129","250","119","270","101","268"," 77","277"," 60","288","154","308","133","349","111","368","107","372"," 91"," 86","143"
"IE-0155-M337LD-11.dw.png","138"," 85","152"," 88","156","132","167","105","186"," 67","199","146","220","167","216","156","244","146","232","132","256","120","263","100","271"," 87","257","173","281","161","324","152","341","154","347","141"," 69","103"
"IE-0155-M337LD-18.dw.png","121","182","135","176","164","205","163","179","150","141","207","190","237","195","225","186","240","164","223","161","235","137","228","117","228","100","269","178","281","151","308","120","321","110","318"," 95"," 81","235"
"IE-0155-M337LD-24.dw.png","128","118","142","115","164","154","163","125","165"," 82","208","151","237","163","228","153","249","132","233","125","248","104","246"," 82","251"," 66","271","154","291","131","327","106","346","100","346"," 87"," 70","162"
"IE-0155-M337LD-25.dw.png","131","126","144","121","174","157","169","129","164"," 87","217","149","245","157","237","148","256","125","238","119","254"," 97","249"," 75","249"," 59","281","144","297","121","330"," 90","345"," 84","344"," 69"," 85","176"
"IE-0155-M337LD-40.dw.png","108","112","124","110","140","145","143","118","145"," 78","185","139","213","151","205","141","228","120","212","113","227"," 94","225"," 72","232"," 57","248","139","267","118","306"," 89","321"," 85","323"," 71"," 54","154"
"IE-0155-M337LD-54.dw.png","146","108","161","108","182","149","179","119","188"," 80","227","151","249","166","242","155","265","140","251","131","269","114","269"," 91","272"," 76","285","163","307","144","344","124","361","123","361","106"," 86","143"
"IE-0155-M337LD-60.dw.png","107"," 78","123"," 78","136","116","139"," 89","149"," 51","181","117","210","132","203","121","226","104","210"," 95","227"," 78","228"," 57","235"," 43","246","127","266","108","307"," 86","322"," 83","324"," 71"," 49","114"
"IE-0155-M337LD-60x.dw.png","110","203","124","193","156","221","142","195","132","158","195","200","225","198","215","194","227","166","211","166","217","143","208","124","202","107","256","176","266","148","289","109","300","101","295"," 87"," 79","265"
"IE-0155-M337LD-66.dw.png","139","119","151","116","175","153","175","126","173"," 84","217","149","245","162","237","152","256","132","242","125","258","105","257"," 84","261"," 68","280","153","297","132","335","108","350","104","349"," 87"," 81","163"
"IE-0156-M340-1.dw.png"," 99","100","115"," 96","140","132","134","104","137"," 61","180","126","210","134","201","125","220","104","202"," 97","215"," 75","214"," 54","219"," 36","241","124","260"," 99","296"," 69","312"," 64","314"," 48"," 48","148"
"IE-0156-M340-10.dw.png"," 97"," 92","110"," 89","131","128","131","101","135"," 60","174","127","201","139","194","129","211","111","199","103","214"," 84","215"," 63","222"," 46","235","133","254","113","291"," 90","310"," 85","313"," 71"," 39","130"
"IE-0156-M340-11.dw.png","103","106","116","102","143","136","138","109","138"," 68","180","129","211","138","201","129","221","106","205","100","218"," 80","214"," 59","221"," 41","245","125","263","100","295"," 72","311"," 64","312"," 49"," 53","155"
"IE-0156-M340-12.dw.png","105"," 93","119"," 92","137","130","139","103","147"," 63","178","130","207","145","197","133","219","115","206","108","224"," 90","225"," 69","234"," 53","242","140","264","118","303"," 98","322"," 95","327"," 82"," 44","130"
"IE-0156-M340-2.dw.png"," 89","189","101","182","135","207","121","182","114","143","172","188","202","187","190","182","202","156","187","156","192","132","183","114","182"," 95","229","166","239","139","264","102","279"," 91","275"," 76"," 55","251"
"IE-0156-M340-3.dw.png","104"," 95","118"," 92","139","131","139","103","144"," 63","182","129","209","142","201","132","219","113","205","106","221"," 86","221"," 64","228"," 48","243","135","261","115","298"," 91","315"," 86","318"," 72"," 47","132"
"IE-0156-M340-4.dw.png","110","102","122"," 98","150","134","148","106","144"," 67","190","126","222","133","212","124","226","103","214"," 98","227"," 76","222"," 53","227"," 36","254","121","271"," 98","304"," 69","320"," 62","323"," 48"," 59","151"
"IE-0156-M340-5.dw.png"," 99"," 97","112"," 94","138","128","135","102","135"," 61","175","122","208","132","194","122","217","101","202"," 96","216"," 74","212"," 53","218"," 35","239","123","258"," 97","291"," 70","309"," 62","310"," 48"," 47","144"
"IE-0156-M340-6.dw.png","105"," 89","121"," 87","139","124","140"," 99","147"," 58","178","124","209","139","198","127","220","110","207","101","227"," 85","226"," 64","235"," 48","243","134","266","113","303"," 95","323"," 91","327"," 79"," 46","126"
"IE-0156-M340-7.dw.png","102"," 98","115"," 93","140","127","135","100","137"," 61","180","118","208","126","200","117","217"," 96","202"," 92","214"," 72","210"," 52","215"," 36","241","114","256"," 91","291"," 63","310"," 55","311"," 42"," 52","147"
"IE-0156-M340-8.dw.png","102"," 91","113"," 89","131","125","135"," 99","141"," 59","171","122","200","136","192","126","211","107","200","100","217"," 82","215"," 62","224"," 46","234","129","253","108","287"," 86","308"," 82","311"," 68"," 45","131"
"IE-0156-M340-9.dw.png","115"," 98","131"," 95","154","131","152","105","155"," 63","192","127","220","140","211","129","233","110","217","103","233"," 84","233"," 63","241"," 47","256","132","275","110","315"," 85","333"," 81","336"," 67"," 57","140"
"IE-0157-M341-1.dw.png","116"," 93","131"," 90","157","127","152"," 97","153"," 57","196","121","227","132","216","123","237","101","218"," 95","235"," 76","233"," 55","241"," 33","263","123","282"," 98","315"," 73","333"," 67","333"," 50"," 63","141"
"IE-0157-M341-10.dw.png","108"," 94","122"," 92","146","131","143","102","148"," 63","188","131","213","143","206","134","226","116","211","107","228"," 91","229"," 70","239"," 50","250","138","268","120","307"," 97","327"," 93","328"," 76"," 48","136"
"IE-0157-M341-11.dw.png","106"," 91","119"," 89","142","128","138"," 99","143"," 60","178","126","208","137","199","128","221","111","203","102","222"," 85","222"," 63","229"," 46","245","130","261","112","298"," 88","319"," 84","322"," 69"," 48","133"
"IE-0157-M341-12.dw.png","106","103","121","100","151","137","144","110","144"," 71","186","132","216","145","210","135","226","117","209","109","226"," 91","226"," 69","234"," 50","251","134","268","114","304"," 90","324"," 83","326"," 68"," 50","149"
"IE-0157-M341-2.dw.png","104"," 96","119"," 94","143","132","142","104","143"," 64","182","129","212","140","206","131","226","112","209","106","225"," 88","224"," 66","231"," 47","246","134","267","112","301"," 89","320"," 83","322"," 68"," 46","138"
"IE-0157-M341-3.dw.png","100"," 90","115"," 89","142","130","137","101","140"," 60","182","131","207","144","200","135","222","120","204","109","224"," 92","227"," 71","236"," 51","246","140","266","123","306","101","325"," 98","328"," 82"," 39","128"
"IE-0157-M341-5.dw.png","104"," 97","115"," 96","142","134","135","104","137"," 68","180","131","205","143","198","134","216","117","200","108","217"," 92","219"," 71","224"," 52","242","136","260","118","297"," 94","315"," 89","316"," 74"," 44","141"
"IE-0157-M341-7.dw.png","108","103","121","101","148","137","144","109","144"," 70","190","134","216","144","208","136","229","116","212","109","230"," 91","229"," 69","236"," 49","255","135","272","114","309"," 88","326"," 83","326"," 66"," 51","149"
"IE-0157-M341-8.dw.png"," 99"," 98","114"," 94","137","130","137","103","135"," 61","178","124","210","133","201","124","218","102","203"," 97","217"," 78","214"," 56","222"," 34","243","123","261"," 99","296"," 72","314"," 64","313"," 48"," 48","145"
"IE-0157-M341-9.dw.png","103"," 87","118"," 87","135","128","138"," 99","146"," 62","172","131","202","149","194","138","220","122","204","111","224"," 95","228"," 73","236"," 54","242","146","264","127","304","108","322","102","324"," 88"," 43","122"
"IE-0158-M342G22-1.dw.png","109","102","122","100","141","139","142","112","148"," 72","185","138","213","152","205","141","227","124","209","114","226"," 95","227"," 74","235"," 58","245","145","265","125","304","103","323"," 99","327"," 84"," 54","140"
"IE-0158-M342G22-10.dw.png","105","119","118","117","133","156","137","130","142"," 91","171","159","200","174","192","164","214","147","200","138","217","121","219","100","230"," 85","233","170","252","151","291","131","313","127","318","113"," 42","150"
"IE-0158-M342G22-11.dw.png","131","101","144","102","152","143","160","117","173"," 77","192","152","218","172","212","161","239","147","225","135","245","120","250"," 99","262"," 85","253","174","277","159","321","144","342","145","348","130"," 61","122"
"IE-0158-M342G22-12.dw.png","106","107","117","107","136","146","141","119","146"," 79","177","146","202","163","195","152","219","135","203","125","221","108","224"," 85","235"," 71","238","158","260","139","300","120","318","117","324","103"," 43","142"
"IE-0158-M342G22-2.dw.png","114","102","128"," 99","150","135","148","106","149"," 65","193","128","222","137","213","128","233","107","214","101","231"," 80","227"," 59","235"," 41","255","126","273","102","306"," 76","324"," 69","324"," 54"," 60","149"
"IE-0158-M342G22-3.dw.png","132"," 93","146"," 90","169","128","168","100","170"," 60","211","124","238","136","229","125","249","106","232"," 98","250"," 79","249"," 58","256"," 41","273","127","291","105","329"," 81","347"," 76","349"," 61"," 74","135"
"IE-0158-M342G22-4.dw.png","104"," 98","116"," 98","135","134","136","107","141"," 66","179","132","206","144","198","134","218","116","202","108","219"," 88","219"," 68","226"," 52","238","138","257","116","292"," 93","310"," 90","313"," 75"," 51","140"
"IE-0158-M342G22-5.dw.png"," 99","135","111","130","140","164","135","136","129"," 95","181","154","214","160","204","152","221","128","203","123","216","101","211"," 79","216"," 62","247","146","261","120","293"," 88","313"," 80","311"," 64"," 48","186"
"IE-0158-M342G22-6.dw.png","107","119","122","116","147","155","143","126","141"," 86","186","149","214","160","207","150","226","131","207","122","224","102","223"," 81","230"," 65","248","151","267","127","305","100","321"," 95","323"," 80"," 48","166"
"IE-0158-M342G22-7.dw.png","118","104","129","103","150","142","147","113","155"," 73","187","142","214","156","207","145","229","127","212","119","233","100","234"," 79","243"," 62","247","151","270","128","308","108","327","105","331"," 91"," 59","143"
"IE-0158-M342G22-8.dw.png","133","102","147","103","163","145","166","117","175"," 78","202","149","228","166","221","154","246","141","228","127","249","113","253"," 91","264"," 75","263","165","287","148","330","130","346","128","351","114"," 69","133"
"IE-0158-M342G22-9.dw.png"," 98","101","110","101","119","141","127","115","138"," 76","162","145","188","163","181","152","205","137","189","124","209","111","215"," 91","225"," 76","219","162","243","143","285","130","304","129","309","115"," 39","132"
"IE-0159-M342WW-1.dw.png","102"," 96","114"," 94","140","131","137","102","139"," 63","183","126","210","137","201","127","221","106","205","100","221"," 81","220"," 61","225"," 41","246","127","262","105","299"," 78","318"," 72","319"," 54"," 47","143"
"IE-0159-M342WW-10.dw.png","102"," 98","115"," 96","137","135","133","105","138"," 65","178","132","207","144","199","134","219","115","202","108","219"," 88","219"," 67","226"," 48","239","136","258","116","297"," 90","315"," 85","315"," 69"," 45","142"
"IE-0159-M342WW-11.dw.png"," 98"," 95","114"," 93","135","131","139","104","142"," 62","179","127","207","140","199","130","218","112","204","104","221"," 87","221"," 65","228"," 48","237","134","257","113","293"," 91","316"," 85","318"," 70"," 46","137"
"IE-0159-M342WW-12.dw.png","111","100","127"," 99","148","139","147","109","150"," 68","192","137","216","150","209","140","232","122","213","113","235"," 95","236"," 72","242"," 54","252","143","271","123","311"," 99","331"," 96","333"," 78"," 50","142"
"IE-0159-M342WW-2.dw.png","111"," 98","124"," 97","148","137","149","108","152"," 66","190","134","220","148","212","137","234","118","218","111","236"," 92","237"," 69","242"," 50","255","142","275","121","314"," 96","332"," 91","334"," 75"," 53","138"
"IE-0159-M342WW-3.dw.png","111","101","124"," 99","145","139","146","111","151"," 69","187","139","215","154","207","143","232","126","213","116","235"," 98","235"," 74","241"," 56","253","148","273","127","314","105","333","101","337"," 85"," 49","138"
"IE-0159-M342WW-4.dw.png","107","102","120","100","145","136","143","107","144"," 65","192","128","220","138","210","128","231","107","212","101","228"," 80","226"," 60","230"," 39","256","126","271","103","306"," 75","323"," 70","324"," 52"," 56","151"
"IE-0159-M342WW-5.dw.png","116","101","130","100","156","140","152","110","156"," 68","197","138","223","151","216","140","236","121","219","112","240"," 94","241"," 72","247"," 53","260","143","279","122","318"," 98","336"," 95","339"," 77"," 57","143"
"IE-0159-M342WW-6.dw.png","103","100","116"," 99","136","136","138","109","143"," 68","180","133","209","146","200","136","223","118","206","109","224"," 91","223"," 70","230"," 54","240","140","260","120","300"," 97","317"," 91","321"," 77"," 46","141"
"IE-0159-M342WW-7.dw.png","109"," 98","121"," 97","146","137","147","109","146"," 67","186","134","213","148","207","137","230","119","210","110","231"," 91","231"," 70","237"," 52","248","141","268","120","308"," 97","326"," 91","328"," 75"," 51","140"
"IE-0159-M342WW-8.dw.png","111"," 91","125"," 91","141","132","142","102","153"," 64","186","134","213","148","205","138","225","121","211","112","231"," 94","234"," 74","241"," 56","245","144","266","125","308","105","327","103","330"," 86"," 47","128"
"IE-0159-M342WW-9.dw.png","105","100","116"," 97","144","134","141","106","144"," 64","185","129","214","140","205","129","224","111","209","104","226"," 83","225"," 62","230"," 44","245","131","264","109","302"," 84","321"," 78","323"," 62"," 51","143"
"IE-0160-M342-10.dw.png","106","111","120","112","130","156","141","128","153"," 86","173","164","198","184","193","171","217","157","205","146","227","130","231","107","241"," 93","231","184","257","167","301","153","317","151","323","138"," 38","139"
"IE-0160-M342-11.dw.png","104","117","118","117","142","157","142","128","144"," 85","182","155","211","169","205","158","222","141","206","133","225","113","225"," 90","232"," 74","244","164","264","144","304","120","323","116","325","101"," 45","155"
"IE-0160-M342-12.dw.png","103","126","116","124","142","162","142","134","141"," 89","185","156","215","168","208","158","225","138","211","131","224","110","222"," 88","229"," 71","248","159","268","136","302","109","318","104","319"," 89"," 48","171"
"IE-0160-M342-13.dw.png","103"," 92","116"," 93","133","135","138","108","148"," 64","178","138","206","155","200","143","222","128","206","119","224","101","228"," 80","236"," 63","239","152","262","134","300","115","319","113","325","100"," 40","125"
"IE-0160-M342-14.dw.png","101"," 99","114"," 97","132","135","136","107","135"," 65","176","132","203","145","196","135","218","116","200","108","217"," 89","217"," 66","223"," 50","238","137","259","115","292"," 91","311"," 88","311"," 74"," 42","141"
"IE-0160-M342-3.dw.png","215","120","228","119","249","159","253","130","256"," 87","295","156","322","170","316","159","333","140","321","133","336","112","335"," 91","340"," 76","355","164","378","140","412","115","430","111","433"," 98","156","161"
"IE-0160-M342-4.dw.png","102","112","113","112","130","154","138","127","143"," 85","173","158","198","175","193","164","214","147","200","137","219","120","221"," 98","228"," 82","232","172","254","154","293","134","309","132","313","117"," 39","145"
"IE-0160-M342-5.dw.png","106","118","121","116","141","155","146","126","147"," 85","186","151","217","166","209","155","229","137","214","128","230","108","230"," 87","237"," 70","250","159","272","137","310","114","329","109","332"," 93"," 51","163"
"IE-0160-M342-6.dw.png","102","124","117","123","138","165","140","136","144"," 92","184","165","209","179","202","168","225","152","208","142","226","123","227","101","233"," 83","246","173","268","153","304","130","321","128","323","112"," 41","165"
"IE-0160-M342-7.dw.png","103","123","115","122","139","160","139","131","140"," 87","183","155","211","168","203","158","222","139","209","131","221","110","221"," 88","227"," 69","243","160","262","137","298","111","314","106","316"," 91"," 46","167"
"IE-0160-M342-8.dw.png","110","110","122","109","145","150","148","121","150"," 76","191","148","217","162","211","151","231","133","216","125","231","104","231"," 81","238"," 65","252","155","273","134","308","108","325","106","327"," 91"," 50","153"
"IE-0160-M342-9.dw.png","101","129","116","126","144","162","140","135","134"," 91","186","156","216","166","207","157","222","136","206","131","222","108","220"," 86","223"," 67","248","156","266","133","300","103","317"," 96","317"," 81"," 48","175"
"IE-0161-M343G22-1.dw.png","121","100","135"," 99","153","138","152","110","161"," 69","195","141","219","156","214","145","236","127","221","118","239","100","240"," 78","249"," 62","255","150","277","130","318","109","335","106","340"," 93"," 61","136"
"IE-0161-M343G22-10.dw.png","107"," 96","121"," 95","137","137","137","107","151"," 67","178","139","205","154","198","143","219","127","205","117","225","101","225"," 78","236"," 63","239","151","260","131","300","112","318","110","323"," 96"," 50","131"
"IE-0161-M343G22-11.dw.png","103"," 82","116"," 82","133","121","135"," 94","145"," 55","174","122","203","137","196","126","218","110","203","102","220"," 84","220"," 63","231"," 49","238","133","258","113","298"," 93","316"," 90","318"," 75"," 47","118"
"IE-0161-M343G22-12.dw.png","112"," 93","126"," 91","149","131","148","102","155"," 61","192","129","220","143","214","132","236","114","218","105","234"," 86","235"," 63","246"," 47","256","135","276","114","315"," 91","334"," 86","338"," 71"," 55","134"
"IE-0161-M343G22-2.dw.png","124","121","138","118","164","152","162","126","159"," 84","205","143","235","153","228","143","245","122","226","116","240"," 95","236"," 74","243"," 55","270","139","285","116","319"," 87","339"," 80","340"," 64"," 75","171"
"IE-0161-M343G22-3.dw.png","123"," 92","139"," 92","150","133","159","107","169"," 66","192","138","219","157","213","145","238","131","223","120","243","104","248"," 81","259"," 67","254","156","278","138","320","121","340","120","345","106"," 59","123"
"IE-0161-M343G22-4.dw.png","128","107","142","104","163","140","165","112","164"," 69","206","132","236","140","228","131","249","110","229","104","245"," 83","243"," 62","250"," 43","273","127","289","105","325"," 77","346"," 69","345"," 53"," 74","158"
"IE-0161-M343G22-5.dw.png","141"," 94","155"," 95","164","134","171","108","183"," 70","207","138","234","157","229","145","254","132","241","121","259","105","261"," 84","272"," 69","269","156","293","138","334","122","352","120","358","107"," 77","125"
"IE-0161-M343G22-6.dw.png","131","119","147","118","166","158","167","130","177"," 88","208","158","235","173","228","163","250","146","235","136","255","119","256"," 97","266"," 81","271","169","294","149","331","131","352","127","356","112"," 70","156"
"IE-0161-M343G22-7.dw.png","102"," 99","117"," 97","140","134","139","107","141"," 66","178","130","209","143","201","133","220","114","203","107","220"," 87","220"," 65","230"," 49","242","135","260","113","298"," 88","319"," 84","321"," 69"," 44","141"
"IE-0161-M343G22-8.dw.png","136","139","148","134","181","166","174","140","167"," 99","220","155","248","162","239","153","256","130","240","126","251","104","246"," 82","253"," 66","279","148","294","122","327"," 92","346"," 83","347"," 69"," 87","191"
"IE-0162-M343WW-1.dw.png","111"," 90","124"," 91","138","136","144","110","155"," 70","174","146","200","169","194","155","220","143","207","131","229","119","235"," 97","245"," 81","236","172","259","158","302","147","322","147","329","135"," 44","114"
"IE-0162-M343WW-10.dw.png","111","100","125"," 98","146","136","148","109","153"," 67","188","135","218","149","210","138","233","121","215","113","233"," 93","233"," 71","239"," 54","253","142","272","122","313"," 97","330"," 93","333"," 79"," 55","139"
"IE-0162-M343WW-12.dw.png","106","106","121","105","141","144","142","115","150"," 72","186","141","214","155","207","144","227","125","211","118","230"," 98","230"," 76","238"," 57","249","148","267","126","306","103","328"," 98","331"," 82"," 50","149"
"IE-0162-M343WW-2.dw.png","106","102","120","100","143","139","143","110","147"," 66","184","135","216","147","206","137","228","119","209","112","227"," 90","225"," 69","229"," 50","253","139","273","117","305"," 93","322"," 88","326"," 73"," 50","142"
"IE-0162-M343WW-3.dw.png"," 96"," 95","110"," 94","132","132","134","105","137"," 63","174","130","203","144","194","133","215","116","200","110","218"," 90","217"," 68","223"," 51","237","138","255","118","292"," 94","310"," 89","315"," 75"," 41","134"
"IE-0162-M343WW-4.dw.png","111","105","126","104","145","143","146","115","154"," 73","187","143","216","157","209","147","233","129","214","119","233","101","234"," 79","243"," 60","253","151","273","132","313","109","333","103","338"," 88"," 51","145"
"IE-0162-M343WW-5.dw.png","100","108","113","106","137","142","137","116","136"," 75","179","140","207","152","200","142","218","123","200","116","216"," 97","216"," 76","222"," 58","241","145","258","124","292"," 99","313"," 93","313"," 77"," 51","152"
"IE-0162-M343WW-6.dw.png","117"," 97","131"," 96","150","135","153","108","156"," 69","192","137","218","151","211","141","232","125","218","116","237"," 98","238"," 77","246"," 59","252","148","274","129","311","107","329","103","332"," 88"," 54","131"
"IE-0162-M343WW-7.dw.png","114"," 97","129"," 98","146","139","151","111","161"," 71","189","141","217","160","211","147","235","133","220","123","239","106","241"," 83","250"," 67","253","157","275","138","315","121","334","118","338","103"," 53","131"
"IE-0162-M343WW-8.dw.png","115","100","131","101","143","142","149","114","162"," 75","187","148","212","166","206","154","230","139","216","129","237","114","242"," 91","248"," 74","248","166","271","148","313","131","331","129","338","115"," 51","129"
"IE-0162-M343WW-9.dw.png","116"," 98","132"," 96","152","133","153","105","158"," 62","199","130","226","143","220","132","242","113","223","105","241"," 86","240"," 62","247"," 44","264","134","284","112","322"," 88","341"," 82","345"," 65"," 60","141"
"IE-0163-M343-10.dw.png"," 96","158","109","154","135","187","135","162","128","120","175","180","209","189","200","180","218","158","201","151","217","130","212","110","215"," 92","242","176","260","153","296","122","315","114","315","101"," 48","208"
"IE-0163-M343-11.dw.png","101","145","113","141","138","176","141","150","131","108","180","170","210","179","202","169","219","148","205","142","219","118","215"," 98","220"," 81","245","166","260","143","297","113","315","106","314"," 91"," 49","194"
"IE-0163-M343-2.dw.png","101","120","113","114","141","149","142","122","131"," 82","181","141","212","148","202","140","223","117","205","111","218"," 89","214"," 69","217"," 53","244","136","262","111","295"," 81","314"," 74","313"," 59"," 56","170"
"IE-0163-M343-3.dw.png","107","104","122","102","142","141","148","114","146"," 73","184","139","213","152","205","142","224","123","213","116","229"," 98","230"," 77","237"," 61","247","146","268","126","306","103","326"," 98","330"," 84"," 48","143"
"IE-0163-M343-4.dw.png","104","108","118","108","133","149","140","124","146"," 83","173","153","202","172","195","160","221","146","204","134","225","119","228"," 98","237"," 83","236","171","260","152","301","137","321","135","328","122"," 44","141"
"IE-0163-M343-5.dw.png"," 94","165","107","158","138","190","133","164","120","126","177","177","210","181","201","173","216","150","195","146","208","123","202","105","204"," 87","240","165","253","140","284","107","302"," 96","301"," 82"," 54","222"
"IE-0163-M343-6.dw.png","104","128","117","123","142","157","143","132","138"," 91","182","152","216","161","207","152","223","132","210","126","223","106","221"," 85","226"," 69","249","151","266","129","303","102","322"," 94","325"," 82"," 51","172"
"IE-0163-M343-7.dw.png","108","139","122","134","143","170","147","143","141","104","186","163","219","173","211","163","229","143","211","136","227","116","224"," 95","229"," 77","252","162","270","139","306","111","326","103","327"," 90"," 53","186"
"IE-0163-M343-8.dw.png","103","124","117","121","136","158","139","132","137"," 91","177","156","209","169","201","160","219","140","207","133","223","113","221"," 92","227"," 74","244","162","262","140","303","115","318","110","323"," 97"," 48","166"
"IE-0164-M344G22-10.dw.png","119","109","133","106","157","141","156","114","155"," 72","202","133","230","143","221","133","237","114","220","106","236"," 86","234"," 64","240"," 48","262","132","279","109","311"," 81","332"," 74","334"," 59"," 61","154"
"IE-0164-M344G22-11.dw.png","115"," 91","127"," 88","153","123","150"," 95","145"," 55","191","116","218","127","211","117","229"," 97","213"," 89","228"," 70","224"," 47","231"," 30","252","117","267"," 94","304"," 66","323"," 59","325"," 46"," 53","136"
"IE-0164-M344G22-12.dw.png","112","109","126","104","154","135","148","110","141"," 69","194","124","222","132","211","123","228","100","211"," 95","225"," 73","219"," 50","224"," 33","255","117","267"," 93","300"," 59","321"," 50","320"," 32"," 59","161"
"IE-0164-M344G22-2.dw.png","164","213","176","204","215","226","196","203","180","165","249","201","277","200","265","195","276","167","256","168","263","142","251","124","250","106","305","173","310","146","330","106","344"," 93","337"," 78","132","280"
"IE-0164-M344G22-3.dw.png","103"," 93","116"," 94","134","132","137","107","143"," 65","172","135","199","150","193","140","213","122","203","114","220"," 98","223"," 76","233"," 60","234","147","252","131","296","110","316","107","322"," 94"," 37","126"
"IE-0164-M344G22-4.dw.png","125"," 98","137"," 97","154","136","159","110","166"," 69","198","138","222","154","215","143","237","127","223","117","243","100","245"," 78","254"," 63","257","149","276","131","315","111","335","109","340"," 95"," 60","130"
"IE-0164-M344G22-5.dw.png","116","102","130","102","147","143","150","117","159"," 75","191","146","216","164","208","152","231","136","218","126","238","109","240"," 86","249"," 72","250","161","272","142","312","123","333","122","338","109"," 46","133"
"IE-0164-M344G22-6.dw.png","115","106","125","105","145","143","149","118","155"," 78","185","145","213","161","206","151","228","134","212","123","233","108","234"," 86","244"," 70","248","157","267","139","307","118","328","114","331","100"," 48","138"
"IE-0164-M344G22-7.dw.png","104"," 97","118"," 95","143","131","139","103","140"," 61","185","125","210","137","200","127","221","107","207","100","222"," 81","221"," 59","226"," 43","243","127","260","106","298"," 79","317"," 75","318"," 63"," 47","143"
"IE-0164-M344G22-8.dw.png","131","157","144","152","173","187","167","159","163","119","213","177","241","185","231","177","249","155","233","149","249","127","244","105","248"," 90","275","172","288","150","322","118","341","111","342"," 95"," 76","209"
"IE-0164-M344G22-9.dw.png","133","115","147","110","175","144","168","117","164"," 75","215","134","244","143","232","134","251","113","233","107","249"," 85","244"," 63","249"," 46","276","131","290","108","324"," 76","342"," 70","346"," 54"," 81","165"
"IE-0165-M344WL-20.dw.png","143","124","157","123","180","161","181","132","182"," 90","224","157","253","169","244","158","266","140","246","131","266","112","267"," 90","274"," 73","287","160","307","138","343","114","363","109","364"," 93"," 88","168"
"IE-0165-M344WL-28.dw.png","149","117","161","117","172","161","182","135","194"," 94","214","170","241","190","236","179","261","165","246","152","271","140","278","118","286","105","276","192","300","177","345","164","363","163","369","151"," 78","140"
"IE-0165-M344WL-31.dw.png","132","132","145","132","165","170","167","142","170","103","208","168","238","182","231","173","252","154","234","144","253","126","254","106","261"," 90","271","176","291","156","330","133","350","128","353","114"," 74","171"
"IE-0165-M344WL-53.dw.png","149","135","162","133","186","172","185","144","188","101","227","169","258","182","250","172","269","152","253","145","274","125","275","103","280"," 88","291","174","311","154","350","129","368","125","369","110"," 90","175"
"IE-0165-M344WL-54.dw.png","144","112","157","111","177","152","181","124","184"," 82","221","152","248","169","242","157","266","141","248","131","270","114","271"," 92","278"," 77","286","164","306","145","349","124","365","121","370","108"," 82","150"
"IE-0165-M344WL-59.dw.png","138","128","151","127","176","163","175","136","175"," 93","220","158","249","170","241","160","261","140","242","133","262","112","262"," 90","266"," 74","284","160","301","140","338","113","356","107","358"," 92"," 80","170"
"IE-0165-M344WL-69.dw.png","143","130","156","128","180","163","178","136","178"," 96","220","158","251","171","244","161","262","142","246","135","266","116","266"," 94","269"," 77","285","162","304","140","339","114","358","109","360"," 95"," 91","174"
"IE-0165-M344WL-71.dw.png","129","110","144","111","157","149","165","124","170"," 83","199","150","228","167","222","156","247","141","225","131","249","116","252"," 95","259"," 81","264","164","283","146","323","128","340","125","344","112"," 71","143"
"IE-0165-M344WL-72.dw.png","149","122","161","121","188","158","187","131","185"," 89","231","154","261","167","253","156","274","138","255","129","274","110","274"," 89","281"," 73","297","158","314","137","354","113","369","108","371"," 93"," 92","167"
"IE-0165-M344WL-79.dw.png","147","126","163","128","177","168","182","142","190","100","218","171","245","189","240","177","263","163","247","152","269","138","273","116","282","101","282","187","303","170","344","153","363","152","369","137"," 85","158"
"IE-0166-M345G22-1.dw.png","154","112","170","109","193","143","188","116","187"," 76","233","134","260","143","251","134","271","113","255","108","270"," 88","266"," 67","271"," 50","294","131","311","109","344"," 83","364"," 75","363"," 59","101","162"
"IE-0166-M345G22-10.dw.png","119","104","136","102","155","142","156","113","159"," 73","194","139","223","152","214","141","237","124","219","114","239"," 96","239"," 76","248"," 59","258","145","278","125","316","104","338"," 98","339"," 85"," 61","145"
"IE-0166-M345G22-11.dw.png","119","138","134","132","163","162","154","136","148"," 97","200","147","229","151","218","145","234","120","218","117","230"," 95","223"," 75","227"," 56","262","133","274","108","303"," 75","322"," 64","319"," 50"," 76","196"
"IE-0166-M345G22-12.dw.png","126","123","141","117","169","150","163","124","157"," 84","208","138","234","144","224","135","242","115","224","111","239"," 89","234"," 69","239"," 51","268","129","281","106","317"," 77","335"," 68","333"," 54"," 76","175"
"IE-0166-M345G22-2.dw.png","116","132","130","126","159","159","156","132","147"," 93","198","146","227","153","217","144","235","122","216","116","232"," 95","226"," 75","229"," 57","262","135","273","112","306"," 81","326"," 72","323"," 56"," 68","187"
"IE-0166-M345G22-3.dw.png","102"," 99","117"," 98","134","136","138","109","142"," 67","178","133","207","146","199","135","222","117","205","109","221"," 90","221"," 69","230"," 53","243","137","261","117","299"," 94","319"," 89","320"," 75"," 44","142"
"IE-0166-M345G22-4.dw.png","125"," 98","140"," 97","156","135","157","107","162"," 67","197","133","226","148","219","137","241","120","226","112","246"," 94","247"," 71","255"," 55","263","141","282","123","323","101","343"," 97","346"," 81"," 63","139"
"IE-0166-M345G22-5.dw.png","123","121","136","118","161","155","160","127","158"," 86","202","149","231","159","222","149","241","129","223","122","241","102","239"," 81","246"," 64","266","148","282","126","320"," 99","340"," 92","341"," 79"," 68","169"
"IE-0166-M345G22-6.dw.png","124","119","141","114","164","147","158","120","154"," 79","203","135","234","142","225","133","243","111","224","106","238"," 84","233"," 63","238"," 46","266","126","280","104","316"," 70","333"," 62","332"," 47"," 72","171"
"IE-0166-M345G22-7.dw.png","120","140","135","133","162","165","155","138","147"," 99","200","151","231","155","220","148","236","125","219","121","232"," 99","226"," 79","230"," 62","260","139","275","115","307"," 84","325"," 74","323"," 59"," 74","195"
"IE-0166-M345G22-8.dw.png","108"," 92","125"," 91","147","129","145","102","146"," 63","184","126","210","139","202","128","226","111","208","102","226"," 84","226"," 63","234"," 47","246","132","263","113","300"," 91","321"," 86","322"," 71"," 50","131"
"IE-0166-M345G22-9.dw.png","125","116","139","111","168","144","163","118","156"," 79","206","135","233","142","224","133","243","112","225","107","241"," 85","236"," 65","242"," 48","267","127","281","105","316"," 75","337"," 67","336"," 52"," 76","166"
"IE-0167-M346G22-1.dw.png","106","137","119","132","146","165","145","138","138"," 96","191","155","223","164","212","154","228","132","210","127","224","106","220"," 84","225"," 67","254","151","269","126","304"," 96","322"," 88","320"," 74"," 56","186"
"IE-0167-M346G22-10.dw.png","114","112","126","108","150","142","147","116","149"," 74","192","136","223","148","214","137","232","119","214","112","232"," 92","230"," 70","237"," 53","256","137","274","114","308"," 89","330"," 82","331"," 69"," 58","156"
"IE-0167-M346G22-11.dw.png","116"," 96","129"," 92","150","128","149","101","151"," 61","193","124","223","136","213","126","232","106","217","100","234"," 80","233"," 58","240"," 42","255","127","272","106","310"," 80","330"," 75","333"," 61"," 59","137"
"IE-0167-M346G22-12.dw.png","125","112","137","109","158","143","161","117","159"," 75","203","137","234","147","225","137","245","118","225","111","243"," 92","238"," 70","245"," 52","270","135","286","114","320"," 88","336"," 82","337"," 67"," 72","158"
"IE-0167-M346G22-2.dw.png","113","103","126","100","146","137","149","110","147"," 69","188","133","218","146","210","135","228","118","212","110","230"," 91","230"," 68","235"," 51","252","139","270","118","306"," 93","323"," 88","325"," 73"," 57","146"
"IE-0167-M346G22-3.dw.png","102","109","115","104","137","137","139","110","134"," 70","180","128","212","139","201","128","217","107","204","102","217"," 80","211"," 57","217"," 40","247","124","260","102","294"," 71","311"," 63","311"," 47"," 52","159"
"IE-0167-M346G22-4.dw.png","119","118","132","114","160","149","157","123","153"," 80","204","141","234","150","226","140","243","121","226","114","240"," 92","236"," 71","240"," 54","268","138","284","116","317"," 88","336"," 80","337"," 65"," 68","165"
"IE-0167-M346G22-5.dw.png","113","118","127","116","149","154","150","127","152"," 85","193","150","221","164","212","152","231","134","218","127","232","107","231"," 85","238"," 69","251","157","271","136","311","112","332","107","334"," 92"," 55","158"
"IE-0167-M346G22-6.dw.png","122","129","135","126","164","163","158","133","157"," 91","205","156","235","166","225","156","242","136","228","129","241","108","237"," 86","244"," 67","268","154","284","130","319","103","338"," 97","338"," 81"," 70","179"
"IE-0167-M346G22-7.dw.png","127","129","142","125","170","159","165","132","163"," 91","209","151","241","160","232","150","250","129","232","124","245","104","241"," 82","248"," 64","273","147","291","122","322"," 96","339"," 89","337"," 74"," 77","178"
"IE-0167-M346G22-8.dw.png","118","106","132","102","162","134","155","107","148"," 66","206","124","232","131","223","123","242","100","222"," 96","235"," 74","231"," 52","236"," 36","267","118","280"," 94","313"," 63","331"," 56","329"," 41"," 66","157"
"IE-0167-M346G22-9.dw.png","110","116","123","111","150","144","146","118","143"," 78","190","136","222","144","213","135","229","113","211","108","227"," 88","222"," 66","228"," 49","254","131","269","108","303"," 80","321"," 71","320"," 57"," 59","166"
"IE-0168-M347G22-1.dw.png","150"," 94","165"," 93","185","131","184","102","191"," 63","230","129","256","142","249","132","270","113","253","104","271"," 86","273"," 64","279"," 46","292","135","312","115","355"," 90","369"," 88","371"," 71"," 95","136"
"IE-0168-M347G22-10.dw.png","120","121","134","120","151","158","155","130","158"," 89","197","155","222","167","216","158","237","138","218","128","237","110","238"," 88","245"," 72","256","160","275","139","320","113","338","110","340"," 92"," 63","161"
"IE-0168-M347G22-11.dw.png","113","125","127","123","148","160","148","134","150"," 93","188","158","215","173","208","162","230","143","211","134","231","116","232"," 94","241"," 79","248","166","270","144","311","121","331","117","334","104"," 56","164"
"IE-0168-M347G22-12.dw.png","121","110","133","108","152","145","153","118","158"," 79","195","144","222","157","215","147","235","128","219","119","235","100","235"," 80","244"," 64","254","150","273","129","310","106","329","103","333"," 88"," 66","151"
"IE-0168-M347G22-2.dw.png","126","109","138","106","164","144","161","116","162"," 74","207","139","234","151","226","141","248","121","226","113","244"," 92","245"," 71","251"," 53","267","143","286","120","324"," 93","341"," 88","345"," 70"," 72","153"
"IE-0168-M347G22-3.dw.png","142"," 96","154"," 94","179","130","172","101","175"," 62","217","126","244","137","236","127","255","107","240","100","256"," 81","253"," 60","261"," 43","276","128","295","105","329"," 82","348"," 76","349"," 62"," 88","141"
"IE-0168-M347G22-4.dw.png","124","115","136","110","166","143","157","115","155"," 74","205","134","233","142","225","133","242","111","225","106","240"," 83","237"," 62","242"," 43","267","128","282","104","315"," 76","335"," 67","334"," 51"," 72","167"
"IE-0168-M347G22-5.dw.png","122"," 99","137"," 99","149","138","153","111","163"," 72","192","141","221","156","213","146","235","129","220","119","240","103","243"," 82","252"," 66","253","154","275","136","317","116","335","112","339"," 98"," 64","133"
"IE-0168-M347G22-6.dw.png","117","124","128","119","157","152","149","125","142"," 85","193","141","224","147","214","138","233","115","214","111","227"," 88","221"," 67","226"," 49","258","131","271","107","303"," 75","320"," 66","318"," 52"," 68","179"
"IE-0168-M347G22-7.dw.png","134","118","147","113","173","148","168","120","165"," 81","214","139","242","147","233","138","250","116","232","110","247"," 89","244"," 67","249"," 51","275","134","290","111","324"," 81","341"," 75","342"," 60"," 85","167"
"IE-0168-M347G22-8.dw.png","128","105","141","103","158","144","158","114","167"," 74","199","144","227","160","220","148","242","132","224","121","244","104","246"," 84","256"," 67","261","156","283","135","321","115","342","111","346"," 97"," 65","138"
"IE-0168-M347G22-9.dw.png","118","118","131","115","154","148","148","121","147"," 81","192","139","222","147","212","138","231","117","214","111","228"," 90","225"," 70","231"," 53","254","134","271","110","304"," 82","325"," 75","325"," 61"," 63","166"
"IE-0169-M349G22-1.dw.png","106","126","117","121","154","158","148","131","141"," 89","191","153","220","164","210","153","226","133","208","125","226","106","225"," 83","230"," 65","253","153","268","131","301","102","319"," 95","318"," 80"," 54","174"
"IE-0169-M349G22-10.dw.png","120","103","133","103","159","143","156","115","159"," 75","194","144","222","159","217","149","236","132","219","121","241","104","242"," 82","249"," 65","257","154","277","136","316","113","333","111","335"," 94"," 60","142"
"IE-0169-M349G22-11.dw.png","105","111","119","107","156","144","145","117","139"," 73","190","138","219","148","209","139","226","118","208","111","225"," 91","223"," 67","228"," 51","251","137","266","114","306"," 86","321"," 79","321"," 63"," 52","160"
"IE-0169-M349G22-12.dw.png","122","117","134","112","171","147","158","120","152"," 78","204","140","233","149","224","140","239","119","221","111","237"," 90","235"," 68","238"," 50","266","136","281","113","318"," 85","333"," 78","332"," 63"," 68","171"
"IE-0169-M349G22-2.dw.png","118","103","130","101","155","144","152","113","155"," 72","192","144","219","158","212","147","231","130","213","118","235","101","237"," 79","243"," 61","252","153","272","133","314","110","332","106","335"," 92"," 63","146"
"IE-0169-M349G22-3.dw.png","115","108","127","105","159","144","154","116","151"," 71","194","139","223","149","216","140","231","120","214","112","233"," 92","232"," 69","237"," 53","255","140","269","119","311"," 89","328"," 82","330"," 70"," 60","155"
"IE-0169-M349G22-4.dw.png","126"," 93","137"," 91","163","134","161","105","164"," 62","202","135","229","150","222","139","241","122","225","112","244"," 93","248"," 71","254"," 54","262","145","280","126","321","104","340","101","343"," 85"," 65","134"
"IE-0169-M349G22-5.dw.png","130","130","143","125","175","162","168","133","161"," 89","214","154","241","163","233","154","249","132","230","125","247","104","245"," 82","249"," 65","274","151","289","128","326"," 98","341"," 92","340"," 76"," 75","182"
"IE-0169-M349G22-6.dw.png","127","112","141","107","175","142","167","115","161"," 73","213","133","242","141","233","132","247","111","230","105","247"," 84","243"," 63","246"," 44","273","129","287","106","320"," 76","340"," 68","340"," 53"," 77","164"
"IE-0169-M349G22-7.dw.png","119","116","132","113","161","152","158","125","155"," 83","196","150","223","162","215","152","235","134","217","125","237","106","238"," 86","243"," 70","257","155","274","135","311","112","330","108","331"," 92"," 64","157"
"IE-0169-M349G22-8.dw.png","138"," 90","150"," 88","172","130","174","102","176"," 60","212","133","237","149","230","137","250","122","234","108","256"," 94","260"," 72","268"," 57","270","146","293","128","335","108","351","106","353"," 90"," 75","126"
"IE-0169-M349G22-9.dw.png","105","118","117","114","151","148","143","121","137"," 78","187","139","217","147","208","138","220","116","204","111","220"," 88","216"," 66","219"," 48","249","133","261","111","297"," 77","313"," 70","313"," 55"," 57","172"
"IE-0170-M350G22-10.dw.png","102","121","116","117","140","154","138","126","138"," 86","182","149","211","159","201","150","219","129","205","123","220","102","217"," 79","222"," 62","245","149","261","126","296","100","314"," 94","315"," 79"," 49","167"
"IE-0170-M350G22-11.dw.png","107","100","121","103","133","145","138","120","152"," 81","167","154","192","174","187","161","210","150","198","138","221","126","226","104","238"," 91","226","176","250","164","292","151","310","151","318","138"," 43","120"
"IE-0170-M350G22-12.dw.png","109","110","125","109","143","150","141","121","150"," 81","180","151","211","167","200","156","224","139","209","129","230","113","232"," 91","241"," 75","247","162","264","144","304","123","324","120","327","104"," 45","145"
"IE-0170-M350G22-13.dw.png","100","116","115","115","137","155","137","128","142"," 85","175","155","203","171","196","159","218","142","203","133","223","115","223"," 91","232"," 75","239","166","261","145","302","122","321","118","324","103"," 40","152"
"IE-0170-M350G22-14.dw.png","104"," 94","118"," 96","130","138","136","112","149"," 72","167","146","192","166","186","154","210","141","199","130","221","116","226"," 93","236"," 79","227","169","252","153","297","139","314","139","320","125"," 39","117"
"IE-0170-M350G22-15.dw.png","106","114","121","110","145","146","140","118","141"," 79","182","141","212","152","202","142","222","122","206","115","224"," 96","221"," 75","227"," 59","243","143","261","121","296"," 94","314"," 86","315"," 71"," 50","159"
"IE-0170-M350G22-16.dw.png","106","102","119","101","137","140","138","112","143"," 71","179","139","206","156","199","144","223","128","207","119","225","101","227"," 80","235"," 64","240","151","261","132","302","111","322","108","325"," 94"," 42","136"
"IE-0170-M350G22-5.dw.png","107","103","119","103","134","143","140","116","145"," 79","172","149","197","168","191","156","215","142","199","128","220","114","224"," 93","232"," 79","232","167","251","150","294","134","315","133","321","119"," 40","129"
"IE-0170-M350G22-6.dw.png","104","114","120","114","136","154","139","126","145"," 86","175","155","203","171","197","160","219","143","201","132","222","115","225"," 94","233"," 77","240","166","258","148","300","127","319","123","322","108"," 41","149"
"IE-0170-M350G22-7.dw.png","108"," 98","124"," 98","140","138","142","109","148"," 70","183","139","208","155","203","143","225","127","208","117","229","101","231"," 79","238"," 64","243","151","263","132","304","111","323","108","326"," 93"," 45","131"
"IE-0170-M350G22-8.dw.png","106","120","120","118","142","154","141","127","140"," 86","184","150","211","164","204","152","226","134","207","125","225","107","223"," 86","229"," 68","248","154","263","133","301","108","321","102","323"," 89"," 47","162"
"IE-0170-M350G22-9.dw.png","108","115","121","113","145","148","143","123","144"," 80","183","143","214","154","204","145","223","126","206","118","223"," 98","221"," 76","227"," 61","248","145","266","124","302"," 97","319"," 91","321"," 77"," 54","158"
"IE-0171-M351G22-10.dw.png","106","107","119","105","140","144","140","115","143"," 74","183","142","211","156","203","146","224","128","207","119","224","100","227"," 78","235"," 60","249","149","265","128","304","106","323","100","327"," 86"," 47","147"
"IE-0171-M351G22-11.dw.png"," 97"," 95","111"," 96","125","136","129","109","141"," 71","169","142","191","158","186","146","208","132","196","122","214","108","218"," 86","228"," 72","225","157","249","139","290","123","307","122","312","110"," 36","122"
"IE-0171-M351G22-12.dw.png","105"," 95","118"," 93","135","137","141","108","148"," 67","177","139","205","155","197","144","222","128","207","117","227","100","230"," 79","240"," 62","243","152","262","132","305","114","326","110","331"," 97"," 39","128"
"IE-0171-M351G22-13.dw.png","103","100","117"," 99","137","138","140","111","144"," 68","183","137","210","150","204","139","223","121","207","112","226"," 95","227"," 72","234"," 55","244","143","264","123","305"," 99","324"," 94","327"," 79"," 45","139"
"IE-0171-M351G22-14.dw.png","101","100","114"," 97","134","135","136","109","137"," 68","176","133","207","146","198","136","219","118","201","108","221"," 89","221"," 69","228"," 51","240","139","259","118","296"," 93","316"," 87","320"," 72"," 41","142"
"IE-0171-M351G22-15.dw.png","107"," 98","121"," 97","139","138","143","111","149"," 69","181","139","209","153","202","143","226","125","210","116","228"," 98","231"," 76","240"," 59","242","148","266","128","306","107","327","103","332"," 90"," 45","135"
"IE-0171-M351G22-3.dw.png"," 98","122","112","118","140","155","134","126","131"," 83","184","145","211","154","205","144","221","123","201","116","219"," 95","216"," 73","220"," 54","247","141","266","117","300"," 86","315"," 78","316"," 64"," 48","175"
"IE-0171-M351G22-4.dw.png","104","113","117","110","141","145","141","119","139"," 78","186","138","212","149","206","139","223","118","205","112","222"," 93","220"," 71","225"," 54","246","138","263","116","300"," 88","318"," 81","318"," 66"," 51","158"
"IE-0171-M351G22-5.dw.png"," 99","109","113","107","138","144","136","118","138"," 76","183","143","209","155","201","145","222","126","203","118","224"," 99","223"," 76","230"," 59","241","149","264","126","303","101","322"," 96","324"," 79"," 41","148"
"IE-0171-M351G22-7.dw.png","103","126","113","121","143","153","137","127","129"," 88","182","142","213","150","203","141","220","119","200","114","214"," 92","210"," 72","212"," 54","246","135","259","110","290"," 79","307"," 71","306"," 57"," 52","176"
"IE-0171-M351G22-8.dw.png","106","116","120","113","139","151","141","124","141"," 83","181","148","211","161","204","152","224","133","207","124","226","105","225"," 85","233"," 66","245","153","264","133","301","108","322","102","326"," 87"," 47","158"
"IE-0171-M351G22-9.dw.png","101","117","113","114","141","150","135","121","131"," 80","184","140","210","150","202","140","217","119","200","113","216"," 92","212"," 71","218"," 53","242","138","257","113","294"," 84","311"," 78","310"," 63"," 50","167"
"IE-0172-M352G22-10.dw.png"," 94","127","108","123","135","160","133","131","128"," 87","180","152","209","161","201","151","220","130","199","124","219","101","214"," 80","219"," 61","246","148","263","124","298"," 96","318"," 89","319"," 72"," 38","176"
"IE-0172-M352G22-11.dw.png","104"," 95","119"," 95","133","134","137","107","145"," 67","176","138","202","155","196","143","219","126","203","116","224","100","226"," 79","235"," 62","240","151","260","131","300","112","319","108","324"," 95"," 40","127"
"IE-0172-M352G22-12.dw.png"," 91","105","103","103","129","139","126","112","128"," 70","168","136","200","147","189","138","212","118","194","110","212"," 90","211"," 69","219"," 52","236","138","252","116","292"," 88","310"," 84","313"," 68"," 30","148"
"IE-0172-M352G22-13.dw.png","101","145","114","140","145","175","140","146","133","103","186","164","217","172","207","162","227","139","204","134","220","111","216"," 89","221"," 71","252","156","269","130","305"," 97","319"," 89","319"," 74"," 53","199"
"IE-0172-M352G22-14.dw.png"," 99"," 95","114"," 96","126","136","132","109","142"," 70","167","142","195","160","187","149","213","133","199","122","221","107","224"," 85","234"," 70","229","158","253","141","295","122","316","121","321","107"," 31","123"
"IE-0172-M352G22-15.dw.png","100"," 98","115"," 95","134","132","135","106","138"," 64","177","133","205","146","197","135","220","117","202","108","220"," 89","220"," 67","227"," 51","239","140","261","117","297"," 93","317"," 89","320"," 73"," 40","136"
"IE-0172-M352G22-16.dw.png","101","100","115"," 97","139","135","139","108","139"," 66","180","131","210","143","202","132","223","114","204","106","221"," 87","220"," 65","226"," 49","243","135","263","112","302"," 87","319"," 82","321"," 68"," 45","142"
"IE-0172-M352G22-17.dw.png"," 92","146","105","140","136","172","127","145","122","104","175","161","204","168","193","160","212","135","193","131","205","108","202"," 87","205"," 68","239","150","252","124","284"," 91","300"," 83","301"," 66"," 43","201"
"IE-0172-M352G22-18.dw.png"," 99"," 96","114"," 95","137","136","134","107","139"," 68","173","137","198","152","192","142","216","125","198","114","217"," 99","220"," 76","228"," 61","236","149","256","130","298","110","315","107","318"," 92"," 37","128"
"IE-0172-M352G22-6.dw.png","100","138","112","133","147","165","136","137","129"," 96","187","153","217","161","206","152","223","128","202","125","217","100","212"," 79","217"," 61","250","145","266","118","297"," 87","314"," 79","314"," 63"," 50","192"
"IE-0172-M352G22-7.dw.png","104","105","119","103","138","141","140","113","143"," 73","181","139","213","151","201","142","225","122","209","114","228"," 94","226"," 73","233"," 57","248","143","264","123","304"," 97","324"," 92","327"," 78"," 43","144"
"IE-0172-M352G22-8.dw.png"," 96","102","110","100","136","139","131","111","133"," 72","173","137","201","152","191","141","214","123","197","112","214"," 96","215"," 73","222"," 58","234","146","255","124","295","101","313"," 96","314"," 81"," 36","139"
"IE-0173-M353G22-10.dw.png","104","114","118","111","141","149","143","121","142"," 80","185","145","210","157","204","148","226","129","206","120","224","101","224"," 79","232"," 61","245","148","267","126","302","103","320"," 97","323"," 84"," 47","154"
"IE-0173-M353G22-11.dw.png","102"," 78","115"," 79","130","122","136"," 96","149"," 55","172","130","194","150","190","137","215","125","200","114","222"," 98","226"," 78","241"," 64","231","151","254","135","298","121","320","121","326","107"," 35","105"
"IE-0173-M353G22-12.dw.png","104","144","116","140","150","174","138","146","132","105","188","163","217","169","207","161","225","138","204","134","218","112","215"," 91","220"," 72","250","155","265","130","298"," 98","313"," 91","312"," 75"," 54","197"
"IE-0173-M353G22-13.dw.png"," 99","134","112","130","140","165","135","137","130"," 95","180","154","212","160","202","152","221","130","200","124","217","102","211"," 81","215"," 62","242","146","258","122","291"," 89","309"," 81","307"," 66"," 47","186"
"IE-0173-M353G22-14.dw.png","104","109","116","107","142","144","140","118","144"," 76","182","142","208","155","202","144","222","127","205","119","223","100","222"," 79","231"," 62","241","147","261","126","300","102","321"," 97","322"," 82"," 48","151"
"IE-0173-M353G22-15.dw.png","102","108","115","106","142","145","139","117","140"," 74","182","140","209","152","201","142","223","122","205","115","222"," 95","220"," 73","227"," 55","242","143","262","121","299"," 95","319"," 89","319"," 73"," 44","154"
"IE-0173-M353G22-16.dw.png","108"," 99","121"," 98","142","140","143","112","148"," 70","185","141","210","157","204","145","226","128","210","118","231","100","232"," 79","242"," 62","245","152","268","132","309","111","325","108","330"," 93"," 42","134"
"IE-0173-M353G22-17.dw.png","108"," 99","121"," 98","144","141","141","110","147"," 68","185","140","210","156","203","144","227","127","208","116","229","100","230"," 78","240"," 62","246","151","268","130","309","109","325","106","328"," 90"," 45","136"
"IE-0173-M353G22-6.dw.png","107","120","122","118","146","156","144","129","147"," 89","187","154","214","168","206","156","229","138","211","129","229","111","229"," 90","237"," 73","250","159","269","138","309","115","327","109","329"," 94"," 50","162"
"IE-0173-M353G22-7.dw.png","102","118","114","115","141","151","138","122","135"," 81","182","142","214","151","204","141","225","120","204","113","222"," 92","217"," 70","222"," 52","249","136","262","114","298"," 83","316"," 75","315"," 60"," 47","167"
"IE-0173-M353G22-8.dw.png"," 83","117"," 96","114","124","150","120","122","116"," 81","165","141","192","149","184","141","201","120","184","114","201"," 91","197"," 71","201"," 54","224","137","241","115","275"," 86","290"," 79","291"," 63"," 28","164"
"IE-0173-M353G22-9.dw.png","104","150","118","146","148","179","142","152","135","112","188","169","218","176","209","167","229","145","207","140","222","118","217"," 97","223"," 79","251","162","267","137","298","106","317"," 97","315"," 83"," 51","201"
"IE-0174-M354G22-10.dw.png"," 87","149","102","143","132","174","122","148","115","108","171","159","197","165","190","157","205","133","185","131","196","108","189"," 87","192"," 70","229","149","244","121","275"," 90","290"," 81","291"," 67"," 48","206"
"IE-0174-M354G22-11.dw.png"," 89","105","102","104","122","141","121","114","125"," 73","163","138","191","151","182","139","200","122","188","115","205"," 95","205"," 74","213"," 57","224","143","244","120","281"," 98","302"," 94","304"," 81"," 30","146"
"IE-0174-M354G22-12.dw.png"," 97","143","111","137","139","171","132","142","125","100","179","158","210","164","199","155","216","130","196","127","211","103","204"," 81","207"," 63","244","146","256","119","286"," 89","303"," 79","302"," 64"," 50","199"
"IE-0174-M354G22-13.dw.png"," 97"," 95","110"," 96","123","135","127","109","139"," 71","165","141","191","159","186","147","208","133","193","121","212","105","217"," 85","227"," 71","224","158","249","140","290","124","308","122","311","110"," 35","124"
"IE-0174-M354G22-14.dw.png","107","102","121"," 99","142","138","140","108","143"," 66","183","134","210","146","201","135","224","115","206","107","225"," 88","223"," 66","230"," 48","243","137","265","113","300"," 89","319"," 84","320"," 70"," 49","146"
"IE-0174-M354G22-15.dw.png"," 95","145","106","140","136","170","127","144","122","105","174","157","206","162","195","154","212","131","190","128","204","105","198"," 85","202"," 69","234","148","250","122","279"," 91","297"," 81","295"," 67"," 52","198"
"IE-0174-M354G22-3.dw.png"," 96","118","108","115","133","151","132","122","130"," 82","176","143","201","153","194","143","212","122","193","116","210"," 94","207"," 73","212"," 56","235","140","251","117","285"," 89","301"," 83","303"," 70"," 48","165"
"IE-0174-M354G22-4.dw.png"," 97","127","108","124","136","157","130","130","127"," 91","176","146","204","154","196","144","215","123","194","118","209"," 95","205"," 76","210"," 60","238","141","253","116","285"," 87","303"," 80","302"," 66"," 50","178"
"IE-0174-M354G22-5.dw.png","100","114","113","112","134","149","136","121","136"," 79","179","145","209","156","199","147","221","126","203","118","219"," 97","218"," 76","227"," 59","245","146","262","125","300"," 99","318"," 94","320"," 79"," 46","160"
"IE-0174-M354G22-7.dw.png"," 96","110","108","108","125","146","127","118","134"," 79","169","144","195","159","188","147","213","129","193","119","212","102","212"," 80","219"," 65","231","152","252","129","292","108","308","103","310"," 89"," 36","151"
"IE-0174-M354G22-8.dw.png"," 98"," 96","110"," 96","125","134","129","107","137"," 68","170","135","192","151","187","139","211","124","194","114","213"," 98","214"," 77","223"," 62","224","148","249","129","287","111","305","108","309"," 95"," 37","131"
"IE-0174-M354G22-9.dw.png"," 99","108","113","108","132","147","129","117","138"," 78","170","148","198","162","190","152","213","135","196","124","216","107","217"," 85","228"," 69","233","157","255","136","292","117","311","112","315"," 98"," 35","145"
"IE-0175-M355G22-10.dw.png"," 99","100","116","100","133","140","135","112","140"," 71","172","139","200","155","193","143","216","127","197","117","217","101","220"," 79","230"," 64","235","151","258","130","294","111","316","108","320"," 94"," 39","140"
"IE-0175-M355G22-11.dw.png","106","101","123","103","132","143","139","117","149"," 78","171","149","197","170","192","156","216","144","199","131","221","117","226"," 96","239"," 83","234","170","256","152","295","138","316","139","322","125"," 40","131"
"IE-0175-M355G22-12.dw.png"," 89","103","104","101","125","137","124","110","124"," 70","162","133","193","146","184","135","205","117","186","109","205"," 90","205"," 69","214"," 53","228","137","244","116","280"," 92","303"," 87","305"," 73"," 35","149"
"IE-0175-M355G22-13.dw.png","120","107","135","105","160","142","154","114","158"," 73","200","139","229","152","221","141","245","123","224","114","241"," 94","241"," 73","249"," 57","263","144","283","122","320"," 99","339"," 94","342"," 79"," 65","155"
"IE-0175-M355G22-14.dw.png"," 95"," 96","110"," 95","128","133","130","105","134"," 65","166","130","195","146","187","134","209","118","191","108","211"," 92","212"," 71","222"," 55","227","141","248","120","285","100","307"," 96","311"," 83"," 39","137"
"IE-0175-M355G22-3.dw.png","343","137","359","133","386","168","379","139","378"," 96","422","157","455","164","446","156","464","133","445","128","460","105","455"," 83","460"," 65","492","150","503","128","537"," 96","556"," 88","555"," 72","295","194"
"IE-0175-M355G22-4.dw.png"," 98","112","114","110","138","146","133","118","135"," 78","177","140","205","152","197","141","219","123","199","115","215"," 97","215"," 75","221"," 59","241","143","256","121","291"," 97","310"," 92","313"," 78"," 47","160"
"IE-0175-M355G22-5.dw.png","109","111","123","109","143","146","143","119","147"," 78","185","142","215","157","206","145","228","127","209","118","228","100","228"," 78","236"," 63","249","149","269","127","304","105","324","100","328"," 85"," 49","155"
"IE-0175-M355G22-6.dw.png"," 99","107","115","105","139","141","134","114","137"," 74","175","138","204","150","197","140","219","121","200","113","218"," 94","216"," 72","224"," 56","240","142","258","120","294"," 96","312"," 91","315"," 77"," 44","151"
"IE-0175-M355G22-7.dw.png","107"," 94","122"," 94","138","135","141","108","149"," 69","177","139","204","156","196","144","220","129","204","117","223","103","227"," 82","237"," 68","239","154","260","136","297","118","319","117","324","103"," 43","128"
"IE-0175-M355G22-8.dw.png","109","106","123","104","142","144","142","117","147"," 75","178","144","209","162","198","149","223","133","205","122","225","108","227"," 86","237"," 71","244","157","261","137","301","119","324","117","326","102"," 47","143"
"IE-0175-M355G22-9.dw.png","101","114","115","112","139","150","135","122","136"," 83","175","148","205","161","195","150","219","132","198","124","217","106","218"," 85","227"," 69","240","154","258","132","292","110","315","106","317"," 89"," 42","156"
"IE-0176-M356G22-10.dw.png","101","107","114","107","132","147","137","120","143"," 77","173","149","200","164","194","153","215","137","200","127","221","110","223"," 88","233"," 72","235","161","255","142","296","122","316","119","322","106"," 41","143"
"IE-0176-M356G22-11.dw.png","101","106","114","103","133","142","137","114","138"," 74","176","139","205","152","195","141","214","123","202","116","219"," 97","220"," 75","228"," 59","239","145","255","124","295","102","315"," 98","316"," 82"," 45","149"
"IE-0176-M356G22-13.dw.png"," 94","110","105","106","135","140","131","114","126"," 74","175","134","202","144","193","134","209","114","194","107","211"," 87","208"," 67","213"," 50","232","135","250","111","286"," 85","303"," 78","304"," 64"," 42","156"
"IE-0176-M356G22-14.dw.png"," 94","113","107","110","133","147","129","119","129"," 77","172","142","202","153","193","142","212","123","198","115","212"," 96","212"," 73","219"," 57","234","144","252","121","291"," 96","309"," 89","311"," 76"," 41","160"
"IE-0176-M356G22-15.dw.png"," 96","103","109","101","129","138","132","111","133"," 71","172","134","200","146","191","136","209","118","197","111","213"," 93","214"," 69","220"," 53","231","139","250","117","289"," 94","308"," 89","309"," 74"," 42","148"
"IE-0176-M356G22-16.dw.png"," 94","144","106","139","139","171","130","143","125","101","176","160","207","168","197","158","215","137","194","130","210","109","206"," 88","209"," 70","238","154","253","129","287"," 98","303"," 91","303"," 76"," 48","197"
"IE-0176-M356G22-17.dw.png"," 99","119","113","115","142","148","140","122","131"," 80","183","138","210","145","201","137","219","115","202","110","215"," 89","213"," 66","217"," 47","246","131","260","108","297"," 77","313"," 71","312"," 54"," 51","172"
"IE-0176-M356G22-18.dw.png"," 86","106"," 99","102","124","138","121","111","120"," 71","166","133","193","144","184","135","201","115","188","108","204"," 88","203"," 67","210"," 50","225","135","243","113","283"," 87","302"," 81","302"," 66"," 33","154"
"IE-0176-M356G22-6.dw.png"," 91","141","104","137","132","170","125","142","121"," 99","170","159","202","166","192","158","210","136","190","129","206","109","202"," 86","206"," 69","235","151","250","129","285"," 98","300"," 90","301"," 75"," 43","195"
"IE-0176-M356G22-7.dw.png"," 97","112","110","110","136","146","131","118","131"," 76","174","140","203","150","195","141","213","120","198","113","212"," 93","211"," 71","218"," 55","236","140","252","118","290"," 92","307"," 86","309"," 72"," 45","161"
"IE-0176-M356G22-8.dw.png"," 98","148","109","142","139","174","133","147","126","108","179","163","209","169","197","161","212","139","197","135","210","112","206"," 91","210"," 74","239","154","251","132","286","100","304"," 91","302"," 76"," 53","202"
"IE-0176-M356G22-9.dw.png","104","116","118","112","142","149","140","122","139"," 78","181","143","212","152","202","143","222","123","206","115","222"," 96","220"," 74","227"," 57","247","143","261","121","298"," 95","317"," 90","319"," 75"," 51","164"
"IE-0177-M357G22-10.dw.png","103"," 98","115"," 97","138","135","138","108","141"," 67","176","135","205","149","197","138","216","121","199","112","219"," 93","221"," 72","230"," 55","240","142","257","123","295","102","317"," 98","320"," 84"," 43","138"
"IE-0177-M357G22-11.dw.png","103","104","117","103","138","144","139","115","144"," 75","175","144","204","157","196","147","214","130","199","119","220","103","222"," 81","231"," 63","238","152","255","133","296","110","318","106","323"," 91"," 45","142"
"IE-0177-M357G22-13.dw.png","106","103","119","101","136","142","140","115","147"," 73","178","145","205","161","198","149","220","133","205","123","224","106","228"," 83","238"," 67","238","158","260","139","301","119","321","116","326","103"," 45","139"
"IE-0177-M357G22-14.dw.png","103"," 86","119"," 87","134","131","139","101","148"," 62","171","134","198","154","191","141","212","126","198","114","221"," 98","226"," 77","238"," 60","231","152","254","134","297","116","321","114","327","100"," 40","119"
"IE-0177-M357G22-15.dw.png","105","127","119","126","136","164","139","138","146"," 97","178","165","207","180","200","169","219","151","206","143","224","124","226","103","233"," 86","239","175","259","155","298","135","317","131","321","119"," 43","167"
"IE-0177-M357G22-16.dw.png"," 92","110","105","107","134","141","127","115","125"," 73","170","135","201","145","192","136","208","114","192","108","209"," 87","206"," 64","211"," 47","232","134","249","111","287"," 81","304"," 75","305"," 60"," 38","159"
"IE-0177-M357G22-17.dw.png","101"," 96","114"," 94","134","129","134","102","136"," 64","177","122","206","133","195","123","215","104","201"," 98","216"," 79","213"," 58","220"," 42","237","124","255","101","288"," 76","309"," 70","311"," 56"," 44","139"
"IE-0177-M357G22-18.dw.png","107"," 81","120"," 81","135","120","138"," 93","148"," 53","173","122","201","139","195","127","216","111","200","101","222"," 85","226"," 64","236"," 50","234","135","255","117","294"," 98","316"," 97","318"," 84"," 41","115"
"IE-0177-M357G22-6.dw.png","106","107","120","105","138","142","142","117","145"," 76","179","139","209","154","198","141","218","124","206","115","224"," 98","223"," 76","231"," 60","244","145","259","124","298","101","319"," 95","323"," 83"," 44","148"
"IE-0177-M357G22-7.dw.png","104","109","117","105","140","142","140","116","140"," 74","181","139","209","150","200","140","219","121","204","114","219"," 95","219"," 72","227"," 54","243","141","258","120","296"," 94","315"," 90","318"," 76"," 51","154"
"IE-0177-M357G22-8.dw.png","105"," 99","120"," 99","136","138","138","110","146"," 71","174","138","203","154","197","143","217","125","201","116","223","100","225"," 78","235"," 63","237","149","257","130","297","109","317","108","320"," 94"," 40","137"
"IE-0177-M357G22-9.dw.png"," 97","126","110","122","138","157","131","129","132"," 88","175","148","206","156","197","148","214","127","198","120","213"," 98","209"," 76","215"," 59","238","143","252","122","286"," 91","305"," 83","307"," 70"," 40","175"
"IE-0178-M358G22-1.dw.png","286","284","296","276","337","298","319","275","304","235","372","273","401","272","389","268","400","240","382","242","386","217","376","198","373","180","427","249","434","221","456","182","469","170","465","154","259","352"
"IE-0178-M358G22-10.dw.png"," 94","116","106","113","134","148","129","121","126"," 77","171","140","203","148","192","139","211","118","195","112","210"," 91","206"," 68","213"," 50","238","134","250","114","283"," 85","306"," 77","307"," 62"," 41","167"
"IE-0178-M358G22-11.dw.png","112","108","123","107","146","146","144","118","147"," 78","185","146","210","160","205","149","226","131","210","122","229","104","228"," 82","238"," 67","247","155","266","136","306","114","329","110","331"," 95"," 50","149"
"IE-0178-M358G22-12.dw.png","100","109","112","107","132","145","132","116","136"," 74","174","141","202","152","194","143","216","124","198","115","217"," 97","216"," 75","224"," 59","235","144","253","124","293","100","311"," 95","315"," 80"," 41","155"
"IE-0178-M358G22-13.dw.png"," 92","106","105","104","128","139","126","111","126"," 70","169","132","198","142","188","133","209","113","191","106","208"," 86","206"," 64","212"," 48","228","133","245","111","283"," 82","302"," 77","304"," 62"," 39","156"
"IE-0178-M358G22-14.dw.png"," 87"," 97","100"," 96","120","135","122","107","128"," 64","163","134","192","150","184","138","205","121","188","111","209"," 94","209"," 72","218"," 55","223","145","245","125","286","101","306","100","309"," 83"," 26","139"
"IE-0178-M358G22-15.dw.png"," 97"," 81","110"," 82","128","125","130"," 97","142"," 56","168","130","192","149","186","136","213","124","197","111","218"," 98","222"," 75","232"," 61","225","149","249","132","293","117","313","117","318","104"," 30","113"
"IE-0178-M358G22-4.dw.png","101","159","113","154","145","184","138","157","128","115","185","170","214","176","205","167","220","143","201","140","214","117","207"," 96","211"," 79","247","158","258","136","290","101","307"," 92","306"," 76"," 58","216"
"IE-0178-M358G22-5.dw.png"," 93","108","107","105","131","141","127","114","130"," 73","171","137","199","148","190","139","209","120","194","113","211"," 92","210"," 71","219"," 55","228","141","248","119","282"," 94","304"," 89","306"," 75"," 42","152"
"IE-0178-M358G22-6.dw.png","106"," 80","119"," 79","138","120","141"," 93","148"," 52","178","123","204","141","197","129","218","114","205","104","225"," 88","229"," 64","239"," 49","240","138","258","121","300","100","319","100","324"," 86"," 44","116"
"IE-0178-M358G22-7.dw.png","100","113","115","111","135","151","136","124","140"," 83","175","151","200","166","193","155","216","140","200","130","219","112","221"," 91","229"," 77","236","161","255","142","297","122","314","118","316","104"," 39","149"
"IE-0178-M358G22-8.dw.png"," 99"," 92","112"," 92","134","133","134","105","141"," 64","173","134","200","152","192","138","217","124","201","113","219"," 98","222"," 75","231"," 59","234","148","254","130","295","110","315","109","320"," 94"," 37","130"
"IE-0179-M359G-10.dw.png","108","108","122","106","143","143","145","116","145"," 75","183","140","209","152","202","142","225","123","206","115","224"," 96","224"," 74","230"," 59","246","144","263","122","299","100","318"," 95","320"," 80"," 50","151"
"IE-0179-M359G-11.dw.png","109"," 90","123"," 90","138","128","141","103","146"," 63","175","130","202","146","195","136","218","121","202","110","223"," 94","226"," 73","235"," 58","237","143","258","126","296","106","315","103","318"," 89"," 46","124"
"IE-0179-M359G-13.dw.png","101","109","116","108","136","145","135","117","136"," 79","176","142","204","155","195","144","220","126","201","118","219"," 99","217"," 77","224"," 60","236","147","256","125","292","100","309"," 95","312"," 80"," 45","153"
"IE-0179-M359G-14.dw.png","107","100","120"," 98","140","134","140","108","140"," 68","178","132","206","144","198","135","220","117","202","108","221"," 89","221"," 68","229"," 53","239","137","259","117","294"," 93","313"," 88","315"," 73"," 48","141"
"IE-0179-M359G-15.dw.png","109"," 94","123"," 93","139","132","143","106","147"," 65","182","133","209","148","202","137","226","120","209","111","228"," 94","230"," 71","238"," 54","243","143","265","122","302","101","321"," 97","321"," 81"," 48","131"
"IE-0179-M359G-16.dw.png","105","115","117","113","143","150","138","122","138"," 82","181","144","207","154","200","145","224","124","202","117","219"," 96","216"," 74","220"," 58","241","143","259","119","294"," 92","309"," 86","310"," 71"," 48","162"
"IE-0179-M359G-17.dw.png"," 86"," 98","101"," 97","122","136","121","107","122"," 66","164","132","192","144","184","133","206","114","187","106","207"," 86","204"," 64","211"," 48","226","136","247","113","283"," 88","301"," 84","303"," 68"," 30","144"
"IE-0179-M359G-18.dw.png","107"," 94","122"," 93","139","132","143","106","146"," 64","180","131","207","146","200","136","223","118","206","109","227"," 90","226"," 69","234"," 52","242","141","262","120","300"," 98","319"," 94","322"," 80"," 48","134"
"IE-0179-M359G-6.dw.png","108","127","121","125","146","160","145","134","143"," 93","186","157","214","167","204","158","228","137","209","130","225","110","223"," 88","228"," 71","248","156","266","134","301","107","319","101","319"," 87"," 52","170"
"IE-0179-M359G-7.dw.png","108","114","123","111","143","150","142","122","143"," 83","183","147","212","160","202","150","227","131","209","122","228","103","225"," 82","232"," 66","247","151","265","130","302","105","319","101","321"," 86"," 50","156"
"IE-0179-M359G-8.dw.png","103","129","115","126","144","159","137","133","133"," 94","180","150","208","157","198","150","219","126","198","122","212","101","207"," 79","210"," 62","241","143","254","119","285"," 89","300"," 81","299"," 67"," 53","181"
"IE-0179-M359G-9.dw.png","104","111","117","109","135","147","138","121","139"," 81","175","145","204","159","196","148","220","130","202","121","221","104","221"," 82","228"," 67","239","153","258","131","293","109","312","104","314"," 89"," 44","152"
"IE-0180-M360G22-10.dw.png","106","102","120","101","141","142","139","112","144"," 72","179","142","205","156","198","146","222","126","205","117","224","100","224"," 77","234"," 61","241","150","259","131","301","107","317","104","322"," 89"," 46","146"
"IE-0180-M360G22-11.dw.png","108","100","122"," 99","141","140","139","111","151"," 70","182","143","212","158","200","147","223","131","211","122","230","102","232"," 81","243"," 66","245","155","264","136","306","116","324","114","331","100"," 48","137"
"IE-0180-M360G22-12.dw.png","101","117","114","113","140","150","134","121","134"," 81","183","143","210","155","203","143","219","123","204","117","219"," 97","217"," 75","224"," 58","244","144","260","121","296"," 94","316"," 88","318"," 73"," 49","165"
"IE-0180-M360G22-13.dw.png","102","112","116","110","142","147","137","118","138"," 77","188","141","215","152","208","142","226","124","209","117","223"," 96","222"," 75","229"," 59","245","143","266","121","302"," 97","320"," 93","322"," 78"," 49","159"
"IE-0180-M360G22-14.dw.png"," 98","122","109","117","142","151","131","123","129"," 84","182","141","211","149","201","140","220","118","203","113","215"," 91","210"," 71","216"," 54","241","137","258","112","291"," 84","309"," 77","309"," 63"," 51","172"
"IE-0180-M360G22-15.dw.png"," 94","110","107","107","132","143","128","115","129"," 75","175","137","203","148","195","139","211","119","196","113","212"," 92","211"," 72","217"," 56","234","140","252","118","289"," 91","308"," 87","310"," 71"," 42","157"
"IE-0180-M360G22-16.dw.png","100","136","112","130","145","161","134","135","129"," 96","185","149","215","157","203","147","219","126","202","121","213","101","207"," 80","210"," 63","244","143","256","118","286"," 88","303"," 80","307"," 66"," 57","190"
"IE-0180-M360G22-17.dw.png"," 99"," 95","115"," 94","137","132","134","104","139"," 62","179","130","208","144","198","133","220","115","204","106","221"," 90","220"," 67","230"," 51","239","138","260","116","295"," 94","316"," 90","320"," 76"," 42","136"
"IE-0180-M360G22-5.dw.png","105"," 94","119"," 91","144","127","140","100","142"," 60","185","121","214","133","205","122","222","104","209"," 97","224"," 77","223"," 58","230"," 42","245","125","264","101","301"," 77","318"," 72","320"," 58"," 51","139"
"IE-0180-M360G22-6.dw.png"," 89","109","103","105","130","142","124","113","127"," 70","173","136","202","144","192","136","214","115","195","108","209"," 88","206"," 65","213"," 49","234","134","251","113","287"," 83","305"," 78","307"," 63"," 38","157"
"IE-0180-M360G22-7.dw.png","109","130","122","125","153","160","145","131","140"," 89","199","147","225","157","218","146","233","125","216","122","228"," 98","225"," 77","229"," 61","257","144","273","118","307"," 90","324"," 83","326"," 68"," 61","183"
"IE-0180-M360G22-9.dw.png"," 94","129","108","124","138","159","128","130","128"," 87","182","148","209","155","199","147","220","123","201","119","212"," 96","208"," 75","212"," 57","242","140","256","117","291"," 85","308"," 78","309"," 62"," 48","184"
"IE-0181-M361G22-10.dw.png","101","112","117","111","137","147","136","119","140"," 78","179","143","205","157","199","145","221","126","205","119","222","100","221"," 79","229"," 61","242","147","260","126","300","102","318"," 98","322"," 84"," 47","159"
"IE-0181-M361G22-11.dw.png"," 95","122","109","118","137","152","131","124","126"," 82","175","140","207","149","196","140","215","118","197","112","212"," 92","207"," 70","214"," 53","240","135","255","111","287"," 83","307"," 74","307"," 59"," 44","174"
"IE-0181-M361G22-12.dw.png"," 98","128","112","124","140","156","133","129","128"," 88","175","146","208","153","195","146","215","123","198","118","213"," 98","208"," 77","214"," 58","242","139","252","117","287"," 87","306"," 80","307"," 65"," 49","181"
"IE-0181-M361G22-13.dw.png"," 89","116","103","114","126","150","126","123","126"," 81","165","145","194","158","184","147","205","129","186","120","204","100","205"," 79","211"," 62","224","149","241","126","278","102","298"," 95","305"," 80"," 36","164"
"IE-0181-M361G22-14.dw.png","103","109","117","107","140","143","137","115","139"," 74","177","139","205","152","195","141","219","122","204","115","221"," 97","220"," 75","228"," 58","237","143","257","121","296"," 98","316"," 93","320"," 79"," 47","152"
"IE-0181-M361G22-15.dw.png","105","114","120","110","150","144","141","118","140"," 76","186","138","214","149","205","139","227","119","210","113","225"," 93","223"," 72","229"," 55","246","140","263","117","301"," 91","320"," 85","323"," 69"," 51","161"
"IE-0181-M361G22-3.dw.png"," 85","176"," 97","170","134","199","122","175","113","134","170","185","199","191","189","182","205","160","187","157","197","134","191","114","193"," 96","230","174","243","148","272","116","287","107","286"," 93"," 42","232"
"IE-0181-M361G22-4.dw.png","101","108","116","107","140","145","135","118","140"," 75","177","144","202","160","196","148","219","132","204","123","222","106","223"," 85","232"," 69","235","155","256","135","297","114","316","111","322"," 97"," 41","146"
"IE-0181-M361G22-5.dw.png","104","108","120","107","137","145","136","115","144"," 75","183","144","208","159","202","148","225","130","209","120","226","102","227"," 79","236"," 64","245","152","264","133","304","109","323","105","326"," 90"," 47","153"
"IE-0181-M361G22-6.dw.png"," 96","121","109","115","139","148","134","122","132"," 78","178","140","206","148","196","139","216","119","198","113","213"," 92","208"," 71","217"," 54","238","136","254","114","288"," 84","306"," 77","308"," 63"," 48","170"
"IE-0181-M361G22-7.dw.png"," 96","123","110","118","139","150","133","124","127"," 82","177","140","206","149","198","138","216","116","197","110","212"," 91","206"," 70","213"," 52","239","135","255","109","286"," 82","305"," 74","307"," 58"," 47","176"
"IE-0181-M361G22-8.dw.png"," 92","197","105","191","136","222","131","194","121","152","175","208","206","214","194","205","210","182","189","177","203","155","199","133","202","115","236","196","246","172","278","139","296","128","297","112"," 49","255"
"IE-0182-M362G22-10.dw.png","100","159","113","155","141","189","135","161","128","118","181","176","213","184","203","174","219","150","201","146","215","123","209","102","213"," 85","244","168","262","139","293","108","309","100","307"," 85"," 53","215"
"IE-0182-M362G22-11.dw.png","102","124","115","123","132","163","135","135","142"," 94","173","164","200","179","191","169","217","152","202","142","221","124","221","103","230"," 89","233","176","257","156","296","137","312","134","316","120"," 41","160"
"IE-0182-M362G22-12.dw.png","115"," 97","129"," 98","141","139","146","110","158"," 70","179","143","208","159","200","149","228","133","210","121","232","106","235"," 84","247"," 69","244","157","266","140","309","121","326","118","330","105"," 48","132"
"IE-0182-M362G22-13.dw.png","110","155","124","153","144","190","142","161","145","120","182","185","212","197","203","187","227","165","207","158","225","138","223","117","230","100","247","187","265","164","303","136","318","130","319","115"," 51","204"
"IE-0182-M362G22-14.dw.png","102","149","115","146","140","185","136","158","139","116","176","181","206","193","197","183","216","164","201","157","218","139","216","117","224","102","237","186","258","164","295","139","309","134","311","121"," 49","193"
"IE-0182-M362G22-15.dw.png","107"," 97","121"," 96","138","134","140","107","146"," 66","180","133","208","146","201","136","222","117","207","108","224"," 92","223"," 70","231"," 55","241","142","265","118","300"," 99","316"," 94","319"," 80"," 50","138"
"IE-0182-M362G22-3.dw.png","115","221","127","215","159","244","149","218","140","176","196","230","227","233","216","226","232","200","213","197","224","172","217","152","218","135","258","214","271","187","299","152","313","142","309","127"," 71","281"
"IE-0182-M362G22-4.dw.png","108","134","122","131","142","168","142","141","144"," 99","185","164","214","177","207","166","227","144","210","137","228","119","224"," 96","231"," 81","248","168","271","143","306","119","322","114","324"," 99"," 52","179"
"IE-0182-M362G22-5.dw.png","108","122","120","120","138","157","142","131","146"," 88","179","156","210","169","201","158","226","140","208","130","227","111","226"," 90","233"," 73","244","162","267","139","305","115","320","111","323"," 97"," 48","163"
"IE-0182-M362G22-7.dw.png","119","172","132","168","158","200","153","174","147","134","199","190","230","196","219","188","234","165","220","161","233","139","226","118","230","100","263","182","278","157","311","126","325","118","324","104"," 73","224"
"IE-0182-M362G22-8.dw.png","107","121","120","121","140","163","140","135","148"," 94","177","164","205","181","199","170","220","153","207","144","227","127","228","105","238"," 90","243","178","263","159","305","139","321","136","323","124"," 46","158"
"IE-0182-M362G22-9.dw.png","106","127","118","126","137","168","138","139","147"," 97","177","170","204","183","195","174","224","157","205","146","226","129","226","108","236"," 93","240","179","262","161","302","142","317","139","319","125"," 43","163"
"IE-0183-M363G22-10.dw.png","105","118","120","118","138","160","141","132","149"," 90","180","163","206","180","201","169","221","153","205","142","228","125","233","103","242"," 89","243","176","264","158","307","139","326","137","329","124"," 41","154"
"IE-0183-M363G22-11.dw.png","101","123","115","121","144","160","139","130","138"," 87","185","154","210","166","207","155","227","136","207","127","224","107","222"," 85","230"," 67","249","156","267","135","305","108","321","103","323"," 88"," 48","170"
"IE-0183-M363G22-12.dw.png","103"," 95","117"," 94","133","133","137","106","144"," 65","177","134","204","148","197","137","219","121","203","110","223"," 94","224"," 73","233"," 56","240","143","260","124","299","104","318","101","323"," 86"," 43","133"
"IE-0183-M363G22-13.dw.png"," 93","150","106","145","140","177","128","150","123","109","179","166","206","173","197","165","214","143","192","138","208","116","203"," 95","208"," 78","239","159","254","135","287","104","304"," 95","304"," 81"," 46","204"
"IE-0183-M363G22-14.dw.png"," 96","122","110","120","136","158","132","130","133"," 89","175","155","203","167","196","157","217","139","197","129","214","112","213"," 90","221"," 74","236","160","254","139","291","114","308","110","310"," 97"," 45","165"
"IE-0183-M363G22-15.dw.png","101","116","116","117","129","159","134","131","148"," 90","171","164","199","182","192","170","219","156","202","143","224","129","229","107","237"," 92","235","182","259","164","299","147","319","146","325","133"," 39","151"
"IE-0183-M363G22-16.dw.png"," 97","145","110","141","140","173","136","147","130","104","180","163","210","170","201","162","216","140","197","135","211","113","207"," 92","211"," 74","241","158","255","132","288","102","303"," 94","301"," 79"," 52","200"
"IE-0183-M363G22-17.dw.png","105","142","119","138","143","173","141","145","138","103","186","164","217","173","207","164","227","142","207","135","224","114","221"," 92","226"," 75","252","161","268","137","302","108","322","100","322"," 84"," 52","194"
"IE-0183-M363G22-18.dw.png","106","117","119","112","144","149","143","121","139"," 82","186","144","215","155","208","144","228","125","211","117","225"," 98","222"," 76","226"," 60","248","145","267","123","303"," 96","320"," 89","320"," 75"," 50","161"
"IE-0183-M363G22-7.dw.png"," 97","137","110","133","143","167","133","139","130"," 97","183","157","211","167","202","157","220","136","198","130","215","108","211"," 87","217"," 69","247","152","260","130","295","100","314"," 93","314"," 77"," 46","190"
"IE-0183-M363G22-8.dw.png","101","131","115","127","144","163","141","136","139"," 92","186","156","215","165","207","157","225","136","206","129","221","108","219"," 86","226"," 68","250","153","266","132","302","104","319"," 97","318"," 81"," 51","183"
"IE-0183-M363G22-9.dw.png","103"," 92","118"," 92","137","131","137","102","143"," 62","181","129","207","144","202","133","223","115","204","105","224"," 88","225"," 67","233"," 50","244","137","264","116","303"," 95","325"," 92","327"," 77"," 44","134"
"IE-0184-M364G22-10.dw.png","104","119","117","115","140","150","139","122","135"," 83","179","142","214","151","201","142","223","120","206","114","221"," 93","219"," 73","224"," 55","249","138","265","116","299"," 87","317"," 81","317"," 67"," 50","170"
"IE-0184-M364G22-11.dw.png","111"," 91","125"," 92","139","134","145","106","159"," 65","181","139","209","158","201","146","224","132","209","120","233","105","236"," 83","247"," 70","246","158","264","141","309","125","330","123","333","110"," 44","118"
"IE-0184-M364G22-12.dw.png"," 96","118","111","117","133","153","130","126","137"," 86","172","149","202","160","196","150","215","132","197","123","216","106","215"," 85","222"," 69","240","150","256","128","292","104","311"," 98","312"," 86"," 39","161"
"IE-0184-M364G22-13.dw.png","111","121","123","117","147","152","145","124","144"," 83","189","145","221","153","211","144","234","123","210","116","229"," 96","226"," 75","230"," 58","254","142","270","119","306"," 90","326"," 82","324"," 67"," 53","169"
"IE-0184-M364G22-14.dw.png","106","114","118","112","141","149","141","121","139"," 80","181","145","209","156","203","146","225","128","205","120","222","100","222"," 78","227"," 63","244","148","262","127","298","103","316"," 97","319"," 83"," 47","157"
"IE-0184-M364G22-15.dw.png","102"," 83","116"," 85","128","125","133"," 99","150"," 63","167","132","194","151","189","139","212","126","197","114","220","102","224"," 82","236"," 68","228","152","253","134","293","121","312","120","316","109"," 37","107"
"IE-0184-M364G22-3.dw.png"," 99","164","112","160","139","193","137","167","132","125","179","183","210","191","198","183","218","161","198","155","215","134","212","113","216"," 95","245","177","259","155","292","125","309","117","308","101"," 50","214"
"IE-0184-M364G22-4.dw.png","107","116","120","114","139","151","140","123","144"," 83","181","147","211","159","202","149","226","130","204","122","225","104","224"," 83","231"," 67","248","151","262","131","300","106","319","100","320"," 86"," 46","157"
"IE-0184-M364G22-6.dw.png","105","105","119","103","142","141","140","113","144"," 70","182","137","212","149","205","139","226","120","207","111","228"," 93","225"," 69","231"," 53","251","139","268","119","304"," 93","323"," 87","324"," 72"," 45","149"
"IE-0184-M364G22-7.dw.png","103","122","115","118","141","153","138","125","135"," 84","184","143","214","151","207","142","224","120","204","116","220"," 94","215"," 73","219"," 56","248","137","261","115","292"," 87","312"," 78","311"," 63"," 53","173"
"IE-0184-M364G22-8.dw.png","109","111","121","109","143","147","144","119","143"," 77","183","143","212","155","205","145","227","127","207","118","225"," 99","225"," 77","231"," 62","249","146","265","127","301","102","319"," 97","322"," 83"," 50","152"
"IE-0184-M364G22-9.dw.png","101","109","114","106","137","142","136","116","137"," 75","175","137","206","149","197","139","216","121","200","113","217"," 95","217"," 74","224"," 57","243","140","258","120","296"," 95","315"," 89","317"," 74"," 45","151"
"IE-0185-M365G22-10.dw.png"," 98","135","109","131","132","168","134","141","133"," 99","176","162","204","173","198","163","214","144","199","137","215","118","214"," 96","219"," 81","240","163","255","143","291","115","308","110","307"," 96"," 45","178"
"IE-0185-M365G22-11.dw.png","106"," 74","118"," 76","126","119","134"," 93","151"," 54","166","130","188","151","184","139","212","128","200","116","223","103","229"," 80","241"," 68","227","155","251","142","294","130","312","130","319","117"," 34"," 93"
"IE-0185-M365G22-12.dw.png"," 97","140","108","136","134","171","132","143","127","100","177","161","207","170","197","161","215","140","198","135","212","113","208"," 91","215"," 76","243","157","254","135","289","105","306"," 97","306"," 84"," 47","189"
"IE-0185-M365G22-13.dw.png","105"," 90","117"," 89","133","130","137","103","147"," 62","174","134","200","150","192","139","217","124","203","114","224"," 97","226"," 75","236"," 61","234","149","257","130","297","112","315","109","320"," 96"," 39","120"
"IE-0185-M365G22-14.dw.png"," 97"," 88","109"," 86","134","125","133"," 97","133"," 52","175","121","202","133","196","124","218","103","200"," 96","217"," 76","215"," 53","221"," 37","235","126","257","103","295"," 78","311"," 73","313"," 59"," 39","133"
"IE-0185-M365G22-15.dw.png","101","123","111","121","133","157","134","130","134"," 87","177","152","205","163","197","153","214","134","202","127","218","106","215"," 84","221"," 68","237","154","256","132","293","106","310","100","311"," 86"," 46","169"
"IE-0185-M365G22-16.dw.png"," 97","137","108","134","134","168","132","141","128"," 99","178","159","208","167","199","159","216","138","199","132","213","111","209"," 88","215"," 72","239","155","254","133","290","102","307"," 94","307"," 81"," 48","188"
"IE-0185-M365G22-17.dw.png","104"," 90","116"," 91","135","133","137","106","146"," 66","174","137","198","154","194","143","217","130","200","117","220","103","224"," 82","234"," 68","233","153","254","136","296","120","310","118","314","104"," 41","122"
"IE-0185-M365G22-5.dw.png","101","112","112","108","138","143","137","115","132"," 72","182","132","212","140","204","131","218","109","204","104","218"," 81","213"," 59","217"," 41","247","126","259","103","294"," 72","311"," 63","309"," 47"," 49","164"
"IE-0185-M365G22-6.dw.png"," 99","114","111","110","136","144","135","117","131"," 77","180","136","208","147","200","136","217","116","201","110","217"," 90","212"," 68","216"," 52","242","134","257","113","292"," 84","309"," 78","310"," 63"," 48","162"
"IE-0185-M365G22-7.dw.png","105"," 87","118"," 87","133","128","139","101","146"," 60","177","131","200","148","197","136","218","122","204","112","223"," 96","226"," 75","235"," 60","235","147","257","128","298","110","315","108","317"," 94"," 43","117"
"IE-0185-M365G22-8.dw.png"," 97","186","107","181","134","215","132","188","124","144","177","203","209","208","197","201","212","178","198","174","211","150","204","128","208","112","243","193","254","170","286","139","302","129","301","115"," 49","239"
"IE-0186-M367G22 3-10.dw.png"," 97"," 99","113","101","129","143","131","115","143"," 73","170","148","195","165","190","154","214","138","199","127","220","111","224"," 89","234"," 72","236","163","256","146","300","127","316","126","321","109"," 35","134"
"IE-0186-M367G22 3-11.dw.png"," 95"," 99","110"," 99","126","140","128","111","136"," 71","170","142","197","158","190","147","215","130","195","119","216","103","218"," 82","225"," 64","233","154","255","135","295","113","310","111","313"," 94"," 34","138"
"IE-0186-M367G22 3-12.dw.png"," 95","125","110","124","132","164","131","136","132"," 94","175","163","199","177","193","167","214","149","198","140","214","121","214","100","221"," 83","235","172","254","152","292","128","309","125","312","108"," 37","167"
"IE-0186-M367G22 3-13.dw.png"," 91","112","106","108","130","142","127","114","123"," 73","174","130","205","137","194","129","211","106","193","101","205"," 80","201"," 59","203"," 40","239","121","253"," 97","284"," 65","298"," 58","297"," 42"," 46","166"
"IE-0186-M367G22 3-14.dw.png"," 92","115","108","113","130","149","127","122","130"," 81","172","144","201","154","192","145","212","125","196","118","209"," 98","207"," 78","212"," 59","237","144","253","124","287"," 94","301"," 90","301"," 73"," 41","163"
"IE-0186-M367G22 3-16.dw.png"," 93","129","107","128","131","164","128","137","130"," 95","173","159","198","172","191","162","211","143","193","136","210","117","210"," 96","216"," 77","235","164","253","143","290","119","307","115","309"," 98"," 37","171"
"IE-0186-M367G22 3-17.dw.png"," 93","104","107","103","130","143","128","115","132"," 73","171","143","198","158","192","147","213","129","194","119","210","102","213"," 81","220"," 62","232","152","252","131","290","108","308","105","311"," 89"," 34","145"
"IE-0186-M367G22 3-18.dw.png","107"," 95","123"," 95","139","136","142","108","151"," 66","182","138","211","156","203","144","227","127","209","116","231","100","234"," 78","242"," 62","250","151","271","132","309","111","327","110","331"," 92"," 44","133"
"IE-0186-M367G22 3-19.dw.png","103","131","118","129","138","165","138","137","140"," 97","183","160","212","171","203","161","220","140","205","134","219","115","217"," 93","222"," 74","248","161","264","139","297","111","312","107","311"," 91"," 52","180"
"IE-0186-M367G22 3-20.dw.png","104","122","117","121","138","160","139","132","146"," 88","183","161","211","176","203","165","223","147","209","137","228","119","229"," 98","236"," 79","246","171","268","149","306","126","323","125","328","109"," 44","161"
"IE-0186-M367G22 3-21.dw.png"," 96"," 97","111"," 98","126","141","129","113","141"," 72","170","147","192","165","187","154","212","140","195","128","215","112","220"," 91","231"," 74","232","165","255","148","297","132","313","132","317","114"," 32","127"
"IE-0186-M367G22 3-8.dw.png"," 97","118","112","117","132","153","133","127","135"," 85","174","149","205","162","195","152","213","133","198","125","213","107","213"," 86","219"," 67","239","154","255","133","292","107","309","103","309"," 87"," 44","163"
"IE-0187-M371WW-10.dw.png","111"," 77","125"," 78","135","118","144"," 92","155"," 52","181","125","209","143","203","133","229","116","212","105","234"," 90","236"," 68","248"," 53","247","141","266","124","309","109","329","108","335"," 93"," 46","110"
"IE-0187-M371WW-11.dw.png","103","123","115","120","138","156","139","126","138"," 87","184","148","216","157","208","148","223","126","207","121","224"," 99","222"," 78","227"," 62","251","145","264","123","300"," 95","318"," 89","319"," 73"," 48","174"
"IE-0187-M371WW-12.dw.png","106","132","120","128","140","166","139","136","143"," 94","188","160","219","169","210","160","231","140","212","132","229","110","226"," 89","233"," 72","255","157","271","136","308","108","326","103","327"," 87"," 51","182"
"IE-0187-M371WW-13.dw.png","108","105","122","103","139","142","142","112","148"," 71","185","140","216","152","208","143","230","123","214","115","231"," 94","231"," 72","239"," 56","250","144","270","123","311"," 97","330"," 93","333"," 78"," 49","147"
"IE-0187-M371WW-14.dw.png","100","113","115","110","135","148","136","121","140"," 77","182","145","211","158","203","147","223","128","207","120","223","101","223"," 80","230"," 62","244","151","263","129","303","105","321","100","325"," 84"," 45","156"
"IE-0187-M371WW-15.dw.png","101","159","114","155","137","189","133","160","133","119","184","177","214","183","205","175","223","152","202","148","217","125","212","104","216"," 87","246","169","261","145","294","113","310","106","309"," 91"," 52","214"
"IE-0187-M371WW-16.dw.png","110","103","123","103","130","146","141","118","155"," 81","177","154","204","173","200","163","224","150","206","134","230","123","237","103","247"," 88","238","174","261","160","308","144","327","146","330","131"," 40","128"
"IE-0187-M371WW-5.dw.png","106","127","118","124","143","160","145","134","142"," 91","186","154","216","165","207","156","228","136","210","129","228","108","226"," 86","230"," 69","250","156","267","133","300","106","319","100","322"," 84"," 51","173"
"IE-0187-M371WW-6.dw.png","105","121","120","117","143","156","142","127","141"," 85","188","150","219","161","211","151","230","130","211","123","228","103","227"," 80","233"," 63","255","150","269","130","308","101","327"," 96","328"," 80"," 50","168"
"IE-0187-M371WW-7.dw.png","106","126","118","123","139","161","139","132","144"," 91","185","157","217","166","207","158","228","137","211","131","228","109","227"," 87","233"," 70","253","156","268","136","308","108","326","103","328"," 87"," 49","172"
"IE-0187-M371WW-8.dw.png","105","120","118","119","134","158","139","129","145"," 89","182","158","212","172","206","161","228","143","206","132","228","116","231"," 93","237"," 77","249","164","267","146","309","121","328","118","328","102"," 43","159"
"IE-0187-M371WW-9.dw.png","108","119","120","116","145","154","146","127","145"," 84","188","149","219","160","210","151","232","131","213","124","233","103","231"," 81","236"," 63","254","150","272","130","305","104","324"," 97","329"," 82"," 51","163"
"IE-0188-M372WW-10.dw.png","105"," 99","118"," 99","133","138","134","110","145"," 72","172","139","201","153","192","143","218","128","199","117","220","101","222"," 80","233"," 65","235","149","255","131","296","112","317","109","321"," 95"," 41","132"
"IE-0188-M372WW-11.dw.png"," 96","137","110","136","129","174","129","145","135","104","168","170","199","183","191","173","213","153","197","145","214","125","213","103","223"," 85","234","174","254","154","292","129","312","123","313","107"," 38","180"
"IE-0188-M372WW-12.dw.png","103","108","118","105","138","142","139","114","141"," 74","179","137","209","149","200","138","223","117","204","111","221"," 92","218"," 69","226"," 50","243","137","261","116","298"," 89","316"," 84","319"," 68"," 46","152"
"IE-0188-M372WW-13.dw.png","105","100","118"," 98","138","134","137","105","140"," 66","179","128","207","139","198","130","220","109","201","102","218"," 83","215"," 61","222"," 45","239","129","257","106","292"," 80","312"," 74","315"," 62"," 50","146"
"IE-0188-M372WW-14.dw.png"," 94","130","107","129","131","163","128","137","129"," 95","171","158","199","169","190","159","209","140","191","132","209","113","207"," 92","214"," 75","231","159","248","137","286","110","304","104","307"," 91"," 38","176"
"IE-0188-M372WW-16.dw.png"," 99","119","115","119","128","157","132","130","142"," 89","169","159","200","174","190","163","215","146","200","137","218","119","220"," 96","230"," 79","233","170","255","150","296","128","316","125","319","110"," 37","155"
"IE-0188-M372WW-17.dw.png","108","101","124","101","140","139","144","113","150"," 72","178","140","208","156","199","144","223","128","207","117","227","101","229"," 78","240"," 62","241","151","261","131","304","109","324","106","328"," 92"," 47","139"
"IE-0188-M372WW-18.dw.png","108"," 89","123"," 93","128","135","139","109","157"," 71","167","146","192","168","186","155","215","146","202","132","225","120","230"," 98","245"," 85","225","172","252","159","296","150","317","151","325","138"," 37","106"
"IE-0188-M372WW-19.dw.png","104"," 98","120"," 99","133","140","139","112","148"," 72","175","144","205","161","197","149","220","133","207","125","227","107","228"," 85","240"," 70","238","160","260","141","305","123","324","121","330","107"," 38","131"
"IE-0188-M372WW-20.dw.png","101"," 95","115"," 95","129","136","134","108","144"," 68","170","138","198","156","190","144","217","128","199","117","222","102","225"," 79","235"," 63","232","153","254","134","298","115","320","113","324"," 99"," 35","128"
"IE-0188-M372WW-8.dw.png","108","124","122","122","141","160","142","132","147"," 92","180","157","210","170","202","161","226","142","207","133","227","116","227"," 93","236"," 76","245","162","263","142","304","119","324","113","327"," 99"," 47","164"
"IE-0188-M372WW-9.dw.png","102","127","116","125","137","161","136","135","137"," 93","177","156","207","168","198","158","218","138","199","131","218","112","216"," 91","223"," 73","241","157","257","136","295","110","316","103","319"," 89"," 42","173"
"IE-0189-M373LM-10.dw.png","112"," 88","128"," 87","142","127","148","100","155"," 58","184","129","213","144","204","132","228","116","212","105","231"," 88","233"," 65","242"," 49","250","138","267","118","310"," 98","331"," 95","335"," 80"," 48","126"
"IE-0189-M373LM-11.dw.png","106","124","119","123","145","161","140","132","141"," 91","183","158","208","169","201","160","224","141","205","133","221","113","220"," 89","229"," 72","244","160","262","142","300","116","319","111","322"," 95"," 44","167"
"IE-0189-M373LM-13.dw.png","117","110","131","109","148","149","151","121","155"," 81","193","149","218","164","213","153","233","136","215","126","235","109","236"," 86","246"," 69","252","160","276","138","318","117","335","114","339"," 99"," 50","147"
"IE-0189-M373LM-14.dw.png","113","121","126","118","153","156","148","127","147"," 85","191","151","217","163","210","153","231","133","213","126","228","104","227"," 80","235"," 63","251","154","269","131","308","104","326"," 98","329"," 83"," 52","165"
"IE-0189-M373LM-15.dw.png","112"," 95","127"," 95","142","137","147","109","156"," 65","187","139","213","156","208","146","228","129","212","118","233","101","236"," 79","248"," 62","246","154","270","136","315","116","337","113","341","100"," 45","126"
"IE-0189-M373LM-16.dw.png","102","131","115","128","141","166","139","137","138"," 95","181","162","207","175","199","164","221","144","205","137","220","117","218"," 93","225"," 75","240","167","262","144","301","117","317","113","321"," 98"," 45","174"
"IE-0189-M373LM-17.dw.png","106","112","121","113","134","155","140","127","148"," 88","178","159","203","177","198","165","220","149","204","138","225","123","228","101","240"," 85","238","175","261","157","305","139","324","137","329","122"," 39","143"
"IE-0189-M373LM-18.dw.png","107","129","122","128","140","166","140","137","144"," 98","182","164","210","176","203","167","222","148","206","140","223","122","223","100","233"," 83","244","170","263","148","298","124","317","120","319","104"," 47","171"
"IE-0189-M373LM-5.dw.png","107","130","120","127","141","164","140","135","144"," 97","182","160","211","172","201","161","220","142","205","135","222","116","221"," 94","228"," 78","245","162","261","141","298","115","318","110","320"," 96"," 51","172"
"IE-0189-M373LM-7.dw.png","102","108","117","109","130","151","136","124","147"," 83","173","157","194","174","192","163","212","148","197","137","219","121","223","101","235"," 85","231","174","252","157","297","141","319","140","323","127"," 36","135"
"IE-0189-M373LM-8.dw.png","109","102","125","102","140","141","144","114","149"," 74","184","141","211","156","206","145","225","128","209","119","228","101","230"," 79","239"," 63","247","150","267","130","308","110","328","106","330"," 91"," 46","138"
"IE-0189-M373LM-9.dw.png","109","118","124","117","145","155","144","127","146"," 87","185","154","212","167","204","157","223","139","208","129","225","110","225"," 89","234"," 71","247","158","266","140","306","116","325","110","328"," 96"," 48","158"
"IE-0190-M374LM-0.dw.png","106","101","118","100","143","133","138","107","138"," 64","183","126","211","135","202","125","223","106","204"," 99","219"," 78","218"," 57","226"," 39","243","124","258","100","294"," 71","316"," 63","316"," 49"," 52","150"
"IE-0190-M374LM-1.dw.png","101","124","114","123","134","160","133","133","138"," 91","175","158","203","169","194","161","218","144","199","134","218","116","219"," 94","229"," 77","238","162","254","144","293","120","316","115","317","100"," 40","164"
"IE-0190-M374LM-10.dw.png","111"," 93","126"," 91","142","128","145","100","149"," 60","184","124","215","137","206","127","228","110","210","102","228"," 83","230"," 61","239"," 44","249","129","265","111","306"," 87","328"," 80","330"," 66"," 54","133"
"IE-0190-M374LM-11.dw.png","111"," 94","125"," 94","138","132","144","106","153"," 67","182","136","209","151","203","141","225","125","210","115","231"," 99","234"," 79","246"," 63","245","148","264","131","306","112","330","109","333"," 95"," 48","128"
"IE-0190-M374LM-12.dw.png","113","116","127","117","146","158","147","130","156"," 88","184","162","212","179","206","169","229","153","213","141","234","126","237","103","250"," 86","249","176","271","161","311","143","333","140","338","125"," 47","146"
"IE-0190-M374LM-13.dw.png","106","128","121","126","144","162","141","134","145"," 93","188","157","215","169","206","159","228","139","209","132","227","112","227"," 91","234"," 72","250","160","267","137","304","111","326","105","326"," 87"," 50","174"
"IE-0190-M374LM-14.dw.png","108","112","121","112","139","152","140","125","150"," 84","176","156","203","174","197","163","220","147","204","137","225","121","228"," 99","240"," 83","237","173","261","155","299","138","322","136","325","122"," 42","140"
"IE-0190-M374LM-3.dw.png","113","114","128","116","138","156","146","130","157"," 91","181","160","207","179","200","166","226","152","211","141","232","126","235","104","247"," 88","242","177","264","161","308","143","331","142","335","126"," 44","143"
"IE-0190-M374LM-5.dw.png","109","128","123","123","152","155","145","128","140"," 87","191","144","224","150","212","142","232","119","210","114","227"," 90","221"," 69","226"," 49","258","134","270","109","302"," 75","323"," 65","321"," 50"," 60","180"
"IE-0190-M374LM-7.dw.png","108"," 89","122"," 90","134","125","138","102","148"," 65","174","129","200","146","195","134","217","121","201","110","220"," 96","225"," 76","237"," 61","233","143","254","126","293","110","316","107","318"," 93"," 47","121"
"IE-0190-M374LM-8.dw.png","110","116","123","116","138","154","144","128","150"," 87","185","156","210","171","205","161","226","144","211","135","229","117","232"," 95","243"," 79","244","167","267","147","306","128","328","124","330","109"," 47","151"
"IE-0190-M374LM-9.dw.png","105","116","120","116","136","153","139","128","147"," 89","175","152","203","169","196","157","218","141","201","132","222","116","223"," 96","235"," 81","237","164","256","144","296","125","319","122","324","109"," 44","152"
"IE-0191-M375LM-10.dw.png"," 97","123","112","122","131","162","135","134","138"," 90","175","162","201","176","195","166","219","148","199","138","218","120","220"," 97","232"," 80","240","170","259","150","296","128","315","125","320","109"," 37","161"
"IE-0191-M375LM-11.dw.png","112","129","128","127","142","167","149","139","152"," 97","189","165","216","181","208","169","232","152","215","141","234","124","234","101","244"," 85","253","174","271","153","310","132","330","127","334","113"," 49","166"
"IE-0191-M375LM-12.dw.png"," 95","131","111","127","134","162","135","136","131"," 93","177","156","205","166","197","156","217","137","200","130","213","109","210"," 87","220"," 70","238","155","256","132","290","106","310","100","310"," 85"," 45","176"
"IE-0191-M375LM-13.dw.png","110","127","124","128","137","171","144","141","154","100","179","176","207","193","200","181","226","166","208","154","230","138","233","114","245"," 98","241","192","266","173","312","155","328","153","332","138"," 45","158"
"IE-0191-M375LM-14.dw.png","101","146","117","142","139","177","141","149","137","107","184","169","212","179","204","169","224","149","206","141","222","120","217"," 98","224"," 80","247","167","264","142","297","115","317","108","319"," 93"," 46","193"
"IE-0191-M375LM-15.dw.png","105","140","119","136","146","173","142","144","141","102","188","167","220","177","210","167","230","145","212","139","229","117","225"," 93","231"," 76","254","165","272","141","309","112","327","106","328"," 91"," 51","187"
"IE-0191-M375LM-16.dw.png","107","123","121","123","136","161","142","134","147"," 92","181","160","209","175","203","164","222","147","206","137","225","119","226"," 97","235"," 80","244","169","265","149","307","126","327","121","330","108"," 44","161"
"IE-0191-M375LM-17.dw.png"," 99","140","114","137","139","173","138","144","134","102","182","163","212","173","202","163","222","143","204","136","217","115","214"," 92","222"," 74","245","161","261","136","295","108","314","101","314"," 86"," 48","188"
"IE-0191-M375LM-18.dw.png"," 99","118","114","118","127","159","136","133","146"," 92","172","165","198","183","192","171","215","157","198","145","220","129","225","107","238"," 90","234","182","259","164","297","146","317","145","322","129"," 35","147"
"IE-0191-M375LM-6.dw.png"," 94","168","109","163","135","196","133","169","125","129","177","183","208","191","198","181","214","159","194","154","207","132","203","110","208"," 92","241","174","255","149","283","117","301","109","303"," 94"," 47","220"
"IE-0191-M375LM-7.dw.png","106","174","119","169","147","204","143","175","136","134","188","193","219","199","209","192","227","168","206","163","220","141","215","118","220"," 99","253","183","266","160","302","127","316","120","315","105"," 57","226"
"IE-0191-M375LM-8.dw.png","114","134","127","133","145","174","147","144","152","101","187","173","218","188","209","176","231","157","215","148","235","129","237","106","245"," 88","253","182","276","159","315","136","334","132","336","119"," 52","173"
"IE-0192-M376RN-10.dw.png","106","153","121","150","145","185","143","158","145","117","185","179","216","188","207","179","224","158","209","153","226","132","220","112","226"," 95","252","176","264","156","299","129","320","122","323","109"," 52","200"
"IE-0192-M376RN-11.dw.png","104","144","118","139","143","174","141","147","137","105","185","165","213","175","209","165","225","145","209","139","221","119","218"," 98","224"," 81","249","161","262","141","295","113","315","105","316"," 91"," 53","192"
"IE-0192-M376RN-12.dw.png","101","112","115","111","137","149","136","121","143"," 81","175","146","207","160","197","148","220","132","202","123","220","105","220"," 84","228"," 69","240","155","259","133","295","112","316","107","321"," 93"," 40","152"
"IE-0192-M376RN-13.dw.png","106","128","121","126","138","166","143","139","147"," 97","183","165","212","181","204","170","225","154","212","144","227","127","229","106","239"," 90","244","177","264","158","302","137","323","133","328","119"," 45","164"
"IE-0192-M376RN-14.dw.png","105","121","118","120","136","158","141","131","145"," 91","178","156","207","170","199","160","221","143","207","134","224","117","223"," 95","230"," 79","239","165","259","146","299","123","321","119","325","105"," 46","160"
"IE-0192-M376RN-15.dw.png","107"," 93","121"," 92","137","132","144","107","150"," 65","178","133","207","150","200","139","223","123","208","114","227"," 99","227"," 76","237"," 59","240","147","261","128","303","108","323","106","327"," 91"," 43","125"
"IE-0192-M376RN-16.dw.png","110","131","125","130","144","169","145","141","154","100","184","167","215","182","206","171","231","155","213","145","232","128","233","106","240"," 90","249","176","270","156","307","135","329","132","333","118"," 47","169"
"IE-0192-M376RN-17.dw.png"," 96","150","108","147","140","181","136","154","131","110","182","171","211","179","203","171","217","149","202","144","214","121","210"," 99","215"," 81","241","167","256","143","291","113","308","105","309"," 91"," 47","203"
"IE-0192-M376RN-18.dw.png"," 84","118"," 98","117","122","155","121","128","128"," 85","162","152","194","166","186","156","208","137","190","128","208","110","206"," 87","214"," 70","228","160","249","138","288","115","307","109","311"," 96"," 22","160"
"IE-0192-M376RN-7.dw.png","106","150","120","147","141","182","145","155","142","115","184","176","214","186","206","177","226","158","210","150","225","131","221","108","227"," 92","248","175","264","155","300","128","322","121","324","107"," 52","196"
"IE-0192-M376RN-8.dw.png","105","149","119","146","147","182","145","155","144","110","190","176","216","185","210","178","227","157","212","151","225","130","223","107","230"," 89","251","173","266","156","304","128","321","122","323","107"," 53","196"
"IE-0192-M376RN-9.dw.png","108","103","122","103","136","141","143","116","149"," 76","179","144","206","158","198","148","219","132","207","122","227","108","230"," 86","239"," 72","242","157","257","140","301","120","321","118","326","107"," 45","135"
"IE-0193-M377RN-10.dw.png","104","167","119","163","141","196","141","170","136","128","182","185","210","191","204","183","215","162","204","158","217","135","213","115","219"," 97","244","177","259","154","292","124","310","115","312","102"," 53","217"
"IE-0193-M377RN-11.dw.png"," 94","129","108","126","133","162","134","134","131"," 90","178","153","206","163","196","153","215","132","202","126","215","105","210"," 83","218"," 66","237","150","254","127","292"," 99","312"," 93","313"," 78"," 44","179"
"IE-0193-M377RN-12.dw.png"," 84","140"," 99","133","130","164","120","138","113"," 95","168","151","200","154","191","148","201","125","188","121","199"," 95","193"," 74","197"," 55","232","136","245","113","276"," 78","294"," 69","295"," 53"," 37","197"
"IE-0193-M377RN-14.dw.png"," 99","128","114","125","137","161","134","133","133"," 91","175","154","205","163","196","154","215","132","200","126","211","104","209"," 83","217"," 67","235","153","253","129","289"," 99","308"," 93","310"," 79"," 45","176"
"IE-0193-M377RN-15.dw.png"," 93","114","107","111","130","148","134","121","133"," 77","176","142","203","153","194","143","215","123","201","116","217"," 97","212"," 74","221"," 58","233","144","253","120","293"," 94","314"," 89","314"," 75"," 41","162"
"IE-0193-M377RN-16.dw.png","101","216","115","211","142","242","136","215","129","175","179","231","213","234","204","227","217","202","199","199","210","175","205","155","209","137","241","219","257","193","286","159","304","148","304","134"," 54","273"
"IE-0193-M377RN-17.dw.png"," 99","142","116","137","144","171","137","143","132","101","188","160","216","166","207","157","224","135","207","130","218","107","212"," 86","217"," 70","246","153","261","127","295"," 95","312"," 86","311"," 72"," 51","195"
"IE-0193-M377RN-18.dw.png"," 98","114","114","112","137","148","133","120","134"," 78","177","143","206","155","198","144","213","124","201","118","217"," 95","215"," 74","223"," 56","238","146","257","122","294"," 95","313"," 90","318"," 75"," 42","160"
"IE-0193-M377RN-4.dw.png"," 96","119","110","114","133","146","131","119","128"," 77","177","132","207","137","194","131","213","106","197","102","209"," 80","205"," 60","211"," 43","238","122","252"," 97","283"," 64","303"," 56","302"," 40"," 51","174"
"IE-0193-M377RN-5.dw.png"," 97","175","111","170","132","202","130","175","128","131","174","188","203","193","194","186","209","162","196","158","205","134","201","114","208"," 96","235","178","249","153","283","120","302","112","304"," 99"," 47","228"
"IE-0193-M377RN-7.dw.png","102","109","118","108","138","147","137","118","140"," 75","177","142","205","153","199","144","221","124","205","116","219"," 94","218"," 73","228"," 56","240","143","260","124","299"," 96","319"," 91","323"," 77"," 42","154"
"IE-0193-M377RN-9.dw.png"," 91","184","104","178","132","208","128","180","117","139","172","190","203","193","191","185","205","160","190","158","200","134","192","114","197"," 95","232","174","243","147","274","111","291","102","291"," 88"," 50","243"
"IE-0194-M379RN-11.dw.png"," 76","132"," 89","128","115","164","111","134","108"," 92","154","154","186","161","174","153","191","130","176","125","190","102","186"," 79","192"," 60","220","147","234","122","269"," 92","288"," 83","289"," 68"," 22","186"
"IE-0194-M379RN-12.dw.png","100","109","114","109","129","149","134","122","143"," 82","169","152","195","171","188","157","209","142","197","133","215","116","218"," 95","229"," 81","229","169","249","148","290","131","312","131","318","117"," 37","142"
"IE-0194-M379RN-13.dw.png","105","106","119","105","136","144","139","116","143"," 74","177","143","205","156","196","145","217","126","203","119","222"," 98","221"," 75","231"," 60","238","149","260","127","299","103","321"," 99","325"," 85"," 42","149"
"IE-0194-M379RN-14.dw.png","102","107","118","105","141","142","139","115","141"," 74","177","140","207","153","198","142","217","123","202","115","220"," 94","219"," 72","227"," 56","238","146","259","123","294"," 98","313"," 94","319"," 81"," 47","151"
"IE-0194-M379RN-15.dw.png","102","136","113","131","140","162","140","136","130"," 94","181","151","213","158","204","149","219","126","202","123","212"," 99","207"," 78","211"," 61","244","144","258","117","290"," 84","308"," 76","305"," 62"," 54","189"
"IE-0194-M379RN-16.dw.png","111","100","125"," 98","147","136","147","109","150"," 66","187","133","217","147","208","136","229","117","213","110","230"," 90","230"," 67","239"," 51","246","141","270","117","309"," 94","331"," 90","335"," 75"," 51","143"
"IE-0194-M379RN-4.dw.png","267","114","279","111","299","147","303","121","301"," 78","341","143","374","154","364","145","383","124","368","117","382"," 97","380"," 74","387"," 57","410","144","425","122","461"," 95","481"," 90","480"," 75","209","159"
"IE-0194-M379RN-5.dw.png","188","132","201","129","223","166","223","139","224"," 96","265","161","295","170","288","162","307","141","290","134","304","113","303"," 91","311"," 74","329","159","350","137","385","109","403","102","404"," 87","132","180"
"IE-0194-M379RN-6.dw.png","103","108","117","106","134","144","140","119","142"," 76","179","143","209","156","199","146","218","128","202","119","218","100","218"," 78","226"," 61","244","148","261","126","295","103","314"," 99","315"," 84"," 47","151"
"IE-0194-M379RN-7.dw.png","103","100","117","102","129","145","137","119","148"," 78","166","152","191","174","186","161","212","147","199","137","218","121","224"," 99","236"," 84","226","175","252","159","293","145","312","145","319","133"," 37","129"
"IE-0194-M379RN-8.dw.png"," 79","101"," 94","100","116","138","115","110","117"," 69","153","136","184","149","174","139","194","120","179","112","197"," 92","196"," 69","205"," 53","215","141","235","121","273"," 97","292"," 93","296"," 79"," 21","145"
"IE-0194-M379RN-9.dw.png","101","102","116","103","132","142","134","117","143"," 76","169","146","195","163","187","151","209","136","197","127","216","110","219"," 90","231"," 77","231","161","247","142","289","126","309","125","314","114"," 40","135"
"IE-0195-M380RN-10.dw.png","102","108","115","108","133","148","136","121","144"," 80","173","152","196","169","190","158","215","142","198","131","216","116","220"," 93","232"," 78","231","167","250","149","291","133","313","131","321","119"," 37","138"
"IE-0195-M380RN-12.dw.png","102","123","116","118","143","152","140","126","135"," 84","183","145","210","155","203","145","219","126","204","119","217"," 99","214"," 78","223"," 61","241","144","259","123","294"," 94","310"," 88","310"," 74"," 56","169"
"IE-0195-M380RN-13.dw.png","105","106","121","104","139","144","138","114","149"," 74","179","143","206","157","200","147","219","129","205","121","225","102","224"," 80","235"," 64","237","154","257","134","299","111","316","108","322"," 94"," 46","144"
"IE-0195-M380RN-14.dw.png"," 96","124","110","121","133","157","133","130","134"," 88","178","151","205","161","198","152","215","132","200","126","214","105","211"," 83","218"," 66","237","152","254","131","290","103","309"," 97","312"," 82"," 45","169"
"IE-0195-M380RN-15.dw.png"," 89","151","103","148","128","181","123","153","120","114","169","172","196","181","188","172","205","151","187","144","202","125","196","103","203"," 86","228","169","243","145","277","117","294","110","295"," 96"," 38","202"
"IE-0195-M380RN-16.dw.png"," 96","119","110","116","134","153","135","127","135"," 83","177","151","205","164","196","154","215","135","200","127","217","108","217"," 86","227"," 69","237","158","257","137","295","112","311","108","315"," 91"," 43","161"
"IE-0195-M380RN-17.dw.png"," 91"," 94","106"," 95","119","133","127","108","135"," 66","161","136","187","153","180","142","201","126","190","116","210","100","211"," 78","223"," 64","221","151","241","133","283","114","303","112","308"," 99"," 29","129"
"IE-0195-M380RN-5.dw.png","105","169","118","163","147","197","142","170","136","127","189","185","217","194","208","184","226","162","205","157","219","135","214","114","220"," 96","249","180","262","156","296","125","313","117","315","101"," 56","219"
"IE-0195-M380RN-6.dw.png","103","129","116","125","140","160","142","134","139"," 89","184","155","212","164","203","155","221","135","206","128","222","107","220"," 85","228"," 68","245","154","260","134","297","106","316"," 99","318"," 85"," 50","177"
"IE-0195-M380RN-7.dw.png","100","120","116","117","140","153","135","124","139"," 82","180","147","207","156","200","147","217","127","201","120","218","100","215"," 78","223"," 61","240","145","254","126","292"," 99","309"," 93","313"," 79"," 48","166"
"IE-0195-M380RN-8.dw.png","108","117","122","115","139","151","145","126","147"," 84","182","149","210","163","202","152","220","133","208","126","225","108","225"," 86","233"," 70","244","156","262","136","301","111","319","107","323"," 93"," 50","158"
"IE-0195-M380RN-9.dw.png","104","120","119","119","138","158","139","129","145"," 88","179","155","208","170","199","158","221","140","206","132","225","114","224"," 91","235"," 76","241","163","261","145","301","122","320","118","326","103"," 44","159"
"IE-0196-M381RN-10.dw.png","103","155","116","150","141","184","134","156","132","114","179","172","213","178","201","170","217","147","200","142","214","118","211"," 97","215"," 78","245","161","260","138","292","107","313"," 96","314"," 82"," 52","208"
"IE-0196-M381RN-11.dw.png","103","115","117","114","131","152","137","125","144"," 84","175","150","209","165","198","153","218","135","204","126","223","107","225"," 85","236"," 71","242","159","259","137","301","114","324","109","327"," 94"," 39","156"
"IE-0196-M381RN-12.dw.png"," 95","104","109","103","130","141","129","113","132"," 70","170","136","201","149","193","140","213","120","197","112","214"," 92","216"," 70","225"," 54","235","142","254","120","291"," 96","313"," 90","317"," 76"," 37","150"
"IE-0196-M381RN-13.dw.png"," 96","133","110","127","137","161","130","132","128"," 91","179","149","211","158","201","148","219","127","200","121","214"," 99","211"," 76","217"," 61","239","146","256","120","290"," 90","312"," 81","310"," 67"," 46","187"
"IE-0196-M381RN-14.dw.png","105","106","118","103","137","142","137","114","142"," 73","178","138","208","152","200","141","220","123","204","115","221"," 96","222"," 75","232"," 59","241","145","258","125","296","101","318"," 96","322"," 82"," 47","148"
"IE-0196-M381RN-15.dw.png","106"," 94","121"," 93","133","133","140","106","149"," 65","177","134","205","151","199","139","222","124","208","114","228"," 97","229"," 75","240"," 60","239","148","260","130","302","109","325","106","328"," 94"," 43","128"
"IE-0196-M381RN-3.dw.png","172","107","186","106","204","145","205","117","211"," 77","244","143","274","158","266","147","288","129","274","121","293","102","293"," 81","303"," 66","310","152","327","132","368","109","386","106","391"," 92","113","149"
"IE-0196-M381RN-4.dw.png","108","117","122","115","140","152","143","124","146"," 82","183","147","214","160","205","149","226","129","211","123","229","103","228"," 81","235"," 64","251","151","265","131","305","105","326"," 99","328"," 86"," 49","160"
"IE-0196-M381RN-5.dw.png","102","152","115","147","145","178","137","152","132","111","181","168","212","177","203","167","221","145","203","140","217","118","212"," 96","218"," 78","248","162","260","138","291","108","310"," 99","311"," 84"," 54","204"
"IE-0196-M381RN-6.dw.png"," 99","114","112","111","133","150","132","122","139"," 80","175","145","205","158","196","148","219","129","202","120","218","100","219"," 79","228"," 64","239","149","256","127","293","103","314"," 98","317"," 84"," 41","158"
"IE-0196-M381RN-7.dw.png","104","107","117","108","135","150","135","122","147"," 80","174","155","198","174","194","161","217","146","202","135","223","120","229"," 98","239"," 84","234","172","256","155","296","138","318","137","324","124"," 37","140"
"IE-0196-M381RN-8.dw.png"," 99","121","113","116","138","150","133","123","133"," 80","180","140","211","150","202","141","221","120","203","114","218"," 93","215"," 70","222"," 55","245","137","258","115","292"," 87","315"," 78","314"," 64"," 48","173"
"IE-0197-M382RN-11.dw.png"," 98","124","112","119","140","154","135","127","132"," 84","176","145","209","155","198","145","217","123","199","118","214"," 96","210"," 74","218"," 56","241","142","254","118","290"," 87","310"," 80","313"," 65"," 46","174"
"IE-0197-M382RN-12.dw.png","109","114","126","113","148","151","146","123","153"," 81","188","149","215","164","212","152","231","135","214","126","231","106","232"," 83","241"," 67","249","155","272","134","310","110","330","105","333"," 90"," 54","156"
"IE-0197-M382RN-13.dw.png","103"," 91","117"," 91","132","132","134","103","144"," 65","171","134","199","151","192","139","214","123","201","115","220"," 99","223"," 77","232"," 62","231","149","253","129","292","112","313","109","317"," 95"," 39","125"
"IE-0197-M382RN-14.dw.png"," 95","124","109","120","138","154","130","127","127"," 84","178","143","206","150","195","143","213","120","197","116","210"," 94","205"," 73","209"," 54","238","137","254","112","285"," 82","305"," 75","306"," 58"," 46","182"
"IE-0197-M382RN-15.dw.png","111","111","125","108","150","148","150","119","151"," 77","193","143","220","156","212","145","233","126","216","118","234"," 99","233"," 76","240"," 59","254","148","274","125","311","103","332"," 97","335"," 81"," 52","155"
"IE-0197-M382RN-16.dw.png"," 98","110","115","106","141","141","136","114","136"," 72","179","134","212","144","204","134","220","114","202","108","217"," 86","214"," 64","221"," 47","243","133","260","107","295"," 79","314"," 72","314"," 57"," 50","159"
"IE-0197-M382RN-4.dw.png","104","115","117","112","144","148","142","120","138"," 79","185","140","212","150","204","139","223","119","205","113","221"," 93","217"," 72","223"," 54","246","137","261","115","295"," 90","315"," 82","316"," 67"," 51","163"
"IE-0197-M382RN-5.dw.png","106"," 97","119"," 98","131","140","135","112","151"," 75","169","147","195","165","189","154","215","141","200","130","221","116","226"," 94","238"," 80","231","165","252","150","292","134","314","136","321","122"," 38","124"
"IE-0197-M382RN-6.dw.png","109","122","124","118","150","157","148","128","150"," 85","191","152","220","163","212","153","233","132","210","125","230","105","229"," 83","236"," 65","253","153","273","130","311","104","330"," 99","329"," 83"," 51","167"
"IE-0197-M382RN-7.dw.png","100","121","116","120","140","157","138","128","142"," 83","180","150","213","161","202","151","223","131","204","124","222","102","221"," 79","228"," 61","248","150","262","128","297","100","319"," 94","319"," 77"," 45","170"
"IE-0197-M382RN-8.dw.png","102","105","115","106","132","148","136","120","145"," 80","173","151","198","169","191","157","213","142","200","132","220","116","222"," 94","233"," 79","234","166","254","149","294","132","315","132","321","118"," 38","138"
"IE-0197-M382RN-9.dw.png","107","106","122","106","139","146","144","119","153"," 76","181","148","206","165","199","153","223","136","208","128","227","110","230"," 87","242"," 71","241","161","264","142","306","121","327","120","330","104"," 43","141"
"IE-0198-M384-1.dw.png","110"," 96","125"," 94","145","132","145","105","148"," 65","186","130","216","143","209","133","224","115","210","107","231"," 89","231"," 67","239"," 50","253","136","269","116","306"," 94","325"," 89","328"," 73"," 51","137"
"IE-0198-M384-10.dw.png","110"," 93","124"," 92","141","132","145","105","152"," 63","187","134","214","151","207","140","230","124","212","113","234"," 97","235"," 75","244"," 59","249","147","270","128","312","110","329","108","333"," 93"," 49","130"
"IE-0198-M384-11.dw.png","109"," 84","123"," 85","134","125","140"," 99","150"," 59","177","130","204","149","199","138","220","125","204","111","228"," 99","231"," 79","240"," 63","238","148","260","132","302","118","322","117","327","104"," 46","113"
"IE-0198-M384-12.dw.png","110"," 89","125"," 89","145","125","147"," 99","149"," 57","187","123","217","137","208","126","228","109","212","100","232"," 82","231"," 61","238"," 45","252","129","270","109","307"," 87","325"," 83","330"," 69"," 53","130"
"IE-0198-M384-2.dw.png","109"," 97","124"," 96","141","136","144","107","145"," 65","185","134","214","148","206","137","228","120","211","111","230"," 93","230"," 72","238"," 55","248","142","266","122","305"," 98","326"," 93","328"," 79"," 50","137"
"IE-0198-M384-3.dw.png","100"," 98","117"," 98","135","137","139","110","140"," 69","181","136","209","150","200","139","221","121","203","112","222"," 95","224"," 74","230"," 56","244","143","261","123","299","102","318"," 98","320"," 81"," 43","138"
"IE-0198-M384-4.dw.png","100","103","113","100","139","135","134","107","132"," 68","181","127","211","137","202","127","219","108","202","102","218"," 81","215"," 62","221"," 43","244","125","259","104","292"," 77","310"," 70","311"," 55"," 52","152"
"IE-0198-M384-5.dw.png","107"," 95","122"," 96","137","136","142","109","147"," 67","179","137","208","154","201","143","222","128","206","117","227","101","228"," 78","238"," 62","242","150","265","132","303","113","320","109","321"," 93"," 49","131"
"IE-0198-M384-6.dw.png","104","106","119","103","141","142","142","113","142"," 73","186","137","216","149","207","138","226","120","209","112","228"," 92","228"," 72","234"," 54","252","139","269","119","305"," 93","326"," 87","327"," 71"," 49","151"
"IE-0198-M384-7.dw.png","105"," 98","119"," 97","139","136","139","107","144"," 67","183","133","214","145","206","136","226","116","208","108","227"," 89","227"," 69","235"," 52","249","138","268","117","304"," 95","324"," 89","326"," 74"," 48","142"
"IE-0198-M384-8.dw.png","112"," 96","127"," 96","143","138","145","109","156"," 68","185","141","214","158","207","146","227","130","212","120","235","104","238"," 81","247"," 65","249","155","270","137","311","118","330","116","335","100"," 52","131"
"IE-0198-M384-9.dw.png","114","100","126"," 97","150","137","146","107","150"," 68","188","135","217","148","209","137","229","120","212","110","234"," 93","235"," 73","242"," 55","253","142","272","123","311","100","331"," 95","335"," 81"," 56","142"
"IE-0199-M387-1.dw.png","112"," 91","126"," 90","147","131","148","103","157"," 62","188","131","218","147","210","136","232","120","217","110","236"," 93","237"," 70","245"," 54","256","143","277","124","315","105","335","101","340"," 86"," 51","126"
"IE-0199-M387-10.dw.png","104"," 96","119"," 95","135","134","139","106","147"," 66","179","134","206","149","199","138","221","121","208","112","223"," 94","225"," 72","233"," 56","244","144","264","124","302","103","323","100","325"," 85"," 46","133"
"IE-0199-M387-11.dw.png","110"," 98","120"," 97","145","136","145","108","149"," 65","188","135","218","149","209","138","231","120","214","112","233"," 93","234"," 72","240"," 54","253","142","274","122","310","101","331"," 97","335"," 82"," 52","136"
"IE-0199-M387-12.dw.png","112"," 92","125"," 92","139","131","146","104","156"," 63","183","133","213","148","206","137","228","120","216","112","232"," 93","233"," 71","241"," 55","251","143","272","124","306","105","328","101","333"," 87"," 50","127"
"IE-0199-M387-2.dw.png","106"," 96","118"," 94","144","133","144","106","145"," 63","187","130","217","141","208","132","229","112","212","105","229"," 86","229"," 65","236"," 46","253","133","272","112","311"," 88","331"," 82","330"," 66"," 50","139"
"IE-0199-M387-3.dw.png","107"," 92","121"," 92","140","130","144","103","148"," 62","182","130","213","146","207","135","227","118","212","110","230"," 92","231"," 70","239"," 54","249","141","269","122","306","101","325"," 97","330"," 82"," 45","128"
"IE-0199-M387-4.dw.png","105"," 93","122"," 92","136","133","141","105","154"," 64","179","137","206","154","198","142","224","125","211","116","229","100","231"," 78","240"," 61","244","151","268","131","304","115","326","113","331"," 98"," 45","124"
"IE-0199-M387-5.dw.png","110"," 93","123"," 92","144","132","144","104","149"," 65","186","131","215","146","209","136","230","118","213","110","232"," 93","233"," 72","241"," 54","251","141","272","121","310","101","331"," 97","333"," 82"," 50","128"
"IE-0199-M387-6.dw.png","106","101","121"," 99","140","138","144","111","148"," 68","182","136","215","149","207","140","228","119","215","112","233"," 93","233"," 70","241"," 52","253","142","271","121","310"," 98","329"," 93","333"," 79"," 45","141"
"IE-0199-M387-7.dw.png","109","100","122"," 99","137","139","144","112","152"," 71","180","141","211","158","203","146","226","128","213","119","232","102","232"," 79","243"," 62","249","154","272","133","308","115","330","111","334"," 96"," 44","131"
"IE-0199-M387-8.dw.png","107","101","118","100","136","143","141","116","150"," 73","177","146","206","165","198","152","223","137","209","128","229","111","234"," 90","244"," 73","243","162","266","145","306","128","329","126","334","112"," 42","131"
"IE-0199-M387-9.dw.png","109"," 98","122"," 96","146","136","147","106","148"," 66","186","134","217","148","208","137","230","119","213","110","232"," 91","232"," 71","240"," 52","251","141","274","120","311"," 98","331"," 94","333"," 78"," 49","136"
"IE-0200-M389D-1.dw.png","109"," 91","121"," 90","139","130","140","103","146"," 64","176","131","206","146","198","135","220","119","206","110","223"," 94","224"," 73","232"," 56","237","143","259","125","299","104","316","100","318"," 85"," 51","128"
"IE-0200-M389D-10.dw.png","104"," 94","117"," 92","138","131","139","102","142"," 61","179","128","209","140","202","130","224","111","208","104","224"," 84","223"," 61","228"," 43","245","133","267","111","304"," 87","322"," 83","323"," 67"," 44","135"
"IE-0200-M389D-11.dw.png","104"," 98","117"," 94","145","129","138","100","137"," 59","183","121","216","129","206","120","221","100","206"," 94","222"," 73","218"," 50","224"," 31","246","119","262"," 95","297"," 68","317"," 59","316"," 45"," 54","148"
"IE-0200-M389D-12.dw.png","101"," 92","116"," 91","134","130","138","102","141"," 61","175","129","206","145","199","133","217","115","206","109","223"," 89","223"," 67","228"," 48","239","139","260","119","297"," 97","320"," 92","323"," 76"," 42","131"
"IE-0200-M389D-2.dw.png"," 97"," 99","112"," 98","132","136","130","108","135"," 67","171","134","201","147","194","137","212","120","199","112","215"," 94","215"," 73","221"," 53","234","141","253","121","290"," 99","309"," 94","311"," 78"," 41","142"
"IE-0200-M389D-3.dw.png","114","105","127","104","148","143","147","115","153"," 76","186","141","215","157","208","146","225","129","214","121","232","104","232"," 83","240"," 65","247","153","268","134","305","114","323","110","326"," 95"," 54","142"
"IE-0200-M389D-4.dw.png","106"," 95","118"," 94","137","132","138","104","143"," 63","178","131","209","148","202","137","221","120","208","111","227"," 94","229"," 72","236"," 56","242","144","264","125","303","104","321","100","324"," 85"," 46","133"
"IE-0200-M389D-5.dw.png","105"," 96","119"," 95","136","135","137","106","145"," 66","180","137","209","152","201","141","220","123","208","116","226"," 97","227"," 75","236"," 57","243","147","264","127","301","107","319","105","323"," 87"," 42","134"
"IE-0200-M389D-6.dw.png","104","105","118","103","142","140","138","112","140"," 71","179","136","209","148","201","139","218","120","206","113","222"," 92","222"," 72","228"," 54","242","142","261","120","295"," 98","315"," 92","316"," 77"," 49","148"
"IE-0200-M389D-7.dw.png","109","104","120","102","139","140","140","113","143"," 70","180","139","210","153","203","143","221","125","208","118","227"," 98","226"," 76","234"," 58","243","148","265","128","302","105","320","100","321"," 85"," 49","144"
"IE-0200-M389D-8.dw.png","107"," 95","122"," 95","138","134","140","105","147"," 66","180","134","209","149","201","138","219","122","208","114","227"," 95","228"," 74","237"," 56","245","144","264","125","303","106","321","104","325"," 87"," 46","133"
"IE-0200-M389D-9.dw.png","100"," 95","114"," 93","135","130","134","102","138"," 63","175","128","205","140","198","131","216","112","202","105","219"," 86","219"," 65","226"," 46","240","134","259","113","293"," 90","312"," 85","314"," 69"," 42","138"
"IE-0201-M392-1.dw.png","107","104","121","100","148","135","145","108","144"," 66","184","130","217","141","206","131","226","111","209","104","224"," 83","222"," 62","228"," 44","248","131","267","108","301"," 81","320"," 74","320"," 59"," 53","148"
"IE-0201-M392-10.dw.png","116"," 98","129"," 97","147","135","151","109","157"," 67","186","136","218","151","210","140","231","124","216","113","234"," 96","235"," 75","243"," 58","252","147","273","127","310","106","330","102","335"," 87"," 55","133"
"IE-0201-M392-11.dw.png","105","102","119","100","138","139","139","111","145"," 70","181","139","211","155","204","145","225","127","211","118","229","100","230"," 79","239"," 62","244","150","266","130","304","109","323","105","326"," 90"," 46","139"
"IE-0201-M392-12.dw.png","101"," 99","117"," 97","135","133","139","107","141"," 65","177","130","210","144","200","132","220","115","204","107","222"," 89","221"," 66","227"," 48","241","137","263","114","297"," 92","314"," 86","317"," 71"," 46","139"
"IE-0201-M392-2.dw.png","110"," 99","124"," 97","144","134","143","107","150"," 64","187","131","219","145","210","134","231","117","215","108","232"," 90","231"," 68","238"," 50","250","138","270","116","309"," 92","325"," 87","326"," 71"," 52","139"
"IE-0201-M392-3.dw.png","107","103","119","103","135","142","140","115","149"," 74","179","144","210","159","201","148","223","132","209","124","227","107","227"," 85","234"," 70","240","156","262","136","299","117","316","114","319"," 99"," 45","136"
"IE-0201-M392-4.dw.png","112"," 97","127"," 95","145","133","147","106","153"," 65","189","132","219","146","212","136","233","118","216","109","235"," 92","236"," 70","243"," 52","251","141","275","120","311"," 98","330"," 93","334"," 78"," 53","135"
"IE-0201-M392-5.dw.png","104","100","118","101","136","139","137","112","145"," 70","176","141","206","157","198","146","221","130","204","119","224","103","226"," 82","234"," 65","240","153","262","134","301","114","319","110","322"," 95"," 41","135"
"IE-0201-M392-6.dw.png","105"," 89","120"," 90","133","129","141","103","151"," 64","177","134","208","151","203","140","224","125","210","116","228"," 99","231"," 77","240"," 62","242","149","265","131","301","114","320","111","326"," 97"," 43","120"
"IE-0201-M392-7.dw.png","108"," 97","123"," 96","142","134","144","106","149"," 66","189","133","216","147","210","137","228","120","214","110","232"," 93","232"," 71","239"," 54","251","142","272","122","306","102","327"," 97","330"," 81"," 49","134"
"IE-0201-M392-8.dw.png","105"," 95","120"," 94","136","133","140","105","148"," 63","180","133","210","148","201","137","223","121","207","111","224"," 94","225"," 72","233"," 55","245","143","266","122","301","103","320","101","321"," 83"," 45","130"
"IE-0201-M392-9.dw.png","100"," 99","115"," 95","141","129","137","103","136"," 61","178","123","211","133","200","124","219","104","200"," 97","217"," 78","215"," 56","221"," 38","242","123","261"," 98","293"," 73","313"," 65","313"," 51"," 49","145"
"IE-0202-M399-108.dw.png","137","128","149","125","174","162","173","134","171"," 93","218","155","245","166","236","155","255","135","240","129","255","108","253"," 87","259"," 71","276","155","293","133","328","107","347","101","350"," 87"," 81","172"
"IE-0202-M399-113.dw.png","155","116","168","116","187","156","191","130","193"," 90","227","159","253","174","245","163","267","147","252","138","274","121","276","100","283"," 84","285","170","305","152","344","132","366","129","370","116"," 89","148"
"IE-0202-M399-21.dw.png","129","135","143","133","164","170","164","141","164","102","204","165","232","177","223","167","247","147","229","139","246","120","244"," 99","252"," 81","267","166","285","145","317","121","337","115","340","101"," 74","182"
"IE-0202-M399-23.dw.png","146","133","159","131","184","169","182","141","184","100","226","166","257","177","249","167","269","147","253","140","269","121","268"," 99","274"," 83","292","168","309","147","346","124","366","118","367","104"," 92","180"
"IE-0202-M399-29.dw.png","140","150","151","146","182","180","175","153","168","112","222","171","252","178","242","170","260","147","243","143","257","121","251"," 99","256"," 83","286","164","301","142","333","111","348","105","349"," 92"," 89","203"
"IE-0202-M399-46.dw.png","136","159","150","156","176","190","175","164","169","123","217","181","248","189","239","181","258","160","239","155","255","133","251","112","256"," 95","280","177","295","153","327","126","345","117","345","102"," 84","208"
"IE-0202-M399-52.dw.png","135","120","148","118","169","159","168","130","171"," 90","208","158","235","171","228","160","250","142","236","134","254","114","252"," 92","258"," 76","271","164","290","144","327","120","344","117","347","103"," 72","162"
"IE-0202-M399-67.dw.png"," 99","128","112","123","144","153","136","127","127"," 86","185","139","215","144","204","137","222","113","201","109","214"," 86","208"," 66","210"," 48","248","127","260","102","289"," 69","305"," 61","303"," 45"," 53","184"
"IE-0202-M399-76.dw.png","133","132","146","130","171","167","166","138","168"," 99","212","162","241","172","233","162","252","143","234","139","251","115","250"," 93","255"," 77","275","161","290","141","328","114","346","108","348"," 93"," 78","180"
"IE-0202-M399-83.dw.png","135","119","148","119","163","161","168","133","176"," 94","203","167","229","183","223","172","246","159","234","149","254","133","257","111","267"," 96","264","183","287","168","325","152","346","150","351","138"," 69","152"
"IE-0202-M399-89.dw.png","143","169","156","164","187","198","180","171","173","132","225","187","255","195","245","186","262","163","248","158","261","136","256","116","259"," 99","289","180","304","157","336","127","354","118","354","104"," 93","223"
"IE-0203-M401-1.dw.png","111"," 98","123"," 95","147","134","147","105","149"," 64","187","131","217","145","209","133","232","116","213","106","229"," 89","228"," 66","235"," 50","250","137","272","115","307"," 94","326"," 88","330"," 74"," 50","141"
"IE-0203-M401-10.dw.png","108","107","120","104","144","140","143","113","143"," 70","182","135","214","147","206","136","224","117","209","110","224"," 90","221"," 68","227"," 50","247","138","269","112","302"," 89","319"," 84","322"," 69"," 53","151"
"IE-0203-M401-11.dw.png","111","111","123","109","141","145","144","119","149"," 76","183","143","215","158","206","146","229","127","212","120","230","101","227"," 79","234"," 61","248","150","271","127","307","105","324","100","326"," 85"," 51","152"
"IE-0203-M401-12.dw.png","104","102","115"," 99","139","135","140","108","141"," 65","178","130","212","143","202","131","223","113","207","105","223"," 84","220"," 63","225"," 46","244","133","266","110","301"," 85","320"," 79","323"," 64"," 49","148"
"IE-0203-M401-2.dw.png","115"," 94","126"," 92","146","132","148","105","155"," 62","187","132","219","149","211","138","234","121","217","111","236"," 93","235"," 71","243"," 54","252","145","277","123","316","104","335","101","340"," 85"," 55","132"
"IE-0203-M401-3.dw.png","114","109","125","107","150","142","149","114","146"," 75","190","136","221","146","212","138","231","117","215","111","231"," 91","228"," 69","232"," 51","252","137","271","115","306"," 89","322"," 83","323"," 67"," 58","153"
"IE-0203-M401-4.dw.png","114"," 97","126"," 95","144","132","147","105","149"," 64","183","130","214","144","206","133","227","114","211","107","228"," 89","227"," 66","235"," 49","248","136","269","114","305"," 92","323"," 86","326"," 71"," 56","139"
"IE-0203-M401-5.dw.png","104"," 99","116"," 96","139","133","140","106","142"," 62","180","131","212","143","204","133","221","114","207","106","225"," 87","225"," 65","233"," 47","244","136","264","114","302"," 90","320"," 84","323"," 69"," 46","140"
"IE-0203-M401-6.dw.png","111","100","122"," 99","144","136","146","109","150"," 67","187","134","217","148","209","137","229","118","214","111","233"," 92","233"," 70","240"," 54","251","141","271","120","310"," 97","327"," 93","332"," 79"," 52","142"
"IE-0203-M401-7.dw.png","107"," 90","120"," 89","135","127","138"," 99","147"," 60","177","127","205","142","197","130","220","114","204","105","223"," 89","223"," 66","232"," 48","243","135","262","115","298"," 95","317"," 91","320"," 75"," 46","127"
"IE-0203-M401-8.dw.png","105"," 90","117"," 89","132","127","137","100","143"," 60","174","127","204","141","194","130","220","113","206","106","221"," 88","221"," 66","227"," 50","240","135","261","113","299"," 93","315"," 91","319"," 75"," 45","132"
"IE-0203-M401-9.dw.png","105"," 93","117"," 91","136","129","138","102","143"," 61","174","127","206","142","197","130","222","113","205","105","223"," 88","222"," 64","230"," 48","240","136","263","113","300"," 94","317"," 89","322"," 75"," 46","134"
"IE-0204-M404-1.dw.png","121"," 97","133"," 96","152","139","158","112","165"," 69","196","142","221","157","216","147","238","131","223","121","239","105","240"," 82","250"," 66","254","154","278","138","314","119","331","117","335","102"," 63","135"
"IE-0204-M404-10.dw.png","111","102","123","101","147","139","146","111","147"," 69","188","137","220","148","212","139","235","121","215","114","232"," 95","231"," 72","237"," 54","253","142","275","121","309"," 98","328"," 92","328"," 78"," 57","147"
"IE-0204-M404-11.dw.png","108"," 96","122"," 95","143","132","142","104","147"," 63","192","129","218","139","212","130","233","112","212","104","227"," 85","226"," 64","233"," 45","254","132","275","110","308"," 88","327"," 84","327"," 66"," 53","141"
"IE-0204-M404-12.dw.png","102"," 93","117"," 93","130","132","138","105","141"," 66","176","134","204","149","198","139","220","124","204","114","223"," 98","223"," 76","232"," 60","238","146","262","127","297","109","315","106","316"," 90"," 39","128"
"IE-0204-M404-2.dw.png","113","104","125","102","150","140","149","113","149"," 70","193","136","222","148","215","139","238","119","218","113","232"," 94","229"," 72","235"," 53","255","140","276","119","309"," 96","329"," 90","329"," 74"," 56","147"
"IE-0204-M404-3.dw.png","107","101","119","103","129","145","139","118","150"," 78","169","152","197","173","192","160","216","148","204","138","225","123","229","101","240"," 87","232","174","256","160","299","148","317","147","325","134"," 42","126"
"IE-0204-M404-4.dw.png","108","100","123","101","134","143","143","117","152"," 76","180","149","205","167","200","157","224","144","208","132","228","119","233"," 97","242"," 80","238","168","263","153","300","137","321","136","326","122"," 43","128"
"IE-0204-M404-5.dw.png","108"," 99","122"," 97","144","136","144","108","148"," 67","186","134","216","146","208","136","232","120","213","111","228"," 93","228"," 70","234"," 51","251","140","274","120","306"," 97","327"," 91","327"," 75"," 50","141"
"IE-0204-M404-6.dw.png","116"," 97","129"," 96","149","136","153","108","156"," 67","194","135","224","150","216","139","240","123","221","114","239"," 98","238"," 75","246"," 57","256","145","279","126","316","105","334","101","336"," 86"," 57","137"
"IE-0204-M404-7.dw.png","109"," 95","121"," 93","144","133","145","106","148"," 64","185","133","214","147","207","136","230","121","213","111","228"," 93","229"," 72","237"," 53","249","143","271","123","307","103","326"," 98","329"," 83"," 49","132"
"IE-0204-M404-8.dw.png","110"," 94","125"," 93","144","132","146","105","149"," 64","190","132","216","146","210","136","231","120","217","112","231"," 94","232"," 73","240"," 54","253","141","274","121","310","102","327","100","329"," 82"," 49","133"
"IE-0204-M404-9.dw.png","101"," 95","115"," 94","136","133","137","105","137"," 64","183","133","207","144","201","135","223","118","208","111","223"," 92","222"," 70","230"," 51","245","139","267","119","300"," 97","319"," 94","319"," 76"," 43","136"
"IE-0205-M407-1.dw.png","111"," 99","128"," 98","147","137","146","110","150"," 68","191","134","220","147","213","137","232","119","219","110","237"," 92","235"," 68","239"," 52","258","139","275","120","316"," 96","331"," 91","333"," 78"," 53","143"
"IE-0205-M407-10.dw.png","111"," 93","124"," 92","140","133","144","105","153"," 64","181","134","209","150","203","139","227","123","212","114","230"," 97","231"," 75","238"," 61","244","147","265","129","306","110","323","107","326"," 93"," 49","128"
"IE-0205-M407-11.dw.png","101","100","112"," 95","144","130","139","103","133"," 62","182","122","214","129","204","120","222"," 99","203"," 93","219"," 72","215"," 50","218"," 33","248","116","261"," 94","294"," 64","313"," 56","310"," 41"," 52","154"
"IE-0205-M407-12.dw.png","102","162","114","154","147","186","137","159","129","117","184","172","215","175","204","168","222","142","204","139","216","116","206"," 94","207"," 76","249","155","260","130","293"," 94","307"," 84","302"," 70"," 58","220"
"IE-0205-M407-2.dw.png","105"," 94","120"," 93","139","130","141","102","145"," 62","186","127","216","139","207","129","227","110","212","103","229"," 86","228"," 63","234"," 46","252","131","268","112","302"," 90","321"," 83","323"," 71"," 51","137"
"IE-0205-M407-3.dw.png","110"," 93","123"," 92","142","128","147","104","149"," 62","187","126","215","141","208","130","230","113","215","104","231"," 88","229"," 66","234"," 49","251","135","269","116","304"," 96","325"," 90","326"," 76"," 50","133"
"IE-0205-M407-4.dw.png","105","102","119"," 99","140","135","141","107","142"," 66","181","128","214","138","204","128","224","108","208","101","223"," 82","219"," 60","223"," 44","248","127","264","105","297"," 81","316"," 74","315"," 58"," 56","150"
"IE-0205-M407-5.dw.png","102"," 89","116"," 86","138","122","137"," 94","138"," 55","182","116","211","126","202","117","221"," 97","207"," 91","221"," 71","218"," 50","220"," 33","247","118","263"," 96","298"," 70","316"," 65","315"," 50"," 50","136"
"IE-0205-M407-6.dw.png","114","102","127"," 99","151","137","149","108","150"," 66","195","132","224","143","215","134","237","113","221","108","236"," 87","235"," 64","239"," 46","263","133","280","112","316"," 86","333"," 81","331"," 66"," 59","150"
"IE-0205-M407-7.dw.png","118"," 87","134"," 86","151","123","153"," 97","159"," 57","192","121","229","134","217","123","239","106","223"," 97","241"," 80","241"," 58","246"," 43","263","128","281","107","320"," 84","341"," 79","344"," 66"," 61","129"
"IE-0205-M407-8.dw.png","116"," 88","130"," 91","139","133","149","107","163"," 68","181","142","207","162","202","149","226","137","215","125","235","113","240"," 91","250"," 77","242","164","265","150","308","137","328","137","333","124"," 49","112"
"IE-0205-M407-9.dw.png","110","135","124","131","154","162","145","136","143"," 94","195","150","224","156","215","149","232","125","215","122","228","100","223"," 79","224"," 61","260","141","273","118","307"," 85","322"," 78","322"," 62"," 62","190"
"IE-0206-M410-1.dw.png","101"," 96","114"," 94","140","129","136","103","135"," 63","177","124","207","135","199","125","216","106","200"," 99","217"," 82","214"," 60","219"," 44","242","125","258","105","292"," 79","310"," 74","311"," 59"," 48","138"
"IE-0206-M410-10.dw.png","116","117","131","114","157","148","153","123","151"," 81","197","142","228","152","220","143","237","123","220","117","234"," 97","233"," 76","236"," 60","262","142","276","121","313"," 94","331"," 88","333"," 74"," 63","166"
"IE-0206-M410-11.dw.png"," 98","108","113","108","135","147","135","121","141"," 78","172","147","201","162","194","151","214","135","202","127","217","109","218"," 88","227"," 71","234","157","252","140","293","119","312","115","316","102"," 39","146"
"IE-0206-M410-12.dw.png","113","104","126","102","153","138","151","112","151"," 68","192","133","222","144","213","134","230","115","214","108","231"," 88","227"," 66","233"," 48","254","134","272","112","308"," 86","328"," 81","327"," 65"," 59","150"
"IE-0206-M410-2.dw.png","108","102","122","102","138","139","142","112","148"," 71","181","136","211","151","204","141","228","123","209","114","226"," 97","226"," 75","235"," 58","245","146","262","128","305","103","324"," 99","327"," 86"," 50","144"
"IE-0206-M410-3.dw.png","115","103","128","102","152","140","153","115","156"," 72","191","139","218","154","210","143","232","126","219","118","234","100","233"," 78","240"," 62","254","148","272","129","313","106","330","101","332"," 87"," 55","142"
"IE-0206-M410-4.dw.png","113","105","126","105","148","144","151","117","154"," 74","191","143","216","158","210","146","231","130","215","121","232","103","232"," 81","239"," 64","250","152","268","134","309","110","327","106","330"," 91"," 55","144"
"IE-0206-M410-5.dw.png","108"," 97","123"," 96","145","132","148","107","148"," 64","189","130","217","142","208","133","225","114","214","107","228"," 89","226"," 67","233"," 49","249","136","265","117","306"," 93","325"," 90","329"," 72"," 55","143"
"IE-0206-M410-6.dw.png","110","101","126","100","150","134","147","109","149"," 67","188","131","218","144","210","133","230","115","213","108","229"," 89","227"," 67","234"," 50","250","136","266","117","307"," 92","325"," 87","328"," 72"," 55","144"
"IE-0206-M410-7.dw.png","112"," 92","125"," 92","148","136","148","107","155"," 64","186","138","211","154","204","143","230","127","214","117","234","100","236"," 78","247"," 61","250","150","271","131","312","113","329","112","334"," 94"," 48","130"
"IE-0206-M410-8.dw.png","106","109","120","107","141","144","141","117","144"," 77","184","140","212","154","204","143","224","126","208","118","224"," 99","222"," 78","230"," 60","246","146","261","126","300","101","317"," 96","318"," 81"," 47","150"
"IE-0206-M410-9.dw.png"," 95","112","109","109","138","141","132","115","128"," 73","177","133","204","142","195","134","212","113","198","107","210"," 86","207"," 66","212"," 47","236","130","252","108","288"," 79","304"," 74","306"," 57"," 46","161"
"IE-0207-M411-1.dw.png","104"," 93","118"," 92","140","133","137","103","143"," 63","180","133","208","147","199","137","225","120","209","111","227"," 93","226"," 71","234"," 54","242","143","262","123","302","104","321","101","326"," 86"," 45","130"
"IE-0207-M411-10.dw.png","106"," 98","120"," 96","147","134","142","106","143"," 65","187","130","216","142","208","133","230","113","211","106","228"," 86","227"," 65","234"," 47","250","135","269","112","305"," 89","325"," 83","328"," 68"," 49","139"
"IE-0207-M411-11.dw.png","105","117","118","115","140","150","140","124","140"," 83","180","145","212","157","203","147","222","129","207","122","222","103","221"," 80","227"," 63","244","148","262","128","296","103","317"," 97","319"," 81"," 53","160"
"IE-0207-M411-12.dw.png","101","105","114","103","137","141","137","113","138"," 71","180","138","210","149","202","140","222","119","205","113","222"," 94","221"," 71","228"," 52","244","141","262","119","300"," 95","321"," 89","323"," 73"," 44","150"
"IE-0207-M411-2.dw.png","106"," 96","120"," 95","137","134","141","108","147"," 68","177","136","206","151","201","141","224","125","206","116","227"," 99","229"," 77","236"," 61","243","146","260","129","302","110","321","107","325"," 92"," 50","131"
"IE-0207-M411-3.dw.png","114"," 93","127"," 92","144","133","146","104","153"," 63","180","135","208","154","200","142","223","124","209","115","231","100","235"," 79","244"," 62","244","151","265","134","305","116","326","113","331"," 98"," 50","123"
"IE-0207-M411-4.dw.png","110","104","124","102","146","141","144","112","145"," 72","186","138","214","151","207","141","228","123","210","115","229"," 98","229"," 76","236"," 58","251","144","267","124","306","104","324"," 99","327"," 84"," 55","145"
"IE-0207-M411-5.dw.png","106"," 99","119"," 97","140","134","139","106","143"," 66","182","130","211","141","205","132","222","112","207","106","223"," 87","223"," 65","229"," 46","245","132","262","113","298"," 88","319"," 82","323"," 67"," 48","140"
"IE-0207-M411-6.dw.png","116","104","129","101","155","137","154","110","151"," 70","199","130","228","142","220","132","237","114","221","107","236"," 88","235"," 65","240"," 47","262","132","277","111","313"," 87","332"," 80","334"," 65"," 67","149"
"IE-0207-M411-7.dw.png","108","101","121"," 99","145","135","141","107","146"," 69","187","131","214","144","207","133","227","116","210","109","227"," 90","226"," 69","233"," 50","250","135","267","115","303"," 93","323"," 85","325"," 70"," 49","140"
"IE-0207-M411-8.dw.png","100"," 99","113"," 98","137","132","135","105","133"," 65","180","126","208","136","199","127","219","108","204","102","217"," 82","214"," 61","219"," 43","243","125","258","104","293"," 80","311"," 75","312"," 58"," 51","147"
"IE-0207-M411-9.dw.png","118"," 94","132"," 94","152","132","153","105","158"," 64","193","132","222","146","215","136","236","120","219","111","237"," 94","240"," 72","249"," 54","258","141","275","122","314","103","335"," 98","340"," 83"," 57","128"
"IE-0208-M415-1.dw.png","115"," 88","130"," 89","140","135","150","109","166"," 68","185","145","209","165","204","152","225","139","217","130","239","116","243"," 92","253"," 79","245","169","268","152","310","140","330","141","336","130"," 49","110"
"IE-0208-M415-10.dw.png","118"," 85","132"," 88","139","132","150","105","168"," 68","182","143","208","164","203","151","225","139","217","130","240","116","245"," 94","259"," 80","242","168","267","153","311","143","332","145","339","133"," 52","107"
"IE-0208-M415-11.dw.png","108"," 81","121"," 85","129","129","137","104","155"," 67","164","142","184","165","180","152","206","144","196","131","220","121","229","100","243"," 88","219","172","243","162","290","156","309","159","319","149"," 40"," 92"
"IE-0208-M415-12.dw.png","115","100","127"," 99","150","137","153","111","155"," 67","192","134","219","149","212","138","232","119","218","112","235"," 92","235"," 69","243"," 52","252","142","272","121","313"," 97","331"," 93","334"," 79"," 57","141"
"IE-0208-M415-2.dw.png","118"," 90","132"," 90","151","133","152","105","168"," 65","191","138","219","156","212","143","236","129","219","118","241","103","245"," 78","253"," 63","256","154","276","136","319","119","340","116","345","103"," 52","120"
"IE-0208-M415-3.dw.png","103","117","117","114","143","150","139","123","140"," 80","186","141","215","150","207","141","223","120","208","115","224"," 93","220"," 71","224"," 53","249","139","267","115","301"," 86","317"," 79","314"," 64"," 51","167"
"IE-0208-M415-4.dw.png","105","105","117","102","147","138","140","110","139"," 67","187","130","217","139","207","130","222","109","208","103","224"," 82","219"," 59","221"," 41","250","127","266","105","301"," 76","315"," 67","316"," 53"," 56","154"
"IE-0208-M415-5.dw.png","110","106","123","103","148","140","144","113","144"," 71","189","136","217","147","208","137","229","119","211","111","229"," 92","228"," 68","233"," 52","253","138","269","118","308"," 92","326"," 87","328"," 72"," 51","147"
"IE-0208-M415-6.dw.png","115"," 93","130"," 93","148","133","150","107","156"," 66","189","133","215","148","209","137","229","121","217","113","234"," 96","236"," 74","243"," 58","250","144","270","126","309","105","326","102","328"," 89"," 54","128"
"IE-0208-M415-7.dw.png","117"," 98","131"," 97","151","135","149","108","156"," 68","192","135","218","149","211","139","232","122","218","113","237"," 96","238"," 73","244"," 59","255","144","273","125","312","103","328"," 99","330"," 87"," 54","135"
"IE-0208-M415-8.dw.png","108","128","121","122","156","152","144","127","135"," 87","193","138","221","143","212","135","228","114","207","110","222"," 87","216"," 66","216"," 49","255","126","266","103","297"," 69","313"," 59","312"," 44"," 60","179"
"IE-0208-M415-9.dw.png","109","103","125","101","146","139","146","112","148"," 70","187","133","217","145","208","135","225","114","211","108","228"," 88","227"," 65","232"," 48","253","135","269","112","304"," 86","321"," 79","321"," 65"," 56","149"
"IE-0209-M418-101.dw.png","133","111","144","110","164","150","163","122","171"," 82","205","150","232","164","224","153","244","137","229","128","248","110","250"," 88","258"," 74","267","158","283","140","322","117","343","114","345","100"," 71","148"
"IE-0209-M418-105.dw.png","127","111","139","111","159","150","160","123","164"," 82","199","151","227","166","220","156","243","139","225","129","243","112","244"," 89","253"," 74","262","161","280","143","319","121","336","118","339","103"," 67","151"
"IE-0209-M418-13.dw.png","115","111","127","111","147","149","150","123","154"," 82","190","148","219","164","212","152","231","135","215","126","232","108","232"," 87","240"," 71","252","157","271","138","308","116","326","112","329"," 98"," 55","152"
"IE-0209-M418-24.dw.png","126","125","138","123","163","158","158","131","161"," 91","203","152","234","163","225","153","244","134","227","128","240","108","238"," 87","244"," 71","267","152","283","131","316","104","334"," 98","336"," 84"," 73","172"
"IE-0209-M418-28.dw.png","109","133","122","130","147","166","148","138","143"," 96","188","158","217","167","208","158","226","138","210","132","224","110","220"," 89","226"," 71","249","157","264","133","300","106","317"," 99","318"," 85"," 58","182"
"IE-0209-M418-39.dw.png","114","115","125","114","146","151","146","124","150"," 83","187","148","216","162","207","152","224","133","210","126","227","107","227"," 86","235"," 70","247","155","263","135","300","112","319","107","322"," 92"," 54","156"
"IE-0209-M418-45.dw.png","128","107","139","106","155","147","160","123","167"," 82","196","151","222","168","215","157","236","143","223","133","241","118","244"," 97","253"," 82","254","168","275","150","313","134","335","131","338","119"," 67","138"
"IE-0209-M418-58.dw.png","103","194","115","190","144","221","140","195","132","155","183","210","214","216","204","207","218","186","203","183","214","161","208","140","213","124","243","203","255","179","285","149","303","140","303","126"," 60","247"
"IE-0209-M418-74.dw.png","122","113","137","112","157","150","161","125","162"," 83","198","147","229","161","222","151","241","133","226","124","244","107","243"," 84","250"," 68","264","155","283","134","320","110","340","106","343"," 92"," 64","156"
"IE-0209-M418-75.dw.png","106","165","118","160","149","193","140","165","136","126","189","182","217","189","205","181","221","159","206","155","218","132","214","111","218"," 93","248","174","260","151","291","120","309","111","311"," 96"," 60","216"
"IE-0209-M418-78.dw.png","118","114","131","112","157","150","156","124","156"," 81","198","146","225","159","215","148","234","129","220","122","238","101","237"," 81","243"," 65","260","149","276","129","313","102","331"," 97","333"," 83"," 64","154"
"IE-0210-M419-1.dw.png","112","106","125","104","155","142","146","113","150"," 71","194","136","225","149","216","138","234","119","218","111","234"," 91","231"," 70","236"," 51","256","140","273","118","311"," 92","332"," 86","335"," 70"," 53","153"
"IE-0210-M419-10.dw.png","106"," 95","119"," 93","144","133","141","105","145"," 63","181","132","208","148","199","137","221","120","206","109","223"," 92","223"," 71","234"," 54","243","143","261","125","302","102","320"," 99","322"," 82"," 48","132"
"IE-0210-M419-11.dw.png","109","101","123"," 99","145","138","143","110","149"," 67","182","134","213","148","206","137","227","120","210","111","226"," 91","225"," 70","233"," 51","247","140","266","120","302"," 96","319"," 91","321"," 75"," 55","142"
"IE-0210-M419-12.dw.png","108","109","121","108","144","147","142","119","147"," 77","181","146","208","161","200","149","222","133","206","123","223","105","224"," 83","232"," 66","241","155","260","135","299","113","317","110","320"," 94"," 52","150"
"IE-0210-M419-2.dw.png"," 93","101","105"," 99","126","138","123","108","130"," 68","163","136","195","149","186","139","207","120","193","112","211"," 93","210"," 73","217"," 55","232","143","250","122","289"," 99","307"," 94","310"," 80"," 33","142"
"IE-0210-M419-3.dw.png","112"," 98","127"," 97","146","138","146","109","154"," 67","185","138","215","154","206","142","229","126","214","117","233"," 98","233"," 76","240"," 60","249","149","268","130","312","109","331","105","335"," 91"," 50","135"
"IE-0210-M419-4.dw.png","109"," 97","123"," 96","143","134","141","106","148"," 64","178","133","209","148","200","137","223","119","207","110","226"," 92","226"," 71","234"," 55","244","142","263","123","300","102","321"," 99","323"," 84"," 51","136"
"IE-0210-M419-5.dw.png","107"," 96","120"," 95","139","134","137","104","146"," 64","177","134","208","149","200","137","222","122","206","112","224"," 95","224"," 74","231"," 58","240","144","258","126","295","105","314","101","318"," 86"," 48","135"
"IE-0210-M419-6.dw.png","107"," 99","120"," 98","144","141","141","110","148"," 69","182","142","209","158","201","146","225","128","208","118","226","100","229"," 77","236"," 60","243","153","266","133","306","111","324","109","326"," 91"," 47","139"
"IE-0210-M419-7.dw.png","122","107","134","104","165","139","156","110","153"," 69","203","132","232","142","224","132","241","112","223","106","237"," 85","234"," 64","240"," 46","263","132","280","109","311"," 81","331"," 74","332"," 59"," 66","156"
"IE-0210-M419-8.dw.png","111","104","123","101","153","138","147","110","147"," 67","190","134","220","147","211","136","230","117","213","109","229"," 90","226"," 69","233"," 50","254","137","270","117","307"," 91","329"," 85","330"," 69"," 56","149"
"IE-0210-M419-9.dw.png","111"," 98","124"," 99","143","141","142","111","155"," 70","180","143","209","161","202","149","225","134","209","124","229","107","232"," 86","242"," 69","242","158","263","142","304","124","323","121","329","106"," 48","131"
"IE-0211-M421-1.dw.png","108"," 88","123"," 89","136","130","142","103","152"," 63","179","136","206","154","200","143","224","128","206","116","227","101","232"," 79","240"," 64","238","153","263","136","304","118","323","116","329","102"," 44","119"
"IE-0211-M421-10.dw.png","116"," 98","131"," 97","152","136","151","107","157"," 65","194","134","221","147","213","137","235","117","218","109","236"," 91","237"," 70","242"," 53","256","139","275","120","313"," 97","330"," 94","333"," 77"," 56","141"
"IE-0211-M421-11.dw.png","108"," 97","121"," 94","142","132","139","103","146"," 62","184","131","211","143","204","133","225","114","212","107","227"," 86","224"," 63","230"," 45","245","136","265","115","303"," 90","322"," 85","324"," 69"," 44","137"
"IE-0211-M421-12.dw.png","105"," 92","120"," 91","138","131","141","102","145"," 61","183","130","212","145","205","133","225","117","208","107","228"," 88","229"," 66","237"," 49","244","139","265","121","308"," 95","324"," 91","327"," 75"," 48","132"
"IE-0211-M421-2.dw.png","106"," 93","121"," 92","143","129","144","103","146"," 62","181","126","209","139","201","129","219","111","207","104","222"," 85","221"," 65","228"," 48","239","133","260","112","296"," 89","312"," 84","318"," 70"," 52","135"
"IE-0211-M421-3.dw.png","109"," 93","124"," 93","139","133","144","107","152"," 65","178","136","207","154","200","143","226","129","204","116","226","101","231"," 79","240"," 62","241","152","264","136","302","117","323","114","329","100"," 45","123"
"IE-0211-M421-4.dw.png","106"," 98","120"," 98","141","137","140","108","144"," 66","182","135","208","149","200","138","223","120","205","110","224"," 93","225"," 70","232"," 52","241","143","263","122","303","100","323"," 97","326"," 81"," 45","140"
"IE-0211-M421-5.dw.png","102"," 89","115"," 88","136","126","137","100","142"," 59","179","125","207","139","200","129","218","111","202","103","219"," 85","218"," 63","226"," 47","237","133","258","113","294"," 91","314"," 87","316"," 72"," 42","128"
"IE-0211-M421-6.dw.png","111"," 93","125"," 93","145","134","145","104","152"," 62","191","134","215","148","208","137","228","119","215","111","231"," 91","233"," 70","239"," 52","249","142","270","122","309","101","328"," 98","330"," 81"," 49","133"
"IE-0211-M421-7.dw.png","110","101","125"," 98","148","137","145","108","149"," 66","191","133","219","145","211","135","231","115","217","107","231"," 86","229"," 65","236"," 47","251","136","271","114","311"," 88","330"," 82","331"," 67"," 52","148"
"IE-0211-M421-8.dw.png","105"," 91","119"," 90","138","130","138","101","147"," 61","180","129","208","144","200","133","222","116","205","107","226"," 89","227"," 68","235"," 52","240","139","263","119","303"," 99","321"," 95","324"," 80"," 45","130"
"IE-0211-M421-9.dw.png","113"," 96","128"," 96","147","135","146","106","154"," 65","187","134","216","149","210","138","231","120","218","112","233"," 92","233"," 70","241"," 53","250","143","271","123","312","100","330"," 96","335"," 82"," 54","133"
"IE-0212-M424-1.dw.png","118","100","131","100","150","139","151","111","158"," 72","189","140","217","156","208","145","231","129","217","118","234","103","236"," 83","244"," 63","252","153","272","133","310","114","329","112","330"," 95"," 56","136"
"IE-0212-M424-10.dw.png","113"," 98","127"," 96","146","136","148","108","154"," 66","185","135","218","151","209","140","227","123","213","115","232"," 96","233"," 74","241"," 56","249","146","271","127","312","105","329","100","331"," 85"," 52","132"
"IE-0212-M424-11.dw.png","109"," 99","124"," 98","145","139","146","111","152"," 70","183","140","211","156","203","144","222","128","210","120","227","103","228"," 81","237"," 64","244","152","265","134","305","113","323","110","324"," 95"," 51","134"
"IE-0212-M424-12.dw.png","113","102","126","103","143","144","146","116","155"," 75","180","146","210","165","203","153","225","138","212","129","231","113","233"," 91","243"," 74","244","163","265","146","308","129","325","126","328","111"," 51","132"
"IE-0212-M424-2.dw.png","114"," 89","129"," 88","144","128","147","100","155"," 60","181","129","213","146","206","135","227","118","212","108","230"," 93","232"," 72","241"," 54","248","143","268","124","310","105","327","101","329"," 85"," 53","123"
"IE-0212-M424-3.dw.png","108","103","121","101","146","139","145","112","149"," 69","182","138","214","151","206","141","225","123","211","115","228"," 97","227"," 75","236"," 55","249","145","268","125","307","101","325"," 95","326"," 80"," 53","141"
"IE-0212-M424-4.dw.png","105"," 99","119"," 97","145","134","139","106","145"," 65","182","131","213","144","205","134","222","116","208","109","224"," 91","223"," 69","231"," 50","245","138","263","118","301"," 95","319"," 89","319"," 74"," 53","140"
"IE-0212-M424-5.dw.png","115","104","128","103","146","141","148","114","155"," 73","185","141","216","157","208","145","229","130","216","121","232","104","232"," 83","241"," 65","250","152","269","134","307","114","325","111","327"," 95"," 58","139"
"IE-0212-M424-6.dw.png","111"," 99","123"," 97","143","135","141","107","151"," 68","179","134","213","150","205","139","224","122","209","113","228"," 96","229"," 75","236"," 55","248","144","267","124","304","105","323"," 99","324"," 84"," 50","135"
"IE-0212-M424-7.dw.png","114","102","127","100","145","139","146","111","155"," 69","187","140","219","155","211","144","230","126","217","118","234","100","235"," 78","243"," 60","253","150","273","130","313","109","332","104","334"," 89"," 53","138"
"IE-0212-M424-8.dw.png","111","102","124","100","148","137","145","110","150"," 68","184","134","217","146","208","136","228","119","211","112","227"," 92","226"," 72","235"," 52","250","139","267","120","304"," 96","321"," 89","322"," 73"," 57","141"
"IE-0212-M424-9.dw.png","113","104","127","101","150","137","149","110","146"," 70","188","131","219","144","211","134","227","115","214","109","230"," 90","227"," 69","233"," 50","253","135","270","114","306"," 89","322"," 84","323"," 68"," 58","145"
"IE-0213-M432-1.dw.png","107"," 97","121"," 95","140","135","142","105","152"," 64","181","133","211","148","203","137","228","120","212","112","228"," 94","228"," 73","237"," 55","245","143","266","124","302","101","322"," 96","326"," 81"," 51","135"
"IE-0213-M432-10.dw.png","107"," 92","122"," 91","139","129","142","100","148"," 61","182","129","212","141","201","132","228","114","209","105","226"," 85","225"," 66","232"," 47","245","136","264","116","301"," 92","318"," 89","321"," 72"," 51","134"
"IE-0213-M432-11.dw.png","102"," 89","116"," 89","134","129","134","100","145"," 61","176","131","206","147","197","136","218","121","202","111","222"," 94","224"," 72","232"," 55","240","143","263","125","296","107","317","104","321"," 88"," 43","126"
"IE-0213-M432-12.dw.png"," 98"," 89","112"," 87","130","127","130"," 98","138"," 59","172","128","201","143","192","132","216","116","198","107","218"," 90","219"," 69","226"," 52","236","138","258","119","293","100","313"," 98","316"," 82"," 41","129"
"IE-0213-M432-13.dw.png","106"," 96","119"," 94","143","130","136","101","143"," 61","184","125","214","137","204","127","224","107","209","101","225"," 81","223"," 61","228"," 41","248","127","267","105","298"," 82","317"," 76","319"," 59"," 54","144"
"IE-0213-M432-2.dw.png","108"," 97","122"," 97","142","135","140","107","148"," 67","182","134","213","148","206","138","226","119","210","112","229"," 94","227"," 71","235"," 53","246","142","269","120","301"," 99","321"," 93","323"," 77"," 48","136"
"IE-0213-M432-3.dw.png","103"," 92","117"," 92","135","130","134","102","144"," 63","174","130","205","145","198","134","217","117","204","109","223"," 94","222"," 71","231"," 53","241","139","263","119","294","101","315"," 96","318"," 81"," 45","130"
"IE-0213-M432-4.dw.png","100"," 94","114"," 92","136","128","135","100","140"," 59","176","124","204","135","196","126","216","107","202","101","217"," 82","216"," 62","223"," 43","237","128","257","107","292"," 84","309"," 81","311"," 64"," 47","138"
"IE-0213-M432-5.dw.png","107"," 88","120"," 87","140","125","139"," 98","147"," 56","178","125","208","139","200","129","222","113","208","105","225"," 88","224"," 65","231"," 47","243","134","264","114","296"," 96","318"," 90","320"," 75"," 48","125"
"IE-0213-M432-6.dw.png","107"," 98","122"," 95","149","131","145","103","145"," 61","184","125","218","134","209","126","229","107","213"," 99","227"," 80","223"," 59","230"," 39","252","124","268","105","301"," 78","321"," 71","322"," 54"," 55","143"
"IE-0213-M432-7.dw.png"," 99"," 92","113"," 89","134","126","134"," 99","140"," 58","173","122","208","134","199","124","218","105","204"," 98","220"," 79","216"," 58","224"," 39","240","127","257","106","295"," 81","314"," 74","317"," 58"," 48","136"
"IE-0213-M432-9.dw.png","105"," 89","120"," 87","137","125","137"," 97","145"," 58","176","124","209","137","200","126","220","110","208","101","224"," 84","221"," 63","229"," 44","242","131","264","110","296"," 88","315"," 83","317"," 67"," 50","130"
"IE-0214-M433-1.dw.png","104","100","118"," 98","141","136","140","109","142"," 67","178","133","208","146","201","137","223","118","203","109","222"," 90","222"," 67","229"," 50","241","139","260","119","297"," 94","314"," 89","318"," 73"," 47","144"
"IE-0214-M433-10.dw.png","113"," 89","128"," 88","147","125","147"," 98","154"," 59","188","124","217","138","211","129","230","112","214","104","231"," 86","231"," 64","239"," 48","248","134","267","116","305"," 93","323"," 89","327"," 73"," 55","129"
"IE-0214-M433-11.dw.png","106","102","117","100","141","136","140","108","142"," 65","185","130","215","139","207","130","224","110","204","104","223"," 84","221"," 62","229"," 43","245","130","263","108","299"," 80","314"," 74","313"," 57"," 50","149"
"IE-0214-M433-12.dw.png","104"," 94","117"," 93","139","131","138","104","143"," 63","177","130","206","144","199","134","219","116","203","108","222"," 90","221"," 68","229"," 51","240","139","260","118","298"," 97","317"," 93","321"," 78"," 45","132"
"IE-0214-M433-2.dw.png","110","103","125","102","145","140","145","111","149"," 69","185","136","218","149","209","139","232","120","212","112","230"," 93","231"," 70","238"," 53","249","142","269","121","304"," 97","325"," 90","329"," 75"," 53","147"
"IE-0214-M433-3.dw.png","106","101","119"," 99","140","134","139","107","142"," 66","180","129","210","141","203","132","223","112","206","105","222"," 85","221"," 64","228"," 47","242","133","263","110","298"," 87","317"," 81","320"," 67"," 50","143"
"IE-0214-M433-4.dw.png","106","116","119","111","151","146","141","118","141"," 77","190","136","219","144","208","137","227","113","208","109","225"," 87","221"," 67","226"," 48","252","131","268","107","301"," 79","321"," 72","321"," 56"," 56","168"
"IE-0214-M433-5.dw.png","114"," 93","128"," 92","145","132","148","104","153"," 64","185","132","214","147","207","136","229","119","213","110","232"," 93","234"," 70","241"," 53","248","142","271","121","309","101","327"," 97","332"," 82"," 50","130"
"IE-0214-M433-6.dw.png","110","105","124","103","147","138","144","112","147"," 71","186","135","215","147","209","137","227","119","209","111","226"," 92","226"," 70","233"," 54","246","139","267","118","302"," 95","321"," 89","324"," 75"," 54","147"
"IE-0214-M433-7.dw.png","103","107","117","104","143","140","137","112","138"," 71","182","133","211","143","201","134","223","112","203","107","219"," 86","216"," 64","221"," 47","243","132","259","109","290"," 81","308"," 76","311"," 60"," 50","156"
"IE-0214-M433-8.dw.png","110"," 92","124"," 91","137","130","142","103","151"," 63","182","132","208","147","201","136","225","121","208","111","227"," 94","229"," 73","238"," 57","240","144","262","126","301","106","320","103","325"," 88"," 48","127"
"IE-0214-M433-9.dw.png","102"," 85","116"," 85","131","124","135"," 99","144"," 59","174","127","199","141","192","131","211","116","198","107","219"," 91","221"," 70","229"," 54","234","138","254","121","292","101","309","100","314"," 83"," 40","121"
"IE-0215-M434-1.dw.png","100","104","116","100","140","137","137","108","140"," 66","185","130","215","141","205","131","225","110","206","102","226"," 82","224"," 61","228"," 44","248","131","268","107","302"," 80","317"," 74","318"," 59"," 48","152"
"IE-0215-M434-10.dw.png","109"," 92","122"," 91","140","129","144","102","148"," 61","183","127","215","141","206","130","228","111","212","103","231"," 85","232"," 65","237"," 48","248","133","270","112","306"," 89","323"," 84","324"," 70"," 49","131"
"IE-0215-M434-11.dw.png","107","106","122","102","144","140","145","113","148"," 70","188","136","220","147","210","137","232","116","214","108","233"," 89","231"," 68","236"," 50","252","138","272","116","307"," 89","324"," 82","326"," 67"," 47","149"
"IE-0215-M434-12.dw.png","113"," 94","127"," 93","146","133","149","104","155"," 63","193","133","220","146","211","135","235","116","220","108","240"," 91","242"," 70","246"," 52","259","139","278","119","316"," 97","335"," 94","337"," 79"," 51","134"
"IE-0215-M434-2.dw.png","111","100","125"," 99","149","137","148","110","149"," 70","191","134","218","147","210","137","229","118","214","111","232"," 93","233"," 73","234"," 55","252","140","270","120","310"," 97","325"," 94","327"," 78"," 54","145"
"IE-0215-M434-3.dw.png","107","112","120","106","148","139","144","112","141"," 71","189","128","221","135","211","126","226","104","212","100","227"," 79","223"," 58","225"," 40","254","120","270"," 96","300"," 66","315"," 58","314"," 44"," 59","163"
"IE-0215-M434-4.dw.png","113","113","127","109","153","147","151","118","151"," 77","198","141","229","152","220","142","240","120","222","112","240"," 92","237"," 70","241"," 53","264","140","281","117","316"," 88","332"," 81","333"," 66"," 58","161"
"IE-0215-M434-5.dw.png","110","121","125","116","149","152","147","124","144"," 82","191","142","223","150","212","142","231","118","213","111","230"," 90","226"," 70","227"," 52","257","136","273","109","305"," 80","319"," 72","318"," 58"," 55","173"
"IE-0215-M434-6.dw.png","113","111","127","107","154","142","151","114","149"," 72","195","131","228","139","217","130","236","108","217","103","234"," 82","230"," 60","234"," 43","260","126","276","102","309"," 72","323"," 65","324"," 49"," 64","164"
"IE-0215-M434-7.dw.png","108","101","122"," 98","142","139","144","110","150"," 67","186","137","217","149","208","139","233","120","215","110","234"," 91","234"," 69","240"," 53","252","142","274","120","313"," 96","328"," 91","331"," 77"," 48","143"
"IE-0215-M434-8.dw.png","110"," 98","125"," 96","147","135","149","108","149"," 66","191","133","221","147","213","136","235","118","218","108","235"," 91","236"," 70","240"," 54","254","141","275","120","314"," 97","329"," 93","333"," 79"," 54","139"
"IE-0215-M434-9.dw.png","112","103","125","101","149","140","149","113","152"," 70","192","137","224","150","215","140","237","119","219","111","239"," 93","238"," 71","244"," 54","258","142","281","119","317"," 94","335"," 88","335"," 73"," 51","147"
"IE-0216-M435-0.dw.png","102","111","114","107","145","143","141","116","138"," 74","186","137","215","146","206","137","222","116","205","109","225"," 88","222"," 66","226"," 50","248","136","266","113","298"," 87","318"," 79","318"," 64"," 52","161"
"IE-0216-M435-1.dw.png","129","104","140","101","169","137","166","110","163"," 69","207","131","235","142","228","134","244","114","229","107","248"," 87","244"," 65","248"," 49","272","132","288","111","319"," 88","336"," 81","337"," 67"," 78","151"
"IE-0216-M435-20.dw.png","127","137","140","132","165","167","162","138","160"," 98","210","156","242","162","233","154","251","131","231","127","246","104","241"," 83","244"," 66","278","147","290","125","320"," 94","338"," 87","339"," 72"," 79","189"
"IE-0216-M435-25.dw.png","136","141","150","137","177","170","172","142","167","103","221","159","251","166","242","158","256","134","241","131","254","109","249"," 86","248"," 69","286","151","298","127","329"," 98","346"," 91","345"," 73"," 86","196"
"IE-0216-M435-33.dw.png","138","105","150","105","169","145","173","118","180"," 79","213","149","237","165","230","154","249","137","238","128","259","114","261"," 92","269"," 75","273","163","293","146","329","127","350","125","353","113"," 75","138"
"IE-0216-M435-36.dw.png","124","130","136","126","163","159","161","132","154"," 91","206","148","237","156","227","147","241","127","225","122","240","101","236"," 80","237"," 64","269","144","283","120","313"," 92","329"," 86","329"," 71"," 74","178"
"IE-0216-M435-44.dw.png","125","142","136","138","163","170","158","143","153","104","207","159","237","165","227","157","240","138","223","133","238","110","233"," 88","235"," 73","268","151","280","129","309"," 99","325"," 92","324"," 77"," 77","192"
"IE-0216-M435-69.dw.png","140","127","152","124","172","161","175","136","178"," 95","214","160","243","173","235","163","256","146","240","138","259","120","257"," 97","262"," 81","278","168","296","148","332","125","349","120","353","106"," 84","165"
"IE-0216-M435-71.dw.png","132","142","147","138","170","174","170","146","166","105","214","165","247","173","239","165","257","143","239","138","253","115","249"," 92","252"," 77","283","160","298","139","330","109","347","102","348"," 86"," 80","192"
"IE-0216-M435-72.dw.png","135","120","147","118","172","156","170","128","171"," 85","217","152","245","165","237","154","255","136","239","128","256","109","254"," 85","258"," 70","280","157","298","134","330","112","349","106","352"," 93"," 75","162"
"IE-0216-M435-95.dw.png","114","107","124","106","151","144","152","119","153"," 78","189","145","216","160","210","150","229","133","214","123","234","107","236"," 85","241"," 70","252","156","272","137","306","117","327","113","330","100"," 55","144"
"IE-0217-M436-1.dw.png","112","103","126","104","144","143","146","115","155"," 74","183","145","214","161","206","149","230","132","214","123","234","106","233"," 82","241"," 65","252","156","271","135","312","113","328","109","332"," 94"," 51","140"
"IE-0217-M436-10.dw.png","112","103","126","102","148","143","148","114","153"," 71","187","142","215","158","206","146","229","130","214","121","235","101","233"," 78","241"," 61","253","151","272","132","308","110","326","105","330"," 91"," 55","141"
"IE-0217-M436-11.dw.png","110"," 99","123"," 98","146","137","144","109","148"," 66","184","136","215","150","206","139","225","120","210","113","231"," 94","229"," 71","237"," 54","250","142","268","123","305","100","323"," 95","327"," 80"," 55","141"
"IE-0217-M436-12.dw.png","108","108","122","106","150","142","145","115","144"," 72","186","135","219","146","208","136","227","117","212","110","229"," 88","223"," 66","228"," 48","255","134","271","112","306"," 85","322"," 79","323"," 64"," 59","157"
"IE-0217-M436-2.dw.png","121"," 98","134"," 98","155","140","156","111","162"," 70","194","141","223","157","215","146","235","129","220","119","238","101","241"," 79","249"," 63","259","152","277","135","315","113","336","109","342"," 94"," 61","135"
"IE-0217-M436-3.dw.png","119","100","132","100","150","140","152","112","159"," 71","193","141","219","157","211","145","235","128","219","119","237","101","238"," 79","246"," 62","255","152","275","132","316","111","331","109","335"," 92"," 60","138"
"IE-0217-M436-4.dw.png","116","107","129","105","156","146","151","117","154"," 75","196","143","222","156","215","146","236","128","219","119","236","100","235"," 77","241"," 60","258","148","275","129","314","103","332"," 98","335"," 82"," 60","152"
"IE-0217-M436-5.dw.png","114","106","128","104","156","143","153","114","152"," 69","196","139","224","150","215","141","236","121","219","114","233"," 93","232"," 71","238"," 54","259","142","276","121","310"," 96","328"," 89","332"," 73"," 61","151"
"IE-0217-M436-6.dw.png","108","105","121","102","150","139","145","111","143"," 69","191","133","219","142","211","133","228","113","212","106","226"," 86","224"," 64","229"," 46","254","131","269","110","303"," 82","322"," 75","323"," 59"," 57","156"
"IE-0217-M436-7.dw.png","110","105","124","103","146","140","147","112","147"," 70","187","136","218","148","210","139","228","118","211","109","228"," 90","228"," 69","233"," 51","251","138","269","116","301"," 92","319"," 85","321"," 70"," 56","149"
"IE-0217-M436-8.dw.png","116"," 93","128"," 90","154","130","152","101","152"," 59","195","126","222","139","214","129","233","110","216","102","232"," 82","233"," 60","239"," 43","256","130","274","111","311"," 85","328"," 79","329"," 64"," 62","139"
"IE-0217-M436-9.dw.png","122"," 94","135"," 92","159","132","157","103","159"," 62","195","128","223","142","215","132","237","115","217","106","237"," 87","236"," 65","243"," 50","257","136","274","116","308"," 95","328"," 89","332"," 75"," 64","136"
"IE-0218-M437-1.dw.png","103"," 96","118"," 93","139","128","139","101","140"," 61","176","122","212","132","203","122","222","104","205"," 96","221"," 77","217"," 56","222"," 36","244","122","259","101","293"," 75","318"," 65","319"," 50"," 49","142"
"IE-0218-M437-10.dw.png","110"," 97","124"," 97","139","137","145","110","152"," 68","179","140","212","157","204","145","227","131","208","120","229","103","232"," 81","241"," 62","244","153","267","135","307","116","328","112","334"," 98"," 47","133"
"IE-0218-M437-11.dw.png","104"," 90","121"," 91","136","131","141","103","151"," 64","175","134","207","151","200","139","222","125","206","114","228"," 99","230"," 75","238"," 56","240","148","263","129","308","112","327","109","330"," 94"," 40","121"
"IE-0218-M437-12.dw.png","105"," 93","119"," 93","134","132","137","102","149"," 61","182","133","210","147","202","137","225","120","209","110","225"," 92","227"," 69","236"," 51","245","142","266","122","307"," 99","325"," 97","328"," 80"," 43","133"
"IE-0218-M437-2.dw.png","104"," 92","118"," 91","136","129","139","101","145"," 60","179","127","209","139","201","130","222","111","206","104","222"," 85","222"," 62","229"," 43","244","132","263","110","302"," 87","321"," 82","324"," 65"," 44","135"
"IE-0218-M437-3.dw.png"," 99"," 92","112"," 92","127","133","132","105","142"," 65","167","137","196","155","190","143","214","129","197","117","217","103","220"," 81","230"," 62","229","153","253","135","294","119","314","116","319","102"," 36","125"
"IE-0218-M437-4.dw.png","107"," 99","118"," 97","138","136","140","108","144"," 65","182","136","210","150","203","139","223","121","209","113","229"," 93","227"," 71","234"," 54","244","144","266","122","303","101","317"," 96","320"," 80"," 47","139"
"IE-0218-M437-5.dw.png"," 97"," 85","110"," 83","127","122","130"," 96","137"," 55","167","125","196","140","189","129","210","113","196","106","215"," 87","215"," 68","222"," 51","228","136","249","119","286"," 99","301"," 95","305"," 79"," 43","118"
"IE-0218-M437-6.dw.png","111"," 99","124"," 99","141","139","145","111","154"," 69","184","140","216","155","207","145","229","128","215","119","232","102","232"," 78","240"," 61","249","151","270","133","310","111","327","107","329"," 92"," 51","134"
"IE-0218-M437-7.dw.png","107"," 88","122"," 89","130","131","141","105","152"," 64","173","139","202","157","197","147","219","133","205","121","227","107","231"," 85","242"," 67","237","158","258","143","299","128","324","128","329","116"," 40","117"
"IE-0218-M437-8.dw.png","107","102","120"," 99","142","135","141","107","143"," 66","183","129","216","139","208","131","227","110","210","103","225"," 83","222"," 61","228"," 43","250","129","267","105","300"," 80","318"," 73","320"," 58"," 53","148"
"IE-0218-M437-9.dw.png","105"," 95","118"," 94","136","133","141","105","146"," 64","176","131","211","146","202","135","223","118","207","110","226"," 92","227"," 69","234"," 49","244","140","265","120","305"," 98","327"," 92","330"," 76"," 44","135"
"IE-0219-M438-1.dw.png","102"," 96","116"," 94","138","130","137","103","142"," 60","177","126","209","139","201","128","224","110","207","102","220"," 83","218"," 61","225"," 44","243","130","262","109","298"," 86","316"," 80","320"," 65"," 45","138"
"IE-0219-M438-10.dw.png","114"," 97","127"," 96","145","135","145","106","156"," 65","190","135","221","151","214","139","236","124","221","115","236"," 97","235"," 75","244"," 58","254","146","273","127","314","105","330","103","336"," 88"," 52","131"
"IE-0219-M438-11.dw.png","101"," 94","115"," 95","128","135","135","109","148"," 65","168","139","198","157","192","146","218","131","202","120","219","104","222"," 81","233"," 65","234","155","256","137","297","120","315","117","320","103"," 39","126"
"IE-0219-M438-12.dw.png","101"," 95","112"," 94","137","133","135","104","141"," 63","176","131","207","146","199","135","218","116","204","109","219"," 89","219"," 67","228"," 50","242","138","259","118","301"," 96","318"," 91","323"," 77"," 42","134"
"IE-0219-M438-2.dw.png","103"," 87","117"," 89","129","127","136","102","149"," 61","173","131","204","149","197","137","219","123","206","114","222"," 97","224"," 74","233"," 58","239","146","261","129","299","112","316","109","321"," 93"," 40","118"
"IE-0219-M438-3.dw.png","106"," 97","116"," 95","138","133","137","106","143"," 66","175","131","205","147","199","135","219","118","204","110","220"," 93","220"," 72","227"," 54","242","141","258","122","298","101","317"," 97","321"," 82"," 49","134"
"IE-0219-M438-4.dw.png","103"," 99","118"," 99","132","139","137","112","146"," 70","176","141","205","158","197","147","221","131","204","119","223","103","226"," 81","234"," 63","241","153","261","136","300","116","321","112","325"," 97"," 41","135"
"IE-0219-M438-5.dw.png","104"," 92","116"," 91","133","131","136","103","144"," 64","174","132","203","149","196","138","219","122","204","112","222"," 97","223"," 75","231"," 58","238","145","258","127","304","108","320","104","324"," 90"," 43","126"
"IE-0219-M438-6.dw.png","109"," 94","121"," 93","139","132","140","103","150"," 62","184","133","214","148","206","137","228","122","211","112","228"," 94","229"," 72","238"," 56","247","144","267","126","309","103","323","100","327"," 85"," 47","130"
"IE-0219-M438-7.dw.png","104"," 91","116"," 90","134","130","137","101","147"," 61","178","130","208","146","201","136","223","121","209","111","225"," 94","225"," 72","234"," 56","243","143","262","124","301","104","317","101","320"," 86"," 41","123"
"IE-0219-M438-8.dw.png","101","103","116","102","134","139","136","112","141"," 71","179","137","210","152","203","140","224","124","206","115","223"," 97","223"," 75","230"," 58","247","144","264","125","302","101","319"," 97","323"," 82"," 40","141"
"IE-0219-M438-9.dw.png","105"," 94","117"," 93","133","132","138","105","148"," 61","175","134","206","150","198","139","222","122","208","113","225"," 96","226"," 73","235"," 56","240","146","263","127","303","106","321","103","327"," 87"," 41","128"
"IE-0220-M442-1.dw.png","103"," 94","116"," 91","139","129","138","101","140"," 62","177","127","207","140","199","130","219","112","201","104","222"," 87","220"," 66","228"," 46","241","134","261","115","297"," 91","316"," 85","318"," 69"," 48","135"
"IE-0220-M442-10.dw.png","103"," 84","118"," 83","128","121","136"," 95","143"," 59","168","124","197","140","191","130","212","116","196","105","216"," 91","219"," 71","226"," 54","229","137","248","121","285","102","301"," 99","306"," 84"," 45","116"
"IE-0220-M442-11.dw.png","104"," 90","118"," 88","136","127","137"," 99","143"," 61","176","128","205","143","198","133","219","118","203","108","224"," 91","226"," 69","236"," 51","239","139","260","122","298","101","317"," 97","324"," 82"," 45","126"
"IE-0220-M442-12.dw.png","102"," 96","115"," 93","139","129","138","102","137"," 62","176","125","206","139","198","128","217","109","200","102","219"," 82","218"," 61","226"," 43","239","130","259","108","295"," 85","315"," 80","316"," 64"," 46","140"
"IE-0220-M442-2.dw.png","104"," 85","118"," 85","131","125","136"," 97","142"," 59","171","127","199","140","192","132","212","116","199","107","219"," 91","221"," 69","228"," 52","234","137","253","121","292","100","310"," 97","312"," 79"," 43","121"
"IE-0220-M442-3.dw.png","101","101","116"," 97","139","132","138","105","136"," 64","178","126","209","135","200","126","222","104","202"," 99","218"," 79","215"," 58","221"," 39","242","123","259","101","291"," 73","308"," 65","310"," 50"," 49","150"
"IE-0220-M442-4.dw.png","108"," 89","122"," 89","138","127","142","101","149"," 62","178","129","206","145","199","134","219","119","205","109","224"," 93","227"," 72","235"," 54","238","141","259","125","297","107","316","103","321"," 88"," 47","124"
"IE-0220-M442-5.dw.png","105"," 99","119"," 97","145","134","140","106","141"," 66","184","130","213","140","205","132","224","113","207","106","221"," 86","221"," 65","227"," 44","250","130","267","110","303"," 83","321"," 77","322"," 60"," 44","139"
"IE-0220-M442-6.dw.png","107"," 92","121"," 92","138","132","140","105","150"," 66","179","135","206","151","200","141","222","127","205","116","227","100","230"," 79","239"," 63","238","149","258","134","299","114","318","112","324"," 98"," 47","127"
"IE-0220-M442-7.dw.png","101"," 96","116"," 95","132","133","136","107","141"," 67","171","134","204","150","198","140","218","122","203","113","222"," 96","226"," 75","235"," 57","237","146","259","128","299","106","318","102","324"," 87"," 40","132"
"IE-0220-M442-8.dw.png","101"," 93","116"," 92","133","130","133","102","141"," 62","173","130","202","144","194","133","214","116","199","108","217"," 91","220"," 69","229"," 52","232","139","255","120","294"," 99","312"," 95","316"," 81"," 40","130"
"IE-0220-M442-9.dw.png","120"," 86","134"," 86","148","125","152"," 98","160"," 59","187","127","219","143","213","134","231","117","218","108","239"," 91","241"," 71","249"," 52","253","141","274","124","315","103","334"," 99","338"," 84"," 56","119"
"IE-0221-M444-1.dw.png","106","101","119"," 99","141","141","141","112","147"," 67","184","138","213","153","204","142","225","123","207","114","228"," 96","230"," 74","237"," 56","245","147","267","126","306","103","324"," 98","328"," 83"," 46","145"
"IE-0221-M444-10.dw.png","102"," 97","117"," 95","134","131","138","105","141"," 61","177","126","207","139","198","128","216","109","203","102","220"," 82","220"," 60","225"," 43","238","130","257","109","295"," 83","309"," 78","312"," 62"," 46","141"
"IE-0221-M444-11.dw.png","104","108","120","105","142","143","140","114","144"," 73","181","137","213","150","203","139","222","119","205","112","224"," 93","223"," 72","228"," 54","242","142","263","119","296"," 96","314"," 91","314"," 76"," 53","155"
"IE-0221-M444-12.dw.png","101"," 95","114"," 94","135","133","137","106","141"," 64","176","130","203","145","196","134","215","117","200","108","220"," 91","221"," 70","228"," 53","234","140","256","121","296"," 97","313"," 94","316"," 79"," 43","136"
"IE-0221-M444-2.dw.png","109"," 99","124"," 99","141","136","142","109","149"," 68","181","135","209","149","201","138","221","122","207","113","226"," 96","226"," 75","233"," 59","240","144","261","125","297","102","315"," 99","317"," 84"," 51","139"
"IE-0221-M444-3.dw.png","112","101","127","101","143","140","148","113","155"," 72","183","141","211","157","204","145","223","128","209","119","231","104","233"," 82","239"," 66","244","153","265","134","304","113","321","110","326"," 95"," 52","138"
"IE-0221-M444-4.dw.png","100"," 95","114"," 93","139","129","139","102","140"," 58","180","123","210","134","199","124","216","105","204"," 99","221"," 78","219"," 56","223"," 39","241","126","257","104","292"," 77","309"," 70","311"," 55"," 47","140"
"IE-0221-M444-5.dw.png","104","101","118"," 98","139","135","140","108","140"," 66","176","132","209","145","198","134","218","115","202","107","220"," 88","220"," 66","225"," 49","239","137","257","117","295"," 91","313"," 85","316"," 70"," 50","148"
"IE-0221-M444-6.dw.png","108"," 95","121"," 93","142","131","142","104","145"," 62","180","129","212","142","200","131","220","113","207","105","227"," 88","227"," 67","234"," 50","244","136","264","115","302"," 95","321"," 90","323"," 75"," 50","137"
"IE-0221-M444-7.dw.png","109"," 95","121"," 93","145","132","144","104","147"," 62","185","131","213","144","206","134","222","115","212","108","229"," 88","231"," 68","237"," 51","243","138","263","119","302"," 97","321"," 92","324"," 77"," 49","136"
"IE-0221-M444-8.dw.png","106","108","120","106","142","142","142","115","142"," 71","182","136","214","148","203","137","224","119","207","111","225"," 92","222"," 69","226"," 51","245","139","264","116","300"," 91","319"," 84","320"," 69"," 52","155"
"IE-0222-M451-1.dw.png","103","100","115"," 99","138","140","138","111","139"," 73","170","141","200","157","192","145","215","130","198","119","219","104","220"," 82","228"," 64","235","153","254","134","292","114","311","110","314"," 94"," 43","134"
"IE-0222-M451-10.dw.png","103"," 95","117"," 95","135","134","137","106","140"," 66","171","135","204","151","198","141","219","125","200","115","219"," 97","219"," 74","227"," 57","238","147","260","128","295","108","315","104","317"," 88"," 44","131"
"IE-0222-M451-11.dw.png","109"," 98","126"," 96","148","136","144","106","149"," 66","185","132","217","145","207","134","225","116","210","109","228"," 91","228"," 69","235"," 51","250","137","267","116","301"," 94","324"," 86","325"," 70"," 53","140"
"IE-0222-M451-12.dw.png","109"," 96","123"," 96","137","140","141","110","154"," 70","178","146","203","166","198","154","222","141","208","129","231","114","235"," 93","246"," 77","240","167","263","150","303","137","323","136","329","121"," 43","123"
"IE-0222-M451-2.dw.png","113","105","127","105","152","146","146","115","154"," 75","186","146","215","161","208","150","230","132","212","123","234","106","235"," 83","244"," 64","252","156","272","134","308","113","324","109","328"," 93"," 53","145"
"IE-0222-M451-3.dw.png","118"," 89","131"," 88","150","130","151","101","162"," 61","188","133","216","150","208","138","234","122","217","112","237"," 95","239"," 72","249"," 55","253","147","275","127","315","109","333","106","336"," 92"," 55","121"
"IE-0222-M451-4.dw.png","104","105","116","103","144","140","142","114","138"," 73","177","137","208","151","200","141","222","122","203","114","220"," 96","219"," 76","226"," 57","244","143","261","123","296","100","313"," 94","315"," 79"," 47","148"
"IE-0222-M451-5.dw.png","114"," 98","127"," 96","153","137","151","108","152"," 66","190","134","220","148","213","138","231","119","214","111","231"," 93","229"," 71","237"," 53","256","141","272","120","306"," 96","326"," 91","328"," 76"," 56","139"
"IE-0222-M451-6.dw.png","110"," 95","126"," 94","145","134","147","104","150"," 64","183","132","215","145","208","136","228","118","209","109","226"," 91","226"," 69","233"," 50","249","139","267","120","302"," 98","321"," 92","322"," 76"," 54","138"
"IE-0222-M451-7.dw.png","109"," 92","123"," 92","146","131","142","103","151"," 64","181","131","211","147","203","135","224","118","206","109","224"," 93","227"," 72","235"," 55","244","142","265","122","303","104","323"," 99","325"," 84"," 50","133"
"IE-0222-M451-8.dw.png","106","128","119","125","150","159","141","131","137"," 90","182","151","217","160","207","151","222","130","205","125","220","103","217"," 82","221"," 62","250","147","262","125","297"," 95","317"," 87","316"," 72"," 53","178"
"IE-0222-M451-9.dw.png","116"," 91","130"," 90","151","131","149","102","156"," 61","187","132","216","148","210","137","232","121","216","112","235"," 95","235"," 71","243"," 54","253","144","275","125","316","105","333","102","338"," 86"," 52","125"
"IE-0223-M454-1.dw.png","111"," 98","124"," 95","150","129","145","101","144"," 60","189","121","217","130","206","121","223","102","208"," 95","222"," 76","218"," 55","225"," 37","245","120","262"," 96","294"," 71","312"," 64","312"," 49"," 58","145"
"IE-0223-M454-10.dw.png","101"," 93","115"," 91","135","127","135","100","138"," 60","174","123","203","135","195","125","211","107","195"," 99","214"," 82","215"," 60","221"," 43","235","128","254","107","287"," 85","308"," 80","311"," 65"," 43","135"
"IE-0223-M454-11.dw.png","102"," 93","116"," 91","137","127","137"," 99","140"," 59","178","122","205","135","196","125","215","107","199","100","217"," 82","214"," 60","221"," 42","235","127","255","106","289"," 83","308"," 77","309"," 62"," 43","136"
"IE-0223-M454-12.dw.png"," 98"," 92","111"," 89","134","124","135"," 99","135"," 60","173","120","199","132","190","122","209","105","193"," 98","209"," 81","207"," 59","214"," 42","229","126","247","104","283"," 83","301"," 77","302"," 62"," 41","134"
"IE-0223-M454-2.dw.png","107","101","121"," 97","145","132","141","104","142"," 65","186","123","215","134","206","125","225","105","206"," 99","222"," 80","220"," 59","226"," 41","246","124","262","101","296"," 76","315"," 69","315"," 54"," 53","147"
"IE-0223-M454-3.dw.png","107"," 95","121"," 94","141","130","140","104","147"," 63","178","127","208","141","199","130","221","114","204","105","222"," 88","221"," 67","229"," 50","240","135","257","114","296"," 93","316"," 89","317"," 73"," 49","136"
"IE-0223-M454-4.dw.png","106"," 92","119"," 91","137","131","138","103","147"," 65","174","131","202","146","195","136","215","120","198","110","219"," 95","221"," 73","229"," 58","234","143","254","124","294","105","312","103","317"," 88"," 45","126"
"IE-0223-M454-5.dw.png","112"," 91","125"," 90","146","129","148","102","152"," 60","189","128","218","142","211","132","229","114","213","107","234"," 88","232"," 66","238"," 48","251","137","271","116","307"," 95","328"," 91","332"," 75"," 53","132"
"IE-0223-M454-6.dw.png","100"," 99","113"," 96","137","131","134","104","137"," 64","174","126","202","138","193","128","211","111","196","104","213"," 86","211"," 64","219"," 47","232","131","250","110","286"," 87","303"," 81","304"," 66"," 43","141"
"IE-0223-M454-7.dw.png"," 99"," 93","110"," 91","136","124","134"," 98","133"," 58","174","118","201","129","193","119","211","101","194"," 94","211"," 77","207"," 56","213"," 39","231","120","250"," 97","282"," 74","302"," 68","301"," 53"," 45","138"
"IE-0223-M454-8.dw.png","102"," 98","116"," 96","141","131","136","104","138"," 64","175","126","207","137","198","128","215","109","199","102","217"," 83","215"," 62","220"," 44","237","129","256","108","292"," 83","310"," 77","312"," 62"," 46","142"
"IE-0223-M454-9.dw.png","105"," 93","119"," 91","143","128","140","100","143"," 61","180","123","211","135","203","124","221","107","203"," 99","222"," 81","220"," 60","227"," 42","241","127","261","105","296"," 81","317"," 75","320"," 59"," 47","137"
"IE-0224-M457-1.dw.png","102"," 89","116"," 89","131","127","138","101","138"," 61","177","128","203","143","195","132","213","116","202","107","219"," 91","220"," 70","227"," 51","237","139","256","121","297"," 99","314"," 97","316"," 80"," 38","125"
"IE-0224-M457-10.dw.png","101"," 96","115"," 94","135","131","138","104","142"," 62","175","128","207","140","199","130","216","112","203","106","221"," 86","220"," 64","228"," 46","241","133","259","114","303"," 88","319"," 83","321"," 67"," 45","140"
"IE-0224-M457-11.dw.png","107"," 99","120"," 97","142","136","144","109","146"," 65","184","132","212","144","204","135","224","117","208","109","225"," 90","225"," 67","231"," 50","247","137","267","115","303"," 93","322"," 86","323"," 71"," 51","142"
"IE-0224-M457-12.dw.png","101"," 94","113"," 92","134","129","137","102","137"," 61","176","125","207","137","198","128","216","108","201","102","218"," 83","216"," 61","224"," 44","238","129","257","109","293"," 84","311"," 78","312"," 63"," 45","139"
"IE-0224-M457-2.dw.png","109"," 89","123"," 88","144","129","148","102","153"," 58","186","129","214","145","207","134","229","119","214","109","232"," 91","235"," 70","242"," 54","248","141","271","123","312","103","330","101","334"," 85"," 50","126"
"IE-0224-M457-3.dw.png","110"," 93","124"," 93","142","133","144","106","151"," 66","182","136","207","152","200","140","222","124","207","114","227"," 99","230"," 77","238"," 61","243","148","262","129","302","111","319","110","324"," 93"," 47","129"
"IE-0224-M457-4.dw.png","116","111","130","109","151","148","154","121","155"," 77","195","146","223","160","215","149","233","129","219","121","238","102","238"," 79","246"," 61","254","153","277","130","317","105","334","101","336"," 85"," 53","154"
"IE-0224-M457-5.dw.png","116"," 99","130"," 97","151","135","154","109","152"," 66","189","133","219","148","212","137","233","118","218","111","234"," 91","234"," 70","241"," 53","253","141","274","119","308"," 98","328"," 93","332"," 78"," 58","139"
"IE-0224-M457-6.dw.png","104"," 94","118"," 93","139","133","141","106","148"," 64","182","132","209","148","202","137","220","120","207","113","227"," 97","228"," 74","238"," 57","240","144","262","124","304","104","322","101","324"," 88"," 45","130"
"IE-0224-M457-7.dw.png","100"," 97","112"," 95","141","131","135","102","136"," 59","179","124","209","137","200","126","218","106","203","100","218"," 79","217"," 57","223"," 40","241","127","260","105","298"," 77","313"," 72","314"," 56"," 50","145"
"IE-0224-M457-8.dw.png","104"," 89","119"," 89","137","130","139","102","150"," 60","178","132","206","148","200","137","222","119","208","111","227"," 93","229"," 71","240"," 54","242","143","263","124","302","106","323","102","326"," 86"," 43","126"
"IE-0224-M457-9.dw.png","106"," 97","121"," 95","142","132","140","104","146"," 62","180","128","211","141","202","130","222","111","210","104","226"," 85","225"," 63","234"," 46","244","133","259","112","301"," 86","319"," 81","320"," 65"," 50","140"
"IE-0225-M458-1.dw.png","109","100","122"," 98","147","137","146","108","148"," 66","189","136","218","147","210","138","228","120","213","112","230"," 94","231"," 70","239"," 52","251","142","270","119","304"," 98","325"," 91","327"," 75"," 57","143"
"IE-0225-M458-10.dw.png","106"," 91","121"," 90","138","126","141"," 99","146"," 60","176","123","208","137","200","126","220","110","206","102","224"," 85","224"," 63","232"," 46","243","131","262","113","296"," 92","314"," 86","316"," 71"," 51","130"
"IE-0225-M458-11.dw.png","105"," 97","119"," 96","140","134","142","107","146"," 64","183","133","211","145","203","135","227","119","210","110","228"," 92","227"," 71","234"," 52","245","140","263","120","303"," 96","321"," 91","324"," 77"," 50","138"
"IE-0225-M458-12.dw.png","112"," 99","125"," 98","147","138","147","107","152"," 67","191","136","218","150","212","140","235","122","213","112","232"," 94","230"," 72","239"," 53","254","144","272","124","308","101","326"," 97","329"," 80"," 56","142"
"IE-0225-M458-2.dw.png","112"," 95","126"," 93","147","133","146","104","149"," 66","187","132","216","146","209","136","231","119","214","110","231"," 93","232"," 72","238"," 53","251","140","271","121","305","101","325"," 95","325"," 79"," 55","135"
"IE-0225-M458-3.dw.png","114"," 93","128"," 92","149","133","149","102","155"," 62","192","130","221","143","215","134","235","116","218","108","235"," 90","235"," 68","244"," 50","256","137","272","117","306"," 96","326"," 91","329"," 76"," 58","134"
"IE-0225-M458-4.dw.png","104"," 98","119"," 96","142","135","139","106","141"," 66","180","132","208","146","202","136","222","118","206","109","223"," 91","223"," 69","229"," 51","243","139","261","117","295"," 95","316"," 90","317"," 74"," 47","140"
"IE-0225-M458-5.dw.png"," 99"," 92","112"," 90","135","130","132","101","140"," 59","176","128","205","140","196","130","218","111","201","103","220"," 84","219"," 63","227"," 45","241","132","260","110","294"," 88","313"," 82","315"," 66"," 46","138"
"IE-0225-M458-6.dw.png","114"," 97","126"," 95","149","132","148","103","152"," 62","192","129","222","141","215","131","233","111","217","104","233"," 83","231"," 61","240"," 42","255","132","273","111","308"," 84","328"," 78","330"," 62"," 57","141"
"IE-0225-M458-7.dw.png","108","105","122","103","144","142","143","111","145"," 71","189","138","218","150","211","141","230","121","211","113","229"," 94","228"," 72","237"," 53","252","142","269","122","309"," 96","324"," 91","327"," 75"," 50","148"
"IE-0225-M458-8.dw.png","108"," 98","122"," 96","147","134","145","104","146"," 62","189","128","219","138","211","129","229","110","214","103","227"," 84","226"," 62","232"," 43","255","129","271","106","301"," 84","320"," 78","320"," 61"," 51","145"
"IE-0225-M458-9.dw.png","103","100","116"," 98","139","136","138","107","139"," 67","179","132","209","145","201","135","220","116","205","109","221"," 90","219"," 69","225"," 51","242","137","260","116","293"," 94","310"," 88","312"," 72"," 48","143"
"IE-0226-M461-0.dw.png"," 87","165"," 98","157","134","184","123","160","110","118","173","168","204","170","193","164","209","138","186","138","197","113","190"," 92","192"," 73","232","152","245","125","273"," 89","289"," 79","284"," 64"," 51","222"
"IE-0226-M461-115.dw.png","141","118","153","115","179","151","176","125","176"," 83","218","146","252","156","242","147","259","128","243","121","258","101","257"," 81","262"," 65","283","147","301","124","335"," 99","351"," 93","351"," 79"," 86","164"
"IE-0226-M461-119.dw.png","117","112","129","112","146","153","150","125","161"," 84","190","156","216","170","210","160","233","144","218","136","236","117","239"," 96","249"," 80","251","167","271","151","312","130","330","127","333","112"," 55","147"
"IE-0226-M461-125.dw.png","104"," 79","117"," 78","137","117","139"," 90","144"," 48","179","116","208","130","200","120","222","103","203"," 93","224"," 76","225"," 54","234"," 38","243","125","263","105","301"," 84","320"," 80","322"," 66"," 46","117"
"IE-0226-M461-164.dw.png","130","119","143","116","164","156","166","128","168"," 85","206","153","237","166","231","157","247","138","232","130","252","111","251"," 89","259"," 70","271","159","291","139","328","116","348","111","350"," 96"," 74","159"
"IE-0226-M461-166.dw.png","134","123","147","120","172","155","169","129","169"," 86","211","149","243","158","234","149","254","129","234","124","250","102","247"," 81","254"," 63","276","147","292","125","326"," 99","344"," 92","343"," 76"," 81","171"
"IE-0226-M461-167.dw.png","136","121","149","120","171","158","174","133","177"," 91","212","157","240","171","233","161","249","143","237","135","256","118","257"," 96","265"," 79","275","164","292","146","329","124","350","119","353","105"," 79","160"
"IE-0226-M461-25.dw.png","142","105","155","107","166","151","175","124","187"," 84","209","160","232","180","228","168","251","155","240","144","263","131","268","109","280"," 94","269","182","291","168","334","156","353","156","359","141"," 76","129"
"IE-0226-M461-28.dw.png","124","113","138","112","156","151","159","125","166"," 84","199","153","226","168","219","157","241","142","224","132","244","116","245"," 94","255"," 79","262","164","282","146","320","126","337","122","341","110"," 64","148"
"IE-0226-M461-36.dw.png","116","129","130","124","156","158","154","132","150"," 90","195","150","228","157","219","148","235","127","221","122","233","100","229"," 81","236"," 61","260","144","272","122","307"," 94","327"," 85","325"," 70"," 66","179"
"IE-0226-M461-64.dw.png","134","122","147","118","172","154","171","128","169"," 86","215","148","245","159","236","150","256","130","240","124","253","104","251"," 82","258"," 65","278","149","294","127","329","103","347"," 96","348"," 80"," 84","167"
"IE-0226-M461-69.dw.png","131","121","141","119","162","158","163","129","165"," 87","205","155","234","167","226","158","246","138","230","131","249","112","249"," 89","257"," 73","269","160","286","141","323","116","343","111","345"," 96"," 71","161"
"IE-0227-M463-1.dw.png","112","110","125","107","152","146","147","116","150"," 74","191","142","220","154","212","144","231","123","217","116","234"," 95","234"," 73","241"," 55","254","145","272","122","311"," 95","329"," 88","329"," 73"," 51","156"
"IE-0227-M463-10.dw.png","108"," 93","124"," 92","146","132","144","104","150"," 62","183","131","214","147","208","137","229","120","213","110","233"," 92","232"," 70","240"," 53","251","142","270","124","309","102","328"," 98","332"," 82"," 47","132"
"IE-0227-M463-11.dw.png","104","100","115"," 97","144","136","139","107","140"," 64","179","132","210","145","202","134","220","115","207","108","224"," 86","222"," 64","229"," 47","246","135","265","114","300"," 89","318"," 83","319"," 68"," 47","145"
"IE-0227-M463-12.dw.png","104"," 95","118"," 94","138","132","137","104","144"," 65","176","130","206","145","199","134","219","117","202","108","221"," 89","219"," 68","227"," 51","242","138","259","118","295"," 95","313"," 90","314"," 74"," 44","137"
"IE-0227-M463-2.dw.png","109"," 98","121"," 97","146","135","146","107","145"," 66","185","132","214","146","206","135","225","116","211","110","228"," 89","227"," 68","235"," 50","249","139","267","117","304"," 94","323"," 88","324"," 72"," 49","141"
"IE-0227-M463-3.dw.png","106","104","118","102","148","138","143","111","141"," 67","185","132","218","143","209","134","224","113","210","107","228"," 85","225"," 63","230"," 45","252","132","269","109","305"," 83","324"," 76","322"," 59"," 54","155"
"IE-0227-M463-4.dw.png","110","109","121","104","154","138","143","110","139"," 68","190","127","221","133","211","126","227","102","208"," 98","224"," 76","220"," 55","224"," 36","256","119","269"," 93","300"," 63","318"," 55","318"," 38"," 62","166"
"IE-0227-M463-5.dw.png","111","103","124","101","144","141","145","113","150"," 71","180","141","212","158","205","147","230","130","214","121","236","104","235"," 81","245"," 64","251","154","272","135","313","115","331","111","334"," 96"," 50","141"
"IE-0227-M463-6.dw.png","111"," 97","125"," 95","146","133","147","106","149"," 64","182","129","215","144","206","134","230","115","213","107","232"," 88","230"," 66","239"," 49","253","137","273","116","309"," 93","328"," 88","330"," 73"," 52","141"
"IE-0227-M463-7.dw.png","106","103","119","101","147","141","141","111","145"," 69","182","137","213","151","204","140","226","120","208","112","227"," 92","227"," 70","234"," 52","249","142","267","120","302"," 96","325"," 89","324"," 72"," 47","148"
"IE-0227-M463-8.dw.png","112"," 90","127"," 89","144","128","147","101","153"," 60","185","129","216","146","210","134","232","118","216","109","235"," 91","236"," 69","245"," 53","253","141","273","121","311","101","330"," 97","332"," 80"," 51","128"
"IE-0227-M463-9.dw.png","101","102","116"," 99","140","135","135","105","135"," 66","181","129","210","139","200","130","218","109","202","103","217"," 81","215"," 59","218"," 41","244","128","261","103","295"," 76","312"," 70","310"," 53"," 49","153"
"IE-0228-M464-1.dw.png","118","100","132"," 99","156","140","155","112","159"," 70","198","139","225","154","217","143","238","126","221","117","241"," 99","240"," 75","249"," 59","260","148","280","129","319","108","337","103","342"," 90"," 59","141"
"IE-0228-M464-10.dw.png","117","102","131","101","153","143","154","114","156"," 71","193","143","220","159","213","147","236","131","217","120","237","102","238"," 80","246"," 62","255","153","274","133","313","112","333","108","337"," 92"," 56","143"
"IE-0228-M464-11.dw.png","119","102","131","103","153","147","153","117","164"," 77","190","149","216","167","210","156","231","140","217","131","238","114","241"," 92","251"," 75","252","165","272","148","311","131","333","129","340","115"," 55","136"
"IE-0228-M464-12.dw.png","117","105","130","104","155","144","154","115","156"," 73","197","143","224","159","216","147","240","131","221","121","239","104","240"," 81","248"," 64","258","154","278","134","318","113","335","110","338"," 94"," 58","145"
"IE-0228-M464-2.dw.png","115"," 98","126"," 97","152","136","150","108","153"," 66","193","134","220","148","212","138","231","120","215","111","232"," 92","231"," 70","238"," 52","254","141","272","121","309"," 97","328"," 92","332"," 77"," 58","140"
"IE-0228-M464-3.dw.png","117","104","131","101","160","139","157","111","156"," 68","199","134","229","147","220","137","239","117","223","110","239"," 89","237"," 66","244"," 48","262","138","279","116","317"," 92","336"," 86","338"," 70"," 61","151"
"IE-0228-M464-4.dw.png","122","106","134","104","164","143","159","114","160"," 70","204","138","234","150","224","140","244","120","226","113","242"," 93","241"," 69","248"," 51","267","140","282","119","321"," 92","342"," 86","345"," 71"," 67","152"
"IE-0228-M464-5.dw.png","120"," 97","133"," 96","157","137","156","108","159"," 65","197","134","226","147","217","137","239","119","222","111","239"," 90","238"," 68","246"," 51","259","140","279","120","318"," 96","335"," 92","337"," 76"," 62","139"
"IE-0228-M464-6.dw.png","120","101","132","102","155","143","154","113","161"," 71","195","143","222","158","215","147","238","130","220","120","239","102","240"," 80","248"," 63","257","153","277","134","316","112","336","109","341"," 94"," 57","139"
"IE-0228-M464-7.dw.png","121","104","133","104","156","145","155","116","163"," 74","196","145","222","161","215","149","234","133","220","124","240","106","239"," 82","247"," 66","257","155","276","137","315","116","335","113","340"," 98"," 60","142"
"IE-0228-M464-8.dw.png","115","105","130","105","154","145","151","116","156"," 74","194","143","223","159","214","147","234","129","218","121","239","103","239"," 80","248"," 62","257","151","276","133","317","110","336","108","340"," 91"," 56","147"
"IE-0228-M464-9.dw.png","107"," 95","119"," 95","141","137","140","109","151"," 68","181","141","209","158","201","146","222","130","207","121","229","103","231"," 81","241"," 65","246","154","267","136","305","117","326","114","331","100"," 45","128"
"IE-0229-M467-10.dw.png","105","116","118","113","146","147","141","120","138"," 77","189","138","220","146","210","137","229","116","207","110","224"," 88","220"," 65","224"," 49","250","134","264","110","298"," 81","316"," 73","315"," 58"," 52","166"
"IE-0229-M467-11.dw.png","116"," 98","129"," 96","147","136","149","110","153"," 70","186","138","212","153","204","142","226","126","211","117","228","100","228"," 78","238"," 61","246","148","264","129","300","110","321","106","324"," 94"," 56","132"
"IE-0229-M467-12.dw.png","105","116","118","113","141","150","140","122","141"," 81","180","146","209","157","201","148","222","129","203","121","220","102","217"," 80","225"," 62","244","147","259","126","294","102","315"," 95","316"," 81"," 53","161"
"IE-0229-M467-23.dw.png","100","129","113","125","143","158","136","132","130"," 91","180","149","211","158","200","148","215","127","199","122","214"," 99","210"," 78","213"," 63","243","142","255","119","285"," 90","304"," 81","304"," 69"," 50","181"
"IE-0229-M467-25.dw.png","113","101","125"," 98","152","137","149","109","148"," 67","193","134","220","146","213","136","233","117","213","108","231"," 89","230"," 67","238"," 52","253","137","271","115","307"," 92","327"," 86","328"," 74"," 53","143"
"IE-0229-M467-29.dw.png","102","153","117","147","147","179","139","153","132","112","184","167","215","172","205","164","221","142","203","138","215","116","210"," 94","212"," 76","248","156","260","132","288","102","307"," 91","306"," 78"," 61","208"
"IE-0229-M467-37.dw.png","119","102","134","101","149","142","153","113","161"," 74","192","144","219","160","213","149","237","133","219","122","239","106","241"," 84","252"," 68","253","157","274","138","314","120","334","117","338","103"," 52","135"
"IE-0229-M467-39.dw.png","110","105","124","105","144","143","145","116","150"," 74","186","141","213","154","205","143","226","126","213","119","228","100","227"," 78","233"," 60","246","148","266","126","302","105","320","100","322"," 86"," 53","147"
"IE-0229-M467-44.dw.png","108","112","124","109","144","146","144","118","145"," 78","186","141","216","152","206","142","229","123","208","116","225"," 96","223"," 73","229"," 57","249","143","266","121","300"," 95","318"," 89","319"," 76"," 53","156"
"IE-0229-M467-58.dw.png","122","117","135","114","162","149","157","122","154"," 80","204","141","233","149","224","140","240","120","222","114","238"," 93","236"," 70","241"," 54","265","136","278","114","313"," 86","333"," 77","334"," 64"," 69","166"
"IE-0229-M467-60.dw.png","114","107","128","106","147","145","149","118","153"," 75","190","144","218","158","211","147","231","130","215","121","234","105","234"," 81","241"," 64","251","151","271","133","311","110","330","107","331"," 93"," 54","147"
"IE-0229-M467-61.dw.png","114","117","129","114","153","152","149","123","151"," 82","196","148","225","160","216","150","235","129","219","123","235","102","234"," 79","242"," 64","260","151","276","128","311","104","330"," 98","332"," 83"," 56","163"
"IE-0230-M469-1.dw.png","106"," 89","120"," 88","134","128","139","103","151"," 62","177","132","203","151","198","138","225","127","206","115","227"," 99","230"," 77","239"," 64","236","149","260","132","306","115","322","115","327","103"," 43","119"
"IE-0230-M469-10.dw.png","104"," 95","116"," 93","140","130","140","105","143"," 62","182","127","208","141","199","129","221","115","206","106","222"," 87","221"," 65","229"," 51","240","134","259","114","298"," 90","314"," 87","317"," 73"," 43","135"
"IE-0230-M469-11.dw.png","106","101","119"," 98","146","131","143","107","143"," 64","184","123","216","133","207","123","229","104","208"," 98","224"," 77","220"," 55","225"," 40","248","122","264"," 99","303"," 70","319"," 65","318"," 50"," 53","149"
"IE-0230-M469-12.dw.png","106"," 91","119"," 90","140","128","140","103","147"," 60","181","126","210","141","202","129","226","114","209","105","227"," 87","227"," 65","234"," 52","242","135","263","116","307"," 94","322"," 93","326"," 80"," 47","130"
"IE-0230-M469-2.dw.png","119"," 97","131"," 96","158","129","153","103","156"," 60","198","122","230","135","219","123","242","105","221"," 97","237"," 76","234"," 54","239"," 38","262","123","280"," 99","314"," 72","328"," 67","329"," 52"," 62","146"
"IE-0230-M469-3.dw.png","114"," 95","127"," 93","154","128","152","103","152"," 60","194","122","226","135","216","124","236","105","219"," 97","236"," 77","233"," 56","239"," 40","258","125","277","103","313"," 76","332"," 70","333"," 56"," 57","142"
"IE-0230-M469-4.dw.png","107","101","118"," 99","140","135","142","109","146"," 66","182","131","211","145","205","135","227","118","208","110","225"," 90","224"," 67","233"," 53","241","139","261","118","304"," 93","320"," 90","321"," 76"," 48","145"
"IE-0230-M469-5.dw.png","100","115","112","110","146","140","138","116","131"," 73","187","128","216","136","203","126","223","105","203","100","215"," 79","209"," 57","213"," 42","246","121","261"," 94","292"," 62","306"," 56","305"," 42"," 53","170"
"IE-0230-M469-6.dw.png","111"," 91","124"," 91","147","126","149","102","152"," 58","186","122","219","137","209","125","232","109","212","100","230"," 81","229"," 60","237"," 45","250","130","271","107","307"," 84","323"," 80","324"," 66"," 53","134"
"IE-0230-M469-7.dw.png","106"," 99","116"," 97","147","130","143","106","142"," 63","186","125","216","137","206","125","230","108","208","100","224"," 80","221"," 58","228"," 42","249","126","267","104","304"," 75","318"," 71","319"," 56"," 48","146"
"IE-0230-M469-8.dw.png","112"," 89","125"," 88","145","122","147"," 98","151"," 56","186","118","217","131","208","119","232","103","212"," 96","230"," 76","228"," 55","235"," 41","248","123","268","101","308"," 78","324"," 74","326"," 61"," 56","133"
"IE-0230-M469-9.dw.png","104"," 98","117"," 94","144","127","141","103","140"," 61","183","119","215","130","205","120","226","100","207"," 94","222"," 74","218"," 53","224"," 38","246","119","264"," 96","296"," 68","313"," 62","313"," 49"," 53","146"
"IE-0231-M470-1.dw.png","108","101","123"," 98","145","135","144","107","146"," 67","185","129","217","139","208","130","225","111","210","106","229"," 87","224"," 65","230"," 45","249","130","268","108","301"," 83","317"," 75","319"," 59"," 56","147"
"IE-0231-M470-10.dw.png","108"," 91","122"," 92","134","132","140","104","151"," 66","180","136","206","152","200","141","218","127","206","117","224","103","228"," 82","236"," 65","240","151","263","133","300","118","317","115","319"," 98"," 45","123"
"IE-0231-M470-11.dw.png","102"," 94","117"," 94","135","132","138","104","143"," 66","175","131","205","147","198","135","218","119","202","111","221"," 94","223"," 72","231"," 54","239","142","261","121","294","103","315"," 98","318"," 83"," 45","131"
"IE-0231-M470-12.dw.png","101"," 88","115"," 87","132","124","135"," 99","140"," 59","170","124","201","141","195","129","214","113","201","105","217"," 88","218"," 65","227"," 48","233","135","254","116","294"," 95","314"," 90","317"," 75"," 43","123"
"IE-0231-M470-2.dw.png","106"," 91","119"," 90","143","127","138"," 99","143"," 60","181","124","210","137","202","128","223","111","208","103","225"," 85","224"," 62","232"," 43","243","132","264","111","299"," 87","318"," 81","320"," 66"," 50","130"
"IE-0231-M470-3.dw.png","105"," 93","119"," 91","136","129","139","103","144"," 63","180","128","209","141","202","132","221","115","206","107","223"," 91","223"," 69","229"," 51","241","136","263","115","299"," 95","316"," 91","318"," 76"," 47","131"
"IE-0231-M470-4.dw.png","107"," 87","123"," 87","140","127","141"," 99","153"," 61","178","128","208","145","201","133","223","119","208","110","229"," 95","230"," 72","240"," 53","242","142","264","124","301","107","324","104","328"," 88"," 44","121"
"IE-0231-M470-5.dw.png","105"," 97","119"," 95","138","133","138","105","144"," 66","180","131","211","144","204","135","221","119","205","111","222"," 94","222"," 72","230"," 54","242","139","264","121","295"," 99","317"," 93","319"," 79"," 44","135"
"IE-0231-M470-6.dw.png"," 93"," 94","107"," 92","129","135","132","107","136"," 65","168","136","199","152","193","141","213","126","198","116","218","101","219"," 76","227"," 59","233","150","258","132","296","111","311","108","316"," 92"," 37","128"
"IE-0231-M470-7.dw.png","106"," 91","118"," 89","139","127","140"," 99","143"," 60","177","125","208","139","200","130","219","112","204","104","222"," 88","223"," 66","232"," 48","239","135","259","116","296"," 95","313"," 90","315"," 75"," 48","129"
"IE-0231-M470-8.dw.png","106"," 92","120"," 90","140","129","139","100","147"," 61","184","126","212","139","205","128","222","111","209","104","227"," 87","226"," 65","235"," 47","245","133","267","113","302"," 92","321"," 87","324"," 72"," 52","134"
"IE-0231-M470-9.dw.png","111"," 92","124"," 92","140","132","145","105","155"," 67","178","137","204","154","200","144","223","131","207","120","229","106","232"," 83","241"," 68","238","155","262","138","299","124","319","122","323","107"," 47","122"
"IE-0232-M471-1.dw.png","110"," 93","126"," 91","143","127","147","101","152"," 58","189","123","219","136","210","126","226","108","213","101","228"," 80","229"," 59","235"," 45","248","128","265","108","308"," 83","325"," 81","326"," 66"," 58","135"
"IE-0232-M471-10.dw.png","101"," 92","114"," 92","134","129","135","102","144"," 59","176","126","205","140","197","128","216","111","203","103","219"," 84","220"," 63","228"," 50","236","134","256","113","298"," 89","313"," 86","314"," 72"," 44","132"
"IE-0232-M471-11.dw.png","101"," 92","114"," 91","137","123","134"," 98","140"," 57","176","119","204","130","196","119","216","101","201"," 95","217"," 75","214"," 54","217"," 38","237","121","253","100","292"," 73","307"," 68","309"," 54"," 44","133"
"IE-0232-M471-12.dw.png"," 98"," 91","111"," 89","132","125","134"," 98","136"," 54","173","118","206","131","196","119","216","101","200"," 96","214"," 75","213"," 54","219"," 39","234","123","253","100","290"," 75","308"," 70","308"," 57"," 41","134"
"IE-0232-M471-2.dw.png","106"," 88","122"," 88","137","124","143"," 99","149"," 56","180","123","208","136","200","125","218","108","206","101","222"," 81","222"," 60","231"," 45","239","130","256","110","297"," 87","314"," 84","316"," 69"," 53","127"
"IE-0232-M471-3.dw.png","102"," 97","115"," 94","142","126","140","101","139"," 56","181","118","213","128","204","117","221"," 99","205"," 93","216"," 70","214"," 48","219"," 33","242","117","258"," 94","295"," 65","311"," 60","312"," 45"," 51","144"
"IE-0232-M471-4.dw.png","110"," 93","126"," 92","148","129","146","102","153"," 57","188","126","218","139","209","128","229","110","212","102","230"," 81","229"," 58","236"," 42","250","131","269","110","310"," 84","325"," 79","327"," 64"," 56","136"
"IE-0232-M471-5.dw.png","103"," 95","116"," 93","143","125","138","100","139"," 57","182","117","213","127","203","117","221"," 97","204"," 91","220"," 70","217"," 48","222"," 33","245","115","260"," 93","296"," 62","311"," 58","313"," 45"," 52","142"
"IE-0232-M471-6.dw.png","100"," 77","115"," 79","126","119","132"," 94","149"," 54","168","126","194","146","187","133","210","120","197","110","218"," 95","222"," 74","233"," 62","227","146","248","130","292","115","310","116","315","103"," 39","104"
"IE-0232-M471-7.dw.png","106"," 95","119"," 93","139","129","142","104","149"," 60","182","125","212","139","204","127","221","111","208","104","223"," 83","224"," 62","231"," 48","241","132","261","111","303"," 85","321"," 82","321"," 69"," 49","135"
"IE-0232-M471-8.dw.png","103"," 88","118"," 89","134","127","136","100","148"," 57","172","128","200","146","193","133","216","118","201","110","220"," 90","222"," 66","231"," 53","233","142","256","122","299","102","316","101","318"," 87"," 41","122"
"IE-0232-M471-9.dw.png","105"," 97","119"," 95","142","130","139","103","148"," 58","184","124","212","135","204","125","220","106","210","100","224"," 78","223"," 56","229"," 42","244","127","263","104","303"," 78","319"," 73","320"," 59"," 50","141"
"IE-0233-M473-17.dw.png","107"," 95","121"," 92","144","125","144","100","144"," 57","187","117","219","129","208","117","224"," 98","210"," 93","225"," 73","221"," 50","227"," 34","251","117","266"," 95","302"," 68","319"," 62","320"," 47"," 51","141"
"IE-0233-M473-18.dw.png"," 99","115","112","111","138","144","137","117","130"," 75","180","132","210","140","201","130","219","110","199","106","212"," 83","206"," 61","211"," 47","239","126","254","102","287"," 71","303"," 63","303"," 50"," 53","165"
"IE-0233-M473-20.dw.png"," 99"," 98","113"," 95","137","129","136","104","135"," 60","179","120","213","129","202","120","218"," 99","203"," 95","217"," 74","213"," 50","218"," 34","242","118","259"," 94","295"," 66","312"," 58","313"," 43"," 47","149"
"IE-0233-M473-26.dw.png","112"," 84","125"," 83","145","119","144"," 92","151"," 50","186","116","216","130","208","118","227","101","210"," 92","227"," 73","227"," 50","235"," 35","249","121","268","101","308"," 76","324"," 73","329"," 58"," 52","125"
"IE-0233-M473-29.dw.png","111"," 84","125"," 83","144","119","147"," 93","152"," 51","186","116","218","129","209","117","226"," 99","214"," 93","231"," 74","229"," 51","236"," 36","254","120","271","100","310"," 76","327"," 71","328"," 56"," 53","126"
"IE-0233-M473-30.dw.png","105","100","120"," 99","143","132","141","107","142"," 65","183","125","216","136","206","126","222","106","206","101","222"," 80","217"," 57","223"," 42","247","125","264","102","300"," 76","317"," 70","313"," 54"," 50","147"
"IE-0233-M473-41.dw.png","117"," 71","132"," 71","144","110","152"," 85","160"," 43","191","111","221","128","213","114","233"," 99","220"," 90","238"," 74","238"," 51","248"," 37","255","122","277","103","315"," 84","335"," 82","340"," 68"," 53","106"
"IE-0233-M473-45.dw.png","113"," 76","126"," 75","145","111","148"," 86","154"," 45","188","110","219","126","211","113","231"," 97","213"," 88","231"," 71","232"," 49","241"," 35","254","119","273"," 99","311"," 77","329"," 74","332"," 60"," 52","113"
"IE-0233-M473-46.dw.png","108"," 84","123"," 84","141","120","143"," 93","149"," 51","185","118","214","132","207","119","228","102","211"," 95","226"," 75","225"," 51","232"," 36","247","123","265","102","302"," 76","322"," 72","324"," 58"," 53","127"
"IE-0233-M473-53.dw.png","116"," 65","131"," 66","141","104","150"," 79","160"," 38","189","109","216","126","209","113","230"," 99","216"," 89","234"," 73","236"," 50","246"," 36","248","123","272","104","310"," 86","330"," 86","334"," 70"," 52"," 97"
"IE-0233-M473-58.dw.png","115"," 66","130"," 67","144","106","149"," 79","159"," 39","186","109","213","127","205","114","232","101","214"," 89","234"," 73","235"," 50","246"," 37","245","124","269","105","310"," 87","329"," 84","332"," 71"," 52"," 96"
"IE-0233-M473-59.dw.png","102"," 93","116"," 90","137","125","136"," 97","136"," 56","182","118","209","128","200","119","221"," 99","202"," 93","215"," 72","214"," 51","220"," 34","242","118","259"," 94","292"," 67","308"," 63","310"," 47"," 51","142"
"IE-0234-M477-1.dw.png","104","100","115"," 96","142","128","137","102","131"," 60","185","115","213","121","203","113","219"," 91","202"," 87","215"," 64","208"," 43","210"," 27","243","107","260"," 81","287"," 51","304"," 42","304"," 28"," 58","157"
"IE-0234-M477-10.dw.png","103"," 92","116"," 92","134","130","136","103","143"," 61","178","131","204","145","197","133","220","117","201","107","222"," 89","221"," 67","229"," 52","237","139","258","120","297"," 97","316"," 93","321"," 80"," 40","129"
"IE-0234-M477-11.dw.png"," 96"," 95","107"," 92","133","127","130","101","127"," 58","177","119","205","130","196","119","214","100","197"," 94","212"," 71","208"," 50","212"," 34","236","118","256"," 95","288"," 66","304"," 61","306"," 46"," 43","145"
"IE-0234-M477-12.dw.png","105"," 90","117"," 90","136","129","137","103","142"," 59","181","128","206","141","200","131","221","114","203","105","224"," 86","223"," 63","230"," 48","239","137","261","116","299"," 93","316"," 90","321"," 75"," 42","132"
"IE-0234-M477-2.dw.png"," 92"," 91","106"," 89","132","124","127"," 98","127"," 55","173","116","203","126","192","117","210"," 97","192"," 91","209"," 71","205"," 50","209"," 33","234","115","253"," 91","285"," 66","303"," 61","306"," 45"," 43","141"
"IE-0234-M477-3.dw.png","108"," 94","120"," 94","143","133","141","104","148"," 62","187","130","212","144","205","132","226","116","209","107","228"," 86","227"," 65","236"," 49","242","136","263","116","301"," 92","319"," 89","323"," 74"," 49","135"
"IE-0234-M477-4.dw.png","106"," 88","119"," 88","136","127","137","100","147"," 60","177","129","200","144","194","133","215","118","204","109","222"," 92","223"," 71","231"," 56","234","141","254","123","293","104","313","103","320"," 89"," 46","123"
"IE-0234-M477-5.dw.png","106"," 92","121"," 91","140","128","140","103","146"," 59","182","125","210","139","202","127","222","111","207","102","225"," 83","223"," 61","229"," 47","242","131","262","110","302"," 87","321"," 82","324"," 69"," 48","135"
"IE-0234-M477-6.dw.png","104"," 85","117"," 86","135","127","138","100","147"," 57","175","130","202","148","195","136","216","121","201","111","223"," 94","225"," 72","234"," 59","235","145","260","127","296","111","316","111","323"," 98"," 40","117"
"IE-0234-M477-7.dw.png","113"," 98","126"," 97","147","133","145","106","149"," 64","193","128","218","140","209","130","231","111","213","104","231"," 84","228"," 62","233"," 46","252","131","272","109","306"," 84","325"," 81","329"," 64"," 54","143"
"IE-0234-M477-8.dw.png","100"," 89","115"," 89","133","131","135","103","144"," 60","178","132","203","149","197","136","216","122","200","111","222"," 94","223"," 71","232"," 57","236","145","258","127","297","108","318","106","323"," 91"," 40","126"
"IE-0234-M477-9.dw.png","102"," 85","115"," 85","131","124","135"," 99","143"," 56","173","126","199","142","192","130","214","116","198","107","219"," 90","219"," 68","227"," 54","231","138","254","120","291","102","309","101","314"," 87"," 40","117"
"IE-0235-M478-21.dw.png","116"," 63","130"," 62","148","100","149"," 73","156"," 32","190"," 99","219","113","210","102","232"," 84","218"," 76","236"," 59","236"," 38","241"," 21","252","106","273"," 86","312"," 65","330"," 63","332"," 48"," 54","102"
"IE-0235-M478-25.dw.png","111"," 83","126"," 82","144","120","145"," 92","154"," 51","187","116","219","128","210","117","230"," 98","215"," 92","233"," 72","234"," 50","242"," 36","252","119","270"," 98","308"," 74","328"," 70","332"," 56"," 54","125"
"IE-0235-M478-26.dw.png","111"," 77","125"," 76","139","114","146"," 88","154"," 47","186","113","216","128","208","116","226"," 98","214"," 91","234"," 72","235"," 51","243"," 36","251","121","269","101","308"," 80","326"," 76","330"," 63"," 53","116"
"IE-0235-M478-42.dw.png","100","131","113","127","142","158","134","133","130"," 90","180","145","211","153","199","145","215","121","198","118","212"," 96","207"," 75","210"," 57","246","136","259","111","289"," 82","308"," 74","307"," 59"," 53","185"
"IE-0235-M478-54.dw.png","103","107","118","103","147","139","139","110","139"," 69","188","129","217","138","206","129","224","107","208","102","223"," 79","219"," 58","224"," 41","250","124","267"," 99","300"," 70","318"," 65","318"," 49"," 54","159"
"IE-0235-M478-62.dw.png","106","111","118","108","143","143","141","117","140"," 71","182","133","218","140","205","130","222","108","206","103","223"," 80","220"," 58","225"," 43","249","125","263","100","299"," 69","316"," 61","317"," 48"," 52","162"
"IE-0235-M478-68.dw.png","102","117","116","111","142","147","136","118","136"," 77","185","136","214","142","204","135","221","111","207","107","219"," 84","214"," 63","217"," 47","247","128","261","104","294"," 74","312"," 69","311"," 53"," 55","172"
"IE-0235-M478-71.dw.png","107"," 92","122"," 90","147","124","144","100","146"," 56","186","118","217","127","205","118","227"," 97","211"," 92","228"," 73","227"," 52","233"," 36","249","117","267"," 93","304"," 67","321"," 63","321"," 48"," 53","139"
"IE-0235-M478-80.dw.png","109"," 90","123"," 87","146","124","145"," 97","146"," 55","188","119","217","130","207","119","226","100","210"," 93","227"," 72","225"," 49","231"," 35","250","118","266"," 98","303"," 71","319"," 67","320"," 52"," 51","133"
"IE-0235-M478-90.dw.png","113"," 69","127"," 70","143","108","145"," 83","155"," 40","185","110","212","126","204","114","227"," 98","210"," 89","232"," 72","232"," 50","241"," 36","246","121","267","101","306"," 83","328"," 81","332"," 67"," 52","103"
"IE-0235-M478-94.dw.png","106"," 78","120"," 76","142","113","142"," 85","143"," 44","186","105","215","115","206","106","225"," 85","210"," 79","227"," 59","224"," 38","227"," 20","249","105","267"," 82","304"," 56","323"," 52","324"," 37"," 53","127"
"IE-0235-M478-98.dw.png","107","112","119","108","145","141","142","116","138"," 73","183","130","219","138","207","128","224","106","207","102","223"," 80","218"," 59","223"," 42","250","125","265"," 99","299"," 69","320"," 62","321"," 46"," 55","162"
"IE-0236-M479-1.dw.png","131","126","145","124","169","162","166","133","170"," 91","209","157","239","168","230","158","253","140","234","131","252","111","250"," 88","256"," 72","269","159","290","138","332","111","348","107","349"," 93"," 74","173"
"IE-0236-M479-10.dw.png","106"," 91","119"," 92","135","133","136","104","148"," 66","176","137","203","153","195","142","220","128","202","115","223","100","228"," 78","237"," 65","239","149","260","133","302","115","320","116","326","100"," 42","122"
"IE-0236-M479-11.dw.png","104"," 92","120"," 92","139","130","138","103","148"," 62","181","131","206","146","198","134","221","118","207","110","224"," 92","226"," 70","235"," 56","241","140","262","121","303","102","323","102","325"," 86"," 44","129"
"IE-0236-M479-12.dw.png","107"," 92","120"," 91","141","129","139","102","143"," 61","183","128","209","141","201","130","224","113","207","104","224"," 85","224"," 63","231"," 50","244","134","264","114","304"," 91","321"," 90","324"," 74"," 47","133"
"IE-0236-M479-2.dw.png","114"," 88","127"," 88","148","129","149","101","154"," 59","190","129","217","143","210","131","233","116","217","106","234"," 88","234"," 64","242"," 49","249","138","270","118","310"," 97","330"," 94","333"," 80"," 53","128"
"IE-0236-M479-3.dw.png","123"," 98","136"," 97","157","138","156","108","164"," 67","200","137","227","152","220","140","243","124","227","114","245"," 95","247"," 73","254"," 58","261","147","283","127","327","104","343","101","346"," 87"," 59","136"
"IE-0236-M479-4.dw.png","119","108","132","106","158","139","152","112","151"," 72","197","131","226","140","216","131","234","111","217","105","232"," 84","228"," 61","232"," 47","257","127","274","104","307"," 76","325"," 71","324"," 55"," 69","159"
"IE-0236-M479-5.dw.png","110","154","122","149","155","179","146","153","137","112","191","165","225","168","213","160","230","138","211","134","222","111","215"," 89","217"," 74","254","152","266","128","299"," 92","316"," 83","314"," 69"," 67","210"
"IE-0236-M479-6.dw.png","118","121","131","118","158","152","154","124","152"," 83","196","142","230","150","217","141","237","120","221","115","237"," 92","231"," 69","236"," 55","261","137","279","112","315"," 80","330"," 74","329"," 60"," 66","174"
"IE-0236-M479-7.dw.png","117","101","131"," 99","150","138","155","111","160"," 68","197","135","225","149","218","138","240","120","222","110","243"," 93","241"," 70","249"," 56","257","142","279","121","318"," 98","339"," 94","343"," 81"," 57","140"
"IE-0236-M479-8.dw.png"," 99","150","113","144","147","174","137","148","127","106","185","158","219","160","206","153","222","129","204","126","213","101","205"," 80","207"," 65","248","142","261","115","291"," 78","305"," 70","302"," 56"," 56","210"
"IE-0236-M479-9.dw.png","104"," 88","119"," 88","136","128","138","101","144"," 60","175","129","201","144","195","133","216","116","204","107","224"," 91","224"," 69","234"," 54","237","139","257","120","297","102","318","101","322"," 85"," 43","128"
"IE-0237-M480-117.dw.png","109","110","123","107","146","144","144","115","142"," 71","193","136","219","145","210","136","230","115","213","110","227"," 87","225"," 65","231"," 48","251","133","269","110","301"," 84","319"," 79","322"," 62"," 58","160"
"IE-0237-M480-137.dw.png","113","109","126","108","145","145","147","119","151"," 76","193","142","221","156","212","144","232","127","213","119","232","100","231"," 77","239"," 64","251","149","270","126","307","103","324"," 99","327"," 87"," 55","151"
"IE-0237-M480-154.dw.png","111","113","125","110","153","144","146","118","143"," 75","189","136","217","146","206","137","228","118","209","110","224"," 90","222"," 69","230"," 53","248","134","265","111","298"," 85","316"," 81","317"," 64"," 59","162"
"IE-0237-M480-173.dw.png","119","111","133","110","155","146","152","118","156"," 76","197","140","229","152","220","141","238","123","221","116","238"," 95","237"," 72","244"," 57","260","143","278","120","315"," 95","337"," 90","339"," 77"," 61","153"
"IE-0237-M480-176.dw.png","118","136","132","133","161","164","153","138","150"," 95","202","151","233","158","223","149","239","127","219","122","234"," 99","228"," 77","231"," 61","264","143","278","118","311"," 85","326"," 77","324"," 63"," 69","190"
"IE-0237-M480-192.dw.png","112","131","125","128","151","162","145","134","144"," 90","195","151","226","158","216","150","234","128","213","123","229","100","226"," 78","231"," 62","255","147","272","121","305"," 91","324"," 84","323"," 68"," 61","182"
"IE-0237-M480-54.dw.png","119","100","132","100","144","141","150","115","162"," 72","187","145","214","165","208","152","229","138","215","127","235","112","238"," 88","249"," 75","244","163","267","146","310","130","332","130","338","117"," 54","129"
"IE-0237-M480-59.dw.png","113","124","126","123","147","160","147","132","151"," 87","193","156","220","169","211","157","233","140","214","131","233","110","232"," 87","240"," 72","251","161","270","139","306","115","323","110","327"," 96"," 56","169"
"IE-0237-M480-71.dw.png","114","105","126","105","149","143","148","115","155"," 73","191","141","217","156","210","144","230","128","215","119","233","100","233"," 77","243"," 63","248","150","267","131","307","109","328","107","330"," 92"," 55","143"
"IE-0237-M480-98.dw.png","115","111","128","109","151","146","148","118","151"," 75","194","141","222","152","214","142","236","124","214","115","234"," 95","233"," 74","241"," 59","252","144","272","121","309"," 97","327"," 92","329"," 77"," 56","154"
"IE-0238-M481-10.dw.png","161","118","175","117","189","159","195","132","201"," 90","233","161","259","176","252","166","273","150","258","140","279","124","280","103","287"," 87","294","171","311","155","348","136","367","133","370","121"," 98","155"
"IE-0238-M481-12.dw.png","153","118","165","117","185","159","185","131","194"," 87","226","160","249","176","243","165","262","148","250","141","268","123","272","102","279"," 86","283","172","303","155","341","137","359","135","363","121"," 89","154"
"IE-0238-M481-18.dw.png","152","128","165","128","186","167","185","137","192"," 96","228","166","255","179","248","169","269","152","255","144","269","125","271","103","277"," 87","288","174","308","154","347","133","363","130","366","115"," 92","169"
"IE-0238-M481-28.dw.png","153","118","166","118","182","160","183","131","196"," 91","221","162","247","178","241","168","262","151","248","142","267","126","270","106","278"," 91","282","176","301","157","337","140","356","139","360","125"," 88","152"
"IE-0238-M481-31.dw.png","150","108","165","108","183","148","183","119","192"," 77","225","148","251","162","242","153","264","135","251","127","269","109","270"," 88","276"," 71","283","159","306","138","342","118","361","117","364"," 99"," 90","149"
"IE-0238-M481-33.dw.png","151","119","165","118","187","158","186","131","192"," 88","227","157","254","170","248","160","264","143","253","135","270","116","272"," 95","279"," 80","290","164","307","145","343","123","360","120","364","106"," 90","160"
"IE-0238-M481-51.dw.png","151","111","165","111","181","152","185","126","193"," 85","222","156","248","173","242","162","258","146","250","138","272","123","275","102","282"," 88","280","172","301","156","345","140","364","138","368","125"," 87","144"
"IE-0238-M481-52.dw.png","147","119","162","118","178","160","181","132","189"," 91","216","162","243","178","236","166","258","150","246","141","266","124","269","102","276"," 86","281","173","301","154","337","136","358","134","361","119"," 88","156"
"IE-0238-M481-59.dw.png","138","121","150","120","173","156","171","130","172"," 90","211","151","240","163","232","153","250","134","234","127","251","109","249"," 88","253"," 72","272","154","288","133","322","109","340","103","342"," 89"," 83","163"
"IE-0238-M481-77.dw.png","138","115","152","115","171","155","171","127","178"," 86","211","155","239","170","232","160","252","143","237","134","257","116","257"," 94","265"," 78","275","166","292","147","331","127","349","123","352","109"," 80","148"
"IE-0238-M481-78.dw.png","144","120","157","119","177","157","179","132","180"," 88","215","156","246","169","237","158","258","141","242","133","262","114","259"," 91","265"," 75","280","163","297","143","332","120","351","115","355","101"," 87","161"
"IE-0238-M481-80.dw.png","146","117","159","116","180","156","179","127","184"," 86","220","154","249","166","241","156","261","138","244","129","264","111","263"," 89","270"," 72","282","158","301","139","336","116","355","111","358"," 97"," 88","155"
"IE-0239-M482-10.dw.png","106","110","117","108","147","146","142","117","141"," 75","191","141","219","151","212","142","230","122","210","115","226"," 92","226"," 70","230"," 52","254","141","270","119","305"," 92","321"," 86","322"," 72"," 54","159"
"IE-0239-M482-11.dw.png","108","108","121","106","146","144","143","117","144"," 77","188","143","215","157","207","146","226","129","209","120","228","102","226"," 80","230"," 63","248","150","267","130","302","109","318","104","321"," 89"," 54","152"
"IE-0239-M482-14.dw.png","124"," 84","136"," 85","149","128","156","103","165"," 63","187","136","212","157","207","145","230","132","216","120","239","107","243"," 85","251"," 70","246","158","271","144","312","133","331","133","336","121"," 55","108"
"IE-0239-M482-33.dw.png","115","136","129","131","158","164","150","137","144"," 97","194","152","226","158","216","150","229","128","217","123","229","100","223"," 78","224"," 62","260","142","272","119","304"," 86","319"," 77","317"," 63"," 72","191"
"IE-0239-M482-34.dw.png","123","108","137","106","161","144","158","117","161"," 77","199","142","228","154","220","145","237","126","224","118","242"," 99","241"," 76","246"," 60","261","147","279","127","315","103","334"," 98","337"," 83"," 69","151"
"IE-0239-M482-45.dw.png","105","144","119","139","145","171","142","145","133","104","184","160","217","166","207","158","223","135","206","131","219","107","212"," 86","213"," 69","250","150","265","125","294"," 94","310"," 86","310"," 72"," 59","200"
"IE-0239-M482-56.dw.png","107","114","121","111","146","149","142","121","146"," 80","190","146","216","159","209","148","227","130","213","121","227","102","227"," 79","232"," 62","252","151","271","130","304","105","321","101","324"," 86"," 54","158"
"IE-0239-M482-64.dw.png","118","134","130","130","162","165","154","137","147"," 97","202","155","232","164","222","155","238","133","219","127","234","105","231"," 84","232"," 66","265","150","279","126","311"," 97","326"," 90","326"," 76"," 70","187"
"IE-0239-M482-66.dw.png","114","103","126","103","143","143","147","117","153"," 75","185","146","211","161","205","151","226","134","211","123","230","105","231"," 83","238"," 69","245","158","268","138","304","119","320","116","324","102"," 54","140"
"IE-0239-M482-70.dw.png","114","106","127","105","147","144","145","116","153"," 77","185","144","213","158","206","148","226","130","213","122","233","104","234"," 81","240"," 66","250","153","268","133","309","111","326","107","328"," 95"," 55","144"
"IE-0239-M482-72.dw.png","116","116","128","112","156","149","153","121","149"," 78","199","142","229","151","219","142","235","121","220","115","236"," 93","233"," 71","236"," 53","262","141","280","117","315"," 87","329"," 82","328"," 66"," 65","166"
"IE-0240-M483-1.dw.png","105","100","116"," 96","142","131","140","105","136"," 64","179","125","210","135","200","124","220","104","204"," 98","219"," 77","216"," 56","219"," 38","245","123","262"," 99","293"," 72","309"," 65","309"," 50"," 51","146"
"IE-0240-M483-10.dw.png","117"," 94","129"," 92","150","131","151","103","155"," 60","190","129","219","143","212","132","231","114","216","106","235"," 88","235"," 64","241"," 47","257","136","272","117","313"," 93","331"," 90","331"," 73"," 56","136"
"IE-0240-M483-11.dw.png","109","124","121","119","151","152","146","125","138"," 84","188","142","222","148","211","140","230","117","210","112","225"," 92","219"," 71","223"," 52","253","135","269","110","299"," 80","316"," 72","313"," 57"," 58","175"
"IE-0240-M483-12.dw.png","104","101","116"," 97","140","134","138","107","138"," 63","180","128","213","141","203","130","220","111","204","103","221"," 84","220"," 61","225"," 42","244","132","262","111","300"," 84","319"," 78","317"," 62"," 46","148"
"IE-0240-M483-2.dw.png","117","101","128"," 97","156","133","153","105","148"," 63","194","126","227","136","217","126","237","105","216"," 99","234"," 78","230"," 57","234"," 38","259","125","277","101","309"," 75","327"," 68","327"," 53"," 62","148"
"IE-0240-M483-3.dw.png","106"," 96","117"," 92","141","127","140","101","135"," 60","177","121","209","132","199","122","218","102","202"," 95","217"," 74","216"," 54","220"," 36","240","121","258"," 99","292"," 72","309"," 65","311"," 52"," 50","143"
"IE-0240-M483-4.dw.png","105","106","117","106","133","147","134","117","146"," 78","174","147","203","161","195","150","215","133","200","123","221","107","222"," 86","229"," 70","235","156","254","136","292","116","313","113","316"," 99"," 45","142"
"IE-0240-M483-5.dw.png","108","121","119","117","147","149","144","124","137"," 80","186","140","219","148","208","139","221","117","207","112","223"," 90","219"," 68","222"," 51","250","135","266","111","297"," 81","316"," 74","316"," 58"," 59","174"
"IE-0240-M483-6.dw.png","106"," 95","119"," 94","138","134","139","107","146"," 64","176","136","205","152","198","141","220","124","204","114","224"," 95","226"," 73","233"," 58","238","149","261","130","300","110","316","108","319"," 93"," 45","132"
"IE-0240-M483-7.dw.png","105"," 98","117"," 97","136","138","136","108","145"," 66","179","136","209","148","200","137","220","119","203","110","224"," 92","224"," 70","231"," 53","242","142","260","121","299"," 97","319"," 92","321"," 78"," 45","139"
"IE-0240-M483-8.dw.png","102"," 99","114"," 97","139","133","137","106","138"," 63","176","128","208","139","198","130","219","110","200","102","218"," 82","217"," 60","223"," 42","240","130","260","108","296"," 81","314"," 75","316"," 60"," 47","147"
"IE-0240-M483-9.dw.png","100","107","111","104","139","137","136","111","131"," 67","176","129","209","138","198","129","217","108","197","100","214"," 79","210"," 57","215"," 39","245","123","257","101","291"," 71","309"," 65","309"," 49"," 49","158"
"IE-0241-M485-18.dw.png","111","114","122","112","147","149","145","122","146"," 79","186","144","218","156","210","145","229","126","212","118","229"," 99","226"," 76","230"," 60","252","146","270","125","305"," 99","320"," 93","320"," 78"," 54","157"
"IE-0241-M485-19.dw.png","120"," 77","135"," 80","142","121","153"," 97","165"," 56","187","130","215","150","209","138","231","123","219","113","240","100","246"," 79","254"," 65","254","151","274","137","316","123","335","123","340","111"," 54"," 99"
"IE-0241-M485-20.dw.png","112","106","125","104","148","141","146","114","148"," 72","193","136","223","148","215","138","232","119","217","112","234"," 91","231"," 69","235"," 51","258","138","274","117","313"," 92","328"," 87","328"," 70"," 53","152"
"IE-0241-M485-3.dw.png","109","109","123","106","143","143","146","116","148"," 74","186","138","219","150","210","140","231","120","213","114","229"," 94","228"," 73","232"," 56","252","142","270","121","305"," 97","324"," 91","323"," 77"," 53","151"
"IE-0241-M485-31.dw.png","118"," 66","130"," 69","143","109","149"," 85","164"," 45","182","116","210","136","204","124","226","111","214","101","235"," 86","238"," 64","247"," 50","243","136","266","121","308","105","326","103","330"," 90"," 54"," 90"
"IE-0241-M485-32.dw.png","116","102","129","101","148","140","150","113","158"," 70","189","140","218","154","212","144","231","126","215","117","236"," 98","235"," 75","242"," 58","254","149","276","129","316","105","330","101","333"," 86"," 53","137"
"IE-0241-M485-35.dw.png","118"," 97","130"," 97","142","135","147","109","157"," 67","185","137","217","153","210","142","232","126","215","116","235"," 99","237"," 77","245"," 63","251","149","271","132","313","111","326","108","330"," 95"," 53","129"
"IE-0241-M485-50.dw.png","115","121","127","118","153","152","150","125","148"," 81","196","144","228","151","219","143","232","122","218","116","233"," 94","227"," 71","229"," 53","262","138","275","116","311"," 85","325"," 78","325"," 62"," 60","172"
"IE-0241-M485-6.dw.png","107","120","119","116","143","150","141","124","139"," 80","183","140","216","147","207","139","223","117","208","111","222"," 91","218"," 69","220"," 52","247","136","264","112","297"," 82","313"," 75","314"," 61"," 54","171"
"IE-0241-M485-7.dw.png","112","111","123","109","150","147","146","119","146"," 76","188","142","217","153","210","143","227","123","214","116","229"," 95","228"," 72","232"," 56","252","144","269","121","303"," 95","318"," 89","318"," 73"," 54","156"
"IE-0242-M487-13.dw.png","109","103","123","100","146","138","143","111","147"," 71","183","137","210","152","203","141","222","123","207","115","227"," 96","226"," 74","232"," 56","245","145","263","126","303","102","320"," 98","322"," 81"," 52","143"
"IE-0242-M487-14.dw.png","116"," 88","128"," 88","149","128","148","100","153"," 59","188","128","214","144","207","133","232","117","211","105","233"," 89","232"," 67","240"," 51","248","140","269","121","309"," 99","325"," 97","330"," 82"," 53","126"
"IE-0242-M487-21.dw.png","100","132","114","127","145","158","134","131","129"," 92","184","145","213","151","202","145","217","121","199","116","212"," 94","208"," 73","208"," 56","244","135","257","112","289"," 78","308"," 68","305"," 52"," 52","188"
"IE-0242-M487-34.dw.png","109"," 98","122"," 95","148","134","142","105","145"," 64","187","131","214","143","206","133","227","114","209","106","227"," 86","226"," 63","230"," 45","250","134","266","114","305"," 89","320"," 84","323"," 69"," 54","143"
"IE-0242-M487-35.dw.png","112"," 94","126"," 94","143","132","144","105","148"," 66","186","132","213","147","206","137","227","120","209","111","230"," 93","231"," 73","238"," 56","247","143","269","124","308","103","324","100","327"," 86"," 53","132"
"IE-0242-M487-38.dw.png","109"," 94","122"," 91","147","128","144","101","147"," 60","184","123","216","135","205","125","226","107","206"," 97","225"," 79","223"," 58","227"," 41","251","125","265","105","302"," 79","321"," 72","322"," 58"," 52","138"
"IE-0242-M487-46.dw.png","110","108","123","106","145","143","145","115","146"," 74","185","139","215","152","206","141","226","122","206","113","227"," 95","226"," 73","232"," 56","248","144","268","122","303"," 99","321"," 94","321"," 78"," 53","152"
"IE-0242-M487-52.dw.png","104","108","114","104","143","142","140","116","139"," 72","185","136","214","148","206","138","225","118","205","110","222"," 89","220"," 68","224"," 51","244","138","263","114","299"," 88","315"," 83","315"," 67"," 51","157"
"IE-0242-M487-53.dw.png","102","114","115","110","145","142","139","116","134"," 75","185","134","217","140","207","132","224","111","206","105","220"," 84","214"," 63","216"," 44","252","126","263","104","298"," 74","316"," 65","315"," 50"," 53","165"
"IE-0242-M487-62.dw.png","102","117","116","111","141","146","138","119","133"," 78","179","136","212","144","201","135","219","114","202","108","217"," 86","212"," 64","214"," 46","246","130","258","108","294"," 75","310"," 68","307"," 53"," 52","167"
"IE-0242-M487-63.dw.png","103","105","117","102","147","137","139","110","138"," 69","187","131","213","142","205","132","222","112","206","106","223"," 85","219"," 64","223"," 47","247","131","263","110","302"," 83","318"," 78","319"," 63"," 54","154"
"IE-0242-M487-66.dw.png","101","126","114","121","144","153","137","127","133"," 88","183","145","213","152","204","143","219","121","202","116","219"," 94","213"," 73","215"," 55","248","137","261","113","295"," 84","311"," 76","311"," 62"," 52","178"
"IE-0243-M489-119.dw.png","106","102","119"," 99","144","137","143","109","143"," 68","180","135","211","148","204","139","223","118","206","110","223"," 92","223"," 70","230"," 49","245","140","266","118","300"," 94","320"," 87","322"," 72"," 46","145"
"IE-0243-M489-135.dw.png","139","154","154","149","179","182","176","154","172","114","222","171","253","176","243","169","260","147","245","142","255","121","251","100","253"," 80","287","163","301","140","334","107","349"," 98","347"," 83"," 92","208"
"IE-0243-M489-148.dw.png","137","158","149","153","177","187","172","159","167","118","216","175","248","182","238","174","257","150","238","147","250","124","246","103","249"," 83","282","167","295","142","328","111","343","101","341"," 85"," 90","210"
"IE-0243-M489-167.dw.png","151","104","164","103","181","142","184","113","190"," 72","224","141","255","155","247","145","264","126","254","120","270","101","270"," 78","278"," 58","292","149","310","129","347","106","366"," 99","368"," 84"," 88","144"
"IE-0243-M489-168.dw.png","141","111","154","108","179","145","177","117","181"," 75","219","141","252","151","243","142","263","122","246","115","263"," 96","259"," 73","266"," 54","288","142","306","120","337"," 93","357"," 86","357"," 70"," 87","156"
"IE-0243-M489-173.dw.png","150","108","163","106","183","146","185","116","187"," 76","226","145","254","159","246","149","267","130","253","123","269","105","270"," 83","278"," 64","288","154","309","132","343","111","360","106","364"," 92"," 90","147"
"IE-0243-M489-196.dw.png","115","102","129"," 99","157","134","152","106","148"," 67","195","127","225","135","218","127","235","105","218","100","231"," 80","228"," 59","232"," 38","257","123","275"," 99","304"," 73","322"," 64","322"," 47"," 65","152"
"IE-0243-M489-201.dw.png","145","112","160","109","181","148","180","119","182"," 80","220","145","249","158","242","149","261","130","244","121","262","103","260"," 81","267"," 61","283","150","302","130","338","106","357"," 99","359"," 84"," 88","154"
"IE-0243-M489-204.dw.png","138","117","151","114","174","151","172","123","173"," 82","214","145","248","154","240","146","261","124","241","118","257"," 99","254"," 77","259"," 56","288","142","302","120","335"," 93","353"," 84","353"," 69"," 83","163"
"IE-0243-M489-91.dw.png","148","116","163","113","184","151","186","122","187"," 81","228","145","260","156","252","146","271","125","254","119","271"," 97","268"," 75","275"," 54","294","145","313","122","348"," 93","366"," 86","367"," 70"," 94","162"
"IE-0243-M489-92.dw.png","139","126","151","123","180","158","174","129","172"," 88","223","149","250","156","242","149","262","124","243","120","256"," 99","253"," 77","256"," 57","286","143","302","117","333"," 88","347"," 82","347"," 68"," 92","179"
"IE-0244-M490-1.dw.png","107"," 99","119"," 96","146","131","142","103","140"," 63","189","124","218","132","209","123","226","103","211"," 97","224"," 76","221"," 54","224"," 39","250","122","267"," 99","303"," 70","315"," 65","315"," 50"," 57","151"
"IE-0244-M490-10.dw.png","107"," 88","118"," 86","136","126","140"," 99","144"," 60","179","126","207","142","199","130","218","114","205","106","224"," 89","225"," 68","230"," 53","240","137","259","118","298"," 98","316"," 94","318"," 80"," 46","123"
"IE-0244-M490-11.dw.png","101"," 84","112"," 84","131","123","134"," 96","138"," 57","172","123","201","139","193","128","212","110","199","103","218"," 86","218"," 65","224"," 49","234","134","254","116","291"," 95","309"," 91","312"," 77"," 41","121"
"IE-0244-M490-12.dw.png","102"," 91","114"," 88","138","124","136"," 97","136"," 58","177","119","207","130","200","121","218","101","204"," 94","219"," 75","215"," 53","220"," 37","243","121","259","100","296"," 74","311"," 70","310"," 54"," 47","137"
"IE-0244-M490-2.dw.png","110"," 92","122"," 90","147","126","144"," 98","145"," 58","189","120","216","129","207","121","227","101","213"," 95","227"," 75","224"," 55","227"," 39","247","120","266","100","302"," 73","316"," 67","318"," 54"," 56","137"
"IE-0244-M490-3.dw.png","110"," 88","122"," 87","142","126","144"," 99","149"," 59","186","125","212","139","206","129","225","111","211","104","229"," 85","229"," 63","235"," 49","245","133","267","114","304"," 92","319"," 89","322"," 74"," 52","127"
"IE-0244-M490-4.dw.png","101","103","115"," 99","143","133","138","106","136"," 66","182","125","213","133","204","124","222","104","204"," 97","219"," 77","216"," 56","218"," 39","244","122","261"," 99","293"," 72","308"," 64","309"," 49"," 51","152"
"IE-0244-M490-5.dw.png"," 97"," 96","107"," 92","137","127","133","101","129"," 59","176","121","205","130","197","120","215","100","199"," 94","214"," 75","210"," 53","214"," 37","238","120","256"," 98","292"," 70","307"," 64","308"," 52"," 45","144"
"IE-0244-M490-6.dw.png","106"," 91","118"," 91","137","128","139","102","144"," 62","179","130","202","145","196","134","219","118","205","109","224"," 92","225"," 72","231"," 56","239","141","260","123","300","103","315","102","316"," 86"," 48","127"
"IE-0244-M490-7.dw.png"," 98"," 93","111"," 90","137","125","133"," 98","133"," 59","176","118","206","128","197","118","215"," 99","197"," 92","214"," 73","211"," 52","215"," 36","240","117","253"," 96","286"," 70","303"," 64","303"," 49"," 47","139"
"IE-0244-M490-8.dw.png","108"," 84","121"," 83","137","124","142"," 98","151"," 58","180","128","207","144","200","133","221","117","209","109","227"," 92","229"," 69","237"," 55","239","142","263","125","302","106","318","103","322"," 89"," 47","116"
"IE-0244-M490-9.dw.png","109"," 86","123"," 85","139","125","141"," 97","150"," 59","181","128","207","144","200","133","223","117","206","106","227"," 91","228"," 71","236"," 56","241","142","263","124","303","106","318","103","322"," 90"," 45","117"
"IE-0245-M491-1.dw.png","120"," 96","134"," 94","154","129","154","102","158"," 62","199","124","228","136","220","126","235","108","222","102","238"," 82","236"," 61","242"," 45","260","128","276","109","311"," 83","330"," 77","330"," 63"," 67","138"
"IE-0245-M491-10.dw.png"," 99","100","114"," 98","135","135","133","108","140"," 66","177","131","207","143","198","133","219","115","202","108","219"," 88","218"," 67","223"," 52","239","135","259","114","293"," 91","310"," 85","310"," 71"," 45","140"
"IE-0245-M491-11.dw.png","104"," 95","117"," 93","135","130","136","104","143"," 63","180","129","210","143","201","132","219","114","206","107","223"," 88","221"," 65","226"," 50","242","136","261","115","298"," 91","314"," 88","317"," 73"," 46","132"
"IE-0245-M491-2.dw.png","103"," 92","120"," 91","140","127","141","102","146"," 61","183","125","214","138","205","127","224","109","210","101","228"," 83","229"," 62","233"," 46","248","131","268","111","304"," 88","322"," 83","324"," 69"," 48","133"
"IE-0245-M491-3.dw.png","105","114","118","111","142","146","138","118","139"," 77","188","135","218","144","207","135","225","114","206","109","223"," 89","218"," 67","222"," 50","249","133","264","110","299"," 82","315"," 75","314"," 60"," 54","165"
"IE-0245-M491-4.dw.png","114","128","127","124","152","157","149","130","145"," 87","198","146","230","151","221","144","234","123","216","118","231"," 95","227"," 72","229"," 55","261","138","273","114","305"," 83","324"," 73","321"," 58"," 64","179"
"IE-0245-M491-5.dw.png","105"," 99","117"," 96","142","131","139","105","139"," 66","184","125","213","135","204","126","222","107","207","100","222"," 81","219"," 59","221"," 43","245","126","263","104","295"," 78","314"," 72","316"," 58"," 51","143"
"IE-0245-M491-6.dw.png","128"," 99","143","100","158","137","163","112","170"," 71","202","139","233","155","227","144","246","128","232","119","250","102","251"," 80","259"," 64","268","151","289","133","323","112","340","109","343"," 93"," 70","134"
"IE-0245-M491-7.dw.png","107"," 96","122"," 95","143","133","140","103","148"," 65","187","131","215","143","205","133","227","116","212","108","230"," 90","230"," 68","235"," 50","248","137","268","117","307"," 94","323"," 91","326"," 75"," 49","136"
"IE-0245-M491-8.dw.png","109","104","121"," 99","151","130","146","104","141"," 64","193","119","225","126","216","117","230"," 96","214"," 91","227"," 71","222"," 49","224"," 32","257","113","273"," 89","304"," 59","322"," 51","320"," 36"," 61","153"
"IE-0245-M491-9.dw.png","117"," 97","130"," 94","157","128","153","102","152"," 60","198","121","228","129","219","120","237"," 99","222"," 93","234"," 73","229"," 50","232"," 34","261","118","276"," 96","310"," 66","325"," 59","325"," 45"," 68","146"
"IE-0246-M492-122.dw.png","138","117","151","115","166","153","170","128","179"," 88","207","157","236","173","230","161","252","145","237","135","256","118","258"," 97","268"," 80","270","168","293","150","331","130","351","127","353","111"," 76","150"
"IE-0246-M492-123.dw.png","133","114","146","112","162","150","168","125","173"," 83","207","150","234","165","226","154","246","136","237","129","252","111","252"," 89","260"," 73","267","159","286","140","327","118","348","114","350"," 99"," 74","153"
"IE-0246-M492-31.dw.png","144","121","155","120","174","159","177","133","184"," 90","214","160","241","175","234","164","254","147","241","138","260","120","261"," 99","270"," 83","274","171","294","152","333","130","352","127","355","113"," 82","158"
"IE-0246-M492-40.dw.png","129","122","141","120","166","156","162","129","165"," 87","207","151","235","164","226","153","245","133","232","127","246","106","244"," 84","250"," 67","266","154","284","133","320","106","341","101","342"," 86"," 72","169"
"IE-0246-M492-45.dw.png","135","160","149","154","180","184","169","158","161","116","218","168","249","173","239","166","252","141","236","138","245","115","237"," 94","240"," 73","281","153","292","128","318"," 93","333"," 85","331"," 68"," 92","220"
"IE-0246-M492-57.dw.png","145","117","158","117","168","158","177","133","191"," 92","210","165","235","185","228","172","253","159","242","149","263","134","266","113","278"," 97","270","185","291","169","337","155","355","155","359","140"," 76","145"
"IE-0246-M492-65.dw.png","134","133","147","129","171","162","168","136","167"," 95","213","155","244","165","234","154","251","135","234","128","249","107","246"," 85","252"," 68","275","153","291","131","325","101","342"," 94","342"," 79"," 83","181"
"IE-0246-M492-69.dw.png","138","149","150","144","178","177","171","151","168","109","219","166","251","173","242","164","255","144","238","138","252","116","247"," 96","254"," 76","282","159","295","136","328","104","346"," 96","343"," 81"," 88","202"
"IE-0246-M492-89.dw.png","144","122","158","121","177","159","179","133","183"," 92","222","159","249","173","242","162","261","146","248","138","264","119","264"," 97","272"," 81","281","168","301","149","338","127","356","123","360","108"," 83","159"
"IE-0246-M492-94.dw.png","140","135","154","132","176","164","178","138","176"," 96","222","155","253","163","243","154","258","133","242","128","258","107","253"," 86","258"," 68","283","151","301","126","332"," 98","350"," 89","348"," 75"," 88","185"
"IE-0246-M492-96.dw.png","136","128","150","125","174","160","170","132","171"," 93","217","152","244","162","236","153","254","132","237","127","252","107","249"," 86","255"," 67","279","150","293","129","327","101","344"," 96","344"," 80"," 83","178"
"IE-0247-M493-11.dw.png","118"," 85","131"," 85","143","126","150"," 98","160"," 59","184","132","211","150","204","138","226","123","214","113","235"," 98","237"," 76","248"," 61","244","149","267","132","307","116","327","114","331","103"," 54","115"
"IE-0247-M493-14.dw.png","107","114","119","110","142","147","138","118","138"," 78","185","141","215","151","206","141","226","121","206","113","223"," 92","220"," 69","225"," 52","249","141","267","117","300"," 90","320"," 82","320"," 67"," 53","164"
"IE-0247-M493-15.dw.png"," 99","149","112","142","141","177","135","148","127","106","182","164","215","170","202","162","220","137","201","133","214","110","207"," 88","212"," 70","246","153","258","129","289"," 96","309"," 86","309"," 71"," 52","207"
"IE-0247-M493-27.dw.png","105","112","120","109","140","145","139","117","140"," 75","184","138","215","149","204","138","226","118","208","111","223"," 90","219"," 68","227"," 50","248","137","264","114","298"," 87","320"," 80","321"," 65"," 53","161"
"IE-0247-M493-34.dw.png","103","117","118","113","144","148","140","120","137"," 79","187","140","218","150","209","140","228","119","208","113","223"," 91","219"," 69","224"," 52","252","137","268","114","303"," 85","320"," 78","320"," 63"," 55","168"
"IE-0247-M493-35.dw.png","101","127","114","121","145","152","136","125","130"," 84","188","139","216","145","208","136","224","114","205","110","217"," 87","211"," 66","216"," 45","248","129","261","104","292"," 73","311"," 65","309"," 49"," 54","181"
"IE-0247-M493-54.dw.png","100","140","113","135","142","166","131","139","125"," 98","179","154","211","161","201","151","213","130","198","126","210","101","204"," 81","208"," 63","242","145","254","121","285"," 88","303"," 80","301"," 65"," 52","194"
"IE-0247-M493-55.dw.png","115","100","128"," 99","144","138","148","110","152"," 69","185","138","213","153","207","142","229","124","212","115","231"," 97","232"," 75","240"," 59","249","146","268","126","306","104","324","100","328"," 86"," 53","138"
"IE-0247-M493-57.dw.png","106","124","116","120","144","154","138","126","136"," 85","184","145","215","153","206","144","221","122","203","117","217"," 96","213"," 74","218"," 56","248","138","261","116","292"," 86","310"," 78","309"," 63"," 54","176"
"IE-0247-M493-70.dw.png","108","114","120","111","143","150","143","122","143"," 80","186","147","215","161","208","150","229","129","212","122","227","101","225"," 79","233"," 63","250","153","271","129","306","107","325","100","326"," 86"," 53","159"
"IE-0247-M493-74.dw.png","111","111","127","109","142","147","145","117","149"," 76","189","142","220","154","210","144","230","124","213","116","230"," 97","229"," 75","237"," 59","254","145","271","121","303"," 98","324"," 92","326"," 78"," 54","157"
"IE-0247-M493-76.dw.png","104","119","118","115","142","151","138","121","138"," 79","185","143","217","151","208","142","226","120","206","114","223"," 93","219"," 70","226"," 52","252","138","265","114","299"," 87","318"," 78","319"," 63"," 54","171"
"IE-0248-M494-1.dw.png","108","100","122"," 99","143","137","148","111","147"," 69","187","135","213","147","207","137","225","119","211","112","228"," 92","228"," 72","236"," 56","245","141","265","121","302"," 97","321"," 92","324"," 79"," 53","141"
"IE-0248-M494-12.dw.png","109","103","124","101","147","140","148","112","152"," 71","189","139","218","153","209","141","229","123","215","116","234"," 96","233"," 73","241"," 58","252","146","272","125","312","102","329"," 97","332"," 83"," 52","143"
"IE-0248-M494-15.dw.png","114"," 88","127"," 88","145","128","147","100","155"," 61","188","130","213","146","206","136","227","119","214","110","234"," 94","235"," 72","245"," 56","247","143","266","125","307","106","326","103","331"," 89"," 53","122"
"IE-0248-M494-17.dw.png","108","107","122","105","148","143","146","116","145"," 74","190","139","216","151","207","140","227","121","212","114","228"," 95","227"," 72","236"," 55","251","143","267","122","305"," 94","324"," 89","326"," 74"," 53","150"
"IE-0248-M494-21.dw.png","113","101","127","100","149","140","148","112","151"," 70","186","140","213","153","208","143","232","125","216","116","234"," 97","233"," 76","241"," 60","251","147","271","128","310","104","327","101","329"," 86"," 53","139"
"IE-0248-M494-22.dw.png","102","114","116","110","145","144","140","117","136"," 75","183","136","211","146","201","137","223","115","203","110","219"," 89","216"," 68","222"," 50","243","134","259","111","293"," 83","310"," 75","312"," 61"," 52","164"
"IE-0248-M494-23.dw.png","107","110","119","107","144","143","141","115","141"," 76","186","138","212","148","204","138","224","119","207","112","224"," 93","221"," 71","227"," 54","245","139","260","118","297"," 91","315"," 85","316"," 70"," 54","156"
"IE-0248-M494-29.dw.png","117"," 98","131"," 98","148","139","152","112","158"," 70","190","142","216","159","209","148","231","132","220","123","237","105","241"," 84","250"," 68","250","156","270","141","314","120","332","118","336","105"," 53","130"
"IE-0248-M494-30.dw.png","112"," 94","127"," 94","141","135","147","108","156"," 69","184","139","207","155","200","144","223","128","210","119","230","103","233"," 80","243"," 65","242","153","261","136","304","116","324","114","328","100"," 54","126"
"IE-0248-M494-31.dw.png","108","111","120","108","146","143","143","117","145"," 76","183","139","212","152","204","141","224","123","208","116","224"," 97","224"," 74","232"," 57","246","143","262","124","301"," 97","319"," 91","322"," 78"," 53","155"
"IE-0248-M494-8.dw.png","115"," 92","129"," 91","148","132","148","104","155"," 64","190","132","215","147","208","136","229","121","216","112","233"," 93","235"," 73","245"," 56","249","142","267","126","310","103","330"," 99","333"," 85"," 53","128"
"IE-0248-M494-9.dw.png","108","104","121","101","145","139","143","112","147"," 71","186","134","212","145","203","136","223","117","209","111","224"," 91","223"," 70","233"," 54","244","137","260","116","296"," 95","315"," 89","317"," 76"," 54","148"
"IE-0249-M495-121.dw.png","137","117","151","115","172","155","173","129","177"," 86","213","156","240","170","234","159","253","141","239","134","257","116","257"," 93","264"," 77","274","164","293","146","332","125","348","122","351","109"," 76","154"
"IE-0249-M495-122.dw.png","136","118","150","116","172","152","171","125","172"," 84","212","146","244","157","236","147","254","128","238","122","254","101","252"," 79","260"," 63","278","147","295","127","330","100","348"," 94","349"," 81"," 79","161"
"IE-0249-M495-126.dw.png","135","177","148","171","179","200","170","175","162","134","218","187","249","191","238","183","254","159","233","156","246","133","239","113","242"," 95","279","173","293","146","319","116","335","107","334"," 93"," 88","234"
"IE-0249-M495-20.dw.png","141","115","153","114","175","153","174","127","180"," 84","215","152","243","169","236","158","259","140","239","130","260","112","261"," 90","271"," 74","280","163","299","143","338","120","357","117","358","103"," 79","151"
"IE-0249-M495-27.dw.png","126","117","140","115","163","151","163","124","162"," 84","205","144","236","155","228","146","242","126","229","121","245"," 99","241"," 77","248"," 60","270","144","286","123","319"," 95","338"," 89","339"," 74"," 70","163"
"IE-0249-M495-30.dw.png","120","170","134","164","166","194","156","169","147","127","202","180","235","183","223","175","236","152","220","149","231","126","225","106","228"," 89","263","166","275","141","303","108","322"," 98","317"," 84"," 77","226"
"IE-0249-M495-41.dw.png","124","118","138","116","163","151","161","126","160"," 85","202","146","232","157","226","147","239","128","225","123","242","103","241"," 81","248"," 65","268","147","284","128","321","102","337"," 98","340"," 83"," 69","162"
"IE-0249-M495-51.dw.png","122","159","136","154","166","184","160","159","150","119","204","171","235","176","224","169","235","147","222","143","234","119","227","100","231"," 82","264","162","277","137","308","103","325"," 95","323"," 79"," 78","215"
"IE-0249-M495-61.dw.png","126","117","140","115","162","153","162","128","164"," 87","201","151","229","165","222","154","243","136","225","128","244","110","244"," 88","251"," 72","265","158","285","137","319","114","334","111","337"," 96"," 68","155"
"IE-0249-M495-81.dw.png","127","171","140","167","169","199","161","173","156","133","210","189","236","196","226","188","241","166","227","161","241","138","235","117","240"," 99","270","180","283","158","313","127","328","121","329","103"," 79","223"
"IE-0249-M495-84.dw.png","122","135","136","131","165","165","158","138","154"," 96","202","155","232","163","223","154","244","132","222","127","237","105","232"," 83","236"," 66","268","148","282","125","315"," 95","331"," 87","331"," 73"," 72","186"
"IE-0250-M496-10.dw.png","100","119","112","115","142","148","135","123","132"," 83","182","141","210","149","202","140","218","122","201","116","215"," 95","210"," 74","216"," 57","242","138","257","117","289"," 90","309"," 82","311"," 67"," 52","164"
"IE-0250-M496-11.dw.png","112","103","126","103","144","144","145","115","152"," 74","186","146","214","162","206","151","228","134","214","125","233","108","235"," 86","245"," 71","249","158","270","140","312","120","330","118","333","101"," 53","137"
"IE-0250-M496-17.dw.png","108","113","120","111","147","148","144","121","146"," 78","188","144","218","156","208","146","224","126","210","120","228"," 99","227"," 77","233"," 60","251","147","270","125","308"," 99","328"," 94","327"," 76"," 52","153"
"IE-0250-M496-18.dw.png","108","101","122"," 99","144","136","144","109","144"," 70","183","134","213","146","206","136","223","117","210","111","226"," 92","225"," 71","233"," 54","248","138","264","119","303"," 94","321"," 89","323"," 76"," 54","141"
"IE-0250-M496-19.dw.png","109","114","121","111","145","148","142","120","144"," 77","186","145","217","155","207","146","225","126","213","118","226"," 98","226"," 77","233"," 60","250","147","267","125","305"," 98","324"," 93","325"," 78"," 54","159"
"IE-0250-M496-23.dw.png","103","101","116"," 98","144","133","138","105","134"," 64","183","123","213","131","201","123","216","103","203"," 98","217"," 77","216"," 57","218"," 39","245","120","259"," 99","293"," 72","313"," 65","313"," 50"," 53","152"
"IE-0250-M496-25.dw.png","106","102","120","101","144","139","141","110","143"," 71","184","137","212","149","203","139","223","121","208","113","226"," 96","226"," 75","233"," 57","245","142","265","122","302"," 97","322"," 93","323"," 75"," 52","141"
"IE-0250-M496-26.dw.png","107","108","121","106","143","144","144","117","145"," 76","187","141","216","152","208","142","226","124","210","116","227"," 98","225"," 76","234"," 61","248","145","264","126","303","101","324"," 95","327"," 82"," 52","145"
"IE-0250-M496-38.dw.png","101","101","116"," 99","131","135","136","107","135"," 69","174","129","205","139","196","130","215","112","197","104","213"," 85","212"," 65","218"," 49","239","130","253","110","287"," 86","307"," 79","308"," 64"," 53","150"
"IE-0250-M496-4.dw.png","107","112","120","109","145","149","142","119","144"," 77","186","144","214","156","206","145","223","127","208","119","225"," 99","226"," 78","234"," 61","247","148","264","126","299","101","325"," 97","328"," 83"," 54","158"
"IE-0250-M496-44.dw.png","108","100","121"," 99","141","137","142","110","144"," 70","185","135","211","148","204","138","222","120","211","113","224"," 93","224"," 73","232"," 57","247","141","266","120","300"," 96","319"," 92","320"," 77"," 54","138"
"IE-0250-M496-46.dw.png","100","129","113","125","146","158","140","132","131"," 90","185","149","215","156","205","147","221","126","203","120","215"," 99","212"," 78","218"," 61","246","143","262","119","295"," 88","313"," 80","312"," 65"," 54","182"
"IE-0251-M497-16.dw.png","104","127","118","124","143","156","145","131","137"," 91","183","147","214","155","205","146","222","125","207","120","222"," 99","217"," 77","220"," 61","249","141","263","120","295"," 91","314"," 82","312"," 67"," 53","174"
"IE-0251-M497-17.dw.png","105","125","120","122","144","155","145","129","139"," 88","182","147","218","155","208","146","223","125","210","120","224"," 98","219"," 77","224"," 60","251","142","266","119","301"," 89","318"," 81","318"," 67"," 51","174"
"IE-0251-M497-19.dw.png","112","107","129","106","148","142","151","117","152"," 73","188","139","217","152","208","142","231","121","214","114","231"," 94","230"," 71","238"," 55","251","143","270","120","308"," 95","327"," 89","328"," 74"," 52","147"
"IE-0251-M497-25.dw.png","115"," 98","132"," 98","147","138","152","111","158"," 70","190","141","217","157","211","147","234","130","218","120","237","104","240"," 81","248"," 65","253","154","275","135","314","117","334","114","337","102"," 53","131"
"IE-0251-M497-28.dw.png","101","106","117","103","140","138","138","112","136"," 72","178","132","212","142","204","133","221","111","206","105","220"," 85","216"," 63","222"," 47","246","131","263","107","300"," 79","317"," 73","317"," 58"," 44","152"
"IE-0251-M497-31.dw.png","113","107","127","107","146","143","150","118","153"," 75","186","142","218","156","209","145","232","127","213","117","231"," 99","231"," 75","239"," 58","252","149","271","127","310","102","329"," 98","331"," 82"," 53","147"
"IE-0251-M497-40.dw.png","102","115","116","112","141","146","140","119","133"," 78","180","137","211","146","203","137","219","116","202","109","217"," 88","212"," 67","216"," 51","245","133","259","109","293"," 82","310"," 74","309"," 61"," 51","164"
"IE-0251-M497-41.dw.png","107","109","122","107","145","144","144","115","142"," 74","185","137","216","149","206","139","223","118","210","111","226"," 92","224"," 70","230"," 54","251","138","268","114","300"," 90","321"," 83","321"," 68"," 53","154"
"IE-0251-M497-44.dw.png"," 91","182","106","172","140","201","130","176","118","135","174","184","207","187","195","180","207","155","191","152","202","128","193","109","195"," 91","238","168","247","141","274","105","293"," 94","289"," 79"," 53","241"
"IE-0251-M497-6.dw.png","111","100","127"," 99","147","139","147","112","153"," 69","187","137","216","152","208","141","228","121","215","113","233"," 95","233"," 71","242"," 55","252","144","270","122","308"," 99","331"," 93","334"," 79"," 53","140"
"IE-0251-M497-7.dw.png","113","107","128","104","146","142","150","117","154"," 73","188","139","219","153","211","142","231","123","215","115","232"," 97","232"," 74","240"," 57","255","146","274","123","312"," 99","329"," 94","330"," 79"," 54","147"
"IE-0251-M497-8.dw.png","111","103","124","102","148","138","146","112","146"," 71","186","135","216","148","208","138","228","118","213","111","228"," 92","226"," 70","235"," 53","250","140","267","118","304"," 94","323"," 89","325"," 74"," 52","144"
"IE-0252-M498-16.dw.png","107","108","121","105","141","142","146","116","144"," 74","187","137","214","148","206","138","229","119","207","111","227"," 92","225"," 71","232"," 54","249","139","266","117","301"," 92","321"," 87","321"," 72"," 53","153"
"IE-0252-M498-18.dw.png","107","110","121","107","144","145","146","118","146"," 75","187","140","217","151","208","140","225","121","211","115","227"," 95","225"," 73","232"," 56","252","140","268","119","305"," 93","324"," 88","323"," 72"," 53","156"
"IE-0252-M498-19.dw.png","106","114","121","111","147","146","144","118","141"," 76","186","137","218","146","207","136","226","115","208","109","223"," 89","219"," 68","224"," 50","252","133","266","109","300"," 80","320"," 72","320"," 57"," 54","162"
"IE-0252-M498-28.dw.png","114","109","129","107","145","143","150","117","154"," 77","192","139","220","151","213","141","233","122","217","115","233"," 96","232"," 75","240"," 58","256","142","272","121","305"," 97","326"," 91","328"," 77"," 54","150"
"IE-0252-M498-29.dw.png","111","106","126","104","145","141","148","114","150"," 74","187","136","217","150","208","138","229","120","212","112","230"," 94","229"," 73","236"," 56","254","141","270","119","306"," 95","326"," 90","328"," 75"," 54","148"
"IE-0252-M498-34.dw.png","108","109","125","107","148","146","148","118","149"," 76","191","139","223","151","214","141","234","121","217","114","232"," 96","229"," 74","235"," 56","257","141","275","118","310"," 94","330"," 87","331"," 73"," 53","155"
"IE-0252-M498-4.dw.png","111"," 98","127"," 98","144","137","149","110","153"," 70","189","137","215","150","208","141","231","124","213","114","231"," 98","234"," 76","240"," 60","251","145","270","125","305","105","325","101","327"," 86"," 54","136"
"IE-0252-M498-46.dw.png","110","115","125","113","152","151","149","123","148"," 79","190","144","219","155","210","145","231","124","214","118","230"," 97","227"," 76","233"," 57","255","144","271","121","307"," 94","324"," 88","325"," 74"," 53","163"
"IE-0252-M498-5.dw.png","116","111","130","107","157","144","150","117","151"," 75","195","137","225","147","217","138","237","118","218","111","233"," 91","231"," 70","236"," 52","263","136","278","113","313"," 86","329"," 81","330"," 67"," 61","158"
"IE-0252-M498-51.dw.png"," 96","162","110","157","140","187","132","161","125","120","180","173","210","178","199","170","213","147","195","144","209","121","204","101","204"," 83","242","161","255","136","282","104","299"," 95","296"," 80"," 54","219"
"IE-0252-M498-52.dw.png","107","104","122","102","142","137","141","110","145"," 69","185","132","214","143","206","133","224","114","206","107","222"," 89","218"," 68","227"," 52","246","135","264","112","299"," 87","318"," 81","318"," 67"," 52","147"
"IE-0252-M498-6.dw.png","112","106","127","104","148","142","148","114","152"," 72","187","140","216","152","208","142","229","123","213","115","231"," 96","231"," 74","239"," 57","254","144","271","123","309"," 98","328"," 93","330"," 78"," 54","148"
"IE-0253-M499-16.dw.png","121","117","135","114","157","151","157","124","159"," 82","200","146","227","158","218","147","237","127","227","121","241","101","238"," 79","244"," 62","260","148","277","128","317"," 99","335"," 93","337"," 78"," 65","164"
"IE-0253-M499-23.dw.png","125","143","138","138","162","171","160","144","154","103","205","160","235","167","226","158","243","136","226","131","238","109","232"," 87","236"," 69","266","153","281","128","311"," 97","327"," 88","325"," 74"," 77","196"
"IE-0253-M499-33.dw.png","114","181","127","174","154","203","149","178","139","138","195","188","225","192","213","185","227","161","214","158","225","134","217","114","219"," 98","255","174","266","150","295","115","313","104","310"," 90"," 68","240"
"IE-0253-M499-49.dw.png","125","169","138","163","165","194","160","167","152","127","208","179","236","185","226","177","240","153","225","150","236","127","230","107","232"," 88","267","168","279","143","308","110","324","101","322"," 85"," 82","226"
"IE-0253-M499-52.dw.png","131","118","144","114","166","149","164","122","164"," 82","209","142","238","152","230","143","245","123","230","117","245"," 97","242"," 77","249"," 60","273","141","285","121","320"," 92","336"," 86","337"," 72"," 76","162"
"IE-0253-M499-53.dw.png","125","116","140","115","158","151","158","124","164"," 83","201","148","231","161","223","151","245","133","228","124","243","105","242"," 84","251"," 67","265","152","282","133","317","108","337","104","340"," 89"," 69","157"
"IE-0253-M499-60.dw.png","128","122","141","119","164","154","163","127","163"," 85","209","146","238","156","230","147","248","125","229","119","245"," 98","241"," 76","247"," 59","274","142","286","122","319"," 92","335"," 85","335"," 69"," 75","170"
"IE-0253-M499-68.dw.png","117","138","130","132","158","165","153","138","147"," 97","197","154","227","162","217","153","232","131","218","126","231","103","226"," 83","231"," 65","258","147","271","125","304"," 92","323"," 84","320"," 68"," 67","192"
"IE-0253-M499-71.dw.png","130","115","144","113","166","147","165","123","164"," 82","205","145","233","157","226","147","245","129","227","121","244","102","242"," 81","251"," 65","267","148","286","127","322","102","341"," 96","342"," 82"," 71","157"
"IE-0253-M499-85.dw.png","124","105","137","105","152","145","156","121","165"," 81","189","151","216","169","210","157","234","144","222","135","240","117","242"," 96","251"," 81","253","169","274","154","314","137","334","137","338","122"," 58","133"
"IE-0253-M499-93.dw.png","122","116","134","114","154","150","155","125","159"," 83","197","149","226","161","219","151","238","133","224","125","241","106","238"," 84","246"," 68","259","154","277","135","314","110","333","104","335"," 90"," 62","155"
"IE-0253-M499-96.dw.png","122","120","136","116","157","151","156","124","158"," 82","203","145","230","156","223","146","240","126","224","119","238","100","236"," 79","244"," 60","262","145","278","124","313"," 97","331"," 90","333"," 75"," 68","163"
"IE-0254-M509T-10.dw.png","139","118","152","116","173","154","176","128","175"," 84","214","151","246","164","237","154","260","134","241","126","259","107","257"," 84","263"," 68","279","156","297","135","334","110","351","105","353"," 91"," 79","162"
"IE-0254-M509T-14.dw.png","133","133","147","129","169","164","171","136","168"," 94","216","157","248","165","238","156","256","134","236","128","254","106","250"," 85","254"," 67","279","153","296","129","332","100","347"," 94","346"," 79"," 81","183"
"IE-0254-M509T-22.dw.png","101","173","115","166","147","195","138","168","127","129","190","176","221","178","210","173","223","147","204","146","213","122","206","103","205"," 85","250","158","262","134","288"," 98","302"," 89","300"," 73"," 63","234"
"IE-0254-M509T-22x.dw.png","118"," 91","130"," 89","153","126","155","100","154"," 56","198","123","227","134","218","125","238","105","219"," 97","239"," 76","236"," 55","241"," 38","259","125","278","104","313"," 77","331"," 72","333"," 58"," 61","137"
"IE-0254-M509T-24.dw.png","134","123","147","119","172","152","168","126","165"," 86","213","144","246","153","237","144","251","124","236","119","250"," 97","247"," 77","251"," 61","280","140","292","120","325"," 92","342"," 85","344"," 71"," 81","173"
"IE-0254-M509T-26.dw.png","138","120","151","117","180","153","176","126","172"," 83","222","146","252","155","242","146","262","126","242","119","257"," 97","255"," 76","259"," 59","284","143","301","121","338"," 92","355"," 86","355"," 72"," 86","171"
"IE-0254-M509T-42.dw.png","139","119","153","116","178","152","177","125","177"," 82","219","146","253","156","243","147","262","128","242","120","259","101","258"," 80","263"," 63","286","147","303","126","339","101","355"," 96","356"," 81"," 89","166"
"IE-0254-M509T-43.dw.png","131","118","143","115","169","150","166","124","167"," 82","210","146","240","158","232","147","254","129","233","121","251","102","248"," 80","254"," 64","276","148","292","127","330","102","345"," 97","347"," 82"," 76","163"
"IE-0254-M509T-44.dw.png","137","130","151","126","183","163","170","133","168"," 91","222","152","252","160","243","151","257","130","239","124","256","101","254"," 80","256"," 62","284","146","298","124","333"," 92","351"," 84","349"," 70"," 86","185"
"IE-0254-M509T-58.dw.png","148","126","162","123","187","161","184","132","185"," 90","230","156","261","168","252","158","272","137","256","130","274","110","272"," 88","279"," 70","297","157","316","138","354","110","371","105","374"," 91"," 89","172"
"IE-0254-M509T-63.dw.png","136","125","149","121","174","156","173","129","172"," 88","219","150","249","160","240","151","259","131","244","125","260","104","258"," 82","261"," 66","285","148","300","128","334","101","351"," 95","352"," 81"," 84","174"
"IE-0254-M509T-67.dw.png","126","119","138","116","163","152","161","125","159"," 84","204","144","234","154","225","144","240","124","227","119","242"," 99","239"," 77","242"," 62","264","143","280","123","317"," 97","332"," 91","332"," 78"," 76","165"
"IE-0255-M518T-104.dw.png","144","128","159","124","178","162","180","133","182"," 93","223","157","254","168","245","158","264","138","246","131","264","110","265"," 89","270"," 73","288","157","305","135","339","109","356","103","356"," 89"," 88","173"
"IE-0255-M518T-120.dw.png","145","129","159","124","186","160","183","133","180"," 92","226","153","260","163","249","153","268","132","250","126","268","104","265"," 82","268"," 65","296","148","310","127","346"," 97","360"," 90","358"," 74"," 92","175"
"IE-0255-M518T-14.dw.png","149","121","165","120","184","156","186","129","189"," 89","228","152","261","164","250","154","271","134","256","126","273","107","271"," 86","277"," 68","295","154","312","134","348","107","368","102","369"," 88"," 92","164"
"IE-0255-M518T-15.dw.png","151","104","165","102","180","141","186","113","194"," 73","224","140","253","155","243","144","265","125","252","119","274"," 98","274"," 76","280"," 59","288","147","308","128","346","107","367","103","370"," 88"," 86","141"
"IE-0255-M518T-23.dw.png","146","126","160","122","184","156","179","130","180"," 90","225","149","255","157","245","149","260","129","242","123","259","102","256"," 81","260"," 64","288","145","302","122","333"," 96","348"," 89","346"," 73"," 96","174"
"IE-0255-M518T-32.dw.png","149","115","163","115","186","154","183","124","188"," 85","229","152","258","166","249","156","269","138","252","129","271","111","273"," 90","278"," 72","292","159","313","138","348","116","365","114","365"," 98"," 89","154"
"IE-0255-M518T-36.dw.png","138","121","152","118","171","156","177","130","177"," 88","220","154","250","166","242","156","264","138","244","129","262","110","259"," 88","264"," 71","285","157","306","135","339","113","356","108","356"," 92"," 79","161"
"IE-0255-M518T-47.dw.png","146","121","160","118","182","157","183","127","184"," 87","226","149","256","160","247","151","264","130","248","123","264","102","262"," 80","266"," 63","290","148","307","126","342"," 98","357"," 93","359"," 78"," 91","171"
"IE-0255-M518T-55.dw.png","140","111","154","111","171","152","174","124","185"," 82","218","154","246","170","238","158","259","142","242","131","263","114","264"," 93","271"," 78","280","164","299","146","338","124","355","122","360","109"," 79","149"
"IE-0255-M518T-59.dw.png","149","122","162","118","186","158","182","127","186"," 87","229","152","260","164","250","154","273","134","251","126","269","106","267"," 83","271"," 66","293","155","313","132","349","108","362","102","364"," 86"," 91","168"
"IE-0255-M518T-73.dw.png","135","157","150","153","174","186","172","157","167","117","214","173","249","179","236","172","254","147","234","143","250","121","246"," 99","247"," 83","280","163","294","137","324","107","339"," 98","336"," 83"," 87","212"
"IE-0255-M518T-93.dw.png","148","124","162","124","178","162","184","137","189"," 97","220","163","250","180","241","167","264","151","248","141","269","125","271","103","277"," 87","286","175","306","155","345","133","361","130","364","116"," 87","161"
"IE-0256-M527T-16.dw.png","143","110","156","109","175","150","178","122","183"," 80","218","152","246","168","239","157","261","139","243","128","264","111","265"," 89","273"," 74","283","162","302","144","342","124","358","121","363","105"," 77","144"
"IE-0256-M527T-17.dw.png","130","128","146","123","174","158","170","132","167"," 89","214","152","245","160","235","151","250","131","233","124","250","104","247"," 82","251"," 65","279","148","293","127","325"," 99","345"," 91","345"," 76"," 78","175"
"IE-0256-M527T-18.dw.png","136","112","149","110","167","149","171","122","176"," 80","213","148","242","161","234","151","253","132","236","123","254","106","254"," 84","261"," 69","277","153","296","135","329","112","348","106","351"," 91"," 78","151"
"IE-0256-M527T-40.dw.png","119","111","133","110","152","150","150","123","158"," 83","191","152","219","168","211","157","233","140","215","129","236","114","237"," 93","245"," 77","251","164","274","145","311","126","331","123","335","109"," 57","144"
"IE-0256-M527T-42.dw.png","140","108","154","107","173","147","175","120","183"," 80","215","149","243","165","236","155","253","137","238","127","260","111","261"," 89","269"," 74","277","161","295","145","335","123","353","119","357","105"," 79","142"
"IE-0256-M527T-43.dw.png","128","110","140","109","157","147","163","122","167"," 80","202","149","232","162","225","153","245","134","228","126","247","109","247"," 87","254"," 73","267","158","288","138","321","119","341","114","343","100"," 68","146"
"IE-0256-M527T-61.dw.png","123"," 82","137"," 84","150","129","152"," 99","166"," 62","191","138","213","157","208","145","231","132","218","119","240","107","245"," 86","253"," 74","249","159","273","144","314","131","330","133","335","119"," 55","106"
"IE-0256-M527T-67.dw.png","127","111","144","110","161","149","164","122","171"," 80","200","149","233","164","225","154","246","135","232","126","252","108","252"," 85","258"," 69","269","159","290","139","328","116","346","113","348"," 96"," 66","146"
"IE-0256-M527T-70.dw.png","126","109","140","108","158","149","162","122","169"," 80","200","151","227","166","221","156","242","139","225","129","245","113","249"," 91","257"," 77","261","163","283","146","322","127","341","124","343","111"," 65","144"
"IE-0256-M527T-89.dw.png","141","111","156","111","174","152","177","124","185"," 84","214","153","242","170","235","159","256","143","241","132","262","117","264"," 95","272"," 81","279","166","298","150","338","131","358","129","363","115"," 78","145"
"IE-0256-M527T-90.dw.png","128","115","143","112","165","150","164","125","166"," 82","205","148","232","161","225","151","242","132","226","125","244","107","244"," 85","251"," 70","266","155","282","135","318","112","336","108","338"," 93"," 71","154"
"IE-0256-M527T-96.dw.png","138","116","150","113","171","150","174","124","173"," 83","213","146","246","158","236","149","254","129","237","121","256","103","254"," 81","259"," 65","278","150","295","130","332","105","351"," 99","352"," 85"," 81","158"
"IE-0257-M529T-11.dw.png","145","129","159","126","187","161","183","134","181"," 90","228","152","259","161","249","151","270","130","247","124","264","105","259"," 82","265"," 65","293","148","306","127","342"," 97","359"," 91","361"," 77"," 94","180"
"IE-0257-M529T-12.dw.png","144","113","158","111","179","151","178","123","185"," 81","216","150","246","164","237","153","259","134","245","126","264","108","263"," 85","270"," 71","282","158","298","138","337","114","357","110","360"," 96"," 84","153"
"IE-0257-M529T-21.dw.png","139","128","153","125","178","162","176","134","176"," 89","217","156","249","166","240","156","259","135","242","127","259","108","255"," 84","261"," 68","283","155","298","134","337","103","355"," 97","357"," 83"," 85","176"
"IE-0257-M529T-22.dw.png","133","120","147","117","176","154","171","125","171"," 83","217","146","248","156","238","147","257","127","240","121","257","100","252"," 77","256"," 60","281","146","298","124","336"," 95","351"," 89","351"," 74"," 82","169"
"IE-0257-M529T-30.dw.png","149","119","163","120","181","165","185","136","197"," 91","224","169","251","186","245","175","269","158","253","148","274","131","277","108","286"," 92","288","185","307","168","352","147","372","146","377","133"," 85","153"
"IE-0257-M529T-5.dw.png","143","108","158","109","173","151","177","122","191"," 80","215","152","242","167","234","157","259","142","242","130","262","116","264"," 93","273"," 78","278","165","296","148","338","128","358","125","361","113"," 81","145"
"IE-0257-M529T-51.dw.png","144","137","157","135","182","173","178","144","184","100","221","169","248","181","241","171","259","151","246","143","263","124","262","100","268"," 85","283","172","300","151","342","125","359","120","360","105"," 82","181"
"IE-0257-M529T-53.dw.png","147","122","160","119","184","155","181","128","182"," 84","225","149","255","160","246","151","267","131","248","124","263","104","261"," 81","266"," 66","289","150","304","129","339","103","357"," 97","358"," 82"," 90","168"
"IE-0257-M529T-58.dw.png","139","130","154","127","178","163","172","135","175"," 94","218","157","245","167","236","158","258","138","239","131","256","112","253"," 91","259"," 74","279","157","295","136","331","109","347","104","346"," 88"," 84","178"
"IE-0257-M529T-73.dw.png","137","118","152","114","176","151","171","122","173"," 81","212","144","243","154","234","145","251","124","235","118","254"," 97","251"," 75","255"," 61","277","144","291","122","328"," 94","345"," 87","346"," 73"," 87","168"
"IE-0257-M529T-74.dw.png","143","125","156","121","184","157","179","129","179"," 87","223","149","252","157","243","148","260","127","244","121","259","100","254"," 78","258"," 62","286","144","300","123","334"," 93","352"," 85","352"," 71"," 92","177"
"IE-0257-M529T-84.dw.png","139","118","151","117","174","155","172","127","176"," 85","216","152","243","163","236","154","255","136","239","126","256","109","255"," 86","262"," 70","278","156","295","137","337","111","353","106","354"," 92"," 78","161"
"IE-0258-M531T-10.dw.png","140","125","157","121","184","156","180","129","178"," 86","225","148","255","157","247","148","266","126","248","119","264"," 98","260"," 77","262"," 60","292","146","309","121","342"," 94","363"," 86","364"," 71"," 86","176"
"IE-0258-M531T-21.dw.png","136","119","152","116","180","152","175","126","174"," 84","214","146","246","157","238","148","257","125","240","118","258","100","253"," 79","258"," 62","282","147","300","123","332"," 97","348"," 91","349"," 77"," 81","167"
"IE-0258-M531T-23.dw.png","136","122","151","119","177","154","173","127","174"," 84","212","148","246","158","236","148","255","126","236","120","256","100","252"," 78","256"," 61","281","147","296","122","330"," 95","347"," 89","348"," 74"," 81","174"
"IE-0258-M531T-25.dw.png","146","118","163","116","188","154","186","126","187"," 84","225","148","258","160","249","150","266","129","251","122","268","103","266"," 82","270"," 66","292","150","309","128","346","102","363"," 96","364"," 81"," 93","169"
"IE-0258-M531T-48.dw.png","147","126","161","121","189","158","184","130","182"," 89","228","150","258","160","250","150","269","128","252","123","268","101","266"," 80","269"," 63","292","148","308","125","346"," 95","364"," 89","366"," 75"," 92","176"
"IE-0258-M531T-50.dw.png","139","120","154","119","178","159","175","131","180"," 88","216","157","247","170","238","160","259","141","242","133","263","115","263"," 91","269"," 75","283","164","303","143","341","119","362","114","364"," 99"," 77","163"
"IE-0258-M531T-52.dw.png","139","142","153","139","181","174","178","148","177","104","217","168","249","177","240","168","259","147","242","140","259","120","254"," 99","256"," 81","283","167","300","143","334","115","351","109","351"," 94"," 87","191"
"IE-0258-M531T-63.dw.png","150","122","165","120","186","159","186","131","188"," 89","228","157","258","169","250","160","273","142","253","131","274","115","274"," 93","281"," 75","294","163","315","143","351","120","371","116","374","102"," 88","165"
"IE-0258-M531T-65.dw.png","140","121","154","118","180","156","176","128","176"," 86","217","150","248","162","240","151","258","131","241","124","260","103","260"," 82","266"," 65","283","151","299","129","339","102","355"," 96","357"," 82"," 86","172"
"IE-0258-M531T-7.dw.png","148","112","163","111","182","150","185","123","190"," 83","225","149","254","164","246","152","263","135","253","128","271","110","272"," 88","277"," 73","289","159","309","139","347","118","367","114","368","101"," 87","150"
"IE-0258-M531T-72.dw.png","140","182","154","175","186","207","176","179","171","137","230","191","261","195","250","187","264","162","245","159","257","135","248","116","249"," 98","292","177","305","150","332","117","345","108","342"," 93"," 95","241"
"IE-0258-M531T-9.dw.png","151","131","165","128","191","164","189","138","187"," 96","229","157","262","170","252","158","271","139","254","132","273","111","270"," 90","276"," 73","297","159","313","137","351","110","370","104","372"," 90"," 96","180"
"IE-0259-M534T-102.dw.png","125","113","138","111","164","148","161","121","157"," 79","203","144","232","155","224","146","244","126","226","119","243"," 98","242"," 77","248"," 60","268","146","284","125","320"," 97","335"," 93","337"," 78"," 71","157"
"IE-0259-M534T-103.dw.png","128","136","140","133","168","167","164","140","161"," 99","209","158","239","165","229","157","244","134","230","130","245","108","240"," 87","243"," 72","271","153","286","130","317","101","334"," 93","334"," 78"," 77","185"
"IE-0259-M534T-12.dw.png","127","113","141","112","162","148","162","122","163"," 83","202","145","232","156","223","146","245","128","225","120","245","102","243"," 81","248"," 66","266","149","284","128","319","103","335"," 97","338"," 84"," 68","154"
"IE-0259-M534T-13.dw.png","129","101","144","102","162","142","161","113","170"," 74","203","144","226","160","221","149","243","133","228","123","248","106","249"," 85","254"," 71","263","156","284","137","322","118","338","117","342","101"," 68","135"
"IE-0259-M534T-17.dw.png","147","114","160","112","183","150","182","122","185"," 82","224","146","255","158","247","149","267","128","250","122","266","101","265"," 80","268"," 65","291","150","308","129","344","104","361"," 99","362"," 82"," 91","155"
"IE-0259-M534T-37.dw.png","122","137","136","133","159","166","159","140","153"," 99","202","156","237","163","227","155","244","133","224","128","240","106","236"," 85","239"," 68","270","151","285","126","318"," 96","335"," 87","334"," 73"," 70","186"
"IE-0259-M534T-39.dw.png","130","117","146","115","166","155","168","127","172"," 82","210","151","240","164","232","155","252","136","237","128","254","109","253"," 86","259"," 70","276","158","293","137","332","112","347","107","348"," 92"," 73","158"
"IE-0259-M534T-43.dw.png","148","131","161","128","183","166","183","137","182"," 94","231","158","259","168","251","159","269","136","251","130","268","109","265"," 86","268"," 69","292","156","311","131","346","104","364"," 96","363"," 79"," 90","182"
"IE-0259-M534T-55.dw.png","130","114","141","113","161","153","162","126","169"," 84","201","155","232","170","223","159","242","143","229","134","250","116","252"," 94","261"," 79","267","168","288","149","328","130","348","127","351","113"," 66","145"
"IE-0259-M534T-65.dw.png","128","127","140","124","163","159","159","133","160"," 92","202","153","235","163","226","154","241","135","225","128","242","108","239"," 86","244"," 69","268","153","284","131","318","104","335"," 97","336"," 83"," 72","170"
"IE-0259-M534T-66.dw.png","133","124","145","121","168","157","165","129","166"," 90","209","150","241","160","232","150","246","131","231","125","248","104","245"," 84","250"," 66","275","150","290","127","324","101","344"," 94","345"," 79"," 79","170"
"IE-0259-M534T-99.dw.png","135","115","148","113","169","153","167","124","173"," 83","212","151","241","166","234","155","256","138","235","128","255","110","255"," 88","261"," 73","277","160","295","138","329","116","347","111","350"," 98"," 72","151"
"IE-0260-M537T-19.dw.png","133","115","145","114","169","153","165","124","169"," 84","211","150","241","163","232","153","251","133","232","124","253","103","251"," 82","255"," 65","275","156","292","134","328","107","345","102","348"," 87"," 75","159"
"IE-0260-M537T-23.dw.png","147","118","161","114","188","149","182","122","179"," 84","226","142","254","152","247","142","264","122","247","116","264"," 96","260"," 75","263"," 60","289","142","307","119","341"," 92","356"," 86","357"," 70"," 93","161"
"IE-0260-M537T-24.dw.png","131","117","146","113","171","148","166","123","167"," 83","210","144","243","154","233","145","250","125","230","118","248"," 99","245"," 78","251"," 62","276","145","293","123","326"," 97","345"," 90","345"," 76"," 75","159"
"IE-0260-M537T-43.dw.png","134","112","148","112","170","150","169","124","177"," 83","211","149","243","165","235","155","254","137","237","127","258","111","258"," 89","264"," 73","276","161","299","140","336","119","351","116","356","102"," 71","149"
"IE-0260-M537T-44.dw.png","131","118","144","115","176","149","170","125","167"," 84","213","145","243","156","235","146","254","126","233","119","250","100","247"," 78","251"," 61","276","146","293","124","327"," 98","343"," 92","344"," 76"," 79","160"
"IE-0260-M537T-47.dw.png","147","131","159","126","189","161","184","134","180"," 94","230","152","262","161","251","152","267","130","251","125","268","105","262"," 83","264"," 65","295","150","309","126","344"," 95","362"," 88","360"," 72"," 96","177"
"IE-0260-M537T-6.dw.png","146","117","161","114","184","152","181","125","187"," 85","223","150","255","163","247","154","264","136","247","126","269","110","267"," 87","273"," 71","290","158","307","138","344","114","363","109","364"," 94"," 85","152"
"IE-0260-M537T-67.dw.png","132","118","146","115","170","150","168","125","167"," 85","209","146","239","156","230","148","247","127","231","121","249","103","246"," 82","252"," 66","272","148","290","128","323","102","342"," 96","343"," 81"," 79","160"
"IE-0260-M537T-7.dw.png","129","168","142","162","172","194","162","168","157","128","209","182","245","186","233","178","246","155","230","151","243","127","235","106","236"," 87","276","170","287","145","316","110","332","100","328"," 84"," 82","222"
"IE-0260-M537T-76.dw.png","134","185","148","179","179","208","171","184","163","144","215","194","250","198","239","190","252","167","236","164","249","141","241","122","242","104","281","181","295","154","319","124","337","113","334"," 99"," 87","239"
"IE-0260-M537T-8.dw.png","132","114","146","112","166","151","164","121","166"," 84","204","149","234","159","227","152","248","132","228","121","249","103","247"," 82","253"," 66","271","152","289","133","328","106","345","103","347"," 85"," 73","158"
"IE-0260-M537T-82.dw.png","149","130","163","127","192","162","186","136","182"," 96","231","156","257","165","251","158","270","137","253","130","268","111","266"," 88","269"," 72","294","154","311","133","346","105","365"," 99","365"," 83"," 97","176"
"IE-0261-M539T-12.dw.png","145","120","161","120","181","158","182","132","185"," 92","221","159","251","173","244","162","265","145","248","137","266","120","267"," 99","273"," 83","284","169","306","149","343","129","360","125","363","110"," 86","156"
"IE-0261-M539T-13.dw.png","146","116","160","114","180","152","180","125","183"," 84","219","150","249","165","241","154","260","135","244","126","265","108","262"," 87","267"," 69","281","158","299","138","339","113","356","108","359"," 94"," 87","157"
"IE-0261-M539T-14.dw.png","142","119","158","118","179","158","180","131","185"," 87","222","156","253","169","245","158","266","140","251","132","270","113","270"," 91","276"," 74","286","163","306","142","346","119","363","114","369","100"," 82","162"
"IE-0261-M539T-32.dw.png","152","146","165","144","194","181","190","154","190","112","232","176","263","188","255","179","271","159","256","152","272","132","269","109","274"," 92","295","180","312","160","350","132","364","127","366","113"," 94","190"
"IE-0261-M539T-34.dw.png","137","124","153","120","172","155","174","129","171"," 88","217","149","249","159","241","149","258","130","242","123","258","103","255"," 81","258"," 64","285","149","300","128","337"," 99","351"," 93","351"," 79"," 84","169"
"IE-0261-M539T-35.dw.png","149","119","163","116","193","153","188","126","187"," 84","230","148","263","159","254","149","275","130","254","122","275","103","273"," 81","279"," 65","296","150","313","128","351","103","369"," 98","371"," 82"," 94","163"
"IE-0261-M539T-52.dw.png","138","109","151","109","167","148","171","125","180"," 85","208","152","237","171","231","160","251","144","237","134","256","118","259"," 98","266"," 83","268","169","290","151","330","135","345","133","349","120"," 77","141"
"IE-0261-M539T-54.dw.png","136","118","150","116","173","152","173","127","173"," 85","215","149","245","161","236","151","254","132","241","125","257","106","256"," 86","260"," 69","277","154","297","132","332","109","349","105","352"," 90"," 79","160"
"IE-0261-M539T-55.dw.png","138","129","153","127","172","166","175","139","179"," 96","215","163","247","176","239","165","263","147","243","137","262","120","260"," 98","267"," 83","281","169","302","147","339","125","353","120","356","105"," 79","172"
"IE-0261-M539T-75.dw.png","149","117","161","116","183","157","184","130","189"," 87","228","157","257","173","249","161","270","145","255","136","273","118","273"," 96","279"," 80","289","169","309","151","351","129","367","125","372","112"," 90","155"
"IE-0261-M539T-79.dw.png","146","132","160","127","185","162","183","136","180"," 96","226","156","255","166","247","157","265","136","249","130","266","108","261"," 88","264"," 70","290","155","304","133","339","103","352"," 98","352"," 83"," 93","177"
"IE-0261-M539T-83.dw.png","151","116","163","114","184","152","186","127","189"," 84","226","150","257","165","248","154","271","136","250","127","271","110","270"," 89","277"," 74","291","159","311","137","346","116","365","112","366"," 97"," 91","154"
"IE-0262-M541T-101.dw.png","138","150","153","145","179","178","175","151","170","110","222","167","254","174","244","165","257","143","242","137","257","115","251"," 93","253"," 76","286","160","300","136","332","104","348"," 95","346"," 80"," 91","203"
"IE-0262-M541T-107.dw.png","140","159","152","154","182","187","177","160","172","119","227","175","258","182","247","174","263","150","247","146","263","124","256","103","257"," 84","290","167","306","142","335","110","355","101","352"," 87"," 89","213"
"IE-0262-M541T-113.dw.png","144","146","156","142","184","175","180","150","177","107","225","165","256","173","247","164","260","142","242","137","257","116","252"," 96","254"," 77","287","158","299","135","328","105","348"," 95","345"," 80"," 95","198"
"IE-0262-M541T-12.dw.png","148","122","161","119","182","156","183","128","185"," 86","225","152","259","165","250","153","266","133","252","126","269","105","269"," 82","274"," 65","293","155","311","132","347","104","364"," 98","365"," 82"," 93","167"
"IE-0262-M541T-18.dw.png","141","154","155","149","179","182","177","157","173","115","223","174","252","183","245","173","261","153","244","147","260","125","255","104","256"," 88","286","170","300","148","332","119","348","112","347"," 96"," 93","203"
"IE-0262-M541T-22.dw.png","130","195","142","188","175","217","166","191","156","152","214","201","247","204","236","196","247","172","230","170","241","146","233","125","231","108","275","187","286","160","315","123","329","111","326"," 97"," 89","255"
"IE-0262-M541T-30.dw.png","138","113","152","112","167","150","174","125","180"," 84","210","152","240","168","231","157","253","141","237","131","258","114","260"," 93","267"," 77","275","165","294","146","333","125","350","122","352","108"," 79","147"
"IE-0262-M541T-39.dw.png","133","121","145","119","167","155","169","128","169"," 85","212","150","242","161","233","151","255","130","238","123","255","103","252"," 81","255"," 64","278","151","295","128","329","102","348"," 95","350"," 79"," 77","168"
"IE-0262-M541T-44.dw.png","140","135","155","130","176","165","175","137","172"," 96","221","155","253","162","243","155","260","132","241","127","255","104","252"," 85","254"," 66","284","150","298","127","325"," 97","345"," 89","343"," 72"," 90","187"
"IE-0262-M541T-54.dw.png","131","115","145","113","168","152","168","126","172"," 84","209","151","240","165","232","154","251","136","235","128","254","110","253"," 87","258"," 69","272","158","294","137","331","114","348","109","351"," 94"," 71","154"
"IE-0262-M541T-56.dw.png","135","117","149","115","171","152","168","124","173"," 84","214","149","244","162","235","152","255","133","240","125","256","106","256"," 84","259"," 67","278","155","295","134","333","108","351","104","354"," 89"," 77","159"
"IE-0262-M541T-59.dw.png","130","120","145","117","169","153","166","126","166"," 85","209","147","242","159","231","149","250","128","233","122","250","101","246"," 79","250"," 61","274","149","292","125","323"," 99","341"," 92","342"," 76"," 74","168"
"IE-0263-M542T-16.dw.png","149","107","164","107","181","149","184","122","192"," 81","220","154","245","171","240","160","262","145","247","135","269","118","271"," 97","280"," 83","279","170","302","153","339","137","359","135","363","121"," 87","137"
"IE-0263-M542T-17.dw.png","135","117","148","113","175","150","173","122","169"," 83","215","143","244","154","235","145","254","126","237","119","254"," 98","252"," 78","254"," 62","277","144","293","124","325","100","343"," 93","343"," 78"," 82","161"
"IE-0263-M542T-18.dw.png","148","112","160","111","180","152","178","122","185"," 82","221","151","249","166","240","154","265","138","244","128","266","110","267"," 89","273"," 73","282","161","305","141","340","119","359","115","363","101"," 85","151"
"IE-0263-M542T-34.dw.png","149","124","162","121","189","157","186","130","183"," 88","232","151","265","161","255","151","273","130","256","125","271","102","268"," 81","269"," 65","297","149","312","126","345"," 98","361"," 90","361"," 75"," 96","174"
"IE-0263-M542T-35.dw.png","144","112","157","110","181","149","179","121","181"," 79","221","147","249","161","241","151","264","134","246","124","264","106","265"," 84","270"," 69","285","155","305","134","338","113","357","108","359"," 95"," 87","150"
"IE-0263-M542T-39.dw.png","139","118","154","114","175","151","175","123","174"," 83","219","146","249","156","240","147","260","128","242","121","258","100","255"," 78","258"," 62","282","147","298","125","331"," 99","348"," 93","348"," 78"," 86","162"
"IE-0263-M542T-60.dw.png","139","120","153","118","180","153","175","125","172"," 84","225","147","254","157","243","148","262","127","246","122","260","100","257"," 79","258"," 61","288","146","303","123","333"," 96","352"," 90","351"," 73"," 87","168"
"IE-0263-M542T-63.dw.png","139","120","152","117","177","154","175","126","175"," 83","218","148","249","159","241","149","263","130","241","123","261","102","257"," 80","260"," 63","286","150","303","127","339","101","357"," 96","356"," 81"," 83","166"
"IE-0263-M542T-71.dw.png","135","150","147","145","182","176","171","151","164","111","219","165","249","172","238","164","254","143","238","137","251","116","246"," 95","247"," 77","280","157","295","136","325","104","340"," 96","338"," 80"," 87","202"
"IE-0263-M542T-83.dw.png","134","117","145","115","172","153","169","125","171"," 81","215","149","243","161","235","150","257","131","240","123","256","103","254"," 80","259"," 65","279","152","298","129","337","104","354"," 99","355"," 85"," 77","162"
"IE-0263-M542T-84.dw.png","133","158","147","153","180","185","172","159","163","118","219","174","249","181","240","171","257","150","237","145","251","123","245","102","247"," 85","284","164","296","141","322","111","341","103","340"," 86"," 87","212"
"IE-0263-M542T-87.dw.png","137","135","151","132","177","166","176","140","169"," 98","221","157","251","167","242","157","259","136","243","130","256","107","251"," 86","252"," 71","285","153","299","130","328","101","344"," 94","344"," 79"," 86","185"
"IE-0264-M544T-12.dw.png","144","137","155","134","183","170","178","142","179"," 99","226","162","256","170","245","161","267","140","244","134","260","113","257"," 89","261"," 73","290","159","306","134","341","105","355"," 99","355"," 83"," 92","188"
"IE-0264-M544T-15.dw.png","124","137","136","133","164","166","159","138","155"," 99","202","156","235","164","225","155","242","133","224","128","239","107","234"," 85","235"," 68","269","149","283","126","314"," 97","331"," 89","329"," 73"," 72","188"
"IE-0264-M544T-22.dw.png","143","113","155","111","174","150","177","123","182"," 83","218","150","247","165","241","153","261","138","243","127","263","111","263"," 89","269"," 73","280","159","299","140","338","118","355","114","359","101"," 82","148"
"IE-0264-M544T-23.dw.png","137","119","148","116","172","152","172","125","174"," 83","216","146","244","157","234","147","255","128","237","120","255"," 99","252"," 77","256"," 61","279","147","296","123","332"," 96","348"," 91","347"," 76"," 84","163"
"IE-0264-M544T-28.dw.png","135","123","148","119","174","156","173","127","169"," 85","219","149","248","160","237","150","256","129","240","122","255","101","251"," 77","255"," 61","283","149","299","126","334"," 98","349"," 92","350"," 76"," 83","172"
"IE-0264-M544T-39.dw.png","142","112","154","111","172","151","174","124","182"," 83","214","154","241","170","234","159","257","141","238","131","260","115","262"," 92","268"," 77","276","166","299","146","338","126","355","122","358","108"," 77","147"
"IE-0264-M544T-42.dw.png","140","118","153","115","174","154","173","125","176"," 83","217","149","245","162","236","152","257","133","238","125","256","104","255"," 82","258"," 66","277","153","296","131","335","106","351","101","352"," 85"," 80","158"
"IE-0264-M544T-43.dw.png","139","117","153","116","177","152","174","123","177"," 83","223","148","247","159","240","149","258","130","241","123","258","102","256"," 81","259"," 62","282","150","300","127","336","102","350"," 99","350"," 81"," 85","162"
"IE-0264-M544T-67.dw.png","144","121","156","118","178","155","176","126","180"," 85","222","149","251","159","244","150","263","129","245","123","262","102","260"," 79","264"," 63","286","149","302","126","340"," 99","357"," 92","359"," 76"," 87","168"
"IE-0264-M544T-68.dw.png","151","121","162","118","189","155","184","126","182"," 86","230","150","260","160","250","151","269","131","250","123","267","102","266"," 79","269"," 64","293","150","309","128","347","100","361"," 95","361"," 80"," 91","167"
"IE-0264-M544T-7.dw.png","131","126","145","122","169","158","170","131","167"," 86","212","151","244","160","234","150","256","130","235","123","252","101","249"," 78","255"," 61","281","148","297","125","335"," 96","352"," 88","351"," 72"," 75","176"
"IE-0264-M544T-84.dw.png","141","120","154","117","177","156","175","126","180"," 86","218","153","246","166","237","156","258","137","241","128","259","109","259"," 87","264"," 71","280","160","298","138","335","114","353","109","356"," 95"," 81","161"
"IE-0265-M547T-136.dw.png","138","123","152","119","180","156","175","129","171"," 87","222","150","252","161","243","151","261","130","246","123","260","103","258"," 82","266"," 63","285","151","302","128","341","100","361"," 93","363"," 78"," 81","169"
"IE-0265-M547T-139.dw.png","129","136","142","133","168","169","164","140","163"," 98","208","161","238","169","228","160","244","138","231","133","243","109","239"," 89","247"," 71","271","157","285","133","319","103","338"," 94","339"," 78"," 74","184"
"IE-0265-M547T-142.dw.png","130","142","144","138","174","172","169","145","162","104","216","162","247","170","237","161","254","139","238","134","251","112","246"," 91","251"," 73","277","157","292","134","328","102","346"," 94","344"," 78"," 82","193"
"IE-0265-M547T-18.dw.png","127","112","140","110","159","151","159","123","165"," 83","197","152","225","168","217","156","242","140","225","130","245","114","247"," 93","256"," 77","259","164","279","145","320","126","340","122","343","107"," 63","148"
"IE-0265-M547T-21.dw.png","113","110","127","108","147","146","148","118","151"," 77","190","144","216","156","208","146","226","126","212","119","231"," 99","229"," 79","236"," 60","250","149","270","126","308","103","325"," 99","328"," 83"," 55","152"
"IE-0265-M547T-30.dw.png","126","133","139","130","170","165","162","137","157"," 96","208","157","237","166","227","156","248","136","227","129","242","109","239"," 87","245"," 70","272","154","287","130","320","102","338"," 95","339"," 80"," 74","184"
"IE-0265-M547T-47.dw.png","128","111","141","111","155","152","164","126","173"," 85","199","155","227","173","220","162","243","145","230","137","249","119","252"," 98","264"," 82","263","172","285","152","326","135","347","132","352","118"," 66","143"
"IE-0265-M547T-53.dw.png","135","116","150","116","167","153","170","126","174"," 85","212","151","241","165","233","155","255","135","236","127","254","108","253"," 86","262"," 70","275","159","294","137","330","113","350","109","353"," 93"," 75","158"
"IE-0265-M547T-55.dw.png","135","128","149","125","176","163","173","135","173"," 94","215","159","246","172","235","161","258","142","241","134","260","115","258"," 93","265"," 76","280","165","297","143","339","117","358","112","359"," 97"," 80","171"
"IE-0265-M547T-77.dw.png","147","115","162","114","182","157","182","128","189"," 88","224","160","250","177","243","166","266","149","253","140","271","122","274","100","286"," 84","285","175","307","157","351","137","371","135","375","119"," 82","145"
"IE-0265-M547T-80.dw.png","140","119","154","118","177","159","177","130","180"," 87","220","159","247","173","239","162","259","143","245","134","263","115","265"," 92","275"," 74","283","167","302","146","342","124","363","120","367","105"," 79","160"
"IE-0265-M547T-83.dw.png","125","116","139","114","162","151","163","126","161"," 85","201","150","230","163","221","152","241","134","228","127","244","108","244"," 86","252"," 70","264","156","279","136","322","111","341","107","343"," 92"," 70","158"
"IE-0266-M549T-18.dw.png","126","115","140","112","166","150","160","120","161"," 80","205","145","232","155","222","147","244","126","224","119","240"," 99","241"," 77","244"," 62","264","146","281","124","318"," 96","338"," 92","341"," 78"," 72","161"
"IE-0266-M549T-19.dw.png","136","131","147","127","178","164","169","135","171"," 93","218","155","245","164","236","155","255","134","235","128","252","106","248"," 85","255"," 67","278","153","294","128","329"," 99","349"," 92","350"," 76"," 82","181"
"IE-0266-M549T-37.dw.png","120"," 93","137"," 91","159","131","156","101","161"," 59","199","126","230","138","220","129","242","109","224","102","241"," 82","239"," 59","246"," 42","265","129","279","110","321"," 83","341"," 76","346"," 62"," 61","137"
"IE-0266-M549T-37x.dw.png","114"," 96","127"," 97","145","137","145","109","157"," 71","183","141","210","157","204","146","226","131","209","121","231","105","233"," 84","244"," 68","243","155","265","137","304","119","327","117","332","103"," 51","131"
"IE-0266-M549T-43.dw.png","131","111","145","111","166","152","163","123","174"," 85","203","153","230","169","223","158","243","142","226","131","245","115","249"," 94","260"," 78","264","165","281","148","321","125","343","121","350","108"," 72","147"
"IE-0266-M549T-46.dw.png","129","130","141","127","171","162","167","136","164"," 94","213","155","240","164","230","155","248","134","229","128","246","107","243"," 86","248"," 68","274","153","289","130","323","100","344"," 93","344"," 78"," 78","179"
"IE-0266-M549T-70.dw.png","127","117","140","114","164","152","166","125","164"," 84","209","146","236","160","227","148","245","130","230","123","247","103","245"," 82","251"," 64","271","150","288","130","325","103","344"," 98","345"," 82"," 72","163"
"IE-0266-M549T-72.dw.png","125","115","138","113","165","149","158","122","163"," 83","203","146","231","158","223","147","242","130","224","121","241","102","242"," 80","249"," 64","263","150","280","129","318","103","339"," 97","342"," 82"," 68","157"
"IE-0266-M549T-80.dw.png","132","173","145","169","170","202","164","175","165","135","211","192","242","199","233","191","251","170","230","165","245","144","242","124","246","107","273","187","287","164","319","133","340","125","341","111"," 82","224"
"IE-0266-M549T-89.dw.png","131","112","144","111","169","151","171","123","172"," 83","209","151","234","166","228","154","247","138","234","130","250","112","251"," 91","259"," 73","269","161","290","141","329","121","350","117","353","102"," 73","149"
"IE-0266-M549T-95.dw.png","135","116","148","115","169","154","165","125","174"," 88","209","155","236","169","228","158","249","142","232","132","251","114","251"," 93","261"," 78","269","164","288","145","326","123","347","118","350","103"," 74","152"
"IE-0266-M549T-96.dw.png","140","115","154","113","175","153","171","124","181"," 85","215","153","241","167","234","157","256","140","238","130","257","113","258"," 91","266"," 74","273","162","294","142","331","120","351","117","356","102"," 79","153"
"IE-0267-M558T-17.dw.png","134","122","148","119","171","155","171","128","170"," 86","212","148","243","158","233","149","253","128","234","120","250","101","248"," 80","254"," 62","274","148","291","125","331"," 97","346"," 91","349"," 77"," 82","170"
"IE-0267-M558T-18.dw.png","136","117","149","115","168","152","170","125","175"," 86","211","150","240","163","233","153","253","136","236","128","256","109","255"," 86","262"," 70","274","156","293","136","333","114","351","109","354"," 95"," 77","156"
"IE-0267-M558T-19.dw.png","127","119","139","116","161","154","164","127","166"," 84","207","151","234","163","225","153","247","134","228","126","246","106","245"," 84","252"," 66","267","156","286","135","327","110","343","106","347"," 91"," 68","160"
"IE-0267-M558T-42.dw.png","130","121","144","119","166","156","168","129","168"," 87","210","152","237","165","230","154","249","136","230","127","249","108","248"," 87","257"," 69","270","156","290","134","328","112","345","106","348"," 91"," 72","160"
"IE-0267-M558T-44.dw.png","131","120","146","118","169","155","167","127","169"," 87","214","150","240","162","233","152","250","133","233","125","250","106","248"," 84","255"," 66","275","153","293","129","329","103","345"," 99","347"," 85"," 76","165"
"IE-0267-M558T-49.dw.png","118","188","130","181","165","210","155","184","142","145","203","194","233","197","223","190","232","167","217","164","227","141","219","122","222","103","263","179","272","155","301","123","316","112","315"," 97"," 79","246"
"IE-0267-M558T-53.dw.png","138","117","152","116","171","151","172","125","175"," 83","213","147","242","158","233","148","254","129","235","122","252","101","251"," 80","258"," 64","274","150","292","128","327","102","346"," 97","347"," 82"," 82","162"
"IE-0267-M558T-54.dw.png","128","118","143","116","166","151","165","124","166"," 83","209","146","237","156","228","147","244","129","230","122","245","102","244"," 80","250"," 63","269","148","286","126","323","100","340"," 95","343"," 80"," 76","160"
"IE-0267-M558T-55.dw.png","142","120","156","118","179","155","178","127","181"," 85","221","151","249","163","240","152","261","134","244","126","262","104","260"," 84","267"," 66","282","154","300","132","338","106","357","101","359"," 86"," 88","165"
"IE-0267-M558T-75.dw.png","132","119","145","117","168","154","172","126","169"," 84","213","149","241","160","233","151","247","132","236","125","252","104","250"," 83","256"," 66","274","152","293","130","331","107","347","101","349"," 86"," 79","162"
"IE-0267-M558T-76.dw.png","124","138","138","134","167","169","162","140","160"," 97","208","158","238","166","229","157","243","135","228","131","242","107","237"," 86","241"," 70","270","154","284","130","318"," 99","335"," 92","336"," 77"," 77","191"
"IE-0267-M558T-78.dw.png","136","143","147","138","176","171","172","145","167","104","216","162","247","170","236","161","252","140","237","135","252","112","247"," 93","252"," 75","276","158","293","134","329","104","345"," 97","347"," 82"," 86","193"
"IE-0268-M560T-100.dw.png","111","126","124","123","157","159","149","133","146"," 93","190","153","217","164","208","154","229","133","213","128","227","106","226"," 85","232"," 70","249","154","268","131","303","103","318"," 99","321"," 83"," 63","173"
"IE-0268-M560T-101.dw.png","137","132","151","128","174","163","175","137","172"," 97","214","155","245","166","236","157","253","136","237","130","253","110","249"," 91","256"," 73","276","157","294","134","328","107","343","102","345"," 88"," 85","177"
"IE-0268-M560T-11.dw.png","128","149","143","144","170","179","168","151","159","112","210","168","241","176","232","166","248","144","229","139","244","117","239"," 95","243"," 78","273","162","290","136","322","106","337"," 98","336"," 83"," 77","200"
"IE-0268-M560T-119.dw.png","134","130","149","127","176","161","173","134","165"," 94","214","153","246","162","236","153","251","131","234","125","249","105","246"," 83","252"," 67","276","150","292","127","328"," 97","343"," 90","343"," 75"," 83","178"
"IE-0268-M560T-12.dw.png","135","118","150","117","170","155","173","128","173"," 86","211","153","242","167","234","156","256","137","237","127","258","108","256"," 86","262"," 70","275","160","295","137","334","114","350","110","353"," 94"," 77","162"
"IE-0268-M560T-13.dw.png","134","126","150","124","171","162","171","131","172"," 89","215","155","245","165","235","155","256","134","238","127","254","105","252"," 84","259"," 66","279","155","296","131","333","103","351"," 97","354"," 82"," 79","174"
"IE-0268-M560T-37.dw.png","130","116","143","114","168","152","167","126","165"," 85","203","150","232","164","222","154","245","135","230","126","246","108","247"," 86","255"," 71","264","158","283","137","321","112","338","108","343"," 94"," 74","156"
"IE-0268-M560T-39.dw.png","129","123","142","119","168","157","167","129","164"," 88","208","151","237","162","228","152","248","132","231","124","248","105","247"," 83","253"," 66","267","154","287","130","327","103","341"," 98","342"," 84"," 75","167"
"IE-0268-M560T-40.dw.png","103","126","117","121","142","158","140","129","137"," 88","185","149","217","158","206","148","225","127","208","122","224","100","222"," 78","226"," 61","250","148","268","124","306"," 94","319"," 89","321"," 73"," 55","175"
"IE-0268-M560T-61.dw.png","125","126","138","122","163","159","163","131","158"," 90","205","151","236","161","226","152","246","131","227","124","244","104","240"," 82","247"," 65","268","151","287","127","323","102","338"," 95","340"," 80"," 71","174"
"IE-0268-M560T-67.dw.png","136","124","148","121","177","156","170","129","168"," 87","216","149","244","160","236","150","256","128","236","122","252","101","250"," 80","255"," 63","278","148","293","126","329"," 97","344"," 91","345"," 76"," 86","172"
"IE-0268-M560T-77.dw.png","138","124","151","121","180","159","173","129","172"," 88","220","152","250","161","240","152","258","131","241","126","260","103","256"," 80","261"," 62","282","151","300","127","340"," 97","356"," 91","358"," 76"," 81","171"
"IE-0269-M561T-101.dw.png","146","114","159","113","178","152","179","125","187"," 85","218","154","247","170","240","159","261","141","250","134","267","116","267"," 93","277"," 77","282","166","302","148","342","127","362","125","366","110"," 86","148"
"IE-0269-M561T-109.dw.png","130","154","143","150","169","185","168","159","164","115","210","178","241","187","230","178","250","156","233","150","246","128","243","106","250"," 89","275","175","289","152","324","122","341","115","343","100"," 78","202"
"IE-0269-M561T-13.dw.png","129","118","144","117","163","156","166","128","167"," 88","204","155","233","168","224","158","245","139","234","131","250","114","249"," 92","258"," 77","267","163","285","143","323","121","342","116","347","104"," 70","155"
"IE-0269-M561T-16.dw.png","133","120","147","116","169","154","171","127","169"," 85","212","151","241","163","232","153","253","132","235","125","251","105","248"," 82","255"," 66","272","156","290","133","324","107","343","101","345"," 87"," 77","162"
"IE-0269-M561T-18.dw.png","125","130","138","126","164","159","163","133","156"," 93","205","151","234","160","224","150","240","129","228","124","239","101","235"," 81","240"," 64","268","146","280","124","313"," 93","330"," 85","330"," 70"," 77","179"
"IE-0269-M561T-38.dw.png","135","117","148","114","168","151","169","124","170"," 84","210","147","239","159","231","149","253","130","236","122","252","102","250"," 81","256"," 65","272","150","292","127","327","101","345"," 96","347"," 81"," 76","161"
"IE-0269-M561T-41.dw.png","120","115","135","113","157","150","155","123","156"," 84","197","147","225","161","217","150","237","131","224","124","240","106","238"," 84","246"," 67","260","153","279","132","314","109","335","103","338"," 89"," 65","158"
"IE-0269-M561T-44.dw.png","134","148","147","144","177","177","170","150","163","109","217","167","247","175","236","166","255","143","236","138","248","114","245"," 95","248"," 77","278","161","294","135","322","105","340"," 97","339"," 82"," 83","200"
"IE-0269-M561T-56.dw.png","132","110","144","110","163","149","165","122","170"," 80","205","149","234","165","226","154","247","136","234","128","251","111","251"," 90","261"," 74","268","160","287","140","324","120","346","116","350","103"," 72","147"
"IE-0269-M561T-69.dw.png","139","217","150","214","174","253","172","224","173","183","214","248","244","261","235","251","255","230","240","223","256","202","254","180","261","164","277","252","295","229","335","202","352","197","354","182"," 79","260"
"IE-0269-M561T-70.dw.png","129","114","143","113","165","154","166","125","168"," 84","207","152","234","166","227","155","248","137","232","128","250","109","249"," 88","257"," 72","266","161","286","140","325","115","341","111","346"," 96"," 65","155"
"IE-0269-M561T-94.dw.png","126","109","139","109","154","147","159","122","164"," 82","194","150","222","167","215","155","235","139","225","131","242","115","243"," 93","253"," 78","256","164","277","146","315","126","336","124","339","111"," 66","141"
"IE-0270-M562T-10.dw.png","134","125","149","121","173","157","173","130","174"," 88","215","151","248","160","237","151","258","130","236","123","256","104","253"," 83","259"," 65","280","150","298","126","332","100","352"," 94","353"," 79"," 82","172"
"IE-0270-M562T-13.dw.png","125","117","141","115","161","153","160","126","165"," 84","201","150","231","163","224","153","245","133","228","125","246","107","244"," 85","252"," 69","266","156","284","135","321","112","341","106","343"," 91"," 65","158"
"IE-0270-M562T-15.dw.png","128","133","141","129","169","164","165","136","164"," 93","212","154","243","160","234","152","253","130","231","124","246","102","243"," 80","249"," 64","277","148","292","124","326"," 92","343"," 85","344"," 70"," 78","181"
"IE-0270-M562T-36.dw.png","128","121","141","117","164","152","163","126","162"," 84","204","145","235","154","228","146","243","126","228","120","241"," 99","237"," 77","241"," 61","268","145","283","123","317"," 97","331"," 91","332"," 75"," 75","166"
"IE-0270-M562T-37.dw.png","126","113","139","112","156","148","158","122","163"," 83","194","148","224","162","216","152","239","135","222","126","241","108","241"," 87","248"," 72","257","158","276","139","315","118","333","115","337","101"," 66","146"
"IE-0270-M562T-46.dw.png","115","182","128","177","160","208","153","181","145","140","198","194","231","198","220","190","236","166","218","163","230","139","223","118","228","101","264","180","276","154","305","122","323","113","323"," 96"," 72","239"
"IE-0270-M562T-57.dw.png","148","122","162","120","183","159","182","129","188"," 89","225","156","254","167","245","157","268","138","252","130","269","111","269"," 89","276"," 72","288","160","306","140","345","115","366","110","369"," 96"," 87","165"
"IE-0270-M562T-59.dw.png","140","123","153","120","175","156","174","128","174"," 86","216","148","249","157","238","149","261","128","239","120","257","101","256"," 80","261"," 63","285","147","300","124","335"," 98","353"," 90","354"," 76"," 88","171"
"IE-0270-M562T-60.dw.png","132","119","146","115","169","152","169","125","172"," 83","211","148","242","158","234","149","255","130","234","122","253","103","251"," 82","259"," 66","275","150","293","128","331","105","350","100","352"," 84"," 77","163"
"IE-0270-M562T-75.dw.png","135","132","150","129","176","165","170","136","173"," 92","215","157","248","165","237","157","257","135","238","128","256","107","252"," 85","258"," 68","283","154","299","131","333","101","351"," 93","352"," 79"," 79","182"
"IE-0270-M562T-76.dw.png","130","125","143","124","163","161","165","134","167"," 93","203","158","233","169","224","160","245","141","227","134","245","115","243"," 93","250"," 77","264","164","283","142","320","119","337","113","341"," 99"," 75","165"
"IE-0270-M562T-92.dw.png","140","144","153","139","180","172","175","145","168","106","220","162","249","169","241","160","259","138","239","132","252","110","249"," 90","254"," 72","283","155","298","129","329"," 99","345"," 91","344"," 76"," 87","196"
"IE-0271-M570T-14.dw.png","133","118","147","116","171","155","167","127","174"," 85","211","155","240","168","233","157","253","140","235","131","254","112","256"," 90","263"," 73","274","162","294","142","335","119","350","116","355","102"," 74","159"
"IE-0271-M570T-15.dw.png","122","143","136","140","168","174","157","145","154","103","206","164","236","171","228","163","243","141","226","136","240","113","234"," 91","237"," 74","268","158","282","136","318","103","334"," 96","334"," 81"," 76","199"
"IE-0271-M570T-17.dw.png","132","145","147","141","173","180","169","150","172","106","220","174","247","185","238","174","255","153","239","146","254","125","252","104","260"," 86","281","174","298","151","335","123","351","117","352","105"," 83","196"
"IE-0271-M570T-30.dw.png","146","130","160","129","183","167","180","138","185"," 96","226","164","254","176","244","166","265","147","251","140","266","119","266"," 98","273"," 81","288","169","310","147","347","122","363","119","365","104"," 90","174"
"IE-0271-M570T-34.dw.png","132","113","149","113","168","155","167","126","175"," 85","210","157","233","174","229","162","249","145","235","136","254","118","257"," 97","264"," 82","268","170","292","151","332","132","349","131","354","115"," 71","150"
"IE-0271-M570T-35.dw.png","131","150","145","146","171","182","169","154","168","113","213","173","244","184","235","173","248","154","232","147","249","128","246","108","251"," 91","276","173","291","150","325","124","341","117","341","103"," 81","198"
"IE-0271-M570T-43.dw.png","139","123","151","121","177","159","176","130","177"," 89","218","155","248","166","238","155","256","136","244","130","260","109","260"," 87","265"," 71","284","156","301","136","340","111","358","105","361"," 91"," 83","167"
"IE-0271-M570T-44.dw.png","138","123","151","124","166","167","171","139","181"," 98","208","172","232","191","229","180","251","165","234","153","255","139","261","118","270","103","266","191","290","174","332","159","351","158","354","145"," 73","152"
"IE-0271-M570T-46.dw.png","120","130","135","127","163","162","159","135","156"," 93","204","155","234","165","225","156","240","136","223","130","239","109","237"," 88","243"," 71","266","155","282","133","317","106","335","101","336"," 87"," 71","177"
"IE-0271-M570T-63.dw.png","134","139","147","136","171","174","169","145","170","104","214","169","243","180","235","170","253","151","238","144","255","124","254","101","259"," 85","278","172","294","153","334","125","351","120","354","106"," 79","184"
"IE-0271-M570T-74.dw.png","126","143","141","139","170","175","165","148","162","105","210","167","238","177","229","168","245","147","230","142","243","120","239"," 99","245"," 83","270","167","286","144","321","117","339","111","341"," 97"," 80","191"
"IE-0271-M570T-75.dw.png","137","130","150","127","173","165","173","138","178"," 94","214","161","245","174","237","163","256","144","238","137","258","117","256"," 95","262"," 79","281","166","298","145","336","120","354","115","357","100"," 80","171"
"IE-0272-M571T-103.dw.png","136","124","151","120","176","155","176","128","173"," 84","216","150","248","160","239","150","258","130","240","123","255","102","255"," 80","263"," 63","281","149","298","128","336","102","355"," 95","357"," 81"," 84","171"
"IE-0272-M571T-104.dw.png","133","180","147","173","180","204","171","179","164","136","215","191","248","196","237","188","250","165","234","162","246","137","239","115","244"," 97","281","179","293","155","324","121","339","112","338"," 97"," 90","232"
"IE-0272-M571T-11.dw.png","138","118","151","116","170","154","172","127","174"," 84","208","152","236","164","229","155","251","136","233","127","251","108","252"," 86","260"," 70","271","157","288","137","327","113","346","109","350"," 97"," 79","157"
"IE-0272-M571T-14.dw.png","138","144","151","139","184","173","175","146","170","102","220","162","250","170","241","161","257","137","238","132","254","109","251"," 88","256"," 70","285","156","300","130","335"," 99","352"," 91","354"," 77"," 86","196"
"IE-0272-M571T-33.dw.png","128","126","143","123","168","159","169","133","165"," 90","208","152","237","162","231","154","251","133","230","125","246","104","243"," 82","249"," 65","272","152","290","129","324","101","342"," 95","345"," 81"," 77","171"
"IE-0272-M571T-39.dw.png","132","122","146","119","166","154","167","127","165"," 86","206","148","237","159","228","149","249","129","228","121","245","102","243"," 80","250"," 64","270","149","287","127","322"," 99","340"," 92","343"," 80"," 80","167"
"IE-0272-M571T-40.dw.png","127","126","139","122","166","158","163","131","163"," 88","203","151","236","162","226","153","245","131","226","125","242","104","240"," 81","247"," 64","270","151","287","128","319","102","337"," 95","340"," 79"," 74","170"
"IE-0272-M571T-58.dw.png","135","141","149","138","175","177","173","149","175","107","212","174","241","187","233","177","252","158","236","149","253","129","255","106","263"," 90","276","179","294","158","333","132","352","128","355","113"," 78","182"
"IE-0272-M571T-59.dw.png","131","128","145","126","166","164","167","137","169"," 96","208","163","236","178","230","167","249","149","231","139","250","121","250"," 99","258"," 82","271","172","291","151","332","129","349","125","351","110"," 72","167"
"IE-0272-M571T-62.dw.png","133","143","147","139","175","174","170","147","166","106","213","166","242","175","233","166","249","145","230","139","245","117","245"," 94","251"," 77","275","164","291","141","324","112","342","105","344"," 89"," 83","192"
"IE-0272-M571T-8.dw.png","134","119","150","117","172","157","173","129","177"," 86","209","153","240","168","234","157","255","140","237","130","255","112","256"," 89","265"," 72","275","162","293","141","338","117","353","112","359"," 98"," 75","159"
"IE-0272-M571T-93.dw.png","135","214","149","210","178","245","174","217","168","174","217","238","248","248","240","238","258","217","235","210","253","188","252","166","258","149","283","235","298","214","334","185","353","178","353","162"," 82","263"
"IE-0273-M636WW-11.dw.png","104","111","118","108","146","144","141","116","141"," 74","189","138","218","149","209","139","228","120","209","113","225"," 92","226"," 70","234"," 53","252","141","266","119","305"," 92","326"," 84","326"," 68"," 53","156"
"IE-0273-M636WW-12.dw.png","110","109","123","107","148","144","149","117","148"," 75","189","140","219","151","210","141","228","121","212","114","229"," 93","228"," 73","236"," 55","254","142","269","120","307"," 92","327"," 86","328"," 73"," 53","155"
"IE-0273-M636WW-16.dw.png","102","112","117","108","140","142","139","116","137"," 75","181","133","211","142","201","132","219","112","205","107","218"," 85","215"," 64","220"," 47","246","130","260","107","295"," 76","313"," 68","312"," 54"," 53","160"
"IE-0273-M636WW-30.dw.png","100","122","112","117","140","151","135","124","131"," 81","179","140","212","147","200","138","213","117","200","112","214"," 89","210"," 69","214"," 51","246","132","258","109","293"," 77","311"," 69","309"," 54"," 53","174"
"IE-0273-M636WW-31.dw.png","108","109","122","107","149","145","147","118","147"," 75","192","142","221","154","213","143","232","125","214","117","231"," 98","232"," 77","240"," 59","256","147","272","126","310","101","330"," 95","331"," 80"," 54","153"
"IE-0273-M636WW-32.dw.png","109","120","123","117","151","150","145","124","143"," 82","188","142","220","151","210","142","231","120","211","114","227"," 93","223"," 71","231"," 53","256","139","269","116","306"," 85","325"," 77","326"," 63"," 52","170"
"IE-0273-M636WW-51.dw.png","107","108","121","107","139","143","141","116","145"," 75","182","138","213","150","203","140","221","121","207","115","225"," 94","223"," 73","232"," 56","248","142","264","120","302"," 94","322"," 89","325"," 74"," 54","152"
"IE-0273-M636WW-52.dw.png"," 96","132","107","127","140","159","132","133","127"," 92","179","149","208","155","198","146","213","124","198","121","210"," 98","206"," 78","209"," 59","242","139","253","115","285"," 85","306"," 75","306"," 60"," 51","184"
"IE-0273-M636WW-56.dw.png","105","110","120","107","143","141","141","116","142"," 73","183","135","214","146","204","136","222","116","207","111","225"," 90","222"," 69","227"," 52","249","135","265","115","301"," 87","322"," 80","322"," 66"," 54","155"
"IE-0273-M636WW-71.dw.png","110","112","125","110","141","147","146","121","149"," 80","187","145","216","157","207","147","228","129","213","121","229","101","227"," 79","234"," 63","251","151","268","130","307","103","326"," 98","327"," 84"," 54","151"
"IE-0273-M636WW-72.dw.png","109"," 98","123"," 97","144","136","147","109","151"," 67","185","134","215","148","207","137","226","119","213","112","230"," 95","231"," 72","239"," 55","248","143","266","122","308","100","328"," 96","330"," 81"," 53","139"
"IE-0273-M636WW-79.dw.png"," 98","152","111","148","139","179","132","153","130","110","179","167","210","171","198","164","214","139","198","137","211","113","206"," 93","209"," 75","245","154","258","128","289"," 96","306"," 89","306"," 73"," 55","209"
"IE-0274-M643T-106.dw.png","138","121","151","120","175","158","176","131","177"," 89","216","155","242","168","234","158","255","140","238","131","255","114","255"," 92","262"," 78","275","162","293","141","329","119","345","115","349","101"," 82","168"
"IE-0274-M643T-107.dw.png","138","134","151","130","182","166","175","139","174"," 99","220","161","249","171","240","162","262","142","241","134","258","114","257"," 94","263"," 79","283","161","299","138","333","113","352","108","352"," 92"," 89","181"
"IE-0274-M643T-108.dw.png","148","126","160","124","183","162","180","133","186"," 93","225","159","256","172","248","161","267","143","250","134","267","115","267"," 94","275"," 78","288","164","306","143","343","119","361","114","365"," 99"," 92","172"
"IE-0274-M643T-126.dw.png","143","139","155","136","181","171","178","144","178","102","223","164","254","175","245","165","261","144","247","138","261","117","258"," 96","264"," 80","286","163","303","140","339","113","356","106","358"," 91"," 86","186"
"IE-0274-M643T-128.dw.png","141","127","155","125","177","164","179","137","179"," 93","218","162","247","176","238","165","262","147","242","137","260","118","261"," 97","268"," 82","281","169","300","147","336","125","355","121","359","108"," 82","171"
"IE-0274-M643T-130.dw.png","128","134","141","131","174","168","167","139","164"," 97","211","162","242","173","232","163","254","141","233","133","250","111","249"," 91","256"," 74","277","161","292","136","328","109","346","103","347"," 88"," 75","186"
"IE-0274-M643T-23.dw.png","135","119","151","118","172","157","174","130","178"," 87","212","155","242","169","235","159","256","140","238","130","257","113","258"," 90","268"," 74","278","161","299","141","337","119","357","114","361","100"," 75","159"
"IE-0274-M643T-24.dw.png","145","123","158","121","184","162","182","132","183"," 91","226","158","252","172","244","161","267","143","248","134","266","115","267"," 93","274"," 78","288","165","306","144","343","121","360","117","365","103"," 85","168"
"IE-0274-M643T-27.dw.png","142","125","154","121","178","157","177","130","175"," 89","221","152","250","162","242","153","262","131","243","124","259","105","258"," 85","263"," 70","285","151","300","129","337","103","352"," 97","354"," 85"," 84","172"
"IE-0274-M643T-65.dw.png","145","133","158","131","181","167","179","140","182"," 99","220","164","250","176","242","166","264","146","245","137","260","119","259"," 98","266"," 81","285","167","302","145","338","120","354","115","357","102"," 86","176"
"IE-0274-M643T-69.dw.png","139","124","152","121","177","160","173","130","174"," 89","220","155","246","166","237","156","259","136","240","128","257","107","254"," 87","263"," 72","279","157","297","134","332","109","350","105","354"," 90"," 84","170"
"IE-0274-M643T-70.dw.png","138","125","151","122","180","157","176","130","171"," 88","222","149","251","160","243","150","258","128","240","121","257","100","254"," 80","260"," 66","285","147","301","123","333"," 97","351"," 91","354"," 77"," 85","177"
"IE-0275-M646T-20.dw.png","147","115","159","114","183","155","180","127","188"," 86","224","156","253","172","246","161","267","146","248","135","268","116","271"," 95","277"," 79","286","168","306","149","345","127","363","124","366","109"," 87","150"
"IE-0275-M646T-21.dw.png","144","122","157","119","186","155","179","126","177"," 86","228","148","257","158","249","148","267","128","248","121","263","100","260"," 77","263"," 60","290","147","308","124","342"," 94","357"," 88","358"," 74"," 87","170"
"IE-0275-M646T-36.dw.png","136","141","148","137","174","173","172","145","173","101","218","166","251","174","241","164","254","142","244","138","258","115","254"," 92","256"," 74","283","163","302","138","336","109","353","101","353"," 87"," 78","191"
"IE-0275-M646T-4.dw.png","147","123","160","120","190","155","184","128","180"," 86","230","150","260","159","251","150","270","130","250","123","268","102","266"," 79","269"," 64","293","150","311","127","346"," 99","362"," 93","364"," 78"," 89","168"
"IE-0275-M646T-40.dw.png","140","117","152","115","179","152","176","125","175"," 84","220","148","248","159","240","149","260","131","242","123","258","103","256"," 82","259"," 64","280","152","299","130","333","105","352"," 99","352"," 84"," 82","160"
"IE-0275-M646T-42.dw.png","141","139","154","134","187","167","177","141","171"," 99","223","158","257","166","248","157","264","137","244","130","259","108","255"," 86","256"," 69","290","153","305","130","338","100","355"," 92","353"," 76"," 91","189"
"IE-0275-M646T-45.dw.png","152","120","165","119","193","157","187","129","189"," 88","233","154","258","167","252","157","273","139","253","129","274","111","273"," 90","278"," 73","293","160","313","139","350","114","367","110","369"," 95"," 94","162"
"IE-0275-M646T-62.dw.png","145","137","158","132","192","165","183","139","176"," 96","231","154","260","163","251","154","267","132","250","128","263","105","259"," 83","260"," 66","293","150","306","126","340"," 95","355"," 88","354"," 73"," 92","187"
"IE-0275-M646T-66.dw.png","150","127","162","124","190","160","183","132","184"," 90","232","152","262","163","253","153","271","132","253","126","270","104","266"," 84","270"," 67","293","153","309","130","346","101","362"," 96","364"," 81"," 92","174"
"IE-0275-M646T-7.dw.png","143","118","156","116","182","155","176","125","178"," 85","224","150","253","162","246","152","263","132","247","124","265","104","262"," 82","265"," 66","287","153","303","132","340","105","356"," 99","358"," 85"," 86","162"
"IE-0275-M646T-74.dw.png","137","120","151","117","178","156","174","128","177"," 87","219","153","247","166","239","155","258","136","242","128","259","108","258"," 87","264"," 70","279","159","298","136","333","113","353","107","356"," 92"," 82","162"
"IE-0275-M646T-8.dw.png","143","128","157","124","184","161","181","133","178"," 90","226","153","256","164","248","154","263","133","249","126","264","106","259"," 83","262"," 66","289","152","306","129","340"," 99","357"," 92","356"," 78"," 88","176"
"IE-0276-M647T-10.dw.png","141","117","151","115","176","150","174","125","172"," 84","216","147","247","159","238","150","256","131","239","124","256","104","255"," 83","259"," 66","281","151","298","130","332","104","351"," 98","355"," 84"," 84","160"
"IE-0276-M647T-13.dw.png","146","119","159","116","182","153","185","126","183"," 83","226","149","257","161","248","150","264","131","250","124","268","104","268"," 83","271"," 64","292","153","308","131","343","108","364","101","366"," 86"," 91","165"
"IE-0276-M647T-23.dw.png","136","117","150","114","175","153","174","126","174"," 84","216","152","244","167","236","155","254","138","237","128","258","111","258"," 89","264"," 73","276","161","295","141","331","120","352","116","356","101"," 79","158"
"IE-0276-M647T-34.dw.png","140","137","154","130","187","164","180","137","170"," 97","228","154","257","162","248","153","261","132","242","125","259","104","256"," 83","258"," 65","289","149","304","126","335"," 97","353"," 89","353"," 74"," 93","189"
"IE-0276-M647T-35.dw.png","133","121","144","118","172","154","170","129","168"," 87","210","150","240","161","233","152","248","133","235","126","249","105","247"," 84","252"," 67","276","152","293","130","324","104","343"," 98","345"," 83"," 78","166"
"IE-0276-M647T-49.dw.png","143","111","154","111","173","149","179","126","182"," 84","218","152","243","167","235","155","255","140","239","130","259","114","260"," 92","267"," 76","276","163","297","143","331","124","349","121","353","109"," 84","146"
"IE-0276-M647T-54.dw.png","142","122","155","117","184","153","181","126","176"," 85","224","147","254","157","244","147","261","126","244","120","260"," 99","259"," 78","262"," 61","285","147","303","125","336"," 98","358"," 91","358"," 76"," 88","169"
"IE-0276-M647T-56.dw.png","134","123","147","118","177","154","174","127","168"," 85","221","147","250","156","240","147","257","127","240","120","257","100","255"," 79","258"," 62","284","146","299","124","332"," 98","351"," 91","352"," 77"," 81","173"
"IE-0276-M647T-69.dw.png","137","119","148","116","170","153","173","128","171"," 84","215","150","244","162","236","152","253","134","239","127","256","107","254"," 84","259"," 66","278","154","296","132","329","108","350","102","353"," 89"," 83","161"
"IE-0276-M647T-70.dw.png","137","128","148","125","176","161","172","135","171"," 91","215","155","247","167","237","156","255","136","238","129","254","108","251"," 85","256"," 67","280","156","296","134","330","106","347"," 99","348"," 85"," 84","177"
"IE-0276-M647T-71.dw.png","141","119","152","116","175","152","176","127","175"," 84","217","148","245","161","237","151","255","133","239","126","257","106","255"," 84","260"," 66","280","153","297","132","331","108","350","103","353"," 88"," 82","159"
"IE-0276-M647T-9.dw.png","135","122","148","118","173","153","176","128","170"," 85","217","147","246","157","237","148","254","126","237","120","255","100","252"," 79","256"," 62","278","147","296","124","329"," 98","348"," 91","350"," 76"," 83","173"
"IE-0277-M648T-10.dw.png","128","114","144","112","167","150","166","124","167"," 79","209","148","237","162","228","151","243","132","229","125","249","106","248"," 82","253"," 66","271","155","288","134","326","109","343","104","343"," 89"," 72","156"
"IE-0277-M648T-13.dw.png","136","118","149","116","177","151","175","126","172"," 82","218","147","246","159","237","148","254","128","239","122","256","100","253"," 78","257"," 63","281","150","298","127","333","101","348"," 97","350"," 83"," 82","165"
"IE-0277-M648T-16.dw.png","124","189","139","183","170","214","163","188","155","145","211","199","244","202","234","195","246","172","228","169","240","144","233","125","235","107","275","185","287","159","315","127","331","117","328","103"," 81","246"
"IE-0277-M648T-28.dw.png","132","126","145","123","173","159","170","132","166"," 90","214","152","244","161","236","153","253","132","236","125","252","103","248"," 84","250"," 66","278","151","294","128","325","100","341"," 93","341"," 78"," 82","176"
"IE-0277-M648T-32.dw.png","132","112","145","112","167","153","165","124","171"," 83","206","153","235","168","226","158","249","138","233","130","252","111","252"," 89","258"," 72","271","162","290","142","326","120","342","116","348","102"," 71","150"
"IE-0277-M648T-37.dw.png","137","134","152","128","178","163","173","136","171"," 92","218","155","249","164","240","154","256","132","238","126","254","104","250"," 82","254"," 65","282","152","298","127","332"," 98","351"," 90","352"," 77"," 88","186"
"IE-0277-M648T-43.dw.png","131","133","145","129","176","164","168","135","164"," 94","217","155","246","163","237","155","251","132","236","127","252","105","247"," 85","249"," 68","278","151","294","127","326"," 98","340"," 91","338"," 76"," 82","183"
"IE-0277-M648T-44.dw.png","129","120","143","117","173","152","166","126","167"," 83","214","146","241","157","235","146","252","127","230","121","247"," 99","246"," 78","249"," 61","276","147","292","124","326"," 98","345"," 91","343"," 78"," 80","165"
"IE-0277-M648T-46.dw.png","137","152","150","147","178","181","174","154","171","112","222","170","253","178","244","169","259","147","242","142","257","118","252"," 99","255"," 79","286","165","300","140","332","110","350","101","347"," 86"," 88","203"
"IE-0277-M648T-54.dw.png","145","111","160","110","183","150","184","124","191"," 81","223","152","251","168","242","157","262","139","248","130","270","113","272"," 90","278"," 73","285","165","306","144","345","123","362","119","364","104"," 86","147"
"IE-0277-M648T-59.dw.png","140","112","153","111","174","155","174","127","181"," 83","214","160","243","177","235","166","256","149","242","139","265","122","269","101","279"," 85","276","176","300","158","342","139","358","138","362","124"," 79","145"
"IE-0277-M648T-60.dw.png","132","118","147","116","167","153","168","127","172"," 83","210","149","240","162","231","151","251","133","235","126","253","106","251"," 84","255"," 66","275","155","293","134","330","109","349","104","349"," 89"," 77","160"
"IE-0278-M649T-110.dw.png","131","118","145","115","169","154","166","125","169"," 85","213","151","241","162","232","152","251","132","237","126","253","105","250"," 83","255"," 66","273","154","292","131","325","108","347","101","347"," 86"," 74","163"
"IE-0278-M649T-115.dw.png","142","131","154","126","180","161","179","133","173"," 93","223","149","254","157","245","148","261","126","242","122","258","100","252"," 80","253"," 62","286","145","302","120","333"," 92","351"," 84","350"," 69"," 90","180"
"IE-0278-M649T-117.dw.png","150","133","162","128","187","162","187","135","182"," 94","230","153","264","160","254","151","271","130","253","125","269","103","262"," 82","265"," 65","296","148","312","124","346"," 96","365"," 88","364"," 73"," 97","184"
"IE-0278-M649T-14.dw.png","138","112","151","111","167","148","172","122","177"," 83","211","149","239","165","232","154","254","138","238","129","257","110","258"," 89","265"," 75","275","161","295","143","330","122","349","119","353","105"," 81","148"
"IE-0278-M649T-21.dw.png","140","161","154","157","179","192","177","166","177","124","225","184","256","193","247","184","262","165","245","159","260","139","256","118","261","100","288","184","305","159","335","136","355","128","353","115"," 86","209"
"IE-0278-M649T-24.dw.png","138","151","153","146","180","180","176","151","169","112","222","167","256","174","246","165","262","143","242","138","258","116","251"," 95","252"," 78","288","161","303","134","331","106","349"," 97","348"," 83"," 88","202"
"IE-0278-M649T-39.dw.png","143","130","154","128","178","165","176","136","179"," 94","221","159","251","171","242","161","261","141","245","134","263","115","260"," 93","264"," 77","284","163","302","140","337","117","356","110","357"," 97"," 88","179"
"IE-0278-M649T-43.dw.png","139","115","151","113","176","150","174","122","175"," 84","219","146","247","158","239","148","256","129","241","122","259","102","256"," 80","259"," 64","281","149","299","127","331","103","351"," 97","351"," 83"," 84","159"
"IE-0278-M649T-47.dw.png","142","168","153","163","180","198","173","170","175","130","222","190","253","199","242","189","262","169","244","164","259","142","254","121","257","106","286","187","301","164","330","138","349","130","347","115"," 91","217"
"IE-0278-M649T-64.dw.png","136","121","149","118","171","154","173","128","173"," 87","215","149","245","161","236","151","254","132","239","126","256","105","254"," 85","257"," 69","279","153","299","130","331","108","348","102","348"," 88"," 81","164"
"IE-0278-M649T-68.dw.png","150","127","163","125","184","161","186","134","188"," 91","229","156","263","168","254","157","272","137","253","129","272","110","271"," 88","276"," 72","296","159","314","136","350","112","369","107","371"," 92"," 94","176"
"IE-0278-M649T-71.dw.png","151","120","164","116","187","154","184","124","186"," 86","230","148","261","159","253","149","272","129","255","122","273","103","269"," 80","271"," 64","297","149","314","126","349","100","367"," 94","366"," 79"," 93","166"
"IE-0279-M650T-103.dw.png","131","118","145","117","162","153","165","126","168"," 86","209","150","240","163","232","152","251","133","235","126","254","108","252"," 86","258"," 69","274","155","294","133","330","110","348","105","352"," 92"," 69","158"
"IE-0279-M650T-12.dw.png","134","191","146","184","179","211","168","185","158","145","219","192","251","193","239","187","252","160","234","159","242","134","234","115","230"," 95","282","171","290","144","313","108","327"," 98","323"," 82"," 95","252"
"IE-0279-M650T-14.dw.png","134","132","146","128","172","163","170","136","169"," 95","216","155","248","164","239","155","254","135","238","130","253","107","250"," 84","254"," 67","283","153","298","129","332","101","349"," 94","349"," 79"," 80","180"
"IE-0279-M650T-20.dw.png","144","126","156","123","184","157","179","130","179"," 88","224","148","256","158","247","148","263","127","246","121","262"," 99","258"," 79","262"," 61","290","145","303","121","336"," 92","351"," 85","351"," 69"," 91","173"
"IE-0279-M650T-22.dw.png","146","122","159","119","180","155","179","128","180"," 86","227","149","258","160","249","150","268","131","250","124","267","103","265"," 82","268"," 66","293","151","308","128","343","102","361"," 96","363"," 82"," 90","165"
"IE-0279-M650T-39.dw.png","131","136","144","132","168","167","166","140","163"," 99","212","157","244","165","234","157","250","136","233","130","250","108","243"," 87","245"," 71","277","153","292","129","324","100","340"," 93","339"," 77"," 78","184"
"IE-0279-M650T-44.dw.png","148","134","161","129","183","163","182","135","178"," 95","228","153","260","160","250","151","265","130","250","124","264","102","259"," 82","260"," 63","291","147","304","123","337"," 93","355"," 86","356"," 71"," 95","184"
"IE-0279-M650T-45.dw.png","139","133","154","130","179","165","175","137","176"," 93","223","158","254","167","245","157","264","135","246","130","261","108","257"," 85","261"," 69","286","156","304","131","339","103","354"," 96","353"," 80"," 87","182"
"IE-0279-M650T-48.dw.png","141","119","154","115","179","154","177","126","177"," 85","221","149","252","161","242","151","260","131","246","125","263","103","260"," 80","264"," 63","286","153","303","130","338","102","356"," 97","358"," 81"," 83","162"
"IE-0279-M650T-72.dw.png","131","125","144","122","169","157","165","129","164"," 89","213","148","244","156","235","147","252","126","236","121","252"," 99","247"," 77","247"," 61","277","144","294","120","326"," 93","340"," 86","340"," 72"," 78","172"
"IE-0279-M650T-9.dw.png","145","111","159","110","177","149","178","123","184"," 82","218","149","248","163","241","153","261","136","247","128","266","110","265"," 87","271"," 71","283","159","301","140","341","118","358","114","363","100"," 87","147"
"IE-0279-M650T-93.dw.png","143","126","156","124","182","160","178","133","180"," 92","223","154","256","165","247","155","266","135","248","128","266","109","261"," 87","264"," 70","292","156","308","132","342","106","359"," 99","358"," 85"," 85","169"
"IE-0280-M651T-13.dw.png","140","138","153","134","182","165","174","139","170"," 99","224","155","253","164","245","154","261","132","242","128","257","106","251"," 85","254"," 68","286","149","298","127","329"," 98","345"," 89","342"," 74"," 89","189"
"IE-0280-M651T-24.dw.png","135","216","148","208","183","236","169","210","157","171","224","215","253","217","243","210","255","184","234","184","244","159","233","140","232","122","282","196","290","169","312","134","327","122","322","108"," 98","277"
"IE-0280-M651T-34.dw.png","145","118","159","115","182","151","178","124","181"," 83","223","146","252","156","243","146","264","126","249","120","262"," 99","260"," 79","264"," 61","285","146","300","124","333"," 98","351"," 91","351"," 76"," 90","164"
"IE-0280-M651T-40.dw.png","144","115","158","114","178","154","176","125","184"," 86","218","153","245","167","238","156","260","139","246","130","263","111","263"," 90","272"," 74","281","162","299","142","335","120","353","116","357","103"," 83","152"
"IE-0280-M651T-49.dw.png","132","129","145","124","177","158","168","130","167"," 88","218","147","246","157","237","146","257","126","237","121","253","100","249"," 78","253"," 61","283","143","297","121","327"," 96","346"," 89","345"," 73"," 83","178"
"IE-0280-M651T-59.dw.png","142","118","155","116","182","154","176","126","179"," 84","222","150","250","162","241","152","261","132","244","125","263","104","263"," 83","267"," 67","285","154","301","132","335","107","354","101","355"," 86"," 87","162"
"IE-0280-M651T-66.dw.png","160","128","172","125","202","159","191","131","191"," 92","244","150","272","160","264","150","280","129","262","124","278","103","272"," 82","275"," 66","302","149","320","125","352"," 96","367"," 90","365"," 74","104","178"
"IE-0280-M651T-70.dw.png","134","135","147","132","173","167","168","139","168"," 99","210","158","242","167","232","158","249","137","233","132","249","111","244"," 90","247"," 73","275","154","287","131","319","103","337"," 95","337"," 82"," 84","184"
"IE-0280-M651T-8.dw.png","145","128","159","125","186","160","181","133","180"," 91","225","152","256","161","246","151","263","130","249","126","263","103","259"," 82","263"," 65","288","149","302","126","335"," 99","351"," 93","351"," 78"," 92","177"
"IE-0280-M651T-91.dw.png","142","119","155","116","182","155","175","126","180"," 87","222","149","252","160","244","151","261","131","247","125","261","104","260"," 83","264"," 67","285","152","302","130","335","106","354","101","354"," 87"," 89","162"
"IE-0280-M651T-94.dw.png","144","151","158","146","185","180","175","151","174","112","226","169","255","176","244","168","265","144","245","140","259","118","255"," 97","255"," 79","291","160","305","136","333","107","348","100","346"," 82"," 94","205"
"IE-0280-M651T-95.dw.png","142","122","156","118","187","152","178","125","174"," 84","226","143","254","151","245","142","265","119","246","115","260"," 93","256"," 73","256"," 57","288","137","302","113","335"," 84","351"," 77","349"," 63"," 90","174"
"IE-0281-M653T-126.dw.png","115","117","131","116","152","157","154","128","159"," 83","193","155","222","170","215","159","238","141","215","129","236","113","238"," 90","247"," 73","256","164","279","142","315","121","335","115","339","100"," 55","157"
"IE-0281-M653T-130.dw.png","132","116","145","115","169","155","167","125","173"," 82","209","153","238","167","230","156","252","139","231","128","250","110","251"," 88","261"," 72","272","162","292","141","327","119","348","113","352"," 99"," 73","158"
"IE-0281-M653T-138.dw.png","138","120","153","120","176","159","176","132","182"," 87","215","159","245","172","237","162","259","144","236","133","256","117","257"," 94","267"," 78","282","166","301","146","339","123","358","118","361","103"," 78","159"
"IE-0281-M653T-32.dw.png","127","126","140","124","163","163","161","134","164"," 93","204","158","234","169","227","159","247","141","228","133","248","113","247"," 91","254"," 75","269","160","287","139","328","113","347","108","352"," 94"," 67","170"
"IE-0281-M653T-33.dw.png","132","120","144","117","170","155","167","126","168"," 84","208","149","240","160","231","150","254","130","234","122","253","102","251"," 81","258"," 64","275","150","292","128","333","100","349"," 95","353"," 80"," 75","167"
"IE-0281-M653T-35.dw.png","129","129","143","124","172","162","168","133","168"," 90","212","154","243","164","233","154","254","133","231","126","253","105","250"," 83","258"," 66","277","153","293","129","332","100","350"," 93","353"," 78"," 76","176"
"IE-0281-M653T-60.dw.png","126","117","143","116","164","154","164","126","167"," 84","204","151","233","164","225","153","246","135","224","126","246","107","243"," 86","252"," 68","269","157","286","135","322","110","343","104","346"," 90"," 68","159"
"IE-0281-M653T-63.dw.png","138","119","153","119","170","159","174","132","179"," 90","212","159","239","175","232","163","254","147","237","137","258","120","259"," 97","269"," 82","276","171","295","152","336","128","354","125","360","112"," 75","157"
"IE-0281-M653T-69.dw.png","146","122","159","119","186","157","183","129","184"," 83","223","152","254","163","244","152","266","132","242","124","263","104","262"," 83","269"," 66","287","153","304","130","337","104","358"," 96","359"," 82"," 89","169"
"IE-0281-M653T-92.dw.png","136","117","151","118","161","159","169","131","183"," 92","203","164","231","183","224","170","247","156","233","146","256","131","259","109","270"," 93","269","182","288","164","331","148","351","146","358","134"," 70","146"
"IE-0281-M653T-96.dw.png","137","115","151","114","170","153","174","126","178"," 85","213","152","242","166","235","154","258","137","241","128","259","110","261"," 90","269"," 74","276","159","296","139","338","117","357","114","362"," 99"," 79","155"
"IE-0281-M653T-97.dw.png","138","112","151","111","168","150","172","122","175"," 82","209","147","240","160","230","149","255","132","236","122","254","104","255"," 83","261"," 67","273","153","293","131","332","107","349","103","353"," 88"," 77","156"
"IE-0282-M655-1.dw.png"," 96"," 86","111"," 85","124","124","131"," 99","140"," 57","167","127","198","144","190","133","210","118","195","107","217"," 92","219"," 70","227"," 55","231","142","252","123","291","106","311","104","314"," 90"," 37","119"
"IE-0282-M655-10.dw.png","101","110","113","104","145","138","136","110","131"," 69","179","126","212","132","201","124","218","102","200"," 98","214"," 75","209"," 55","211"," 38","243","118","257"," 93","290"," 62","307"," 54","305"," 38"," 54","163"
"IE-0282-M655-11.dw.png","107"," 85","122"," 85","137","128","141","100","156"," 62","179","133","208","151","202","140","223","126","209","115","232","101","236"," 79","245"," 65","242","152","265","136","309","120","326","119","331","105"," 44","115"
"IE-0282-M655-12.dw.png","112"," 93","125"," 92","144","133","148","106","154"," 65","186","134","213","151","205","139","228","122","214","114","231"," 95","233"," 75","241"," 60","247","148","270","129","310","109","329","106","333"," 94"," 49","127"
"IE-0282-M655-2.dw.png","115","113","129","109","153","145","152","118","152"," 78","193","139","227","149","217","140","234","120","220","114","236"," 95","234"," 73","238"," 56","257","141","275","119","312"," 91","327"," 86","327"," 70"," 64","158"
"IE-0282-M655-3.dw.png","114","101","127","101","149","140","150","112","153"," 71","189","140","215","153","209","143","230","125","214","117","233"," 99","233"," 78","239"," 63","251","149","270","128","310","107","326","104","329"," 91"," 54","141"
"IE-0282-M655-4.dw.png","119","105","134","103","152","141","155","114","159"," 72","194","138","224","150","217","141","236","122","223","116","238"," 95","236"," 73","241"," 56","258","143","277","122","315"," 98","333"," 93","335"," 78"," 61","149"
"IE-0282-M655-6.dw.png","103","101","117"," 96","141","128","141","102","136"," 63","183","119","215","126","205","117","222"," 96","208"," 92","220"," 69","216"," 50","217"," 33","248","113","260"," 88","293"," 59","309"," 51","307"," 38"," 56","150"
"IE-0282-M655-7.dw.png","120"," 98","132"," 94","156","129","155","102","155"," 62","197","121","226","130","217","121","236","102","220"," 97","235"," 75","232"," 54","234"," 38","260","120","275"," 98","311"," 69","325"," 62","325"," 47"," 67","145"
"IE-0282-M655-8.dw.png"," 99"," 96","112"," 92","135","128","134"," 99","133"," 60","175","119","210","126","199","118","213"," 97","200"," 92","214"," 71","211"," 50","214"," 33","243","113","254"," 93","287"," 63","303"," 55","300"," 40"," 53","148"
"IE-0282-M655-9.dw.png"," 99"," 74","113"," 73","128","113","132"," 86","140"," 45","170","115","199","131","192","121","215","106","198"," 95","220"," 78","220"," 56","228"," 41","234","130","254","111","294"," 91","311"," 89","316"," 73"," 38","107"
"IE-0283-M656-1.dw.png","105"," 89","118"," 85","146","122","142"," 95","142"," 51","187","117","216","127","208","117","225"," 97","210"," 91","227"," 69","224"," 48","226"," 31","250","118","267"," 95","303"," 70","320"," 64","322"," 50"," 51","134"
"IE-0283-M656-10.dw.png","120","100","135","100","155","141","153","112","162"," 71","195","143","223","159","216","147","238","132","222","122","241","105","241"," 82","249"," 68","254","155","275","136","316","118","337","115","340","100"," 58","135"
"IE-0283-M656-11.dw.png","116","109","129","105","155","141","153","113","151"," 70","198","133","229","142","219","133","237","111","224","106","236"," 82","233"," 61","235"," 44","264","129","279","106","312"," 78","330"," 70","329"," 54"," 66","157"
"IE-0283-M656-12.dw.png"," 98","111","111","107","137","144","133","115","132"," 72","179","136","209","147","200","137","217","117","203","110","219"," 88","217"," 66","221"," 47","246","135","262","113","297"," 86","318"," 78","319"," 62"," 43","159"
"IE-0283-M656-2.dw.png"," 89","129"," 99","124","130","155","121","128","110"," 88","168","142","201","146","190","139","199","116","184","111","199"," 89","194"," 68","195"," 50","230","131","241","107","270"," 75","289"," 64","287"," 48"," 41","184"
"IE-0283-M656-3.dw.png","108"," 95","120"," 90","152","123","142"," 95","137"," 56","191","113","223","122","212","112","227"," 91","213"," 86","226"," 65","222"," 45","223"," 27","255","109","268"," 86","304"," 54","321"," 47","320"," 32"," 57","146"
"IE-0283-M656-4.dw.png","132","104","144","103","164","144","166","116","170"," 74","204","144","234","161","226","148","244","131","235","123","252","105","254"," 83","259"," 66","268","157","289","137","331","114","348","111","352"," 97"," 67","141"
"IE-0283-M656-5.dw.png"," 78"," 83"," 92"," 82","115","120","113"," 90","115"," 49","159","117","186","129","176","119","193"," 99","181"," 92","198"," 71","197"," 51","201"," 34","218","121","236","100","274"," 76","291"," 73","295"," 55"," 24","126"
"IE-0283-M656-6.dw.png"," 90","114","105","109","135","144","127","115","123"," 73","179","132","206","139","195","132","213","107","195","103","209"," 79","205"," 58","206"," 40","240","124","254"," 98","288"," 67","303"," 60","302"," 43"," 46","167"
"IE-0283-M656-7.dw.png"," 97"," 91","112"," 88","132","126","132"," 98","133"," 55","175","122","204","133","195","124","216","103","200"," 96","217"," 76","216"," 55","222"," 38","242","123","256","103","295"," 78","313"," 72","314"," 59"," 45","134"
"IE-0283-M656-8.dw.png","113","106","127","101","156","134","149","108","143"," 67","193","125","224","132","214","123","228","102","214"," 97","227"," 77","224"," 55","226"," 38","257","119","270"," 97","302"," 68","321"," 59","320"," 44"," 66","157"
"IE-0283-M656-9.dw.png","121"," 96","132"," 94","157","133","153","105","156"," 63","194","131","221","146","212","135","230","116","215","107","234"," 90","236"," 69","243"," 52","255","140","271","120","309"," 98","328"," 93","331"," 78"," 61","135"
"IE-0284-M657-1.dw.png","119","104","132","100","155","136","158","109","155"," 66","203","129","236","139","225","129","241","109","226","102","242"," 82","241"," 60","244"," 44","269","129","285","105","319"," 79","336"," 73","337"," 57"," 65","152"
"IE-0284-M657-10.dw.png","109","103","123","100","146","136","145","109","145"," 67","192","131","221","141","211","132","227","110","213","104","230"," 84","229"," 63","232"," 45","254","132","272","108","308"," 82","324"," 77","326"," 61"," 55","150"
"IE-0284-M657-11.dw.png","102","121","115","115","139","147","140","122","130"," 83","181","137","215","144","203","134","217","114","200","109","216"," 89","213"," 69","216"," 54","246","130","260","108","291"," 79","308"," 72","307"," 58"," 57","169"
"IE-0284-M657-12.dw.png","111","102","125","101","141","140","146","114","151"," 73","187","140","216","156","209","145","225","128","215","120","234","104","236"," 83","242"," 67","252","151","269","134","307","113","326","111","330"," 96"," 53","137"
"IE-0284-M657-2.dw.png","121","101","134"," 97","159","132","158","105","157"," 63","201","125","233","134","223","125","238","104","225"," 98","241"," 77","239"," 54","242"," 39","267","122","281","101","317"," 73","334"," 66","335"," 50"," 72","149"
"IE-0284-M657-3.dw.png"," 80","141"," 90","134","125","162","119","137","104"," 97","162","145","195","148","185","141","197","117","178","115","192"," 91","185"," 70","183"," 54","226","128","238","103","266"," 68","280"," 58","277"," 43"," 45","200"
"IE-0284-M657-4.dw.png","103","125","116","120","144","152","144","127","132"," 87","187","142","219","148","209","139","223","118","207","114","221"," 92","217"," 71","218"," 55","250","136","264","111","296"," 82","312"," 75","309"," 59"," 54","175"
"IE-0284-M657-5.dw.png"," 94","146","106","140","139","169","133","143","121","103","180","153","211","156","202","149","213","125","197","122","208"," 99","203"," 79","204"," 61","243","137","252","114","282"," 80","297"," 69","294"," 55"," 52","203"
"IE-0284-M657-6.dw.png","119","102","132"," 99","157","134","156","108","156"," 67","200","128","231","140","222","129","239","109","225","103","241"," 83","241"," 62","245"," 47","265","129","282","108","317"," 82","334"," 76","335"," 60"," 66","146"
"IE-0284-M657-7.dw.png","110","107","122","101","152","133","151","108","138"," 68","193","121","224","128","215","120","230"," 98","214"," 94","227"," 72","223"," 51","225"," 35","258","113","270"," 91","300"," 62","318"," 53","317"," 39"," 66","156"
"IE-0284-M657-8.dw.png","100","149","110","143","141","174","138","149","127","106","180","160","214","163","203","155","213","133","203","130","212","106","205"," 84","206"," 67","244","146","255","122","286"," 88","301"," 78","299"," 63"," 60","204"
"IE-0284-M657-9.dw.png","104","109","117","104","144","139","141","112","136"," 70","184","128","217","137","207","127","223","107","207","101","222"," 81","219"," 59","222"," 42","250","123","264","103","300"," 75","317"," 67","317"," 51"," 54","158"
"IE-0285-M658-1.dw.png"," 96","141","111","134","141","166","130","139","127"," 99","182","152","214","158","203","149","218","127","200","123","214","100","208"," 81","207"," 63","247","141","260","117","289"," 86","305"," 77","303"," 62"," 52","197"
"IE-0285-M658-10.dw.png","117","101","131","100","147","141","150","113","159"," 72","192","141","221","156","214","146","236","130","218","120","237","101","238"," 81","245"," 64","256","152","273","134","313","112","332","109","334"," 93"," 56","138"
"IE-0285-M658-11.dw.png","116","105","131","101","153","136","153","109","152"," 67","198","128","230","137","222","128","238","109","221","102","237"," 83","233"," 62","239"," 44","264","126","279","105","312"," 77","331"," 71","331"," 56"," 62","153"
"IE-0285-M658-12.dw.png"," 96","149","109","144","141","175","132","148","125","107","180","161","211","165","201","157","213","134","198","131","207","108","200"," 87","201"," 70","242","147","252","124","280"," 89","294"," 80","292"," 65"," 56","208"
"IE-0285-M658-2.dw.png","102"," 95","118"," 92","140","128","137","100","139"," 61","182","122","211","132","203","124","217","103","202"," 97","219"," 75","216"," 56","220"," 39","246","121","260","100","294"," 73","311"," 67","309"," 51"," 49","141"
"IE-0285-M658-3.dw.png","109","111","126","107","149","143","146","115","144"," 74","195","134","225","142","217","132","235","113","215","106","230"," 85","226"," 64","228"," 47","261","129","276","108","309"," 79","325"," 72","321"," 55"," 58","162"
"IE-0285-M658-4.dw.png","104"," 96","118"," 92","143","130","138","101","139"," 58","188","121","217","130","209","121","224","101","206"," 95","222"," 72","218"," 51","221"," 34","252","118","266"," 96","298"," 67","314"," 60","313"," 44"," 53","145"
"IE-0285-M658-5.dw.png"," 97","102","111"," 98","134","134","132","106","132"," 65","179","126","209","135","201","126","218","108","200","100","216"," 80","212"," 59","216"," 43","243","125","257","104","290"," 76","307"," 70","305"," 55"," 44","151"
"IE-0285-M658-6.dw.png","108","113","121","108","151","143","143","116","141"," 74","193","134","222","141","212","133","230","111","211","106","227"," 84","225"," 64","228"," 46","255","128","270","107","303"," 75","319"," 68","318"," 52"," 58","164"
"IE-0285-M658-7.dw.png","106","143","120","137","151","170","146","143","135","103","194","156","224","162","216","154","227","132","210","128","223","105","217"," 83","218"," 66","256","146","269","121","299"," 89","313"," 81","310"," 66"," 63","198"
"IE-0285-M658-8.dw.png","114","100","130"," 97","156","132","149","104","150"," 62","199","123","227","132","219","123","234","103","213"," 96","231"," 74","228"," 55","230"," 37","261","121","276"," 98","306"," 70","325"," 62","324"," 46"," 62","149"
"IE-0285-M658-9.dw.png","103"," 81","119"," 79","138","119","138"," 89","144"," 50","180","116","212","129","203","118","223","100","206"," 92","226"," 73","226"," 53","233"," 35","246","122","263","103","302"," 79","322"," 74","325"," 58"," 45","124"
"IE-0286-M659-10.dw.png","135","120","150","118","171","158","173","129","177"," 86","216","155","246","167","237","157","256","139","245","132","263","112","259"," 89","268"," 72","280","160","299","140","337","116","359","110","360"," 96"," 75","163"
"IE-0286-M659-104.dw.png","139","134","152","131","178","168","175","140","175"," 99","222","161","251","172","242","162","261","142","245","136","260","114","257"," 93","262"," 75","285","161","301","138","337","110","355","105","357"," 91"," 83","179"
"IE-0286-M659-106.dw.png","145","123","158","121","186","159","180","129","181"," 88","224","153","254","164","245","154","264","134","247","128","264","107","261"," 84","269"," 68","289","153","305","131","343","105","364"," 99","366"," 84"," 87","169"
"IE-0286-M659-13.dw.png","128","116","141","115","162","155","161","126","170"," 85","203","155","231","169","222","157","244","139","233","132","248","113","247"," 92","257"," 75","266","162","284","141","323","120","342","116","346","102"," 65","155"
"IE-0286-M659-37.dw.png","130","131","143","128","170","163","168","137","164"," 95","209","157","237","167","229","158","245","138","232","132","248","111","245"," 89","251"," 72","272","156","286","135","323","108","345","102","349"," 88"," 76","175"
"IE-0286-M659-46.dw.png","130","133","142","129","172","166","165","137","162"," 95","210","157","241","165","231","157","249","136","232","129","246","108","241"," 85","247"," 67","275","153","290","130","324","100","341"," 93","343"," 77"," 80","181"
"IE-0286-M659-51.dw.png","126","197","139","191","167","223","164","197","156","158","207","211","237","217","228","208","241","186","226","183","238","161","231","140","236","123","269","201","281","178","313","146","329","137","328","122"," 80","248"
"IE-0286-M659-64.dw.png","148","129","162","127","186","165","182","137","184"," 97","223","160","253","172","244","162","262","142","250","136","266","117","265"," 96","273"," 79","287","163","303","143","341","119","360","113","362"," 98"," 90","173"
"IE-0286-M659-7.dw.png","135","121","148","119","173","157","169","129","170"," 89","213","152","241","163","233","153","250","133","237","127","252","106","250"," 85","256"," 67","274","153","291","131","327","105","345"," 99","347"," 83"," 78","167"
"IE-0286-M659-76.dw.png","136","144","148","139","178","173","170","146","168","104","220","161","249","169","240","159","256","139","240","134","252","112","246"," 90","251"," 73","282","154","293","132","326","101","345"," 92","344"," 77"," 88","196"
"IE-0286-M659-99.dw.png"," 98","133","111","130","136","163","137","135","131"," 95","181","150","212","157","203","148","216","126","200","122","212","101","207"," 78","212"," 61","243","142","259","117","289"," 89","308"," 79","307"," 64"," 48","186"
"IE-0286-M659-99x.dw.png","104"," 93","119"," 91","140","131","140","102","144"," 59","186","128","215","139","205","129","225","110","212","103","229"," 82","226"," 59","233"," 42","248","133","270","109","304"," 85","325"," 80","327"," 66"," 45","135"
"IE-0287-M660-10.dw.png","150","117","165","116","190","155","188","126","191"," 83","227","151","259","164","250","154","269","135","255","127","273","107","272"," 85","278"," 69","293","157","313","136","349","112","368","107","369"," 92"," 91","159"
"IE-0287-M660-11.dw.png","140","111","155","112","172","158","174","127","187"," 85","214","163","240","180","235","168","260","153","246","141","265","125","267","102","275"," 87","275","179","298","161","341","143","356","143","363","131"," 74","144"
"IE-0287-M660-21.dw.png","138","118","153","116","177","157","175","128","181"," 84","218","155","247","170","239","159","262","141","241","131","262","113","262"," 90","268"," 74","282","164","305","143","342","121","359","117","362","103"," 78","158"
"IE-0287-M660-29.dw.png","148","120","161","119","184","160","187","133","189"," 89","225","159","253","174","246","164","267","146","250","136","270","119","271"," 97","278"," 82","288","169","308","150","347","128","365","125","368","111"," 88","160"
"IE-0287-M660-30.dw.png","144","124","160","121","187","158","180","128","182"," 88","231","150","259","158","249","150","267","128","249","122","264","103","262"," 80","263"," 62","291","147","307","125","341"," 97","359"," 91","359"," 75"," 93","176"
"IE-0287-M660-50.dw.png","133","123","145","119","178","154","168","126","165"," 83","215","147","244","156","236","148","253","126","236","120","250"," 97","246"," 75","250"," 58","278","143","292","121","324"," 91","340"," 84","339"," 70"," 84","174"
"IE-0287-M660-51.dw.png","128","124","141","121","170","160","166","131","167"," 86","210","154","239","165","230","155","250","135","233","128","248","107","247"," 84","252"," 67","274","155","290","133","325","108","342","102","345"," 87"," 74","171"
"IE-0287-M660-52.dw.png","143","118","156","116","178","157","178","128","181"," 86","218","155","247","168","239","158","259","140","244","131","260","113","261"," 91","267"," 76","280","163","298","144","333","122","351","118","353","104"," 85","160"
"IE-0287-M660-65.dw.png","137","120","154","119","177","157","178","128","178"," 86","220","154","249","165","240","155","262","136","242","128","260","109","260"," 87","266"," 70","283","158","302","137","338","112","356","107","359"," 92"," 83","165"
"IE-0287-M660-75.dw.png","144","126","156","122","185","158","180","130","180"," 88","227","150","257","159","249","150","267","127","250","121","264"," 99","261"," 77","264"," 60","292","146","307","123","339"," 93","357"," 87","355"," 71"," 92","175"
"IE-0287-M660-76.dw.png","137","122","149","118","178","155","169","126","171"," 84","215","147","245","157","237","148","254","126","238","120","252"," 98","250"," 76","253"," 60","279","146","295","122","327"," 94","344"," 88","344"," 72"," 82","171"
"IE-0287-M660-8.dw.png","138","122","152","118","179","156","173","128","180"," 85","218","152","248","165","241","154","259","135","240","126","261","107","260"," 84","265"," 68","282","156","300","136","337","110","355","105","356"," 89"," 82","167"
"IE-0288-M661-10.dw.png","124","116","136","113","161","150","162","126","159"," 83","201","147","231","160","222","150","245","132","226","123","245","105","245"," 83","249"," 67","267","152","288","131","324","107","342","102","343"," 88"," 66","158"
"IE-0288-M661-11.dw.png","141","116","155","114","175","151","178","125","181"," 83","220","148","253","162","243","151","263","132","247","124","264","107","261"," 83","267"," 67","288","154","307","132","341","109","358","104","359"," 89"," 83","158"
"IE-0288-M661-13.dw.png","125","110","139","108","159","147","165","122","164"," 80","201","146","231","160","223","150","245","132","230","124","249","107","249"," 85","255"," 70","265","155","288","135","327","113","346","109","350"," 95"," 67","147"
"IE-0288-M661-25.dw.png","120","114","133","112","157","149","157","122","155"," 77","201","143","233","154","224","145","240","123","229","118","244"," 97","241"," 73","246"," 58","266","145","284","123","323"," 96","337"," 90","338"," 74"," 65","161"
"IE-0288-M661-33.dw.png","130","134","144","131","164","165","166","139","165"," 98","210","156","242","165","233","156","248","136","233","131","248","111","244"," 89","249"," 72","277","154","292","131","324","103","341"," 96","341"," 81"," 78","182"
"IE-0288-M661-35.dw.png","130","121","143","116","171","152","168","126","165"," 84","216","146","244","156","235","146","248","126","234","121","251"," 99","248"," 76","252"," 60","276","146","293","124","327"," 95","345"," 89","345"," 74"," 79","167"
"IE-0288-M661-43.dw.png","116","137","129","132","159","164","157","141","148"," 99","194","156","228","164","218","156","236","135","219","129","235","108","231"," 87","233"," 71","262","151","278","127","311"," 98","329"," 90","328"," 75"," 67","187"
"IE-0288-M661-44.dw.png","128","113","140","111","166","147","165","121","161"," 81","206","145","235","156","227","146","245","128","230","121","248","101","248"," 80","252"," 64","269","149","287","129","322","105","340","100","344"," 85"," 72","155"
"IE-0288-M661-46.dw.png","138","104","153","106","166","147","169","119","186"," 82","208","153","232","173","228","161","249","146","237","135","258","122","261","100","267"," 86","269","173","291","156","332","142","351","143","355","128"," 72","129"
"IE-0288-M661-56.dw.png","116","115","128","114","148","152","153","126","154"," 84","193","152","222","166","213","155","232","137","221","130","236","111","237"," 88","243"," 73","256","160","275","140","313","118","331","113","334","100"," 56","154"
"IE-0288-M661-58.dw.png","135","121","148","118","172","154","173","126","168"," 86","212","147","244","156","234","147","256","126","238","119","255","100","252"," 77","255"," 61","278","146","297","123","331"," 95","346"," 90","347"," 74"," 78","169"
"IE-0288-M661-59.dw.png","151","120","164","118","188","157","190","131","190"," 88","229","155","261","170","252","159","272","141","258","132","277","114","278"," 92","284"," 78","296","163","316","143","354","120","372","115","374","101"," 90","159"
"IE-0289-M662-11.dw.png","119","107","133","105","153","144","153","118","162"," 76","195","145","223","159","215","148","237","131","220","123","239","104","239"," 81","245"," 64","256","154","276","133","315","112","332","107","336"," 94"," 60","144"
"IE-0289-M662-12.dw.png","109","107","123","106","148","145","148","119","147"," 79","186","142","214","157","206","145","225","130","209","122","228","105","229"," 84","234"," 69","248","152","267","132","302","111","322","106","324"," 93"," 54","144"
"IE-0289-M662-13.dw.png","112","118","124","113","155","149","149","121","144"," 81","195","139","224","147","216","137","232","117","215","112","230"," 91","224"," 70","226"," 53","256","134","271","112","302"," 84","318"," 76","317"," 62"," 63","168"
"IE-0289-M662-26.dw.png","115","107","129","105","148","147","149","120","158"," 76","189","146","219","162","210","150","230","133","215","125","234","107","237"," 83","241"," 67","252","156","273","134","312","114","328","110","332"," 96"," 54","145"
"IE-0289-M662-28.dw.png","126","104","138","104","164","144","161","117","164"," 76","200","141","230","155","222","145","241","128","226","119","243","101","244"," 80","249"," 65","262","149","281","129","317","108","335","103","335"," 90"," 68","144"
"IE-0289-M662-29.dw.png","118","125","131","122","158","155","155","130","152"," 87","197","147","228","156","219","146","235","126","215","121","232"," 98","229"," 77","232"," 60","262","142","276","119","309"," 90","323"," 84","322"," 69"," 69","175"
"IE-0289-M662-38.dw.png","116","106","130","106","148","147","151","120","159"," 79","189","148","216","164","210","154","231","138","214","127","236","112","237"," 90","244"," 75","251","161","270","144","308","123","325","120","329","108"," 54","140"
"IE-0289-M662-42.dw.png","109","112","124","110","149","148","148","122","150"," 80","188","145","218","157","210","147","228","129","212","121","230","102","227"," 80","233"," 64","251","150","271","128","306","104","324"," 99","328"," 85"," 54","153"
"IE-0289-M662-45.dw.png","135","115","150","114","174","154","173","127","177"," 82","214","151","243","165","234","153","256","135","238","127","257","108","256"," 85","262"," 68","277","157","297","135","333","111","351","107","353"," 92"," 77","157"
"IE-0289-M662-51.dw.png","122","112","135","111","155","148","158","124","161"," 81","194","148","223","162","214","151","233","135","218","125","238","108","239"," 87","244"," 71","258","156","275","137","310","117","327","113","329"," 99"," 62","150"
"IE-0289-M662-53.dw.png","112","136","125","132","155","165","151","139","144"," 97","196","156","227","164","216","155","235","134","215","128","229","107","224"," 85","227"," 69","259","151","274","127","306"," 97","322"," 89","321"," 74"," 64","185"
"IE-0289-M662-55.dw.png","129","108","143","107","167","144","165","118","167"," 79","205","142","233","156","223","145","242","129","227","120","248","104","246"," 83","251"," 69","268","151","284","131","321","110","339","107","340"," 94"," 71","146"
"IE-0290-M663-13.dw.png","119","107","133","107","155","145","155","119","159"," 79","195","144","224","158","217","148","237","131","220","123","240","105","238"," 84","245"," 68","260","152","277","133","312","112","330","107","331"," 93"," 61","142"
"IE-0290-M663-17.dw.png","120","174","131","168","162","199","156","174","146","131","204","185","237","188","227","181","242","157","222","154","233","131","227","111","227"," 92","270","169","283","145","311","113","326","103","322"," 88"," 75","229"
"IE-0290-M663-18.dw.png","129","118","141","115","168","154","166","126","163"," 84","209","150","237","161","229","152","251","132","234","123","252","104","251"," 82","255"," 65","273","151","290","131","331","104","348"," 99","349"," 84"," 72","162"
"IE-0290-M663-30.dw.png","118","117","133","115","159","152","157","126","158"," 84","201","148","230","160","221","149","240","130","221","123","240","104","239"," 82","244"," 67","265","150","282","129","316","104","332"," 99","333"," 86"," 64","161"
"IE-0290-M663-31.dw.png","123","116","136","114","161","151","157","123","158"," 83","202","147","231","158","223","149","244","130","225","122","245","102","242"," 80","247"," 63","268","148","285","127","322","100","342"," 94","342"," 79"," 64","160"
"IE-0290-M663-33.dw.png","132","110","144","109","164","148","168","123","170"," 81","205","148","233","163","227","153","247","136","232","127","252","109","253"," 88","259"," 73","270","158","289","140","330","119","348","116","353","102"," 70","147"
"IE-0290-M663-40.dw.png","121","116","133","114","156","153","156","127","160"," 84","200","152","229","167","221","156","244","139","226","130","245","112","245"," 89","251"," 74","264","161","284","142","324","118","339","115","341","100"," 60","154"
"IE-0290-M663-48.dw.png","119","122","130","118","163","154","154","126","151"," 86","202","146","233","155","224","146","241","123","222","117","236"," 96","231"," 74","234"," 58","266","141","282","119","313"," 90","329"," 82","330"," 68"," 66","171"
"IE-0290-M663-54.dw.png","120","140","133","135","162","169","158","142","153","102","202","159","233","167","224","159","240","137","223","133","240","110","235"," 88","238"," 70","264","155","281","130","316","100","334"," 93","333"," 77"," 69","190"
"IE-0290-M663-60.dw.png","132"," 98","147"," 99","154","139","166","115","177"," 74","199","146","226","166","219","154","244","141","230","129","253","116","258"," 94","266"," 81","262","167","285","152","326","137","343","136","350","123"," 66","124"
"IE-0290-M663-68.dw.png","123","106","136","106","152","146","155","120","165"," 78","194","149","223","167","218","155","241","139","223","128","246","113","248"," 91","255"," 76","261","164","284","146","324","129","340","126","344","111"," 59","138"
"IE-0290-M663-74.dw.png","130","119","142","115","173","152","167","124","165"," 83","212","144","244","153","236","145","252","124","236","117","253"," 97","249"," 75","253"," 59","277","142","293","120","331"," 91","349"," 84","349"," 69"," 78","169"
"IE-0291-M664-113.dw.png","125","116","137","114","158","151","159","125","163"," 83","199","149","229","162","220","152","240","134","227","127","244","107","243"," 85","252"," 69","264","155","280","135","318","112","338","108","342"," 94"," 67","155"
"IE-0291-M664-116.dw.png","117","138","131","133","157","165","151","139","149","100","198","156","228","162","218","154","234","132","219","128","230","107","226"," 88","230"," 72","259","149","273","126","303"," 98","322"," 88","322"," 74"," 69","187"
"IE-0291-M664-18.dw.png","123","113","137","111","158","149","159","123","161"," 80","200","146","231","158","223","149","242","129","226","122","242","102","241"," 81","249"," 65","263","151","282","130","319","106","339","100","343"," 86"," 68","157"
"IE-0291-M664-21.dw.png","123","116","137","115","156","151","157","125","163"," 83","198","150","228","163","221","153","242","134","225","127","240","109","240"," 87","249"," 69","263","157","284","135","319","112","339","108","342"," 94"," 65","159"
"IE-0291-M664-30.dw.png","121","152","133","150","159","186","156","158","156","117","198","179","233","189","224","180","240","159","222","153","239","132","237","111","243"," 94","266","178","281","157","315","129","335","122","336","107"," 68","199"
"IE-0291-M664-43.dw.png","124","104","138","104","147","143","155","118","167"," 81","188","148","218","166","212","154","236","141","220","131","241","117","244"," 96","255"," 82","254","165","275","148","314","131","334","130","340","117"," 61","131"
"IE-0291-M664-55.dw.png","124","119","137","116","160","153","158","125","164"," 83","200","148","234","160","224","150","244","130","228","124","242","104","240"," 82","248"," 65","265","152","283","131","321","104","338"," 99","341"," 85"," 66","163"
"IE-0291-M664-59.dw.png","139","138","154","136","174","172","173","146","179","104","214","170","247","182","238","173","261","155","241","146","260","128","259","107","267"," 90","283","176","302","156","340","132","359","129","363","115"," 81","181"
"IE-0291-M664-76.dw.png","113","112","125","109","147","148","148","120","150"," 80","187","146","219","158","210","149","231","129","214","122","234","103","230"," 82","238"," 67","255","151","271","131","306","107","325","103","328"," 88"," 54","151"
"IE-0291-M664-80.dw.png","109","114","122","112","140","148","145","122","145"," 81","184","144","217","155","208","146","227","126","208","119","227","100","225"," 79","233"," 62","251","146","266","125","298"," 99","319"," 93","321"," 78"," 53","154"
"IE-0291-M664-84.dw.png","148","122","159","119","183","156","181","129","187"," 88","225","152","254","164","246","154","265","135","248","127","265","109","263"," 88","271"," 71","288","155","304","135","339","111","359","105","361"," 91"," 93","165"
"IE-0292-M665-108.dw.png","116","111","127","110","145","150","149","123","156"," 83","185","152","212","169","204","157","229","141","212","131","232","115","234"," 92","242"," 76","245","166","267","147","306","127","325","125","331","112"," 54","148"
"IE-0292-M665-118.dw.png","130","128","144","127","164","165","163","138","167"," 96","204","163","234","178","226","167","246","150","226","140","249","124","249"," 99","258"," 84","269","171","288","153","324","130","347","125","350","111"," 72","167"
"IE-0292-M665-121.dw.png","119","163","132","159","160","193","158","166","151","122","206","182","234","188","224","180","242","155","223","152","239","129","233","107","236"," 90","269","172","284","147","313","116","332","107","331"," 93"," 69","215"
"IE-0292-M665-151.dw.png","140","113","152","112","175","149","175","123","175"," 84","214","145","243","159","234","148","253","131","236","122","255","106","253"," 85","260"," 69","275","151","293","131","328","109","347","104","349"," 94"," 84","156"
"IE-0292-M665-155.dw.png","126","112","141","113","156","155","161","128","171"," 86","197","158","226","176","219","164","242","149","226","138","249","122","251","101","261"," 84","262","173","283","157","325","137","350","135","354","122"," 59","146"
"IE-0292-M665-157.dw.png","115","120","128","118","148","156","148","129","153"," 88","188","155","219","169","210","158","230","139","213","131","233","113","233"," 91","241"," 75","252","162","273","141","311","119","332","115","334","101"," 56","160"
"IE-0292-M665-48.dw.png","124","109","137","109","158","148","156","121","162"," 81","195","148","223","163","215","152","237","135","220","126","241","109","242"," 88","250"," 74","258","159","279","139","313","119","337","115","341","102"," 61","144"
"IE-0292-M665-49.dw.png","122","121","138","120","160","157","161","131","163"," 89","201","154","229","167","221","157","240","139","222","130","242","111","241"," 88","248"," 70","263","160","281","139","319","114","339","108","342"," 93"," 65","163"
"IE-0292-M665-73.dw.png","115"," 95","129"," 95","148","139","147","108","158"," 68","187","142","213","159","204","146","231","132","211","121","235","105","238"," 83","244"," 69","246","156","270","137","310","119","330","119","335","105"," 50","129"
"IE-0292-M665-73x.dw.png","110"," 97","122"," 96","144","131","145","104","146"," 64","184","126","215","138","205","127","224","107","208","101","225"," 82","223"," 60","230"," 45","247","129","265","106","300"," 79","320"," 73","320"," 58"," 54","142"
"IE-0292-M665-78.dw.png","114","107","128","107","147","146","147","119","156"," 81","186","147","214","163","207","151","227","135","212","126","231","110","233"," 87","242"," 72","248","159","270","139","308","120","328","116","333","103"," 55","141"
"IE-0292-M665-91.dw.png","129","121","141","118","172","154","167","127","163"," 85","211","147","241","157","232","146","248","127","232","120","249"," 98","246"," 76","250"," 58","274","145","291","122","326"," 94","347"," 86","348"," 71"," 77","170"
"IE-0293-M666-48.dw.png","119"," 90","130"," 91","143","132","151","105","160"," 63","188","137","213","153","208","143","228","128","214","116","237","102","240"," 80","249"," 65","247","152","269","135","312","117","330","116","333","106"," 54","122"
"IE-0293-M666-52.dw.png","117"," 99","131"," 99","149","137","150","109","153"," 69","190","138","216","153","210","142","232","126","213","114","234"," 97","236"," 76","246"," 61","251","148","273","129","312","108","332","105","335"," 90"," 53","133"
"IE-0293-M666-53.dw.png","113","114","125","112","149","150","148","122","149"," 80","193","147","224","159","215","148","236","129","216","121","236","100","233"," 79","242"," 62","257","152","278","128","318","104","335","100","339"," 85"," 54","157"
"IE-0293-M666-61.dw.png","117","106","130","105","147","142","152","117","159"," 74","190","143","219","157","212","147","233","130","218","120","237","103","239"," 82","248"," 65","253","152","274","132","314","111","337","107","343"," 92"," 53","141"
"IE-0293-M666-74.dw.png","115","106","127","104","145","141","149","114","152"," 74","189","139","219","152","212","143","232","123","215","115","233"," 98","234"," 75","240"," 60","254","145","272","124","307","101","328"," 95","331"," 83"," 53","146"
"IE-0293-M666-75.dw.png","120"," 95","133"," 96","151","137","152","110","161"," 71","187","142","212","159","208","148","232","134","215","122","237","107","239"," 85","251"," 68","248","159","275","140","312","125","335","124","342","112"," 53","124"
"IE-0293-M666-77.dw.png","105","110","118","107","145","143","145","117","138"," 73","188","138","217","149","210","140","225","119","209","112","223"," 91","222"," 69","228"," 52","249","139","266","117","308"," 87","322"," 82","327"," 68"," 51","154"
"IE-0293-M666-78.dw.png","108","106","123","105","144","142","147","116","146"," 74","188","140","213","153","206","143","227","126","209","117","228"," 99","229"," 77","238"," 61","245","148","267","127","307","104","327","100","332"," 86"," 53","143"
"IE-0293-M666-79.dw.png","103","134","117","128","147","161","142","134","134"," 93","186","153","219","161","209","152","221","130","205","125","221","101","218"," 80","223"," 62","250","149","266","123","300"," 92","319"," 85","321"," 69"," 51","183"
"IE-0293-M666-91.dw.png","106","111","119","108","147","144","143","117","139"," 77","187","138","215","150","207","140","225","120","206","114","223"," 92","219"," 72","225"," 54","246","140","265","117","298"," 90","319"," 85","323"," 70"," 54","156"
"IE-0293-M666-92.dw.png","111","107","124","104","148","140","150","113","146"," 69","194","134","221","145","213","136","233","115","215","108","232"," 85","230"," 64","237"," 47","256","133","272","111","309"," 83","327"," 78","331"," 63"," 53","153"
"IE-0293-M666-95.dw.png","106","106","119","102","150","136","145","110","137"," 65","188","130","220","139","212","130","226","109","208","102","223"," 80","218"," 58","223"," 40","252","127","268","105","310"," 73","325"," 67","327"," 52"," 52","152"
"IE-0294-M669-15.dw.png","120","103","133","102","151","145","152","117","160"," 77","189","149","215","165","208","154","233","139","217","128","237","112","241"," 90","250"," 75","252","162","272","145","316","126","336","126","341","112"," 56","136"
"IE-0294-M669-16.dw.png","119","117","132","115","156","153","154","125","157"," 84","200","150","229","162","221","152","241","133","223","125","239","106","239"," 83","245"," 67","264","153","281","133","320","108","339","102","342"," 88"," 61","159"
"IE-0294-M669-17.dw.png","111","133","128","131","150","168","147","139","148"," 98","193","161","222","171","212","162","234","140","216","134","232","113","226"," 91","234"," 74","256","160","271","137","309","108","330","101","331"," 87"," 58","183"
"IE-0294-M669-31.dw.png","118","109","133","109","152","149","153","121","159"," 81","192","149","220","163","213","152","235","135","218","126","237","108","238"," 86","246"," 71","258","157","276","137","316","115","335","110","337"," 98"," 59","147"
"IE-0294-M669-32.dw.png","122","125","135","121","157","155","156","129","155"," 88","198","147","229","157","218","147","238","127","221","120","236"," 99","232"," 77","237"," 61","264","144","280","121","317"," 91","333"," 84","333"," 70"," 70","173"
"IE-0294-M669-34.dw.png","120","124","134","121","159","157","156","128","155"," 87","202","148","233","157","223","148","242","127","226","121","240","100","235"," 78","241"," 61","266","145","283","122","319"," 94","338"," 87","337"," 73"," 69","174"
"IE-0294-M669-41.dw.png","116","129","128","124","156","157","150","131","148"," 92","197","149","227","156","216","147","234","127","220","122","232","103","228"," 82","232"," 64","259","144","274","123","308"," 95","327"," 86","328"," 73"," 66","175"
"IE-0294-M669-44.dw.png","125","110","139","108","155","149","159","121","166"," 81","197","150","227","165","218","154","242","138","226","129","245","113","248"," 91","257"," 73","261","161","278","143","320","124","342","120","346","106"," 66","145"
"IE-0294-M669-56.dw.png","101","115","113","111","141","145","136","118","133"," 78","181","137","211","144","202","135","220","114","203","109","215"," 88","211"," 67","217"," 50","245","131","258","110","293"," 80","313"," 71","311"," 58"," 52","165"
"IE-0294-M669-56x.dw.png","107"," 90","121"," 89","138","129","142","101","147"," 61","180","129","209","144","200","132","222","116","208","106","227"," 91","226"," 68","235"," 52","240","139","263","119","302"," 98","322"," 94","326"," 82"," 45","127"
"IE-0294-M669-57.dw.png","121","112","135","110","157","146","156","119","159"," 79","197","141","226","152","216","142","239","124","220","115","237"," 98","235"," 78","241"," 62","261","142","277","120","312"," 96","331"," 91","333"," 77"," 66","156"
"IE-0294-M669-72.dw.png","117","112","130","109","157","143","155","118","151"," 79","196","137","225","147","216","138","232","119","216","113","233"," 93","230"," 71","235"," 56","258","136","272","116","309"," 89","326"," 82","328"," 68"," 64","156"
"IE-0295-M670-19.dw.png","117","108","131","107","149","145","149","117","155"," 77","190","146","217","161","209","151","232","133","213","124","233","107","235"," 87","243"," 72","252","156","271","137","310","117","330","116","334","101"," 57","146"
"IE-0295-M670-21.dw.png","121","122","135","118","159","154","158","126","153"," 85","201","145","230","153","221","145","238","123","219","117","235"," 97","232"," 75","237"," 57","263","141","278","117","310"," 88","330"," 79","329"," 65"," 70","171"
"IE-0295-M670-24.dw.png","122","129","136","125","160","159","159","133","155"," 92","201","151","232","160","222","151","241","131","222","124","237","104","234"," 83","240"," 67","266","148","280","125","315"," 97","335"," 89","333"," 74"," 70","176"
"IE-0295-M670-33.dw.png","117","111","130","109","151","148","151","121","157"," 82","189","148","218","162","211","152","234","135","216","125","235","109","237"," 87","245"," 72","254","157","275","138","313","117","334","113","336","101"," 57","148"
"IE-0295-M670-37.dw.png","117","114","130","113","152","151","151","124","154"," 84","189","150","217","164","210","154","231","137","214","128","233","111","233"," 89","241"," 73","254","158","271","140","307","118","327","114","330"," 99"," 59","153"
"IE-0295-M670-41.dw.png","115","109","130","108","149","147","148","119","153"," 80","188","147","217","162","208","152","231","135","215","126","235","108","237"," 86","245"," 70","254","157","274","137","314","116","334","111","337"," 98"," 54","145"
"IE-0295-M670-55.dw.png","123","111","135","109","154","149","154","121","161"," 80","194","148","223","163","215","152","238","135","221","125","240","109","242"," 87","250"," 73","258","158","277","139","317","118","337","114","341","102"," 63","149"
"IE-0295-M670-58.dw.png","116","116","128","113","148","149","149","123","149"," 81","187","144","218","155","209","146","230","128","210","119","228","101","225"," 80","233"," 64","251","147","268","126","303","101","323"," 96","326"," 81"," 63","160"
"IE-0295-M670-59.dw.png","111","116","124","112","150","147","148","121","143"," 80","189","140","218","150","210","141","230","119","209","113","226"," 93","223"," 71","228"," 56","252","138","268","116","302"," 89","322"," 81","321"," 66"," 57","163"
"IE-0295-M670-86.dw.png","121","114","134","112","155","150","156","123","159"," 79","197","146","228","158","217","148","241","129","222","120","240","104","238"," 80","246"," 66","265","150","281","129","318","106","336","100","339"," 87"," 65","156"
"IE-0295-M670-94.dw.png","121","113","131","112","153","148","153","122","155"," 81","189","146","218","159","209","150","232","131","215","123","233","104","232"," 83","239"," 67","255","151","270","131","307","108","324","104","327"," 89"," 62","155"
"IE-0295-M670-95.dw.png","121","116","134","114","158","151","159","126","157"," 84","196","149","225","162","216","151","239","132","218","122","237","105","237"," 82","244"," 66","259","153","279","132","315","107","334","102","335"," 86"," 64","158"
"IE-0296-M672-15.dw.png","134","118","148","117","167","155","169","127","172"," 85","211","154","241","167","230","157","252","138","234","130","254","111","253"," 88","261"," 71","274","160","291","139","331","115","352","110","356"," 95"," 75","160"
"IE-0296-M672-16.dw.png","126","115","141","112","163","150","165","124","165"," 83","206","148","232","161","224","151","241","132","230","125","248","106","247"," 84","254"," 68","267","153","285","133","323","110","344","105","347"," 92"," 71","156"
"IE-0296-M672-19.dw.png","136","117","148","114","171","151","170","123","170"," 84","209","147","241","159","231","149","252","129","236","123","252","102","249"," 80","255"," 63","278","149","293","129","331","102","350"," 96","353"," 83"," 80","161"
"IE-0296-M672-27.dw.png","132","110","145","108","164","147","165","120","171"," 81","201","145","230","160","222","148","240","132","229","124","246","109","247"," 87","255"," 73","265","154","282","136","320","115","340","112","344","101"," 75","148"
"IE-0296-M672-31.dw.png","130","115","146","114","163","152","163","123","170"," 81","206","150","234","163","226","153","248","135","232","126","249","107","247"," 86","256"," 69","266","157","285","137","327","114","346","111","348"," 97"," 74","157"
"IE-0296-M672-35.dw.png","134","113","149","113","168","153","170","126","176"," 84","210","153","238","167","230","156","250","139","236","130","255","112","257"," 89","267"," 72","276","162","292","143","332","120","353","116","356","102"," 78","153"
"IE-0296-M672-43.dw.png","132","122","145","119","164","157","164","130","168"," 88","207","156","236","168","227","159","248","140","229","131","250","112","249"," 90","258"," 73","271","162","288","142","328","117","348","113","353"," 98"," 72","162"
"IE-0296-M672-46.dw.png","126","117","140","115","156","152","159","125","163"," 85","200","149","231","161","221","152","239","132","224","125","242","107","242"," 85","250"," 69","265","154","281","134","317","109","339","103","343"," 90"," 70","157"
"IE-0296-M672-47.dw.png","125","118","141","115","161","151","163","124","162"," 84","203","146","231","156","221","146","241","126","227","120","243","100","241"," 79","248"," 62","267","145","281","124","317"," 98","338"," 91","342"," 79"," 77","167"
"IE-0296-M672-62.dw.png","127","115","142","114","158","150","164","126","166"," 84","200","150","229","164","222","154","241","138","227","128","244","111","245"," 90","254"," 74","263","159","282","140","319","119","340","115","344","101"," 72","152"
"IE-0296-M672-64.dw.png","134","115","148","113","166","149","168","124","170"," 84","204","148","234","162","227","151","247","133","232","126","250","107","248"," 84","256"," 69","272","154","288","135","323","111","344","106","348"," 92"," 75","153"
"IE-0296-M672-67.dw.png","133","154","144","149","170","181","169","156","163","114","210","169","243","175","232","168","244","147","230","142","246","120","240"," 99","243"," 83","276","161","288","140","319","108","340"," 99","340"," 86"," 88","203"
"IE-0297-M674-0.dw.png","131","176","143","168","177","197","165","169","155","128","218","177","249","177","237","172","247","146","231","145","240","120","232","100","233"," 82","280","156","288","132","314"," 95","330"," 84","328"," 67"," 94","238"
"IE-0297-M674-18.dw.png","117","105","131","106","146","146","151","120","161"," 79","187","150","216","166","210","156","233","141","218","130","237","114","239"," 92","250"," 77","254","164","273","147","313","128","332","127","337","113"," 54","136"
"IE-0297-M674-21.dw.png","104","120","116","116","140","151","141","124","137"," 82","181","143","213","152","204","143","223","122","207","115","219"," 94","215"," 72","221"," 57","247","139","261","118","297"," 88","314"," 82","316"," 67"," 52","170"
"IE-0297-M674-25.dw.png","107","128","121","124","143","160","143","133","140"," 91","183","153","215","160","204","152","225","130","208","124","221","103","217"," 83","222"," 66","249","148","265","125","298"," 96","316"," 89","316"," 75"," 52","175"
"IE-0297-M674-38.dw.png","111","109","124","108","140","146","144","119","150"," 79","180","146","210","160","202","149","225","132","209","125","226","106","227"," 84","235"," 69","244","155","262","135","300","112","319","108","324"," 96"," 52","146"
"IE-0297-M674-42.dw.png","113","117","127","114","150","151","149","123","150"," 80","193","145","226","154","216","145","235","123","217","117","233"," 96","230"," 74","236"," 58","260","142","273","120","310"," 91","328"," 84","331"," 71"," 58","166"
"IE-0297-M674-43.dw.png","115","112","129","111","143","151","151","124","156"," 82","186","151","215","167","206","157","232","139","216","130","232","111","234"," 90","243"," 75","250","163","269","144","312","124","332","122","337","108"," 54","149"
"IE-0297-M674-53.dw.png","118","122","134","118","160","154","156","127","155"," 82","200","145","233","154","224","145","241","124","224","118","239"," 96","234"," 74","240"," 57","268","141","283","118","316"," 89","333"," 82","335"," 67"," 67","172"
"IE-0297-M674-56.dw.png","105","122","118","119","143","154","142","127","141"," 85","184","147","215","157","206","148","224","127","207","122","222","101","217"," 79","223"," 62","248","146","264","123","296"," 96","315"," 90","319"," 76"," 55","167"
"IE-0297-M674-76.dw.png","107","115","122","113","141","150","143","122","146"," 79","185","146","217","157","208","147","226","127","210","121","226","100","224"," 77","231"," 61","250","148","266","126","303","100","320"," 94","324"," 79"," 54","159"
"IE-0297-M674-78.dw.png","100","120","113","118","134","153","136","127","135"," 84","174","146","209","155","198","146","216","126","200","119","214"," 98","210"," 76","217"," 60","243","143","257","122","292"," 93","308"," 86","310"," 72"," 46","168"
"IE-0297-M674-79.dw.png","106"," 87","121"," 86","139","125","140"," 96","147"," 54","180","123","212","136","203","126","225","107","209"," 98","226"," 79","225"," 57","233"," 41","244","130","265","108","302"," 84","324"," 81","328"," 68"," 47","129"
"IE-0298-M676-0.dw.png"," 94","108","108","104","134","138","132","112","129"," 70","174","130","208","138","196","129","210","108","195","103","211"," 82","207"," 60","213"," 43","237","127","252","105","285"," 76","305"," 67","305"," 53"," 46","157"
"IE-0298-M676-13.dw.png","105","104","118","101","146","137","144","109","139"," 67","189","127","218","136","209","126","230","105","207","100","223"," 78","219"," 58","225"," 39","250","124","265","101","299"," 72","318"," 63","316"," 48"," 52","153"
"IE-0298-M676-15.dw.png"," 95","112","109","108","138","141","134","114","130"," 73","179","130","211","137","201","128","217","108","201","102","213"," 82","208"," 61","214"," 43","246","122","255","102","286"," 72","306"," 62","306"," 48"," 49","165"
"IE-0298-M676-16.dw.png","105","112","117","109","143","146","144","118","138"," 76","187","138","217","147","206","139","226","118","208","111","220"," 91","219"," 70","225"," 53","250","137","265","116","298"," 89","316"," 82","318"," 68"," 54","162"
"IE-0298-M676-32.dw.png"," 99","113","112","108","139","142","137","114","131"," 74","182","131","212","138","201","130","219","108","199","104","212"," 84","209"," 64","213"," 45","243","125","256","103","286"," 74","304"," 66","303"," 50"," 52","163"
"IE-0298-M676-33.dw.png","104"," 99","116"," 95","141","131","142","104","139"," 63","185","125","216","134","205","125","223","106","207"," 99","221"," 77","219"," 57","226"," 41","248","123","262","102","296"," 74","314"," 67","315"," 54"," 52","145"
"IE-0298-M676-36.dw.png","108","110","121","106","143","143","141","115","142"," 76","184","138","211","148","204","139","223","119","206","113","220"," 94","218"," 73","224"," 57","242","140","257","119","292"," 95","310"," 88","311"," 76"," 53","155"
"IE-0298-M676-47.dw.png","106","107","119","105","143","142","142","115","145"," 73","187","138","216","149","207","139","222","121","207","114","224"," 94","224"," 73","231"," 57","248","142","264","121","299"," 95","318"," 89","320"," 75"," 52","150"
"IE-0298-M676-49.dw.png","111","106","126","104","149","142","148","116","150"," 73","189","140","219","151","211","142","230","123","214","116","230"," 97","231"," 75","237"," 58","253","144","269","124","310"," 98","331"," 94","334"," 82"," 52","146"
"IE-0298-M676-51.dw.png","110","102","124","100","147","139","143","111","150"," 72","185","137","216","152","207","141","225","123","210","115","228"," 97","229"," 75","238"," 59","248","146","266","126","304","103","323"," 99","326"," 84"," 53","142"
"IE-0298-M676-59.dw.png","112","104","126","103","146","142","146","114","154"," 73","188","142","217","157","210","147","228","128","213","119","232","102","234"," 79","243"," 64","249","152","267","133","309","110","328","106","332"," 93"," 53","142"
"IE-0298-M676-60.dw.png","104","112","117","109","140","145","142","118","141"," 75","185","139","215","148","207","139","223","120","206","113","223"," 93","221"," 72","227"," 55","250","138","263","118","298"," 91","317"," 84","318"," 70"," 52","159"
"IE-0299-M677-13.dw.png","115","112","128","111","146","148","147","121","153"," 81","188","148","218","162","211","152","233","133","216","125","235","107","236"," 85","244"," 67","253","155","272","135","313","112","333","107","335"," 93"," 55","146"
"IE-0299-M677-15.dw.png","124","116","139","114","159","153","161","125","162"," 84","204","149","231","161","225","152","242","134","227","126","245","106","244"," 84","251"," 68","265","153","283","133","322","109","340","103","344"," 92"," 67","159"
"IE-0299-M677-21.dw.png","116","116","129","114","148","151","149","123","151"," 83","189","147","219","158","211","148","230","128","215","121","233","100","230"," 77","236"," 61","256","148","272","125","310"," 99","329"," 93","331"," 78"," 58","160"
"IE-0299-M677-48.dw.png","120","114","134","112","150","151","154","123","162"," 83","191","152","221","167","213","156","235","138","222","130","240","112","241"," 89","250"," 72","257","162","276","142","318","120","338","116","341","101"," 59","148"
"IE-0299-M677-51.dw.png","124","151","136","147","165","180","161","153","156","112","205","169","236","175","227","167","241","145","226","140","240","117","235"," 96","237"," 79","269","160","281","137","315","105","333"," 96","334"," 82"," 75","203"
"IE-0299-M677-53.dw.png","124","115","138","113","158","151","158","123","163"," 83","196","149","227","162","218","152","237","133","224","126","241","107","240"," 85","248"," 68","261","155","278","134","315","111","337","104","341"," 92"," 65","154"
"IE-0299-M677-65.dw.png","125","118","139","114","161","152","161","125","165"," 85","206","148","236","159","228","150","245","131","230","124","247","103","245"," 82","251"," 65","269","151","286","130","325","104","346"," 97","349"," 83"," 70","159"
"IE-0299-M677-67.dw.png","130","114","144","112","165","149","166","123","167"," 83","207","147","234","160","227","149","245","131","230","124","248","106","249"," 85","257"," 70","266","153","285","132","323","110","345","104","347"," 93"," 70","154"
"IE-0299-M677-73.dw.png","124","111","138","110","153","150","158","123","164"," 84","196","151","225","166","218","156","238","139","224","131","244","113","246"," 93","256"," 77","260","162","279","144","321","124","343","120","347","107"," 62","144"
"IE-0299-M677-89.dw.png","146","123","161","120","185","158","183","129","185"," 88","228","152","258","163","249","152","265","133","250","125","270","105","268"," 83","274"," 65","294","152","311","130","349","104","370"," 97","372"," 83"," 92","168"
"IE-0299-M677-90.dw.png","125","101","139","104","146","147","156","121","172"," 85","188","159","212","180","208","169","229","155","220","144","244","131","250","112","261"," 98","247","184","269","170","314","161","337","162","343","151"," 57","121"
"IE-0299-M677-97.dw.png","124","115","138","113","156","151","160","123","163"," 83","201","148","232","160","224","150","241","131","226","124","245","104","244"," 82","251"," 65","267","152","284","131","322","106","344","100","347"," 86"," 66","158"
"IE-0300-M678-11.dw.png","127"," 99","140"," 98","156","135","159","109","165"," 71","195","136","228","150","219","140","238","123","224","115","243"," 97","243"," 76","251"," 60","261","145","278","127","317","105","336","100","339"," 86"," 65","133"
"IE-0300-M678-12.dw.png","127","112","140","111","159","148","161","121","165"," 79","199","145","233","156","223","146","245","126","227","119","245","102","244"," 81","250"," 65","268","147","284","126","321","103","338"," 98","339"," 84"," 71","157"
"IE-0300-M678-13.dw.png","124","116","137","115","153","154","159","127","165"," 84","197","155","230","169","223","158","243","140","228","131","246","112","246"," 90","255"," 73","264","162","285","142","324","121","344","116","347","102"," 62","153"
"IE-0300-M678-23.dw.png","127","123","140","121","157","160","161","132","163"," 90","201","158","230","172","222","162","245","143","231","136","247","115","246"," 94","255"," 80","264","165","285","146","323","125","344","121","348","108"," 68","165"
"IE-0300-M678-26.dw.png","133","107","146","106","163","143","166","116","170"," 77","204","141","234","153","225","144","241","126","231","119","247","101","246"," 80","254"," 64","265","148","282","129","320","106","338","101","340"," 86"," 73","146"
"IE-0300-M678-31.dw.png","118","114","132","113","152","149","151","122","157"," 82","193","146","226","157","218","147","236","129","220","122","237","102","234"," 81","242"," 65","259","149","276","127","310","103","331"," 97","333"," 83"," 60","157"
"IE-0300-M678-36.dw.png","147","114","160","113","176","152","180","125","187"," 84","219","153","249","168","242","157","261","141","246","131","265","115","266"," 93","276"," 78","281","163","299","145","340","125","360","123","366","110"," 82","148"
"IE-0300-M678-39.dw.png","134","112","144","110","164","148","170","122","171"," 81","205","146","236","159","228","149","247","129","234","123","250","105","250"," 83","257"," 67","269","151","287","130","326","107","343","102","344"," 87"," 74","152"
"IE-0300-M678-47.dw.png","134","147","147","143","172","176","172","148","163","106","219","165","251","170","241","163","258","140","240","134","251","111","246"," 89","250"," 73","283","156","298","131","331","101","349"," 92","348"," 78"," 86","199"
"IE-0300-M678-54.dw.png","124","114","137","113","148","153","156","128","166"," 88","189","158","222","175","214","163","235","147","224","140","241","123","245","101","255"," 86","255","173","277","154","316","137","337","135","342","124"," 57","141"
"IE-0300-M678-58.dw.png","115","113","128","111","146","147","151","122","152"," 81","188","145","219","158","213","148","231","130","216","122","232","103","231"," 81","238"," 66","253","151","271","130","308","106","326","100","328"," 87"," 57","153"
"IE-0300-M678-60.dw.png","130","120","143","117","165","151","164","125","162"," 86","205","145","237","154","228","145","239","127","229","121","243"," 99","240"," 79","245"," 63","268","145","280","123","315"," 96","334"," 90","335"," 76"," 77","166"
"IE-0301-M681-13.dw.png","144","119","158","119","172","158","177","131","188"," 92","216","162","243","179","239","168","257","152","245","143","264","127","264","104","274"," 90","275","176","297","160","339","143","360","141","365","127"," 78","151"
"IE-0301-M681-16.dw.png","140","123","157","119","178","157","178","128","179"," 87","223","151","253","162","245","152","264","132","244","126","263","106","260"," 85","265"," 67","287","152","304","130","338","105","356","100","358"," 86"," 83","167"
"IE-0301-M681-21.dw.png","145","138","158","132","182","167","180","141","178"," 97","224","157","260","165","250","155","266","132","246","127","262","106","257"," 84","260"," 65","292","150","307","126","341"," 95","358"," 87","357"," 73"," 92","189"
"IE-0301-M681-31.dw.png","152","118","166","116","187","154","187","126","192"," 86","229","151","260","164","253","154","271","134","257","128","272","108","269"," 87","277"," 69","294","156","311","136","349","111","368","107","370"," 92"," 92","159"
"IE-0301-M681-37.dw.png","140","118","154","116","177","155","173","126","179"," 86","216","150","245","163","236","152","252","134","236","126","257","107","257"," 86","263"," 68","278","155","294","134","333","109","350","104","352"," 89"," 82","160"
"IE-0301-M681-39.dw.png","148","118","161","115","182","152","180","123","183"," 85","225","147","256","158","246","148","262","129","249","123","264","102","263"," 81","267"," 64","287","148","304","128","338","103","356"," 96","357"," 81"," 91","163"
"IE-0301-M681-50.dw.png","149","125","161","123","187","158","185","132","185"," 88","226","153","259","164","249","153","266","133","250","126","270","106","266"," 84","271"," 67","292","154","308","131","345","105","364"," 98","365"," 83"," 93","173"
"IE-0301-M681-52.dw.png","145","118","158","116","180","152","180","125","180"," 84","220","147","250","159","241","149","256","131","243","124","261","104","260"," 83","265"," 65","284","150","300","130","335","105","352","100","354"," 85"," 86","161"
"IE-0301-M681-53.dw.png","156","116","170","115","185","155","188","128","198"," 86","227","159","255","175","249","164","270","147","253","137","277","120","279"," 98","288"," 81","291","171","314","152","355","133","374","131","378","117"," 89","150"
"IE-0301-M681-83.dw.png","152","115","166","114","185","156","186","127","193"," 85","225","156","253","171","247","159","265","141","251","132","272","115","274"," 92","280"," 76","291","165","307","147","346","126","368","122","372","107"," 88","151"
"IE-0301-M681-87.dw.png","148","121","161","118","186","154","184","127","183"," 86","228","150","258","161","248","150","267","130","247","122","266","104","262"," 82","268"," 65","289","151","306","129","343","103","361"," 97","362"," 81"," 91","167"
"IE-0301-M681-89.dw.png","141","147","155","141","186","174","179","147","169","105","223","160","255","167","245","158","256","135","240","130","253","106","246"," 85","246"," 66","285","150","297","125","326"," 92","343"," 83","341"," 66"," 94","204"
"IE-0302-M682-11.dw.png","150","111","161","112","180","154","181","126","192"," 85","216","160","241","178","235","166","258","151","243","140","264","124","269","103","277"," 88","273","178","295","161","339","145","357","144","362","133"," 83","141"
"IE-0302-M682-13.dw.png","130","122","144","117","166","151","163","124","163"," 84","206","144","237","153","228","144","246","124","228","118","243"," 96","240"," 75","243"," 59","268","142","285","119","318"," 91","333"," 84","333"," 69"," 83","169"
"IE-0302-M682-17.dw.png","145","120","157","115","186","152","179","125","179"," 83","225","145","253","156","245","146","261","126","246","119","260"," 99","257"," 78","262"," 62","285","146","302","124","336"," 98","352"," 93","354"," 78"," 93","166"
"IE-0302-M682-24.dw.png","143","114","156","111","179","149","178","123","180"," 82","220","146","249","159","243","149","261","131","246","124","261","105","261"," 83","265"," 68","281","152","301","132","339","108","357","102","359"," 90"," 85","156"
"IE-0302-M682-32.dw.png","140","120","150","116","182","151","174","124","171"," 85","217","144","245","154","237","144","253","123","235","116","252"," 97","248"," 77","251"," 58","277","143","292","119","327"," 92","345"," 85","343"," 69"," 89","170"
"IE-0302-M682-40.dw.png","141","155","153","150","183","182","177","155","172","117","224","170","254","178","244","169","259","149","243","144","256","123","252","102","252"," 86","284","165","298","141","332","112","349","103","350"," 90"," 93","206"
"IE-0302-M682-54.dw.png","141","115","153","112","182","150","175","122","177"," 83","220","147","245","160","239","149","257","131","242","124","259","105","258"," 83","262"," 66","279","153","295","134","334","109","351","105","354"," 91"," 85","156"
"IE-0302-M682-57.dw.png","139","123","151","119","180","153","173","127","172"," 87","217","146","246","156","238","146","253","125","240","119","254","100","249"," 79","253"," 63","279","144","296","121","329"," 95","346"," 88","348"," 76"," 86","170"
"IE-0302-M682-61.dw.png","144","116","155","113","181","149","178","122","177"," 84","221","143","248","154","241","144","260","125","244","119","260","100","258"," 78","261"," 61","280","146","296","126","333"," 99","350"," 93","350"," 79"," 89","160"
"IE-0302-M682-94.dw.png","137","126","150","121","176","154","170","128","169"," 88","217","146","248","154","239","145","256","125","240","118","256"," 97","252"," 76","254"," 59","279","143","294","121","330"," 90","347"," 83","348"," 68"," 85","176"
"IE-0302-M682-96.dw.png","147","119","160","116","184","154","179","126","185"," 86","223","151","252","163","245","153","264","136","245","126","263","108","262"," 84","265"," 68","282","156","300","135","339","111","357","106","359"," 92"," 89","161"
"IE-0302-M682-99.dw.png","135","154","147","150","177","180","167","153","162","115","217","168","247","175","236","167","253","143","235","139","249","118","244"," 97","244"," 80","278","161","294","134","326","103","340"," 97","339"," 83"," 87","209"
"IE-0303-M683-10.dw.png","138","130","151","126","178","160","173","132","174"," 89","221","150","253","158","242","149","256","127","243","122","256"," 99","252"," 78","254"," 61","288","144","300","121","334"," 89","349"," 82","350"," 68"," 90","180"
"IE-0303-M683-103.dw.png","145","141","159","136","185","170","182","143","180","101","227","159","260","167","251","158","264","137","248","132","264","110","258"," 88","260"," 69","293","152","306","130","340"," 98","355"," 90","354"," 75"," 99","192"
"IE-0303-M683-12.dw.png","149","120","161","119","181","153","181","128","186"," 86","221","150","254","163","246","152","264","133","250","126","268","107","265"," 84","269"," 68","288","155","306","133","349","109","365","104","368"," 89"," 89","161"
"IE-0303-M683-16.dw.png","149","109","164","109","178","146","180","118","190"," 78","222","146","252","160","243","150","266","132","251","124","269","106","269"," 84","273"," 69","286","155","307","135","346","113","363","111","366"," 96"," 89","146"
"IE-0303-M683-26.dw.png","179","122","192","120","215","154","213","128","215"," 87","254","148","287","159","278","149","298","130","282","124","297","105","293"," 82","297"," 66","320","149","339","126","374","101","390"," 96","391"," 82","125","166"
"IE-0303-M683-32.dw.png","153","116","165","115","183","151","183","125","192"," 86","222","150","254","164","245","153","267","135","255","128","271","110","271"," 90","277"," 73","287","157","307","137","348","114","366","110","369"," 98"," 90","151"
"IE-0303-M683-36.dw.png","149","119","162","117","188","154","186","129","188"," 86","230","151","259","163","250","153","269","134","251","126","271","109","268"," 85","271"," 69","295","154","312","134","350","108","366","104","369"," 90"," 92","161"
"IE-0303-M683-54.dw.png","149","119","162","118","182","158","182","129","190"," 87","224","156","254","170","246","160","266","143","249","133","270","115","272"," 92","278"," 76","291","164","309","144","349","121","366","116","370","103"," 90","158"
"IE-0303-M683-62.dw.png","142","122","157","119","178","155","178","128","181"," 86","222","150","254","161","245","151","264","131","247","125","262","103","261"," 82","264"," 65","290","151","307","129","342","102","358"," 97","361"," 82"," 88","168"
"IE-0303-M683-65.dw.png","147","114","160","112","178","152","181","125","191"," 84","224","155","251","170","244","159","262","142","249","134","266","115","269"," 93","275"," 77","288","165","307","146","344","125","360","121","363","110"," 87","147"
"IE-0303-M683-87.dw.png","143","115","155","113","178","152","180","127","184"," 83","219","152","248","166","240","156","259","137","245","129","263","109","263"," 87","268"," 71","282","159","302","139","340","115","355","111","359"," 96"," 88","153"
"IE-0303-M683-93.dw.png","144","138","157","136","179","171","180","145","181","104","225","165","256","173","247","164","263","145","247","138","264","120","261"," 98","267"," 81","289","162","305","141","340","114","357","106","357"," 92"," 94","183"
"IE-0304-M686-10.dw.png","141","133","154","128","185","163","175","135","173"," 93","223","153","257","162","245","152","262","131","241","126","257","103","253"," 84","258"," 65","287","149","301","126","335"," 96","354"," 88","352"," 73"," 88","185"
"IE-0304-M686-17.dw.png","139","123","152","120","174","157","176","129","178"," 86","218","148","252","160","242","149","258","130","244","123","261","102","258"," 79","261"," 61","286","149","305","124","340"," 97","357"," 90","356"," 75"," 83","168"
"IE-0304-M686-18.dw.png","147","122","158","123","172","165","175","134","186"," 96","212","169","237","188","232","175","257","161","240","149","259","134","263","113","271"," 97","271","185","292","169","332","153","350","152","357","140"," 84","157"
"IE-0304-M686-24.dw.png","108","117","119","112","151","146","145","118","139"," 77","192","134","223","143","214","133","230","111","213","106","225"," 84","221"," 62","221"," 44","254","130","271","104","306"," 71","322"," 64","318"," 49"," 58","167"
"IE-0304-M686-24x.dw.png","112"," 96","124"," 92","150","129","150","101","147"," 60","192","125","222","136","213","127","233","107","212"," 99","230"," 79","229"," 57","232"," 40","253","129","273","106","312"," 80","329"," 74","331"," 60"," 57","139"
"IE-0304-M686-25.dw.png","148","109","161","109","177","149","182","122","190"," 83","222","151","249","167","243","157","266","140","249","129","269","114","272"," 92","279"," 75","285","164","307","146","348","124","364","121","366","106"," 86","140"
"IE-0304-M686-26.dw.png","164","111","179","111","194","151","198","124","209"," 83","236","155","264","171","256","159","278","143","265","134","286","118","288"," 96","296"," 80","299","168","321","150","362","132","382","130","386","116"," 99","141"
"IE-0304-M686-37.dw.png","142","114","157","114","177","149","180","125","184"," 83","218","148","252","163","242","152","262","134","247","126","263","108","264"," 85","269"," 70","285","157","306","137","343","113","361","109","362"," 94"," 85","152"
"IE-0304-M686-41.dw.png","152","118","163","116","183","154","186","127","189"," 86","224","153","255","168","246","157","267","138","254","130","271","112","271"," 89","276"," 71","288","161","310","141","351","117","368","112","370","100"," 90","155"
"IE-0304-M686-47.dw.png","137","120","152","117","173","153","173","127","175"," 84","212","148","246","158","237","149","254","129","239","122","257","102","255"," 81","259"," 63","280","149","299","127","334","100","353"," 93","352"," 79"," 79","163"
"IE-0304-M686-7.dw.png","140","120","154","116","174","151","175","124","175"," 82","218","145","248","155","239","146","259","126","238","119","254"," 99","253"," 77","256"," 60","284","145","299","123","334"," 96","352"," 90","352"," 74"," 87","168"
"IE-0304-M686-9.dw.png","138","157","152","150","184","182","178","155","170","114","224","168","257","174","246","166","261","143","241","138","255","116","249"," 95","249"," 77","291","157","303","133","336","100","349"," 92","348"," 77"," 94","210"
