"file","x1","y1","x2","y2","x3","y3","x4","y4","x5","y5","x6","y6","x7","y7","x8","y8","x9","y9","x10","y10","x11","y11","x12","y12","x13","y13","x14","y14","x15","y15","x16","y16","x17","y17","x18","y18","x19","y19"
"LT-0001-A05-20210211_134631_0.dw.png","367","317","413","313","494","445","499","355","513","208","646","442","744","488","717","453","778","394","726","362","797","300","800","226","826","171","854","473","916","409","1068","333","1134","321","1149","266","166","453"
"LT-0001-A05-20210211_134631_2.dw.png","380","320","423","315","485","461","512","369","531","224","630","466","725","514","704","477","766","421","728","389","800","326","804","255","833","197","845","502","915","440","1057","371","1124","365","1129","311","172","438"
"LT-0001-A05-20210211_134643_0.dw.png","403","336","447","335","509","480","526","389","546","240","634","489","726","556","704","512","781","464","735","425","805","373","819","299","855","246","842","549","912","493","1054","431","1119","424","1135","374","178","439"
"LT-0001-A05-20210211_134643_2.dw.png","365","259","405","270","439","423","469","337","518","200","572","465","646","544","634","501","712","468","674","424","756","386","783","319","825","270","751","564","837","527","993","504","1066","514","1096","472","120","318"
"LT-0001-A05-20210211_134654_0.dw.png","412","315","459","319","511","461","522","368","559","237","627","477","721","539","702","500","776","456","736","419","810","371","823","298","857","251","831","541","908","493","1056","445","1133","445","1144","392","186","414"
"LT-0001-A05-20210211_134654_1.dw.png","334","301","370","294","463","414","458","327","456","186","589","402","687","439","659","407","728","343","670","320","735","251","734","182","754","125","796","410","847","342","986","252","1048","230","1047","177","144","451"
"LT-0001-A05-20210211_134719.dw.png","343","284","392","286","450","419","471","337","481","193","583","423","684","479","658","441","716","384","680","356","750","299","758","224","784","171","794","472","863","411","1008","349","1073","335","1088","286","134","402"
"LT-0001-A05-20210211_134719_0.dw.png","362","309","409","308","472","440","490","356","500","216","602","441","704","503","679","462","737","404","700","375","772","320","781","247","806","193","809","494","885","431","1030","372","1096","360","1108","310","152","423"
"LT-0001-A05-20210211_134745_0.dw.png","351","238","394","237","452","380","483","293","503","144","604","400","690","460","674","422","748","370","701","328","772","279","784","205","815","153","806","459","888","407","1045","349","1113","347","1137","298","127","341"
"LT-0001-A05-20210211_134745_1.dw.png","340","298","380","295","472","433","469","340","480","189","612","430","703","481","678","443","756","387","689","350","767","287","773","218","796","155","803","466","880","399","1029","324","1097","309","1111","257","132","428"
"LT-0001-A05-20210211_134822_1.dw.png","346","296","387","295","443","447","468","357","504","209","581","465","674","525","658","490","739","444","694","400","765","343","779","273","809","220","794","526","867","468","1026","409","1081","405","1098","355","129","402"
"LT-0001-A05-20210211_134822_2.dw.png","347","327","388","318","460","454","471","355","486","209","609","442","707","481","685","451","754","385","700","357","768","281","766","207","784","148","828","457","885","388","1032","301","1092","286","1093","230","150","477"
"LT-0001-A05-20210211_134839_0.dw.png","380","307","424","312","483","474","504","372","548","221","626","496","713","563","693","521","767","473","723","431","802","377","823","306","860","255","828","565","901","515","1063","460","1118","459","1137","413","151","410"
"LT-0001-A05-20210211_134839_1.dw.png","375","297","420","300","469","446","486","353","527","217","603","466","697","529","678","489","754","438","709","397","792","354","804","285","838","235","810","530","895","472","1034","420","1101","414","1121","370","145","402"
"LT-0001-A05-20210211_134912_0.dw.png","360","299","402","296","473","421","493","335","493","195","622","423","717","473","695","438","755","378","708","346","775","283","780","214","805","157","818","458","893","398","1044","323","1101","306","1114","259","158","430"
"LT-0001-A05-20210211_134912_1.dw.png","332","429","368","412","484","510","453","419","416","290","613","462","719","476","680","455","723","372","658","359","702","284","689","216","692","150","818","420","861","340","971","223","1026","195","1011","135","175","626"
"LT-0001-A05-20210211_134943_1.dw.png","366","341","409","337","510","463","499","370","500","222","636","454","733","497","706","460","781","390","728","365","787","297","778","220","799","161","837","475","917","399","1067","308","1120","290","1122","237","153","491"
"LT-0001-A05-20210211_134943_2.dw.png","382","349","426","342","523","472","515","376","515","229","653","461","748","504","721","467","795","401","742","373","802","303","794","227","816","166","859","479","930","405","1083","314","1135","297","1140","245","171","497"
"LT-0002-A11-20210211_130824_4.dw.png","319","260","359","260","410","374","409","293","441","177","531","383","608","430","590","399","645","354","600","321","664","270","669","214","696","166","694","422","760","369","880","311","933","305","955","263","130","350"
"LT-0002-A11-20210211_130824_5.dw.png","308","236","345","246","370","368","387","286","440","185","492","406","547","460","532","429","603","399","568","358","634","327","652","274","690","231","636","473","709","441","838","415","886","423","911","383","104","285"
"LT-0002-A11-20210211_130849_7.dw.png","411","349","454","341","523","469","527","378","532","243","658","465","749","512","722","477","788","417","738","388","800","325","800","253","822","198","851","495","921","429","1062","343","1115","334","1126","286","210","472"
"LT-0002-A11-20210211_130849_8.dw.png","364","341","412","331","489","450","483","359","480","229","620","434","716","470","690","439","749","371","695","349","746","280","742","211","761","155","814","443","883","370","1009","276","1058","259","1064","208","187","485"
"LT-0002-A11-20210211_130902_5.dw.png","362","278","398","292","399","432","433","346","512","252","510","492","567","575","557","531","640","512","614","466","693","443","726","389","772","354","669","604","747","579","887","580","942","601","974","557","129","282"
"LT-0002-A11-20210211_130902_6.dw.png","330","527","364","506","469","591","425","509","397","373","597","528","694","534","657","517","691","431","630","426","666","343","636","281","635","216","779","470","811","381","902","252","945","226","939","167","188","732"
"LT-0002-A11-20210211_130917_2.dw.png","354","279","397","276","462","410","459","313","495","182","596","411","687","459","663","425","731","368","683","339","751","279","753","207","774","155","796","443","858","385","991","311","1050","301","1062","256","155","401"
"LT-0002-A11-20210211_130917_3.dw.png","323","459","364","436","471","535","443","449","409","307","604","485","704","496","667","477","711","387","657","377","690","294","672","224","671","163","801","428","838","349","928","223","981","192","980","139","176","654"
"LT-0002-A11-20210211_130936_0.dw.png","341","346","376","330","466","442","460","355","444","215","599","416","703","444","669","415","723","344","666","327","715","252","702","185","719","128","794","407","845","334","961","234","1019","211","1020","162","152","501"
"LT-0002-A11-20210211_130936_2.dw.png","347","283","389","284","436","422","457","332","488","198","565","440","646","498","631","465","707","420","661","383","728","333","741","263","774","217","755","501","832","450","973","401","1026","399","1046","352","131","365"
"LT-0002-A11-20210211_130950_1.dw.png","365","310","412","303","483","430","483","334","491","197","623","420","717","465","694","429","753","366","694","333","765","267","766","198","787","143","819","439","883","366","1005","280","1059","262","1069","213","178","458"
"LT-0002-A11-20210211_130950_4.dw.png","324","357","360","340","454","443","429","355","421","218","593","401","684","423","650","400","692","325","637","309","680","237","670","175","681","109","765","385","818","301","929","195","981","175","978","114","168","528"
"LT-0002-A11-20210211_131003_3.dw.png","318","428","356","412","458","507","423","422","399","289","591","462","690","474","650","456","692","377","632","366","669","288","657","228","664","161","776","425","819","345","922","229","973","208","964","151","172","614"
"LT-0002-A11-20210211_131003_4.dw.png","385","326","428","329","471","462","486","373","532","238","607","481","694","546","676","505","743","456","698","416","772","364","786","297","823","243","805","542","875","488","1023","433","1090","431","1113","382","158","409"
"LT-0002-A11-20210211_131014_4.dw.png","328","448","370","429","485","526","442","438","412","312","615","478","706","494","669","472","713","383","661","378","695","297","674","228","674","166","797","437","837","353","940","232","978","210","975","151","177","640"
"LT-0002-A11-20210211_131014_5.dw.png","405","316","452","317","508","457","510","358","556","227","643","473","731","531","711","491","792","437","737","403","811","345","819","276","850","224","838","524","917","463","1054","400","1116","392","1134","346","182","419"
"LT-0002-A11-20210211_131027_1.dw.png","348","351","389","337","479","451","467","361","456","217","608","425","705","457","677","428","734","358","673","333","729","261","719","191","737","136","798","424","862","345","978","251","1035","230","1039","178","165","511"
"LT-0002-A11-20210211_131041_1.dw.png","381","332","425","323","523","438","503","344","505","208","651","412","759","440","726","410","779","340","724","322","786","248","775","186","790","119","865","400","917","327","1038","228","1096","201","1103","153","204","500"
"LT-0002-A11-20210211_131041_2.dw.png","373","264","420","286","417","437","466","351","545","234","550","509","606","588","601","548","691","523","652","469","747","445","783","384","825","341","721","622","807","595","958","585","1008","599","1041","554","128","295"
"LT-0002-A11-20210211_131056.dw.png","363","314","408","305","490","427","473","328","483","192","629","402","730","434","701","402","757","331","698","309","759","234","750","165","762","105","837","398","888","321","1007","221","1069","195","1074","144","180","481"
"LT-0002-A11-20210211_131056_0.dw.png","363","320","406","309","491","431","474","334","487","195","630","410","733","444","704","409","755","337","700","314","760","240","749","172","763","110","837","404","889","329","1010","226","1070","198","1076","150","181","485"
"LT-0003-AK23-1.dw.png","259","255","291","245","354","331","347","261","333","161","450","311","525","335","501","312","545","257","501","243","538","187","531","134","539"," 90","592","308","633","249","720","175","766","156","773","119","118","383"
"LT-0003-AK23-10.dw.png","257","244","285","239","354","334","349","263","344","154","454","326","523","352","504","327","545","277","509","259","550","206","547","152","563","108","600","332","648","275","740","213","788","200","791","164","114","358"
"LT-0003-AK23-11.dw.png","256","265","286","254","363","342","347","271","330","164","460","321","524","346","504","320","543","269","496","252","538","196","534","141","545"," 95","594","319","640","255","725","186","769","169","772","129","128","397"
"LT-0003-AK23-12.dw.png","263","255","288","245","352","334","348","268","344","159","448","323","528","349","506","325","545","274","508","255","550","204","549","153","563","107","597","330","647","269","732","206","791","188","795","154","117","365"
"LT-0003-AK23-13.dw.png","270","253","302","249","364","345","366","273","360","162","473","336","547","370","525","341","570","295","521","273","574","221","579","167","592","123","618","352","668","296","765","235","816","220","823","183","127","364"
"LT-0003-AK23-14.dw.png","258","267","291","257","362","350","358","278","349","156","474","336","552","363","523","336","569","286","514","264","558","208","556","149","570","101","623","341","667","280","758","203","811","186","811","143","118","390"
"LT-0003-AK23-15.dw.png","258","268","284","257","358","340","347","271","328","168","456","318","533","336","507","313","542","260","502","247","538","191","530","138","537"," 94","599","308","638","248","723","172","770","152","769","115","128","393"
"LT-0003-AK23-16.dw.png","237","256","271","250","350","348","333","271","328","164","458","333","530","364","509","336","551","291","509","271","551","212","551","157","562","110","599","345","650","285","748","216","801","201","803","160","109","378"
"LT-0003-AK23-17.dw.png","267","267","298","257","365","350","365","278","358","160","474","334","553","360","527","334","563","283","523","266","559","212","555","153","571","107","619","340","667","279","761","207","804","193","812","155","127","389"
"LT-0003-AK23-18.dw.png","257","264","285","252","367","339","347","268","334","163","467","318","536","344","512","317","555","266","505","249","546","192","542","138","556"," 93","609","316","654","252","740","182","785","164","788","125","129","397"
"LT-0003-AK23-19.dw.png","262","250","291","241","354","331","348","260","347","155","465","313","535","337","512","311","558","262","515","246","553","193","545","140","556"," 99","602","315","649","254","734","190","783","171","786","136","126","372"
"LT-0003-AK23-2.dw.png","271","248","306","242","363","346","361","269","368","158","465","342","533","376","511","346","557","303","521","280","570","232","574","174","587","127","603","363","654","311","748","253","799","240","814","200","117","354"
"LT-0003-AK23-20.dw.png","250","261","279","247","351","334","340","265","325","158","456","312","525","331","503","309","541","252","499","238","535","182","528","131","535"," 87","595","302","639","238","726","166","773","146","771","109","125","387"
"LT-0003-AK23-3.dw.png","264","254","290","247","360","339","359","272","348","165","460","329","533","360","511","333","549","288","512","268","559","217","558","166","574","118","604","343","652","288","752","223","805","207","813","172","122","364"
"LT-0003-AK23-4.dw.png","255","240","287","233","348","324","353","257","336","153","451","314","518","341","496","317","547","269","501","250","544","197","538","144","552"," 99","591","322","642","263","732","200","780","183","788","146","116","358"
"LT-0003-AK23-5.dw.png","258","255","290","245","353","331","346","261","332","160","450","311","525","335","501","312","545","257","501","242","538","187","531","134","539"," 89","593","309","633","249","720","175","766","156","773","119","118","383"
"LT-0003-AK23-6.dw.png","261","265","289","255","367","348","349","272","339","165","458","331","528","353","504","330","557","277","506","258","544","201","536","153","546","106","602","329","644","270","727","199","780","180","784","142","130","393"
"LT-0003-AK23-7.dw.png","260","238","286","233","356","327","350","259","348","147","460","319","526","347","505","320","553","270","502","254","546","197","547","142","563"," 99","599","325","646","269","740","201","792","186","799","149","118","354"
"LT-0003-AK23-8.dw.png","265","237","297","233","348","326","352","255","356","151","449","319","519","355","499","326","544","277","503","257","551","210","552","156","567","114","594","337","643","280","729","225","781","210","788","174","114","346"
"LT-0003-AK23-9.dw.png","256","233","288","227","349","323","342","251","343","147","448","319","511","349","491","323","544","274","500","253","541","201","543","144","553","102","586","329","638","272","736","206","788","192","793","156","112","347"
"LT-0004-AK26-1.dw.png","189","200","210","195","257","261","252","210","252","135","332","252","390","273","373","254","405","215","379","203","408","162","404","122","414"," 90","445","255","478","210","550","159","586","145","588","118"," 84","288"
"LT-0004-AK26-10.dw.png","192","198","214","191","267","261","257","205","255","123","338","251","397","271","382","252","414","218","378","201","418","160","412","118","424"," 83","454","256","492","214","567","160","599","150","597","118"," 89","286"
"LT-0004-AK26-11.dw.png","205","187","223","182","272","252","266","199","270","121","343","245","397","266","383","248","417","212","388","198","422","161","423","119","435"," 87","454","252","489","213","564","163","595","154","602","125","105","271"
"LT-0004-AK26-12.dw.png","208","193","228","190","268","258","262","206","276","127","343","253","400","275","385","257","423","220","395","208","428","164","429","126","442"," 93","459","263","496","222","574","173","612","163","617","135"," 94","276"
"LT-0004-AK26-13.dw.png","194","176","219","174","258","248","260","195","266","117","336","243","389","267","376","249","408","213","374","198","408","162","406","120","421"," 87","439","257","484","215","546","172","580","164","587","135"," 84","253"
"LT-0004-AK26-14.dw.png","186","176","214","174","243","245","241","190","258","116","313","242","373","268","356","249","395","213","366","196","403","163","405","123","420"," 90","429","259","471","218","542","176","577","166","582","138"," 76","249"
"LT-0004-AK26-15.dw.png","187","181","208","178","247","253","250","199","255","119","326","251","374","275","359","257","392","220","361","203","397","166","402","122","418"," 89","429","265","467","224","540","178","570","171","580","142"," 86","262"
"LT-0004-AK26-16.dw.png","191","178","212","172","259","235","248","186","252","112","324","225","383","244","366","225","398","188","376","177","407","135","403"," 99","412"," 66","438","228","472","186","544","133","578","119","584"," 93"," 89","270"
"LT-0004-AK26-17.dw.png","197","174","217","169","258","241","254","184","260","106","334","233","381","255","367","237","406","203","370","188","407","151","406","109","418"," 77","438","242","474","203","546","159","578","149","586","123"," 92","254"
"LT-0004-AK26-18.dw.png","185","191","211","187","254","255","252","202","257","121","331","248","391","266","372","248","401","211","373","199","406","158","403","119","414"," 85","435","255","476","212","547","162","582","152","583","123"," 82","273"
"LT-0004-AK26-2.dw.png","203","178","225","173","270","242","269","191","267","116","341","237","393","262","376","241","414","209","380","191","419","158","418","118","433"," 87","452","250","491","209","558","166","590","158","597","131"," 95","256"
"LT-0004-AK26-3.dw.png","196","182","220","178","270","245","263","194","260","119","338","239","389","261","376","242","411","207","378","192","414","154","411","113","422"," 80","452","248","487","206","557","160","590","152","594","124"," 86","262"
"LT-0004-AK26-4.dw.png","196","180","220","178","251","249","260","198","266","122","326","248","377","274","363","254","401","222","379","206","411","172","413","132","427","102","437","264","473","228","545","188","580","181","588","155"," 85","256"
"LT-0004-AK26-5.dw.png","198","176","218","174","257","250","257","197","270","122","326","251","376","280","363","258","407","229","378","209","413","177","417","139","437","111","438","272","476","237","547","201","587","196","598","172"," 83","244"
"LT-0004-AK26-6.dw.png","204","179","225","178","253","252","256","198","275","126","325","256","379","286","366","265","404","234","380","217","418","183","422","144","439","114","438","280","478","243","551","207","594","200","602","172"," 81","242"
"LT-0004-AK26-7.dw.png","206","200","230","194","278","262","269","209","273","135","344","257","400","282","383","260","414","228","387","211","425","174","425","139","439","104","451","272","491","230","560","187","599","177","603","149","100","280"
"LT-0004-AK26-8.dw.png","201","183","222","180","257","250","255","198","271","122","332","248","385","275","371","254","410","219","386","204","420","168","421","130","433"," 98","447","264","484","223","553","185","596","172","602","145"," 89","257"
"LT-0004-AK26-9.dw.png","195","186","215","181","259","250","260","200","258","122","333","243","388","265","371","246","403","213","376","200","410","162","407","122","420"," 87","440","253","477","213","543","168","581","157","585","130"," 86","263"
"LT-0005-AK29-1.dw.png","178","173","203","170","234","242","240","191","253","115","315","240","367","264","350","242","385","210","362","198","393","160","390","120","405"," 88","419","253","457","216","522","174","560","165","565","138"," 81","244"
"LT-0005-AK29-10.dw.png","185","179","210","179","245","251","247","199","260","122","321","253","371","280","354","257","389","226","368","211","399","173","401","133","418","101","425","272","464","233","539","196","569","189","579","161"," 81","248"
"LT-0005-AK29-11.dw.png","197","168","220","168","252","246","254","193","272","115","323","252","370","284","358","263","396","230","370","213","408","178","414","138","435","107","427","280","474","245","542","214","575","209","587","181"," 82","229"
"LT-0005-AK29-12.dw.png","183","183","210","180","258","245","243","193","249","116","327","236","377","259","360","238","386","204","360","192","394","154","389","114","401"," 79","428","246","462","206","533","158","567","148","574","120"," 79","266"
"LT-0005-AK29-13.dw.png","184","168","201","167","239","245","242","194","254","115","304","252","353","286","343","263","377","233","353","213","391","184","398","144","416","112","408","283","452","250","526","218","561","213","568","184"," 73","229"
"LT-0005-AK29-14.dw.png","178","178","201","174","251","240","237","189","239","111","319","231","372","251","354","232","380","198","355","184","385","147","381","108","393"," 75","420","239","457","197","522","154","556","143","564","116"," 79","261"
"LT-0005-AK29-15.dw.png","184","182","205","176","256","247","249","194","252","111","329","238","383","257","367","239","401","204","366","190","399","150","395","111","405"," 75","435","242","474","202","539","154","573","144","576","116"," 80","263"
"LT-0005-AK29-16.dw.png","181","179","208","177","243","245","243","192","248","116","317","240","371","262","354","243","384","208","360","196","397","156","394","117","407"," 83","425","250","467","212","533","164","569","155","577","128"," 78","255"
"LT-0005-AK29-17.dw.png","187","155","209","153","240","228","249","179","265","100","305","233","353","265","342","243","376","214","348","194","391","166","397","131","411","105","407","258","447","225","514","193","556","191","564","161"," 77","215"
"LT-0005-AK29-18.dw.png","193","178","217","175","256","245","253","193","263","115","327","239","381","265","365","244","397","211","370","196","407","161","402","120","417"," 88","434","256","475","216","545","173","577","166","585","138"," 84","249"
"LT-0005-AK29-19.dw.png","189","171","212","167","260","233","253","183","255","102","327","226","380","246","363","227","398","192","368","179","399","144","397","105","410"," 72","432","233","472","192","537","146","578","136","585","111"," 86","253"
"LT-0005-AK29-2.dw.png","190","190","214","186","261","255","256","202","262","120","336","246","384","267","371","248","402","213","376","199","406","160","399","120","410"," 85","436","253","477","213","544","164","580","153","586","126"," 86","271"
"LT-0005-AK29-20.dw.png","186","172","208","169","250","237","244","186","256","106","320","229","376","254","357","234","385","198","364","186","396","148","395","108","409"," 75","425","243","463","201","533","156","568","147","573","118"," 79","248"
"LT-0005-AK29-3.dw.png","188","163","211","162","250","227","244","178","254","104","317","223","370","249","354","228","380","197","357","183","389","149","388","111","401"," 78","417","241","455","202","518","162","551","153","560","128"," 84","234"
"LT-0005-AK29-4.dw.png","189","180","210","178","249","251","243","194","262","118","322","250","373","277","359","257","391","223","363","206","402","172","402","130","416"," 99","426","268","468","230","539","191","573","184","577","154"," 80","255"
"LT-0005-AK29-5.dw.png","180","170","205","169","238","241","244","191","256","115","319","244","370","273","352","250","392","221","369","208","402","172","403","132","418","100","425","268","466","234","538","197","574","191","583","165"," 71","232"
"LT-0005-AK29-6.dw.png","186","185","207","181","248","247","250","198","247","119","322","241","370","266","356","246","387","210","361","198","390","159","389","119","401"," 83","418","254","460","212","523","167","560","158","562","126"," 83","262"
"LT-0005-AK29-7.dw.png","198","169","221","169","252","243","255","190","278","115","328","247","378","278","367","256","402","226","377","209","417","174","422","135","439","103","434","273","475","240","552","204","589","198","595","169"," 82","228"
"LT-0005-AK29-8.dw.png","181","176","207","174","253","238","241","186","243","110","319","227","374","246","355","227","386","191","359","178","392","138","386","100","397"," 64","427","231","464","186","530","134","562","124","565"," 94"," 80","262"
"LT-0005-AK29-9.dw.png","187","174","210","170","245","243","253","194","259","111","320","243","368","270","354","248","389","215","363","200","398","166","399","124","416"," 89","421","261","462","222","528","184","570","175","576","145"," 77","244"
"LT-0006-AK30-1.dw.png","194","184","218","179","262","246","267","196","261","116","339","235","396","255","375","236","406","198","383","184","416","145","408","106","422"," 72","454","237","486","194","553","146","593","131","597","103"," 82","272"
"LT-0006-AK30-10.dw.png","195","181","216","177","263","244","250","191","258","115","333","237","392","258","376","239","411","202","384","189","412","146","408","108","419"," 75","444","243","479","202","554","151","591","138","596","111"," 88","271"
"LT-0006-AK30-11.dw.png","191","182","212","179","254","247","248","196","261","120","329","243","382","266","368","247","405","212","378","197","411","160","410","118","420"," 86","441","253","480","210","549","166","584","157","590","128"," 83","264"
"LT-0006-AK30-12.dw.png","195","175","219","171","262","238","253","185","259","113","334","233","388","254","370","235","402","200","380","186","413","147","409","106","417"," 73","441","241","475","201","556","149","585","139","593","113"," 84","253"
"LT-0006-AK30-13.dw.png","188","194","209","189","260","254","254","204","250","130","330","245","389","265","371","245","402","210","373","196","404","158","398","118","411"," 85","447","247","476","205","545","154","578","141","581","115"," 88","281"
"LT-0006-AK30-14.dw.png","191","182","211","177","261","250","257","194","253","112","333","243","383","265","368","247","404","209","365","192","401","153","400","112","410"," 79","436","249","471","208","542","157","572","148","575","118"," 89","269"
"LT-0006-AK30-15.dw.png","196","179","220","175","262","244","259","191","262","116","342","238","399","258","379","239","413","204","385","189","419","150","415","110","423"," 76","450","245","486","203","563","151","594","141","601","111"," 86","264"
"LT-0006-AK30-16.dw.png","196","180","220","179","264","250","260","196","266","119","331","246","387","270","370","249","403","216","375","199","414","161","415","122","430"," 88","444","257","479","221","555","171","590","162","598","133"," 83","259"
"LT-0006-AK30-17.dw.png","193","190","216","182","270","252","261","198","257","120","343","240","398","257","380","239","412","199","380","187","408","146","405","106","412"," 69","451","238","484","194","556","140","585","129","589"," 98"," 91","287"
"LT-0006-AK30-18.dw.png","192","179","220","174","263","247","256","189","265","115","336","240","394","261","375","242","408","207","379","190","419","154","419","113","431"," 79","448","248","480","211","554","159","593","149","599","119"," 84","264"
"LT-0006-AK30-19.dw.png","196","178","221","173","268","242","260","191","259","115","341","233","396","256","380","237","411","200","385","187","415","147","413","107","420"," 73","451","241","487","200","556","149","595","136","601","110"," 87","262"
"LT-0006-AK30-2.dw.png","194","187","218","182","256","250","254","199","252","128","325","240","379","261","366","243","396","209","367","194","399","158","396","119","405"," 88","437","246","471","205","535","155","568","145","567","118"," 86","270"
"LT-0006-AK30-20.dw.png","188","188","212","184","265","254","253","199","251","118","332","245","389","267","375","249","404","211","372","197","403","157","402","116","415"," 84","441","254","478","211","547","161","579","152","584","127"," 91","279"
"LT-0006-AK30-3.dw.png","189","177","211","171","262","239","256","188","252","112","334","230","388","250","371","232","403","195","373","180","407","144","401","104","409"," 72","449","233","481","190","547","145","580","133","588","110"," 85","264"
"LT-0006-AK30-4.dw.png","188","181","211","176","258","243","256","192","247","114","326","233","383","253","365","235","396","198","365","184","398","146","394","105","404"," 72","441","234","473","193","538","143","572","132","576","103"," 86","271"
"LT-0006-AK30-5.dw.png","192","176","212","171","257","242","256","190","256","114","324","234","380","258","364","239","396","204","370","188","405","153","405","114","415"," 82","439","243","474","206","542","160","578","150","584","123"," 79","257"
"LT-0006-AK30-6.dw.png","190","177","212","172","255","240","255","189","251","115","327","234","383","258","367","238","402","203","369","187","403","154","398","112","412"," 80","442","243","477","202","545","158","577","149","587","123"," 84","259"
"LT-0006-AK30-7.dw.png","187","180","208","174","260","244","255","193","249","116","330","236","380","257","365","237","403","201","371","187","402","148","398","109","411"," 77","441","239","475","198","545","152","578","142","585","116"," 87","267"
"LT-0006-AK30-8.dw.png","187","183","209","176","261","235","266","189","241","113","332","220","387","234","368","219","395","182","365","168","394","130","386"," 91","392"," 59","441","213","469","168","535","114","564","101","562"," 75"," 93","281"
"LT-0006-AK30-9.dw.png","194","181","217","174","269","241","263","190","252","114","337","231","389","251","372","231","409","193","377","179","408","143","403","102","415"," 68","448","233","483","190","549","140","583","129","589","103"," 92","268"
"LT-0007-AK34-1.dw.png","191","189","214","182","271","253","260","199","252","117","342","244","396","264","379","243","405","207","381","192","413","151","413","114","423"," 79","452","247","490","203","557","153","595","142","596","113"," 87","273"
"LT-0007-AK34-10.dw.png","194","186","224","185","259","256","261","206","273","122","335","254","391","281","372","259","410","229","378","211","416","179","417","137","433","100","443","274","486","233","568","196","604","189","612","161"," 88","264"
"LT-0007-AK34-11.dw.png","192","176","218","174","257","247","256","193","267","114","328","247","382","273","367","252","406","221","382","204","419","170","420","130","438"," 99","440","265","481","226","558","188","596","184","600","155"," 87","249"
"LT-0007-AK34-12.dw.png","189","187","214","182","261","250","256","199","263","114","337","244","393","266","374","246","404","209","377","196","411","157","408","114","419"," 79","448","253","485","209","567","159","599","151","606","122"," 90","272"
"LT-0007-AK34-13.dw.png","191","180","216","174","259","237","253","186","254","110","334","226","389","245","373","227","400","194","368","179","402","143","395","102","405"," 68","440","231","477","187","539","140","577","128","582","101"," 90","266"
"LT-0007-AK34-14.dw.png","186","173","208","170","251","240","249","189","260","108","324","237","375","260","362","240","394","206","371","192","406","157","402","113","414"," 80","428","249","468","210","543","165","578","157","586","130"," 89","250"
"LT-0007-AK34-15.dw.png","192","172","214","170","249","244","253","191","267","111","321","243","369","271","356","250","391","218","369","201","403","168","403","125","418"," 93","421","263","466","226","536","186","575","179","587","154"," 86","247"
"LT-0007-AK34-16.dw.png","195","176","220","173","261","247","256","192","270","111","334","243","388","268","376","249","404","215","384","201","417","161","417","118","429"," 85","441","258","482","221","565","174","600","164","607","135"," 90","255"
"LT-0007-AK34-17.dw.png","191","183","217","179","258","248","252","195","261","115","331","238","388","260","373","241","406","204","378","193","408","149","406","109","416"," 77","442","244","479","203","556","149","589","137","592","108"," 87","270"
"LT-0007-AK34-18.dw.png","191","190","217","187","251","258","256","203","267","121","332","250","393","271","376","253","406","215","384","203","415","164","412","124","425"," 88","450","257","492","215","561","167","594","160","598","130"," 79","273"
"LT-0007-AK34-19.dw.png","196","174","227","172","267","242","263","190","272","111","340","237","395","264","378","241","410","209","382","193","418","157","417","116","430"," 81","448","252","488","211","563","165","600","159","608","131"," 92","255"
"LT-0007-AK34-2.dw.png","182","188","206","182","258","250","248","197","247","116","325","243","381","265","359","245","391","209","366","194","399","156","398","118","409"," 79","438","251","469","209","544","161","581","152","589","123"," 93","279"
"LT-0007-AK34-20.dw.png","188","191","211","188","251","256","249","202","255","123","324","246","378","267","362","248","398","215","369","200","401","160","400","121","412"," 86","435","253","471","214","548","161","579","151","584","123"," 86","279"
"LT-0007-AK34-3.dw.png","187","175","210","174","254","248","253","196","263","114","323","250","377","281","362","258","396","227","369","208","407","173","408","131","426"," 97","431","275","476","234","550","195","589","190","600","161"," 79","249"
"LT-0007-AK34-4.dw.png","184","169","213","167","252","239","248","188","258","107","326","236","377","263","362","243","395","211","370","195","405","158","405","117","419"," 84","431","253","472","216","550","172","584","163","591","134"," 82","249"
"LT-0007-AK34-5.dw.png","187","168","216","166","244","238","250","184","270","108","334","237","386","263","368","244","403","208","380","194","413","160","412","120","428"," 83","444","252","483","212","556","169","590","164","596","133"," 73","238"
"LT-0007-AK34-6.dw.png","191","167","216","167","251","240","251","185","267","105","330","240","382","266","367","245","406","213","375","195","411","161","413","120","427"," 85","440","255","481","217","557","174","594","167","602","140"," 82","242"
"LT-0007-AK34-7.dw.png","185","180","213","177","251","249","253","196","264","110","334","244","384","266","368","249","404","212","378","198","408","157","407","113","425"," 77","443","253","482","210","557","158","594","149","598","121"," 86","263"
"LT-0007-AK34-8.dw.png","188","177","212","173","249","242","251","191","260","116","320","239","373","266","356","245","388","213","362","197","401","162","399","119","412"," 87","429","255","469","214","542","170","581","163","588","137"," 86","253"
"LT-0007-AK34-9.dw.png","187","171","217","168","253","240","253","184","262","106","338","233","393","254","376","234","411","200","383","187","414","148","413","108","425"," 72","450","241","492","200","563","152","597","142","602","114"," 83","251"
"LT-0008-AK35-1.dw.png","191","188","214","182","271","253","260","199","252","116","342","244","397","264","379","243","405","206","381","192","413","151","413","114","423"," 78","452","248","490","203","557","153","595","142","597","114"," 87","272"
"LT-0008-AK35-10.dw.png","188","188","209","181","263","248","258","195","245","114","334","237","391","255","370","237","398","199","363","184","398","144","397","107","408"," 71","445","236","478","192","544","142","577","130","581","100"," 94","282"
"LT-0008-AK35-11.dw.png","187","182","210","176","255","252","257","196","259","116","332","251","389","277","373","256","409","221","378","203","417","164","422","126","436"," 93","450","265","494","225","568","181","605","175","612","148"," 78","255"
"LT-0008-AK35-12.dw.png","182","182","206","175","265","241","255","189","239","110","334","231","389","252","371","233","399","196","365","180","399","142","393","101","401"," 69","440","235","475","191","545","137","572","128","574"," 98"," 86","269"
"LT-0008-AK35-13.dw.png","186","182","208","178","246","254","259","204","258","119","317","252","380","280","363","260","397","224","365","208","406","171","410","133","426"," 98","438","269","477","231","554","188","585","183","593","153"," 81","257"
"LT-0008-AK35-14.dw.png","184","183","209","179","256","252","259","199","259","117","322","249","385","272","369","252","401","216","368","199","413","160","416","121","429"," 85","447","257","481","218","557","171","595","162","599","131"," 80","264"
"LT-0008-AK35-15.dw.png","183","186","207","180","259","247","250","196","244","115","321","238","384","257","366","239","398","201","365","187","400","146","398","107","410"," 72","439","239","474","196","542","145","584","133","585","106"," 81","275"
"LT-0008-AK35-16.dw.png","198","187","216","182","271","256","268","202","266","118","344","250","402","271","388","254","413","215","385","201","421","161","426","124","437"," 89","458","257","494","217","567","169","606","160","611","131"," 89","272"
"LT-0008-AK35-17.dw.png","190","186","213","182","262","252","261","200","255","118","335","245","398","264","380","247","414","208","377","194","414","154","414","115","425"," 80","452","249","491","206","564","158","598","146","600","119"," 84","271"
"LT-0008-AK35-18.dw.png","181","196","203","188","251","254","251","200","239","118","327","240","394","255","373","239","404","197","367","186","400","140","396","102","401"," 63","444","235","477","188","545","134","579","120","579"," 90"," 91","293"
"LT-0008-AK35-19.dw.png","184","191","207","184","260","254","258","203","244","120","334","248","388","268","370","248","395","212","364","197","401","158","403","118","414"," 83","438","254","475","211","544","161","575","152","580","121"," 81","273"
"LT-0008-AK35-2.dw.png","186","169","208","167","258","239","254","184","254","102","331","235","383","259","368","238","402","203","376","187","408","150","410","110","424"," 78","442","248","482","207","557","162","589","154","594","126"," 86","245"
"LT-0008-AK35-20.dw.png","186","174","216","169","254","239","262","189","262","112","330","238","386","264","370","244","401","208","376","193","411","156","414","118","427"," 84","445","255","483","217","556","173","585","166","593","138"," 79","251"
"LT-0008-AK35-3.dw.png","189","184","214","177","262","245","258","192","249","113","333","235","394","257","374","236","405","199","376","185","409","145","411","106","422"," 74","451","241","489","197","556","149","593","140","597","111"," 89","268"
"LT-0008-AK35-4.dw.png","184","185","203","178","262","245","247","189","242","112","333","231","383","246","367","231","391","188","368","178","397","132","395"," 96","402"," 61","442","225","477","179","543","122","576","113","575"," 82"," 89","279"
"LT-0008-AK35-5.dw.png","197","175","221","171","264","246","267","191","268","112","338","246","389","272","373","250","409","214","381","196","421","160","426","123","441"," 90","449","261","494","218","566","180","602","173","610","144"," 84","244"
"LT-0008-AK35-6.dw.png","189","186","213","182","258","254","256","196","259","118","329","248","383","271","367","251","396","213","371","198","410","158","411","119","423"," 85","446","255","483","215","556","168","592","159","598","132"," 84","267"
"LT-0008-AK35-7.dw.png","196","174","223","170","260","247","263","193","267","114","331","247","385","275","369","252","404","220","378","202","419","165","424","126","436"," 94","448","266","489","229","567","188","606","182","609","153"," 84","243"
"LT-0008-AK35-8.dw.png","184","195","206","188","266","254","261","203","241","123","338","243","396","259","378","241","401","203","374","191","401","150","396","108","404"," 76","447","241","483","195","549","142","577","130","578","101"," 88","285"
"LT-0008-AK35-9.dw.png","192","191","210","184","272","251","257","198","247","117","345","239","400","255","382","241","407","198","380","185","409","143","408","108","418"," 71","454","237","492","192","560","137","593","128","597"," 95"," 94","283"
"LT-0009-AK36-1.dw.png","195","192","220","190","263","268","262","215","276","137","335","268","391","296","374","274","405","242","381","224","421","190","425","149","440","116","446","288","484","252","564","211","600","203","607","174"," 83","265"
"LT-0009-AK36-10.dw.png","197","182","218","180","256","253","257","202","270","122","325","257","372","287","361","266","392","232","371","215","411","179","417","141","433","108","431","280","469","245","543","208","577","203","587","171"," 82","248"
"LT-0009-AK36-11.dw.png","202","177","226","177","262","255","265","199","278","121","331","259","381","291","369","269","405","241","377","220","416","190","425","152","442","120","433","287","477","254","556","224","592","219","601","191"," 87","240"
"LT-0009-AK36-12.dw.png","195","176","217","175","251","254","247","198","275","125","323","261","379","297","365","274","398","246","376","227","413","195","422","157","441","128","430","293","471","263","554","229","587","227","595","199"," 82","235"
"LT-0009-AK36-13.dw.png","206","180","228","178","276","248","268","197","278","122","343","243","394","267","379","247","415","216","386","200","418","167","420","129","431"," 93","455","257","491","220","560","177","595","170","595","141","103","256"
"LT-0009-AK36-14.dw.png","192","180","215","178","260","253","262","199","265","118","339","249","388","279","370","256","400","223","374","208","413","172","414","130","427"," 97","443","270","481","232","556","191","588","184","596","158"," 85","256"
"LT-0009-AK36-15.dw.png","189","191","211","187","259","254","257","205","257","124","331","245","389","268","373","248","397","215","370","200","405","162","403","122","416"," 91","439","256","475","217","544","170","580","160","584","132"," 95","274"
"LT-0009-AK36-16.dw.png","201","187","223","181","278","253","267","200","267","124","342","249","392","277","378","254","410","222","382","204","416","167","415","128","427"," 95","448","267","486","227","552","186","588","177","591","147","101","267"
"LT-0009-AK36-17.dw.png","197","203","225","202","269","280","268","224","279","143","339","279","396","309","380","288","409","253","387","237","424","200","425","155","440","121","449","302","493","261","570","222","603","217","606","187"," 82","276"
"LT-0009-AK36-18.dw.png","205","202","231","198","281","269","270","212","273","131","351","260","408","282","392","263","425","223","397","207","430","167","428","120","436"," 84","469","266","505","221","581","167","610","157","612","125"," 96","290"
"LT-0009-AK36-19.dw.png","195","191","218","189","262","263","262","210","268","131","338","262","390","289","375","267","409","234","379","217","417","180","418","141","431","106","449","280","485","243","564","199","599","192","606","163"," 82","263"
"LT-0009-AK36-2.dw.png","193","176","216","174","261","247","254","194","266","118","329","248","381","274","366","254","402","222","371","203","409","171","413","131","428"," 98","440","266","477","231","549","191","587","183","590","151"," 85","246"
"LT-0009-AK36-20.dw.png","189","192","211","187","261","261","257","209","260","127","328","257","385","284","367","262","393","228","369","212","404","174","402","131","418"," 98","438","272","476","232","551","186","583","177","584","147"," 88","271"
"LT-0009-AK36-3.dw.png","197","191","218","187","265","257","263","207","264","125","334","257","394","287","376","264","401","231","380","215","419","178","419","136","435","101","452","276","489","235","555","194","598","185","604","155"," 83","261"
"LT-0009-AK36-4.dw.png","192","184","215","182","257","255","255","202","264","122","335","252","388","276","372","255","400","222","372","208","412","171","411","131","426"," 98","443","266","479","229","556","185","590","177","597","149"," 86","262"
"LT-0009-AK36-5.dw.png","190","177","217","174","257","248","256","194","263","117","329","244","378","273","365","250","399","217","368","199","406","166","405","124","420"," 89","433","264","473","223","546","178","575","171","577","142"," 83","253"
"LT-0009-AK36-6.dw.png","190","181","211","177","254","249","251","197","267","120","329","246","384","272","368","250","399","219","371","203","411","165","410","125","422"," 92","440","263","481","224","553","180","590","171","598","144"," 81","259"
"LT-0009-AK36-7.dw.png","188","175","212","172","258","247","252","194","261","117","324","246","376","272","360","252","395","220","372","203","405","170","406","131","421"," 98","432","265","470","227","544","190","579","183","586","155"," 84","245"
"LT-0009-AK36-8.dw.png","205","179","226","178","275","254","267","201","279","120","340","252","396","282","380","260","413","227","387","210","427","176","427","133","442","100","454","273","495","233","567","192","605","184","609","155"," 90","251"
"LT-0009-AK36-9.dw.png","205","184","227","182","271","255","270","203","281","126","343","252","392","280","378","258","414","227","385","208","424","173","426","136","439","103","453","270","489","234","564","192","601","186","607","159"," 92","257"
"LT-0010-AK38-1.dw.png","186","183","208","177","244","242","252","192","250","114","323","233","385","255","365","236","400","201","368","187","401","148","399","111","409"," 76","436","242","476","197","542","150","580","139","586","112"," 81","260"
"LT-0010-AK38-10.dw.png","186","195","210","189","261","258","255","202","252","120","332","244","389","264","371","245","405","206","370","194","404","153","399","111","408"," 76","448","245","481","200","548","147","580","136","583","108"," 89","281"
"LT-0010-AK38-11.dw.png","197","182","222","180","259","256","266","202","271","119","331","256","380","284","367","262","410","230","376","211","415","174","421","135","437","102","438","274","481","236","556","193","593","187","599","158"," 80","254"
"LT-0010-AK38-12.dw.png","188","188","210","183","250","251","247","199","250","121","320","247","378","270","358","251","393","216","364","200","399","162","402","125","415"," 94","430","258","467","218","537","171","568","161","569","135"," 79","262"
"LT-0010-AK38-13.dw.png","192","188","213","181","265","246","260","193","253","116","342","232","393","251","376","232","407","196","370","183","404","141","403","103","413"," 70","447","234","481","189","548","139","580","126","586","100","101","272"
"LT-0010-AK38-14.dw.png","194","180","220","176","265","246","264","195","265","114","336","243","393","269","375","246","408","211","383","197","416","158","417","117","432"," 82","447","257","484","216","559","168","597","158","606","132"," 91","259"
"LT-0010-AK38-15.dw.png","184","182","208","174","257","240","248","188","244","110","330","227","378","245","366","227","397","191","362","176","395","138","394","100","406"," 67","434","229","468","186","535","137","567","126","569"," 99"," 93","267"
"LT-0010-AK38-16.dw.png","186","186","205","181","259","247","245","192","239","114","330","230","383","247","365","231","396","192","356","180","389","137","389"," 96","398"," 65","437","229","469","185","536","132","570","119","571"," 89"," 98","282"
"LT-0010-AK38-17.dw.png","192","186","213","180","258","251","253","195","259","115","336","242","390","266","375","246","413","212","371","194","407","155","411","114","420"," 85","444","252","481","213","554","166","587","157","593","128"," 92","269"
"LT-0010-AK38-18.dw.png","189","173","213","171","249","240","251","188","256","112","323","239","373","266","359","246","393","214","362","197","401","163","404","123","419"," 92","427","257","466","221","540","182","572","176","582","147"," 83","246"
"LT-0010-AK38-19.dw.png","185","190","206","185","251","255","246","200","252","122","325","248","373","273","359","252","396","220","362","202","397","166","400","127","413"," 95","430","260","466","219","532","178","567","167","570","141"," 81","264"
"LT-0010-AK38-2.dw.png","190","188","212","184","261","249","251","198","251","119","333","241","387","261","372","243","404","207","370","192","402","153","402","115","412"," 84","442","248","478","206","544","163","576","152","582","126"," 89","273"
"LT-0010-AK38-20.dw.png","197","186","219","181","257","253","267","202","265","117","330","250","389","278","371","256","410","223","371","203","414","167","420","126","434"," 96","448","265","487","225","561","182","599","174","605","147"," 87","256"
"LT-0010-AK38-3.dw.png","184","180","207","178","243","246","246","195","252","115","318","243","380","270","362","247","391","217","366","202","401","164","404","126","419"," 90","434","260","479","217","547","177","587","169","595","143"," 75","255"
"LT-0010-AK38-4.dw.png","194","173","216","169","252","236","258","187","258","108","330","231","387","256","371","236","410","201","377","186","411","149","410","110","422"," 77","441","243","479","202","551","157","588","149","590","120"," 88","247"
"LT-0010-AK38-5.dw.png","188","187","212","183","253","254","255","200","260","120","329","250","378","274","365","254","401","220","368","205","407","168","409","128","424"," 97","433","263","475","223","541","184","580","175","583","147"," 87","260"
"LT-0010-AK38-6.dw.png","187","180","210","177","256","249","255","196","253","115","333","242","379","265","364","246","401","213","363","194","403","159","401","116","415"," 83","434","252","470","214","539","167","575","156","579","125"," 83","255"
"LT-0010-AK38-7.dw.png","190","196","213","188","264","248","259","199","244","122","339","230","399","246","379","229","408","189","373","178","399","136","396"," 98","401"," 63","451","223","482","175","541","121","577","105","578"," 79"," 91","290"
"LT-0010-AK38-8.dw.png","184","189","209","182","257","246","252","193","244","115","335","231","384","247","369","229","399","193","366","180","396","140","394","100","405"," 69","438","228","468","185","531","136","564","122","564"," 93"," 93","278"
"LT-0010-AK38-9.dw.png","194","183","215","180","268","246","256","196","262","113","335","240","391","265","369","243","410","210","381","195","413","154","414","116","427"," 81","449","250","488","209","561","161","594","150","596","121"," 89","260"
"LT-0011-AK39-1.dw.png","188","186","210","180","257","244","251","194","246","119","328","232","386","250","368","231","400","193","368","181","398","142","393","106","401"," 71","439","231","477","184","537","135","574","120","575"," 92"," 87","277"
"LT-0011-AK39-10.dw.png","190","183","210","178","254","247","248","194","251","121","331","241","382","262","368","243","395","209","372","195","401","154","400","116","409"," 79","434","248","468","208","535","164","575","153","580","124"," 81","265"
"LT-0011-AK39-11.dw.png","210","189","233","182","280","252","281","200","273","120","363","241","409","261","392","241","431","202","395","188","429","150","421","110","435"," 74","472","239","500","198","567","148","594","138","595","107","110","280"
"LT-0011-AK39-12.dw.png","198","182","221","179","264","246","258","194","262","118","336","239","391","261","375","242","409","205","374","191","409","154","406","114","418"," 79","449","243","483","202","547","156","580","146","585","116"," 94","269"
"LT-0011-AK39-13.dw.png","196","173","222","171","251","243","261","192","274","115","334","241","387","272","371","249","406","214","383","199","422","169","424","128","442"," 93","449","261","486","226","552","185","594","180","604","153"," 85","245"
"LT-0011-AK39-14.dw.png","196","195","219","190","260","261","266","207","255","126","333","253","393","276","372","255","406","215","377","201","409","158","405","118","416"," 82","451","258","483","211","542","161","580","149","584","121"," 92","284"
"LT-0011-AK39-15.dw.png","179","188","202","182","244","250","243","200","242","126","321","245","375","269","358","250","389","216","359","200","395","163","394","123","402"," 89","428","255","460","217","526","174","562","163","570","134"," 74","268"
"LT-0011-AK39-16.dw.png","192","193","218","187","266","253","264","203","257","126","346","244","394","264","379","245","413","207","379","194","414","157","408","118","422"," 81","455","245","485","204","544","155","578","145","579","115"," 99","284"
"LT-0011-AK39-17.dw.png","199","186","216","181","268","252","267","198","257","117","342","245","394","266","377","247","409","206","381","195","414","153","409","113","421"," 76","450","250","485","207","543","159","582","148","589","117"," 92","273"
"LT-0011-AK39-18.dw.png","202","183","227","178","280","252","273","196","271","119","359","242","409","263","395","244","430","206","396","193","431","153","428","117","438"," 79","467","248","504","203","563","160","601","146","604","117","102","274"
"LT-0011-AK39-19.dw.png","196","198","223","195","258","260","262","210","259","136","333","253","391","273","376","254","411","219","375","205","410","169","409","130","420"," 95","449","255","482","218","549","168","584","157","588","129","100","287"
"LT-0011-AK39-2.dw.png","190","178","217","175","248","250","254","197","261","120","322","250","380","278","365","257","404","224","376","207","412","170","413","131","428"," 98","437","270","480","229","554","189","589","183","595","154"," 81","253"
"LT-0011-AK39-20.dw.png","200","195","224","188","275","254","268","203","266","122","351","243","401","262","387","245","420","205","388","192","420","154","411","115","425"," 80","464","242","495","199","555","153","588","142","593","112","108","288"
"LT-0011-AK39-3.dw.png","198","177","225","175","266","249","265","196","271","118","333","248","387","277","373","255","410","223","374","203","415","171","420","132","433"," 99","437","269","480","230","547","192","586","185","595","155"," 86","248"
"LT-0011-AK39-4.dw.png","196","170","222","169","253","241","258","190","264","114","325","241","377","268","364","247","405","214","374","197","408","160","409","123","419"," 89","436","258","480","218","551","175","583","168","591","142"," 88","246"
"LT-0011-AK39-5.dw.png","192","181","217","177","264","248","260","196","259","116","335","243","389","269","374","248","407","210","379","196","412","158","410","119","422"," 84","442","257","479","213","546","171","585","160","595","132"," 86","259"
"LT-0011-AK39-6.dw.png","203","183","228","180","272","253","266","201","278","121","343","251","392","278","377","258","409","223","379","207","418","172","423","134","435"," 98","445","269","483","230","551","190","594","182","601","152"," 90","257"
"LT-0011-AK39-7.dw.png","195","187","219","182","265","251","264","200","263","120","341","246","394","268","376","248","409","209","386","196","416","159","412","117","426"," 81","452","252","485","211","556","161","588","153","593","123"," 95","271"
"LT-0011-AK39-8.dw.png","188","187","216","184","252","250","257","199","256","124","329","244","382","266","366","246","401","212","367","197","405","161","404","121","416"," 89","436","253","474","211","543","168","581","156","583","128"," 90","268"
"LT-0011-AK39-9.dw.png","204","175","227","172","278","241","268","190","267","114","349","239","399","264","385","243","416","209","388","195","422","158","418","118","432"," 84","454","251","490","212","555","170","594","160","601","133","100","255"
"LT-0012-AK40-1.dw.png","284","245","313","244","371","346","368","273","383","168","461","347","537","386","519","359","566","318","521","288","573","248","578","194","602","147","612","377","661","333","768","278","818","269","831","232","126","339"
"LT-0012-AK40-10.dw.png","272","242","298","240","353","337","356","268","369","160","444","339","525","380","501","350","549","304","505","281","557","237","561","182","585","141","598","369","659","315","758","264","808","257","815","218","110","334"
"LT-0012-AK40-11.dw.png","261","235","287","232","342","336","341","267","360","159","438","341","515","382","494","354","543","310","497","285","551","241","562","193","587","151","591","373","648","327","748","277","800","271","816","235","105","322"
"LT-0012-AK40-12.dw.png","265","225","292","223","350","333","348","257","368","150","440","338","513","377","493","348","542","310","501","280","552","237","565","186","589","142","588","372","647","327","759","279","807","275","817","238","104","312"
"LT-0012-AK40-13.dw.png","264","255","297","250","356","350","354","279","363","169","452","347","524","381","506","354","549","305","505","280","561","234","561","179","579","131","599","365","654","313","751","249","797","238","801","197","116","363"
"LT-0012-AK40-14.dw.png","258","242","284","239","351","332","343","265","346","157","442","328","513","360","494","334","536","289","491","269","544","218","547","166","566","126","585","346","644","293","743","234","786","224","793","186","108","342"
"LT-0012-AK40-15.dw.png","258","231","282","228","343","329","341","262","354","156","432","330","507","370","490","342","531","300","492","275","546","230","556","184","581","140","582","360","637","318","741","264","791","260","801","221","106","318"
"LT-0012-AK40-16.dw.png","265","233","291","229","346","327","355","262","362","154","437","330","515","375","496","345","544","302","502","272","560","231","568","181","590","136","588","367","651","316","754","266","804","261","817","222","103","322"
"LT-0012-AK40-17.dw.png","261","229","284","225","352","324","353","260","354","147","448","326","515","360","498","333","539","292","507","270","542","225","551","175","578","130","584","351","640","303","751","252","799","247","804","211","109","326"
"LT-0012-AK40-18.dw.png","282","252","313","248","366","353","372","279","383","171","462","358","539","394","516","367","563","323","517","294","581","248","591","196","613","148","613","386","670","337","777","282","831","272","841","232","125","349"
"LT-0012-AK40-19.dw.png","276","250","305","245","367","346","366","276","372","164","457","347","533","385","511","357","552","310","511","284","570","236","575","184","597","136","608","369","660","322","765","259","815","252","819","210","116","349"
"LT-0012-AK40-2.dw.png","281","247","307","243","372","340","368","272","374","161","465","339","542","377","519","350","574","303","518","276","573","232","576","178","599","132","612","365","673","315","773","260","821","248","830","208","121","351"
"LT-0012-AK40-20.dw.png","276","234","310","231","359","332","365","264","379","158","454","337","533","380","513","348","563","308","516","279","574","239","585","187","608","145","609","370","674","322","773","278","826","269","835","233","120","326"
"LT-0012-AK40-3.dw.png","265","227","291","223","350","320","347","254","363","149","445","322","512","357","493","329","538","291","506","269","547","222","556","172","577","131","583","347","638","303","749","252","799","247","806","211","106","318"
"LT-0012-AK40-4.dw.png","271","244","295","240","361","338","353","271","364","165","452","340","524","376","508","349","549","308","512","286","563","239","574","188","596","145","598","367","657","322","759","267","812","260","822","223","118","332"
"LT-0012-AK40-5.dw.png","261","232","292","232","340","332","342","263","363","158","431","336","514","377","493","350","535","309","502","286","559","242","571","195","594","154","586","372","645","328","740","284","797","279","814","246","102","319"
"LT-0012-AK40-6.dw.png","271","249","299","245","352","343","360","277","364","168","442","346","520","386","501","354","546","312","506","286","561","239","567","190","590","144","600","371","659","321","759","268","812","260","819","220","107","343"
"LT-0012-AK40-7.dw.png","257","240","281","235","354","329","345","265","346","160","443","328","515","360","497","334","537","291","498","271","544","222","549","173","571","130","586","346","640","300","743","241","793","231","799","194","112","344"
"LT-0012-AK40-8.dw.png","268","232","299","231","357","330","359","262","373","157","450","334","525","372","509","346","557","300","519","275","568","231","572","175","595","135","602","360","657","316","766","262","814","257","827","220","122","330"
"LT-0012-AK40-9.dw.png","264","236","295","232","357","338","354","266","367","160","441","342","515","379","497","352","546","309","506","282","557","239","565","186","587","146","596","371","647","324","756","275","808","265","819","226","116","331"
"LT-0013-AK45-1.dw.png","191","172","216","167","263","236","254","183","259","109","327","228","380","250","363","231","396","197","371","182","401","144","399","104","414"," 71","432","236","462","199","542","144","575","134","578","107"," 91","258"
"LT-0013-AK45-10.dw.png","189","163","214","166","239","245","245","189","271","116","311","254","361","288","351","266","392","237","368","217","409","186","414","144","430","112","422","284","461","250","541","213","578","209","584","179"," 73","226"
"LT-0013-AK45-11.dw.png","183","181","207","183","231","259","246","207","260","131","310","267","359","302","347","280","387","251","362","233","400","199","408","157","426","127","420","299","463","265","541","230","575","228","584","199"," 69","241"
"LT-0013-AK45-12.dw.png","199","180","222","179","267","254","264","199","275","122","335","255","391","283","376","261","415","230","382","211","422","175","426","134","440","103","451","275","490","242","569","199","600","194","607","165"," 90","254"
"LT-0013-AK45-13.dw.png","187","182","213","177","254","246","251","198","258","121","326","246","376","270","365","253","398","220","370","202","405","169","404","127","418"," 94","439","261","475","225","539","183","578","176","584","148"," 86","251"
"LT-0013-AK45-14.dw.png","184","177","204","175","248","243","250","197","254","116","316","240","370","265","355","246","389","218","359","199","398","165","398","124","410"," 90","426","255","460","221","533","176","571","167","576","139"," 74","248"
"LT-0013-AK45-15.dw.png","193","195","213","191","277","260","266","208","258","129","345","253","395","276","383","257","415","222","379","206","414","167","416","128","425"," 93","453","264","490","225","565","177","597","169","602","140"," 92","274"
"LT-0013-AK45-16.dw.png","187","168","211","167","256","242","255","189","267","111","325","244","376","273","362","251","407","222","374","203","411","169","415","126","427"," 92","437","267","476","229","554","190","587","183","594","153"," 77","232"
"LT-0013-AK45-17.dw.png","195","172","214","172","252","249","258","197","277","118","321","257","370","287","357","266","399","239","373","218","408","186","416","144","432","114","429","285","469","252","551","217","584","214","593","185"," 78","234"
"LT-0013-AK45-18.dw.png","189","184","213","181","254","250","251","196","257","119","330","242","382","264","369","246","396","209","371","194","407","158","404","116","418"," 82","440","248","476","211","542","164","579","154","582","123"," 85","264"
"LT-0013-AK45-19.dw.png","191","184","214","179","249","249","256","198","261","119","327","248","378","273","358","251","401","215","374","200","409","163","407","123","418"," 87","435","261","476","217","553","175","582","170","587","135"," 85","264"
"LT-0013-AK45-2.dw.png","194","183","218","179","265","251","255","195","258","118","332","246","386","270","371","251","410","216","371","197","407","160","407","120","418"," 87","443","257","478","218","551","172","581","164","587","133"," 90","262"
"LT-0013-AK45-20.dw.png","196","182","216","178","261","250","253","195","265","119","329","247","378","271","367","251","399","216","375","203","409","164","412","127","426"," 95","437","260","479","221","548","179","586","173","595","147"," 85","257"
"LT-0013-AK45-3.dw.png","199","181","223","179","260","250","258","199","272","123","332","247","388","274","371","253","402","221","376","206","413","169","409","128","419"," 96","443","264","477","228","555","181","587","174","589","146"," 93","256"
"LT-0013-AK45-4.dw.png","200","198","222","192","269","263","261","210","260","132","335","255","386","280","373","261","406","223","374","208","411","170","415","130","426"," 95","447","268","489","225","563","179","592","171","595","143"," 99","278"
"LT-0013-AK45-5.dw.png","188","179","209","173","261","240","258","192","250","112","329","233","375","251","360","233","403","197","368","183","393","147","392","108","403"," 74","434","236","468","196","532","149","563","139","567","110"," 87","259"
"LT-0013-AK45-6.dw.png","186","182","205","181","252","257","250","202","258","125","319","257","366","284","353","262","390","231","365","212","400","178","403","140","416","106","425","274","460","238","537","196","572","190","582","162"," 77","252"
"LT-0013-AK45-7.dw.png","198","175","221","174","263","249","266","197","277","119","336","253","383","281","370","260","404","230","377","212","418","180","421","139","439","105","442","275","477","241","558","200","593","194","599","167"," 86","244"
"LT-0013-AK45-8.dw.png","203","190","228","187","278","259","268","205","274","129","344","257","399","281","384","261","418","226","390","210","426","173","428","132","441"," 98","462","268","499","230","570","187","605","177","610","147"," 96","270"
"LT-0013-AK45-9.dw.png","192","189","215","184","261","258","258","205","262","126","334","256","391","280","374","260","406","226","379","211","416","173","419","132","429"," 96","453","269","489","233","566","185","592","179","596","148"," 82","265"
"LT-0014-D01-20210211_135823_2.dw.png","372","295","427","298","482","443","496","340","545","195","637","454","733","515","709","471","775","416","727","378","806","323","820","248","851","193","843","508","923","441","1061","376","1130","366","1151","318","165","418"
"LT-0014-D01-20210211_135842_0.dw.png","378","296","427","294","500","438","501","337","531","187","646","443","737","499","713","459","784","394","724","361","812","300","817","227","846","167","852","483","923","421","1077","347","1149","338","1169","285","150","417"
"LT-0014-D01-20210211_135842_2.dw.png","389","336","434","330","509","458","519","367","521","216","659","451","754","498","731","458","796","394","744","366","813","302","809","225","826","165","867","474","933","405","1072","315","1128","305","1134","252","178","484"
"LT-0014-D01-20210211_135906_0.dw.png","333","373","390","352","486","480","468","376","457","230","631","451","735","480","691","450","750","362","689","345","754","268","746","194","758","122","823","446","895","350","1017","238","1079","220","1077","155","165","560"
"LT-0014-D01-20210211_135906_2.dw.png","367","285","413","294","467","455","478","349","519","210","608","489","684","550","661","511","731","459","691","418","774","373","797","308","836","253","793","558","879","507","1020","460","1073","467","1101","414","127","380"
"LT-0014-D01-20210211_135933_0.dw.png","382","312","438","317","491","454","496","357","538","218","623","464","721","532","699","490","770","432","733","404","818","346","826","273","855","221","834","525","909","467","1071","408","1137","399","1152","350","153","419"
"LT-0014-D01-20210211_135933_2.dw.png","386","317","432","311","487","439","495","348","524","209","635","444","730","495","702","457","770","396","734","368","808","310","814","239","835","181","847","481","918","415","1065","343","1135","332","1149","281","158","437"
"LT-0014-D01-20210211_135948_0.dw.png","351","328","403","319","470","454","472","355","493","214","625","450","711","497","688","460","757","396","708","365","783","301","785","225","805","166","823","478","894","407","1043","328","1108","314","1122","260","131","461"
"LT-0014-D01-20210211_135948_1.dw.png","361","304","415","302","488","444","484","343","521","196","634","448","735","500","708","462","773","401","725","370","796","309","803","228","827","170","846","485","919","419","1054","342","1111","333","1129","278","154","438"
"LT-0014-D01-20210211_140002_0.dw.png","346","302","392","294","478","418","459","318","474","177","629","407","729","447","691","413","737","339","701","325","768","253","768","181","786","120","824","421","894","343","1025","260","1093","247","1098","187","148","462"
"LT-0014-D01-20210211_140002_1.dw.png","380","306","436","311","489","459","495","355","533","218","641","483","718","540","700","499","786","450","726","405","808","357","827","288","862","230","833","539","917","481","1070","425","1130","427","1144","369","152","411"
"LT-0014-D01-20210211_140022_5.dw.png","341","366","390","355","474","470","459","375","450","232","621","442","715","470","688","438","741","363","692","347","753","267","745","198","758","138","821","434","877","351","1009","250","1074","228","1067","174","149","538"
"LT-0014-D01-20210211_140022_6.dw.png","360","352","405","346","504","478","484","381","503","235","642","473","730","517","708","480","777","412","708","386","786","317","787","246","807","185","845","492","913","417","1054","333","1123","317","1135","264","156","493"
"LT-0014-D01-20210211_140034_5.dw.png","413","380","468","370","538","500","529","394","551","248","703","484","803","525","769","492","828","421","769","393","841","327","833","248","852","183","907","499","977","419","1104","323","1155","312","1170","250","221","533"
"LT-0014-D01-20210211_140034_6.dw.png","305","979","327","937","487","959","405","902","300","792","586","837","681","800","633","796","628","702","571","722","564","633","508","584","471","525","735","693","728","596","761","431","784","389","741","352","269","1230"
"LT-0014-D01-20210211_140053_0.dw.png","374","294","423","298","465","437","489","345","524","204","617","463","711","532","688","486","776","440","719","397","803","348","819","275","855","226","822","526","902","474","1053","422","1119","420","1134","365","154","397"
"LT-0014-D01-20210211_140053_1.dw.png","354","337","398","324","506","449","485","350","467","198","646","426","746","457","709","428","771","344","712","323","768","248","762","175","771","106","852","420","913","330","1030","221","1083","209","1083","149","165","513"
"LT-0014-D01-20210211_140108_3.dw.png","349","471","400","444","521","554","474","462","457","313","668","508","760","526","720","499","766","412","708","404","759","321","740","251","747","189","857","475","905","385","1021","269","1084","240","1079","179","197","666"
"LT-0014-D01-20210211_140108_4.dw.png","460","351","512","351","576","492","575","388","611","252","712","497","803","559","782","516","861","456","801","419","887","362","903","296","934","240","913","549","993","482","1141","421","1211","413","1220","360","239","473"
"LT-0014-D01-20210211_140128_1.dw.png","348","353","392","339","493","458","473","362","468","213","633","425","736","450","709","420","768","344","698","324","766","245","750","173","760","113","850","405","906","324","1022","214","1091","186","1094","134","168","527"
"LT-0014-D01-20210211_140128_2.dw.png","340","335","386","324","482","451","464","353","468","201","624","429","725","464","696","431","758","357","697","334","769","261","770","184","783","123","833","431","887","358","1018","251","1093","229","1098","173","149","511"
"LT-0015-D02-20210211_133854_0.dw.png","389","483","433","455","541","563","503","464","477","323","695","497","797","511","753","487","794","398","732","388","779","299","756","230","764","161","897","448","947","345","1038","229","1095","199","1084","132","252","702"
"LT-0015-D02-20210211_133854_2.dw.png","377","355","424","342","516","467","499","372","494","225","653","448","754","486","712","448","774","383","733","362","796","286","784","213","804","153","863","457","925","380","1062","285","1126","262","1139","213","188","517"
"LT-0015-D02-20210211_133907_0.dw.png","340","357","387","339","486","459","467","359","445","218","629","429","730","458","696","431","742","348","685","333","735","254","730","181","741","117","832","419","880","337","1002","232","1064","217","1057","154","170","537"
"LT-0015-D02-20210211_133907_1.dw.png","327","344","371","324","470","445","456","346","432","206","612","417","718","443","688","413","727","336","672","318","722","234","713","165","729","104","824","400","864","322","983","221","1047","195","1046","139","155","518"
"LT-0015-D02-20210211_133918_0.dw.png","362","351","408","342","510","460","507","370","496","225","659","448","758","487","733","451","790","383","728","355","796","288","792","215","807","155","866","461","933","379","1061","291","1118","277","1128","224","169","512"
"LT-0015-D02-20210211_133918_2.dw.png","378","379","418","364","520","477","505","385","475","246","656","448","753","479","720","445","772","374","711","354","768","278","760","210","773","148","856","439","912","357","1029","256","1091","227","1088","177","190","556"
"LT-0015-D02-20210211_133952_1.dw.png","380","298","428","294","489","439","500","343","528","199","626","454","729","516","701","471","770","413","719","382","798","324","806","249","840","187","829","508","908","442","1056","374","1128","367","1142","313","156","409"
"LT-0015-D02-20210211_133952_5.dw.png","387","287","439","295","475","449","493","355","545","220","607","485","688","568","669","518","753","482","711","432","795","396","812","330","861","284","797","582","885","531","1025","501","1096","511","1125","466","155","359"
"LT-0015-D02-20210211_134013_0.dw.png","362","333","405","327","486","462","477","359","489","219","651","457","736","503","702","467","769","398","714","372","787","309","788","237","807","180","846","486","916","409","1050","329","1110","324","1115","265","166","479"
"LT-0015-D02-20210211_134013_2.dw.png","385","326","440","326","486","472","503","367","540","225","631","481","740","544","708","498","780","439","735","405","811","349","818","273","849","214","849","535","929","463","1078","400","1140","393","1158","337","160","442"
"LT-0015-D02-20210211_134025_0.dw.png","398","364","438","351","546","466","517","373","512","227","682","439","780","480","746","441","796","372","747","347","813","275","809","206","834","144","882","448","948","369","1070","280","1137","254","1147","198","199","532"
"LT-0015-D02-20210211_134025_1.dw.png","396","330","446","327","525","463","512","361","534","222","656","461","765","517","728","471","802","413","746","378","820","320","823","249","851","191","874","502","948","428","1084","352","1161","340","1182","289","161","462"
"LT-0015-D02-20210211_134114_0.dw.png","410","295","460","295","523","431","523","331","547","195","664","432","752","488","729","444","798","386","749","356","819","297","824","227","851","168","860","472","940","400","1073","327","1139","316","1155","264","194","420"
"LT-0015-D02-20210211_134114_4.dw.png","363","311","409","304","488","429","486","339","483","199","624","420","723","463","694","428","753","366","695","334","763","271","767","198","789","142","826","439","884","370","1021","287","1093","269","1100","215","171","460"
"LT-0015-D02-20210211_134134_0.dw.png","368","327","414","322","488","451","490","360","493","219","619","446","722","498","689","457","761","399","700","365","769","301","774","235","795","176","826","476","899","403","1031","329","1101","311","1108","258","161","466"
"LT-0015-D02-20210211_134134_2.dw.png","355","318","398","314","471","444","477","353","482","208","605","440","702","488","675","449","745","391","688","359","757","293","759","227","781","165","820","466","883","396","1017","320","1087","303","1094","249","146","455"
"LT-0015-D02-20210211_134146_0.dw.png","401","309","459","311","511","460","526","360","563","217","655","469","752","532","730","487","804","435","755","398","836","350","843","271","877","218","867","527","947","466","1094","407","1162","398","1179","352","177","423"
"LT-0015-D02-20210211_134146_1.dw.png","326","343","372","332","475","449","459","359","453","214","609","425","713","464","678","428","716","360","675","338","735","264","724","195","746","128","811","434","875","346","995","255","1060","229","1069","171","147","501"
"LT-0015-D02-20210211_134200_0.dw.png","354","334","407","331","484","459","476","366","494","219","618","456","728","508","693","467","752","399","705","374","777","305","778","231","804","164","832","487","901","407","1052","325","1117","310","1134","254","153","473"
"LT-0015-D02-20210211_134200_3.dw.png","354","332","403","326","484","456","486","359","489","217","632","452","728","495","702","457","771","393","708","364","783","296","785","226","811","167","844","474","904","404","1047","321","1112","307","1122","253","148","474"
"LT-0015-D02-20210211_134215_0.dw.png","400","346","448","340","528","482","533","384","533","235","677","485","773","539","751","502","827","442","767","404","836","341","839","262","867","201","880","528","953","457","1101","377","1170","363","1181","310","177","468"
"LT-0015-D02-20210211_134215_3.dw.png","316","310","360","303","445","433","428","336","441","198","579","423","678","472","649","431","706","366","660","339","720","273","723","204","735","144","786","446","855","369","984","284","1045","266","1056","213","113","453"
"LT-0015-D02-20210211_134227.dw.png","342","319","393","314","474","446","475","354","490","213","614","450","712","504","686","465","756","406","701","373","778","324","787","249","817","193","822","490","893","431","1035","367","1110","365","1133","317","133","439"
"LT-0015-D02-20210211_134227_0.dw.png","339","273","390","269","473","402","471","308","486","166","611","407","708","461","682","422","756","361","698","328","778","276","787","205","813","147","814","448","891","385","1035","325","1109","321","1132","273","129","395"
"LT-0016-D03-20210211_133055_1.dw.png","364","314","411","309","481","441","471","345","494","213","609","441","695","494","674","458","745","400","686","367","764","310","764","242","787","190","790","481","868","417","1000","350","1060","341","1074","293","167","435"
"LT-0016-D03-20210211_133055_2.dw.png","382","302","431","300","501","429","494","333","514","206","631","433","713","483","693","446","764","391","708","358","783","300","783","232","806","180","818","471","891","405","1020","341","1078","332","1095","283","191","424"
"LT-0016-D03-20210211_133135_0.dw.png","402","356","451","348","543","485","531","384","524","245","673","480","770","528","743","490","804","428","755","399","822","333","825","260","842","198","878","510","945","445","1080","362","1145","346","1157","295","206","503"
"LT-0016-D03-20210211_133135_2.dw.png","389","337","439","330","528","467","520","367","511","226","656","459","757","508","731","470","790","411","740","381","808","315","809","244","827","182","874","490","932","425","1067","343","1133","330","1142","279","190","483"
"LT-0016-D03-20210211_133159_0.dw.png","379","328","427","325","479","468","487","366","522","228","614","476","709","534","685","494","756","444","706","406","784","350","795","279","826","228","814","526","888","466","1030","410","1101","404","1119","353","158","444"
"LT-0016-D03-20210211_133159_2.dw.png","403","345","449","333","538","454","526","356","513","213","671","427","779","461","749","427","802","355","749","339","801","261","787","193","805","133","889","425","949","344","1053","256","1125","232","1131","178","212","516"
"LT-0016-D03-20210211_133212_0.dw.png","438","355","488","353","537","496","555","403","582","256","691","512","783","576","766","533","844","478","791","444","866","378","872","303","903","246","901","569","987","505","1134","446","1199","441","1215","391","203","469"
"LT-0016-D03-20210211_133212_1.dw.png","336","512","378","486","516","565","446","486","408","351","634","497","736","498","696","479","722","398","669","397","696","311","669","247","670","179","817","441","850","345","940","216","991","182","978","120","233","728"
"LT-0016-D03-20210211_133243_0.dw.png","373","316","427","307","505","431","505","344","516","204","656","425","754","469","721","431","766","371","732","349","799","284","795","213","812","154","854","451","932","377","1066","305","1126","292","1134","243","170","443"
"LT-0016-D03-20210211_133243_2.dw.png","465","317","520","315","580","451","576","348","616","212","721","453","818","507","791","468","854","407","815","381","882","324","890","251","922","198","925","496","996","430","1138","370","1210","357","1233","312","249","445"
"LT-0016-D03-20210211_133255_1.dw.png","365","325","418","322","481","462","490","369","509","225","617","468","700","525","681","485","751","422","696","392","779","335","792","261","820","207","814","512","891","445","1026","369","1095","362","1102","306","153","451"
"LT-0016-D03-20210211_133255_2.dw.png","377","297","434","305","474","459","499","363","540","220","612","486","700","560","677","513","757","465","724","429","807","379","821","305","863","253","820","567","902","513","1056","470","1121","472","1142","424","146","392"
"LT-0016-D03-20210211_133308_0.dw.png","383","359","429","348","508","478","496","380","508","237","644","465","751","506","716","471","773","399","738","380","801","304","797","234","814","170","851","478","930","396","1062","310","1138","286","1145","237","174","514"
"LT-0016-D03-20210211_133308_2.dw.png","405","345","476","341","533","470","533","372","552","232","678","468","772","517","756","480","824","416","770","388","844","323","840","246","863","183","878","502","960","425","1096","347","1159","337","1174","281","204","484"
"LT-0016-D03-20210211_133326_0.dw.png","391","338","440","337","513","471","514","382","524","236","652","480","734","531","711","492","779","434","729","406","800","341","805","269","829","212","832","523","921","454","1055","388","1117","383","1129","330","176","453"
"LT-0016-D03-20210211_133326_2.dw.png","367","312","420","308","490","443","491","353","502","209","630","450","713","502","687","463","756","408","705","379","774","311","780","240","805","183","817","492","897","425","1033","362","1096","358","1108","304","155","423"
"LT-0016-D03-20210211_133339_0.dw.png","354","329","405","321","486","447","485","359","478","219","631","434","717","475","682","440","743","378","693","356","756","288","754","221","775","162","822","451","887","377","1008","299","1073","284","1080","233","167","475"
"LT-0016-D03-20210211_133339_1.dw.png","355","327","401","313","506","419","470","333","463","197","629","388","733","411","702","381","742","319","693","302","747","229","735","161","748","100","829","377","876","303","987","203","1055","169","1055","119","178","498"
"LT-0016-D03-20210211_133354_0.dw.png","405","331","458","338","513","483","516","379","559","244","640","495","737","560","716","517","787","472","742","435","820","383","835","310","865","254","844","561","919","507","1058","453","1132","451","1152","402","188","441"
"LT-0016-D03-20210211_133354_1.dw.png","358","320","400","319","478","450","483","365","498","225","615","456","710","507","681","467","738","414","698","389","765","325","769","253","791","200","809","497","882","432","1023","363","1085","355","1100","306","146","433"
"LT-0016-D03-20210211_133409_0.dw.png","393","303","443","319","452","466","500","383","564","258","586","518","668","607","654","558","728","526","704","488","796","449","819","386","862","338","782","635","863","597","1026","581","1095","596","1122","550","154","347"
"LT-0016-D03-20210211_133409_1.dw.png","389","325","435","328","480","469","490","369","532","235","612","488","710","547","691","510","761","461","710","424","790","376","802","300","836","248","826","551","900","494","1040","443","1111","438","1128","392","161","431"
"LT-0016-D03-20210211_133510_0.dw.png","403","351","461","350","544","495","530","390","559","231","693","492","810","544","778","501","847","442","793","409","873","342","875","258","907","194","929","523","997","454","1156","371","1239","362","1250","303","180","504"
"LT-0016-D03-20210211_133510_1.dw.png","392","334","450","333","530","480","519","372","548","217","683","477","799","526","767","489","836","426","779","393","861","326","863","245","891","181","918","508","982","437","1140","356","1223","347","1237","291","167","488"
"LT-0017-D06-20210211_141249_0.dw.png","376","294","421","292","489","441","508","342","526","192","636","459","723","515","707","478","784","422","720","379","808","320","824","245","860","187","846","513","935","447","1081","389","1146","384","1161","333","150","408"
"LT-0017-D06-20210211_141249_2.dw.png","373","353","418","340","520","462","498","363","492","209","650","433","751","469","720","433","777","360","721","337","784","259","774","179","791","115","870","432","931","344","1059","241","1118","214","1121","160","196","540"
"LT-0017-D06-20210211_141315_0.dw.png","371","333","417","323","505","453","497","350","499","210","659","436","758","469","725","441","797","365","731","342","798","276","789","196","808","133","872","440","935","364","1074","271","1128","258","1129","197","173","493"
"LT-0017-D06-20210211_141315_2.dw.png","389","298","432","304","466","458","513","369","551","228","609","503","690","581","673","537","760","498","711","443","794","407","826","336","867","287","814","595","902","550","1060","510","1120","513","1145","464","144","363"
"LT-0017-D06-20210211_141333_0.dw.png","377","335","422","327","503","467","509","364","519","212","654","467","752","515","728","476","803","412","737","376","802","303","806","224","832","159","867","497","939","417","1078","333","1132","315","1139","258","161","470"
"LT-0017-D06-20210211_141333_3.dw.png","402","295","451","305","482","459","509","361","571","225","616","497","696","575","678","531","769","494","727","444","815","403","840","329","882","278","816","591","902","549","1068","517","1130","519","1148","464","149","364"
"LT-0017-D06-20210211_141352_0.dw.png","403","327","451","323","523","449","525","354","529","207","656","442","758","489","726","452","804","384","744","354","811","285","803","205","826","146","867","471","948","389","1086","309","1149","293","1154","237","195","486"
"LT-0017-D06-20210211_141352_3.dw.png","401","354","458","351","536","486","531","383","549","234","682","481","786","533","754","493","810","427","763","395","833","328","838","247","865","184","899","514","969","440","1114","358","1176","345","1190","286","190","507"
"LT-0017-D06-20210211_141433_0.dw.png","404","377","447","369","543","495","531","392","520","247","668","482","770","518","742","484","816","416","747","388","813","315","802","234","816","174","886","492","955","413","1095","321","1152","301","1155","249","200","536"
"LT-0017-D06-20210211_141433_1.dw.png","400","345","444","344","487","489","506","391","541","251","624","513","714","578","691","537","782","485","724","438","808","391","819","311","849","258","840","582","919","520","1082","464","1143","464","1159","411","164","447"
"LT-0017-D06-20210211_141446_0.dw.png","399","295","448","300","478","443","518","355","553","216","617","472","704","540","684","496","762","452","724","408","804","367","820","286","859","234","821","545","906","494","1060","442","1120","442","1133","388","164","381"
"LT-0017-D06-20210211_141446_1.dw.png","414","408","456","389","568","505","546","403","516","257","720","466","816","489","782","463","834","376","772","356","820","273","808","198","819","132","930","439","986","344","1099","222","1148","198","1137","138","242","597"
"LT-0017-D06-20210211_141458_1.dw.png","383","401","427","382","543","501","524","399","486","250","689","463","797","488","762","458","819","377","743","356","799","272","777","191","788","126","894","451","957","355","1084","233","1136","208","1136","150","204","596"
"LT-0017-D06-20210211_141458_4.dw.png","362","341","405","335","486","473","477","377","488","230","620","475","709","529","687","491","766","429","697","390","777","329","778","246","798","188","837","515","903","437","1058","365","1121","354","1124","297","140","468"
"LT-0017-D06-20210211_141508_0.dw.png","358","425","401","408","522","516","481","422","458","267","649","474","761","492","726","467","777","386","716","367","765","281","747","204","755","134","876","441","923","357","1041","236","1098","203","1087","144","193","629"
"LT-0017-D06-20210211_141508_3.dw.png","352","339","398","334","472","464","477","366","492","214","620","457","714","500","685","465","762","394","699","362","766","290","767","206","789","145","840","467","908","390","1046","291","1099","272","1102","218","154","493"
"LT-0017-D06-20210211_141523_0.dw.png","391","333","429","325","521","458","525","359","510","207","660","447","764","493","740","461","808","397","738","359","812","295","819","222","838","161","882","475","953","405","1093","320","1150","306","1160","253","180","482"
"LT-0017-D06-20210211_141523_1.dw.png","368","249","418","258","446","403","479","307","528","172","592","439","683","507","656","461","740","419","693","375","771","330","791","256","835","200","789","514","889","462","1039","419","1085","426","1105","362","133","336"
"LT-0017-D06-20210211_141532_0.dw.png","400","343","444","340","521","476","518","378","530","226","653","476","756","531","731","490","804","431","741","392","817","326","821","251","854","188","875","518","954","447","1096","369","1156","358","1172","303","182","481"
"LT-0017-D06-20210211_141532_3.dw.png","368","349","414","342","496","474","486","371","482","219","634","469","730","509","700","475","783","404","710","372","787","302","780","215","793","152","849","483","925","402","1073","313","1132","297","1133","243","146","510"
"LT-0018-D08-20210211_140706_0.dw.png","382","336","428","331","508","462","505","366","506","224","650","457","742","502","714","466","787","402","724","373","790","303","792","233","816","174","867","483","937","413","1071","332","1123","320","1134","269","177","491"
"LT-0018-D08-20210211_140706_3.dw.png","365","274","413","274","486","415","485","315","511","165","646","424","726","475","704","440","766","376","716","352","783","287","795","218","821","158","829","465","909","398","1051","335","1103","334","1125","279","147","407"
"LT-0018-D08-20210211_140726_0.dw.png","403","291","450","292","514","450","522","347","557","197","651","472","734","543","720","498","801","450","741","404","833","353","852","277","887","223","851","545","932","490","1098","440","1152","439","1183","389","154","377"
"LT-0018-D08-20210211_140726_2.dw.png","352","238","398","244","432","394","461","305","517","175","566","432","638","510","625","467","712","429","666","381","753","343","778","272","808","235","762","521","835","477","1005","448","1061","453","1089","412","122","311"
"LT-0018-D08-20210211_140741_1.dw.png","377","325","430","314","518","438","505","340","507","194","673","414","763","451","738","420","805","346","727","326","789","262","784","189","805","122","873","420","940","344","1078","253","1137","241","1139","180","179","490"
"LT-0018-D08-20210211_140741_3.dw.png","334","346","385","331","472","445","462","347","438","210","624","411","728","438","693","410","743","333","675","314","732","243","732","168","737","104","833","392","889","312","1006","207","1061","192","1065","137","162","536"
"LT-0018-D08-20210211_140755_1.dw.png","400","341","454","340","527","479","530","384","546","244","654","485","748","542","729","505","793","450","742","413","816","358","826","286","853","231","860","537","933","473","1086","410","1144","403","1157","351","179","455"
"LT-0018-D08-20210211_140755_4.dw.png","355","339","394","328","503","455","491","360","475","212","648","439","742","475","713","440","760","369","711","347","771","277","770","203","790","141","851","444","903","373","1029","278","1091","263","1100","209","162","508"
"LT-0018-D08-20210211_140806_0.dw.png","390","370","434","355","545","471","519","376","496","230","679","435","778","461","751","427","792","355","744","339","781","254","767","184","775","123","882","414","939","328","1050","222","1104","198","1101","143","222","557"
"LT-0018-D08-20210211_140806_3.dw.png","373","322","424","320","498","464","498","364","521","224","642","476","734","530","714","492","781","440","727","403","802","351","814","283","844","225","846","525","918","472","1075","409","1134","401","1156","353","152","434"
"LT-0018-D08-20210211_140822_0.dw.png","369","328","412","326","499","467","492","367","499","219","639","461","735","508","707","474","780","408","710","373","784","314","788","237","811","178","846","490","928","418","1061","352","1118","345","1131","294","154","474"
"LT-0018-D08-20210211_140822_1.dw.png","391","323","448","321","514","462","512","363","535","227","653","475","738","537","718","493","800","440","740","402","809","342","824","274","852","220","848","527","922","466","1080","405","1145","399","1160","352","160","435"
"LT-0018-D08-20210211_140839_0.dw.png","386","295","439","303","488","446","500","349","539","213","618","465","695","527","679","484","763","439","713","401","787","352","804","284","841","238","810","529","888","477","1028","431","1100","431","1121","387","159","396"
"LT-0018-D08-20210211_140839_4.dw.png","388","355","435","341","535","456","508","362","488","224","670","427","764","459","734","428","796","353","723","332","781","258","770","185","778","125","874","419","929","337","1052","231","1108","206","1111","150","204","526"
"LT-0018-D08-20210211_140853_1.dw.png","401","319","442","316","497","450","519","357","539","209","657","452","748","504","729","466","788","408","752","383","817","311","827","239","851","180","875","492","946","427","1095","352","1149","342","1171","293","169","443"
"LT-0018-D08-20210211_140853_2.dw.png","367","341","417","335","511","468","507","370","500","219","646","460","737","500","710","467","774","399","720","374","787","305","794","235","817","175","849","473","908","407","1049","325","1111","311","1120","259","168","488"
"LT-0018-D08-20210211_140910_1.dw.png","381","302","429","294","514","420","507","325","495","186","646","407","740","449","713","414","783","349","719","323","779","253","776","181","794","122","847","421","911","346","1037","262","1094","246","1107","194","172","454"
"LT-0018-D08-20210211_140910_2.dw.png","375","343","429","331","524","453","508","356","494","212","658","434","753","473","717","441","790","367","727","343","791","276","792","208","808","145","862","439","917","367","1047","274","1110","259","1114","198","181","510"
"LT-0018-D08-20210211_140930_1.dw.png","351","344","399","333","508","448","472","356","469","218","654","423","752","456","726","426","794","356","717","334","774","259","768","193","775","123","863","423","920","346","1055","245","1114","224","1125","171","160","519"
"LT-0018-D08-20210211_140930_3.dw.png","340","311","393","303","471","440","473","343","484","195","622","441","716","490","687","453","758","386","706","361","777","291","784","217","806","158","841","467","907","401","1038","319","1107","307","1119","249","127","449"
"LT-0019-DAR1-1.dw.png","183","183","209","179","263","247","260","196","250","116","330","238","384","260","364","238","399","203","370","189","401","146","400","106","411"," 73","448","239","480","196","547","144","584","133","587","103"," 93","278"
"LT-0019-DAR1-10.dw.png","197","185","220","181","262","258","273","206","273","124","337","257","391","286","373","263","414","231","382","212","421","178","425","136","442","101","453","278","498","235","566","195","607","188","613","157"," 90","257"
"LT-0019-DAR1-11.dw.png","192","183","211","182","249","257","262","205","261","123","327","257","377","281","360","261","405","231","366","212","409","179","411","142","427","108","437","272","475","235","547","197","584","192","590","163"," 86","258"
"LT-0019-DAR1-12.dw.png","186","178","212","173","257","250","256","195","264","113","329","245","380","272","362","250","398","216","369","199","408","165","414","124","432"," 90","445","260","482","220","548","181","595","172","602","142"," 84","257"
"LT-0019-DAR1-13.dw.png","190","184","214","180","254","257","256","199","264","117","329","255","382","280","366","260","413","224","372","204","415","165","419","121","432"," 89","447","266","486","223","565","175","603","168","606","139"," 87","267"
"LT-0019-DAR1-14.dw.png","197","193","223","187","264","262","276","208","271","122","342","258","395","283","378","261","416","226","387","208","424","171","423","128","438"," 92","458","270","498","226","570","182","610","175","615","145"," 97","277"
"LT-0019-DAR1-15.dw.png","188","187","210","181","261","254","267","199","252","118","336","247","389","267","372","248","407","208","373","192","416","151","410","110","423"," 75","450","251","489","203","560","152","599","142","602","112"," 90","280"
"LT-0019-DAR1-16.dw.png","195","187","219","181","270","255","268","200","266","119","343","248","391","272","375","251","414","214","376","198","416","159","418","119","431"," 85","456","254","491","210","559","164","601","153","607","125"," 94","273"
"LT-0019-DAR1-17.dw.png","187","197","215","190","262","260","261","205","258","120","342","248","394","270","377","248","414","209","374","196","411","154","410","112","422"," 78","455","250","492","200","555","150","594","137","597","106"," 91","288"
"LT-0019-DAR1-18.dw.png","183","195","209","189","258","255","258","203","249","122","328","244","385","265","367","247","403","209","363","194","400","154","400","115","412"," 81","446","246","478","200","540","153","584","139","589","110"," 91","284"
"LT-0019-DAR1-19.dw.png","188","182","211","180","253","255","260","201","261","120","331","254","382","281","367","259","411","227","365","208","413","174","414","133","431"," 99","438","270","478","229","548","188","593","180","597","151"," 83","262"
"LT-0019-DAR1-2.dw.png","198","177","225","175","261","250","272","197","277","115","334","253","385","283","372","261","414","228","380","206","421","173","425","129","443"," 97","448","276","496","235","575","195","614","189","619","159"," 87","249"
"LT-0019-DAR1-20.dw.png","187","173","214","171","251","252","256","196","272","117","326","257","374","288","361","266","406","236","366","214","415","183","420","142","441","115","433","282","474","248","557","214","597","210","607","183"," 74","240"
"LT-0019-DAR1-3.dw.png","196","174","217","173","246","250","258","195","271","115","325","253","375","284","362","260","409","230","373","209","415","175","418","133","434","101","441","275","484","233","559","196","597","191","601","163"," 84","244"
"LT-0019-DAR1-4.dw.png","199","178","226","176","262","254","271","200","278","117","337","255","389","283","375","261","416","229","382","208","425","177","429","134","445","102","454","274","494","237","577","193","612","189","618","162"," 88","250"
"LT-0019-DAR1-5.dw.png","183","187","208","181","253","258","264","206","261","122","328","256","376","283","362","262","398","230","369","212","408","178","410","134","426","101","439","273","475","238","549","197","592","189","601","162"," 84","264"
"LT-0019-DAR1-6.dw.png","194","173","219","174","248","259","260","203","277","122","325","271","371","305","358","282","406","254","372","229","422","200","429","160","454","129","433","305","481","271","563","242","600","243","613","215"," 78","239"
"LT-0019-DAR1-7.dw.png","195","177","217","173","259","249","264","195","268","111","336","248","382","274","368","252","409","219","377","201","416","165","417","124","435"," 92","446","264","486","226","555","185","595","175","601","148"," 87","258"
"LT-0019-DAR1-8.dw.png","185","189","209","183","256","255","253","199","255","119","332","246","386","270","368","250","407","213","367","197","406","158","406","118","420"," 83","447","254","485","209","557","159","591","150","590","120"," 88","274"
"LT-0019-DAR1-9.dw.png","202","180","227","177","264","253","273","201","280","116","341","254","395","283","382","262","425","229","390","210","427","173","433","133","451","102","458","274","499","235","575","194","614","188","618","160"," 92","252"
"LT-0020-DNP13-1.dw.png","193","172","214","171","256","243","249","190","258","116","320","243","362","268","353","249","387","221","354","202","393","169","395","130","408","102","415","261","457","225","525","191","559","186","569","161"," 79","241"
"LT-0020-DNP13-10.dw.png","192","172","211","168","258","234","248","186","251","115","317","232","359","258","346","237","379","208","349","192","382","158","386","123","397"," 94","411","246","448","210","509","172","539","164","546","141"," 79","242"
"LT-0020-DNP13-11.dw.png","196","172","216","167","256","234","254","183","257","112","326","228","377","249","363","231","392","200","365","184","395","153","395","119","405"," 86","434","237","465","202","525","160","562","151","564","126"," 94","247"
"LT-0020-DNP13-12.dw.png","198","166","217","163","262","231","257","178","262","107","330","225","375","246","361","228","400","196","366","180","397","146","398","110","409"," 78","430","232","462","196","530","153","564","144","566","118"," 96","247"
"LT-0020-DNP13-13.dw.png","179","186","202","180","255","246","243","190","238","119","326","230","375","242","359","229","389","189","358","178","384","136","379"," 99","385"," 65","431","221","462","177","522","125","554","113","555"," 84"," 93","288"
"LT-0020-DNP13-14.dw.png","196","182","216","178","262","245","255","193","260","121","334","236","384","254","370","237","405","203","374","189","401","150","398","113","410"," 79","438","239","471","199","539","149","572","139","574","112"," 96","270"
"LT-0020-DNP13-15.dw.png","186","187","205","180","265","241","249","192","237","116","332","228","381","243","361","228","390","188","361","178","389","137","383"," 98","384"," 62","438","220","468","178","523","128","562","115","561"," 84"," 85","285"
"LT-0020-DNP13-16.dw.png","179","172","198","166","258","228","241","181","229","107","318","217","361","234","347","217","372","181","342","169","371","130","365"," 93","372"," 64","415","213","446","170","506","119","532","108","533"," 82"," 81","262"
"LT-0020-DNP13-17.dw.png","196","180","217","174","263","237","263","186","250","113","333","224","387","239","373","222","398","187","367","176","396","138","392","104","401"," 69","441","220","471","180","532","131","564","120","563"," 92","101","266"
"LT-0020-DNP13-18.dw.png","207","189","227","184","286","249","265","198","263","124","348","240","389","258","378","241","409","205","372","191","404","153","401","116","412"," 84","445","240","478","196","534","151","569","137","573","109","103","278"
"LT-0020-DNP13-19.dw.png","179","177","201","171","246","235","248","186","238","116","310","227","362","245","351","229","376","196","349","183","377","149","374","114","382"," 82","417","229","448","193","506","150","539","141","539","114"," 87","257"
"LT-0020-DNP13-2.dw.png","211","176","229","170","279","240","273","185","272","114","350","234","397","257","383","238","419","207","391","190","423","154","423","116","436"," 86","455","244","488","208","559","165","596","157","601","132"," 99","255"
"LT-0020-DNP13-20.dw.png","195","177","215","173","269","243","259","191","256","115","336","235","383","258","367","238","397","204","372","191","399","150","401","112","412"," 79","437","244","467","203","530","156","570","145","575","118"," 88","260"
"LT-0020-DNP13-3.dw.png","188","175","207","169","250","234","249","183","244","110","323","225","375","245","360","227","399","194","363","178","392","141","391","102","401"," 71","432","227","467","187","534","139","561","128","562","101"," 87","263"
"LT-0020-DNP13-4.dw.png","193","160","214","158","250","230","253","175","258","103","321","233","363","256","352","238","394","207","365","188","399","156","404","120","420"," 92","425","246","461","212","538","176","567","172","573","143"," 81","233"
"LT-0020-DNP13-5.dw.png","190","165","207","162","248","231","249","178","252","108","316","229","365","254","354","235","395","204","364","186","395","153","399","115","410"," 86","425","242","460","207","534","169","570","163","577","137"," 75","237"
"LT-0020-DNP13-6.dw.png","197","191","214","184","264","246","268","197","255","121","338","234","384","253","368","235","405","196","372","185","402","146","397","108","406"," 77","443","232","473","190","535","141","573","127","578","100"," 97","280"
"LT-0020-DNP13-7.dw.png","193","178","215","175","267","244","258","192","255","116","337","240","382","262","370","242","400","209","371","194","400","157","399","120","412"," 87","439","249","474","210","542","166","572","157","574","129"," 79","252"
"LT-0020-DNP13-8.dw.png","202","181","224","179","273","253","269","201","268","121","340","255","385","283","373","262","408","231","374","210","414","180","421","139","435","107","441","276","480","241","552","202","590","197","595","171"," 88","255"
"LT-0020-DNP13-9.dw.png","184","181","203","173","250","241","242","186","245","114","322","231","371","251","360","234","398","199","364","185","394","145","393","110","406"," 78","432","235","465","195","532","152","569","140","573","114"," 79","262"
"LT-0021-DNP2-1.dw.png","194","167","216","162","260","231","263","181","259","106","330","224","384","245","370","227","398","194","368","179","402","147","400","108","410"," 75","441","231","473","197","541","152","573","142","579","117"," 94","245"
"LT-0021-DNP2-10.dw.png","200","181","219","174","274","243","266","191","262","115","337","238","395","263","377","243","415","204","389","189","418","150","417","109","429"," 78","457","246","492","205","567","158","601","149","605","121"," 97","271"
"LT-0021-DNP2-11.dw.png","189","177","209","175","252","240","258","193","251","118","321","237","381","263","368","245","399","212","367","195","403","158","405","121","420"," 88","437","250","471","217","544","170","580","162","585","136"," 82","251"
"LT-0021-DNP2-12.dw.png","185","181","209","175","260","237","251","188","237","115","323","225","374","242","359","227","389","190","353","177","384","142","382","106","391"," 74","425","226","457","187","522","139","555","127","554","103"," 89","268"
"LT-0021-DNP2-13.dw.png","204","191","224","182","283","243","267","193","257","121","354","230","404","249","387","230","418","193","389","180","415","143","408","104","417"," 71","463","225","491","186","547","138","591","123","592"," 95","108","280"
"LT-0021-DNP2-15.dw.png","177","185","197","176","247","241","242","189","239","113","318","226","374","242","357","226","386","187","356","175","382","137","377"," 99","387"," 68","425","221","456","180","522","127","550","116","554"," 90"," 84","275"
"LT-0021-DNP2-16.dw.png","187","190","210","184","258","251","255","198","248","120","337","239","384","254","370","237","402","198","372","186","401","143","396","102","405"," 70","451","230","480","189","545","135","575","123","580"," 95"," 85","278"
"LT-0021-DNP2-17.dw.png","205","184","227","179","274","248","270","195","274","117","344","241","398","264","383","244","416","210","385","194","415","157","415","118","429"," 87","451","250","485","212","560","165","590","157","596","131","107","271"
"LT-0021-DNP2-18.dw.png","171","177","191","169","244","229","237","179","222","107","309","214","365","226","347","210","373","172","339","162","369","127","362"," 91","369"," 61","420","201","448","161","501","108","538"," 93","542"," 67"," 82","269"
"LT-0021-DNP2-19.dw.png","169","211","189","202","253","259","231","208","212","134","315","237","369","245","352","231","374","189","342","181","363","136","355","100","358"," 68","417","218","440","173","496","111","527"," 94","522"," 67"," 87","319"
"LT-0021-DNP2-2.dw.png","205","173","227","170","267","243","267","192","279","120","336","247","381","277","372","257","416","231","385","211","420","181","425","142","444","113","450","271","487","241","564","210","600","209","605","180"," 97","237"
"LT-0021-DNP2-20.dw.png","194","199","214","193","271","250","259","202","247","129","335","236","388","249","373","234","399","195","367","185","391","146","385","109","392"," 74","442","227","469","184","527","131","560","118","558"," 92","101","289"
"LT-0021-DNP2-3.dw.png","193","180","210","175","249","248","253","192","263","116","329","246","377","269","366","250","405","219","369","199","403","164","405","124","421"," 95","436","258","471","222","547","180","581","173","590","147"," 87","257"
"LT-0021-DNP2-4.dw.png","191","182","211","177","250","249","255","197","268","120","333","250","385","276","372","257","404","222","378","205","408","169","413","129","429"," 98","441","267","479","229","556","186","585","182","593","155"," 87","257"
"LT-0021-DNP2-5.dw.png","190","174","217","172","248","248","255","196","273","121","322","253","370","281","359","262","400","232","368","209","404","180","409","139","425","112","430","273","465","240","544","202","576","198","587","174"," 84","241"
"LT-0021-DNP2-6.dw.png","206","173","228","168","268","240","277","189","270","116","344","237","390","263","379","243","413","212","386","196","416","162","416","122","426"," 92","451","252","487","214","548","173","585","164","589","136"," 97","245"
"LT-0021-DNP2-7.dw.png","193","167","213","166","258","239","256","186","260","111","323","239","369","266","359","248","401","214","366","195","398","161","402","124","418"," 93","431","254","470","220","546","180","578","177","582","152"," 87","244"
"LT-0021-DNP2-8.dw.png","176","189","198","181","246","243","248","193","235","116","314","228","376","245","360","227","390","189","357","176","383","136","381","100","392"," 66","434","222","463","183","529","125","561","112","562"," 86"," 80","280"
"LT-0021-DNP2-9.dw.png","195","178","216","173","262","243","259","190","259","113","337","236","390","260","377","240","412","206","381","190","412","153","413","113","423"," 81","449","246","486","207","558","160","590","153","593","126"," 91","265"
"LT-0022-DNP24_1-1.dw.png","186","192","207","186","264","251","250","198","249","116","343","237","395","254","378","235","408","195","379","185","402","141","394","100","403"," 66","449","232","480","186","551","131","585","116","582"," 87"," 91","291"
"LT-0022-DNP24_1-10.dw.png","196","188","218","184","265","252","257","200","259","119","337","243","396","266","378","246","406","210","374","197","410","158","407","115","418"," 79","454","250","486","209","556","158","590","148","595","118"," 90","273"
"LT-0022-DNP24_1-11.dw.png","190","174","210","171","248","246","251","194","261","115","323","246","377","276","363","255","401","224","370","205","404","170","406","129","420"," 99","432","269","473","227","544","190","578","182","578","153"," 78","246"
"LT-0022-DNP24_1-12.dw.png","196","182","220","178","261","247","261","198","262","117","335","240","390","265","377","246","408","211","381","196","414","159","407","116","418"," 81","453","249","485","209","555","162","589","153","594","124"," 89","261"
"LT-0022-DNP24_1-13.dw.png","189","183","214","178","257","247","252","192","254","113","339","236","393","256","379","238","409","200","382","188","407","150","402","109","410"," 76","446","239","482","196","551","146","584","132","584","104"," 91","274"
"LT-0022-DNP24_1-14.dw.png","202","176","224","173","267","243","264","191","264","115","341","240","396","263","380","242","413","209","381","194","414","156","415","119","428"," 89","449","251","487","210","552","167","589","157","591","128"," 92","255"
"LT-0022-DNP24_1-15.dw.png","188","183","209","179","249","245","249","193","247","118","324","234","373","252","359","236","392","199","361","186","393","148","389","111","400"," 78","426","237","459","197","527","148","560","139","562","110"," 79","265"
"LT-0022-DNP24_1-16.dw.png","212","182","235","179","272","252","275","198","282","119","348","249","401","272","386","251","424","217","393","201","431","164","431","125","444"," 89","458","259","494","219","569","177","605","168","612","139"," 94","263"
"LT-0022-DNP24_1-17.dw.png","196","184","218","180","252","249","253","196","261","120","325","245","380","271","366","251","401","215","371","202","402","164","405","125","419"," 92","436","257","474","216","544","171","578","163","581","135"," 88","259"
"LT-0022-DNP24_1-18.dw.png","194","184","218","183","260","254","258","202","265","121","333","252","388","281","374","261","409","226","375","210","413","173","412","131","427"," 99","445","270","485","231","556","188","588","181","596","152"," 82","255"
"LT-0022-DNP24_1-19.dw.png","193","190","216","184","262","250","256","199","261","117","336","239","393","258","378","239","409","202","378","190","407","152","403","111","412"," 77","450","238","483","194","551","144","585","133","581","102"," 91","278"
"LT-0022-DNP24_1-2.dw.png","193","183","216","180","260","252","262","199","263","120","331","249","382","270","368","252","402","216","370","201","409","166","412","125","421"," 92","441","256","476","217","547","174","582","165","583","134"," 85","258"
"LT-0022-DNP24_1-20.dw.png","194","187","215","182","267","251","255","197","255","119","339","241","391","259","373","241","409","204","377","190","405","149","403","110","411"," 78","444","242","477","198","547","149","580","138","582","108"," 93","279"
"LT-0022-DNP24_1-3.dw.png","198","174","220","174","264","243","257","194","265","117","331","242","382","267","369","248","398","217","372","202","408","165","410","128","423"," 98","436","258","471","223","542","182","577","173","581","144"," 82","248"
"LT-0022-DNP24_1-4.dw.png","178","167","199","165","239","231","237","181","245","104","311","225","364","248","349","228","380","193","355","182","381","145","379","105","390"," 73","415","234","449","192","514","146","547","136","547","109"," 79","243"
"LT-0022-DNP24_1-5.dw.png","190","187","209","182","254","248","247","194","244","119","332","236","381","251","365","233","399","195","369","183","398","143","394","105","403"," 71","437","231","466","192","534","139","564","127","567"," 96"," 90","275"
"LT-0022-DNP24_1-6.dw.png","191","179","215","176","258","250","258","198","268","117","333","249","388","272","374","253","409","219","379","203","411","166","410","125","424"," 94","444","262","481","222","555","179","591","171","591","141"," 85","260"
"LT-0022-DNP24_1-7.dw.png","189","196","210","190","257","254","247","201","242","128","327","242","383","258","365","241","398","201","366","191","393","150","387","109","397"," 74","438","237","471","191","531","139","565","124","567"," 98"," 89","289"
"LT-0022-DNP24_1-8.dw.png","194","187","214","182","259","248","251","195","251","120","332","235","384","252","371","235","401","196","372","184","401","146","396","105","402"," 72","442","231","468","192","533","141","566","127","567"," 98"," 91","278"
"LT-0022-DNP24_1-9.dw.png","192","181","215","177","265","243","261","193","254","111","338","232","395","253","373","232","411","197","376","183","405","143","402","103","411"," 69","451","234","482","188","550","139","582","125","580"," 96"," 91","269"
"LT-0023-DNP24_2-1.dw.png","251","232","276","228","330","326","332","260","339","160","416","327","482","369","466","341","513","303","475","277","523","237","535","186","554","142","559","358","610","312","697","268","751","257","766","224","100","317"
"LT-0023-DNP24_2-10.dw.png","244","236","274","233","331","331","323","259","333","160","417","333","481","367","467","342","515","299","466","273","519","233","523","179","545","135","565","354","606","307","700","253","753","243","764","208","105","334"
"LT-0023-DNP24_2-11.dw.png","257","242","287","237","359","334","353","266","344","162","450","330","521","366","505","339","543","296","502","274","551","227","556","175","573","134","598","350","640","306","729","254","789","241","798","205","114","344"
"LT-0023-DNP24_2-12.dw.png","253","224","285","218","335","315","324","240","343","151","414","312","487","348","470","321","526","281","482","255","531","211","535","160","552","117","574","332","612","289","711","233","763","221","771","185","105","321"
"LT-0023-DNP24_2-13.dw.png","256","243","286","238","349","326","333","259","342","161","433","319","505","352","485","325","531","282","489","260","538","216","540","166","557","122","580","337","622","290","720","230","771","218","782","184","110","348"
"LT-0023-DNP24_2-14.dw.png","253","232","286","227","342","319","341","255","343","150","435","315","505","352","486","322","525","280","487","260","537","216","542","166","564","123","583","340","628","291","721","239","779","226","788","190","108","335"
"LT-0023-DNP24_2-15.dw.png","267","238","295","230","353","317","343","251","343","152","429","309","509","340","485","314","537","266","495","247","539","198","539","148","554","100","592","312","628","263","718","199","775","182","779","142","111","354"
"LT-0023-DNP24_2-16.dw.png","251","259","280","252","365","336","352","273","328","166","455","321","527","347","505","321","543","273","498","256","545","204","547","153","559","105","602","320","638","271","730","198","779","182","787","146","121","382"
"LT-0023-DNP24_2-17.dw.png","248","240","274","231","359","323","336","255","330","152","445","313","516","342","497","316","531","273","496","254","542","202","543","151","561","108","592","320","627","275","724","210","773","195","785","160","119","353"
"LT-0023-DNP24_2-18.dw.png","250","251","285","245","359","341","343","269","341","165","446","332","509","362","492","337","535","292","504","271","546","223","544","166","559","123","587","344","629","296","738","231","784","217","788","183","108","366"
"LT-0023-DNP24_2-19.dw.png","258","245","292","238","352","327","359","261","344","155","440","316","508","344","489","320","537","271","499","253","544","204","539","154","557","107","588","321","628","270","725","204","774","191","780","155","120","359"
"LT-0023-DNP24_2-2.dw.png","248","233","280","228","347","323","338","257","337","153","432","322","500","358","484","331","526","290","487","264","538","219","545","170","564","127","579","341","618","300","716","240","764","230","775","199","112","336"
"LT-0023-DNP24_2-20.dw.png","247","231","278","225","345","317","332","251","337","150","429","311","497","343","484","317","523","276","482","255","532","208","540","160","555","118","573","327","611","281","702","225","752","214","761","179","116","339"
"LT-0023-DNP24_2-3.dw.png","270","237","303","237","353","331","349","265","369","158","438","331","513","371","493","342","535","301","503","280","557","234","566","184","590","140","589","361","631","317","739","263","792","255","802","219","105","327"
"LT-0023-DNP24_2-4.dw.png","251","225","278","223","338","324","331","258","335","161","419","331","477","374","461","345","512","306","480","283","529","242","534","188","556","149","560","367","602","328","710","281","761","276","775","244"," 99","307"
"LT-0023-DNP24_2-5.dw.png","247","233","272","230","330","328","328","258","340","158","418","329","485","366","468","340","518","299","482","274","532","231","543","179","563","136","566","354","612","312","708","259","764","251","778","217"," 93","327"
"LT-0023-DNP24_2-6.dw.png","256","222","291","220","346","319","344","249","353","148","439","320","503","355","488","326","535","288","498","263","547","222","550","166","569","125","579","343","629","298","733","247","776","240","786","207","118","327"
"LT-0023-DNP24_2-7.dw.png","264","252","299","247","355","336","347","270","356","166","441","330","510","367","492","338","542","298","496","273","545","231","550","178","573","132","586","351","628","304","733","248","787","237","799","200","122","355"
"LT-0023-DNP24_2-8.dw.png","261","238","293","233","346","325","344","260","355","150","436","321","512","357","492","329","532","288","498","268","547","222","553","170","575","129","589","344","629","302","730","246","789","235","798","202","114","343"
"LT-0023-DNP24_2-9.dw.png","254","238","281","232","359","326","337","253","332","150","444","320","509","353","490","328","544","280","492","255","542","212","545","160","561","116","594","332","641","281","734","222","779","214","784","174","114","351"
"LT-0024-DNP24_3-1.dw.png","196","180","220","177","265","247","265","197","266","116","340","242","391","267","378","247","413","212","382","195","420","162","420","120","433"," 88","446","254","481","214","557","170","591","161","600","136"," 97","261"
"LT-0024-DNP24_3-10.dw.png","190","178","212","175","251","245","251","191","258","117","323","240","371","264","358","245","393","210","366","197","399","158","395","118","410"," 87","430","250","465","211","539","170","572","162","576","134"," 81","256"
"LT-0024-DNP24_3-11.dw.png","175","181","198","175","239","239","235","188","236","115","307","227","356","245","343","229","373","194","345","181","372","142","368","106","379"," 74","410","228","439","188","507","138","538","131","544","105"," 80","271"
"LT-0024-DNP24_3-12.dw.png","189","186","214","182","254","253","257","201","261","119","329","248","377","273","363","253","398","216","370","202","407","167","409","124","421"," 91","432","261","468","223","544","174","572","167","578","138"," 85","267"
"LT-0024-DNP24_3-13.dw.png","191","173","215","170","261","242","257","190","263","111","330","239","378","263","366","244","402","209","372","194","412","157","418","119","430"," 88","442","250","478","213","553","170","591","164","597","137"," 76","245"
"LT-0024-DNP24_3-14.dw.png","193","171","219","168","250","239","257","190","266","114","325","240","373","268","362","248","400","218","373","199","413","168","417","130","433"," 99","438","260","474","227","553","189","590","185","599","159"," 84","242"
"LT-0024-DNP24_3-15.dw.png","205","185","229","180","271","250","274","199","278","121","343","244","398","268","384","248","421","211","392","197","428","161","426","118","439"," 88","458","253","496","212","568","165","604","157","611","129"," 96","272"
"LT-0024-DNP24_3-16.dw.png","190","188","212","183","260","256","249","200","252","122","319","251","370","276","356","256","393","220","366","205","399","170","404","128","417"," 97","431","262","462","225","540","182","572","175","579","149"," 86","267"
"LT-0024-DNP24_3-17.dw.png","197","175","217","171","253","243","255","192","265","114","321","242","368","268","358","249","394","216","365","200","401","166","403","127","420"," 96","425","259","464","222","539","184","574","178","581","151"," 83","247"
"LT-0024-DNP24_3-18.dw.png","200","179","221","178","261","250","262","198","275","123","331","250","376","276","364","255","401","223","380","210","413","176","415","136","433","104","433","268","473","231","555","192","589","188","596","161"," 87","250"
"LT-0024-DNP24_3-19.dw.png","188","172","213","169","249","237","250","187","259","115","320","237","367","263","357","244","394","210","362","193","402","160","405","119","419"," 89","430","251","466","212","538","174","570","166","578","138"," 72","248"
"LT-0024-DNP24_3-2.dw.png","198","182","220","177","260","242","263","191","261","115","339","233","390","252","375","234","411","198","377","186","413","148","409","108","420"," 74","447","236","482","193","554","142","586","134","588","105"," 92","266"
"LT-0024-DNP24_3-20.dw.png","189","172","211","171","240","243","243","190","264","119","313","249","358","282","349","260","387","232","364","213","402","187","411","146","429","116","419","279","465","246","546","219","573","216","584","189"," 74","231"
"LT-0024-DNP24_3-3.dw.png","189","183","214","179","253","248","253","195","257","120","321","242","374","267","358","247","395","211","360","196","397","159","399","119","413"," 89","436","251","468","211","546","166","572","156","577","130"," 83","262"
"LT-0024-DNP24_3-4.dw.png","197","170","223","167","255","237","258","183","264","107","331","236","380","260","366","240","402","206","367","188","404","154","411","113","426"," 83","441","247","479","207","552","164","582","159","589","130"," 87","248"
"LT-0024-DNP24_3-5.dw.png","203","174","224","172","264","241","263","188","271","111","340","237","389","264","376","244","413","209","382","193","419","159","419","116","433"," 86","447","253","489","212","564","169","595","162","604","134"," 95","249"
"LT-0024-DNP24_3-6.dw.png","174","174","195","171","234","243","236","191","241","114","306","242","354","268","340","249","376","214","348","198","384","165","387","125","402"," 91","413","257","454","217","530","176","566","173","571","143"," 71","241"
"LT-0024-DNP24_3-7.dw.png","192","167","214","164","254","227","252","182","254","106","317","224","371","249","353","229","389","197","361","181","393","147","396","108","412"," 78","430","236","462","199","540","154","569","148","579","121"," 89","247"
"LT-0024-DNP24_3-8.dw.png","197","200","218","196","262","267","261","214","265","136","329","263","378","285","363","266","402","232","375","217","408","180","411","141","421","111","438","271","472","235","548","190","574","182","578","155"," 82","279"
"LT-0024-DNP24_3-9.dw.png","184","175","210","171","244","241","243","187","249","113","321","235","367","257","354","239","390","206","355","189","391","153","396","115","410"," 86","428","244","460","206","537","162","568","156","573","128"," 81","255"
"LT-0025-DNP24_4-1.dw.png","194","169","215","163","260","231","254","178","254","105","330","223","382","243","368","225","407","190","371","175","403","140","401","102","411"," 70","443","226","475","189","546","143","582","133","587","107"," 87","253"
"LT-0025-DNP24_4-10.dw.png","190","193","209","187","271","249","261","198","247","124","330","235","385","248","365","232","398","191","364","181","392","142","387","106","392"," 73","440","226","471","181","533","125","562","112","563"," 85"," 92","288"
"LT-0025-DNP24_4-11.dw.png","198","180","220","175","268","245","264","194","263","114","342","239","394","259","380","241","412","206","380","190","411","156","410","116","423"," 83","452","245","486","207","554","161","591","152","593","124"," 95","257"
"LT-0025-DNP24_4-12.dw.png","192","184","209","179","274","244","257","194","245","119","333","234","379","253","364","236","391","200","360","187","389","148","383","109","391"," 78","434","235","459","199","522","145","555","135","558","106"," 95","273"
"LT-0025-DNP24_4-14.dw.png","199","196","220","188","272","256","261","203","263","127","342","246","395","265","379","246","408","208","379","197","405","158","400","119","412"," 88","452","248","483","205","548","159","578","149","580","120","103","284"
"LT-0025-DNP24_4-15.dw.png","189","186","213","182","254","251","254","198","255","125","327","250","378","273","365","255","394","223","365","206","398","173","399","136","413","102","435","262","475","227","544","184","574","176","576","150"," 82","255"
"LT-0025-DNP24_4-16.dw.png","195","185","220","181","261","256","260","201","267","121","330","252","385","275","370","257","406","220","375","204","411","167","409","126","421"," 91","443","261","479","222","555","177","590","169","595","141"," 87","264"
"LT-0025-DNP24_4-17.dw.png","195","186","218","182","265","253","262","200","266","128","328","250","377","275","363","255","398","223","368","205","402","171","404","131","414","100","438","263","470","228","536","188","568","179","573","152"," 92","261"
"LT-0025-DNP24_4-18.dw.png","199","211","217","201","275","259","267","210","251","134","345","240","400","253","385","237","408","197","376","187","400","148","393","112","398"," 76","456","228","484","185","543","128","576","113","576"," 84","106","307"
"LT-0025-DNP24_4-19.dw.png","194","191","213","183","273","245","259","194","244","119","339","229","392","242","377","226","403","187","372","178","395","137","386","100","394"," 65","444","221","473","178","535","123","568","110","567"," 85","104","286"
"LT-0025-DNP24_4-2.dw.png","200","188","222","182","271","249","262","195","262","121","343","239","392","260","374","241","413","206","379","191","411","155","410","116","421"," 88","455","241","486","203","552","157","587","145","590","118"," 94","273"
"LT-0025-DNP24_4-3.dw.png","200","191","223","185","267","252","256","198","264","126","335","245","386","265","372","246","408","214","374","197","408","158","407","123","419"," 90","439","250","478","210","545","163","578","153","581","127","102","276"
"LT-0025-DNP24_4-4.dw.png","194","194","214","188","275","254","258","200","255","121","341","244","390","264","377","246","410","206","380","194","403","153","401","113","412"," 80","448","247","481","204","551","154","578","146","581","117","101","286"
"LT-0025-DNP24_4-5.dw.png","195","192","217","184","273","250","259","197","251","122","340","236","397","255","380","236","409","196","379","187","403","145","398","106","407"," 75","452","235","480","192","544","141","574","128","576","102","103","285"
"LT-0025-DNP24_4-6.dw.png","199","177","214","171","275","238","256","185","250","110","335","228","381","247","365","231","396","193","365","178","394","140","391","104","398"," 73","435","230","470","188","533","139","564","129","566","103"," 99","267"
"LT-0025-DNP24_4-7.dw.png","192","179","213","176","252","246","255","189","254","116","328","242","378","263","362","247","403","210","370","194","403","159","405","121","416"," 89","438","249","475","210","549","168","583","161","589","132"," 79","259"
"LT-0025-DNP24_4-8.dw.png","177","189","197","180","250","239","241","188","226","119","318","220","371","233","356","216","390","176","355","166","379","127","373"," 89","378"," 58","432","204","456","163","520","107","554"," 91","552"," 66"," 89","284"
"LT-0025-DNP24_4-9.dw.png","188","185","209","179","262","249","256","196","249","119","330","240","382","258","367","241","398","204","367","191","398","154","394","117","405"," 81","439","242","469","205","534","157","567","145","572","119"," 92","272"
"LT-0026-DNP24_5-1.dw.png","192","176","214","174","260","248","254","194","262","117","331","246","381","269","366","249","401","218","379","204","410","168","409","127","423"," 94","436","257","469","223","546","179","582","171","588","143"," 85","250"
"LT-0026-DNP24_5-10.dw.png","181","182","199","176","241","238","246","187","231","111","322","223","371","238","356","222","384","181","353","172","380","129","376"," 91","380"," 58","428","214","454","171","515","116","553","101","550"," 72"," 88","275"
"LT-0026-DNP24_5-11.dw.png","183","194","202","190","251","255","250","203","245","126","327","241","381","259","366","242","398","204","369","195","396","153","393","113","400"," 80","435","242","468","199","534","148","566","137","564","108"," 86","282"
"LT-0026-DNP24_5-12.dw.png","196","192","220","187","262","257","262","204","260","128","331","249","384","271","369","253","409","217","375","201","408","165","411","124","420"," 93","444","256","479","217","549","167","589","155","591","128"," 80","273"
"LT-0026-DNP24_5-13.dw.png","195","187","218","182","269","251","265","199","264","121","341","241","393","259","379","240","409","205","388","193","414","155","409","113","419"," 80","447","243","483","203","551","156","580","146","579","117"," 97","272"
"LT-0026-DNP24_5-14.dw.png","200","190","223","184","273","248","263","197","258","119","342","233","400","248","386","233","418","194","379","180","408","141","404","102","409"," 67","457","226","489","184","558","129","589","114","590"," 86"," 97","285"
"LT-0026-DNP24_5-15.dw.png","187","185","212","178","263","244","255","190","246","114","341","228","390","242","375","226","412","188","378","176","402","134","400"," 95","404"," 61","446","222","480","179","545","125","572","113","571"," 85"," 94","278"
"LT-0026-DNP24_5-16.dw.png","186","205","207","198","269","261","250","208","241","131","338","244","393","257","377","241","406","201","377","190","400","146","392","108","399"," 72","446","235","477","189","542","132","573","118","574"," 89"," 91","306"
"LT-0026-DNP24_5-2.dw.png","194","185","213","182","255","255","255","202","258","122","325","252","377","278","362","258","394","223","370","207","404","173","408","131","423"," 98","433","268","473","229","544","186","581","178","586","148"," 86","263"
"LT-0026-DNP24_5-3.dw.png","185","174","203","170","250","241","243","187","248","113","315","236","365","257","353","238","384","204","361","191","393","154","394","114","404"," 82","424","242","459","205","532","159","560","152","562","122"," 73","248"
"LT-0026-DNP24_5-4.dw.png","200","184","220","179","266","254","260","199","269","120","343","251","388","271","375","253","406","217","382","203","412","163","412","121","425"," 88","444","258","477","222","549","174","587","167","594","137"," 91","264"
"LT-0026-DNP24_5-5.dw.png","198","185","219","182","270","255","266","199","267","119","343","246","395","266","379","247","411","212","389","201","418","161","420","120","429"," 86","452","252","488","215","563","167","594","158","594","130"," 95","268"
"LT-0026-DNP24_5-6.dw.png","185","189","207","183","257","249","254","197","246","121","331","235","390","251","374","234","405","196","372","182","400","144","399","107","408"," 71","447","229","473","192","541","137","575","123","577"," 95"," 80","283"
"LT-0026-DNP24_5-7.dw.png","183","176","206","171","252","238","249","186","246","109","322","223","376","239","361","222","390","185","370","175","394","136","391"," 97","396"," 65","433","220","464","179","535","128","565","118","560"," 89"," 85","267"
"LT-0026-DNP24_5-8.dw.png","192","188","209","181","271","245","262","195","252","115","344","231","394","249","379","231","410","192","381","183","408","142","403","102","412"," 66","447","230","479","187","548","133","579","121","578"," 92"," 95","281"
"LT-0026-DNP24_5-9.dw.png","201","185","224","181","270","251","270","198","265","123","346","243","396","264","383","245","419","209","389","196","416","158","416","118","426"," 85","454","247","488","208","553","159","587","149","592","121"," 96","269"
"LT-0027-DNP3-1.dw.png","190","193","211","187","262","259","253","202","253","125","334","250","390","270","374","251","404","217","372","202","403","165","407","127","416"," 92","445","255","479","214","549","169","583","159","583","130"," 90","281"
"LT-0027-DNP3-10.dw.png","191","170","211","165","251","229","248","181","252","111","318","221","372","243","358","225","393","189","363","176","395","141","396","104","405"," 70","432","225","464","188","530","141","567","129","573","102"," 83","248"
"LT-0027-DNP3-11.dw.png","178","210","196","199","260","261","249","209","232","127","332","237","387","245","369","230","398","187","371","179","389","135","380"," 97","382"," 64","440","218","465","173","526","113","560"," 95","556"," 67"," 95","316"
"LT-0027-DNP3-12.dw.png","180","184","201","180","249","249","246","196","240","115","324","238","369","250","354","236","388","195","355","185","387","143","387","103","392"," 69","426","229","454","190","523","133","554","121","554"," 94"," 87","277"
"LT-0027-DNP3-13.dw.png","189","186","207","181","251","256","253","202","256","124","324","252","375","274","362","255","398","220","368","204","400","165","405","128","418"," 97","432","259","465","221","538","178","574","167","576","138"," 82","266"
"LT-0027-DNP3-14.dw.png","191","185","216","179","263","246","257","195","257","117","334","235","388","255","373","235","404","200","375","187","404","149","403","112","413"," 77","442","238","475","196","545","147","579","137","581","107"," 89","270"
"LT-0027-DNP3-15.dw.png","196","191","219","188","266","258","261","205","266","128","336","251","394","272","379","253","412","219","381","203","416","165","417","130","427"," 96","450","257","483","220","554","174","591","162","595","135"," 91","275"
"LT-0027-DNP3-16.dw.png","185","196","204","188","257","251","248","201","238","124","322","238","380","250","365","235","398","195","362","185","387","144","384","105","391"," 70","436","227","466","185","532","129","560","115","557"," 86"," 91","291"
"LT-0027-DNP3-17.dw.png","185","184","206","178","259","240","251","190","249","112","329","226","382","244","365","226","393","189","370","178","397","138","397"," 98","405"," 65","439","225","471","182","541","134","576","121","576"," 95"," 92","276"
"LT-0027-DNP3-18.dw.png","186","192","206","183","269","241","256","190","239","115","342","217","394","228","375","214","403","169","372","162","391","119","383"," 84","384"," 49","443","200","469","158","528"," 95","558"," 81","556"," 50","103","298"
"LT-0027-DNP3-19.dw.png","196","182","216","179","257","248","251","195","261","118","324","243","377","263","363","245","397","211","368","197","400","160","399","120","411"," 84","435","248","466","211","538","161","571","152","573","123"," 79","261"
"LT-0027-DNP3-2.dw.png","196","186","216","182","268","251","263","198","254","122","337","243","387","262","374","243","408","206","377","192","407","155","408","113","417"," 79","443","246","478","203","544","153","576","142","584","114"," 94","273"
"LT-0027-DNP3-20.dw.png","192","191","209","184","258","255","260","202","258","123","334","245","384","265","371","248","405","210","374","198","403","159","404","121","415"," 89","440","248","470","211","542","162","581","152","584","126"," 92","277"
"LT-0027-DNP3-3.dw.png","183","191","205","184","256","248","256","198","245","121","324","234","379","249","365","233","394","195","365","184","390","144","387","109","395"," 75","433","230","465","187","528","138","560","124","563"," 96"," 90","283"
"LT-0027-DNP3-4.dw.png","188","187","213","182","256","251","255","198","253","122","328","240","383","259","368","240","396","203","372","191","401","151","395","111","404"," 75","438","242","470","199","538","148","571","136","577","107"," 90","273"
"LT-0027-DNP3-5.dw.png","188","187","207","181","262","243","253","190","241","114","334","226","392","241","377","224","400","182","370","171","397","127","395"," 89","397"," 53","449","216","475","173","540","111","569"," 97","566"," 67","105","286"
"LT-0027-DNP3-6.dw.png","177","179","197","173","253","238","241","186","236","109","317","223","370","238","355","222","386","184","352","171","379","134","377"," 94","384"," 62","419","219","453","174","514","121","542","110","546"," 82"," 82","276"
"LT-0027-DNP3-7.dw.png","184","181","206","174","247","240","243","186","241","115","324","227","373","240","358","225","391","187","359","175","388","140","382","102","389"," 70","426","221","454","180","513","133","551","120","549"," 91"," 95","273"
"LT-0027-DNP3-8.dw.png","186","189","209","185","250","256","251","202","256","123","333","248","376","266","363","249","401","212","370","198","403","162","402","121","414"," 89","439","249","475","210","539","163","573","153","577","124"," 85","273"
"LT-0027-DNP3-9.dw.png","198","189","219","183","264","250","257","198","256","121","330","240","388","257","369","241","405","205","371","191","400","153","401","113","410"," 78","442","241","473","202","543","151","573","141","575","111"," 95","273"
"LT-0028-DNP4-1.dw.png","198","199","220","192","281","260","268","204","255","127","352","249","398","266","386","251","415","206","380","195","410","152","406","109","414"," 74","460","242","494","198","560","142","588","132","592"," 99","104","296"
"LT-0028-DNP4-10.dw.png","193","185","219","178","268","251","269","197","267","115","347","242","395","262","382","242","413","203","385","191","416","149","416","109","424"," 78","453","246","488","204","563","151","594","141","600","114"," 91","272"
"LT-0028-DNP4-11.dw.png","194","190","218","186","268","259","268","207","261","124","344","251","397","272","384","253","422","218","380","202","412","163","413","124","425"," 90","452","256","484","220","556","165","588","156","592","127"," 92","275"
"LT-0028-DNP4-12.dw.png","192","173","214","170","257","244","261","192","257","113","332","237","386","263","373","242","406","210","368","192","408","157","411","117","424"," 84","444","249","478","212","555","163","587","156","592","128"," 91","254"
"LT-0028-DNP4-13.dw.png","186","202","207","192","261","256","255","203","242","123","340","237","395","248","380","232","403","189","374","179","399","133","389"," 92","395"," 55","452","221","479","176","547","109","577"," 92","580"," 64"," 91","303"
"LT-0028-DNP4-14.dw.png","190","200","213","194","257","262","266","207","255","125","352","247","404","264","387","247","411","207","386","195","417","152","415","109","425"," 71","461","245","492","204","568","140","600","128","605"," 99"," 97","294"
"LT-0028-DNP4-15.dw.png","197","182","222","179","259","253","266","199","268","119","337","251","389","278","376","258","408","222","382","203","422","168","427","127","439"," 93","450","266","490","229","566","181","606","174","613","146"," 88","257"
"LT-0028-DNP4-16.dw.png","184","184","210","179","255","248","254","198","251","116","331","237","382","258","366","239","402","200","370","187","399","149","396","109","410"," 73","442","238","475","198","546","143","582","129","583","102"," 85","270"
"LT-0028-DNP4-17.dw.png","201","175","224","170","260","242","268","189","271","108","344","236","395","257","380","236","411","200","387","187","423","148","422","106","436"," 75","460","239","493","200","564","151","602","141","607","113"," 92","260"
"LT-0028-DNP4-2.dw.png","193","194","216","186","270","251","259","199","249","119","341","236","393","250","378","233","408","193","378","184","403","141","397","100","405"," 65","449","227","479","185","550","127","581","116","585"," 89"," 96","291"
"LT-0028-DNP4-3.dw.png","196","195","216","191","262","265","259","207","256","128","335","256","388","279","375","259","408","223","375","207","411","167","409","124","423"," 90","449","262","482","222","552","170","588","160","594","129"," 93","285"
"LT-0028-DNP4-4.dw.png","185","191","206","184","257","246","246","192","237","118","325","229","380","244","362","229","395","186","362","175","391","132","384"," 90","390"," 51","438","219","463","177","532","110","567"," 98","568"," 65"," 93","288"
"LT-0028-DNP4-5.dw.png","192","187","216","182","256","251","262","199","257","118","339","242","392","262","378","243","407","205","379","191","414","152","410","109","424"," 75","454","243","487","204","557","150","592","141","598","111"," 94","275"
"LT-0028-DNP4-6.dw.png","197","193","218","190","267","267","265","213","264","125","341","262","395","289","382","268","415","234","382","215","423","179","426","135","439"," 98","455","276","487","241","569","186","610","177","617","149"," 86","273"
"LT-0028-DNP4-7.dw.png","209","187","230","180","285","255","280","199","270","113","355","243","411","265","396","245","430","207","393","190","427","147","425","104","434"," 69","471","244","502","201","568","145","605","132","607","100","107","282"
"LT-0028-DNP4-8.dw.png","183","190","206","184","259","249","253","197","240","120","331","233","387","249","370","231","393","192","364","181","393","140","389"," 99","398"," 64","441","227","468","185","539","126","574","110","572"," 81"," 89","280"
"LT-0028-DNP4-9.dw.png","192","197","214","192","265","264","268","207","252","125","338","252","395","271","382","254","413","212","373","196","412","158","408","116","421"," 81","458","251","488","212","559","154","595","141","601","111"," 92","289"
"LT-0029-DNP5-1.dw.png","202","182","227","177","275","249","269","194","271","116","348","240","402","259","386","241","416","204","386","191","416","155","413","114","428"," 81","455","243","485","204","554","156","588","147","590","116","110","272"
"LT-0029-DNP5-10.dw.png","188","175","216","173","250","246","252","194","260","116","326","249","374","276","361","254","398","223","369","206","407","172","412","133","429","102","435","267","475","229","549","195","585","189","592","160"," 80","247"
"LT-0029-DNP5-11.dw.png","187","193","210","185","262","255","257","201","252","122","337","243","391","261","373","243","401","207","367","193","402","153","396","114","411"," 79","442","243","475","201","540","150","570","139","573","109"," 93","288"
"LT-0029-DNP5-12.dw.png","180","201","203","196","253","268","247","212","243","132","328","257","378","275","363","257","396","219","362","207","394","166","389","125","401"," 89","434","257","464","215","533","164","565","151","568","122"," 79","292"
"LT-0029-DNP5-13.dw.png","199","185","223","186","251","264","260","212","275","133","322","269","371","303","359","279","396","250","375","233","413","201","420","164","438","134","434","299","473","266","549","234","587","231","593","203"," 79","245"
"LT-0029-DNP5-14.dw.png","184","189","210","183","250","253","251","199","246","119","329","243","378","262","366","246","393","208","361","192","394","156","394","117","406"," 81","440","243","469","204","534","155","573","141","572","113"," 81","274"
"LT-0029-DNP5-15.dw.png","196","190","220","185","263","257","256","201","260","119","333","251","381","272","369","253","404","218","367","200","405","163","405","120","418"," 86","440","255","470","220","555","165","589","155","592","126"," 88","276"
"LT-0029-DNP5-17.dw.png","185","195","207","188","263","247","261","199","243","122","342","232","392","246","377","229","402","189","369","179","395","136","388","100","397"," 64","446","222","477","179","540","119","569","106","568"," 77"," 97","289"
"LT-0029-DNP5-18.dw.png","185","194","209","188","253","252","253","201","241","122","326","240","378","259","364","241","392","204","359","189","394","153","389","112","398"," 77","433","240","467","201","539","145","569","134","566","105"," 84","282"
"LT-0029-DNP5-19.dw.png","204","182","228","178","271","246","269","195","267","117","343","238","394","261","380","242","412","206","381","192","417","153","413","116","430"," 81","454","245","487","206","552","162","594","147","599","119"," 98","266"
"LT-0029-DNP5-2.dw.png","216","184","240","182","280","257","278","200","291","121","357","256","408","281","395","261","432","228","405","211","438","174","440","133","457","102","474","270","510","232","583","194","628","186","633","158"," 98","265"
"LT-0029-DNP5-20.dw.png","195","190","216","182","271","248","261","195","249","115","341","233","393","247","376","230","402","192","371","182","401","137","394"," 97","404"," 63","450","224","476","183","541","125","572","110","570"," 82","100","287"
"LT-0029-DNP5-3.dw.png","195","182","217","181","263","251","257","199","263","119","335","248","392","271","376","251","404","218","378","205","410","166","410","129","427"," 93","449","260","485","220","554","176","592","168","597","141"," 86","261"
"LT-0029-DNP5-4.dw.png","199","182","224","178","266","252","267","199","265","119","343","249","398","274","382","254","415","220","384","204","420","169","419","128","437"," 97","453","262","491","224","562","181","594","173","602","147"," 93","262"
"LT-0029-DNP5-5.dw.png","190","170","215","169","237","238","258","191","264","115","323","243","375","271","364","251","398","223","370","204","404","172","408","135","427","103","432","264","467","232","542","197","581","192","586","163"," 81","235"
"LT-0029-DNP5-6.dw.png","187","180","208","176","249","246","253","193","248","113","327","236","378","256","364","238","397","204","360","188","396","150","393","111","404"," 76","435","240","472","200","539","152","574","142","573","113"," 81","262"
"LT-0029-DNP5-7.dw.png","200","174","221","171","264","240","264","189","265","114","339","236","392","260","376","238","406","205","379","190","413","155","411","117","422"," 86","451","246","484","208","551","163","588","153","591","126"," 95","254"
"LT-0029-DNP5-8.dw.png","204","164","228","162","268","236","261","184","275","107","337","239","388","265","374","244","406","214","378","197","412","165","419","127","436"," 95","446","256","484","221","554","182","596","174","603","149"," 91","232"
"LT-0029-DNP5-9.dw.png","182","180","204","179","244","252","253","204","254","122","324","256","369","281","359","261","393","232","365","213","397","177","402","136","414","105","429","273","467","239","538","197","572","192","577","165"," 68","246"
"LT-0030-DNP6-1.dw.png","183","171","206","169","239","237","245","188","253","113","309","234","362","260","346","240","379","208","356","193","387","160","391","121","406"," 91","421","249","456","210","521","175","560","164","562","138"," 77","242"
"LT-0030-DNP6-10.dw.png","189","184","211","180","250","255","250","199","263","119","331","250","385","274","370","254","405","219","376","207","408","164","407","122","420"," 92","439","262","481","220","551","173","585","167","589","136"," 81","262"
"LT-0030-DNP6-11.dw.png","192","175","213","173","243","247","253","196","265","114","327","249","378","278","363","257","397","222","375","207","408","169","408","127","425"," 94","434","269","473","228","550","187","586","180","591","152"," 79","245"
"LT-0030-DNP6-12.dw.png","189","162","210","159","248","240","249","186","265","111","314","247","361","280","349","258","389","232","362","209","402","180","412","143","435","115","418","277","456","247","532","216","574","214","584","187"," 76","216"
"LT-0030-DNP6-13.dw.png","190","168","213","166","255","236","250","185","267","108","322","236","374","263","359","242","398","211","370","195","406","161","409","124","426"," 93","429","255","469","218","545","183","587","176","594","151"," 86","239"
"LT-0030-DNP6-14.dw.png","199","167","220","165","255","243","258","191","270","113","326","247","377","278","363","257","399","223","379","207","412","173","418","131","433","100","434","272","475","237","555","198","587","193","595","163"," 77","228"
"LT-0030-DNP6-15.dw.png","193","175","217","173","252","245","256","193","266","112","329","244","379","271","366","251","405","216","379","201","409","165","410","121","423"," 90","434","263","476","223","552","181","581","176","586","148"," 83","247"
"LT-0030-DNP6-16.dw.png","196","176","218","174","251","245","253","193","265","117","328","243","381","272","367","251","405","218","376","200","407","166","410","124","423"," 93","434","263","473","222","550","181","582","175","584","145"," 83","249"
"LT-0030-DNP6-17.dw.png","194","182","215","177","264","241","256","192","255","115","329","231","386","252","369","233","402","196","372","184","402","143","397","102","407"," 70","442","234","476","189","541","139","573","128","572"," 99"," 90","263"
"LT-0030-DNP6-18.dw.png","191","176","215","174","257","246","254","194","263","116","327","246","377","272","366","252","401","221","365","200","407","168","412","129","428"," 99","435","262","470","226","542","185","584","178","587","151"," 82","243"
"LT-0030-DNP6-19.dw.png","188","170","208","168","249","240","246","189","258","111","317","239","370","267","357","245","397","213","361","196","397","162","399","119","413"," 88","427","258","464","219","539","178","573","170","577","144"," 78","239"
"LT-0030-DNP6-2.dw.png","177","175","201","170","233","235","237","184","239","112","308","226","360","246","344","228","372","194","351","180","378","144","378","105","390"," 74","416","229","446","189","510","144","546","133","545","104"," 74","251"
"LT-0030-DNP6-20.dw.png","193","178","216","175","257","249","252","195","264","118","323","244","379","269","367","251","398","214","374","200","408","163","406","120","417"," 92","437","258","476","220","553","173","581","166","585","138"," 85","255"
"LT-0030-DNP6-3.dw.png","192","180","216","176","262","245","256","194","269","113","333","241","384","263","368","244","406","208","374","196","412","159","411","119","425"," 85","440","250","479","209","552","164","588","155","593","126"," 90","259"
"LT-0030-DNP6-4.dw.png","191","175","211","173","255","239","250","190","261","113","326","236","377","261","360","242","393","208","371","196","398","156","399","114","414"," 85","431","250","464","212","535","166","570","158","573","128"," 83","249"
"LT-0030-DNP6-5.dw.png","181","175","202","171","241","239","246","190","251","106","314","235","359","257","342","238","386","202","355","187","387","152","388","112","401"," 80","416","243","454","203","521","158","555","149","556","120"," 82","252"
"LT-0030-DNP6-6.dw.png","207","176","230","172","267","243","271","196","282","115","342","243","392","270","377","249","412","219","390","207","422","169","424","128","439"," 97","445","263","481","226","561","187","598","181","603","152"," 91","242"
"LT-0030-DNP6-7.dw.png","194","175","217","171","242","241","256","193","261","113","321","241","368","265","354","245","391","214","368","198","398","164","401","123","416"," 91","426","256","461","221","535","178","572","175","576","148"," 80","242"
"LT-0030-DNP6-8.dw.png","182","180","207","176","240","246","242","195","254","115","312","242","364","266","349","245","386","210","360","195","390","160","391","121","403"," 88","422","251","458","212","521","169","560","157","562","130"," 78","256"
"LT-0030-DNP6-9.dw.png","184","173","206","170","230","241","240","192","254","119","299","243","345","270","333","249","367","221","346","203","381","172","388","135","404","106","403","262","439","228","506","194","542","187","547","161"," 76","237"
"LT-0031-EMd1-1.dw.png","205","173","229","172","266","244","273","194","279","114","342","245","394","271","381","251","422","219","390","199","424","167","427","126","441"," 97","448","264","489","229","572","189","605","183","613","156"," 94","240"
"LT-0031-EMd1-10.dw.png","194","166","219","166","253","242","256","191","274","112","321","248","382","281","367","260","400","230","376","210","414","180","421","138","436","109","436","278","479","246","564","209","596","206","604","180"," 75","220"
"LT-0031-EMd1-11.dw.png","195","160","221","160","250","234","259","183","273","108","321","240","374","272","363","251","399","222","371","202","410","173","416","133","434","104","427","269","472","237","551","202","582","199","592","173"," 84","219"
"LT-0031-EMd1-12.dw.png","197","173","222","173","255","251","258","196","277","120","332","257","383","288","372","267","415","239","375","214","418","184","427","144","446","115","447","285","488","252","579","217","610","215","616","185"," 83","234"
"LT-0031-EMd1-13.dw.png","190","180","215","179","250","256","260","205","268","122","321","257","381","285","365","266","410","237","373","213","411","183","417","143","435","112","440","279","478","242","555","202","588","197","596","168"," 81","246"
"LT-0031-EMd1-14.dw.png","186","181","211","180","246","257","253","203","266","124","324","260","375","289","362","267","402","235","375","218","411","183","413","140","430","109","435","282","479","247","560","204","587","200","594","171"," 76","247"
"LT-0031-EMd1-15.dw.png","185","176","210","177","246","251","250","200","266","122","322","253","376","283","363","262","402","231","371","213","405","178","407","138","425","107","433","276","472","239","552","201","580","196","586","168"," 75","240"
"LT-0031-EMd1-16.dw.png","194","183","217","182","253","255","257","205","267","128","325","254","376","283","365","263","404","232","373","213","404","179","415","141","429","112","436","277","477","241","560","203","592","197","595","171"," 77","248"
"LT-0031-EMd1-17.dw.png","197","184","218","180","259","255","266","202","270","122","337","255","388","278","377","259","417","225","384","206","417","170","420","128","435"," 96","447","269","488","228","565","186","597","179","603","149"," 85","257"
"LT-0031-EMd1-18.dw.png","191","178","216","176","258","248","265","199","265","117","331","246","396","273","380","251","413","220","380","201","413","171","415","129","433"," 98","447","265","486","226","564","185","597","177","602","148"," 84","246"
"LT-0031-EMd1-19.dw.png","193","175","217","175","262","250","263","199","276","118","338","252","388","280","375","259","417","230","384","210","417","176","420","134","437","102","444","274","486","238","572","196","599","189","605","162"," 80","240"
"LT-0031-EMd1-2.dw.png","204","167","227","167","254","244","272","198","285","118","335","254","381","286","370","265","415","240","389","217","422","188","429","148","446","119","438","286","481","257","566","227","598","226","606","198"," 83","215"
"LT-0031-EMd1-20.dw.png","195","174","221","173","257","245","260","193","265","114","328","242","384","266","367","246","406","212","379","196","411","161","415","122","429"," 91","442","257","480","218","556","177","588","168","594","141"," 86","249"
"LT-0031-EMd1-3.dw.png","199","168","227","168","264","248","264","194","279","116","336","254","386","284","374","263","414","235","377","209","420","182","428","139","444","112","447","280","488","248","579","210","608","207","617","180"," 85","231"
"LT-0031-EMd1-4.dw.png","186","166","211","169","236","245","246","193","269","120","312","257","365","292","353","271","397","245","362","219","404","190","415","151","435","121","430","292","472","262","564","228","595","224","604","197"," 71","217"
"LT-0031-EMd1-5.dw.png","214","169","238","169","263","243","281","195","293","117","343","249","393","278","382","257","427","229","396","208","428","179","433","138","451","108","450","275","490","243","572","207","604","204","613","177"," 98","229"
"LT-0031-EMd1-6.dw.png","198","170","222","168","251","243","268","195","276","115","331","246","383","273","371","254","409","223","383","204","414","173","418","132","433","101","441","268","480","233","562","197","594","192","601","167"," 82","232"
"LT-0031-EMd1-7.dw.png","195","180","220","176","258","246","260","197","266","119","325","246","384","272","370","253","412","224","379","205","412","171","415","132","429","103","443","266","483","230","556","192","591","186","599","161"," 79","244"
"LT-0031-EMd1-8.dw.png","190","171","215","171","256","243","259","193","262","117","322","242","376","268","362","248","403","219","375","198","408","167","415","128","430"," 97","442","259","476","226","556","186","592","178","597","151"," 82","242"
"LT-0032-MR10-1.dw.png","255","259","278","252","344","348","352","277","340","164","446","341","520","372","494","343","533","293","501","277","547","218","549","163","569","116","590","355","641","294","732","234","789","216","795","174","110","380"
"LT-0032-MR10-10.dw.png","260","268","281","260","359","357","359","281","335","169","455","349","519","376","497","352","549","296","501","275","551","220","547","162","559","111","609","348","651","292","749","218","794","208","801","164","122","394"
"LT-0032-MR10-11.dw.png","254","259","282","248","348","345","350","273","337","161","445","330","524","358","499","332","546","282","507","263","550","206","552","152","565","107","604","334","641","281","739","210","787","194","792","154","128","384"
"LT-0032-MR10-12.dw.png","250","268","275","258","366","347","349","274","325","163","453","330","531","353","502","327","541","273","492","254","541","197","532","143","540"," 91","615","319","656","255","738","180","782","162","782","122","132","404"
"LT-0032-MR10-13.dw.png","263","249","295","241","370","330","353","261","352","155","462","318","532","346","513","320","554","269","518","251","558","193","557","139","572"," 90","612","323","655","264","756","189","801","173","801","132","130","366"
"LT-0032-MR10-14.dw.png","267","240","297","236","341","331","357","263","361","157","446","328","515","361","494","333","539","287","506","268","553","219","555","165","578","122","596","346","644","294","750","232","798","221","802","183","125","347"
"LT-0032-MR10-15.dw.png","269","257","292","250","359","347","353","272","355","163","462","335","538","364","519","338","558","286","525","273","564","211","563","157","579","106","617","340","661","284","755","215","810","199","822","159","119","380"
"LT-0032-MR10-16.dw.png","242","263","267","253","342","343","337","272","325","159","446","325","515","347","492","322","532","270","494","253","534","191","529","138","540"," 90","592","318","633","259","724","179","770","160","769","120","118","396"
"LT-0032-MR10-17.dw.png","256","255","284","247","344","340","355","272","342","159","459","330","533","356","518","333","552","282","512","263","560","207","561","153","572","110","610","336","659","278","763","209","805","196","807","159","108","372"
"LT-0032-MR10-18.dw.png","268","265","294","258","369","358","363","279","369","166","469","349","547","377","524","351","577","301","539","283","576","221","576","166","596","117","625","356","673","297","777","227","829","212","834","171","114","385"
"LT-0032-MR10-19.dw.png","251","262","277","254","353","345","345","273","328","167","450","331","523","358","501","333","548","281","504","260","539","204","537","147","544","100","610","330","649","271","739","198","790","183","790","145","110","383"
"LT-0032-MR10-2.dw.png","252","247","284","241","363","330","351","262","339","161","453","318","519","347","500","321","536","274","498","256","542","205","540","156","557","108","595","328","640","276","734","214","783","200","790","161","126","369"
"LT-0032-MR10-20.dw.png","266","244","292","237","376","325","354","258","348","151","469","311","530","338","511","316","548","266","507","248","547","199","545","146","557"," 98","600","319","651","263","746","194","787","185","790","141","130","366"
"LT-0032-MR10-3.dw.png","247","259","272","251","350","346","334","275","336","165","437","338","508","368","490","342","530","294","496","274","537","216","538","161","556","117","593","344","635","292","744","219","789","205","796","168","113","378"
"LT-0032-MR10-4.dw.png","265","239","292","233","367","323","342","253","349","160","452","317","525","347","506","322","543","279","503","258","551","210","554","162","568","118","600","332","648","282","738","230","795","216","795","181","122","343"
"LT-0032-MR10-5.dw.png","267","255","297","247","360","341","352","268","362","163","462","330","534","358","516","335","560","286","520","264","561","213","563","157","576","109","617","336","665","288","765","219","811","204","818","164","129","369"
"LT-0032-MR10-6.dw.png","259","263","287","256","366","357","355","280","359","164","468","349","542","378","520","352","563","302","522","280","574","227","576","167","590","121","623","357","673","300","774","233","823","219","829","181","123","386"
"LT-0032-MR10-7.dw.png","259","247","288","238","364","327","349","259","342","156","458","314","521","341","502","317","541","268","502","252","543","199","542","147","555"," 99","596","320","645","265","738","200","786","183","788","145","125","365"
"LT-0032-MR10-8.dw.png","252","256","277","247","359","333","348","268","334","162","450","323","515","349","495","327","536","275","489","255","535","203","534","149","546","102","596","325","640","269","733","200","780","182","780","142","123","375"
"LT-0032-MR10-9.dw.png","252","257","279","248","366","337","341","265","337","156","455","323","532","350","507","325","545","270","509","254","546","194","542","137","556"," 90","605","326","655","263","750","190","797","173","795","133","113","371"
"LT-0033-MR11-1.dw.png","259","238","291","231","358","324","347","251","346","143","447","311","519","338","497","312","540","262","504","246","551","194","546","141","560"," 97","598","316","640","258","727","192","780","175","783","139","121","356"
"LT-0033-MR11-10.dw.png","254","247","284","238","352","327","340","253","338","146","452","308","529","330","503","305","544","251","502","237","543","184","533","130","543"," 83","605","302","656","234","734","172","783","151","786","113","125","379"
"LT-0033-MR11-11.dw.png","256","242","284","232","358","325","342","251","334","146","451","309","528","330","508","305","545","253","496","236","539","181","536","128","551"," 82","607","302","648","239","730","168","776","148","777","111","124","361"
"LT-0033-MR11-12.dw.png","255","240","279","233","350","326","340","253","338","146","435","315","511","337","487","314","532","260","494","246","536","193","533","139","547"," 92","588","313","631","256","722","188","772","175","774","138","114","360"
"LT-0033-MR11-13.dw.png","256","259","290","249","357","337","348","263","334","153","457","315","538","333","516","308","549","258","502","243","548","189","542","132","550"," 83","617","304","655","246","747","161","789","146","789","109","125","391"
"LT-0033-MR11-14.dw.png","286","256","311","247","394","335","374","264","359","154","478","318","560","339","536","315","578","261","529","242","569","189","563","135","575"," 89","635","309","675","247","766","176","821","158","829","119","148","387"
"LT-0033-MR11-15.dw.png","268","249","297","239","355","330","360","260","349","150","459","316","534","341","510","315","548","266","506","246","549","194","549","141","565"," 96","607","317","647","257","736","191","781","175","782","136","126","374"
"LT-0033-MR11-16.dw.png","268","250","297","244","362","336","356","262","352","159","458","323","537","348","513","323","563","272","517","254","560","202","554","151","570","103","616","326","666","264","752","201","795","184","804","147","111","367"
"LT-0033-MR11-17.dw.png","250","246","277","239","359","327","346","256","325","144","463","305","535","328","511","304","549","253","504","236","538","179","528","124","539"," 78","605","302","649","240","739","167","789","148","795","108","116","377"
"LT-0033-MR11-18.dw.png","257","251","295","243","357","335","354","262","345","151","454","320","530","343","509","319","549","269","511","252","554","199","549","147","564","100","603","321","649","263","736","200","782","182","788","146","120","365"
"LT-0033-MR11-19.dw.png","266","238","289","233","356","324","347","252","346","144","446","312","511","338","487","316","532","260","493","245","539","196","539","145","554","101","588","313","632","255","720","193","768","184","776","143","123","361"
"LT-0033-MR11-2.dw.png","250","244","285","238","358","342","349","266","352","153","450","336","517","368","499","342","546","296","510","276","557","223","560","167","579","124","602","352","645","301","748","241","793","233","805","194","105","352"
"LT-0033-MR11-20.dw.png","253","242","290","232","361","327","346","254","338","146","458","310","524","331","504","307","545","255","504","240","540","184","536","134","550"," 89","598","305","638","248","731","173","775","156","777","119","122","365"
"LT-0033-MR11-3.dw.png","260","230","291","227","351","328","346","251","362","148","450","323","518","355","501","329","555","286","506","261","560","217","562","164","579","119","596","342","649","291","748","237","800","227","808","190","109","337"
"LT-0033-MR11-4.dw.png","260","236","288","231","356","324","344","252","343","148","433","314","513","344","485","316","536","270","498","250","543","201","541","144","558","101","593","323","632","268","730","206","775","193","786","157","127","349"
"LT-0033-MR11-5.dw.png","249","243","279","237","327","335","340","262","334","154","429","328","499","360","480","333","525","287","484","262","528","216","529","166","543","120","572","343","618","290","707","230","751","219","754","182","111","359"
"LT-0033-MR11-6.dw.png","249","250","279","240","367","328","337","258","325","152","455","310","525","336","503","309","546","261","497","243","546","189","541","135","552"," 88","603","309","642","249","733","179","782","162","781","123","116","378"
"LT-0033-MR11-7.dw.png","271","241","301","236","367","326","350","256","358","153","451","319","526","349","506","323","555","277","514","258","554","208","555","156","573","110","605","328","647","275","731","215","785","201","788","165","121","353"
"LT-0033-MR11-8.dw.png","269","258","295","251","376","338","366","268","354","155","472","317","548","336","523","315","567","260","524","242","563","186","552","131","565"," 82","624","309","668","247","759","172","807","152","811","111","135","391"
"LT-0033-MR11-9.dw.png","249","256","281","246","369","338","346","265","332","154","450","319","525","340","504","317","549","262","502","245","546","188","542","135","557"," 89","610","309","647","252","741","175","784","161","788","120","119","388"
"LT-0034-MR13-1.dw.png","174","185","193","178","254","240","246","193","234","109","324","229","386","246","366","228","391","189","363","179","391","140","384","101","394"," 62","438","225","465","182","531","128","566","114","566"," 87"," 76","270"
"LT-0034-MR13-10.dw.png","179","182","203","174","246","239","242","187","237","116","316","225","383","240","363","223","392","185","358","172","388","134","384"," 95","391"," 63","439","219","467","177","531","126","571","110","573"," 82"," 87","277"
"LT-0034-MR13-11.dw.png","183","172","208","169","245","230","251","184","244","108","314","223","377","243","359","224","382","188","368","179","394","139","392","103","406"," 68","433","227","462","189","531","140","569","127","571","101"," 79","251"
"LT-0034-MR13-12.dw.png","187","175","209","170","242","239","247","187","252","113","318","232","379","254","366","234","399","200","367","184","400","147","398","112","408"," 78","438","237","469","200","540","153","578","141","583","115"," 85","258"
"LT-0034-MR13-13.dw.png","180","179","205","173","259","244","249","192","248","112","326","234","377","258","365","237","394","204","363","189","392","154","389","114","406"," 80","431","242","466","201","533","158","571","146","573","119"," 84","264"
"LT-0034-MR13-14.dw.png","169","192","193","183","246","243","238","192","225","113","315","221","377","230","357","215","387","174","353","166","378","122","367"," 86","373"," 47","433","203","458","159","520","100","551"," 84","552"," 56"," 92","293"
"LT-0034-MR13-15.dw.png","184","173","205","169","247","237","248","185","248","110","315","232","372","254","354","233","394","201","357","184","393","148","393","113","405"," 77","431","239","463","197","533","153","571","143","575","118"," 90","255"
"LT-0034-MR13-16.dw.png","175","175","194","170","240","234","233","183","238","110","310","225","364","247","347","227","383","194","353","180","388","142","384","106","396"," 69","420","231","456","191","526","146","563","133","571","107"," 77","261"
"LT-0034-MR13-17.dw.png","183","179","200","174","257","239","246","189","241","114","328","230","376","250","363","231","394","195","361","182","393","141","390","105","399"," 71","431","233","465","192","535","141","570","130","574","103"," 84","267"
"LT-0034-MR13-2.dw.png","192","174","216","172","254","244","254","193","265","113","324","242","386","271","366","249","401","216","371","198","410","162","407","119","421"," 86","443","259","480","219","550","174","587","166","595","139"," 77","249"
"LT-0034-MR13-3.dw.png","178","168","202","164","246","236","249","187","250","110","316","233","376","259","363","239","392","205","369","192","403","156","401","117","415"," 85","436","247","469","210","539","171","583","161","587","134"," 74","236"
"LT-0034-MR13-4.dw.png","190","186","213","181","267","256","262","203","258","120","332","251","389","274","375","254","408","219","376","204","412","167","410","127","423"," 91","451","261","483","222","561","182","599","171","606","145"," 84","272"
"LT-0034-MR13-5.dw.png","178","182","202","179","252","242","246","193","244","116","320","231","375","252","360","231","393","196","359","184","391","146","384","109","395"," 73","431","235","468","189","531","146","567","133","568","106"," 87","270"
"LT-0034-MR13-6.dw.png","189","179","211","175","259","245","257","192","251","114","331","238","389","259","371","239","404","202","370","188","405","152","405","116","417"," 79","442","242","478","200","540","154","577","143","582","114"," 79","264"
"LT-0034-MR13-7.dw.png","181","185","204","180","252","245","254","197","249","115","325","235","386","256","372","236","401","201","374","189","406","150","403","111","412"," 75","444","240","477","199","551","149","587","138","591","108"," 80","271"
"LT-0034-MR13-8.dw.png","177","177","199","171","242","238","247","188","243","110","320","227","376","248","360","227","383","195","358","183","390","145","387","108","402"," 71","428","232","458","192","523","144","564","130","567","104"," 75","258"
"LT-0034-MR13-9.dw.png","183","176","207","172","258","239","251","188","245","109","325","230","384","253","368","232","397","199","367","184","397","149","392","113","406"," 74","436","238","467","197","538","153","575","141","581","114"," 78","254"
"LT-0035-MR14-1.dw.png","186","175","207","170","255","239","247","186","248","110","318","231","370","250","357","233","390","195","362","182","398","144","398","107","408"," 75","433","233","469","192","538","149","573","135","578","107"," 76","261"
"LT-0035-MR14-10.dw.png","194","178","215","174","262","246","262","192","267","113","338","239","389","266","372","245","407","210","378","195","419","157","423","121","437"," 87","451","253","487","214","559","174","605","164","612","136"," 90","260"
"LT-0035-MR14-11.dw.png","185","182","203","177","258","242","250","195","249","116","322","236","373","259","358","239","388","204","367","194","399","155","398","118","407"," 81","432","245","466","206","534","163","572","151","578","123"," 80","265"
"LT-0035-MR14-12.dw.png","190","165","210","163","252","238","256","187","263","108","329","244","378","275","368","255","407","224","368","200","416","170","423","132","439","101","439","270","484","236","563","201","603","199","614","172"," 78","229"
"LT-0035-MR14-13.dw.png","191","163","214","162","251","238","250","185","265","110","311","240","364","270","353","250","387","219","369","204","408","171","412","133","428","101","426","266","464","232","538","197","581","191","591","166"," 73","225"
"LT-0035-MR14-14.dw.png","186","173","206","169","250","240","249","186","255","109","320","236","372","260","357","241","391","207","368","192","406","155","407","118","422"," 83","433","248","469","210","541","170","583","161","589","132"," 75","252"
"LT-0035-MR14-15.dw.png","187","175","210","172","252","247","254","197","258","117","322","250","369","279","357","258","397","227","365","209","402","176","410","136","424","106","427","274","472","235","545","201","578","195","588","168"," 73","238"
"LT-0035-MR14-16.dw.png","194","166","216","165","249","244","251","190","273","113","323","250","372","280","361","261","403","234","370","211","416","182","427","146","444","116","431","280","475","249","556","220","599","218","613","193"," 73","224"
"LT-0035-MR14-17.dw.png","181","175","203","172","242","248","245","196","251","119","305","248","354","276","342","255","382","224","358","206","396","175","401","138","415","106","417","268","459","232","532","196","570","189","578","163"," 64","250"
"LT-0035-MR14-18.dw.png","186","179","209","173","249","240","245","189","251","113","319","232","373","254","357","233","385","198","364","187","396","148","394","110","405"," 77","429","240","465","199","537","152","575","141","577","115"," 80","260"
"LT-0035-MR14-19.dw.png","180","174","205","172","254","245","247","191","245","113","319","243","367","269","357","250","396","216","361","198","398","161","402","122","415"," 91","428","259","466","222","535","182","571","174","581","148"," 77","249"
"LT-0035-MR14-2.dw.png","184","187","204","180","262","243","250","194","237","116","325","232","378","251","364","232","392","198","361","184","392","143","392","106","404"," 70","433","234","466","192","533","143","564","130","569","103"," 89","280"
"LT-0035-MR14-20.dw.png","182","178","206","173","252","242","251","192","252","113","317","237","376","261","358","241","395","208","364","191","398","153","400","116","413"," 81","432","247","466","207","541","162","583","152","590","125"," 81","258"
"LT-0035-MR14-3.dw.png","184","177","204","172","250","242","246","191","251","112","322","237","371","261","357","241","388","207","366","193","398","156","400","117","413"," 86","427","250","463","212","542","168","577","160","580","132"," 79","256"
"LT-0035-MR14-4.dw.png","202","174","223","171","256","246","262","196","271","119","325","247","372","277","360","255","398","224","373","208","414","177","419","140","435","108","436","269","475","235","550","200","593","195","600","169"," 84","243"
"LT-0035-MR14-5.dw.png","190","165","207","163","246","238","251","187","258","109","308","239","360","269","346","248","383","216","363","199","402","167","407","130","423"," 99","423","260","459","226","537","189","574","182","581","155"," 71","233"
"LT-0035-MR14-6.dw.png","185","175","209","170","250","240","245","188","256","111","322","236","374","260","358","240","390","206","369","193","403","155","403","116","418"," 84","430","249","468","211","544","168","581","159","587","134"," 81","252"
"LT-0035-MR14-7.dw.png","184","161","209","160","244","232","247","182","259","106","310","232","361","260","347","238","384","210","362","194","396","160","399","122","415"," 93","420","252","457","217","535","179","573","173","576","149"," 71","229"
"LT-0035-MR14-8.dw.png","188","176","210","173","253","243","252","190","253","113","324","236","372","257","359","239","393","203","370","190","403","152","403","117","414"," 82","431","244","469","203","540","161","578","149","582","125"," 83","260"
"LT-0035-MR14-9.dw.png","183","172","205","168","246","235","245","186","252","111","316","232","369","258","352","236","383","204","364","191","398","153","399","114","413"," 84","427","248","462","211","540","167","576","159","580","132"," 74","246"
"LT-0036-MR4-1.dw.png","189","172","211","173","244","242","249","194","262","115","309","244","364","273","348","250","385","218","365","204","398","171","401","131","414"," 99","423","263","459","225","532","186","571","178","577","152"," 77","239"
"LT-0036-MR4-10.dw.png","187","182","211","177","249","247","246","193","252","117","326","239","379","259","362","240","390","204","366","191","399","155","399","117","411"," 86","433","246","471","204","535","161","571","150","578","124"," 86","265"
"LT-0036-MR4-11.dw.png","191","184","213","179","254","251","253","199","263","120","327","248","375","272","361","252","398","216","370","202","404","166","402","128","415"," 94","437","259","474","218","545","175","580","165","586","138"," 84","260"
"LT-0036-MR4-12.dw.png","191","176","215","175","248","248","253","197","267","119","319","252","367","282","354","259","387","227","367","212","404","178","410","139","427","109","426","275","462","239","544","202","578","197","587","169"," 79","239"
"LT-0036-MR4-13.dw.png","175","176","198","172","231","243","235","194","247","122","307","245","356","275","341","252","373","222","348","206","384","176","390","138","405","111","412","270","447","236","514","199","550","195","559","170"," 76","240"
"LT-0036-MR4-14.dw.png","179","183","204","181","239","249","244","199","250","123","317","247","373","272","358","250","384","217","360","203","396","169","399","132","415","101","426","261","463","223","534","184","568","177","578","151"," 81","259"
"LT-0036-MR4-15.dw.png","182","181","208","179","250","250","254","201","257","121","325","249","374","276","359","254","396","221","367","204","406","171","404","131","417","100","434","265","474","226","546","186","582","181","591","156"," 78","257"
"LT-0036-MR4-16.dw.png","184","177","209","172","257","243","253","189","255","112","331","236","380","258","365","239","402","202","369","187","404","152","404","114","414"," 81","436","244","474","201","545","155","576","147","580","120"," 85","258"
"LT-0036-MR4-17.dw.png","186","178","210","174","247","237","247","188","251","115","322","232","373","253","356","233","387","198","364","187","395","150","394","113","406"," 83","433","238","467","198","543","155","574","145","576","119"," 88","258"
"LT-0036-MR4-18.dw.png","186","183","204","177","264","242","246","192","242","115","327","231","380","251","365","231","396","197","362","184","392","146","389","108","398"," 75","437","233","469","191","533","144","570","131","572","104"," 91","271"
"LT-0036-MR4-19.dw.png","192","180","216","175","263","241","260","194","261","114","338","235","388","258","374","237","406","201","374","188","408","152","404","113","416"," 79","445","242","480","200","550","154","585","143","589","115"," 88","259"
"LT-0036-MR4-2.dw.png","183","186","206","180","253","247","250","196","251","119","326","238","379","259","364","239","395","205","365","191","396","155","396","117","405"," 85","435","244","468","203","531","158","567","147","569","121"," 91","267"
"LT-0036-MR4-20.dw.png","186","185","207","180","260","243","254","194","251","112","330","231","385","250","368","232","396","193","371","182","397","143","393","104","404"," 72","443","229","471","186","541","135","574","123","578"," 95"," 89","275"
"LT-0036-MR4-3.dw.png","198","172","220","171","261","244","261","190","269","114","336","245","382","270","370","250","404","220","378","203","411","167","413","130","428"," 99","438","263","475","224","546","190","581","183","584","156"," 96","241"
"LT-0036-MR4-4.dw.png","177","179","196","175","240","240","233","191","240","116","303","235","360","258","342","236","380","203","350","189","385","153","383","116","393"," 83","421","244","455","202","522","158","560","148","561","121"," 76","258"
"LT-0036-MR4-5.dw.png","177","186","199","183","241","248","239","195","240","121","314","237","367","256","352","236","384","202","354","189","384","152","381","111","391"," 78","427","238","458","195","527","146","554","136","555","111"," 79","272"
"LT-0036-MR4-6.dw.png","181","185","206","182","249","251","245","197","255","121","329","245","380","267","362","249","399","212","363","199","401","163","402","126","417"," 94","441","253","476","213","549","167","580","162","583","133"," 81","265"
"LT-0036-MR4-7.dw.png","198","187","223","180","271","245","261","195","268","115","340","234","394","255","377","234","407","200","380","188","413","149","407","110","419"," 77","450","238","487","194","554","148","589","137","592","110"," 98","269"
"LT-0036-MR4-8.dw.png","185","183","209","178","247","248","248","194","255","116","323","243","376","267","358","247","395","211","361","194","400","156","401","116","414"," 87","436","253","472","213","549","165","578","158","582","130"," 84","258"
"LT-0036-MR4-9.dw.png","194","179","218","176","252","249","258","199","269","123","327","249","380","278","366","256","399","226","372","211","412","179","419","142","432","114","434","272","473","236","547","202","585","196","594","171"," 90","247"
"LT-0037-MR6-1.dw.png","189","168","211","164","244","228","247","179","249","109","313","225","366","248","352","228","383","195","353","180","389","146","388","108","399"," 76","422","234","455","194","529","147","566","138","569","109"," 84","237"
"LT-0037-MR6-10.dw.png","183","192","207","187","255","256","246","201","255","123","326","248","383","270","366","251","398","215","363","200","405","160","405","121","418"," 87","442","255","477","212","556","163","588","154","591","125"," 85","276"
"LT-0037-MR6-11.dw.png","188","196","211","190","259","257","256","201","256","122","336","242","389","259","372","241","404","201","377","190","406","150","397","108","407"," 76","446","238","480","192","545","142","579","129","580","100"," 96","291"
"LT-0037-MR6-12.dw.png","192","178","214","175","252","242","256","192","258","112","322","235","377","258","361","239","399","205","365","190","401","154","399","114","411"," 81","437","243","470","203","541","159","582","146","588","121"," 83","252"
"LT-0037-MR6-13.dw.png","185","164","207","162","236","232","249","184","254","107","312","231","365","259","351","238","388","205","368","191","402","157","403","118","418"," 87","425","250","465","210","535","173","578","164","584","137"," 72","233"
"LT-0037-MR6-14.dw.png","194","181","216","178","255","248","257","196","262","120","326","244","384","270","367","250","404","215","379","202","413","165","412","126","428"," 94","444","258","482","218","551","178","592","168","599","142"," 86","256"
"LT-0037-MR6-15.dw.png","191","185","213","182","254","254","255","202","264","123","326","249","380","275","368","255","401","221","371","205","407","170","405","128","416"," 99","439","261","479","219","544","177","581","169","582","141"," 85","263"
"LT-0037-MR6-16.dw.png","190","184","210","179","244","244","254","196","255","119","323","237","375","255","357","240","393","200","368","190","398","153","394","114","406"," 84","434","239","469","197","531","153","571","141","573","112"," 86","267"
"LT-0037-MR6-17.dw.png","200","181","221","175","261","249","272","198","272","116","343","245","393","271","382","252","416","220","387","201","428","166","425","127","439"," 94","453","261","488","224","565","178","600","172","608","145"," 90","255"
"LT-0037-MR6-18.dw.png","191","191","213","185","262","253","252","201","254","125","328","244","388","265","372","245","404","209","370","195","405","159","403","121","410"," 84","444","250","482","207","544","164","587","151","588","123"," 90","271"
"LT-0037-MR6-19.dw.png","192","181","215","177","255","248","254","194","266","116","334","245","383","269","368","249","407","214","376","199","411","161","408","121","425"," 89","443","255","480","213","553","169","585","159","588","131"," 87","261"
"LT-0037-MR6-2.dw.png","192","167","216","166","252","233","257","185","265","110","323","233","374","258","361","237","395","207","369","193","403","160","403","120","417"," 92","431","251","469","213","542","176","579","170","587","142"," 84","234"
"LT-0037-MR6-20.dw.png","187","180","210","174","241","239","248","190","255","113","322","231","380","250","368","234","396","199","364","186","395","149","394","112","408"," 78","434","238","470","200","536","155","577","144","582","116"," 84","257"
"LT-0037-MR6-3.dw.png","191","174","212","172","255","243","255","190","261","110","329","236","381","259","369","239","400","203","374","191","408","155","408","118","423"," 86","441","246","477","208","549","163","590","152","593","126"," 84","249"
"LT-0037-MR6-4.dw.png","185","171","210","167","240","230","248","183","252","109","315","225","370","245","356","227","388","194","358","182","387","145","385","108","399"," 77","424","233","464","194","529","153","570","143","578","116"," 84","247"
"LT-0037-MR6-5.dw.png","195","188","221","183","270","251","260","197","262","116","342","241","396","260","383","242","411","204","384","191","412","152","412","111","425"," 79","450","244","486","201","561","151","596","140","598","110"," 95","276"
"LT-0037-MR6-6.dw.png","186","166","208","166","237","236","251","189","258","109","316","233","367","259","352","238","390","209","363","193","397","160","398","122","414"," 92","424","250","459","212","533","175","569","166","573","139"," 82","239"
"LT-0037-MR6-7.dw.png","188","168","212","166","243","236","251","186","261","111","318","234","374","260","358","241","398","206","375","196","404","158","406","120","419"," 89","434","250","470","211","541","175","584","166","592","141"," 80","237"
"LT-0037-MR6-8.dw.png","190","182","207","176","253","245","251","195","249","114","324","240","372","264","358","244","391","211","365","196","399","159","398","120","411"," 88","433","251","469","213","537","170","573","163","581","137"," 91","261"
"LT-0037-MR6-9.dw.png","189","170","212","168","257","240","254","189","262","111","327","240","377","264","364","246","399","213","373","197","409","163","409","124","422"," 95","437","255","475","217","544","181","587","173","592","146"," 77","241"
"LT-0038-MR7-1.dw.png","183","168","204","162","257","228","249","179","244","109","331","219","384","240","371","220","399","186","371","176","394","136","393","101","401"," 66","435","226","472","181","532","137","573","123","578"," 95"," 90","247"
"LT-0038-MR7-10.dw.png","190","173","214","172","247","245","259","200","268","117","320","247","369","275","358","256","396","225","371","207","406","178","412","140","433","108","428","269","465","236","548","200","584","195","591","167"," 84","241"
"LT-0038-MR7-11.dw.png","181","177","203","172","239","239","246","188","242","112","319","231","366","253","354","234","384","200","360","187","391","151","391","116","403"," 85","426","238","458","204","524","161","565","151","570","123"," 86","258"
"LT-0038-MR7-12.dw.png","172","176","194","170","237","234","244","187","238","109","318","218","374","235","356","216","387","182","357","171","385","135","382","102","393"," 65","429","218","463","175","523","130","565","114","565"," 87"," 82","261"
"LT-0038-MR7-13.dw.png","178","190","197","183","250","245","250","199","239","121","322","230","371","248","354","229","381","195","352","185","380","146","375","110","390"," 75","424","231","452","188","514","141","552","125","551"," 96"," 92","275"
"LT-0038-MR7-14.dw.png","186","186","208","180","252","246","255","197","249","117","324","232","380","249","365","231","393","194","370","183","397","147","394","111","408"," 76","432","231","462","190","527","142","566","127","570"," 99"," 94","278"
"LT-0038-MR7-15.dw.png","179","179","197","172","253","234","253","187","237","107","334","214","383","229","367","212","391","176","356","167","384","128","380"," 90","394"," 54","435","209","459","166","520","115","560"," 96","560"," 69"," 92","272"
"LT-0038-MR7-16.dw.png","181","176","202","171","247","240","251","192","242","111","317","231","372","252","357","233","389","200","362","185","389","151","392","115","412"," 78","428","240","458","200","526","159","569","147","576","118"," 77","258"
"LT-0038-MR7-17.dw.png","177","174","202","171","233","241","246","195","252","115","315","234","369","257","356","237","386","206","359","191","389","160","390","124","408"," 90","423","246","459","209","527","170","567","159","571","133"," 80","248"
"LT-0038-MR7-18.dw.png","190","182","213","177","258","241","259","191","253","118","335","230","391","248","374","230","402","194","367","182","402","146","400","109","412"," 77","445","232","476","191","535","143","572","132","577","106"," 88","273"
"LT-0038-MR7-19.dw.png","180","168","202","165","245","235","242","185","248","108","316","229","371","255","355","236","391","207","357","189","391","155","395","121","411"," 90","427","246","462","210","530","170","568","162","575","137"," 78","241"
"LT-0038-MR7-2.dw.png","181","174","204","171","244","242","245","190","248","112","316","238","368","260","353","242","388","210","354","193","385","159","387","126","403"," 90","424","247","456","209","516","172","558","163","566","135"," 80","253"
"LT-0038-MR7-20.dw.png","181","177","201","172","239","241","251","194","248","113","313","234","365","258","351","237","386","204","359","191","386","158","388","123","408"," 90","420","246","457","208","525","167","565","156","570","130"," 78","255"
"LT-0038-MR7-21.dw.png","180","171","202","166","259","232","251","185","245","108","327","225","376","247","365","228","398","195","366","181","396","146","394","111","406"," 79","432","234","463","196","527","157","573","145","578","118"," 86","253"
"LT-0038-MR7-3.dw.png","184","180","207","175","252","245","256","195","250","118","327","238","379","263","365","243","398","210","360","193","396","159","396","122","410"," 88","435","250","466","211","531","169","568","163","576","138"," 78","260"
"LT-0038-MR7-4.dw.png","178","179","200","174","246","242","252","193","248","113","329","233","382","253","370","235","401","202","371","189","400","151","397","115","411"," 79","437","241","473","200","536","158","578","146","583","119"," 84","260"
"LT-0038-MR7-5.dw.png","182","180","205","173","256","236","253","188","239","116","328","223","381","243","365","224","395","190","359","177","390","142","390","106","402"," 74","434","225","462","182","522","139","558","128","564","102"," 90","266"
"LT-0038-MR7-6.dw.png","183","170","206","166","250","233","254","185","255","106","325","224","379","243","366","226","400","190","370","177","398","141","398","105","411"," 74","432","229","466","189","533","143","575","132","580","105"," 89","255"
"LT-0038-MR7-7.dw.png","187","183","210","177","262","243","258","194","250","119","335","234","388","254","373","236","404","202","365","187","401","151","401","113","412"," 80","440","238","475","199","537","154","574","143","580","116"," 88","271"
"LT-0038-MR7-8.dw.png","184","176","206","171","252","241","256","194","259","114","325","238","377","264","363","242","402","212","369","195","400","162","399","126","419"," 90","434","253","470","215","540","176","579","166","584","138"," 85","253"
"LT-0038-MR7-9.dw.png","174","169","195","165","234","231","239","185","239","112","308","226","359","250","346","230","379","200","350","185","381","152","382","119","397"," 89","412","239","446","203","506","166","551","156","558","131"," 80","239"
"LT-0039-MR8-1.dw.png","181","166","201","162","239","225","240","179","241","104","308","218","367","238","351","220","372","188","354","178","381","139","380","103","389"," 72","415","225","449","188","515","143","547","132","549","103"," 84","246"
"LT-0039-MR8-10.dw.png","183","169","201","164","253","233","248","181","247","103","327","227","382","247","367","228","393","195","367","182","400","142","397","103","408"," 71","436","236","473","196","541","150","574","141","578","113"," 93","250"
"LT-0039-MR8-11.dw.png","185","178","205","174","247","242","250","194","246","116","315","237","374","262","360","242","380","210","362","197","393","161","397","123","408"," 89","427","252","463","216","530","173","571","163","576","135"," 79","250"
"LT-0039-MR8-12.dw.png","176","168","197","165","247","240","245","189","249","107","322","241","376","269","358","246","382","216","361","199","395","163","400","125","413"," 90","426","261","464","223","536","186","570","181","577","153"," 78","243"
"LT-0039-MR8-13.dw.png","179","172","201","168","244","236","246","188","247","113","315","232","373","256","360","238","383","203","361","190","394","155","394","116","409"," 85","429","245","464","208","535","163","570","155","573","128"," 85","251"
"LT-0039-MR8-14.dw.png","174","174","194","170","240","239","242","188","244","113","312","235","367","256","353","237","382","203","361","191","389","151","390","114","402"," 83","421","243","455","207","527","160","560","150","560","121"," 78","255"
"LT-0039-MR8-15.dw.png","193","180","213","176","262","247","260","196","261","119","329","246","378","270","365","250","394","218","370","205","403","167","404","128","418"," 94","436","259","471","221","529","182","567","172","569","143"," 90","258"
"LT-0039-MR8-16.dw.png","183","177","203","174","243","246","250","196","252","115","316","244","371","267","359","249","389","214","363","199","398","164","402","122","415"," 90","426","257","463","221","540","175","571","166","578","137"," 80","254"
"LT-0039-MR8-17.dw.png","187","174","209","172","258","241","254","191","255","113","327","239","380","262","368","243","392","211","370","198","406","161","406","121","419"," 90","432","252","467","218","544","173","578","164","582","136"," 82","245"
"LT-0039-MR8-18.dw.png","176","173","195","170","238","236","241","190","237","113","306","231","364","254","348","236","369","202","346","189","380","153","383","118","394"," 86","416","243","450","204","509","163","552","153","558","126"," 83","255"
"LT-0039-MR8-19.dw.png","179","168","199","164","243","230","244","183","239","105","311","225","368","246","351","226","379","195","352","181","387","143","388","107","399"," 73","423","233","453","198","520","150","559","138","561","109"," 84","250"
"LT-0039-MR8-2.dw.png","183","170","203","167","238","239","247","192","253","115","309","242","364","271","351","249","377","220","356","203","392","173","398","136","414","104","420","265","459","230","529","196","568","191","577","165"," 76","233"
"LT-0039-MR8-20.dw.png","179","178","202","174","261","241","256","193","244","113","326","232","384","253","368","234","390","201","362","186","394","148","393","110","405"," 75","431","239","462","200","535","149","568","138","567","109"," 85","264"
"LT-0039-MR8-3.dw.png","193","175","213","173","258","257","263","203","273","117","327","262","383","294","370","272","404","241","375","218","419","185","431","144","452","115","441","290","477","255","556","216","595","211","600","180"," 73","241"
"LT-0039-MR8-4.dw.png","184","178","202","174","251","251","251","196","253","116","319","247","376","271","365","251","391","218","365","202","401","168","404","130","418"," 94","429","260","461","225","535","183","570","173","579","146"," 83","254"
"LT-0039-MR8-5.dw.png","181","175","200","172","247","248","248","196","256","114","322","249","372","277","358","256","386","223","363","207","401","171","402","133","416"," 99","426","270","464","233","544","196","574","191","582","163"," 76","246"
"LT-0039-MR8-6.dw.png","175","169","199","165","240","236","246","188","246","112","305","237","361","267","348","245","379","216","354","199","391","166","392","127","411"," 97","418","261","454","227","528","187","562","183","571","153"," 79","239"
"LT-0039-MR8-7.dw.png","178","163","199","161","233","234","245","189","245","109","303","237","359","267","346","247","377","217","351","200","388","167","393","129","407"," 97","416","261","449","229","524","193","563","185","569","158"," 75","229"
"LT-0039-MR8-8.dw.png","171","160","190","157","229","226","232","179","230","102","294","225","351","250","338","230","366","200","335","184","370","151","373","113","384"," 81","406","240","438","205","506","166","541","158","543","130"," 76","231"
"LT-0039-MR8-9.dw.png","179","165","198","161","236","226","239","177","246","104","308","222","367","244","353","225","382","193","354","180","389","144","390","108","403"," 77","418","232","453","196","524","151","560","143","561","115"," 81","239"
"LT-0040-MV1-1.dw.png","266","232","292","225","355","315","350","247","349","145","448","307","525","334","505","311","551","263","505","239","555","195","552","143","565","101","603","314","644","262","738","199","787","185","796","151","123","346"
"LT-0040-MV1-10.dw.png","245","205","283","207","305","304","326","239","354","145","407","321","476","368","462","336","521","304","487","276","538","236","541","183","565","146","558","368","621","325","721","286","772","285","781","247"," 89","274"
"LT-0040-MV1-11.dw.png","217","208","248","212","282","311","293","243","322","144","383","322","450","366","433","335","481","300","451","274","508","237","515","184","537","145","525","364","584","322","686","282","739","278","756","245"," 59","281"
"LT-0040-MV1-13.dw.png","257","216","291","216","329","319","345","251","368","151","431","330","503","373","486","343","541","306","503","277","556","235","560","180","584","143","582","370","648","322","750","281","796","277","808","241","106","304"
"LT-0040-MV1-14.dw.png","254","215","290","217","326","319","332","245","364","154","423","328","488","374","475","345","524","307","487","276","541","241","546","186","574","149","563","373","630","328","727","290","775","285","787","247","100","297"
"LT-0040-MV1-15.dw.png","266","212","298","213","333","314","348","249","369","151","431","325","494","369","482","340","538","305","502","277","555","240","558","186","581","148","576","367","640","326","743","287","787","284","803","252","102","288"
"LT-0040-MV1-16.dw.png","270","219","305","220","339","324","351","252","383","150","437","335","507","380","488","351","548","313","507","283","565","240","572","187","596","152","580","377","644","328","746","291","801","288","811","251","105","298"
"LT-0040-MV1-17.dw.png","251","227","279","224","321","325","328","257","349","159","417","332","481","375","466","343","517","306","484","280","536","238","538","187","561","147","563","370","620","322","715","280","766","276","778","241"," 95","313"
"LT-0040-MV1-18.dw.png","260","216","289","215","333","320","345","253","366","151","433","328","500","372","483","340","534","306","502","278","556","238","560","185","584","143","578","366","634","324","741","286","791","283","807","247","104","294"
"LT-0040-MV1-19.dw.png","253","230","288","229","327","325","333","257","353","160","426","328","498","368","480","340","532","300","498","276","543","229","541","178","560","137","575","360","631","310","734","263","778","257","786","221","104","321"
"LT-0040-MV1-2.dw.png","288","235","311","231","370","324","370","258","371","149","462","322","539","358","517","331","565","286","520","262","570","219","569","162","589","122","612","344","668","295","764","238","810","228","821","192","124","332"
"LT-0040-MV1-20.dw.png","265","229","294","227","338","326","343","254","363","155","439","329","508","368","492","339","548","299","509","271","560","226","562","176","580","134","594","359","652","311","753","261","801","255","809","218","108","319"
"LT-0040-MV1-21.dw.png","255","211","283","213","314","311","324","245","368","153","411","325","478","374","464","343","521","311","490","285","542","248","551","196","572","158","558","374","620","332","724","297","770","293","784","258"," 93","276"
"LT-0040-MV1-3.dw.png","279","232","313","226","380","318","367","250","372","141","473","309","551","342","525","312","570","262","530","244","578","198","571","143","585"," 98","625","324","685","262","778","199","825","187","831","151","143","342"
"LT-0040-MV1-4.dw.png","275","234","307","231","361","326","363","251","369","149","466","311","543","339","523","314","572","267","529","247","568","195","563","145","581","101","621","321","668","265","766","200","806","188","810","149","138","352"
"LT-0040-MV1-6.dw.png","272","218","302","217","339","312","346","242","364","145","436","314","510","351","491","322","539","283","502","260","551","217","551","165","571","125","587","342","640","296","741","248","789","243","801","208","121","315"
"LT-0040-MV1-7.dw.png","255","209","288","211","323","313","329","244","370","151","422","328","488","373","469","343","519","305","496","285","551","245","554","191","578","154","563","372","620","328","732","284","780","282","789","247"," 96","278"
"LT-0040-MV1-8.dw.png","257","221","289","221","339","328","338","255","370","152","426","340","498","386","483","355","541","319","502","288","562","249","569","196","596","154","580","383","637","338","747","296","793","293","812","258","100","293"
"LT-0040-MV1-9.dw.png","285","230","320","225","362","317","366","249","386","154","463","318","532","353","517","325","565","287","525","262","580","220","573","165","594","126","617","343","672","292","769","244","812","238","821","200","142","328"
"LT-0041-MV10-1.dw.png","196","189","220","184","269","256","258","199","268","118","346","249","399","271","385","252","415","215","379","201","415","162","416","121","430"," 85","455","259","490","218","566","170","596","160","598","132"," 87","270"
"LT-0041-MV10-10.dw.png","196","181","219","180","262","254","263","202","270","117","335","256","390","287","377","265","408","232","382","215","419","179","422","136","441","104","449","279","489","244","565","202","599","197","607","169"," 87","250"
"LT-0041-MV10-11.dw.png","190","180","212","175","250","245","251","193","257","114","318","242","371","267","356","246","391","214","368","197","400","162","400","122","414"," 93","434","255","464","218","534","177","574","168","576","140"," 80","256"
"LT-0041-MV10-12.dw.png","194","188","219","183","261","250","256","200","259","122","332","242","387","268","371","248","407","213","375","198","405","163","405","120","418"," 87","442","256","476","215","549","167","582","156","585","127"," 91","269"
"LT-0041-MV10-13.dw.png","187","181","209","177","249","244","249","195","256","117","323","239","377","268","364","247","399","212","367","196","402","164","403","120","416"," 87","437","255","468","217","540","172","575","160","578","132"," 80","258"
"LT-0041-MV10-14.dw.png","185","172","214","172","255","245","256","196","263","115","324","248","375","278","362","256","393","225","371","209","405","176","408","135","425","103","428","273","470","238","548","200","582","195","592","170"," 73","234"
"LT-0041-MV10-15.dw.png","181","172","206","170","241","239","239","185","251","110","319","234","374","258","357","238","391","207","355","190","391","157","394","119","407"," 89","427","248","462","211","533","170","571","164","576","136"," 79","249"
"LT-0041-MV10-16.dw.png","178","167","205","163","245","232","240","180","246","106","318","228","369","255","355","233","388","202","352","184","391","154","394","116","406"," 85","426","245","460","206","530","170","565","161","571","134"," 76","244"
"LT-0041-MV10-17.dw.png","190","189","216","183","264","254","263","202","264","117","341","247","394","270","377","250","407","213","382","199","412","162","408","119","421"," 86","449","256","482","215","558","165","591","156","596","128"," 83","269"
"LT-0041-MV10-18.dw.png","189","178","217","175","259","243","258","193","261","111","332","241","382","267","370","248","401","212","378","197","407","158","408","119","422"," 87","435","257","474","219","549","175","582","166","588","139"," 77","250"
"LT-0041-MV10-19.dw.png","191","184","216","177","265","244","257","193","256","117","337","235","394","253","377","235","406","198","374","186","404","148","398","107","407"," 73","445","238","478","196","547","141","579","128","577","101"," 91","270"
"LT-0041-MV10-2.dw.png","181","165","204","163","235","236","242","184","253","105","309","238","366","263","349","242","384","211","360","194","398","159","400","120","416"," 89","426","253","462","220","541","178","577","172","586","146"," 69","233"
"LT-0041-MV10-20.dw.png","178","181","200","174","242","243","238","190","244","110","317","233","371","252","359","233","391","195","364","183","389","146","386","105","398"," 73","427","235","461","194","528","146","561","136","564","109"," 78","266"
"LT-0041-MV10-3.dw.png","189","181","216","176","254","245","257","194","257","115","330","240","386","265","370","244","395","209","372","196","402","160","400","119","414"," 87","441","253","478","214","543","168","579","159","587","133"," 85","257"
"LT-0041-MV10-4.dw.png","188","178","217","173","255","247","256","192","262","113","336","243","389","268","372","248","404","214","378","199","415","161","416","121","429"," 91","449","255","484","220","559","178","594","171","600","143"," 83","258"
"LT-0041-MV10-5.dw.png","196","184","220","182","253","258","255","202","266","126","329","259","377","289","365","268","402","236","374","217","412","183","416","142","431","113","437","283","476","248","552","214","588","207","596","180"," 80","254"
"LT-0041-MV10-6.dw.png","176","180","206","174","249","238","245","186","244","107","330","225","385","245","369","226","399","188","364","176","392","137","388"," 96","396"," 65","438","228","469","185","534","133","567","122","569"," 96"," 85","270"
"LT-0041-MV10-7.dw.png","187","175","212","172","250","242","248","189","258","111","321","238","374","263","361","242","395","211","366","195","400","161","399","122","411"," 92","431","252","465","214","537","177","570","167","575","141"," 79","251"
"LT-0041-MV10-8.dw.png","185","177","209","170","251","238","249","186","252","108","328","228","379","249","365","229","395","194","362","182","393","144","392","106","403"," 76","433","234","466","194","530","149","563","140","568","114"," 87","263"
"LT-0041-MV10-9.dw.png","184","164","211","161","248","235","249","182","263","105","324","235","379","264","367","244","405","213","365","194","402","162","409","123","427"," 92","435","255","476","219","550","183","584","178","589","150"," 79","232"
"LT-0042-MV17-1.dw.png","240","247","274","238","349","327","338","257","327","154","444","309","511","334","489","308","535","258","482","238","533","188","528","135","539"," 91","587","308","629","254","722","182","758","166","759","127","123","372"
"LT-0042-MV17-10.dw.png","248","251","278","242","353","331","330","260","329","160","444","318","515","343","495","320","543","270","489","250","535","201","532","147","544","100","592","320","634","264","716","202","766","181","770","144","119","370"
"LT-0042-MV17-11.dw.png","255","241","284","235","352","329","336","257","332","151","446","320","517","350","495","324","539","280","494","257","540","203","543","152","557","106","595","334","639","279","737","218","781","206","790","170","109","352"
"LT-0042-MV17-12.dw.png","242","259","279","251","351","337","336","267","331","165","446","319","514","347","492","320","535","269","487","252","534","198","528","146","540"," 99","583","321","627","259","715","186","761","168","760","127","124","382"
"LT-0042-MV17-13.dw.png","283","252","317","243","382","342","380","265","378","159","484","331","553","363","532","336","582","285","536","265","585","211","582","157","595","108","627","344","679","286","776","221","818","209","825","168","144","369"
"LT-0042-MV17-14.dw.png","249","248","279","241","345","337","333","266","337","163","437","329","503","363","483","335","537","289","488","268","541","218","538","162","551","117","581","344","628","290","722","227","767","211","774","173","120","360"
"LT-0042-MV17-15.dw.png","247","250","277","241","351","333","334","264","330","155","440","322","506","354","484","326","522","277","488","259","534","204","533","147","548","105","589","329","629","278","726","207","771","193","777","155","119","372"
"LT-0042-MV17-16.dw.png","258","253","293","245","363","342","362","270","346","161","459","333","527","365","506","339","557","289","499","264","554","213","556","158","571","110","601","346","650","289","740","222","790","208","797","166","123","374"
"LT-0042-MV17-17.dw.png","228","246","261","237","341","323","322","255","313","147","440","304","502","326","482","303","521","250","479","237","517","182","510","133","521"," 87","570","303","614","241","704","175","750","156","745","117","115","372"
"LT-0042-MV17-18.dw.png","239","237","276","228","354","318","329","245","324","147","452","304","522","330","503","305","544","254","494","236","537","186","532","136","542"," 92","597","305","639","245","726","175","771","157","771","118","119","363"
"LT-0042-MV17-19.dw.png","238","246","272","238","345","333","330","258","323","151","438","316","506","344","485","317","533","266","489","250","528","194","518","138","531"," 92","584","319","626","264","724","195","766","181","773","141","111","369"
"LT-0042-MV17-2.dw.png","244","234","277","227","349","314","335","247","327","146","432","300","498","326","481","301","531","253","486","238","529","187","517","133","529"," 89","582","302","623","248","719","185","766","168","768","131","112","344"
"LT-0042-MV17-20.dw.png","240","251","271","244","343","330","333","263","326","155","450","318","514","344","492","319","535","272","484","251","533","200","528","146","544","101","585","323","627","268","719","201","764","185","762","145","120","370"
"LT-0042-MV17-3.dw.png","253","234","286","232","349","328","343","258","348","152","438","324","505","358","486","330","542","290","497","265","545","217","544","158","565","113","583","341","632","293","733","236","781","223","793","186","111","339"
"LT-0042-MV17-4.dw.png","254","244","293","237","356","332","350","261","354","158","455","323","526","358","506","329","555","283","497","259","553","210","552","160","568","112","600","338","646","283","739","223","786","208","792","167","114","354"
"LT-0042-MV17-5.dw.png","252","241","280","232","359","326","346","254","344","143","455","313","524","342","503","315","552","267","495","246","548","193","548","136","564"," 90","607","316","645","264","734","194","776","178","782","139","123","357"
"LT-0042-MV17-6.dw.png","244","251","275","239","354","323","328","252","318","147","449","302","526","326","498","301","538","248","491","233","529","175","523","120","532"," 75","600","296","641","234","724","159","766","142","767","103","124","385"
"LT-0042-MV17-7.dw.png","263","261","295","248","374","332","352","262","339","157","463","310","535","334","510","309","554","254","505","242","546","186","532","129","540"," 83","608","302","648","242","738","167","784","146","783","107","140","389"
"LT-0042-MV17-8.dw.png","282","253","318","249","385","348","370","271","383","164","475","341","549","376","530","348","579","304","526","277","582","230","582","173","600","127","627","360","678","308","775","246","816","234","823","197","139","362"
"LT-0042-MV17-9.dw.png","268","230","301","230","364","336","355","259","368","154","453","340","514","384","502","353","555","312","503","280","556","240","565","188","587","145","591","373","647","325","749","274","795","266","804","231","122","320"
"LT-0043-MV5-1.dw.png","190","184","213","176","254","248","255","195","257","115","327","240","381","265","367","245","391","207","370","195","405","155","407","116","422"," 83","439","250","476","206","540","164","579","152","580","122"," 92","268"
"LT-0043-MV5-10.dw.png","186","161","211","159","253","233","252","181","262","104","320","230","375","260","361","237","395","206","365","189","405","155","408","116","423"," 85","437","249","473","209","542","171","579","163","587","136"," 78","234"
"LT-0043-MV5-11.dw.png","178","172","205","171","235","245","239","192","254","115","308","244","360","275","346","252","387","219","358","204","397","167","399","124","415"," 94","425","262","459","224","533","181","568","174","575","147"," 73","249"
"LT-0043-MV5-12.dw.png","189","167","213","166","235","243","246","190","265","113","312","246","364","279","353","256","394","226","367","207","405","173","413","132","430","101","429","272","466","236","541","201","576","194","586","165"," 72","236"
"LT-0043-MV5-13.dw.png","189","167","212","165","243","238","250","185","259","106","316","235","372","264","356","241","397","208","372","195","405","156","406","115","422"," 84","435","252","472","213","540","171","577","164","585","136"," 82","245"
"LT-0043-MV5-14.dw.png","191","161","214","160","245","241","255","184","269","105","321","244","374","278","359","254","405","223","376","204","415","168","419","127","435"," 98","437","270","479","232","550","194","584","188","591","159"," 72","226"
"LT-0043-MV5-15.dw.png","180","174","201","171","244","247","243","194","252","118","323","249","369","277","353","254","393","224","365","209","402","173","406","131","421","100","432","268","470","231","538","194","578","188","585","159"," 70","247"
"LT-0043-MV5-16.dw.png","186","169","210","167","239","240","244","188","256","110","311","238","366","269","351","246","390","214","365","197","402","159","406","120","421"," 89","426","258","466","218","537","177","574","171","580","143"," 77","241"
"LT-0043-MV5-17.dw.png","190","168","211","167","252","241","249","187","262","108","327","240","382","269","364","246","401","214","372","198","409","163","415","123","430"," 89","441","259","480","218","544","182","585","173","591","144"," 81","241"
"LT-0043-MV5-18.dw.png","185","191","207","187","247","255","259","205","251","124","329","247","383","265","367","247","395","209","370","198","403","157","401","117","412"," 83","443","247","479","203","541","154","577","140","577","112"," 83","278"
"LT-0043-MV5-19.dw.png","181","179","204","173","260","247","251","192","249","112","332","237","386","259","370","239","401","202","370","188","405","150","403","109","415"," 75","446","242","484","198","543","152","579","140","581","112"," 80","262"
"LT-0043-MV5-2.dw.png","180","173","200","169","247","234","241","182","243","106","326","224","377","247","360","225","394","190","357","178","392","139","388","100","399"," 69","432","231","469","185","529","139","565","128","569"," 99"," 86","260"
"LT-0043-MV5-20.dw.png","188","176","209","171","254","236","251","186","252","111","331","224","387","243","368","223","400","187","374","177","403","138","400","100","411"," 67","443","226","478","178","542","133","574","122","576"," 93"," 95","264"
"LT-0043-MV5-3.dw.png","177","191","198","183","256","249","251","198","239","113","327","235","385","254","366","236","398","194","361","183","394","140","389"," 99","399"," 65","443","232","475","183","538","132","570","117","572"," 86"," 88","288"
"LT-0043-MV5-4.dw.png","184","182","203","179","261","254","256","200","255","113","331","250","387","275","372","254","408","218","378","202","411","161","408","116","420"," 83","448","260","487","216","557","168","594","161","601","129"," 78","268"
"LT-0043-MV5-5.dw.png","189","178","215","175","253","250","259","196","261","113","333","246","382","269","368","249","400","214","372","197","412","161","415","119","429"," 86","441","256","484","212","549","172","586","162","590","132"," 83","255"
"LT-0043-MV5-6.dw.png","191","173","212","172","254","250","258","197","263","117","328","249","378","279","364","257","396","225","370","209","408","173","409","129","424"," 96","431","273","478","234","544","193","579","187","588","158"," 80","242"
"LT-0043-MV5-7.dw.png","180","196","203","190","257","256","241","203","246","124","330","245","383","264","368","244","396","208","359","194","394","156","391","116","403"," 84","442","244","473","200","536","151","571","137","575","109"," 89","289"
"LT-0043-MV5-8.dw.png","167","166","192","163","231","238","239","183","239","102","317","233","368","260","351","237","383","202","356","187","393","150","392","105","406"," 72","427","245","463","204","526","160","565","150","569","120"," 64","247"
"LT-0043-MV5-9.dw.png","149","182","167","176","221","243","212","192","213","111","297","231","351","254","332","233","365","196","333","183","364","143","359","102","369"," 69","412","233","446","189","509","140","544","127","546"," 99"," 55","273"
"LT-0044-MV6-1.dw.png","184","180","204","176","247","242","242","192","244","116","317","233","371","256","356","236","395","203","355","188","389","151","390","111","400"," 81","428","239","460","199","528","152","565","140","565","113"," 85","264"
"LT-0044-MV6-10.dw.png","185","177","209","171","252","241","243","186","253","109","328","231","375","250","362","233","403","199","368","186","400","147","397","109","408"," 76","437","234","471","198","535","158","577","147","581","121"," 86","261"
"LT-0044-MV6-11.dw.png","195","172","216","167","264","232","254","183","252","108","328","224","378","245","367","228","401","189","367","174","397","137","396"," 99","405"," 67","440","225","468","187","534","141","569","130","570","102"," 86","260"
"LT-0044-MV6-12.dw.png","151","179","173","175","216","243","209","192","217","114","283","236","343","261","327","241","362","207","328","190","367","155","368","115","381"," 81","400","246","437","207","512","159","550","149","554","121"," 39","255"
"LT-0044-MV6-13.dw.png","184","174","207","168","258","235","242","182","240","105","326","223","375","241","360","225","392","186","363","176","393","136","390"," 97","397"," 62","433","222","469","178","531","135","570","124","574"," 94"," 88","268"
"LT-0044-MV6-14.dw.png","180","168","205","166","245","237","244","185","252","108","315","231","371","257","357","236","396","204","363","187","398","150","398","112","410"," 79","430","244","466","207","541","161","579","151","581","122"," 65","241"
"LT-0044-MV6-15.dw.png","184","176","206","171","248","235","246","185","246","107","318","223","377","243","358","223","394","188","360","174","396","138","393"," 97","403"," 63","435","224","468","182","538","130","570","119","568"," 90"," 80","261"
"LT-0044-MV6-16.dw.png","188","181","211","176","259","242","245","188","247","112","327","230","385","246","368","229","405","192","364","179","397","142","395","101","402"," 68","443","226","473","185","536","137","574","124","575"," 94"," 90","277"
"LT-0044-MV6-17.dw.png","190","175","210","170","252","237","245","185","249","110","324","230","377","254","363","236","407","202","362","185","397","150","396","109","408"," 78","436","239","472","198","541","155","577","145","580","119"," 83","254"
"LT-0044-MV6-18.dw.png","185","179","207","174","260","233","247","185","244","107","326","215","382","234","364","214","391","177","361","168","391","127","380"," 89","390"," 54","438","212","467","169","532","114","563","101","559"," 74"," 96","275"
"LT-0044-MV6-19.dw.png","179","174","201","168","252","234","238","183","240","106","320","221","370","239","354","222","385","184","363","176","388","135","384"," 96","389"," 64","430","220","463","177","524","135","560","123","563"," 95"," 86","264"
"LT-0044-MV6-2.dw.png","192","165","212","162","255","239","249","185","270","109","321","239","372","268","359","246","400","219","367","198","404","166","408","127","422"," 96","428","261","465","224","538","189","578","184","587","156"," 76","229"
"LT-0044-MV6-20.dw.png","179","179","198","173","253","239","238","186","239","110","318","228","374","248","355","228","393","191","358","179","389","141","384","103","390"," 70","427","230","460","187","525","138","563","127","564"," 98"," 79","265"
"LT-0044-MV6-3.dw.png","176","182","199","175","251","235","237","188","236","111","318","224","370","242","354","223","387","186","353","175","379","137","372"," 98","383"," 64","423","223","455","180","523","132","557","118","558"," 90"," 88","271"
"LT-0044-MV6-4.dw.png","192","174","214","171","271","239","256","187","256","109","338","230","384","251","372","233","409","196","373","180","406","141","405","103","415"," 67","450","232","482","191","549","143","588","131","590","102"," 83","263"
"LT-0044-MV6-5.dw.png","182","191","203","185","250","249","245","199","240","124","318","236","374","255","357","236","387","197","357","187","386","149","379","107","390"," 74","436","234","468","191","530","142","567","130","567","103"," 86","283"
"LT-0044-MV6-6.dw.png","189","182","215","178","256","244","252","193","258","115","330","237","380","261","362","241","395","206","363","190","398","155","396","115","406"," 81","441","245","474","205","540","158","576","151","574","120"," 92","266"
"LT-0044-MV6-7.dw.png","186","181","209","177","262","243","247","193","248","117","330","236","378","259","365","238","401","204","363","189","396","154","394","116","406"," 84","437","242","473","202","537","154","576","144","574","115"," 82","262"
"LT-0044-MV6-8.dw.png","198","174","221","169","256","234","256","186","256","114","319","230","372","253","360","236","400","206","365","188","398","153","396","114","406"," 82","432","242","469","206","535","163","569","153","573","126"," 81","246"
"LT-0044-MV6-9.dw.png","189","173","213","170","260","236","256","188","260","109","324","232","382","256","366","237","405","205","369","185","408","153","407","112","422"," 78","440","244","481","206","553","160","590","150","591","121"," 80","249"
"LT-0045-SV01-1.dw.png","178","180","199","172","245","235","242","185","236","109","322","217","375","232","361","216","383","180","352","169","382","131","378"," 94","387"," 60","426","214","453","171","518","123","552","110","552"," 82"," 87","270"
"LT-0045-SV01-10.dw.png","192","167","212","165","251","238","255","185","261","106","319","237","367","262","356","244","394","211","368","195","403","161","407","120","420"," 89","431","252","466","217","541","177","572","171","577","143"," 74","238"
"LT-0045-SV01-11.dw.png","184","161","208","161","248","232","243","179","255","104","321","231","367","257","358","239","391","208","359","190","394","155","399","118","412"," 88","425","248","465","214","533","177","568","174","577","148"," 76","228"
"LT-0045-SV01-12.dw.png","182","178","207","171","260","234","250","185","244","108","323","223","376","242","361","224","390","186","364","175","394","133","391"," 96","400"," 64","438","223","469","180","533","131","563","120","564"," 92"," 84","266"
"LT-0045-SV01-13.dw.png","182","169","206","164","243","236","245","184","255","108","317","236","363","263","352","242","386","212","362","195","398","163","404","125","419"," 93","428","255","467","220","545","182","578","176","586","150"," 77","240"
"LT-0045-SV01-14.dw.png","181","176","203","171","250","237","243","186","243","109","316","229","369","249","356","231","388","194","353","181","390","142","389","102","401"," 73","430","230","463","189","537","139","565","131","569","104"," 79","263"
"LT-0045-SV01-15.dw.png","183","167","207","161","241","228","242","179","250","103","313","224","362","247","349","228","388","196","357","181","393","145","393","107","407"," 76","423","234","455","198","527","155","564","148","569","122"," 88","246"
"LT-0045-SV01-16.dw.png","181","178","205","171","258","235","246","181","241","106","324","220","377","236","360","218","394","179","357","168","393","129","387"," 88","396"," 58","435","212","463","170","533","119","561","109","566"," 81"," 88","271"
"LT-0045-SV01-17.dw.png","187","184","209","178","262","243","249","191","247","116","330","231","377","252","365","234","396","199","361","184","391","144","389","106","400"," 75","434","234","467","192","536","145","569","135","573","107"," 87","268"
"LT-0045-SV01-18.dw.png","187","175","206","170","253","240","247","184","252","108","325","232","373","251","358","234","393","197","367","182","396","147","394","109","407"," 78","428","237","464","198","539","150","567","143","571","116"," 79","260"
"LT-0045-SV01-19.dw.png","179","171","205","169","240","237","245","187","250","109","313","234","362","260","349","239","387","207","359","190","395","156","398","115","411"," 83","421","247","454","211","534","166","567","158","573","130"," 81","247"
"LT-0045-SV01-2.dw.png","182","174","205","167","254","231","243","180","238","107","321","221","374","237","360","219","390","183","353","171","388","131","385"," 93","396"," 65","433","216","462","175","530","127","559","117","564"," 91"," 84","263"
"LT-0045-SV01-20.dw.png","180","174","201","170","243","242","241","187","246","110","315","234","368","257","354","238","388","202","355","188","389","149","392","112","406"," 81","425","243","461","202","534","156","566","149","574","123"," 78","259"
"LT-0045-SV01-3.dw.png","187","168","207","165","252","236","250","184","254","106","324","230","373","258","359","237","395","206","370","189","402","155","403","117","417"," 84","433","247","473","210","548","171","580","164","588","137"," 84","246"
"LT-0045-SV01-4.dw.png","187","177","209","173","248","244","246","191","250","116","315","239","366","266","355","245","392","214","360","197","395","164","400","125","413"," 95","426","255","468","216","542","178","572","173","578","147"," 80","254"
"LT-0045-SV01-5.dw.png","186","170","208","165","244","235","250","184","259","107","324","232","372","260","357","238","393","203","367","189","399","152","400","112","416"," 80","431","245","470","207","547","163","580","157","587","130"," 75","244"
"LT-0045-SV01-6.dw.png","183","151","205","151","239","226","241","174","261","101","306","234","350","266","341","244","380","218","353","196","395","171","404","132","422","103","412","264","459","231","540","204","567","202","577","176"," 70","212"
"LT-0045-SV01-7.dw.png","196","158","220","157","256","229","257","178","271","105","321","234","370","261","358","242","394","210","371","193","409","163","411","123","427"," 95","431","257","472","219","539","189","577","187","585","161"," 79","223"
"LT-0045-SV01-8.dw.png","186","175","210","171","249","241","249","189","252","111","322","236","375","260","361","241","397","206","363","188","405","158","405","114","418"," 81","435","248","471","210","546","160","578","151","584","123"," 81","255"
"LT-0045-SV01-9.dw.png","185","166","205","163","249","231","246","181","252","106","313","225","367","247","353","229","385","196","357","181","389","146","392","111","408"," 80","423","235","459","198","532","157","565","151","571","123"," 77","246"
"LT-0046-SV02-1.dw.png","178","183","199","176","248","239","240","188","235","110","321","224","373","240","352","223","380","181","359","173","388","130","385"," 92","396"," 57","432","217","460","172","531","116","564","106","562"," 74"," 86","277"
"LT-0046-SV02-10.dw.png","178","180","201","174","244","240","244","188","243","113","322","230","377","251","362","232","388","194","361","184","394","146","393","108","404"," 73","436","235","471","192","533","146","579","134","582","106"," 77","263"
"LT-0046-SV02-11.dw.png","177","177","199","170","244","239","239","187","239","110","320","229","369","249","357","229","383","193","358","182","387","144","381","105","394"," 72","427","229","454","189","515","142","552","127","556","101"," 82","262"
"LT-0046-SV02-12.dw.png","171","184","194","179","236","245","235","194","233","117","311","236","363","256","348","237","380","200","355","189","384","149","385","114","395"," 82","422","240","455","197","524","152","560","141","561","114"," 81","276"
"LT-0046-SV02-13.dw.png","189","181","208","177","249","249","255","196","258","117","326","245","381","270","366","250","399","215","373","202","408","165","412","126","424"," 93","442","259","478","219","551","177","587","171","594","144"," 82","259"
"LT-0046-SV02-14.dw.png","180","162","201","161","230","232","243","183","258","107","312","233","362","262","350","241","387","212","362","196","393","164","398","124","415"," 94","417","256","452","221","526","187","563","180","566","151"," 75","229"
"LT-0046-SV02-15.dw.png","193","173","210","169","252","243","255","187","261","112","331","237","382","261","370","241","408","205","378","192","410","154","415","116","426"," 83","442","247","481","208","552","164","583","155","592","129"," 83","250"
"LT-0046-SV02-16.dw.png","186","180","207","175","259","245","259","192","255","113","337","235","388","255","374","236","404","199","376","186","405","148","404","108","411"," 73","442","238","475","197","546","147","581","138","586","108"," 88","263"
"LT-0046-SV02-17.dw.png","179","182","199","175","244","244","242","190","239","111","321","231","375","250","356","231","389","192","366","181","391","141","390","100","399"," 67","432","231","465","188","534","137","570","126","571"," 97"," 85","274"
"LT-0046-SV02-18.dw.png","181","177","200","171","255","238","251","185","242","105","325","227","380","244","364","226","392","187","370","177","399","136","398"," 97","405"," 67","439","225","471","182","537","136","571","125","578"," 97"," 85","269"
"LT-0046-SV02-19.dw.png","180","181","200","174","245","241","245","187","241","108","318","227","370","246","353","226","383","186","355","176","379","137","375"," 98","386"," 63","424","226","457","181","527","130","557","119","560"," 91"," 82","271"
"LT-0046-SV02-2.dw.png","177","180","197","175","248","240","237","189","238","114","315","229","369","246","351","227","385","192","347","179","380","142","379","104","391"," 72","422","227","452","184","511","140","550","125","548"," 97"," 88","273"
"LT-0046-SV02-20.dw.png","175","182","195","175","256","233","234","183","225","110","315","216","367","229","350","214","374","175","347","166","373","125","369"," 89","378"," 56","421","205","441","167","499","110","538"," 93","540"," 66"," 85","285"
"LT-0046-SV02-3.dw.png","180","186","201","181","238","250","243","200","249","119","310","245","363","267","349","247","382","213","356","200","387","163","389","123","402"," 89","418","255","451","213","522","173","558","162","562","134"," 79","262"
"LT-0046-SV02-4.dw.png","185","172","209","172","246","248","249","193","260","114","317","247","367","273","356","253","393","220","365","204","402","168","406","126","420"," 94","426","264","467","227","546","185","574","179","576","149"," 72","249"
"LT-0046-SV02-5.dw.png","183","165","204","165","234","239","241","188","259","115","309","246","356","279","347","257","384","227","360","210","398","178","404","140","421","110","420","274","457","243","534","205","568","203","578","177"," 70","224"
"LT-0046-SV02-6.dw.png","180","175","200","170","258","238","242","187","243","112","327","232","378","255","364","236","399","202","364","187","399","153","399","113","407"," 83","434","243","468","204","538","158","573","148","578","121"," 80","254"
"LT-0046-SV02-7.dw.png","186","176","208","172","254","242","253","188","255","106","324","234","376","256","362","236","394","197","365","185","400","145","401","107","414"," 73","436","240","468","195","538","147","575","136","580","109"," 82","266"
"LT-0046-SV02-8.dw.png","183","183","201","176","251","239","241","187","239","118","317","226","375","246","355","226","380","190","355","177","392","140","390","102","398"," 69","432","229","460","185","529","137","571","121","570"," 94"," 89","279"
"LT-0046-SV02-9.dw.png","189","188","210","182","259","249","255","197","250","115","341","236","393","254","375","235","407","196","371","185","407","144","402","103","411"," 66","454","232","482","189","552","137","584","126","585"," 96"," 87","279"
"LT-0047-SV04-1.dw.png","190","179","207","173","262","244","258","192","257","113","329","238","385","260","369","240","402","204","376","188","408","153","405","116","416"," 82","444","243","475","202","540","159","574","146","580","120"," 89","262"
"LT-0047-SV04-10.dw.png","183","179","206","174","256","239","247","186","249","112","335","227","382","246","368","228","397","190","366","178","396","137","395"," 98","406"," 66","441","227","474","185","541","135","574","122","576"," 95"," 88","269"
"LT-0047-SV04-11.dw.png","183","179","205","173","247","235","248","186","243","112","323","222","375","241","360","223","388","188","361","176","390","139","384","100","392"," 66","434","222","463","181","523","134","554","119","557"," 95"," 85","267"
"LT-0047-SV04-12.dw.png","189","184","207","177","258","243","251","189","249","111","335","229","388","244","371","227","397","187","371","178","399","135","398"," 96","410"," 64","441","224","470","180","533","129","566","113","568"," 87"," 89","279"
"LT-0047-SV04-13.dw.png","177","185","200","178","247","241","235","187","236","112","323","226","369","245","355","228","388","188","360","178","388","139","384","100","390"," 66","429","225","461","180","521","133","552","124","553"," 97"," 90","279"
"LT-0047-SV04-14.dw.png","147","178","170","173","225","245","221","196","213","115","296","239","348","262","336","243","363","208","336","193","371","157","370","117","381"," 85","409","249","444","208","510","164","545","154","549","125"," 48","257"
"LT-0047-SV04-15.dw.png","177","179","201","175","255","238","244","188","234","113","324","224","374","242","359","223","390","187","356","176","386","137","382"," 98","391"," 66","431","222","460","180","523","131","557","117","560"," 90"," 87","272"
"LT-0047-SV04-16.dw.png","187","184","205","179","265","246","256","195","245","114","336","234","387","254","370","235","400","199","374","188","404","147","399","108","410"," 75","444","237","476","195","542","147","575","136","574","107"," 89","274"
"LT-0047-SV04-17.dw.png","181","188","200","183","254","250","242","197","242","117","328","239","379","258","362","242","395","200","365","189","396","147","393","109","407"," 71","438","240","473","195","540","143","574","134","574","103"," 83","279"
"LT-0047-SV04-18.dw.png","182","175","201","172","244","246","244","193","248","115","318","241","370","265","357","246","391","210","363","196","397","158","397","119","413"," 85","432","251","467","212","531","172","567","164","570","135"," 78","255"
"LT-0047-SV04-19.dw.png","194","187","218","182","265","250","260","199","261","119","342","240","391","262","379","243","411","207","379","192","412","154","411","112","424"," 80","452","246","486","206","553","157","590","145","593","116"," 94","274"
"LT-0047-SV04-2.dw.png","186","197","207","187","274","248","261","197","242","117","344","230","400","242","380","225","408","184","376","175","400","131","391"," 93","397"," 58","458","214","484","167","539","112","571"," 97","566"," 68","102","300"
"LT-0047-SV04-20.dw.png","183","170","205","166","252","233","255","186","248","103","325","223","378","244","363","225","392","192","358","179","393","145","389","106","404"," 71","437","229","468","190","533","147","570","136","570","109"," 89","257"
"LT-0047-SV04-3.dw.png","178","186","198","179","260","237","240","188","227","111","333","218","381","232","367","216","390","177","355","169","383","125","374"," 86","383"," 52","434","209","461","166","522","111","551"," 96","551"," 69"," 93","286"
"LT-0047-SV04-4.dw.png","182","181","200","175","263","242","255","191","240","112","328","230","386","248","368","230","397","190","366","179","394","139","389","100","399"," 68","440","229","469","186","530","138","567","123","567"," 95"," 93","276"
"LT-0047-SV04-5.dw.png","182","189","199","181","259","238","243","189","227","115","328","219","381","232","365","215","392","174","361","167","385","123","374"," 85","379"," 51","434","207","463","163","521","107","554"," 90","554"," 63"," 89","288"
"LT-0047-SV04-6.dw.png","184","177","202","173","245","245","242","192","246","113","318","236","373","257","361","238","387","199","357","187","388","150","386","111","400"," 77","430","241","468","196","520","155","563","140","566","113"," 78","261"
"LT-0047-SV04-7.dw.png","186","188","210","181","265","247","248","194","246","117","338","232","393","249","376","229","407","191","371","179","400","138","398"," 99","408"," 65","450","227","479","184","544","129","577","115","577"," 85"," 90","280"
"LT-0047-SV04-8.dw.png","189","190","207","184","274","247","258","195","242","113","349","229","400","244","380","226","404","184","380","177","405","134","399"," 93","406"," 61","457","218","483","173","541","120","573","106","571"," 78"," 98","288"
"LT-0047-SV04-9.dw.png","182","174","204","168","262","234","253","183","240","102","334","220","384","238","367","218","393","181","364","172","389","132","385"," 91","398"," 57","439","219","471","172","526","125","562","110","564"," 83"," 88","266"
"LT-0048-SV05-1.dw.png","179","181","200","175","253","239","251","189","239","111","322","226","379","244","362","227","395","188","356","175","385","134","379"," 96","389"," 64","430","224","459","182","528","129","559","115","562"," 90"," 85","273"
"LT-0048-SV05-10.dw.png","192","181","212","175","263","244","252","189","252","112","334","235","388","255","372","236","405","200","363","184","401","147","398","108","409"," 77","443","237","476","196","540","147","579","134","581","109"," 85","264"
"LT-0048-SV05-11.dw.png","183","182","209","178","258","245","250","193","242","115","334","236","383","255","369","236","405","200","364","185","396","144","391","103","399"," 71","438","238","467","197","539","142","569","132","573","104"," 87","272"
"LT-0048-SV05-12.dw.png","185","171","208","166","258","237","248","183","249","110","333","230","378","252","360","232","394","198","361","181","394","147","391","107","400"," 75","434","238","466","196","525","153","562","141","571","113"," 86","259"
"LT-0048-SV05-13.dw.png","189","182","210","176","266","240","257","191","244","111","336","227","385","245","367","226","393","189","366","180","391","139","389"," 98","395"," 64","441","224","467","181","526","129","565","113","566"," 84"," 92","273"
"LT-0048-SV05-14.dw.png","191","172","213","169","259","244","251","188","262","112","327","242","379","266","365","246","400","213","370","197","404","159","407","119","419"," 86","433","256","468","220","545","175","582","167","590","141"," 83","253"
"LT-0048-SV05-15.dw.png","179","183","201","177","256","245","238","191","237","112","325","233","376","252","356","233","389","193","349","182","383","140","379","101","389"," 67","431","232","459","187","524","135","560","118","563"," 91"," 80","273"
"LT-0048-SV05-16.dw.png","194","181","218","177","265","250","261","198","264","115","342","245","391","271","378","249","413","214","383","199","413","159","413","119","424"," 86","448","258","485","218","559","171","588","164","595","133"," 88","262"
"LT-0048-SV05-17.dw.png","187","171","209","169","250","244","244","188","252","111","320","244","368","267","355","249","395","216","355","197","391","161","396","121","410"," 90","428","255","466","217","532","175","573","165","581","142"," 79","249"
"LT-0048-SV05-18.dw.png","178","174","203","169","247","236","249","184","244","107","326","227","375","245","358","228","395","193","357","177","386","138","383","101","393"," 68","429","229","458","191","529","139","557","128","561"," 99"," 87","263"
"LT-0048-SV05-19.dw.png","182","171","202","166","245","239","248","190","248","113","317","238","363","262","351","242","386","209","352","192","388","159","395","119","407"," 89","417","250","452","214","520","170","556","160","562","134"," 80","249"
"LT-0048-SV05-2.dw.png","187","167","206","164","251","243","250","191","257","114","321","246","365","273","354","253","394","222","365","201","405","170","407","131","419","101","425","266","463","231","536","191","575","184","583","157"," 79","235"
"LT-0048-SV05-20.dw.png","174","184","196","176","249","243","238","191","235","113","320","227","372","243","356","227","382","186","354","177","382","135","377"," 95","385"," 62","428","222","456","179","522","126","552","112","552"," 84"," 80","277"
"LT-0048-SV05-3.dw.png","186","170","212","166","257","236","252","186","250","110","332","229","382","250","367","230","397","195","373","181","408","145","405","107","414"," 75","444","234","476","195","546","150","581","139","586","113"," 85","253"
"LT-0048-SV05-4.dw.png","187","183","206","177","264","245","250","190","246","112","333","233","385","253","367","233","398","197","360","184","395","142","390","102","399"," 69","440","233","472","190","538","136","571","123","573"," 97"," 85","275"
"LT-0048-SV05-5.dw.png","167","178","188","169","258","230","239","180","226","103","326","215","373","229","359","211","390","172","349","161","377","121","369"," 80","372"," 48","432","204","458","160","516","107","553"," 89","554"," 62"," 91","278"
"LT-0048-SV05-6.dw.png","180","180","196","174","255","238","248","189","234","111","323","226","372","244","357","225","389","186","352","174","385","135","383"," 96","388"," 64","430","222","456","179","517","130","556","114","559"," 87"," 91","277"
"LT-0048-SV05-7.dw.png","195","176","217","172","269","245","258","190","262","111","334","240","388","264","372","244","408","207","381","192","412","155","410","115","420"," 80","442","251","476","212","546","162","589","152","597","123"," 91","259"
"LT-0048-SV05-8.dw.png","183","180","201","176","254","243","239","188","241","114","322","233","373","253","356","235","393","195","351","182","383","141","382","103","391"," 72","430","232","463","188","521","139","558","123","560"," 99"," 76","269"
"LT-0048-SV05-9.dw.png","190","188","210","180","271","242","249","187","237","112","341","222","392","233","376","218","406","174","366","168","392","124","382"," 86","386"," 54","445","207","476","159","528","103","561"," 85","559"," 59"," 92","293"
"LT-0049-SV06-1.dw.png","180","170","207","168","252","242","256","190","258","109","332","240","385","271","369","246","408","214","381","200","415","165","412","122","427"," 90","448","260","485","221","563","180","596","175","597","145"," 83","244"
"LT-0049-SV06-10.dw.png","189","171","213","167","249","240","251","186","263","113","320","241","375","269","359","248","401","217","372","199","411","166","413","124","427"," 94","438","259","478","225","555","183","589","177","592","149"," 85","251"
"LT-0049-SV06-11.dw.png","182","176","205","171","246","238","244","189","249","114","313","233","367","258","353","238","385","204","357","189","397","155","397","117","409"," 86","428","245","462","210","539","166","576","159","578","131"," 80","253"
"LT-0049-SV06-12.dw.png","183","173","207","167","259","235","246","183","249","105","327","227","381","248","363","228","399","194","367","178","402","143","402","106","411"," 75","436","233","467","196","545","142","575","133","576","106"," 88","260"
"LT-0049-SV06-13.dw.png","183","171","205","166","253","233","245","182","250","108","321","225","372","248","355","228","387","195","364","183","397","146","390","107","403"," 74","430","234","462","196","533","152","568","143","571","115"," 88","252"
"LT-0049-SV06-14.dw.png","185","180","206","175","253","248","258","198","256","112","322","241","379","268","360","245","394","212","369","198","402","161","400","120","416"," 84","437","255","473","216","549","170","583","162","583","132"," 83","261"
"LT-0049-SV06-15.dw.png","198","173","221","169","270","244","260","189","267","110","334","242","385","269","370","248","408","216","387","200","422","165","424","126","437"," 94","449","259","485","224","560","180","593","174","602","146"," 87","248"
"LT-0049-SV06-16.dw.png","184","185","207","180","257","248","251","197","251","116","325","242","380","264","362","245","400","209","367","193","400","158","400","116","416"," 83","442","250","476","210","552","164","584","155","585","127"," 85","267"
"LT-0049-SV06-17.dw.png","188","170","212","168","253","241","252","190","262","111","326","242","376","270","363","250","397","218","371","201","402","168","406","128","425"," 97","438","261","475","227","555","185","586","182","589","154"," 84","242"
"LT-0049-SV06-18.dw.png","182","172","206","170","245","241","246","191","259","111","313","241","363","273","349","250","385","217","363","203","401","165","401","125","421"," 92","429","263","466","228","546","184","575","178","580","148"," 78","245"
"LT-0049-SV06-19.dw.png","182","171","204","169","248","240","242","188","246","110","311","238","368","265","355","245","386","211","361","194","394","161","398","123","412"," 89","429","254","463","218","541","175","574","170","576","142"," 74","243"
"LT-0049-SV06-2.dw.png","188","165","212","162","255","235","246","182","254","108","315","235","370","263","356","242","386","211","361","194","399","162","401","122","418"," 92","432","254","466","220","548","180","584","174","589","148"," 84","236"
"LT-0049-SV06-20.dw.png","179","167","203","164","248","237","250","187","253","108","325","235","377","265","360","242","401","213","372","196","405","162","406","122","419"," 91","439","254","473","218","550","178","585","172","586","144"," 76","242"
"LT-0049-SV06-3.dw.png","187","166","209","162","255","234","251","182","259","106","327","231","377","258","362","236","396","203","369","189","402","156","401","117","417"," 84","436","246","469","209","546","165","578","158","584","132"," 87","242"
"LT-0049-SV06-4.dw.png","180","181","206","177","262","246","250","194","250","116","327","239","385","264","368","245","397","207","369","193","399","155","400","116","414"," 81","444","249","479","208","550","160","584","153","587","125"," 87","265"
"LT-0049-SV06-5.dw.png","194","171","219","167","266","242","258","188","266","108","335","240","387","267","372","246","408","213","382","196","419","160","420","120","433"," 89","448","256","488","219","563","177","590","169","598","142"," 85","248"
"LT-0049-SV06-6.dw.png","194","176","220","170","265","241","256","189","264","112","333","237","390","263","377","242","409","208","381","192","415","157","417","118","432"," 86","454","250","488","213","565","166","599","160","605","133"," 93","249"
"LT-0049-SV06-7.dw.png","186","177","209","172","256","240","245","187","252","110","323","235","374","260","357","239","391","207","362","191","401","157","404","117","417"," 88","433","248","463","214","539","164","570","158","571","130"," 87","257"
"LT-0049-SV06-8.dw.png","191","169","213","165","262","238","253","185","262","106","331","235","379","260","364","239","399","206","375","191","411","156","412","116","424"," 87","437","249","474","213","547","167","579","160","587","135"," 83","246"
"LT-0049-SV06-9.dw.png","183","186","202","180","258","247","253","198","246","115","324","235","380","258","361","237","391","201","367","190","396","149","392","110","407"," 76","440","239","473","197","544","148","574","136","573","107"," 85","277"
"LT-0050-SV08-10.dw.png","194","186","213","177","275","242","265","190","246","108","338","225","396","239","376","223","402","183","374","170","403","131","398"," 93","405"," 59","452","217","474","176","531","123","572","107","575"," 79","102","289"
"LT-0050-SV08-11.dw.png","197","176","217","172","281","249","276","197","265","113","345","246","394","272","378","252","411","216","384","198","421","163","426","126","436"," 92","453","260","489","221","557","179","595","170","601","141"," 83","258"
"LT-0050-SV08-12.dw.png","197","185","214","179","273","248","266","195","260","114","343","234","398","255","382","235","410","196","382","184","413","145","409","107","419"," 70","458","234","489","192","550","141","585","127","589"," 99","102","274"
"LT-0050-SV08-13.dw.png","196","177","217","171","284","243","268","191","260","109","343","234","399","257","381","238","413","200","380","184","416","145","418","107","426"," 74","457","239","490","197","549","149","591","135","596","107"," 89","268"
"LT-0050-SV08-14.dw.png","194","191","212","184","277","252","261","196","254","115","347","238","401","255","384","237","418","195","384","182","414","140","410","101","417"," 63","462","233","493","188","555","132","591","118","592"," 87"," 96","289"
"LT-0050-SV08-15.dw.png","182","200","203","189","266","250","257","197","233","117","340","224","395","236","376","219","399","176","370","168","393","125","381"," 86","384"," 48","447","207","471","162","527"," 94","560"," 77","557"," 49","101","304"
"LT-0050-SV08-16.dw.png","188","190","204","183","283","243","263","194","251","112","345","228","400","245","380","227","411","185","370","176","404","132","395"," 95","404"," 56","452","222","483","175","539","120","575","106","578"," 75"," 98","289"
"LT-0050-SV08-17.dw.png","188","191","210","186","268","259","263","204","252","122","346","247","399","268","379","247","408","209","379","196","412","157","408","116","418"," 81","455","250","486","207","550","153","585","140","584","109"," 95","281"
"LT-0050-SV08-18.dw.png","187","192","208","182","273","248","263","195","241","115","345","230","398","249","378","229","410","188","370","177","403","134","397"," 95","402"," 60","454","224","485","180","541","127","579","110","579"," 82"," 97","277"
"LT-0050-SV08-19.dw.png","190","190","209","179","275","240","262","188","238","111","341","221","397","235","378","218","406","176","365","164","396","123","391"," 85","395"," 51","451","211","481","164","530","108","562"," 90","560"," 62","104","292"
"LT-0050-SV08-2.dw.png","186","176","204","172","263","244","259","192","242","110","327","239","378","264","361","243","398","209","369","193","400","157","401","119","409"," 86","436","252","471","212","535","168","573","160","580","135"," 88","260"
"LT-0050-SV08-20.dw.png","192","172","209","168","257","236","270","191","255","113","332","232","381","259","366","237","400","205","373","188","402","156","401","119","417"," 86","438","246","472","209","533","165","567","156","572","128"," 89","250"
"LT-0050-SV08-3.dw.png","191","191","210","184","268","248","264","198","248","120","339","235","392","255","373","235","399","196","370","184","396","142","391","104","399"," 69","446","233","477","189","534","134","562","122","560"," 91"," 96","281"
"LT-0050-SV08-4.dw.png","184","189","206","180","270","247","263","197","247","116","337","235","389","255","373","236","401","199","371","184","398","147","394","109","406"," 75","446","235","479","194","538","142","571","131","569","103"," 93","279"
"LT-0050-SV08-5.dw.png","183","175","201","170","268","242","260","191","241","108","332","233","386","257","369","236","403","201","375","186","407","150","405","110","413"," 74","443","241","476","204","546","154","579","142","579","114"," 88","262"
"LT-0050-SV08-6.dw.png","188","178","209","172","260","239","265","191","249","111","333","231","381","256","368","236","400","202","370","185","397","149","396","112","406"," 78","440","239","474","200","532","156","565","144","568","116"," 91","261"
"LT-0050-SV08-7.dw.png","189","188","210","180","265","248","266","196","255","115","336","237","386","261","371","240","400","203","371","187","402","150","400","113","412"," 78","444","242","478","200","538","153","569","141","573","113"," 94","275"
"LT-0050-SV08-8.dw.png","182","189","204","181","260","247","254","196","241","115","330","234","382","253","366","235","396","196","369","184","397","141","391","105","399"," 70","440","231","469","189","529","134","561","122","565"," 96"," 82","274"
"LT-0050-SV08-9.dw.png","191","188","216","183","279","263","273","208","265","121","347","258","398","285","385","262","422","225","391","209","422","170","422","126","434"," 93","463","270","503","226","569","180","604","172","609","141"," 91","268"
"LT-0051-SV09-1.dw.png","247","243","284","239","335","332","344","263","348","156","436","323","512","354","489","327","530","277","506","262","545","207","541","156","558","107","591","333","637","279","735","213","786","194","786","158","113","354"
"LT-0051-SV09-10.dw.png","257","221","288","218","331","319","335","246","358","146","428","323","495","362","477","334","530","294","495","271","543","228","547","175","566","131","572","355","620","315","733","260","774","254","789","220","100","301"
"LT-0051-SV09-11.dw.png","252","222","291","219","336","323","343","253","366","153","437","333","505","377","489","346","540","308","509","283","560","238","562","183","584","144","582","370","636","327","752","273","795","268","802","230"," 98","300"
"LT-0051-SV09-12.dw.png","240","215","278","215","325","315","329","245","350","149","423","321","488","364","470","332","514","292","484","272","535","229","541","176","562","138","563","355","610","313","724","260","768","255","777","220"," 92","301"
"LT-0051-SV09-13.dw.png","244","217","279","216","320","318","333","250","353","148","425","326","492","366","477","337","520","299","485","274","540","229","544","178","567","140","566","360","614","317","729","262","769","256","780","219"," 96","303"
"LT-0051-SV09-14.dw.png","242","233","275","230","322","326","330","258","350","154","431","328","500","365","480","336","523","293","496","274","543","224","543","171","561","130","574","354","622","306","728","246","774","238","782","200"," 99","325"
"LT-0051-SV09-15.dw.png","244","210","276","212","315","313","330","247","353","147","411","325","474","371","460","341","511","303","482","283","526","239","533","189","558","151","547","370","606","326","717","279","761","277","774","245"," 93","283"
"LT-0051-SV09-16.dw.png","241","216","271","217","316","321","325","254","345","150","413","331","475","375","457","344","510","309","485","290","531","240","537","187","559","148","556","370","606","331","718","281","760","278","777","244"," 89","292"
"LT-0051-SV09-17.dw.png","250","218","283","214","318","314","341","247","360","142","425","324","497","363","477","333","523","291","491","269","546","222","548","170","570","129","570","355","618","311","736","249","781","242","793","206","100","302"
"LT-0051-SV09-18.dw.png","243","229","273","226","316","320","326","254","344","146","418","317","490","357","469","326","519","282","487","262","533","216","531","163","550","122","564","347","624","291","716","239","771","229","784","193"," 94","322"
"LT-0051-SV09-19.dw.png","246","219","277","217","311","316","339","256","353","149","418","328","484","371","469","339","513","300","490","279","539","235","541","184","566","144","559","363","613","323","724","269","771","265","782","230"," 96","298"
"LT-0051-SV09-2.dw.png","248","227","277","223","325","318","336","250","343","143","430","313","502","346","484","320","529","274","489","254","535","204","528","152","548","108","574","330","626","280","722","221","768","207","770","168","108","331"
"LT-0051-SV09-20.dw.png","245","208","279","211","306","309","327","245","350","149","405","319","472","366","456","334","510","296","480","275","530","237","536","186","558","148","552","361","601","317","695","274","746","271","763","237"," 90","284"
"LT-0051-SV09-3.dw.png","255","232","292","228","339","323","341","254","351","149","435","318","505","349","490","324","538","277","509","260","546","210","545","153","564","108","589","333","633","284","738","216","786","205","794","166","118","337"
"LT-0051-SV09-4.dw.png","251","228","282","223","345","315","341","245","345","144","443","308","511","337","491","312","527","267","500","251","539","199","538","149","553","105","582","319","622","270","727","202","769","190","777","155","113","335"
"LT-0051-SV09-5.dw.png","240","222","274","221","316","313","329","250","341","143","423","313","493","345","472","319","517","273","483","254","526","206","525","153","544","113","568","332","620","278","708","223","755","211","763","176"," 97","320"
"LT-0051-SV09-6.dw.png","241","228","273","223","321","318","334","251","342","146","430","315","500","347","481","321","520","274","495","257","532","202","532","152","548","110","574","331","620","277","725","210","765","199","769","162","100","335"
"LT-0051-SV09-7.dw.png","250","230","281","225","332","320","334","248","349","146","434","315","507","346","488","318","523","271","493","255","539","204","538","153","556","111","579","331","629","279","733","213","771","200","780","166","107","335"
"LT-0051-SV09-8.dw.png","251","217","291","214","339","319","351","250","366","143","445","325","511","360","493","333","534","294","505","273","551","222","556","170","579","129","582","351","631","307","745","249","785","243","789","203","107","307"
"LT-0051-SV09-9.dw.png","241","218","275","218","304","311","325","249","343","144","417","316","487","353","470","328","520","287","480","263","526","218","528","167","551","127","563","345","616","297","710","251","759","240","769","205"," 96","309"
"LT-0052-SV17-1.dw.png","230","187","256","186","292","273","299","215","311","126","373","276","433","310","423","287","462","255","428","231","471","195","478","149","498","119","509","302","546","267","631","226","671","221","680","191"," 98","267"
"LT-0052-SV17-10.dw.png","216","177","246","179","272","260","288","207","302","121","356","266","412","304","402","278","444","248","420","230","460","191","464","145","480","111","485","298","526","264","621","226","659","215","667","191"," 81","248"
"LT-0052-SV17-11.dw.png","187","173","216","176","243","261","257","207","277","121","328","269","386","306","373","280","416","253","392","232","430","197","437","154","455","125","450","302","495","271","583","235","628","230","631","201"," 55","243"
"LT-0052-SV17-12.dw.png","223","180","249","179","286","262","292","207","299","120","371","263","423","296","412","272","455","242","420","216","459","183","464","140","481","108","490","288","530","254","619","212","662","202","669","174"," 93","260"
"LT-0052-SV17-13.dw.png","218","183","247","185","279","266","281","207","306","127","361","271","413","305","398","281","446","250","419","230","458","197","464","158","479","123","484","299","526","265","614","227","656","225","659","189"," 85","256"
"LT-0052-SV17-14.dw.png","206","180","234","180","255","254","283","208","290","125","337","262","392","297","382","274","422","244","401","224","440","190","443","147","461","115","464","290","504","258","589","219","628","211","633","185"," 82","249"
"LT-0052-SV17-15.dw.png","213","181","239","179","278","271","287","213","294","124","359","276","413","311","404","288","445","255","410","232","453","194","460","147","478","118","487","306","526","268","618","228","647","223","651","192"," 81","257"
"LT-0052-SV17-16.dw.png","216","194","251","195","282","279","292","221","305","134","368","278","426","308","410","285","456","250","428","232","466","192","464","147","482","117","498","296","534","260","621","214","667","205","671","178"," 90","282"
"LT-0052-SV17-17.dw.png","212","183","239","183","277","267","284","211","295","122","356","270","415","302","400","279","444","248","413","227","455","192","462","146","476","113","485","296","525","263","617","221","658","215","661","186"," 86","256"
"LT-0052-SV17-18.dw.png","213","183","239","183","268","265","293","215","295","125","360","269","414","302","404","280","450","250","415","227","455","193","460","145","479","112","487","295","525","260","613","221","658","214","663","183"," 81","255"
"LT-0052-SV17-19.dw.png","216","185","244","186","275","269","286","214","301","125","364","272","417","308","405","285","452","253","416","231","461","191","467","148","482","114","486","301","523","266","610","225","657","218","664","189"," 81","260"
"LT-0052-SV17-2.dw.png","212","181","237","182","272","271","288","216","302","120","360","275","420","310","406","285","445","252","423","228","464","194","471","146","487","118","493","302","535","269","620","231","659","224","667","195"," 80","255"
"LT-0052-SV17-20.dw.png","201","171","236","172","262","252","273","198","293","115","345","253","403","283","391","260","425","232","401","212","442","178","448","137","465","109","468","276","508","244","591","206","633","197","638","170"," 84","249"
"LT-0052-SV17-3.dw.png","210","181","239","182","287","270","286","210","294","123","363","271","416","304","402","280","446","250","412","229","454","187","459","143","476","111","483","296","526","262","602","221","647","215","654","185"," 87","261"
"LT-0052-SV17-4.dw.png","211","179","242","178","269","257","289","205","299","119","361","262","415","293","398","271","449","238","421","220","455","184","458","143","472","107","485","285","529","250","613","211","652","206","655","172"," 78","251"
"LT-0052-SV17-5.dw.png","207","184","230","186","265","272","273","214","294","128","349","280","406","315","397","292","439","264","404","238","449","205","456","161","475","132","480","310","518","277","604","238","647","234","655","206"," 75","258"
"LT-0052-SV17-6.dw.png","206","183","235","185","267","264","272","209","290","127","351","266","404","300","392","275","434","248","409","229","443","191","448","148","465","117","473","292","510","258","603","219","644","213","649","186"," 79","256"
"LT-0052-SV17-7.dw.png","218","183","242","183","272","269","283","212","302","126","356","274","414","308","403","285","442","256","414","234","459","199","461","152","480","121","483","302","522","269","616","229","655","223","664","195"," 88","260"
"LT-0052-SV17-8.dw.png","219","190","244","190","280","278","290","219","305","129","364","282","417","318","411","292","453","258","419","235","462","197","468","150","486","119","493","309","533","276","629","232","672","225","678","195"," 88","265"
"LT-0052-SV17-9.dw.png","220","181","248","182","277","264","288","210","303","122","357","267","412","305","405","283","445","252","421","230","462","189","468","147","489","115","485","298","527","267","621","223","657","217","665","189"," 80","255"
"LT-0053-DD01-1.dw.png","341","340","385","343","436","461","440","380","471","251","567","468","647","517","622","479","677","432","639","403","708","347","713","286","738","236","746","511","802","453","927","393","997","384","1019","340","153","448"
"LT-0053-DD01-10.dw.png","383","512","424","504","497","610","495","528","496","398","627","588","720","622","695","590","729","533","696","513","744","439","736","375","759","319","816","592","860","525","983","431","1042","407","1050","362","227","663"
"LT-0053-DD01-2.dw.png","338","391","376","386","457","498","448","418","452","288","564","485","653","525","635","492","680","435","641","416","692","358","688","294","709","241","748","509","812","439","918","374","982","356","988","313","180","520"
"LT-0053-DD01-3.dw.png","367","503","413","494","481","594","477","514","478","387","604","571","699","602","670","568","717","511","670","492","722","431","714","369","726","315","788","575","847","503","950","423","1012","402","1017","358","229","651"
"LT-0053-DD01-4.dw.png","333","328","375","325","429","442","445","363","456","234","557","439","649","488","630","453","681","401","646","376","708","318","713","251","736","202","749","475","810","412","932","343","998","332","1008","287","149","444"
"LT-0053-DD01-5.dw.png","329","324","362","322","413","434","427","357","447","229","528","439","621","488","592","451","652","404","609","374","675","320","679","254","706","203","714","479","779","419","896","357","961","345","975","298","157","430"
"LT-0053-DD01-6.dw.png","326","375","372","371","438","482","435","401","443","272","556","469","638","505","619","474","661","422","620","400","677","341","671","280","692","228","727","490","789","427","888","359","949","348","959","303","164","502"
"LT-0053-DD01-7.dw.png","358","449","397","443","473","554","462","467","470","343","581","538","670","569","644","540","704","478","644","453","701","392","689","329","705","277","760","542","817","474","916","398","980","378","989","333","192","595"
"LT-0053-DD01-8.dw.png","369","472","407","464","483","574","483","490","472","360","608","554","696","591","677","559","721","499","683","479","736","411","728","346","739","293","793","564","852","497","956","416","1021","393","1026","347","211","618"
"LT-0053-DD01-9.dw.png","390","554","426","544","517","649","501","563","500","425","637","621","735","648","706","618","748","552","702","536","751","468","740","401","753","343","826","615","884","535","987","450","1038","428","1039","381","241","702"
"LT-0054-AP06a-1-1.dw.png","239","310","263","304","322","380","316","325","312","235","400","370","468","394","449","374","492","335","456","316","493","278","488","233","498","192","538","374","571","334","654","277","688","265","691","236","123","406"
"LT-0054-AP06a-1-2.dw.png","213","205","243","203","287","292","290","232","302","144","372","291","432","322","414","298","460","264","427","244","472","206","473","160","485","126","506","312","547","268","628","226","663","220","671","190"," 83","286"
"LT-0054-AP06a-2-1.dw.png","196","323","218","317","269","385","267","334","262","253","344","372","403","395","385","374","424","334","396","322","428","282","416","237","429","203","474","371","499","332","577","272","609","260","609","230"," 94","421"
"LT-0054-AP06a-2-2.dw.png","228","192","250","189","294","261","298","210","297","128","370","254","427","281","410","261","455","226","427","210","464","172","458","128","470"," 95","499","266","531","230","619","178","645","169","647","140","117","279"
"LT-0054-AP06a-3-1.dw.png","207","273","232","267","285","342","280","289","281","201","361","332","423","358","405","337","444","301","414","286","450","248","445","204","462","168","486","342","519","304","602","253","640","245","646","216"," 92","361"
"LT-0054-AP06a-3-2.dw.png","218","181","244","179","283","260","286","203","299","121","364","258","421","288","404","266","451","231","419","213","460","177","461","133","477","101","491","276","530","234","607","194","645","187","654","157"," 94","259"
"LT-0054-AP06a-4-1.dw.png","215","297","241","292","284","370","286","310","283","223","368","362","427","388","407","365","455","324","417","307","457","266","451","219","459","183","503","367","538","322","615","269","652","257","658","225","100","390"
"LT-0054-AP06a-4-2.dw.png","226","181","253","180","283","255","296","202","306","119","365","256","416","285","402","262","454","226","421","208","466","174","468","128","486"," 95","492","272","534","232","618","190","666","187","677","159","101","260"
"LT-0055-AP12a-1-1.dw.png","247","301","273","295","330","372","323","317","322","229","411","365","474","390","455","368","492","329","460","314","501","274","499","225","506","191","547","371","586","326","663","273","702","260","704","231","126","390"
"LT-0055-AP12a-1-2.dw.png","230","158","259","157","300","242","302","184","314","101","386","245","439","278","422","256","468","220","441","202","484","166","490","118","503"," 85","511","268","556","227","645","183","686","179","699","147","100","235"
"LT-0055-AP12a-2-1.dw.png","192","356","216","349","270","416","259","361","248","282","351","397","405","416","384","400","418","354","388","343","420","300","415","260","416","221","469","391","503","347","569","290","604","277","601","245"," 89","456"
"LT-0055-AP12a-2-2.dw.png","218","184","242","183","281","261","290","211","291","129","358","264","405","293","391","272","436","241","406","222","447","187","455","145","472","113","473","285","513","249","591","212","634","207","644","181"," 92","251"
"LT-0055-AP12a-3-1.dw.png","197","408","223","398","279","471","286","413","269","319","365","446","430","464","407","444","447","396","408","386","444","339","428","295","441","255","495","433","523","384","589","319","631","300","633","270","101","522"
"LT-0055-AP12a-3-2.dw.png","208","202","238","195","287","272","294","216","292","119","374","259","438","282","415","260","454","217","424","203","465","160","457","113","469"," 76","506","261","543","213","616","156","654","143","656","112","103","304"
"LT-0055-AP12a-4-1.dw.png","204","303","227","297","273","372","278","317","272","230","355","361","410","384","395","364","432","322","403","308","435","267","433","223","448","191","484","360","512","317","582","264","624","251","627","224"," 96","397"
"LT-0055-AP12a-4-2.dw.png","216","186","240","182","277","263","290","210","296","122","365","263","418","293","405","271","444","235","416","217","457","181","459","137","477","106","495","281","530","242","606","197","642","191","645","160"," 97","262"
"LT-0055-AP12a-5-1.dw.png","208","365","236","357","286","430","285","372","275","288","375","410","437","428","418","409","452","368","418","356","448","314","440","269","447","233","507","404","534","358","606","298","641","285","636","256"," 96","468"
"LT-0055-AP12a-5-2.dw.png","224","185","251","184","289","265","296","209","307","125","379","264","432","297","420","274","464","243","432","222","468","189","470","145","488","113","507","289","544","252","622","213","663","208","668","180"," 94","257"
"LT-0056-AP16-1-1.dw.png","151","178","167","175","198","223","197","189","196","133","248","218","285","233","274","220","298","196","281","187","300","160","298","132","308","111","327","223","349","196","398","163","422","157","428","138"," 79","234"
"LT-0056-AP16-1-2.dw.png","155","142","170","137","200","184","200","151","200"," 95","251","179","289","193","279","181","303","156","282","148","305","120","302"," 91","308"," 71","335","182","356","154","404","121","426","113","429"," 95"," 81","198"
"LT-0056-AP16-2-1.dw.png","160","199","176","195","211","243","202","205","201","153","267","235","303","250","292","239","316","211","290","201","313","177","312","148","321","126","345","239","366","210","411","176","437","170","441","148"," 85","261"
"LT-0056-AP16-2-2.dw.png","151","142","168","141","199","190","193","152","198","100","257","186","292","203","280","190","305","165","282","153","308","130","308","100","314"," 78","336","193","358","167","406","135","429","130","432","107"," 76","200"
"LT-0056-AP16-3-1.dw.png","137","134","155","133","181","181","183","148","185"," 93","233","182","263","200","254","187","284","165","262","153","286","129","287","102","302"," 81","306","194","332","169","384","141","407","138","415","118"," 61","184"
"LT-0056-AP16-3-2.dw.png","147","222","164","216","198","261","195","226","187","172","249","252","286","263","276","251","295","225","273","218","296","189","292","162","297","137","330","249","350","221","395","183","416","175","419","155"," 82","284"
"LT-0056-AP16-4-1.dw.png","149","173","167","171","195","218","195","182","196","129","249","214","284","231","273","217","297","192","276","183","299","155","297","128","307","108","326","220","350","192","396","160","419","154","424","134"," 75","227"
"LT-0056-AP16-4-2.dw.png","137","133","155","132","183","181","181","146","184"," 93","232","183","265","201","254","188","283","165","260","153","286","129","288","101","296"," 81","309","195","337","168","385","141","405","139","411","117"," 60","180"
"LT-0056-AP16-5-1.dw.png","164","217","179","213","220","258","212","223","206","168","270","252","309","263","298","253","321","225","292","214","320","187","317","158","320","136","353","250","373","222","419","184","439","175","440","156"," 89","279"
"LT-0056-AP16-5-2.dw.png","146","136","164","134","196","184","193","148","196"," 94","249","183","282","200","271","188","299","162","274","150","303","127","304"," 99","312"," 74","327","191","351","164","402","132","424","128","431","109"," 66","189"
"LT-0056-AP16-6-1.dw.png","158","200","175","195","214","244","204","208","203","154","264","236","303","251","292","238","317","213","292","203","315","176","315","147","323","127","345","238","365","211","411","177","438","167","443","149"," 85","261"
"LT-0056-AP16-6-2.dw.png","145","134","163","133","191","187","189","149","195"," 95","246","189","279","208","269","196","299","172","277","159","305","137","308","108","315"," 88","325","204","351","179","401","152","424","150","431","127"," 60","184"
"LT-0057-AV26-1.dw.png","448","439","500","435","592","597","591","477","609","311","762","600","866","655","837","615","925","539","858","504","937","427","941","346","979","274","1012","632","1089","554","1254","469","1346","458","1353","391","197","602"
"LT-0057-AV26-10.dw.png","456","446","514","446","603","613","596","488","621","317","773","614","886","674","860","626","938","553","875","517","960","437","962","350","994","283","1029","654","1105","572","1280","486","1366","470","1384","415","201","623"
"LT-0057-AV26-11.dw.png","416","462","470","456","557","629","556","514","570","343","702","634","811","695","782","645","877","583","810","535","901","463","919","379","949","312","963","677","1055","601","1221","514","1322","495","1334","440","141","611"
"LT-0057-AV26-12.dw.png","447","417","504","415","595","582","593","465","622","293","757","584","867","648","835","604","911","535","830","491","930","423","942","341","982","268","997","634","1083","551","1244","469","1324","458","1346","391","190","563"
"LT-0057-AV26-13.dw.png","426","471","489","471","557","642","575","528","597","352","733","652","829","718","812","671","905","607","838","565","919","493","934","399","972","336","975","707","1054","641","1249","552","1331","536","1350","485","162","623"
"LT-0057-AV26-14.dw.png","468","461","531","467","601","637","616","522","646","345","766","650","864","715","828","666","936","597","868","558","954","491","967","404","1007","337","1009","704","1108","618","1275","543","1352","538","1380","468","202","614"
"LT-0057-AV26-15.dw.png","457","456","507","454","582","624","613","515","625","335","755","629","866","694","839","645","918","581","839","538","936","466","953","381","985","314","1001","683","1087","606","1260","527","1352","505","1365","447","202","602"
"LT-0057-AV26-16.dw.png","465","459","526","457","598","627","607","511","633","329","759","629","883","695","855","647","939","582","855","535","951","466","960","375","995","308","1013","684","1112","600","1287","524","1364","505","1383","450","215","612"
"LT-0057-AV26-17.dw.png","444","456","501","458","586","627","593","512","623","339","744","639","853","708","824","651","908","587","852","550","936","475","943","381","977","316","980","691","1073","603","1246","528","1335","507","1355","456","180","606"
"LT-0057-AV26-18.dw.png","453","448","507","446","604","617","595","497","615","325","755","618","864","684","838","634","920","573","860","528","939","455","955","369","987","302","1017","668","1092","593","1256","505","1348","493","1361","430","207","606"
"LT-0057-AV26-19.dw.png","447","431","497","432","561","592","592","483","604","310","737","592","846","655","814","610","901","543","826","506","913","431","927","346","953","284","977","639","1074","554","1218","476","1308","455","1327","400","190","586"
"LT-0057-AV26-2.dw.png","457","450","511","448","584","610","613","506","625","329","769","618","879","684","853","637","935","573","849","527","946","458","957","371","990","306","1018","667","1097","589","1259","504","1346","487","1368","429","193","600"
"LT-0057-AV26-20.dw.png","415","450","483","450","555","620","560","501","595","329","729","623","853","689","825","641","901","574","831","530","918","454","925","359","961","294","993","671","1072","597","1253","504","1335","484","1344","424","175","617"
"LT-0057-AV26-21.dw.png","457","448","507","441","572","607","609","502","615","325","753","612","862","678","833","631","911","564","830","517","936","448","947","365","983","304","993","664","1089","581","1250","501","1327","481","1347","425","194","597"
"LT-0057-AV26-22.dw.png","472","460","526","461","597","630","616","515","647","343","765","643","865","708","842","655","939","595","869","555","954","480","969","388","1001","322","1008","694","1100","611","1276","529","1359","510","1372","453","192","607"
"LT-0057-AV26-23.dw.png","442","450","496","444","583","607","574","484","610","319","750","611","856","670","824","627","918","554","845","518","933","441","942","351","974","281","991","654","1090","565","1257","483","1335","475","1346","405","181","611"
"LT-0057-AV26-24.dw.png","461","456","514","453","590","623","613","507","632","334","767","623","875","686","848","639","926","575","851","532","945","467","960","378","992","315","1003","674","1096","595","1257","515","1349","496","1370","445","187","605"
"LT-0057-AV26-25.dw.png","473","457","528","463","589","630","616","525","642","348","758","640","872","712","848","666","932","610","855","560","952","493","970","410","1008","349","1002","707","1101","639","1260","574","1351","561","1377","507","213","586"
"LT-0057-AV26-26.dw.png","465","462","513","463","576","629","600","517","627","355","759","644","860","713","834","668","915","604","852","566","938","495","949","413","988","348","990","705","1081","630","1248","563","1323","558","1343","488","202","594"
"LT-0057-AV26-27.dw.png","468","463","522","460","574","620","606","514","636","341","753","630","871","695","839","648","925","585","880","549","961","470","972","384","1007","324","1025","681","1094","614","1267","523","1359","502","1376","451","208","614"
"LT-0057-AV26-28.dw.png","435","455","479","449","567","616","579","506","600","334","726","622","844","688","816","642","891","574","824","532","914","464","919","374","953","312","988","670","1062","596","1225","516","1318","500","1332","442","160","600"
"LT-0057-AV26-29.dw.png","441","476","498","475","558","641","593","536","617","362","735","654","839","727","807","675","904","609","842","573","929","497","946","406","978","345","980","716","1085","633","1251","563","1344","544","1366","493","171","623"
"LT-0057-AV26-3.dw.png","466","469","523","470","606","643","605","519","647","350","762","652","866","722","832","671","928","602","861","560","956","492","970","408","1010","337","1007","709","1110","623","1277","552","1349","547","1373","477","200","615"
"LT-0057-AV26-30.dw.png","454","442","509","443","558","598","595","489","613","318","748","603","867","669","840","618","912","558","838","511","929","438","940","354","968","289","997","651","1083","572","1242","496","1324","475","1344","418","197","599"
"LT-0057-AV26-4.dw.png","439","459","496","452","579","621","580","498","606","334","756","624","876","686","838","639","935","572","848","526","940","444","947","359","974","292","1006","671","1094","591","1274","496","1355","484","1379","421","185","615"
"LT-0057-AV26-5.dw.png","404","482","460","481","530","651","550","531","584","363","702","654","814","726","780","675","879","606","819","566","914","497","927","400","956","333","959","714","1055","632","1251","553","1325","533","1350","481","143","637"
"LT-0057-AV26-6.dw.png","477","454","533","458","597","628","620","517","643","339","779","640","886","709","867","659","934","599","874","556","965","484","985","393","1016","333","1032","698","1113","626","1275","546","1374","534","1394","478","208","590"
"LT-0057-AV26-7.dw.png","401","465","455","461","539","636","539","507","578","339","727","647","817","705","790","665","882","588","818","548","908","480","911","388","951","319","960","689","1046","608","1214","532","1306","524","1328","454","139","624"
"LT-0057-AV26-8.dw.png","390","437","451","429","537","597","538","486","548","312","679","596","799","658","768","607","853","548","782","506","870","435","884","354","915","291","934","639","1020","565","1188","482","1275","458","1287","411","153","596"
"LT-0057-AV26-9.dw.png","434","461","491","460","575","629","596","513","608","334","762","637","866","697","838","658","920","583","838","537","934","471","947","379","986","304","1002","683","1103","599","1267","518","1345","506","1368","436","171","619"
"LT-0058-AV35-1.dw.png","436","435","478","432","584","601","566","476","600","293","737","605","845","664","809","620","901","546","840","508","925","431","929","342","961","265","989","641","1062","566","1231","471","1309","465","1318","387","188","601"
"LT-0058-AV35-10.dw.png","455","451","507","450","592","620","587","501","629","330","746","626","846","689","810","648","902","578","848","542","924","465","938","379","976","317","992","677","1073","605","1241","531","1313","525","1331","461","205","598"
"LT-0058-AV35-11.dw.png","433","451","483","447","592","615","576","493","609","314","749","619","857","679","822","638","908","558","861","530","935","448","939","355","982","280","996","666","1082","583","1252","489","1319","483","1341","411","184","601"
"LT-0058-AV35-12.dw.png","459","461","510","459","605","631","594","504","636","322","772","638","876","705","843","659","923","581","882","552","961","471","968","379","1000","308","1010","690","1092","614","1273","524","1343","523","1363","454","210","613"
"LT-0058-AV35-13.dw.png","477","472","528","473","609","644","613","521","656","349","777","657","885","724","849","678","946","610","887","570","975","492","984","407","1021","332","1029","711","1110","643","1287","551","1380","545","1393","475","213","622"
"LT-0058-AV35-14.dw.png","449","455","495","455","588","630","579","502","626","326","763","640","859","701","830","659","922","588","857","551","940","477","944","384","982","311","996","687","1088","611","1258","527","1333","520","1355","453","202","612"
"LT-0058-AV35-15.dw.png","428","454","484","454","570","629","560","495","606","323","746","634","846","699","818","654","898","579","840","540","922","463","935","373","971","294","987","685","1076","600","1245","517","1316","512","1328","440","172","619"
"LT-0058-AV35-16.dw.png","440","443","498","440","592","618","585","497","619","315","764","625","861","688","831","645","912","568","858","524","935","457","942","359","979","292","1006","670","1074","595","1239","517","1316","500","1333","443","211","598"
"LT-0058-AV35-17.dw.png","460","465","509","467","597","646","592","520","637","355","754","655","861","726","830","678","936","613","855","566","945","497","957","411","997","336","1003","718","1103","638","1268","562","1342","557","1365","487","211","611"
"LT-0058-AV35-18.dw.png","457","449","513","447","587","623","594","496","628","323","763","624","868","686","846","640","933","569","875","526","943","449","951","359","982","291","1017","669","1102","593","1263","512","1337","494","1346","434","198","604"
"LT-0058-AV35-19.dw.png","459","456","505","456","582","628","584","500","645","337","768","641","869","702","834","658","944","591","868","550","954","480","958","390","991","320","1010","686","1092","608","1271","524","1339","522","1359","455","203","614"
"LT-0058-AV35-2.dw.png","453","449","503","446","594","615","576","489","624","317","749","616","857","678","827","631","910","563","849","527","935","449","946","364","983","293","1000","662","1095","585","1254","501","1327","498","1341","425","209","602"
"LT-0058-AV35-20.dw.png","465","449","518","452","582","626","597","508","650","341","751","652","846","725","817","676","928","615","856","568","946","503","955","412","994","349","991","717","1083","638","1233","575","1310","571","1346","510","217","583"
"LT-0058-AV35-21.dw.png","407","468","467","467","547","644","552","518","596","339","728","652","822","718","798","671","881","599","827","563","908","485","916","392","956","320","967","707","1055","627","1222","547","1304","543","1323","472","153","618"
"LT-0058-AV35-22.dw.png","454","448","501","447","585","612","585","498","625","330","754","624","842","686","813","641","913","572","848","538","938","468","939","380","970","313","979","675","1074","591","1231","515","1311","512","1335","447","193","595"
"LT-0058-AV35-23.dw.png","444","437","493","439","565","611","566","484","607","329","723","622","829","688","800","642","898","578","833","537","922","468","932","386","965","310","984","677","1071","603","1224","529","1306","529","1331","456","187","588"
"LT-0058-AV35-24.dw.png","433","447","477","446","554","615","576","498","600","322","723","620","841","680","809","632","907","561","854","529","929","448","938","362","965","298","986","666","1069","589","1234","508","1312","498","1329","442","196","616"
"LT-0058-AV35-25.dw.png","452","460","503","456","583","637","586","519","637","341","769","644","858","713","840","663","927","600","871","553","954","485","969","398","1004","334","1001","703","1093","626","1250","550","1341","534","1361","482","188","608"
"LT-0058-AV35-26.dw.png","466","456","524","459","593","632","601","510","645","329","769","639","870","704","849","657","930","591","870","539","951","465","965","377","1005","313","1016","688","1094","619","1275","529","1350","506","1361","455","199","616"
"LT-0058-AV35-27.dw.png","452","464","515","466","573","635","585","509","630","337","757","651","860","713","833","673","908","599","849","557","943","484","952","394","990","322","1001","701","1086","627","1249","547","1324","542","1340","477","191","610"
"LT-0058-AV35-28.dw.png","457","453","510","448","614","621","592","491","640","312","774","621","884","683","849","643","937","561","881","529","960","448","965","357","1003","281","1024","669","1113","578","1284","492","1355","485","1370","412","201","617"
"LT-0058-AV35-29.dw.png","446","440","497","442","569","606","588","496","620","321","736","611","843","674","822","627","916","557","845","521","927","448","939","362","968","303","983","659","1068","578","1232","494","1313","483","1326","425","196","589"
"LT-0058-AV35-3.dw.png","462","449","510","449","580","613","589","494","624","319","740","622","852","688","820","644","910","570","857","534","945","461","950","376","984","305","998","672","1086","595","1252","508","1322","499","1341","428","205","604"
"LT-0058-AV35-30.dw.png","413","440","464","438","549","603","552","490","587","314","714","616","808","679","787","636","883","566","819","526","895","455","901","366","930","298","941","667","1032","585","1201","502","1268","497","1288","430","165","595"
"LT-0058-AV35-4.dw.png","468","469","524","468","619","649","609","518","653","342","782","650","893","723","866","668","952","603","896","564","978","487","988","387","1026","319","1037","712","1124","631","1309","548","1377","531","1395","471","221","626"
"LT-0058-AV35-5.dw.png","450","461","506","457","601","628","591","502","634","330","785","633","883","694","854","652","946","582","876","541","955","467","959","372","995","300","1010","681","1108","599","1280","515","1346","508","1357","441","205","595"
"LT-0058-AV35-6.dw.png","448","439","506","441","583","606","582","479","619","311","771","610","864","670","837","628","922","550","863","514","946","436","949","351","986","275","1002","652","1091","569","1253","484","1327","478","1345","405","197","612"
"LT-0058-AV35-7.dw.png","456","452","510","449","604","618","590","490","633","319","772","623","876","686","840","640","923","565","878","532","959","453","964","365","990","292","1015","671","1099","591","1276","503","1345","497","1368","427","206","619"
"LT-0058-AV35-8.dw.png","465","468","515","469","599","642","603","520","644","349","769","660","860","726","834","679","934","615","866","573","957","507","968","417","1006","345","1001","719","1096","639","1265","566","1337","566","1357","495","213","609"
"LT-0058-AV35-9.dw.png","437","443","490","442","571","599","578","484","604","308","744","595","855","653","820","602","903","537","852","501","924","420","930","338","961","273","992","632","1082","555","1239","464","1312","439","1328","388","217","598"
"LT-0059-AV43-1.dw.png","442","441","497","442","582","607","587","492","615","315","747","612","852","672","824","631","899","563","847","523","925","451","933","363","974","291","981","660","1061","586","1230","502","1302","497","1323","427","192","593"
"LT-0059-AV43-10.dw.png","447","444","506","447","570","614","583","497","618","339","750","631","846","691","831","648","903","585","844","538","928","467","941","386","977","324","975","682","1065","608","1214","533","1313","514","1331","470","203","601"
"LT-0059-AV43-11.dw.png","444","438","503","439","574","603","577","483","611","321","719","612","827","678","792","633","889","564","822","524","909","453","914","363","946","295","954","662","1040","589","1205","512","1288","509","1308","437","199","589"
"LT-0059-AV43-12.dw.png","419","467","475","468","551","656","564","529","604","350","719","662","830","728","809","682","892","620","833","578","912","500","932","411","971","352","959","721","1045","652","1225","576","1301","558","1316","510","159","624"
"LT-0059-AV43-13.dw.png","413","450","466","452","557","619","565","506","590","328","731","634","824","696","797","651","877","586","821","548","899","478","912","390","948","315","942","690","1040","614","1209","535","1277","533","1301","459","163","603"
"LT-0059-AV43-14.dw.png","449","440","501","438","563","603","584","494","616","322","728","608","835","675","809","626","890","564","826","521","925","451","936","366","969","306","975","657","1052","590","1217","507","1300","486","1316","433","196","596"
"LT-0059-AV43-15.dw.png","420","457","475","461","553","631","551","507","601","348","696","637","826","704","787","652","886","595","818","548","900","484","915","396","950","332","957","692","1049","621","1207","548","1294","535","1309","483","163","611"
"LT-0059-AV43-16.dw.png","453","448","508","449","612","623","605","502","622","316","749","628","859","690","830","648","930","579","861","532","944","463","949","373","988","301","999","671","1081","600","1264","513","1326","509","1355","437","200","609"
"LT-0059-AV43-17.dw.png","459","453","509","453","594","626","591","501","628","338","757","635","866","702","830","655","928","589","849","542","935","475","946","390","985","316","1006","686","1100","612","1272","535","1333","530","1345","462","216","604"
"LT-0059-AV43-2.dw.png","449","432","500","429","592","606","586","483","609","301","732","609","852","665","818","627","909","555","844","510","919","440","931","354","969","281","983","646","1064","573","1231","484","1303","475","1321","410","189","598"
"LT-0059-AV43-3.dw.png","447","435","499","432","604","619","605","492","615","299","751","619","862","674","833","631","923","556","855","511","937","437","949","346","982","283","1005","653","1084","580","1247","494","1319","473","1336","415","190","608"
"LT-0059-AV43-4.dw.png","473","465","525","464","610","637","608","518","641","344","768","638","885","705","859","660","952","600","881","550","962","478","973","391","1004","331","1028","696","1122","625","1283","544","1377","527","1400","475","212","627"
"LT-0059-AV43-5.dw.png","445","446","501","447","599","622","589","497","614","317","747","627","857","689","824","645","923","572","854","527","940","453","947","365","987","292","1001","666","1085","593","1258","502","1326","497","1349","424","187","613"
"LT-0059-AV43-6.dw.png","429","428","485","425","580","596","585","480","603","299","759","595","860","656","831","614","914","550","841","501","923","430","934","339","968","270","987","639","1072","565","1225","478","1307","460","1319","399","198","596"
"LT-0059-AV43-7.dw.png","445","453","499","447","591","622","586","506","618","330","765","627","869","692","847","643","922","575","866","538","945","458","957","368","985","301","995","672","1090","599","1269","511","1345","497","1359","442","199","610"
"LT-0059-AV43-8.dw.png","453","437","499","438","600","619","603","503","619","315","745","627","852","689","818","645","919","577","855","534","932","464","937","374","971","305","990","671","1078","597","1258","511","1304","508","1327","435","194","597"
"LT-0059-AV43-9.dw.png","451","434","497","432","581","602","588","486","603","308","728","607","840","673","802","623","899","553","843","513","917","433","924","348","953","285","975","656","1050","581","1224","497","1307","478","1324","419","204","595"
"LT-0060-HP15-1-1.dw.png","117","116","133","114","155","156","156","128","161"," 84","195","157","226","173","217","161","239","141","224","132","247","113","248"," 89","258"," 71","264","166","285","144","327","121","349","117","355","100"," 53","158"
"LT-0060-HP15-1-2.dw.png","118","116","133","115","157","157","157","128","164"," 85","195","158","226","176","217","162","241","144","226","134","251","115","252"," 90","260"," 72","265","169","287","148","332","125","351","121","356","103"," 53","157"
"LT-0060-HP15-2-1.dw.png","123","145","139","142","169","185","164","153","165","109","209","182","238","196","231","184","250","164","236","156","252","133","251","108","258"," 90","275","186","293","163","335","134","354","129","358","115"," 66","193"
"LT-0060-HP15-2-2.dw.png","119","119","135","119","160","164","158","133","167"," 88","198","167","228","185","222","173","245","155","226","143","250","125","254","100","263"," 84","266","181","286","162","334","138","354","136","358","121"," 58","159"
"LT-0060-HP15-3-1.dw.png","118","122","132","120","155","161","153","131","159"," 88","191","159","225","176","214","164","236","144","221","134","244","116","245"," 92","252"," 75","262","169","281","146","325","123","345","118","346","102"," 58","167"
"LT-0060-HP15-3-2.dw.png","120","125","132","123","154","163","155","134","160"," 89","190","161","224","176","215","165","235","145","222","136","244","117","244"," 93","253"," 74","260","169","280","147","323","123","346","119","349","102"," 59","169"
"LT-0060-HP15-4-1.dw.png","127","137","141","136","168","179","165","146","172"," 99","210","177","242","193","234","182","258","160","238","150","260","126","260","101","270"," 83","277","184","296","162","347","133","368","128","370","112"," 66","186"
"LT-0060-HP15-4-2.dw.png","121","120","138","120","164","166","159","133","170"," 87","207","169","233","184","225","174","253","155","230","141","259","122","261"," 96","267"," 78","272","180","294","160","344","134","363","132","366","112"," 57","165"
"LT-0060-HP15-5-1.dw.png","122","137","137","135","169","177","161","146","166","100","208","175","238","191","230","180","249","159","232","150","251","128","252","103","259"," 85","276","183","294","162","340","131","357","127","357","111"," 63","184"
"LT-0060-HP15-5-2.dw.png","123","129","135","127","168","171","159","140","166"," 94","206","170","235","185","228","174","248","154","232","144","251","123","251"," 98","262"," 79","273","178","292","157","339","128","359","124","362","109"," 61","174"
"LT-0061-JM6-1.dw.png","449","435","499","431","594","604","585","484","611","299","762","608","864","664","833","618","913","543","844","501","932","420","953","337","987","268","1005","643","1086","566","1260","479","1321","459","1332","396","196","612"
"LT-0061-JM6-10.dw.png","416","448","468","441","554","618","563","496","598","313","755","619","849","678","828","635","901","567","838","526","923","453","934","360","967","293","986","660","1063","590","1228","505","1315","480","1324","423","175","610"
"LT-0061-JM6-11.dw.png","443","438","501","437","590","596","581","486","602","317","755","604","857","662","826","620","895","551","836","515","920","440","924","358","958","284","980","648","1059","572","1224","488","1300","481","1321","415","174","579"
"LT-0061-JM6-12.dw.png","433","427","486","424","565","589","573","479","603","299","720","587","831","652","809","608","907","545","824","497","915","430","928","342","958","276","968","636","1060","561","1217","476","1293","463","1300","402","205","601"
"LT-0061-JM6-13.dw.png","455","452","514","446","611","629","607","510","630","323","780","635","882","696","864","653","940","584","879","548","957","454","972","376","1005","309","1034","680","1113","611","1285","518","1355","502","1360","442","200","617"
"LT-0061-JM6-14.dw.png","415","456","464","454","553","627","560","510","590","333","721","631","823","692","804","647","888","580","834","534","917","467","921","377","960","312","969","676","1053","607","1233","522","1304","504","1321","451","156","616"
"LT-0061-JM6-15.dw.png","444","434","491","433","584","600","583","484","611","298","770","602","876","664","849","618","917","549","852","508","930","435","939","346","976","275","1010","642","1082","570","1254","477","1320","470","1332","401","200","593"
"LT-0061-JM6-16.dw.png","407","440","454","438","553","599","545","483","571","304","716","605","825","664","792","622","880","553","803","516","892","449","903","358","936","288","968","647","1055","573","1214","490","1286","483","1291","417","168","605"
"LT-0061-JM6-17.dw.png","438","441","491","437","596","598","581","484","595","311","755","595","866","651","833","613","915","540","854","503","926","422","929","338","955","270","999","633","1079","555","1230","468","1302","457","1315","394","197","610"
"LT-0061-JM6-18.dw.png","436","440","481","434","590","599","570","480","600","298","766","602","856","658","830","617","915","548","846","504","931","434","938","348","966","275","1002","638","1079","565","1242","478","1319","468","1327","401","185","605"
"LT-0061-JM6-19.dw.png","428","431","488","429","567","590","571","475","594","300","756","595","853","649","824","609","907","544","825","498","916","431","927","347","958","277","994","631","1076","556","1222","479","1304","470","1314","401","194","600"
"LT-0061-JM6-2.dw.png","422","427","479","425","560","587","555","468","578","298","731","592","829","649","802","608","888","542","812","498","897","430","911","355","942","284","969","631","1046","562","1195","478","1274","466","1282","402","177","586"
"LT-0061-JM6-20.dw.png","449","436","501","433","590","602","583","476","622","305","762","603","855","658","831","612","916","534","857","499","944","426","947","342","983","268","1005","633","1089","550","1250","464","1331","454","1337","381","194","609"
"LT-0061-JM6-21.dw.png","443","444","505","443","592","616","588","488","631","316","781","622","884","680","845","636","936","569","851","521","944","451","951","368","987","295","1013","662","1103","577","1255","504","1344","494","1350","422","200","609"
"LT-0061-JM6-22.dw.png","442","429","495","428","574","590","580","469","596","297","754","592","856","646","826","603","919","534","830","494","923","427","938","341","965","271","998","630","1091","546","1234","473","1307","462","1323","392","192","608"
"LT-0061-JM6-23.dw.png","451","440","496","437","578","599","599","495","610","309","746","603","871","666","837","616","914","549","858","508","942","428","952","337","984","274","1016","643","1092","573","1253","475","1326","461","1342","395","197","598"
"LT-0061-JM6-24.dw.png","425","457","482","456","550","628","568","511","608","339","721","641","835","711","810","663","882","592","820","549","907","478","925","389","961","331","974","693","1057","620","1221","536","1301","521","1316","460","165","601"
"LT-0061-JM6-25.dw.png","455","459","510","459","592","632","600","518","651","330","780","644","881","713","855","659","930","597","867","550","953","483","961","393","1000","330","1008","700","1090","628","1263","550","1338","530","1349","479","200","612"
"LT-0061-JM6-26.dw.png","439","435","490","431","574","592","573","477","606","298","766","598","866","656","837","616","914","547","846","506","924","428","942","345","968","273","991","638","1069","565","1241","474","1317","464","1325","395","198","598"
"LT-0061-JM6-27.dw.png","457","452","509","451","614","626","596","497","633","322","785","634","887","696","859","655","949","584","872","536","962","459","979","373","1017","295","1029","679","1120","597","1293","509","1354","502","1359","427","206","617"
"LT-0061-JM6-28.dw.png","431","426","485","423","578","588","578","473","598","299","740","590","844","645","810","607","894","534","834","502","916","429","923","341","952","265","990","626","1067","547","1217","464","1293","456","1314","384","192","583"
"LT-0061-JM6-29.dw.png","447","443","507","444","591","609","591","494","616","323","759","617","855","679","828","634","912","567","848","527","929","451","937","370","972","296","999","661","1082","582","1241","504","1314","498","1334","428","187","589"
"LT-0061-JM6-3.dw.png","408","441","465","439","551","601","550","493","575","308","717","605","835","668","805","619","885","555","829","517","905","431","916","341","949","278","976","646","1062","573","1228","483","1303","455","1319","407","187","598"
"LT-0061-JM6-30.dw.png","407","433","463","432","553","597","542","477","574","311","723","601","828","659","801","620","875","548","812","507","895","437","908","355","935","284","972","639","1048","564","1206","476","1281","466","1292","395","156","591"
"LT-0061-JM6-4.dw.png","434","441","493","440","580","612","565","486","602","328","740","618","833","679","809","635","888","571","823","525","909","463","923","379","953","312","967","666","1060","592","1228","516","1293","508","1305","443","181","596"
"LT-0061-JM6-5.dw.png","445","440","494","437","591","608","572","481","605","315","758","610","855","672","832","626","902","554","838","516","921","443","931","358","960","284","986","655","1075","572","1223","495","1298","488","1321","417","176","585"
"LT-0061-JM6-6.dw.png","433","438","486","436","578","601","583","490","610","318","744","611","845","675","813","629","897","567","827","524","914","460","921","376","946","302","975","663","1062","587","1214","509","1289","507","1305","439","196","582"
"LT-0061-JM6-7.dw.png","460","456","514","458","591","625","603","513","630","329","779","635","875","696","846","649","927","584","854","537","951","462","977","382","1016","314","1018","682","1098","615","1278","529","1344","510","1354","451","204","619"
"LT-0061-JM6-8.dw.png","429","450","481","451","571","624","575","513","616","332","744","641","841","708","813","659","894","593","831","548","921","481","928","394","970","321","978","691","1068","615","1235","535","1312","529","1324","451","185","604"
"LT-0061-JM6-9.dw.png","425","456","479","454","578","621","563","503","603","330","726","624","830","686","800","642","886","578","820","534","911","467","924","387","960","312","965","676","1053","603","1226","526","1305","521","1325","452","163","616"
"LT-0062-KAB17-1-1.dw.png","153","169","167","168","202","214","197","180","195","127","251","212","287","227","277","216","304","192","279","182","306","159","307","128","309","109","338","217","360","192","413","161","437","157","435","140"," 77","222"
"LT-0062-KAB17-1-2.dw.png","145","129","160","127","191","176","188","143","191"," 90","236","175","272","193","265","181","294","161","271","148","297","125","301"," 96","309"," 75","321","186","344","162","404","134","428","131","432","116"," 65","176"
"LT-0062-KAB17-2-1.dw.png","152","165","168","163","204","212","197","175","199","123","253","210","290","226","281","213","308","189","282","178","310","153","310","123","319","102","334","217","358","191","408","160","439","154","443","137"," 71","218"
"LT-0062-KAB17-2-2.dw.png","161","132","177","128","213","177","207","140","203"," 87","263","170","303","183","293","172","318","145","292","136","317","108","316"," 80","321"," 59","348","171","370","146","419","110","443","103","446"," 84"," 84","190"
"LT-0062-KAB17-3-1.dw.png","159","184","178","182","213","233","212","198","207","139","264","228","303","244","292","231","324","208","295","196","317","168","318","139","324","115","349","233","371","207","433","171","455","167","460","150"," 83","245"
"LT-0062-KAB17-3-2.dw.png","147","135","167","134","200","188","197","151","202"," 94","254","188","288","204","278","194","312","171","286","158","310","132","314","102","319"," 79","336","199","362","175","426","145","445","144","447","123"," 68","191"
"LT-0062-KAB17-4-1.dw.png","167","224","182","219","230","266","221","230","208","173","277","257","315","269","304","258","328","231","305","222","324","193","320","163","328","141","357","255","379","228","431","190","455","181","457","163"," 97","290"
"LT-0062-KAB17-4-2.dw.png","146","121","159","119","200","173","196","136","196"," 80","250","172","286","190","276","177","305","153","284","141","307","116","308"," 88","316"," 70","333","183","357","160","417","130","437","127","440","108"," 64","174"
"LT-0062-KAB17-5-1.dw.png","164","207","180","204","217","251","214","214","205","160","264","244","302","259","292","246","320","218","296","208","318","181","315","152","322","130","348","246","371","216","425","179","445","173","447","154"," 89","271"
"LT-0062-KAB17-5-2.dw.png","148","130","166","127","196","178","199","142","195"," 85","247","178","284","195","275","183","306","158","285","146","309","121","310"," 92","316"," 72","333","189","360","163","417","133","434","131","438","112"," 66","184"
"LT-0062-KAB17-6-1.dw.png","148","211","164","208","207","254","195","219","193","166","254","246","293","260","283","247","308","220","285","212","305","185","301","155","307","134","335","247","356","220","412","182","434","174","435","155"," 75","271"
"LT-0062-KAB17-6-2.dw.png","147","122","165","120","200","172","194","136","199"," 83","248","168","288","186","280","174","304","149","287","139","309","113","309"," 84","313"," 64","334","178","358","154","414","122","436","116","437"," 97"," 71","172"
"LT-0063-KAB19-1-1.dw.png","154","190","171","187","207","235","201","199","200","146","257","229","296","243","284","232","310","206","289","196","311","170","308","143","312","120","340","232","360","207","411","169","431","163","431","144"," 79","246"
"LT-0063-KAB19-1-2.dw.png","146","126","166","124","197","172","193","136","200"," 84","248","170","284","186","272","172","301","149","282","139","305","114","304"," 85","316"," 63","327","178","350","153","404","120","428","114","431"," 95"," 68","177"
"LT-0063-KAB19-2-1.dw.png","166","221","184","217","223","263","218","226","212","170","278","254","318","269","305","255","330","229","308","221","328","191","326","162","334","137","360","255","380","227","436","186","458","178","460","160"," 93","280"
"LT-0063-KAB19-2-2.dw.png","166","220","184","216","222","263","218","226","212","170","278","254","318","268","305","255","330","229","308","221","328","191","327","162","334","137","360","255","380","227","436","186","459","179","460","160"," 93","280"
"LT-0063-KAB19-3-1.dw.png","153","181","170","177","203","226","201","189","198","136","257","221","293","236","281","223","310","200","292","190","313","164","309","136","316","112","339","227","361","201","415","166","433","160","432","140"," 74","234"
"LT-0063-KAB19-3-2.dw.png","147","139","163","136","194","187","193","149","195"," 96","243","183","279","201","267","186","296","166","280","154","301","130","301","102","311"," 79","324","194","347","168","403","137","423","132","424","112"," 64","189"
"LT-0063-KAB19-4-1.dw.png","144","144","164","143","190","195","193","161","197","107","240","197","276","219","264","203","292","184","275","170","303","149","305","119","314"," 99","325","214","348","190","400","162","426","158","431","141"," 61","190"
"LT-0063-KAB19-4-2.dw.png","148","138","168","138","192","191","198","155","203","100","245","194","278","214","266","199","296","179","280","166","305","145","308","115","321"," 94","324","212","350","188","405","163","432","160","441","143"," 66","182"
"LT-0063-KAB19-5-1.dw.png","151","167","168","164","203","215","199","178","198","124","256","213","291","229","278","218","307","192","288","182","311","156","311","127","317","104","339","220","362","195","416","161","434","158","435","135"," 72","221"
"LT-0063-KAB19-5-2.dw.png","143","137","163","136","194","188","194","152","195"," 99","242","189","278","209","268","193","300","174","280","161","304","137","306","108","317"," 84","324","203","351","179","406","150","430","146","435","125"," 63","186"
"LT-0063-KAB19-6-1.dw.png","144","168","160","165","185","208","192","178","184","127","239","204","270","219","261","209","281","185","264","176","288","153","287","125","292","104","317","210","334","188","382","154","408","148","412","128"," 77","217"
"LT-0063-KAB19-6-2.dw.png","143","143","158","140","183","184","191","153","184","101","237","181","267","197","256","185","277","161","266","153","285","129","285","103","296"," 80","311","188","329","166","379","134","408","129","413","110"," 74","196"
"LT-0064-KAB32-1-1.dw.png","147","154","162","153","201","206","192","168","195","113","249","203","285","223","274","208","299","183","277","173","300","147","302","119","315"," 98","325","214","351","184","399","156","423","149","427","129"," 63","209"
"LT-0064-KAB32-1-2.dw.png","145","132","162","131","202","185","190","146","195"," 91","249","183","283","203","274","189","298","164","278","153","301","128","305","101","315"," 79","326","195","355","166","405","138","425","133","427","112"," 62","188"
"LT-0064-KAB32-2-1.dw.png","146","149","161","149","189","200","189","163","195","110","241","198","276","214","267","201","291","178","275","169","298","143","298","115","309"," 93","322","204","344","179","395","149","422","144","426","126"," 66","200"
"LT-0064-KAB32-2-2.dw.png","149","128","166","126","194","179","192","141","200"," 87","246","176","283","192","275","180","297","155","282","147","305","120","305"," 90","313"," 69","330","182","352","156","404","124","428","118","430"," 99"," 69","181"
"LT-0064-KAB32-3-1.dw.png","154","180","170","177","207","230","202","192","203","135","265","226","297","240","286","230","309","202","292","193","315","169","314","137","318","113","345","229","367","204","416","169","435","164","435","142"," 79","242"
"LT-0064-KAB32-3-2.dw.png","153","117","169","115","205","167","198","129","203"," 74","259","163","294","179","282","167","307","142","286","130","310","106","310"," 75","322"," 51","338","167","361","142","411","107","435","102","437"," 80"," 77","175"
"LT-0064-KAB32-4-1.dw.png","151","176","170","175","200","226","200","189","205","134","256","221","296","236","283","223","305","198","291","190","308","163","307","133","318","113","337","226","361","199","411","165","434","159","434","138"," 74","233"
"LT-0064-KAB32-4-2.dw.png","143","123","164","123","193","177","192","141","202"," 86","248","180","283","199","272","187","296","163","283","153","307","129","308"," 98","319"," 78","329","194","356","170","409","142","430","140","429","119"," 62","169"
"LT-0065-KAB41-1-1.dw.png","159","185","177","184","206","234","204","196","212","141","264","231","301","244","289","234","314","207","294","197","321","171","321","142","327","119","353","231","371","207","424","170","447","165","450","143"," 80","246"
"LT-0065-KAB41-1-2.dw.png","153","133","169","132","197","184","196","146","205"," 90","251","181","288","196","279","183","306","159","287","149","310","124","311"," 95","321"," 73","335","185","355","162","412","126","436","121","439","103"," 72","190"
"LT-0065-KAB41-2-1.dw.png","154","158","170","157","208","212","202","173","205","117","257","211","295","229","286","215","313","191","289","179","314","154","317","123","324"," 98","342","220","369","193","420","162","447","156","448","133"," 70","215"
"LT-0065-KAB41-2-2.dw.png","159","134","175","131","214","183","208","145","209"," 89","265","178","302","197","291","181","314","155","294","145","316","119","317"," 90","326"," 64","343","186","371","154","421","120","447","112","450"," 93"," 76","196"
"LT-0065-KAB41-3-1.dw.png","157","200","175","197","221","249","208","211","210","153","275","244","310","258","297","247","320","218","300","209","323","182","322","150","327","127","358","245","378","219","429","180","450","174","450","151"," 82","263"
"LT-0065-KAB41-3-2.dw.png","147","141","168","142","198","198","198","161","206","103","253","199","287","218","278","204","301","181","285","169","314","145","317","114","329"," 91","333","212","359","188","415","157","442","153","445","131"," 62","193"
"LT-0065-KAB41-4-1.dw.png","158","194","174","192","211","243","208","204","207","149","264","237","305","251","292","239","325","211","296","201","319","175","319","146","328","125","348","239","373","209","421","175","447","168","450","150"," 88","258"
"LT-0065-KAB41-4-2.dw.png","163","138","179","135","216","186","211","147","212"," 91","272","179","312","192","301","181","331","153","305","143","327","115","326"," 85","332"," 65","358","179","384","149","431","115","452","108","453"," 87"," 92","202"
"LT-0066-KAT02-1-1.dw.png","146","171","164","168","192","217","193","181","193","129","246","212","289","227","273","214","295","190","279","182","301","158","300","132","308","108","331","217","349","193","392","163","421","154","423","136"," 78","231"
"LT-0066-KAT02-1-2.dw.png","136","127","154","126","180","176","181","140","187"," 90","232","175","270","193","258","179","282","157","266","147","291","124","292"," 98","304"," 77","312","186","333","162","381","135","411","130","417","114"," 63","180"
"LT-0066-KAT02-2-1.dw.png","150","188","165","186","206","235","198","198","200","144","255","229","291","243","276","230","295","204","284","198","303","170","303","142","310","119","331","231","350","203","399","168","421","161","424","141"," 82","251"
"LT-0066-KAT02-2-2.dw.png","141","130","157","130","191","181","190","145","194"," 91","238","178","276","197","263","184","285","158","274","150","298","125","299"," 97","306"," 75","318","189","342","162","392","131","413","126","415","107"," 65","185"
"LT-0066-KAT02-3-1.dw.png","147","172","163","170","200","218","196","183","194","128","250","215","281","230","270","218","295","192","279","183","299","157","298","129","306","110","326","221","349","192","396","161","420","156","422","135"," 78","234"
"LT-0066-KAT02-3-2.dw.png","148","135","164","133","198","181","197","147","195"," 91","246","178","282","194","272","180","296","157","278","145","302","121","301"," 93","307"," 75","328","185","353","156","400","126","422","120","423","101"," 75","192"
"LT-0066-KAT02-4-1.dw.png","136","138","155","136","182","186","183","151","185"," 98","235","185","265","202","255","189","283","165","265","155","290","133","293","107","304"," 86","311","196","333","170","379","144","406","141","414","120"," 60","193"
"LT-0066-KAT02-4-2.dw.png","135","139","153","137","179","188","186","154","184"," 99","235","186","268","204","258","191","284","168","267","156","292","134","293","107","301"," 84","315","197","338","171","382","147","408","140","412","122"," 65","189"
"LT-0066-KAT02-5-1.dw.png","157","198","173","195","204","242","201","205","208","149","265","235","301","249","288","238","315","208","295","201","316","176","314","146","323","124","344","236","368","207","414","174","436","169","439","148"," 86","258"
"LT-0066-KAT02-5-2.dw.png","156","154","172","151","200","201","201","162","206","107","260","195","298","208","289","197","316","170","292","160","316","136","315","107","321"," 86","344","197","366","169","415","136","435","130","438","111"," 82","214"
"LT-0067-KGV06-1-1.dw.png","262","404","289","398","366","482","354","421","345","311","451","469","520","497","505","473","556","418","512","402","554","349","551","295","562","252","616","466","651","415","748","342","790","329","797","295","121","523"
"LT-0067-KGV06-1-2.dw.png","290","235","319","234","373","337","374","268","394","163","461","344","527","386","512","362","576","319","537","293","594","252","600","196","614","156","625","379","678","336","788","288","826","287","839","248","128","325"
"LT-0067-KGV06-2-1.dw.png","261","373","301","366","356","460","365","388","359","283","465","446","539","479","519","451","565","400","528","382","575","333","571","278","579","231","631","456","674","400","769","335","817","322","821","285","116","485"
"LT-0067-KGV06-2-2.dw.png","288","228","328","223","380","323","387","254","392","145","486","315","556","355","540","324","592","277","554","257","602","208","600","153","620","107","648","336","689","286","791","226","850","214","860","177","135","337"
"LT-0067-KGV06-3-1.dw.png","264","319","294","314","342","411","362","345","362","235","448","405","521","440","499","412","550","361","511","343","559","297","558","237","581","200","612","421","649","368","741","306","802","293","809","255","116","430"
"LT-0067-KGV06-3-2.dw.png","289","247","320","240","378","339","387","269","386","155","480","331","553","368","533","337","580","288","544","267","594","219","590","161","605","119","642","346","684","289","773","228","828","215","834","177","144","361"
"LT-0067-KGV06-4-1.dw.png","191","287","216","282","271","353","261","301","263","218","342","343","400","367","383","346","418","309","390","296","424","256","422","214","435","179","463","350","494","307","571","254","610","245","617","217"," 91","378"
"LT-0067-KGV06-4-2.dw.png","222","195","245","192","300","267","293","215","298","129","371","262","432","290","416","270","453","233","426","217","459","177","460","135","469","102","497","277","533","236","609","189","643","179","647","150","113","281"
"LT-0067-KGV06-5-1.dw.png","186","243","208","241","248","304","248","258","249","185","314","295","360","315","346","297","381","264","359","252","385","217","382","181","391","153","422","297","447","263","509","220","546","208","552","185"," 88","320"
"LT-0067-KGV06-5-2.dw.png","194","160","217","157","255","224","259","178","262","104","324","220","368","242","356","225","392","192","367","179","400","145","400","108","406"," 81","430","228","460","196","528","154","561","146","566","123"," 93","233"
"LT-0067-KGV06-6-1.dw.png","184","275","208","270","255","333","259","289","242","212","320","322","375","342","357","324","387","289","361","278","391","243","388","203","393","175","437","323","463","286","523","239","555","230","557","204"," 87","364"
"LT-0067-KGV06-6-2.dw.png","191","173","216","168","262","235","268","190","252","112","326","226","377","248","361","230","395","195","370","183","400","150","400","112","410"," 82","438","232","465","194","530","151","567","143","570","119"," 91","257"
"LT-0068-MG9-1-1.dw.png","204","234","229","229","270","301","272","251","276","171","347","296","404","321","385","301","428","268","396","251","431","218","434","179","451","147","473","308","505","269","577","228","616","219","624","193"," 88","304"
"LT-0068-MG9-1-2.dw.png","203","177","229","175","267","251","274","201","279","120","342","251","396","280","379","258","418","227","395","210","432","179","438","138","453","106","470","269","506","236","576","201","613","194","620","166"," 83","244"
"LT-0068-MG9-2-1.dw.png","188","290","214","282","272","357","261","303","263","216","352","348","409","370","392","350","427","313","397","301","430","262","427","218","441","180","480","354","510","314","582","263","623","251","630","224"," 74","376"
"LT-0068-MG9-2-2.dw.png","200","191","228","187","277","269","276","213","283","128","357","266","410","295","396","274","434","242","405","221","443","187","444","145","466","107","479","285","515","249","592","206","642","197","655","169"," 78","262"
"LT-0068-MG9-3-1.dw.png","204","290","226","286","285","363","272","306","274","217","357","353","414","376","396","355","441","316","405","302","438","261","439","217","457","181","481","357","511","315","597","262","636","253","642","223"," 82","386"
"LT-0068-MG9-3-2.dw.png","226","211","247","207","301","289","293","231","303","142","373","286","428","313","411","292","460","258","423","237","464","201","469","156","486","122","498","301","532","261","620","216","655","209","660","180"," 97","292"
"LT-0068-MG9-4-1.dw.png","210","277","238","275","293","353","282","295","289","207","373","346","430","370","412","351","452","314","418","294","457","255","457","209","468","172","501","352","529","313","617","258","652","247","655","220"," 93","369"
"LT-0068-MG9-4-2.dw.png","222","209","247","207","291","290","294","234","304","144","374","287","428","317","416","295","457","261","430","242","466","204","470","157","490","122","496","305","530","268","627","219","665","214","674","186"," 97","291"
"LT-0068-MG9-5-1.dw.png","202","287","224","281","295","356","270","300","273","215","362","348","416","368","400","353","436","311","400","296","440","258","439","216","448","179","485","352","518","312","590","262","628","252","632","221"," 89","380"
"LT-0068-MG9-5-2.dw.png","215","190","240","187","301","268","282","211","293","127","366","267","417","296","404","276","443","240","412","220","453","187","459","146","476","109","487","284","522","249","603","208","646","202","654","175"," 93","268"
"LT-0068-MG9-6-1.dw.png","212","275","236","269","289","341","283","288","276","208","368","332","417","357","403","338","441","302","416","287","447","246","446","202","453","171","490","339","521","301","599","253","631","242","633","213","100","359"
"LT-0068-MG9-6-2.dw.png","201","187","224","183","267","256","265","202","269","126","346","254","394","281","381","262","415","226","399","213","433","173","434","132","450","100","466","268","497","231","580","189","617","181","624","154"," 80","262"
"LT-0068-MG9-7-1.dw.png","182","348","209","338","265","406","259","354","246","273","348","390","399","409","378","391","403","348","385","340","414","298","405","254","417","218","468","382","495","339","561","284","596","272","601","241"," 83","444"
"LT-0068-MG9-7-2.dw.png","209","183","236","180","282","258","285","206","289","125","363","261","411","287","394","267","427","231","416","221","449","183","451","139","466","106","483","276","517","241","595","201","634","197","642","168"," 93","256"
"LT-0068-MG9-8-1.dw.png","207","262","233","258","288","336","285","280","283","192","367","330","423","358","407","336","445","297","417","282","451","241","451","196","469","160","497","341","530","299","605","253","649","244","658","214"," 88","349"
"LT-0068-MG9-8-2.dw.png","216","215","240","208","310","280","296","225","287","136","384","268","443","290","425","271","459","228","430","215","462","173","456","126","468"," 88","515","268","546","224","618","172","654","158","659","127","104","311"
"LT-0068-MG9-9-1.dw.png","210","251","232","248","285","328","282","272","282","186","365","320","420","347","405","326","445","287","415","272","448","233","446","192","461","160","491","330","521","291","596","244","638","235","646","208"," 93","337"
"LT-0068-MG9-9-2.dw.png","204","191","226","188","282","268","275","211","278","124","358","263","413","287","400","267","443","229","411","214","444","174","444","133","456","100","487","269","520","231","591","187","631","177","634","148"," 86","276"
"LT-0069-VR08-1-1.dw.png","137","134","152","134","176","181","180","149","184"," 99","223","182","261","202","250","187","277","168","259","156","284","134","287","106","298"," 89","300","197","326","174","377","146","403","142","407","125"," 60","178"
"LT-0069-VR08-1-2.dw.png","142","149","158","147","185","194","186","161","188","111","231","191","271","207","261","195","285","173","267","163","291","139","292","112","298"," 93","314","200","337","175","385","144","408","138","410","120"," 68","200"
"LT-0069-VR08-2-1.dw.png","158","217","177","212","210","258","206","223","203","168","262","249","302","260","291","248","315","223","290","215","312","188","307","158","312","135","344","247","365","218","411","181","431","173","430","155"," 93","278"
"LT-0069-VR08-2-2.dw.png","142","123","163","121","185","171","192","135","193"," 82","239","169","273","185","265","172","294","150","272","139","295","115","296"," 86","307"," 65","315","178","342","151","395","121","417","117","422"," 98"," 68","176"
"LT-0069-VR08-3-1.dw.png","153","194","163","192","187","229","193","200","186","152","238","222","277","236","264","224","284","200","270","193","289","167","288","144","296","123","316","224","333","199","382","163","409","156","409","137"," 87","248"
"LT-0069-VR08-3-2.dw.png","143","130","154","130","166","172","183","148","187"," 99","218","180","253","204","242","189","270","173","257","162","284","142","288","118","297","100","294","204","316","185","375","163","400","163","404","145"," 69","164"
"LT-0069-VR08-4-1.dw.png","156","206","171","202","210","248","206","214","198","161","257","240","294","252","282","241","305","215","283","207","306","181","302","153","306","132","338","238","357","211","399","175","421","166","422","148"," 86","268"
"LT-0069-VR08-4-2.dw.png","138","134","156","133","180","184","184","149","188"," 97","231","184","266","203","254","190","281","167","263","156","289","136","290","106","301"," 86","310","196","335","172","382","145","409","142","416","123"," 59","184"
"LT-0069-VR08-5-1.dw.png","149","176","164","173","197","219","196","187","195","133","243","214","280","229","270","217","295","193","276","183","299","158","295","130","305","108","322","218","343","192","393","160","417","154","420","136"," 74","230"
"LT-0069-VR08-5-2.dw.png","138","137","153","136","180","186","181","152","191","100","230","186","264","204","253","192","280","169","264","159","291","139","292","110","300"," 90","309","199","332","177","386","150","408","149","409","128"," 58","184"
"LT-0069-VR08-6-1.dw.png","148","171","166","169","195","216","197","182","197","127","244","210","282","226","270","214","295","190","278","181","300","156","300","127","309","105","323","217","345","191","398","157","422","154","426","135"," 74","228"
"LT-0069-VR08-6-2-1.dw.png","148","134","166","132","195","179","194","146","197"," 92","243","175","282","190","272","178","296","155","278","146","304","120","303"," 91","309"," 69","324","182","348","156","398","123","421","117","424"," 97"," 75","190"
"LT-0069-VR08-6-2.dw.png","147","170","165","169","195","215","197","181","197","126","243","209","281","225","270","213","295","190","278","180","300","156","299","126","309","105","322","217","345","190","397","157","421","153","425","134"," 74","227"
"LT-0070-MZ06-1-1.dw.png","160","234","177","229","214","268","207","237","200","183","258","257","299","266","287","255","304","228","283","222","304","196","301","169","304","147","339","251","356","221","393","185","420","175","422","158"," 95","295"
"LT-0070-MZ06-1-2.dw.png","153","186","168","184","202","226","199","193","198","139","250","219","290","233","278","219","297","194","278","186","303","162","301","134","304","112","332","220","352","193","394","161","420","152","422","132"," 82","241"
"LT-0070-MZ06-2-1.dw.png","153","201","168","198","201","240","194","207","195","154","244","233","282","244","272","233","292","208","272","202","294","174","293","147","300","122","324","232","344","204","388","171","409","163","409","140"," 88","260"
"LT-0070-MZ06-2-2.dw.png","143","166","157","164","188","209","184","175","188","122","231","206","268","219","258","208","283","185","260","175","284","149","285","122","293","104","308","210","331","183","377","153","401","146","404","129"," 73","220"
"LT-0070-MZ06-3-1.dw.png","151","209","166","204","202","246","197","213","192","161","251","237","290","248","277","237","298","213","277","205","295","180","294","153","299","133","329","235","345","210","390","173","412","165","411","148"," 93","268"
"LT-0070-MZ06-3-2.dw.png","150","167","164","163","203","205","195","172","191","119","252","197","290","208","279","198","300","174","276","165","295","140","294","114","300"," 93","330","196","346","171","392","135","413","127","412","111"," 91","224"
"LT-0070-MZ06-4-1.dw.png","151","208","166","204","200","246","195","212","191","160","248","237","289","249","277","237","293","212","276","206","294","179","292","153","298","134","325","236","346","208","389","172","409","164","408","148"," 89","268"
"LT-0070-MZ06-4-2.dw.png","144","152","159","149","191","194","186","160","186","109","236","188","277","202","266","190","285","166","268","158","287","133","287","109","294"," 90","315","192","338","166","383","132","403","126","405","110"," 77","210"
"LT-0070-MZ06-5-1.dw.png","134","225","150","220","193","261","181","227","177","174","236","251","273","260","262","249","281","222","262","216","278","191","274","163","279","143","312","244","329","217","371","181","392","173","391","154"," 69","289"
"LT-0070-MZ06-5-2.dw.png","142","169","158","165","198","208","190","174","189","120","245","199","282","209","272","199","289","172","273","166","290","140","287","114","291"," 93","321","196","339","169","383","133","404","124","403","107"," 75","229"
"LT-0071-PUV09-1-1.dw.png","143","235","159","231","196","273","186","240","183","187","239","264","284","273","270","262","294","235","271","228","289","200","282","173","286","151","326","256","342","227","390","188","409","179","406","160"," 79","301"
"LT-0071-PUV09-1-2.dw.png","137","159","155","156","189","199","182","165","181","113","231","191","274","202","262","191","286","165","263","156","285","129","279","103","284"," 81","317","187","336","159","385","120","404","113","404"," 96"," 71","222"
"LT-0071-PUV09-2-1.dw.png","151","193","166","190","200","233","197","201","195","149","249","227","285","240","273","228","298","204","275","196","296","169","292","144","297","124","324","227","345","201","390","167","416","158","416","140"," 80","247"
"LT-0071-PUV09-2-2.dw.png","145","141","162","138","192","182","191","150","190"," 99","237","177","276","192","265","180","290","157","268","147","289","122","286"," 96","292"," 78","316","181","337","154","383","123","408","116","410"," 99"," 74","192"
"LT-0071-PUV09-3-1.dw.png","151","215","166","211","201","248","197","220","193","168","249","237","286","247","274","236","292","213","272","207","291","183","285","157","288","136","325","234","343","208","383","174","406","167","405","150"," 88","270"
"LT-0071-PUV09-3-2.dw.png","150","143","164","139","199","177","192","148","191"," 97","246","168","282","178","273","166","289","143","271","137","288","114","283"," 87","287"," 66","323","163","340","139","378","105","402"," 97","402"," 80"," 86","198"
"LT-0071-PUV09-4-1.dw.png","152","143","168","139","204","183","198","150","199"," 98","256","174","295","185","282","173","303","150","284","143","303","117","299"," 92","304"," 70","339","171","356","146","399","112","423","105","420"," 86"," 88","199"
"LT-0071-PUV09-4-2.dw.png","152","143","167","139","203","183","197","151","198"," 98","255","174","293","184","281","173","302","150","283","143","302","117","298"," 92","303"," 71","337","171","355","146","397","112","421","105","419"," 86"," 87","199"
"LT-0071-PUV09-5-1.dw.png","142","214","155","210","196","255","186","220","185","165","243","245","282","255","273","244","291","221","270","213","287","184","285","159","291","136","322","241","339","217","384","178","406","170","408","152"," 76","276"
"LT-0071-PUV09-5-2.dw.png","146","148","160","146","200","193","188","155","195","100","250","187","287","197","278","187","298","164","278","155","296","127","295","102","301"," 81","329","185","347","163","394","129","415","122","417","105"," 78","204"
"LT-0072-PUV20-1-1.dw.png","163","238","177","233","214","272","206","240","201","190","258","261","302","270","289","259","309","232","289","227","307","200","301","174","303","151","339","253","355","228","402","186","420","177","417","159"," 96","301"
"LT-0072-PUV20-1-2.dw.png","157","151","172","148","206","189","201","156","199","105","247","181","292","191","281","179","302","154","284","147","303","121","300"," 95","303"," 73","333","175","351","150","398","112","417","105","415"," 88"," 88","210"
"LT-0072-PUV20-2-1.dw.png","158","226","172","220","212","259","198","228","194","180","257","250","296","260","285","249","297","224","278","216","296","189","293","164","298","142","333","246","349","218","390","181","411","172","409","154"," 91","287"
"LT-0072-PUV20-2-2.dw.png","150","155","165","150","204","191","195","160","189","111","248","182","285","195","275","183","289","159","269","150","289","126","288","100","295"," 79","324","182","340","156","383","121","405","113","403"," 95"," 82","213"
"LT-0072-PUV20-3-1.dw.png","151","196","166","193","205","235","197","203","196","151","246","229","281","242","273","231","298","205","278","198","297","171","292","146","298","123","324","229","344","203","389","169","413","160","415","142"," 80","256"
"LT-0072-PUV20-3-2.dw.png","154","159","170","155","208","199","201","168","198","115","249","191","287","204","277","192","302","167","282","158","301","133","295","108","299"," 86","329","189","350","162","395","128","417","121","417","102"," 82","219"
"LT-0072-PUV20-4-1.dw.png","155","216","171","210","208","254","202","220","196","166","254","244","287","256","279","243","300","218","280","211","297","183","295","156","299","134","327","241","348","214","392","176","415","168","417","150"," 91","277"
"LT-0072-PUV20-4-2.dw.png","148","146","163","142","199","187","192","152","192","100","247","179","279","194","270","182","293","157","274","148","293","122","293"," 96","299"," 75","318","183","341","156","388","123","411","116","415","100"," 79","202"
"LT-0072-PUV20-5-1.dw.png","153","207","167","204","203","246","196","213","194","163","248","237","286","250","275","237","296","213","277","204","296","179","289","153","293","132","324","236","344","208","390","172","407","164","405","147"," 86","269"
"LT-0072-PUV20-5-2.dw.png","147","159","162","156","194","201","189","167","190","116","240","195","275","208","267","197","291","172","269","163","291","139","284","113","290"," 92","316","197","335","171","384","137","404","131","403","112"," 76","216"
"LT-0073-VG16-1-1.dw.png","163","247","178","242","217","282","206","250","200","197","266","269","302","280","290","268","312","241","288","234","307","204","301","178","305","156","342","264","362","232","406","193","425","183","420","163"," 96","310"
"LT-0073-VG16-1-2.dw.png","146","159","161","154","198","196","191","163","185","110","248","185","284","196","273","185","296","157","270","150","288","121","284"," 94","289"," 71","325","179","343","148","387","109","408","102","405"," 83"," 79","222"
"LT-0073-VG16-2-1.dw.png","154","213","168","210","209","254","200","219","196","169","258","244","292","256","283","245","298","218","280","212","300","185","295","158","300","137","335","242","355","211","393","178","413","169","411","150"," 91","276"
"LT-0073-VG16-2-2.dw.png","155","140","169","136","208","180","201","145","196"," 94","256","169","292","182","281","170","298","144","280","137","298","110","296"," 84","301"," 63","333","167","354","137","393","103","414"," 95","414"," 79"," 88","200"
"LT-0073-VG16-3-1.dw.png","153","199","167","197","206","240","198","208","196","157","253","232","291","245","281","235","301","209","278","202","297","175","294","150","300","129","333","233","353","205","393","173","416","165","415","146"," 83","259"
"LT-0073-VG16-3-2.dw.png","152","147","168","144","201","186","198","155","193","104","250","178","287","190","277","179","295","154","274","147","294","121","291"," 96","297"," 77","327","178","348","148","389","116","412","109","412"," 93"," 83","206"
"LT-0073-VG16-4-1.dw.png","156","222","171","216","205","258","198","225","193","178","256","246","293","257","281","247","300","223","280","215","296","190","291","164","295","143","330","244","350","215","389","179","412","170","409","151"," 91","282"
"LT-0073-VG16-4-2.dw.png","149","159","165","155","196","198","195","164","191","116","249","188","281","200","273","189","294","166","274","158","290","134","286","109","294"," 87","322","188","341","161","382","131","408","120","406","103"," 82","217"
"LT-0073-VG16-5-1.dw.png","149","203","164","200","204","240","195","210","191","160","250","233","289","244","279","233","296","209","278","203","296","178","293","151","298","130","328","232","347","203","388","171","407","164","408","147"," 85","262"
"LT-0073-VG16-5-2.dw.png","146","157","161","153","200","195","191","164","190","114","244","189","283","201","273","189","294","167","276","159","294","135","291","108","298"," 88","322","190","343","162","385","131","407","124","408","108"," 79","212"
"LT-0074-VG34-1-1.dw.png","124","245","138","240","177","280","167","247","163","197","228","269","265","278","253","268","276","240","250","232","270","204","266","178","271","158","309","261","324","232","367","194","392","183","391","165"," 64","313"
"LT-0074-VG34-1-2.dw.png","125","166","139","162","175","207","166","171","169","122","226","199","264","214","251","202","277","176","256","167","277","140","274","114","280"," 95","309","201","329","173","374","142","399","133","400","114"," 57","226"
"LT-0074-VG34-2-1.dw.png","155","243","169","238","214","277","204","246","194","194","258","264","296","274","284","262","303","235","283","230","300","203","295","177","299","155","334","258","352","229","394","191","417","181","417","163"," 95","310"
"LT-0074-VG34-2-2.dw.png","130","145","147","143","182","189","175","155","176","103","233","184","266","199","255","187","278","163","259","154","279","129","279","102","286"," 82","305","189","329","163","376","132","398","128","401","108"," 61","204"
"LT-0074-VG34-3-1.dw.png","126","208","142","204","175","247","171","213","169","163","224","237","264","249","252","237","273","212","256","205","274","179","269","153","274","133","301","237","321","210","368","174","389","165","389","149"," 65","269"
"LT-0074-VG34-3-2.dw.png","144","171","159","168","190","213","187","179","188","129","238","207","276","223","265","210","287","187","270","178","290","153","288","127","297","107","317","212","335","187","384","157","406","149","411","132"," 77","227"
"LT-0074-VG34-4-1.dw.png","125","227","139","222","182","263","173","230","166","178","226","253","262","265","252","253","271","226","251","219","271","190","269","164","272","143","303","249","322","223","365","184","389","174","390","156"," 63","292"
"LT-0074-VG34-4-2.dw.png","136","139","151","136","192","181","189","148","181"," 94","235","176","269","190","259","177","282","154","261","144","283","118","282"," 91","290"," 70","310","180","329","154","378","121","403","112","405"," 94"," 71","200"
"LT-0074-VG34-5-1.dw.png","150","206","164","201","205","246","198","211","192","159","254","237","288","249","277","238","302","214","275","204","300","179","300","153","305","130","330","236","349","210","398","175","419","168","419","149"," 85","267"
"LT-0074-VG34-5-2.dw.png","147","161","160","159","200","204","195","169","192","116","252","198","287","212","275","199","300","177","274","166","301","141","301","114","307"," 95","327","201","349","175","399","141","419","135","422","115"," 78","220"
"LT-0074-VG34-6-1.dw.png","159","254","173","249","213","288","203","253","194","204","259","275","300","282","286","273","308","244","284","238","303","209","295","182","298","161","339","264","355","235","396","197","418","187","415","168"," 95","321"
"LT-0074-VG34-6-2.dw.png","153","166","168","163","200","207","195","170","193","119","252","199","286","209","278","200","301","173","279","166","299","139","295","112","301"," 91","329","196","347","171","392","138","416","130","417","111"," 83","229"
"LT-0074-VG34-7-1.dw.png","125","240","138","235","177","276","170","242","162","193","226","264","263","274","250","264","269","235","249","230","269","200","262","173","264","152","306","255","322","225","362","189","382","181","381","165"," 62","308"
"LT-0074-VG34-7-2.dw.png","109","147","125","144","157","190","156","155","153","105","204","184","241","198","231","186","254","161","235","151","257","126","254"," 99","262"," 79","286","187","305","158","349","126","372","121","374","101"," 39","206"
"LT-0075-VS10-1-1.dw.png","174","278","196","275","257","353","250","298","249","209","343","345","400","370","382","350","413","312","390","299","417","255","417","211","431","173","462","356","501","314","580","262","610","251","616","220"," 60","370"
"LT-0075-VS10-1-2.dw.png","222","189","246","190","296","276","292","217","307","132","380","279","426","311","413","288","447","251","429","239","461","201","467","155","494","121","490","305","531","267","616","226","652","223","662","190"," 96","266"
"LT-0075-VS10-2-1.dw.png","248","317","276","312","336","392","324","333","323","240","419","380","483","402","462","382","503","339","463","323","498","281","499","236","517","200","550","381","582","338","661","283","703","272","712","240","128","415"
"LT-0075-VS10-2-2.dw.png","211","196","235","195","293","278","283","215","291","125","378","272","440","298","423","277","466","236","428","219","465","180","470","134","484"," 98","514","284","548","241","626","191","667","181","672","150"," 84","287"
"LT-0075-VS10-3-1.dw.png","125","297","153","294","205","367","203","311","209","218","287","358","348","381","331","361","369","320","342","306","376","264","369","218","386","183","415","363","452","320","532","268","568","259","575","232"," 26","397"
"LT-0075-VS10-3-2.dw.png","103","225","129","216","196","282","179","229","177","138","271","265","338","281","318","265","351","220","320","207","352","166","345","121","352"," 86","409","256","442","212","516","151","546","138","545","109"," 16","328"
"LT-0075-VS10-4-1.dw.png","225","236","255","237","291","323","301","262","315","176","385","327","442","360","427","338","473","303","446","283","483","246","488","200","512","167","512","350","549","315","642","275","686","270","698","239"," 98","317"
"LT-0075-VS10-4-2.dw.png","231","189","264","188","308","270","308","209","323","122","395","265","457","294","442","273","485","236","454","218","492","180","495","132","511"," 97","529","280","565","242","655","191","694","185","701","156","113","281"
"LT-0075-VS10-5-1.dw.png","211","240","235","238","284","319","278","258","284","171","368","316","421","342","407","321","449","284","410","263","447","227","454","184","471","152","494","328","528","287","601","243","643","235","653","203"," 94","331"
"LT-0075-VS10-5-2.dw.png","204","203","226","196","285","271","278","212","269","125","366","259","425","279","409","261","447","219","405","203","438","161","438","119","449"," 84","496","256","526","213","595","160","631","148","630","119"," 97","305"
"LT-0075-VS10-6-1.dw.png","222","267","250","264","307","343","297","285","307","197","391","335","451","362","429","342","468","299","441","285","475","250","478","208","487","173","520","346","554","304","636","251","669","244","674","212","106","359"
"LT-0075-VS10-6-2.dw.png","232","199","262","201","301","288","308","230","327","140","384","291","439","324","424","300","465","266","447","250","482","212","490","166","511","134","507","317","549","281","638","242","681","240","693","212","104","274"
"LT-0075-VS10-7-1.dw.png","217","226","244","224","294","305","293","249","298","165","374","302","430","330","416","310","454","272","429","257","463","220","467","177","481","145","501","318","540","280","620","236","662","226","670","200","104","312"
"LT-0075-VS10-7-2.dw.png","224","211","252","204","298","280","302","224","299","141","380","265","438","285","423","266","458","227","435","214","464","173","460","132","477"," 95","506","265","537","224","622","168","665","159","667","129","120","309"
"LT-0076-VS16-1_1.dw.png","210","348","237","341","295","414","285","359","277","272","373","399","438","416","416","401","447","356","417","347","445","302","439","258","445","221","500","394","532","346","601","291","639","278","644","246"," 97","449"
"LT-0076-VS16-1_2.dw.png","236","179","267","183","293","263","304","212","323","129","373","272","429","308","414","287","457","256","433","234","472","202","480","160","502","130","497","304","541","270","623","235","667","233","680","204"," 99","239"
"LT-0076-VS16-2_1.dw.png","214","260","241","258","296","337","289","281","293","195","375","331","434","356","420","336","452","297","425","281","457","244","455","202","466","166","504","340","543","298","617","251","654","241","659","213"," 95","343"
"LT-0076-VS16-2_2.dw.png","249","198","276","194","328","266","323","215","322","128","407","255","466","276","452","257","484","217","452","205","483","161","480","119","494"," 85","531","256","567","209","641","156","683","144","690","117","131","293"
"LT-0076-VS16-3_1.dw.png","229","313","258","308","317","391","307","331","307","236","400","381","463","408","443","388","490","344","448","327","487","281","484","235","501","195","533","387","571","340","660","284","697","276","703","242","103","417"
"LT-0076-VS16-3_2.dw.png","250","220","278","218","329","309","322","242","333","152","418","304","479","333","463","313","505","270","468","250","510","208","514","162","526","123","555","320","597","273","686","223","720","218","725","182","113","313"
"LT-0076-VS16-4_1.dw.png","226","323","256","317","310","395","305","337","302","247","392","384","461","407","444","389","473","346","441","329","481","287","478","242","485","204","534","386","569","340","648","290","692","274","696","242","100","417"
"LT-0076-VS16-4_2.dw.png","209","203","237","200","291","279","285","222","288","129","369","269","435","291","422","272","456","232","422","216","458","171","458","125","474"," 91","509","273","542","230","629","175","674","163","685","133"," 80","296"
"LT-0076-VS16-5_1.dw.png","193","263","221","261","275","340","269","285","272","197","353","332","410","356","397","336","427","300","401","286","438","243","438","202","455","168","475","341","511","299","594","250","632","241","642","214"," 73","351"
"LT-0076-VS16-5_2.dw.png","211","213","236","208","296","284","288","229","282","141","384","271","445","290","425","271","457","232","424","220","460","175","454","131","462"," 95","510","268","544","225","619","167","652","155","656","127"," 97","307"
