file,sample,latitude,longitude,date,resolution,notes
NL-0001-03-03-2024-K01-6957.dw.png,NL-0001,53.0895221,4.8092161,2024,,
NL-0001-03-03-2024-K01-6958.dw.png,NL-0001,53.0895221,4.8092161,2024,,
NL-0001-03-03-2024-K01-6959.dw.png,NL-0001,53.0895221,4.8092161,2024,,
NL-0001-03-03-2024-K01-6960.dw.png,NL-0001,53.0895221,4.8092161,2024,,
NL-0001-03-03-2024-K01-6961.dw.png,NL-0001,53.0895221,4.8092161,2024,,
NL-0001-03-03-2024-K01-6962.dw.png,NL-0001,53.0895221,4.8092161,2024,,
NL-0001-03-03-2024-K01-6963.dw.png,NL-0001,53.0895221,4.8092161,2024,,
NL-0001-03-03-2024-K01-6964.dw.png,NL-0001,53.0895221,4.8092161,2024,,
NL-0001-03-03-2024-K01-6965.dw.png,NL-0001,53.0895221,4.8092161,2024,,
NL-0001-03-03-2024-K01-6966.dw.png,NL-0001,53.0895221,4.8092161,2024,,
NL-0001-03-03-2024-K01-6968.dw.png,NL-0001,53.0895221,4.8092161,2024,,
NL-0001-03-03-2024-K01-6969.dw.png,NL-0001,53.0895221,4.8092161,2024,,
NL-0001-03-03-2024-K01-6970.dw.png,NL-0001,53.0895221,4.8092161,2024,,
NL-0001-03-03-2024-K01-6971.dw.png,NL-0001,53.0895221,4.8092161,2024,,
NL-0001-03-03-2024-K01-6972.dw.png,NL-0001,53.0895221,4.8092161,2024,,
NL-0001-03-03-2024-K01-6973.dw.png,NL-0001,53.0895221,4.8092161,2024,,
NL-0001-03-03-2024-K01-6974.dw.png,NL-0001,53.0895221,4.8092161,2024,,
NL-0001-03-03-2024-K01-6975.dw.png,NL-0001,53.0895221,4.8092161,2024,,
NL-0001-03-03-2024-K01-6976.dw.png,NL-0001,53.0895221,4.8092161,2024,,
NL-0001-03-03-2024-K01-6977.dw.png,NL-0001,53.0895221,4.8092161,2024,,
NL-0001-03-03-2024-K01-6978.dw.png,NL-0001,53.0895221,4.8092161,2024,,
NL-0001-03-03-2024-K01-6979.dw.png,NL-0001,53.0895221,4.8092161,2024,,
NL-0001-03-03-2024-K01-6980.dw.png,NL-0001,53.0895221,4.8092161,2024,,
NL-0001-03-03-2024-K01-6981.dw.png,NL-0001,53.0895221,4.8092161,2024,,
NL-0001-03-03-2024-K01-6982.dw.png,NL-0001,53.0895221,4.8092161,2024,,
NL-0001-03-03-2024-K01-6983.dw.png,NL-0001,53.0895221,4.8092161,2024,,
NL-0001-03-03-2024-K01-6984.dw.png,NL-0001,53.0895221,4.8092161,2024,,
NL-0001-03-03-2024-K01-6985.dw.png,NL-0001,53.0895221,4.8092161,2024,,
NL-0001-03-03-2024-K01-6986.dw.png,NL-0001,53.0895221,4.8092161,2024,,
NL-0001-03-03-2024-K01-6987.dw.png,NL-0001,53.0895221,4.8092161,2024,,
NL-0001-03-03-2024-K01-6988.dw.png,NL-0001,53.0895221,4.8092161,2024,,
NL-0002-03-03-2024-K02-6989.dw.png,NL-0002,53.0895221,4.8092161,2024,,
NL-0002-03-03-2024-K02-6990.dw.png,NL-0002,53.0895221,4.8092161,2024,,
NL-0002-03-03-2024-K02-6991.dw.png,NL-0002,53.0895221,4.8092161,2024,,
NL-0002-03-03-2024-K02-6992.dw.png,NL-0002,53.0895221,4.8092161,2024,,
NL-0002-03-03-2024-K02-6993.dw.png,NL-0002,53.0895221,4.8092161,2024,,
NL-0002-03-03-2024-K02-6994.dw.png,NL-0002,53.0895221,4.8092161,2024,,
NL-0002-03-03-2024-K02-6995.dw.png,NL-0002,53.0895221,4.8092161,2024,,
NL-0002-03-03-2024-K02-6996.dw.png,NL-0002,53.0895221,4.8092161,2024,,
NL-0002-03-03-2024-K02-6997.dw.png,NL-0002,53.0895221,4.8092161,2024,,
NL-0002-03-03-2024-K02-6998.dw.png,NL-0002,53.0895221,4.8092161,2024,,
NL-0002-03-03-2024-K02-6999.dw.png,NL-0002,53.0895221,4.8092161,2024,,
NL-0002-03-03-2024-K02-7001.dw.png,NL-0002,53.0895221,4.8092161,2024,,
NL-0002-03-03-2024-K02-7002.dw.png,NL-0002,53.0895221,4.8092161,2024,,
NL-0002-03-03-2024-K02-7003.dw.png,NL-0002,53.0895221,4.8092161,2024,,
NL-0002-03-03-2024-K02-7004.dw.png,NL-0002,53.0895221,4.8092161,2024,,
NL-0002-03-03-2024-K02-7005.dw.png,NL-0002,53.0895221,4.8092161,2024,,
NL-0002-03-03-2024-K02-7006.dw.png,NL-0002,53.0895221,4.8092161,2024,,
NL-0002-03-03-2024-K02-7007.dw.png,NL-0002,53.0895221,4.8092161,2024,,
NL-0002-03-03-2024-K02-7008.dw.png,NL-0002,53.0895221,4.8092161,2024,,
NL-0002-03-03-2024-K02-7009.dw.png,NL-0002,53.0895221,4.8092161,2024,,
NL-0002-03-03-2024-K02-7010.dw.png,NL-0002,53.0895221,4.8092161,2024,,
NL-0002-03-03-2024-K02-7011.dw.png,NL-0002,53.0895221,4.8092161,2024,,
NL-0002-03-03-2024-K02-7012.dw.png,NL-0002,53.0895221,4.8092161,2024,,
NL-0002-03-03-2024-K02-7013.dw.png,NL-0002,53.0895221,4.8092161,2024,,
NL-0002-03-03-2024-K02-7014.dw.png,NL-0002,53.0895221,4.8092161,2024,,
NL-0002-03-03-2024-K02-7015.dw.png,NL-0002,53.0895221,4.8092161,2024,,
NL-0002-03-03-2024-K02-7016.dw.png,NL-0002,53.0895221,4.8092161,2024,,
NL-0002-03-03-2024-K02-7017.dw.png,NL-0002,53.0895221,4.8092161,2024,,
NL-0002-03-03-2024-K02-7018.dw.png,NL-0002,53.0895221,4.8092161,2024,,
NL-0003-08-19-2024-K01-5858.dw.png,NL-0003,53.0895221,4.8092161,2024,,
NL-0003-08-19-2024-K01-5859.dw.png,NL-0003,53.0895221,4.8092161,2024,,
NL-0003-08-19-2024-K01-5860.dw.png,NL-0003,53.0895221,4.8092161,2024,,
NL-0003-08-19-2024-K01-5861.dw.png,NL-0003,53.0895221,4.8092161,2024,,
NL-0003-08-19-2024-K01-5862.dw.png,NL-0003,53.0895221,4.8092161,2024,,
NL-0003-08-19-2024-K01-5863.dw.png,NL-0003,53.0895221,4.8092161,2024,,
NL-0003-08-19-2024-K01-5864.dw.png,NL-0003,53.0895221,4.8092161,2024,,
NL-0003-08-19-2024-K01-5865.dw.png,NL-0003,53.0895221,4.8092161,2024,,
NL-0003-08-19-2024-K01-5866.dw.png,NL-0003,53.0895221,4.8092161,2024,,
NL-0003-08-19-2024-K01-5867.dw.png,NL-0003,53.0895221,4.8092161,2024,,
NL-0003-08-19-2024-K01-5868.dw.png,NL-0003,53.0895221,4.8092161,2024,,
NL-0003-08-19-2024-K01-5869.dw.png,NL-0003,53.0895221,4.8092161,2024,,
NL-0003-08-19-2024-K01-5870.dw.png,NL-0003,53.0895221,4.8092161,2024,,
NL-0003-08-19-2024-K01-5871.dw.png,NL-0003,53.0895221,4.8092161,2024,,
NL-0003-08-19-2024-K01-5872.dw.png,NL-0003,53.0895221,4.8092161,2024,,
NL-0003-08-19-2024-K01-5873.dw.png,NL-0003,53.0895221,4.8092161,2024,,
NL-0003-08-19-2024-K01-5874.dw.png,NL-0003,53.0895221,4.8092161,2024,,
NL-0003-08-19-2024-K01-5875.dw.png,NL-0003,53.0895221,4.8092161,2024,,
NL-0003-08-19-2024-K01-5876.dw.png,NL-0003,53.0895221,4.8092161,2024,,
NL-0003-08-19-2024-K01-5877.dw.png,NL-0003,53.0895221,4.8092161,2024,,
NL-0003-08-19-2024-K01-5878.dw.png,NL-0003,53.0895221,4.8092161,2024,,
NL-0003-08-19-2024-K01-5879.dw.png,NL-0003,53.0895221,4.8092161,2024,,
NL-0003-08-19-2024-K01-5880.dw.png,NL-0003,53.0895221,4.8092161,2024,,
NL-0003-08-19-2024-K01-5881.dw.png,NL-0003,53.0895221,4.8092161,2024,,
NL-0003-08-19-2024-K01-5882.dw.png,NL-0003,53.0895221,4.8092161,2024,,
NL-0003-08-19-2024-K01-5883.dw.png,NL-0003,53.0895221,4.8092161,2024,,
NL-0003-08-19-2024-K01-5884.dw.png,NL-0003,53.0895221,4.8092161,2024,,
NL-0003-08-19-2024-K01-5885.dw.png,NL-0003,53.0895221,4.8092161,2024,,
NL-0003-08-19-2024-K01-5886.dw.png,NL-0003,53.0895221,4.8092161,2024,,
NL-0003-08-19-2024-K01-5887.dw.png,NL-0003,53.0895221,4.8092161,2024,,
NL-0004-08-19-2024-K02-5802.dw.png,NL-0004,53.0895221,4.8092161,2024,,
NL-0004-08-19-2024-K02-5803.dw.png,NL-0004,53.0895221,4.8092161,2024,,
NL-0004-08-19-2024-K02-5804.dw.png,NL-0004,53.0895221,4.8092161,2024,,
NL-0004-08-19-2024-K02-5805.dw.png,NL-0004,53.0895221,4.8092161,2024,,
NL-0004-08-19-2024-K02-5806.dw.png,NL-0004,53.0895221,4.8092161,2024,,
NL-0004-08-19-2024-K02-5807.dw.png,NL-0004,53.0895221,4.8092161,2024,,
NL-0004-08-19-2024-K02-5808.dw.png,NL-0004,53.0895221,4.8092161,2024,,
NL-0004-08-19-2024-K02-5809.dw.png,NL-0004,53.0895221,4.8092161,2024,,
NL-0004-08-19-2024-K02-5811.dw.png,NL-0004,53.0895221,4.8092161,2024,,
NL-0004-08-19-2024-K02-5812.dw.png,NL-0004,53.0895221,4.8092161,2024,,
NL-0004-08-19-2024-K02-5813.dw.png,NL-0004,53.0895221,4.8092161,2024,,
NL-0004-08-19-2024-K02-5814.dw.png,NL-0004,53.0895221,4.8092161,2024,,
NL-0004-08-19-2024-K02-5815.dw.png,NL-0004,53.0895221,4.8092161,2024,,
NL-0004-08-19-2024-K02-5816.dw.png,NL-0004,53.0895221,4.8092161,2024,,
NL-0005-08-19-2024-K03-5817.dw.png,NL-0005,53.0895221,4.8092161,2024,,
NL-0005-08-19-2024-K03-5818.dw.png,NL-0005,53.0895221,4.8092161,2024,,
NL-0005-08-19-2024-K03-5819.dw.png,NL-0005,53.0895221,4.8092161,2024,,
NL-0005-08-19-2024-K03-5820.dw.png,NL-0005,53.0895221,4.8092161,2024,,
NL-0005-08-19-2024-K03-5821.dw.png,NL-0005,53.0895221,4.8092161,2024,,
NL-0005-08-19-2024-K03-5822.dw.png,NL-0005,53.0895221,4.8092161,2024,,
NL-0005-08-19-2024-K03-5823.dw.png,NL-0005,53.0895221,4.8092161,2024,,
NL-0005-08-19-2024-K03-5824.dw.png,NL-0005,53.0895221,4.8092161,2024,,
NL-0005-08-19-2024-K03-5825.dw.png,NL-0005,53.0895221,4.8092161,2024,,
NL-0005-08-19-2024-K03-5826.dw.png,NL-0005,53.0895221,4.8092161,2024,,
NL-0005-08-19-2024-K03-5827.dw.png,NL-0005,53.0895221,4.8092161,2024,,
NL-0005-08-19-2024-K03-5828.dw.png,NL-0005,53.0895221,4.8092161,2024,,
NL-0005-08-19-2024-K03-5829.dw.png,NL-0005,53.0895221,4.8092161,2024,,
NL-0005-08-19-2024-K03-5832.dw.png,NL-0005,53.0895221,4.8092161,2024,,
NL-0005-08-19-2024-K03-5833.dw.png,NL-0005,53.0895221,4.8092161,2024,,
NL-0005-08-19-2024-K04-5835.dw.png,NL-0005,53.0895221,4.8092161,2024,,
NL-0005-08-19-2024-K04-5836.dw.png,NL-0005,53.0895221,4.8092161,2024,,
NL-0005-08-19-2024-K04-5837.dw.png,NL-0005,53.0895221,4.8092161,2024,,
NL-0007-08-19-2024-K05-5838.dw.png,NL-0007,53.0895221,4.8092161,2024,,
NL-0007-08-19-2024-K05-5839.dw.png,NL-0007,53.0895221,4.8092161,2024,,
NL-0007-08-19-2024-K05-5840.dw.png,NL-0007,53.0895221,4.8092161,2024,,
NL-0007-08-19-2024-K05-5841.dw.png,NL-0007,53.0895221,4.8092161,2024,,
NL-0007-08-19-2024-K05-5842.dw.png,NL-0007,53.0895221,4.8092161,2024,,
NL-0007-08-19-2024-K05-5843.dw.png,NL-0007,53.0895221,4.8092161,2024,,
NL-0007-08-19-2024-K05-5844.dw.png,NL-0007,53.0895221,4.8092161,2024,,
NL-0007-08-19-2024-K05-5845.dw.png,NL-0007,53.0895221,4.8092161,2024,,
NL-0007-08-19-2024-K05-5846.dw.png,NL-0007,53.0895221,4.8092161,2024,,
NL-0007-08-19-2024-K05-5847.dw.png,NL-0007,53.0895221,4.8092161,2024,,
NL-0007-08-19-2024-K05-5848.dw.png,NL-0007,53.0895221,4.8092161,2024,,
NL-0007-08-19-2024-K05-5849.dw.png,NL-0007,53.0895221,4.8092161,2024,,
NL-0007-08-19-2024-K05-5850.dw.png,NL-0007,53.0895221,4.8092161,2024,,
NL-0007-08-19-2024-K05-5851.dw.png,NL-0007,53.0895221,4.8092161,2024,,
NL-0007-08-19-2024-K05-5852.dw.png,NL-0007,53.0895221,4.8092161,2024,,
NL-0007-08-19-2024-K05-5853.dw.png,NL-0007,53.0895221,4.8092161,2024,,
NL-0007-08-19-2024-K05-5854.dw.png,NL-0007,53.0895221,4.8092161,2024,,
NL-0007-08-19-2024-K05-5855.dw.png,NL-0007,53.0895221,4.8092161,2024,,
NL-0007-08-19-2024-K05-5856.dw.png,NL-0007,53.0895221,4.8092161,2024,,
NL-0007-08-19-2024-K05-5857.dw.png,NL-0007,53.0895221,4.8092161,2024,,
NL-0008-08-19-2024-K06-5889.dw.png,NL-0008,53.0895221,4.8092161,2024,,
NL-0008-08-19-2024-K06-5890.dw.png,NL-0008,53.0895221,4.8092161,2024,,
NL-0008-08-19-2024-K06-5891.dw.png,NL-0008,53.0895221,4.8092161,2024,,
NL-0008-08-19-2024-K06-5892.dw.png,NL-0008,53.0895221,4.8092161,2024,,
NL-0008-08-19-2024-K06-5893.dw.png,NL-0008,53.0895221,4.8092161,2024,,
NL-0008-08-19-2024-K06-5894.dw.png,NL-0008,53.0895221,4.8092161,2024,,
NL-0008-08-19-2024-K06-5896.dw.png,NL-0008,53.0895221,4.8092161,2024,,
NL-0008-08-19-2024-K06-5897.dw.png,NL-0008,53.0895221,4.8092161,2024,,
NL-0008-08-19-2024-K06-5898.dw.png,NL-0008,53.0895221,4.8092161,2024,,
NL-0008-08-19-2024-K06-5899.dw.png,NL-0008,53.0895221,4.8092161,2024,,
NL-0008-08-19-2024-K06-5900.dw.png,NL-0008,53.0895221,4.8092161,2024,,
NL-0008-08-19-2024-K06-5901.dw.png,NL-0008,53.0895221,4.8092161,2024,,
NL-0009-08-19-2024-K07-5935.dw.png,NL-0009,53.0895221,4.8092161,2024,,
NL-0009-08-19-2024-K07-5936.dw.png,NL-0009,53.0895221,4.8092161,2024,,
NL-0009-08-19-2024-K07-5937.dw.png,NL-0009,53.0895221,4.8092161,2024,,
NL-0009-08-19-2024-K07-5938.dw.png,NL-0009,53.0895221,4.8092161,2024,,
NL-0009-08-19-2024-K07-5939.dw.png,NL-0009,53.0895221,4.8092161,2024,,
NL-0009-08-19-2024-K07-5940.dw.png,NL-0009,53.0895221,4.8092161,2024,,
NL-0009-08-19-2024-K07-5941.dw.png,NL-0009,53.0895221,4.8092161,2024,,
NL-0009-08-19-2024-K07-5942.dw.png,NL-0009,53.0895221,4.8092161,2024,,
NL-0009-08-19-2024-K07-5943.dw.png,NL-0009,53.0895221,4.8092161,2024,,
NL-0009-08-19-2024-K07-5944.dw.png,NL-0009,53.0895221,4.8092161,2024,,
NL-0009-08-19-2024-K07-5945.dw.png,NL-0009,53.0895221,4.8092161,2024,,
NL-0009-08-19-2024-K07-5946.dw.png,NL-0009,53.0895221,4.8092161,2024,,
NL-0009-08-19-2024-K07-5947.dw.png,NL-0009,53.0895221,4.8092161,2024,,
NL-0009-08-19-2024-K07-5948.dw.png,NL-0009,53.0895221,4.8092161,2024,,
NL-0009-08-19-2024-K07-5949.dw.png,NL-0009,53.0895221,4.8092161,2024,,
NL-0009-08-19-2024-K07-5950.dw.png,NL-0009,53.0895221,4.8092161,2024,,
NL-0009-08-19-2024-K07-5951.dw.png,NL-0009,53.0895221,4.8092161,2024,,
NL-0009-08-19-2024-K07-5952.dw.png,NL-0009,53.0895221,4.8092161,2024,,
NL-0009-08-19-2024-K07-5953.dw.png,NL-0009,53.0895221,4.8092161,2024,,
NL-0009-08-19-2024-K07-5954.dw.png,NL-0009,53.0895221,4.8092161,2024,,
NL-0009-08-19-2024-K07-5956.dw.png,NL-0009,53.0895221,4.8092161,2024,,
NL-0009-08-19-2024-K07-5957.dw.png,NL-0009,53.0895221,4.8092161,2024,,
NL-0009-08-19-2024-K07-5959.dw.png,NL-0009,53.0895221,4.8092161,2024,,
NL-0009-08-19-2024-K07-5960.dw.png,NL-0009,53.0895221,4.8092161,2024,,
NL-0009-08-19-2024-K07-5961.dw.png,NL-0009,53.0895221,4.8092161,2024,,
NL-0009-08-19-2024-K07-5962.dw.png,NL-0009,53.0895221,4.8092161,2024,,
NL-0009-08-19-2024-K07-5963.dw.png,NL-0009,53.0895221,4.8092161,2024,,
NL-0009-08-19-2024-K07-5964.dw.png,NL-0009,53.0895221,4.8092161,2024,,
NL-0009-08-19-2024-K07-5965.dw.png,NL-0009,53.0895221,4.8092161,2024,,
NL-0009-08-19-2024-K07-5966.dw.png,NL-0009,53.0895221,4.8092161,2024,,
NL-0010-08-19-2024-K08-5968.dw.png,NL-0010,53.0895221,4.8092161,2024,,
NL-0010-08-19-2024-K08-5969.dw.png,NL-0010,53.0895221,4.8092161,2024,,
NL-0010-08-19-2024-K08-5970.dw.png,NL-0010,53.0895221,4.8092161,2024,,
NL-0010-08-19-2024-K08-5971.dw.png,NL-0010,53.0895221,4.8092161,2024,,
NL-0010-08-19-2024-K08-5972.dw.png,NL-0010,53.0895221,4.8092161,2024,,
NL-0010-08-19-2024-K08-5973.dw.png,NL-0010,53.0895221,4.8092161,2024,,
NL-0010-08-19-2024-K08-5974.dw.png,NL-0010,53.0895221,4.8092161,2024,,
NL-0010-08-19-2024-K08-5975.dw.png,NL-0010,53.0895221,4.8092161,2024,,
NL-0010-08-19-2024-K08-5976.dw.png,NL-0010,53.0895221,4.8092161,2024,,
NL-0010-08-19-2024-K08-5977.dw.png,NL-0010,53.0895221,4.8092161,2024,,
NL-0010-08-19-2024-K08-5978.dw.png,NL-0010,53.0895221,4.8092161,2024,,
NL-0010-08-19-2024-K08-5979.dw.png,NL-0010,53.0895221,4.8092161,2024,,
NL-0010-08-19-2024-K08-5980.dw.png,NL-0010,53.0895221,4.8092161,2024,,
NL-0010-08-19-2024-K08-5981.dw.png,NL-0010,53.0895221,4.8092161,2024,,
NL-0010-08-19-2024-K08-5982.dw.png,NL-0010,53.0895221,4.8092161,2024,,
NL-0010-08-19-2024-K08-5983.dw.png,NL-0010,53.0895221,4.8092161,2024,,
NL-0010-08-19-2024-K08-5984.dw.png,NL-0010,53.0895221,4.8092161,2024,,
NL-0010-08-19-2024-K08-5985.dw.png,NL-0010,53.0895221,4.8092161,2024,,
NL-0010-08-19-2024-K08-5986.dw.png,NL-0010,53.0895221,4.8092161,2024,,
NL-0010-08-19-2024-K08-5987.dw.png,NL-0010,53.0895221,4.8092161,2024,,
NL-0010-08-19-2024-K08-5988.dw.png,NL-0010,53.0895221,4.8092161,2024,,
NL-0010-08-19-2024-K08-5989.dw.png,NL-0010,53.0895221,4.8092161,2024,,
NL-0010-08-19-2024-K08-5991.dw.png,NL-0010,53.0895221,4.8092161,2024,,
NL-0010-08-19-2024-K08-5992.dw.png,NL-0010,53.0895221,4.8092161,2024,,
NL-0010-08-19-2024-K08-5993.dw.png,NL-0010,53.0895221,4.8092161,2024,,
NL-0010-08-19-2024-K08-5994.dw.png,NL-0010,53.0895221,4.8092161,2024,,
NL-0010-08-19-2024-K08-5995.dw.png,NL-0010,53.0895221,4.8092161,2024,,
NL-0010-08-19-2024-K08-5996.dw.png,NL-0010,53.0895221,4.8092161,2024,,
NL-0010-08-19-2024-K08-5998.dw.png,NL-0010,53.0895221,4.8092161,2024,,
NL-0010-08-19-2024-K08-5999.dw.png,NL-0010,53.0895221,4.8092161,2024,,
NL-0011-08-19-2024-K09-6001.dw.png,NL-0011,53.0895221,4.8092161,2024,,
NL-0011-08-19-2024-K09-6002.dw.png,NL-0011,53.0895221,4.8092161,2024,,
NL-0011-08-19-2024-K09-6003.dw.png,NL-0011,53.0895221,4.8092161,2024,,
NL-0011-08-19-2024-K09-6004.dw.png,NL-0011,53.0895221,4.8092161,2024,,
NL-0011-08-19-2024-K09-6005.dw.png,NL-0011,53.0895221,4.8092161,2024,,
NL-0011-08-19-2024-K09-6006.dw.png,NL-0011,53.0895221,4.8092161,2024,,
NL-0011-08-19-2024-K09-6007.dw.png,NL-0011,53.0895221,4.8092161,2024,,
NL-0011-08-19-2024-K09-6008.dw.png,NL-0011,53.0895221,4.8092161,2024,,
NL-0011-08-19-2024-K09-6009.dw.png,NL-0011,53.0895221,4.8092161,2024,,
NL-0011-08-19-2024-K09-6010.dw.png,NL-0011,53.0895221,4.8092161,2024,,
NL-0011-08-19-2024-K09-6011.dw.png,NL-0011,53.0895221,4.8092161,2024,,
NL-0011-08-19-2024-K09-6012.dw.png,NL-0011,53.0895221,4.8092161,2024,,
NL-0011-08-19-2024-K09-6013.dw.png,NL-0011,53.0895221,4.8092161,2024,,
NL-0011-08-19-2024-K09-6014.dw.png,NL-0011,53.0895221,4.8092161,2024,,
NL-0011-08-19-2024-K09-6015.dw.png,NL-0011,53.0895221,4.8092161,2024,,
NL-0011-08-19-2024-K09-6016.dw.png,NL-0011,53.0895221,4.8092161,2024,,
NL-0011-08-19-2024-K09-6017.dw.png,NL-0011,53.0895221,4.8092161,2024,,
NL-0011-08-19-2024-K09-6018.dw.png,NL-0011,53.0895221,4.8092161,2024,,
NL-0011-08-19-2024-K09-6019.dw.png,NL-0011,53.0895221,4.8092161,2024,,
NL-0011-08-19-2024-K09-6020.dw.png,NL-0011,53.0895221,4.8092161,2024,,
NL-0011-08-19-2024-K09-6021.dw.png,NL-0011,53.0895221,4.8092161,2024,,
NL-0012-08-19-2024-K10-6022.dw.png,NL-0012,53.0895221,4.8092161,2024,,
NL-0012-08-19-2024-K10-6023.dw.png,NL-0012,53.0895221,4.8092161,2024,,
NL-0012-08-19-2024-K10-6024.dw.png,NL-0012,53.0895221,4.8092161,2024,,
NL-0012-08-19-2024-K10-6025.dw.png,NL-0012,53.0895221,4.8092161,2024,,
NL-0012-08-19-2024-K10-6026.dw.png,NL-0012,53.0895221,4.8092161,2024,,
NL-0012-08-19-2024-K10-6027.dw.png,NL-0012,53.0895221,4.8092161,2024,,
NL-0012-08-19-2024-K10-6028.dw.png,NL-0012,53.0895221,4.8092161,2024,,
NL-0012-08-19-2024-K10-6029.dw.png,NL-0012,53.0895221,4.8092161,2024,,
NL-0012-08-19-2024-K10-6030.dw.png,NL-0012,53.0895221,4.8092161,2024,,
NL-0012-08-19-2024-K10-6031.dw.png,NL-0012,53.0895221,4.8092161,2024,,
NL-0012-08-19-2024-K10-6032.dw.png,NL-0012,53.0895221,4.8092161,2024,,
NL-0012-08-19-2024-K10-6033.dw.png,NL-0012,53.0895221,4.8092161,2024,,
NL-0012-08-19-2024-K10-6034.dw.png,NL-0012,53.0895221,4.8092161,2024,,
NL-0012-08-19-2024-K10-6035.dw.png,NL-0012,53.0895221,4.8092161,2024,,
NL-0012-08-19-2024-K10-6036.dw.png,NL-0012,53.0895221,4.8092161,2024,,
NL-0012-08-19-2024-K10-6037.dw.png,NL-0012,53.0895221,4.8092161,2024,,
NL-0012-08-19-2024-K10-6038.dw.png,NL-0012,53.0895221,4.8092161,2024,,
NL-0012-08-19-2024-K10-6039.dw.png,NL-0012,53.0895221,4.8092161,2024,,
NL-0012-08-19-2024-K10-6040.dw.png,NL-0012,53.0895221,4.8092161,2024,,
NL-0012-08-19-2024-K10-6041.dw.png,NL-0012,53.0895221,4.8092161,2024,,
NL-0012-08-19-2024-K10-6042.dw.png,NL-0012,53.0895221,4.8092161,2024,,
NL-0012-08-19-2024-K10-6043.dw.png,NL-0012,53.0895221,4.8092161,2024,,
NL-0012-08-19-2024-K10-6044.dw.png,NL-0012,53.0895221,4.8092161,2024,,
NL-0012-08-19-2024-K10-6045.dw.png,NL-0012,53.0895221,4.8092161,2024,,
NL-0012-08-19-2024-K10-6046.dw.png,NL-0012,53.0895221,4.8092161,2024,,
NL-0012-08-19-2024-K10-6047.dw.png,NL-0012,53.0895221,4.8092161,2024,,
NL-0012-08-19-2024-K10-6048.dw.png,NL-0012,53.0895221,4.8092161,2024,,
NL-0012-08-19-2024-K10-6049.dw.png,NL-0012,53.0895221,4.8092161,2024,,
NL-0012-08-19-2024-K10-6050.dw.png,NL-0012,53.0895221,4.8092161,2024,,
NL-0013-08-19-2024-K12-6051.dw.png,NL-0013,53.0895221,4.8092161,2024,,
NL-0013-08-19-2024-K12-6052.dw.png,NL-0013,53.0895221,4.8092161,2024,,
NL-0013-08-19-2024-K12-6053.dw.png,NL-0013,53.0895221,4.8092161,2024,,
NL-0013-08-19-2024-K12-6054.dw.png,NL-0013,53.0895221,4.8092161,2024,,
NL-0013-08-19-2024-K12-6056.dw.png,NL-0013,53.0895221,4.8092161,2024,,
NL-0013-08-19-2024-K12-6057.dw.png,NL-0013,53.0895221,4.8092161,2024,,
NL-0013-08-19-2024-K12-6058.dw.png,NL-0013,53.0895221,4.8092161,2024,,
NL-0013-08-19-2024-K12-6059.dw.png,NL-0013,53.0895221,4.8092161,2024,,
NL-0013-08-19-2024-K12-6060.dw.png,NL-0013,53.0895221,4.8092161,2024,,
NL-0013-08-19-2024-K12-6061.dw.png,NL-0013,53.0895221,4.8092161,2024,,
NL-0013-08-19-2024-K12-6062.dw.png,NL-0013,53.0895221,4.8092161,2024,,
NL-0013-08-19-2024-K12-6063.dw.png,NL-0013,53.0895221,4.8092161,2024,,
NL-0013-08-19-2024-K12-6064.dw.png,NL-0013,53.0895221,4.8092161,2024,,
NL-0013-08-19-2024-K12-6065.dw.png,NL-0013,53.0895221,4.8092161,2024,,
NL-0013-08-19-2024-K12-6066.dw.png,NL-0013,53.0895221,4.8092161,2024,,
NL-0013-08-19-2024-K12-6067.dw.png,NL-0013,53.0895221,4.8092161,2024,,
NL-0013-08-19-2024-K12-6068.dw.png,NL-0013,53.0895221,4.8092161,2024,,
NL-0013-08-19-2024-K12-6069.dw.png,NL-0013,53.0895221,4.8092161,2024,,
NL-0013-08-19-2024-K12-6070.dw.png,NL-0013,53.0895221,4.8092161,2024,,
NL-0013-08-19-2024-K12-6071.dw.png,NL-0013,53.0895221,4.8092161,2024,,
NL-0013-08-19-2024-K12-6072.dw.png,NL-0013,53.0895221,4.8092161,2024,,
NL-0013-08-19-2024-K12-6073.dw.png,NL-0013,53.0895221,4.8092161,2024,,
NL-0013-08-19-2024-K12-6074.dw.png,NL-0013,53.0895221,4.8092161,2024,,
NL-0013-08-19-2024-K12-6075.dw.png,NL-0013,53.0895221,4.8092161,2024,,
NL-0013-08-19-2024-K12-6076.dw.png,NL-0013,53.0895221,4.8092161,2024,,
NL-0013-08-19-2024-K12-6077.dw.png,NL-0013,53.0895221,4.8092161,2024,,
NL-0013-08-19-2024-K12-6078.dw.png,NL-0013,53.0895221,4.8092161,2024,,
NL-0013-08-19-2024-K12-6079.dw.png,NL-0013,53.0895221,4.8092161,2024,,
NL-0013-08-19-2024-K12-6080.dw.png,NL-0013,53.0895221,4.8092161,2024,,
NL-0014-08-19-2024-K13-6082.dw.png,NL-0014,53.0895221,4.8092161,2024,,
NL-0014-08-19-2024-K13-6083.dw.png,NL-0014,53.0895221,4.8092161,2024,,
NL-0014-08-19-2024-K13-6084.dw.png,NL-0014,53.0895221,4.8092161,2024,,
NL-0014-08-19-2024-K13-6085.dw.png,NL-0014,53.0895221,4.8092161,2024,,
NL-0014-08-19-2024-K13-6086.dw.png,NL-0014,53.0895221,4.8092161,2024,,
NL-0014-08-19-2024-K13-6087.dw.png,NL-0014,53.0895221,4.8092161,2024,,
NL-0014-08-19-2024-K13-6088.dw.png,NL-0014,53.0895221,4.8092161,2024,,
NL-0014-08-19-2024-K13-6089.dw.png,NL-0014,53.0895221,4.8092161,2024,,
NL-0014-08-19-2024-K13-6090.dw.png,NL-0014,53.0895221,4.8092161,2024,,
NL-0014-08-19-2024-K13-6091.dw.png,NL-0014,53.0895221,4.8092161,2024,,
NL-0014-08-19-2024-K13-6092.dw.png,NL-0014,53.0895221,4.8092161,2024,,
NL-0014-08-19-2024-K13-6093.dw.png,NL-0014,53.0895221,4.8092161,2024,,
NL-0014-08-19-2024-K13-6094.dw.png,NL-0014,53.0895221,4.8092161,2024,,
NL-0014-08-19-2024-K13-6095.dw.png,NL-0014,53.0895221,4.8092161,2024,,
NL-0014-08-19-2024-K13-6096.dw.png,NL-0014,53.0895221,4.8092161,2024,,
NL-0015-08-19-2024-K14-6097.dw.png,NL-0015,53.0895221,4.8092161,2024,,
NL-0015-08-19-2024-K14-6098.dw.png,NL-0015,53.0895221,4.8092161,2024,,
NL-0015-08-19-2024-K14-6099.dw.png,NL-0015,53.0895221,4.8092161,2024,,
NL-0015-08-19-2024-K14-6100.dw.png,NL-0015,53.0895221,4.8092161,2024,,
NL-0015-08-19-2024-K14-6101.dw.png,NL-0015,53.0895221,4.8092161,2024,,
NL-0015-08-19-2024-K14-6102.dw.png,NL-0015,53.0895221,4.8092161,2024,,
NL-0015-08-19-2024-K14-6103.dw.png,NL-0015,53.0895221,4.8092161,2024,,
NL-0015-08-19-2024-K14-6104.dw.png,NL-0015,53.0895221,4.8092161,2024,,
NL-0015-08-19-2024-K14-6105.dw.png,NL-0015,53.0895221,4.8092161,2024,,
NL-0015-08-19-2024-K14-6106.dw.png,NL-0015,53.0895221,4.8092161,2024,,
NL-0015-08-19-2024-K14-6107.dw.png,NL-0015,53.0895221,4.8092161,2024,,
NL-0015-08-19-2024-K14-6108.dw.png,NL-0015,53.0895221,4.8092161,2024,,
NL-0015-08-19-2024-K14-6109.dw.png,NL-0015,53.0895221,4.8092161,2024,,
NL-0015-08-19-2024-K14-6110.dw.png,NL-0015,53.0895221,4.8092161,2024,,
NL-0015-08-19-2024-K14-6112.dw.png,NL-0015,53.0895221,4.8092161,2024,,
NL-0015-08-19-2024-K14-6113.dw.png,NL-0015,53.0895221,4.8092161,2024,,
NL-0015-08-19-2024-K14-6114.dw.png,NL-0015,53.0895221,4.8092161,2024,,
NL-0015-08-19-2024-K14-6115.dw.png,NL-0015,53.0895221,4.8092161,2024,,
NL-0015-08-19-2024-K14-6116.dw.png,NL-0015,53.0895221,4.8092161,2024,,
NL-0015-08-19-2024-K14-6117.dw.png,NL-0015,53.0895221,4.8092161,2024,,
NL-0015-08-19-2024-K14-6118.dw.png,NL-0015,53.0895221,4.8092161,2024,,
NL-0015-08-19-2024-K14-6119.dw.png,NL-0015,53.0895221,4.8092161,2024,,
NL-0015-08-19-2024-K14-6121.dw.png,NL-0015,53.0895221,4.8092161,2024,,
NL-0015-08-19-2024-K14-6122.dw.png,NL-0015,53.0895221,4.8092161,2024,,
NL-0015-08-19-2024-K14-6123.dw.png,NL-0015,53.0895221,4.8092161,2024,,
NL-0015-08-19-2024-K14-6124.dw.png,NL-0015,53.0895221,4.8092161,2024,,
NL-0015-08-19-2024-K14-6125.dw.png,NL-0015,53.0895221,4.8092161,2024,,
NL-0015-08-19-2024-K14-6126.dw.png,NL-0015,53.0895221,4.8092161,2024,,
NL-0015-08-19-2024-K14-6127.dw.png,NL-0015,53.0895221,4.8092161,2024,,
NL-0016-08-19-2024-K15-6129.dw.png,NL-0016,53.0895221,4.8092161,2024,,
NL-0016-08-19-2024-K15-6130.dw.png,NL-0016,53.0895221,4.8092161,2024,,
NL-0016-08-19-2024-K15-6131.dw.png,NL-0016,53.0895221,4.8092161,2024,,
NL-0016-08-19-2024-K15-6132.dw.png,NL-0016,53.0895221,4.8092161,2024,,
NL-0016-08-19-2024-K15-6133.dw.png,NL-0016,53.0895221,4.8092161,2024,,
NL-0016-08-19-2024-K15-6134.dw.png,NL-0016,53.0895221,4.8092161,2024,,
NL-0016-08-19-2024-K15-6135.dw.png,NL-0016,53.0895221,4.8092161,2024,,
NL-0016-08-19-2024-K15-6136.dw.png,NL-0016,53.0895221,4.8092161,2024,,
NL-0016-08-19-2024-K15-6137.dw.png,NL-0016,53.0895221,4.8092161,2024,,
NL-0016-08-19-2024-K15-6138.dw.png,NL-0016,53.0895221,4.8092161,2024,,
NL-0016-08-19-2024-K15-6139.dw.png,NL-0016,53.0895221,4.8092161,2024,,
NL-0016-08-19-2024-K15-6140.dw.png,NL-0016,53.0895221,4.8092161,2024,,
NL-0016-08-19-2024-K15-6141.dw.png,NL-0016,53.0895221,4.8092161,2024,,
NL-0016-08-19-2024-K15-6142.dw.png,NL-0016,53.0895221,4.8092161,2024,,
NL-0016-08-19-2024-K15-6143.dw.png,NL-0016,53.0895221,4.8092161,2024,,
NL-0016-08-19-2024-K15-6144.dw.png,NL-0016,53.0895221,4.8092161,2024,,
NL-0016-08-19-2024-K15-6145.dw.png,NL-0016,53.0895221,4.8092161,2024,,
NL-0016-08-19-2024-K15-6146.dw.png,NL-0016,53.0895221,4.8092161,2024,,
NL-0016-08-19-2024-K15-6147.dw.png,NL-0016,53.0895221,4.8092161,2024,,
NL-0016-08-19-2024-K15-6148.dw.png,NL-0016,53.0895221,4.8092161,2024,,
NL-0016-08-19-2024-K15-6149.dw.png,NL-0016,53.0895221,4.8092161,2024,,
NL-0016-08-19-2024-K15-6150.dw.png,NL-0016,53.0895221,4.8092161,2024,,
NL-0016-08-19-2024-K15-6151.dw.png,NL-0016,53.0895221,4.8092161,2024,,
NL-0016-08-19-2024-K15-6152.dw.png,NL-0016,53.0895221,4.8092161,2024,,
NL-0016-08-19-2024-K15-6153.dw.png,NL-0016,53.0895221,4.8092161,2024,,
NL-0016-08-19-2024-K15-6154.dw.png,NL-0016,53.0895221,4.8092161,2024,,
NL-0016-08-19-2024-K15-6155.dw.png,NL-0016,53.0895221,4.8092161,2024,,
NL-0016-08-19-2024-K15-6156.dw.png,NL-0016,53.0895221,4.8092161,2024,,
NL-0016-08-19-2024-K15-6157.dw.png,NL-0016,53.0895221,4.8092161,2024,,
NL-0016-08-19-2024-K15-6158.dw.png,NL-0016,53.0895221,4.8092161,2024,,
NL-0017-08-19-2024-K16-6161.dw.png,NL-0017,53.0895221,4.8092161,2024,,
NL-0017-08-19-2024-K16-6162.dw.png,NL-0017,53.0895221,4.8092161,2024,,
NL-0017-08-19-2024-K16-6163.dw.png,NL-0017,53.0895221,4.8092161,2024,,
NL-0017-08-19-2024-K16-6164.dw.png,NL-0017,53.0895221,4.8092161,2024,,
NL-0017-08-19-2024-K16-6165.dw.png,NL-0017,53.0895221,4.8092161,2024,,
NL-0017-08-19-2024-K16-6166.dw.png,NL-0017,53.0895221,4.8092161,2024,,
NL-0017-08-19-2024-K16-6167.dw.png,NL-0017,53.0895221,4.8092161,2024,,
NL-0017-08-19-2024-K16-6168.dw.png,NL-0017,53.0895221,4.8092161,2024,,
NL-0017-08-19-2024-K16-6169.dw.png,NL-0017,53.0895221,4.8092161,2024,,
NL-0017-08-19-2024-K16-6170.dw.png,NL-0017,53.0895221,4.8092161,2024,,
NL-0017-08-19-2024-K16-6171.dw.png,NL-0017,53.0895221,4.8092161,2024,,
NL-0017-08-19-2024-K16-6172.dw.png,NL-0017,53.0895221,4.8092161,2024,,
NL-0017-08-19-2024-K16-6173.dw.png,NL-0017,53.0895221,4.8092161,2024,,
NL-0017-08-19-2024-K16-6174.dw.png,NL-0017,53.0895221,4.8092161,2024,,
NL-0017-08-19-2024-K16-6175.dw.png,NL-0017,53.0895221,4.8092161,2024,,
NL-0017-08-19-2024-K16-6176.dw.png,NL-0017,53.0895221,4.8092161,2024,,
NL-0017-08-19-2024-K16-6177.dw.png,NL-0017,53.0895221,4.8092161,2024,,
NL-0017-08-19-2024-K16-6178.dw.png,NL-0017,53.0895221,4.8092161,2024,,
NL-0017-08-19-2024-K16-6179.dw.png,NL-0017,53.0895221,4.8092161,2024,,
NL-0017-08-19-2024-K16-6180.dw.png,NL-0017,53.0895221,4.8092161,2024,,
NL-0017-08-19-2024-K16-6181.dw.png,NL-0017,53.0895221,4.8092161,2024,,
NL-0017-08-19-2024-K16-6182.dw.png,NL-0017,53.0895221,4.8092161,2024,,
NL-0017-08-19-2024-K16-6183.dw.png,NL-0017,53.0895221,4.8092161,2024,,
NL-0017-08-19-2024-K16-6184.dw.png,NL-0017,53.0895221,4.8092161,2024,,
NL-0017-08-19-2024-K16-6185.dw.png,NL-0017,53.0895221,4.8092161,2024,,
NL-0017-08-19-2024-K16-6186.dw.png,NL-0017,53.0895221,4.8092161,2024,,
NL-0017-08-19-2024-K16-6187.dw.png,NL-0017,53.0895221,4.8092161,2024,,
NL-0017-08-19-2024-K16-6188.dw.png,NL-0017,53.0895221,4.8092161,2024,,
NL-0017-08-19-2024-K16-6189.dw.png,NL-0017,53.0895221,4.8092161,2024,,
NL-0018-08-19-2024-K17-6193.dw.png,NL-0018,53.0895221,4.8092161,2024,,
NL-0018-08-19-2024-K17-6194.dw.png,NL-0018,53.0895221,4.8092161,2024,,
NL-0018-08-19-2024-K17-6195.dw.png,NL-0018,53.0895221,4.8092161,2024,,
NL-0018-08-19-2024-K17-6196.dw.png,NL-0018,53.0895221,4.8092161,2024,,
NL-0018-08-19-2024-K17-6197.dw.png,NL-0018,53.0895221,4.8092161,2024,,
NL-0018-08-19-2024-K17-6198.dw.png,NL-0018,53.0895221,4.8092161,2024,,
NL-0018-08-19-2024-K17-6199.dw.png,NL-0018,53.0895221,4.8092161,2024,,
NL-0018-08-19-2024-K17-6200.dw.png,NL-0018,53.0895221,4.8092161,2024,,
NL-0018-08-19-2024-K17-6201.dw.png,NL-0018,53.0895221,4.8092161,2024,,
NL-0018-08-19-2024-K17-6203.dw.png,NL-0018,53.0895221,4.8092161,2024,,
NL-0018-08-19-2024-K17-6204.dw.png,NL-0018,53.0895221,4.8092161,2024,,
NL-0018-08-19-2024-K17-6205.dw.png,NL-0018,53.0895221,4.8092161,2024,,
NL-0018-08-19-2024-K17-6206.dw.png,NL-0018,53.0895221,4.8092161,2024,,
NL-0018-08-19-2024-K17-6207.dw.png,NL-0018,53.0895221,4.8092161,2024,,
NL-0018-08-19-2024-K17-6208.dw.png,NL-0018,53.0895221,4.8092161,2024,,
NL-0018-08-19-2024-K17-6209.dw.png,NL-0018,53.0895221,4.8092161,2024,,
NL-0018-08-19-2024-K17-6210.dw.png,NL-0018,53.0895221,4.8092161,2024,,
NL-0018-08-19-2024-K17-6211.dw.png,NL-0018,53.0895221,4.8092161,2024,,
NL-0018-08-19-2024-K17-6212.dw.png,NL-0018,53.0895221,4.8092161,2024,,
NL-0018-08-19-2024-K17-6213.dw.png,NL-0018,53.0895221,4.8092161,2024,,
NL-0018-08-19-2024-K17-6214.dw.png,NL-0018,53.0895221,4.8092161,2024,,
NL-0018-08-19-2024-K17-6215.dw.png,NL-0018,53.0895221,4.8092161,2024,,
NL-0018-08-19-2024-K17-6216.dw.png,NL-0018,53.0895221,4.8092161,2024,,
NL-0018-08-19-2024-K17-6217.dw.png,NL-0018,53.0895221,4.8092161,2024,,
NL-0018-08-19-2024-K17-6218.dw.png,NL-0018,53.0895221,4.8092161,2024,,
NL-0018-08-19-2024-K17-6219.dw.png,NL-0018,53.0895221,4.8092161,2024,,
NL-0018-08-19-2024-K17-6220.dw.png,NL-0018,53.0895221,4.8092161,2024,,
NL-0018-08-19-2024-K17-6221.dw.png,NL-0018,53.0895221,4.8092161,2024,,
NL-0019-08-19-2024-K18-6334.dw.png,NL-0019,53.0895221,4.8092161,2024,,
NL-0019-08-19-2024-K18-6335.dw.png,NL-0019,53.0895221,4.8092161,2024,,
NL-0019-08-19-2024-K18-6336.dw.png,NL-0019,53.0895221,4.8092161,2024,,
NL-0019-08-19-2024-K18-6337.dw.png,NL-0019,53.0895221,4.8092161,2024,,
NL-0019-08-19-2024-K18-6338.dw.png,NL-0019,53.0895221,4.8092161,2024,,
NL-0019-08-19-2024-K18-6339.dw.png,NL-0019,53.0895221,4.8092161,2024,,
NL-0019-08-19-2024-K18-6341.dw.png,NL-0019,53.0895221,4.8092161,2024,,
NL-0019-08-19-2024-K18-6342.dw.png,NL-0019,53.0895221,4.8092161,2024,,
NL-0019-08-19-2024-K18-6343.dw.png,NL-0019,53.0895221,4.8092161,2024,,
NL-0019-08-19-2024-K18-6344.dw.png,NL-0019,53.0895221,4.8092161,2024,,
NL-0019-08-19-2024-K18-6345.dw.png,NL-0019,53.0895221,4.8092161,2024,,
NL-0019-08-19-2024-K18-6346.dw.png,NL-0019,53.0895221,4.8092161,2024,,
NL-0019-08-19-2024-K18-6347.dw.png,NL-0019,53.0895221,4.8092161,2024,,
NL-0019-08-19-2024-K18-6348.dw.png,NL-0019,53.0895221,4.8092161,2024,,
NL-0019-08-19-2024-K18-6349.dw.png,NL-0019,53.0895221,4.8092161,2024,,
NL-0019-08-19-2024-K18-6350.dw.png,NL-0019,53.0895221,4.8092161,2024,,
NL-0019-08-19-2024-K18-6351.dw.png,NL-0019,53.0895221,4.8092161,2024,,
NL-0019-08-19-2024-K18-6352.dw.png,NL-0019,53.0895221,4.8092161,2024,,
NL-0019-08-19-2024-K18-6353.dw.png,NL-0019,53.0895221,4.8092161,2024,,
NL-0019-08-19-2024-K18-6354.dw.png,NL-0019,53.0895221,4.8092161,2024,,
NL-0019-08-19-2024-K18-6355.dw.png,NL-0019,53.0895221,4.8092161,2024,,
NL-0019-08-19-2024-K18-6356.dw.png,NL-0019,53.0895221,4.8092161,2024,,
NL-0020-08-19-2024-K19-6359.dw.png,NL-0020,53.0895221,4.8092161,2024,,
NL-0020-08-19-2024-K19-6361.dw.png,NL-0020,53.0895221,4.8092161,2024,,
NL-0020-08-19-2024-K19-6362.dw.png,NL-0020,53.0895221,4.8092161,2024,,
NL-0020-08-19-2024-K19-6363.dw.png,NL-0020,53.0895221,4.8092161,2024,,
NL-0020-08-19-2024-K19-6391.dw.png,NL-0020,53.0895221,4.8092161,2024,,
NL-0020-08-19-2024-K19-6392.dw.png,NL-0020,53.0895221,4.8092161,2024,,
NL-0020-08-19-2024-K19-6393.dw.png,NL-0020,53.0895221,4.8092161,2024,,
NL-0020-08-19-2024-K19-6394.dw.png,NL-0020,53.0895221,4.8092161,2024,,
NL-0020-08-19-2024-K19-6395.dw.png,NL-0020,53.0895221,4.8092161,2024,,
NL-0020-08-19-2024-K19-6396.dw.png,NL-0020,53.0895221,4.8092161,2024,,
NL-0020-08-19-2024-K19-6397.dw.png,NL-0020,53.0895221,4.8092161,2024,,
NL-0020-08-19-2024-K19-6398.dw.png,NL-0020,53.0895221,4.8092161,2024,,
NL-0020-08-19-2024-K19-6399.dw.png,NL-0020,53.0895221,4.8092161,2024,,
NL-0020-08-19-2024-K19-6400.dw.png,NL-0020,53.0895221,4.8092161,2024,,
NL-0020-08-19-2024-K19-6401.dw.png,NL-0020,53.0895221,4.8092161,2024,,
NL-0020-08-19-2024-K19-6402.dw.png,NL-0020,53.0895221,4.8092161,2024,,
NL-0020-08-19-2024-K19-6403.dw.png,NL-0020,53.0895221,4.8092161,2024,,
NL-0020-08-19-2024-K19-6404.dw.png,NL-0020,53.0895221,4.8092161,2024,,
NL-0020-08-19-2024-K19-6405.dw.png,NL-0020,53.0895221,4.8092161,2024,,
NL-0020-08-19-2024-K19-6406.dw.png,NL-0020,53.0895221,4.8092161,2024,,
NL-0020-08-19-2024-K19-6407.dw.png,NL-0020,53.0895221,4.8092161,2024,,
NL-0020-08-19-2024-K19-6408.dw.png,NL-0020,53.0895221,4.8092161,2024,,
NL-0020-08-19-2024-K19-6409.dw.png,NL-0020,53.0895221,4.8092161,2024,,
NL-0020-08-19-2024-K19-6410.dw.png,NL-0020,53.0895221,4.8092161,2024,,
NL-0020-08-19-2024-K19-6411.dw.png,NL-0020,53.0895221,4.8092161,2024,,
NL-0020-08-19-2024-K19-6412.dw.png,NL-0020,53.0895221,4.8092161,2024,,
NL-0020-08-19-2024-K19-6413.dw.png,NL-0020,53.0895221,4.8092161,2024,,
NL-0020-08-19-2024-K19-6414.dw.png,NL-0020,53.0895221,4.8092161,2024,,
NL-0021-08-19-2024-K20-6417.dw.png,NL-0021,53.0895221,4.8092161,2024,,
NL-0021-08-19-2024-K20-6418.dw.png,NL-0021,53.0895221,4.8092161,2024,,
NL-0021-08-19-2024-K20-6419.dw.png,NL-0021,53.0895221,4.8092161,2024,,
NL-0021-08-19-2024-K20-6420.dw.png,NL-0021,53.0895221,4.8092161,2024,,
NL-0021-08-19-2024-K20-6421.dw.png,NL-0021,53.0895221,4.8092161,2024,,
NL-0021-08-19-2024-K20-6422.dw.png,NL-0021,53.0895221,4.8092161,2024,,
NL-0021-08-19-2024-K20-6423.dw.png,NL-0021,53.0895221,4.8092161,2024,,
NL-0021-08-19-2024-K20-6425.dw.png,NL-0021,53.0895221,4.8092161,2024,,
NL-0021-08-19-2024-K20-6426.dw.png,NL-0021,53.0895221,4.8092161,2024,,
NL-0021-08-19-2024-K20-6427.dw.png,NL-0021,53.0895221,4.8092161,2024,,
NL-0021-08-19-2024-K20-6428.dw.png,NL-0021,53.0895221,4.8092161,2024,,
NL-0021-08-19-2024-K20-6429.dw.png,NL-0021,53.0895221,4.8092161,2024,,
NL-0021-08-19-2024-K20-6430.dw.png,NL-0021,53.0895221,4.8092161,2024,,
NL-0021-08-19-2024-K20-6431.dw.png,NL-0021,53.0895221,4.8092161,2024,,
NL-0021-08-19-2024-K20-6432.dw.png,NL-0021,53.0895221,4.8092161,2024,,
NL-0021-08-19-2024-K20-6433.dw.png,NL-0021,53.0895221,4.8092161,2024,,
NL-0021-08-19-2024-K20-6434.dw.png,NL-0021,53.0895221,4.8092161,2024,,
NL-0021-08-19-2024-K20-6435.dw.png,NL-0021,53.0895221,4.8092161,2024,,
NL-0021-08-19-2024-K20-6436.dw.png,NL-0021,53.0895221,4.8092161,2024,,
NL-0021-08-19-2024-K20-6437.dw.png,NL-0021,53.0895221,4.8092161,2024,,
NL-0021-08-19-2024-K20-6438.dw.png,NL-0021,53.0895221,4.8092161,2024,,
NL-0021-08-19-2024-K20-6439.dw.png,NL-0021,53.0895221,4.8092161,2024,,
NL-0021-08-19-2024-K20-6440.dw.png,NL-0021,53.0895221,4.8092161,2024,,
NL-0021-08-19-2024-K20-6441.dw.png,NL-0021,53.0895221,4.8092161,2024,,
NL-0021-08-19-2024-K20-6442.dw.png,NL-0021,53.0895221,4.8092161,2024,,
NL-0021-08-19-2024-K20-6443.dw.png,NL-0021,53.0895221,4.8092161,2024,,
NL-0021-08-19-2024-K20-6444.dw.png,NL-0021,53.0895221,4.8092161,2024,,
NL-0021-08-19-2024-K20-6445.dw.png,NL-0021,53.0895221,4.8092161,2024,,
NL-0021-08-19-2024-K20-6446.dw.png,NL-0021,53.0895221,4.8092161,2024,,
NL-0021-08-19-2024-K20-6447.dw.png,NL-0021,53.0895221,4.8092161,2024,,
NL-0022-08-19-2024-K21-6449.dw.png,NL-0022,53.0895221,4.8092161,2024,,
NL-0022-08-19-2024-K21-6450.dw.png,NL-0022,53.0895221,4.8092161,2024,,
NL-0022-08-19-2024-K21-6451.dw.png,NL-0022,53.0895221,4.8092161,2024,,
NL-0022-08-19-2024-K21-6452.dw.png,NL-0022,53.0895221,4.8092161,2024,,
NL-0022-08-19-2024-K21-6453.dw.png,NL-0022,53.0895221,4.8092161,2024,,
NL-0022-08-19-2024-K21-6454.dw.png,NL-0022,53.0895221,4.8092161,2024,,
NL-0022-08-19-2024-K21-6455.dw.png,NL-0022,53.0895221,4.8092161,2024,,
NL-0022-08-19-2024-K21-6456.dw.png,NL-0022,53.0895221,4.8092161,2024,,
NL-0022-08-19-2024-K21-6457.dw.png,NL-0022,53.0895221,4.8092161,2024,,
NL-0022-08-19-2024-K21-6458.dw.png,NL-0022,53.0895221,4.8092161,2024,,
NL-0022-08-19-2024-K21-6459.dw.png,NL-0022,53.0895221,4.8092161,2024,,
NL-0022-08-19-2024-K21-6460.dw.png,NL-0022,53.0895221,4.8092161,2024,,
NL-0022-08-19-2024-K21-6461.dw.png,NL-0022,53.0895221,4.8092161,2024,,
NL-0022-08-19-2024-K21-6462.dw.png,NL-0022,53.0895221,4.8092161,2024,,
NL-0022-08-19-2024-K21-6463.dw.png,NL-0022,53.0895221,4.8092161,2024,,
NL-0023-08-19-2024-K22-6465.dw.png,NL-0023,53.0895221,4.8092161,2024,,
NL-0023-08-19-2024-K22-6466.dw.png,NL-0023,53.0895221,4.8092161,2024,,
NL-0023-08-19-2024-K22-6467.dw.png,NL-0023,53.0895221,4.8092161,2024,,
NL-0023-08-19-2024-K22-6469.dw.png,NL-0023,53.0895221,4.8092161,2024,,
NL-0023-08-19-2024-K22-6470.dw.png,NL-0023,53.0895221,4.8092161,2024,,
NL-0023-08-19-2024-K22-6471.dw.png,NL-0023,53.0895221,4.8092161,2024,,
NL-0023-08-19-2024-K22-6472.dw.png,NL-0023,53.0895221,4.8092161,2024,,
NL-0023-08-19-2024-K22-6473.dw.png,NL-0023,53.0895221,4.8092161,2024,,
NL-0023-08-19-2024-K22-6474.dw.png,NL-0023,53.0895221,4.8092161,2024,,
NL-0023-08-19-2024-K22-6477.dw.png,NL-0023,53.0895221,4.8092161,2024,,
NL-0023-08-19-2024-K22-6478.dw.png,NL-0023,53.0895221,4.8092161,2024,,
NL-0023-08-19-2024-K22-6479.dw.png,NL-0023,53.0895221,4.8092161,2024,,
NL-0023-08-19-2024-K22-6480.dw.png,NL-0023,53.0895221,4.8092161,2024,,
NL-0023-08-19-2024-K22-6481.dw.png,NL-0023,53.0895221,4.8092161,2024,,
NL-0023-08-19-2024-K22-6482.dw.png,NL-0023,53.0895221,4.8092161,2024,,
NL-0023-08-19-2024-K22-6483.dw.png,NL-0023,53.0895221,4.8092161,2024,,
NL-0023-08-19-2024-K22-6484.dw.png,NL-0023,53.0895221,4.8092161,2024,,
NL-0023-08-19-2024-K22-6485.dw.png,NL-0023,53.0895221,4.8092161,2024,,
NL-0023-08-19-2024-K22-6486.dw.png,NL-0023,53.0895221,4.8092161,2024,,
NL-0023-08-19-2024-K22-6487.dw.png,NL-0023,53.0895221,4.8092161,2024,,
NL-0023-08-19-2024-K22-6488.dw.png,NL-0023,53.0895221,4.8092161,2024,,
NL-0023-08-19-2024-K22-6489.dw.png,NL-0023,53.0895221,4.8092161,2024,,
NL-0023-08-19-2024-K22-6490.dw.png,NL-0023,53.0895221,4.8092161,2024,,
NL-0023-08-19-2024-K22-6491.dw.png,NL-0023,53.0895221,4.8092161,2024,,
NL-0023-08-19-2024-K22-6492.dw.png,NL-0023,53.0895221,4.8092161,2024,,
NL-0023-08-19-2024-K22-6493.dw.png,NL-0023,53.0895221,4.8092161,2024,,
NL-0023-08-19-2024-K22-6494.dw.png,NL-0023,53.0895221,4.8092161,2024,,
NL-0023-08-19-2024-K22-6495.dw.png,NL-0023,53.0895221,4.8092161,2024,,
NL-0023-08-19-2024-K22-6496.dw.png,NL-0023,53.0895221,4.8092161,2024,,
NL-0023-08-19-2024-K22-6497.dw.png,NL-0023,53.0895221,4.8092161,2024,,
NL-0024-09-66-2024-K01-7053.dw.png,NL-0024,53.0895221,4.8092161,2024,,
NL-0024-09-66-2024-K01-7054.dw.png,NL-0024,53.0895221,4.8092161,2024,,
NL-0024-09-66-2024-K01-7055.dw.png,NL-0024,53.0895221,4.8092161,2024,,
NL-0024-09-66-2024-K01-7056.dw.png,NL-0024,53.0895221,4.8092161,2024,,
NL-0024-09-66-2024-K01-7057.dw.png,NL-0024,53.0895221,4.8092161,2024,,
NL-0024-09-66-2024-K01-7058.dw.png,NL-0024,53.0895221,4.8092161,2024,,
NL-0024-09-66-2024-K01-7059.dw.png,NL-0024,53.0895221,4.8092161,2024,,
NL-0024-09-66-2024-K01-7060.dw.png,NL-0024,53.0895221,4.8092161,2024,,
NL-0024-09-66-2024-K01-7061.dw.png,NL-0024,53.0895221,4.8092161,2024,,
NL-0024-09-66-2024-K01-7062.dw.png,NL-0024,53.0895221,4.8092161,2024,,
NL-0024-09-66-2024-K01-7063.dw.png,NL-0024,53.0895221,4.8092161,2024,,
NL-0024-09-66-2024-K01-7064.dw.png,NL-0024,53.0895221,4.8092161,2024,,
NL-0024-09-66-2024-K01-7065.dw.png,NL-0024,53.0895221,4.8092161,2024,,
NL-0024-09-66-2024-K01-7066.dw.png,NL-0024,53.0895221,4.8092161,2024,,
NL-0024-09-66-2024-K01-7069.dw.png,NL-0024,53.0895221,4.8092161,2024,,
NL-0024-09-66-2024-K01-7070.dw.png,NL-0024,53.0895221,4.8092161,2024,,
NL-0024-09-66-2024-K01-7071.dw.png,NL-0024,53.0895221,4.8092161,2024,,
NL-0024-09-66-2024-K01-7072.dw.png,NL-0024,53.0895221,4.8092161,2024,,
NL-0024-09-66-2024-K01-7073.dw.png,NL-0024,53.0895221,4.8092161,2024,,
NL-0024-09-66-2024-K01-7074.dw.png,NL-0024,53.0895221,4.8092161,2024,,
NL-0024-09-66-2024-K01-7075.dw.png,NL-0024,53.0895221,4.8092161,2024,,
NL-0024-09-66-2024-K01-7076.dw.png,NL-0024,53.0895221,4.8092161,2024,,
NL-0024-09-66-2024-K01-7077.dw.png,NL-0024,53.0895221,4.8092161,2024,,
NL-0024-09-66-2024-K01-7078.dw.png,NL-0024,53.0895221,4.8092161,2024,,
NL-0024-09-66-2024-K01-7079.dw.png,NL-0024,53.0895221,4.8092161,2024,,
NL-0024-09-66-2024-K01-7080.dw.png,NL-0024,53.0895221,4.8092161,2024,,
NL-0024-09-66-2024-K01-7081.dw.png,NL-0024,53.0895221,4.8092161,2024,,
NL-0024-09-66-2024-K01-7082.dw.png,NL-0024,53.0895221,4.8092161,2024,,
NL-0024-09-66-2024-K01-7083.dw.png,NL-0024,53.0895221,4.8092161,2024,,
NL-0025-09-66-2024-K02-7093.dw.png,NL-0025,53.0895221,4.8092161,2024,,
NL-0025-09-66-2024-K02-7094.dw.png,NL-0025,53.0895221,4.8092161,2024,,
NL-0025-09-66-2024-K02-7095.dw.png,NL-0025,53.0895221,4.8092161,2024,,
NL-0025-09-66-2024-K02-7096.dw.png,NL-0025,53.0895221,4.8092161,2024,,
NL-0025-09-66-2024-K02-7098.dw.png,NL-0025,53.0895221,4.8092161,2024,,
NL-0025-09-66-2024-K02-7099.dw.png,NL-0025,53.0895221,4.8092161,2024,,
NL-0025-09-66-2024-K02-7100.dw.png,NL-0025,53.0895221,4.8092161,2024,,
NL-0025-09-66-2024-K02-7101.dw.png,NL-0025,53.0895221,4.8092161,2024,,
NL-0025-09-66-2024-K02-7103.dw.png,NL-0025,53.0895221,4.8092161,2024,,
NL-0025-09-66-2024-K02-7104.dw.png,NL-0025,53.0895221,4.8092161,2024,,
NL-0025-09-66-2024-K02-7105.dw.png,NL-0025,53.0895221,4.8092161,2024,,
NL-0025-09-66-2024-K02-7106.dw.png,NL-0025,53.0895221,4.8092161,2024,,
NL-0025-09-66-2024-K02-7107.dw.png,NL-0025,53.0895221,4.8092161,2024,,
NL-0025-09-66-2024-K02-7108.dw.png,NL-0025,53.0895221,4.8092161,2024,,
NL-0025-09-66-2024-K02-7109.dw.png,NL-0025,53.0895221,4.8092161,2024,,
NL-0025-09-66-2024-K02-7110.dw.png,NL-0025,53.0895221,4.8092161,2024,,
NL-0025-09-66-2024-K02-7111.dw.png,NL-0025,53.0895221,4.8092161,2024,,
NL-0025-09-66-2024-K02-7112.dw.png,NL-0025,53.0895221,4.8092161,2024,,
NL-0025-09-66-2024-K02-7113.dw.png,NL-0025,53.0895221,4.8092161,2024,,
NL-0025-09-66-2024-K02-7114.dw.png,NL-0025,53.0895221,4.8092161,2024,,
NL-0025-09-66-2024-K02-7115.dw.png,NL-0025,53.0895221,4.8092161,2024,,
NL-0025-09-66-2024-K02-7116.dw.png,NL-0025,53.0895221,4.8092161,2024,,
NL-0025-09-66-2024-K02-7117.dw.png,NL-0025,53.0895221,4.8092161,2024,,
NL-0025-09-66-2024-K02-7118.dw.png,NL-0025,53.0895221,4.8092161,2024,,
NL-0025-09-66-2024-K02-7119.dw.png,NL-0025,53.0895221,4.8092161,2024,,
NL-0025-09-66-2024-K02-7120.dw.png,NL-0025,53.0895221,4.8092161,2024,,
NL-0025-09-66-2024-K02-7121.dw.png,NL-0025,53.0895221,4.8092161,2024,,
NL-0025-09-66-2024-K02-7123.dw.png,NL-0025,53.0895221,4.8092161,2024,,
NL-0025-09-66-2024-K02-7124.dw.png,NL-0025,53.0895221,4.8092161,2024,,
NL-0025-09-66-2024-K02-7125.dw.png,NL-0025,53.0895221,4.8092161,2024,,
NL-0026-09-66-2024-K03-7128.dw.png,NL-0026,53.0895221,4.8092161,2024,,
NL-0026-09-66-2024-K03-7129.dw.png,NL-0026,53.0895221,4.8092161,2024,,
NL-0026-09-66-2024-K03-7131.dw.png,NL-0026,53.0895221,4.8092161,2024,,
NL-0026-09-66-2024-K03-7132.dw.png,NL-0026,53.0895221,4.8092161,2024,,
NL-0026-09-66-2024-K03-7133.dw.png,NL-0026,53.0895221,4.8092161,2024,,
NL-0026-09-66-2024-K03-7134.dw.png,NL-0026,53.0895221,4.8092161,2024,,
NL-0026-09-66-2024-K03-7135.dw.png,NL-0026,53.0895221,4.8092161,2024,,
NL-0026-09-66-2024-K03-7136.dw.png,NL-0026,53.0895221,4.8092161,2024,,
NL-0026-09-66-2024-K03-7137.dw.png,NL-0026,53.0895221,4.8092161,2024,,
NL-0026-09-66-2024-K03-7138.dw.png,NL-0026,53.0895221,4.8092161,2024,,
NL-0026-09-66-2024-K03-7139.dw.png,NL-0026,53.0895221,4.8092161,2024,,
NL-0026-09-66-2024-K03-7140.dw.png,NL-0026,53.0895221,4.8092161,2024,,
NL-0026-09-66-2024-K03-7141.dw.png,NL-0026,53.0895221,4.8092161,2024,,
NL-0026-09-66-2024-K03-7142.dw.png,NL-0026,53.0895221,4.8092161,2024,,
NL-0026-09-66-2024-K03-7143.dw.png,NL-0026,53.0895221,4.8092161,2024,,
NL-0026-09-66-2024-K03-7144.dw.png,NL-0026,53.0895221,4.8092161,2024,,
NL-0026-09-66-2024-K03-7145.dw.png,NL-0026,53.0895221,4.8092161,2024,,
NL-0026-09-66-2024-K03-7146.dw.png,NL-0026,53.0895221,4.8092161,2024,,
NL-0026-09-66-2024-K03-7147.dw.png,NL-0026,53.0895221,4.8092161,2024,,
NL-0026-09-66-2024-K03-7148.dw.png,NL-0026,53.0895221,4.8092161,2024,,
NL-0026-09-66-2024-K03-7149.dw.png,NL-0026,53.0895221,4.8092161,2024,,
NL-0026-09-66-2024-K03-7150.dw.png,NL-0026,53.0895221,4.8092161,2024,,
NL-0026-09-66-2024-K03-7151.dw.png,NL-0026,53.0895221,4.8092161,2024,,
NL-0026-09-66-2024-K03-7152.dw.png,NL-0026,53.0895221,4.8092161,2024,,
NL-0026-09-66-2024-K03-7153.dw.png,NL-0026,53.0895221,4.8092161,2024,,
NL-0026-09-66-2024-K03-7154.dw.png,NL-0026,53.0895221,4.8092161,2024,,
NL-0026-09-66-2024-K03-7155.dw.png,NL-0026,53.0895221,4.8092161,2024,,
NL-0026-09-66-2024-K03-7156.dw.png,NL-0026,53.0895221,4.8092161,2024,,
NL-0026-09-66-2024-K03-7158.dw.png,NL-0026,53.0895221,4.8092161,2024,,
NL-0027-09-66-2024-K04-7159.dw.png,NL-0027,53.0895221,4.8092161,2024,,
NL-0027-09-66-2024-K04-7160.dw.png,NL-0027,53.0895221,4.8092161,2024,,
NL-0027-09-66-2024-K04-7161.dw.png,NL-0027,53.0895221,4.8092161,2024,,
NL-0027-09-66-2024-K04-7162.dw.png,NL-0027,53.0895221,4.8092161,2024,,
NL-0027-09-66-2024-K04-7163.dw.png,NL-0027,53.0895221,4.8092161,2024,,
NL-0027-09-66-2024-K04-7164.dw.png,NL-0027,53.0895221,4.8092161,2024,,
NL-0027-09-66-2024-K04-7165.dw.png,NL-0027,53.0895221,4.8092161,2024,,
NL-0027-09-66-2024-K04-7166.dw.png,NL-0027,53.0895221,4.8092161,2024,,
NL-0027-09-66-2024-K04-7167.dw.png,NL-0027,53.0895221,4.8092161,2024,,
NL-0027-09-66-2024-K04-7168.dw.png,NL-0027,53.0895221,4.8092161,2024,,
NL-0027-09-66-2024-K04-7169.dw.png,NL-0027,53.0895221,4.8092161,2024,,
NL-0027-09-66-2024-K04-7170.dw.png,NL-0027,53.0895221,4.8092161,2024,,
NL-0027-09-66-2024-K04-7171.dw.png,NL-0027,53.0895221,4.8092161,2024,,
NL-0027-09-66-2024-K04-7172.dw.png,NL-0027,53.0895221,4.8092161,2024,,
NL-0027-09-66-2024-K04-7173.dw.png,NL-0027,53.0895221,4.8092161,2024,,
NL-0027-09-66-2024-K04-7174.dw.png,NL-0027,53.0895221,4.8092161,2024,,
NL-0027-09-66-2024-K04-7175.dw.png,NL-0027,53.0895221,4.8092161,2024,,
NL-0027-09-66-2024-K04-7176.dw.png,NL-0027,53.0895221,4.8092161,2024,,
NL-0027-09-66-2024-K04-7177.dw.png,NL-0027,53.0895221,4.8092161,2024,,
NL-0027-09-66-2024-K04-7179.dw.png,NL-0027,53.0895221,4.8092161,2024,,
NL-0027-09-66-2024-K04-7180.dw.png,NL-0027,53.0895221,4.8092161,2024,,
NL-0027-09-66-2024-K04-7182.dw.png,NL-0027,53.0895221,4.8092161,2024,,
NL-0027-09-66-2024-K04-7183.dw.png,NL-0027,53.0895221,4.8092161,2024,,
NL-0027-09-66-2024-K04-7184.dw.png,NL-0027,53.0895221,4.8092161,2024,,
NL-0027-09-66-2024-K04-7185.dw.png,NL-0027,53.0895221,4.8092161,2024,,
NL-0027-09-66-2024-K04-7186.dw.png,NL-0027,53.0895221,4.8092161,2024,,
NL-0027-09-66-2024-K04-7187.dw.png,NL-0027,53.0895221,4.8092161,2024,,
NL-0027-09-66-2024-K04-7188.dw.png,NL-0027,53.0895221,4.8092161,2024,,
NL-0027-09-66-2024-K04-7189.dw.png,NL-0027,53.0895221,4.8092161,2024,,
NL-0027-09-66-2024-K04-7190.dw.png,NL-0027,53.0895221,4.8092161,2024,,
NL-0028-09-66-2024-K05-7194.dw.png,NL-0028,53.0895221,4.8092161,2024,,
NL-0028-09-66-2024-K05-7195.dw.png,NL-0028,53.0895221,4.8092161,2024,,
NL-0028-09-66-2024-K05-7196.dw.png,NL-0028,53.0895221,4.8092161,2024,,
NL-0028-09-66-2024-K05-7197.dw.png,NL-0028,53.0895221,4.8092161,2024,,
NL-0028-09-66-2024-K05-7198.dw.png,NL-0028,53.0895221,4.8092161,2024,,
NL-0028-09-66-2024-K05-7199.dw.png,NL-0028,53.0895221,4.8092161,2024,,
NL-0028-09-66-2024-K05-7200.dw.png,NL-0028,53.0895221,4.8092161,2024,,
NL-0028-09-66-2024-K05-7201.dw.png,NL-0028,53.0895221,4.8092161,2024,,
NL-0028-09-66-2024-K05-7202.dw.png,NL-0028,53.0895221,4.8092161,2024,,
NL-0028-09-66-2024-K05-7203.dw.png,NL-0028,53.0895221,4.8092161,2024,,
NL-0028-09-66-2024-K05-7204.dw.png,NL-0028,53.0895221,4.8092161,2024,,
NL-0028-09-66-2024-K05-7205.dw.png,NL-0028,53.0895221,4.8092161,2024,,
NL-0028-09-66-2024-K05-7206.dw.png,NL-0028,53.0895221,4.8092161,2024,,
NL-0028-09-66-2024-K05-7207.dw.png,NL-0028,53.0895221,4.8092161,2024,,
NL-0028-09-66-2024-K05-7208.dw.png,NL-0028,53.0895221,4.8092161,2024,,
NL-0028-09-66-2024-K05-7209.dw.png,NL-0028,53.0895221,4.8092161,2024,,
NL-0028-09-66-2024-K05-7210.dw.png,NL-0028,53.0895221,4.8092161,2024,,
NL-0028-09-66-2024-K05-7211.dw.png,NL-0028,53.0895221,4.8092161,2024,,
NL-0028-09-66-2024-K05-7212.dw.png,NL-0028,53.0895221,4.8092161,2024,,
NL-0028-09-66-2024-K05-7213.dw.png,NL-0028,53.0895221,4.8092161,2024,,
NL-0028-09-66-2024-K05-7214.dw.png,NL-0028,53.0895221,4.8092161,2024,,
NL-0028-09-66-2024-K05-7216.dw.png,NL-0028,53.0895221,4.8092161,2024,,
NL-0028-09-66-2024-K05-7217.dw.png,NL-0028,53.0895221,4.8092161,2024,,
NL-0028-09-66-2024-K05-7218.dw.png,NL-0028,53.0895221,4.8092161,2024,,
NL-0028-09-66-2024-K05-7219.dw.png,NL-0028,53.0895221,4.8092161,2024,,
NL-0029-09-66-2024-K06-7480.dw.png,NL-0029,53.0895221,4.8092161,2024,,
NL-0029-09-66-2024-K06-7481.dw.png,NL-0029,53.0895221,4.8092161,2024,,
NL-0029-09-66-2024-K06-7482.dw.png,NL-0029,53.0895221,4.8092161,2024,,
NL-0029-09-66-2024-K06-7483.dw.png,NL-0029,53.0895221,4.8092161,2024,,
NL-0029-09-66-2024-K06-7484.dw.png,NL-0029,53.0895221,4.8092161,2024,,
NL-0029-09-66-2024-K06-7485.dw.png,NL-0029,53.0895221,4.8092161,2024,,
NL-0029-09-66-2024-K06-7486.dw.png,NL-0029,53.0895221,4.8092161,2024,,
NL-0029-09-66-2024-K06-7487.dw.png,NL-0029,53.0895221,4.8092161,2024,,
NL-0029-09-66-2024-K06-7488.dw.png,NL-0029,53.0895221,4.8092161,2024,,
NL-0029-09-66-2024-K06-7489.dw.png,NL-0029,53.0895221,4.8092161,2024,,
NL-0029-09-66-2024-K06-7490.dw.png,NL-0029,53.0895221,4.8092161,2024,,
NL-0029-09-66-2024-K06-7491.dw.png,NL-0029,53.0895221,4.8092161,2024,,
NL-0029-09-66-2024-K06-7492.dw.png,NL-0029,53.0895221,4.8092161,2024,,
NL-0029-09-66-2024-K06-7493.dw.png,NL-0029,53.0895221,4.8092161,2024,,
NL-0029-09-66-2024-K06-7494.dw.png,NL-0029,53.0895221,4.8092161,2024,,
NL-0029-09-66-2024-K06-7495.dw.png,NL-0029,53.0895221,4.8092161,2024,,
NL-0029-09-66-2024-K06-7496.dw.png,NL-0029,53.0895221,4.8092161,2024,,
NL-0029-09-66-2024-K06-7497.dw.png,NL-0029,53.0895221,4.8092161,2024,,
NL-0029-09-66-2024-K06-7498.dw.png,NL-0029,53.0895221,4.8092161,2024,,
NL-0029-09-66-2024-K06-7499.dw.png,NL-0029,53.0895221,4.8092161,2024,,
NL-0029-09-66-2024-K06-7500.dw.png,NL-0029,53.0895221,4.8092161,2024,,
NL-0029-09-66-2024-K06-7501.dw.png,NL-0029,53.0895221,4.8092161,2024,,
NL-0029-09-66-2024-K06-7502.dw.png,NL-0029,53.0895221,4.8092161,2024,,
NL-0029-09-66-2024-K06-7503.dw.png,NL-0029,53.0895221,4.8092161,2024,,
NL-0029-09-66-2024-K06-7504.dw.png,NL-0029,53.0895221,4.8092161,2024,,
NL-0029-09-66-2024-K06-7505.dw.png,NL-0029,53.0895221,4.8092161,2024,,
NL-0029-09-66-2024-K06-7506.dw.png,NL-0029,53.0895221,4.8092161,2024,,
NL-0029-09-66-2024-K06-7507.dw.png,NL-0029,53.0895221,4.8092161,2024,,
NL-0029-09-66-2024-K06-7508.dw.png,NL-0029,53.0895221,4.8092161,2024,,
NL-0029-09-66-2024-K06-7509.dw.png,NL-0029,53.0895221,4.8092161,2024,,
NL-0030-09-66-2024-K07-7515.dw.png,NL-0030,53.0895221,4.8092161,2024,,
NL-0030-09-66-2024-K07-7516.dw.png,NL-0030,53.0895221,4.8092161,2024,,
NL-0030-09-66-2024-K07-7517.dw.png,NL-0030,53.0895221,4.8092161,2024,,
NL-0030-09-66-2024-K07-7518.dw.png,NL-0030,53.0895221,4.8092161,2024,,
NL-0030-09-66-2024-K07-7519.dw.png,NL-0030,53.0895221,4.8092161,2024,,
NL-0030-09-66-2024-K07-7520.dw.png,NL-0030,53.0895221,4.8092161,2024,,
NL-0030-09-66-2024-K07-7521.dw.png,NL-0030,53.0895221,4.8092161,2024,,
NL-0030-09-66-2024-K07-7522.dw.png,NL-0030,53.0895221,4.8092161,2024,,
NL-0030-09-66-2024-K07-7523.dw.png,NL-0030,53.0895221,4.8092161,2024,,
NL-0030-09-66-2024-K07-7524.dw.png,NL-0030,53.0895221,4.8092161,2024,,
NL-0030-09-66-2024-K07-7525.dw.png,NL-0030,53.0895221,4.8092161,2024,,
NL-0030-09-66-2024-K07-7527.dw.png,NL-0030,53.0895221,4.8092161,2024,,
NL-0030-09-66-2024-K07-7528.dw.png,NL-0030,53.0895221,4.8092161,2024,,
NL-0030-09-66-2024-K07-7529.dw.png,NL-0030,53.0895221,4.8092161,2024,,
NL-0030-09-66-2024-K07-7530.dw.png,NL-0030,53.0895221,4.8092161,2024,,
NL-0030-09-66-2024-K07-7531.dw.png,NL-0030,53.0895221,4.8092161,2024,,
NL-0030-09-66-2024-K07-7532.dw.png,NL-0030,53.0895221,4.8092161,2024,,
NL-0030-09-66-2024-K07-7533.dw.png,NL-0030,53.0895221,4.8092161,2024,,
NL-0030-09-66-2024-K07-7534.dw.png,NL-0030,53.0895221,4.8092161,2024,,
NL-0030-09-66-2024-K07-7536.dw.png,NL-0030,53.0895221,4.8092161,2024,,
NL-0030-09-66-2024-K07-7537.dw.png,NL-0030,53.0895221,4.8092161,2024,,
NL-0030-09-66-2024-K07-7538.dw.png,NL-0030,53.0895221,4.8092161,2024,,
NL-0030-09-66-2024-K07-7539.dw.png,NL-0030,53.0895221,4.8092161,2024,,
NL-0030-09-66-2024-K07-7540.dw.png,NL-0030,53.0895221,4.8092161,2024,,
NL-0030-09-66-2024-K07-7541.dw.png,NL-0030,53.0895221,4.8092161,2024,,
NL-0030-09-66-2024-K07-7542.dw.png,NL-0030,53.0895221,4.8092161,2024,,
NL-0030-09-66-2024-K07-7543.dw.png,NL-0030,53.0895221,4.8092161,2024,,
NL-0030-09-66-2024-K07-7544.dw.png,NL-0030,53.0895221,4.8092161,2024,,
NL-0030-09-66-2024-K07-7545.dw.png,NL-0030,53.0895221,4.8092161,2024,,
NL-0030-09-66-2024-K07-7546.dw.png,NL-0030,53.0895221,4.8092161,2024,,
NL-0031-09-66-2024-K08-7550.dw.png,NL-0031,53.0895221,4.8092161,2024,,
NL-0031-09-66-2024-K08-7551.dw.png,NL-0031,53.0895221,4.8092161,2024,,
NL-0031-09-66-2024-K08-7552.dw.png,NL-0031,53.0895221,4.8092161,2024,,
NL-0031-09-66-2024-K08-7553.dw.png,NL-0031,53.0895221,4.8092161,2024,,
NL-0031-09-66-2024-K08-7554.dw.png,NL-0031,53.0895221,4.8092161,2024,,
NL-0031-09-66-2024-K08-7555.dw.png,NL-0031,53.0895221,4.8092161,2024,,
NL-0031-09-66-2024-K08-7556.dw.png,NL-0031,53.0895221,4.8092161,2024,,
NL-0031-09-66-2024-K08-7557.dw.png,NL-0031,53.0895221,4.8092161,2024,,
NL-0031-09-66-2024-K08-7558.dw.png,NL-0031,53.0895221,4.8092161,2024,,
NL-0031-09-66-2024-K08-7560.dw.png,NL-0031,53.0895221,4.8092161,2024,,
NL-0031-09-66-2024-K08-7561.dw.png,NL-0031,53.0895221,4.8092161,2024,,
NL-0031-09-66-2024-K08-7562.dw.png,NL-0031,53.0895221,4.8092161,2024,,
NL-0031-09-66-2024-K08-7564.dw.png,NL-0031,53.0895221,4.8092161,2024,,
NL-0031-09-66-2024-K08-7566.dw.png,NL-0031,53.0895221,4.8092161,2024,,
NL-0031-09-66-2024-K08-7567.dw.png,NL-0031,53.0895221,4.8092161,2024,,
NL-0031-09-66-2024-K08-7568.dw.png,NL-0031,53.0895221,4.8092161,2024,,
NL-0031-09-66-2024-K08-7569.dw.png,NL-0031,53.0895221,4.8092161,2024,,
NL-0031-09-66-2024-K08-7570.dw.png,NL-0031,53.0895221,4.8092161,2024,,
NL-0031-09-66-2024-K08-7571.dw.png,NL-0031,53.0895221,4.8092161,2024,,
NL-0031-09-66-2024-K08-7572.dw.png,NL-0031,53.0895221,4.8092161,2024,,
NL-0031-09-66-2024-K08-7573.dw.png,NL-0031,53.0895221,4.8092161,2024,,
NL-0031-09-66-2024-K08-7574.dw.png,NL-0031,53.0895221,4.8092161,2024,,
NL-0031-09-66-2024-K08-7575.dw.png,NL-0031,53.0895221,4.8092161,2024,,
NL-0031-09-66-2024-K08-7576.dw.png,NL-0031,53.0895221,4.8092161,2024,,
NL-0031-09-66-2024-K08-7577.dw.png,NL-0031,53.0895221,4.8092161,2024,,
NL-0031-09-66-2024-K08-7578.dw.png,NL-0031,53.0895221,4.8092161,2024,,
NL-0031-09-66-2024-K08-7579.dw.png,NL-0031,53.0895221,4.8092161,2024,,
NL-0031-09-66-2024-K08-7580.dw.png,NL-0031,53.0895221,4.8092161,2024,,
NL-0031-09-66-2024-K08-7581.dw.png,NL-0031,53.0895221,4.8092161,2024,,
NL-0031-09-66-2024-K08-7582.dw.png,NL-0031,53.0895221,4.8092161,2024,,
NL-0032-09-66-2024-K09-7020.dw.png,NL-0032,53.0895221,4.8092161,2024,,
NL-0032-09-66-2024-K09-7021.dw.png,NL-0032,53.0895221,4.8092161,2024,,
NL-0032-09-66-2024-K09-7022.dw.png,NL-0032,53.0895221,4.8092161,2024,,
NL-0032-09-66-2024-K09-7023.dw.png,NL-0032,53.0895221,4.8092161,2024,,
NL-0032-09-66-2024-K09-7024.dw.png,NL-0032,53.0895221,4.8092161,2024,,
NL-0032-09-66-2024-K09-7025.dw.png,NL-0032,53.0895221,4.8092161,2024,,
NL-0032-09-66-2024-K09-7026.dw.png,NL-0032,53.0895221,4.8092161,2024,,
NL-0032-09-66-2024-K09-7027.dw.png,NL-0032,53.0895221,4.8092161,2024,,
NL-0032-09-66-2024-K09-7028.dw.png,NL-0032,53.0895221,4.8092161,2024,,
NL-0032-09-66-2024-K09-7029.dw.png,NL-0032,53.0895221,4.8092161,2024,,
NL-0032-09-66-2024-K09-7030.dw.png,NL-0032,53.0895221,4.8092161,2024,,
NL-0032-09-66-2024-K09-7031.dw.png,NL-0032,53.0895221,4.8092161,2024,,
NL-0032-09-66-2024-K09-7032.dw.png,NL-0032,53.0895221,4.8092161,2024,,
NL-0032-09-66-2024-K09-7033.dw.png,NL-0032,53.0895221,4.8092161,2024,,
NL-0032-09-66-2024-K09-7034.dw.png,NL-0032,53.0895221,4.8092161,2024,,
NL-0032-09-66-2024-K09-7035.dw.png,NL-0032,53.0895221,4.8092161,2024,,
NL-0032-09-66-2024-K09-7036.dw.png,NL-0032,53.0895221,4.8092161,2024,,
NL-0032-09-66-2024-K09-7037.dw.png,NL-0032,53.0895221,4.8092161,2024,,
NL-0032-09-66-2024-K09-7038.dw.png,NL-0032,53.0895221,4.8092161,2024,,
NL-0032-09-66-2024-K09-7039.dw.png,NL-0032,53.0895221,4.8092161,2024,,
NL-0032-09-66-2024-K09-7040.dw.png,NL-0032,53.0895221,4.8092161,2024,,
NL-0032-09-66-2024-K09-7041.dw.png,NL-0032,53.0895221,4.8092161,2024,,
NL-0032-09-66-2024-K09-7042.dw.png,NL-0032,53.0895221,4.8092161,2024,,
NL-0032-09-66-2024-K09-7043.dw.png,NL-0032,53.0895221,4.8092161,2024,,
NL-0032-09-66-2024-K09-7044.dw.png,NL-0032,53.0895221,4.8092161,2024,,
NL-0032-09-66-2024-K09-7045.dw.png,NL-0032,53.0895221,4.8092161,2024,,
NL-0032-09-66-2024-K09-7046.dw.png,NL-0032,53.0895221,4.8092161,2024,,
NL-0032-09-66-2024-K09-7047.dw.png,NL-0032,53.0895221,4.8092161,2024,,
NL-0032-09-66-2024-K09-7048.dw.png,NL-0032,53.0895221,4.8092161,2024,,
NL-0032-09-66-2024-K09-7049.dw.png,NL-0032,53.0895221,4.8092161,2024,,
NL-0033-09-66-2024-K10-7457.dw.png,NL-0033,53.0895221,4.8092161,2024,,
NL-0033-09-66-2024-K10-7458.dw.png,NL-0033,53.0895221,4.8092161,2024,,
NL-0033-09-66-2024-K10-7459.dw.png,NL-0033,53.0895221,4.8092161,2024,,
NL-0033-09-66-2024-K10-7460.dw.png,NL-0033,53.0895221,4.8092161,2024,,
NL-0033-09-66-2024-K10-7461.dw.png,NL-0033,53.0895221,4.8092161,2024,,
NL-0033-09-66-2024-K10-7462.dw.png,NL-0033,53.0895221,4.8092161,2024,,
NL-0033-09-66-2024-K10-7463.dw.png,NL-0033,53.0895221,4.8092161,2024,,
NL-0033-09-66-2024-K10-7464.dw.png,NL-0033,53.0895221,4.8092161,2024,,
NL-0033-09-66-2024-K10-7465.dw.png,NL-0033,53.0895221,4.8092161,2024,,
NL-0033-09-66-2024-K10-7466.dw.png,NL-0033,53.0895221,4.8092161,2024,,
NL-0033-09-66-2024-K10-7467.dw.png,NL-0033,53.0895221,4.8092161,2024,,
NL-0033-09-66-2024-K10-7468.dw.png,NL-0033,53.0895221,4.8092161,2024,,
NL-0033-09-66-2024-K10-7469.dw.png,NL-0033,53.0895221,4.8092161,2024,,
NL-0033-09-66-2024-K10-7470.dw.png,NL-0033,53.0895221,4.8092161,2024,,
NL-0033-09-66-2024-K10-7471.dw.png,NL-0033,53.0895221,4.8092161,2024,,
NL-0033-09-66-2024-K10-7472.dw.png,NL-0033,53.0895221,4.8092161,2024,,
NL-0033-09-66-2024-K10-7473.dw.png,NL-0033,53.0895221,4.8092161,2024,,
NL-0033-09-66-2024-K10-7474.dw.png,NL-0033,53.0895221,4.8092161,2024,,
NL-0033-09-66-2024-K10-7475.dw.png,NL-0033,53.0895221,4.8092161,2024,,
NL-0033-09-66-2024-K10-7476.dw.png,NL-0033,53.0895221,4.8092161,2024,,
NL-0033-09-66-2024-K10-7477.dw.png,NL-0033,53.0895221,4.8092161,2024,,
NL-0033-09-66-2024-K10-7478.dw.png,NL-0033,53.0895221,4.8092161,2024,,
NL-0033-09-66-2024-K10-7479.dw.png,NL-0033,53.0895221,4.8092161,2024,,
NL-0034-09-66-2024-K11-7395.dw.png,NL-0034,53.0895221,4.8092161,2024,,
NL-0034-09-66-2024-K11-7396.dw.png,NL-0034,53.0895221,4.8092161,2024,,
NL-0034-09-66-2024-K11-7397.dw.png,NL-0034,53.0895221,4.8092161,2024,,
NL-0034-09-66-2024-K11-7398.dw.png,NL-0034,53.0895221,4.8092161,2024,,
NL-0034-09-66-2024-K11-7399.dw.png,NL-0034,53.0895221,4.8092161,2024,,
NL-0034-09-66-2024-K11-7400.dw.png,NL-0034,53.0895221,4.8092161,2024,,
NL-0034-09-66-2024-K11-7401.dw.png,NL-0034,53.0895221,4.8092161,2024,,
NL-0034-09-66-2024-K11-7402.dw.png,NL-0034,53.0895221,4.8092161,2024,,
NL-0034-09-66-2024-K11-7403.dw.png,NL-0034,53.0895221,4.8092161,2024,,
NL-0034-09-66-2024-K11-7404.dw.png,NL-0034,53.0895221,4.8092161,2024,,
NL-0034-09-66-2024-K11-7405.dw.png,NL-0034,53.0895221,4.8092161,2024,,
NL-0034-09-66-2024-K11-7406.dw.png,NL-0034,53.0895221,4.8092161,2024,,
NL-0034-09-66-2024-K11-7407.dw.png,NL-0034,53.0895221,4.8092161,2024,,
NL-0034-09-66-2024-K11-7408.dw.png,NL-0034,53.0895221,4.8092161,2024,,
NL-0034-09-66-2024-K11-7409.dw.png,NL-0034,53.0895221,4.8092161,2024,,
NL-0034-09-66-2024-K11-7410.dw.png,NL-0034,53.0895221,4.8092161,2024,,
NL-0034-09-66-2024-K11-7411.dw.png,NL-0034,53.0895221,4.8092161,2024,,
NL-0034-09-66-2024-K11-7412.dw.png,NL-0034,53.0895221,4.8092161,2024,,
NL-0034-09-66-2024-K11-7413.dw.png,NL-0034,53.0895221,4.8092161,2024,,
NL-0034-09-66-2024-K11-7414.dw.png,NL-0034,53.0895221,4.8092161,2024,,
NL-0034-09-66-2024-K11-7415.dw.png,NL-0034,53.0895221,4.8092161,2024,,
NL-0034-09-66-2024-K11-7416.dw.png,NL-0034,53.0895221,4.8092161,2024,,
NL-0034-09-66-2024-K11-7417.dw.png,NL-0034,53.0895221,4.8092161,2024,,
NL-0034-09-66-2024-K11-7418.dw.png,NL-0034,53.0895221,4.8092161,2024,,
NL-0034-09-66-2024-K11-7419.dw.png,NL-0034,53.0895221,4.8092161,2024,,
NL-0034-09-66-2024-K11-7420.dw.png,NL-0034,53.0895221,4.8092161,2024,,
NL-0034-09-66-2024-K11-7421.dw.png,NL-0034,53.0895221,4.8092161,2024,,
NL-0034-09-66-2024-K11-7422.dw.png,NL-0034,53.0895221,4.8092161,2024,,
NL-0034-09-66-2024-K11-7423.dw.png,NL-0034,53.0895221,4.8092161,2024,,
NL-0035-09-66-2024-K12-7365.dw.png,NL-0035,53.0895221,4.8092161,2024,,
NL-0035-09-66-2024-K12-7366.dw.png,NL-0035,53.0895221,4.8092161,2024,,
NL-0035-09-66-2024-K12-7367.dw.png,NL-0035,53.0895221,4.8092161,2024,,
NL-0035-09-66-2024-K12-7368.dw.png,NL-0035,53.0895221,4.8092161,2024,,
NL-0035-09-66-2024-K12-7369.dw.png,NL-0035,53.0895221,4.8092161,2024,,
NL-0035-09-66-2024-K12-7370.dw.png,NL-0035,53.0895221,4.8092161,2024,,
NL-0035-09-66-2024-K12-7371.dw.png,NL-0035,53.0895221,4.8092161,2024,,
NL-0035-09-66-2024-K12-7372.dw.png,NL-0035,53.0895221,4.8092161,2024,,
NL-0035-09-66-2024-K12-7373.dw.png,NL-0035,53.0895221,4.8092161,2024,,
NL-0035-09-66-2024-K12-7374.dw.png,NL-0035,53.0895221,4.8092161,2024,,
NL-0035-09-66-2024-K12-7375.dw.png,NL-0035,53.0895221,4.8092161,2024,,
NL-0035-09-66-2024-K12-7376.dw.png,NL-0035,53.0895221,4.8092161,2024,,
NL-0035-09-66-2024-K12-7377.dw.png,NL-0035,53.0895221,4.8092161,2024,,
NL-0035-09-66-2024-K12-7378.dw.png,NL-0035,53.0895221,4.8092161,2024,,
NL-0035-09-66-2024-K12-7379.dw.png,NL-0035,53.0895221,4.8092161,2024,,
NL-0035-09-66-2024-K12-7380.dw.png,NL-0035,53.0895221,4.8092161,2024,,
NL-0035-09-66-2024-K12-7381.dw.png,NL-0035,53.0895221,4.8092161,2024,,
NL-0035-09-66-2024-K12-7382.dw.png,NL-0035,53.0895221,4.8092161,2024,,
NL-0035-09-66-2024-K12-7383.dw.png,NL-0035,53.0895221,4.8092161,2024,,
NL-0035-09-66-2024-K12-7385.dw.png,NL-0035,53.0895221,4.8092161,2024,,
NL-0035-09-66-2024-K12-7386.dw.png,NL-0035,53.0895221,4.8092161,2024,,
NL-0035-09-66-2024-K12-7387.dw.png,NL-0035,53.0895221,4.8092161,2024,,
NL-0035-09-66-2024-K12-7388.dw.png,NL-0035,53.0895221,4.8092161,2024,,
NL-0035-09-66-2024-K12-7389.dw.png,NL-0035,53.0895221,4.8092161,2024,,
NL-0035-09-66-2024-K12-7390.dw.png,NL-0035,53.0895221,4.8092161,2024,,
NL-0035-09-66-2024-K12-7391.dw.png,NL-0035,53.0895221,4.8092161,2024,,
NL-0035-09-66-2024-K12-7392.dw.png,NL-0035,53.0895221,4.8092161,2024,,
NL-0035-09-66-2024-K12-7393.dw.png,NL-0035,53.0895221,4.8092161,2024,,
NL-0035-09-66-2024-K12-7394.dw.png,NL-0035,53.0895221,4.8092161,2024,,
NL-0036-09-66-2024-K13-7330.dw.png,NL-0036,53.0895221,4.8092161,2024,,
NL-0036-09-66-2024-K13-7331.dw.png,NL-0036,53.0895221,4.8092161,2024,,
NL-0036-09-66-2024-K13-7332.dw.png,NL-0036,53.0895221,4.8092161,2024,,
NL-0036-09-66-2024-K13-7333.dw.png,NL-0036,53.0895221,4.8092161,2024,,
NL-0036-09-66-2024-K13-7334.dw.png,NL-0036,53.0895221,4.8092161,2024,,
NL-0036-09-66-2024-K13-7335.dw.png,NL-0036,53.0895221,4.8092161,2024,,
NL-0036-09-66-2024-K13-7337.dw.png,NL-0036,53.0895221,4.8092161,2024,,
NL-0036-09-66-2024-K13-7338.dw.png,NL-0036,53.0895221,4.8092161,2024,,
NL-0036-09-66-2024-K13-7339.dw.png,NL-0036,53.0895221,4.8092161,2024,,
NL-0036-09-66-2024-K13-7340.dw.png,NL-0036,53.0895221,4.8092161,2024,,
NL-0036-09-66-2024-K13-7341.dw.png,NL-0036,53.0895221,4.8092161,2024,,
NL-0036-09-66-2024-K13-7342.dw.png,NL-0036,53.0895221,4.8092161,2024,,
NL-0036-09-66-2024-K13-7343.dw.png,NL-0036,53.0895221,4.8092161,2024,,
NL-0036-09-66-2024-K13-7344.dw.png,NL-0036,53.0895221,4.8092161,2024,,
NL-0036-09-66-2024-K13-7345.dw.png,NL-0036,53.0895221,4.8092161,2024,,
NL-0036-09-66-2024-K13-7346.dw.png,NL-0036,53.0895221,4.8092161,2024,,
NL-0036-09-66-2024-K13-7347.dw.png,NL-0036,53.0895221,4.8092161,2024,,
NL-0036-09-66-2024-K13-7348.dw.png,NL-0036,53.0895221,4.8092161,2024,,
NL-0036-09-66-2024-K13-7349.dw.png,NL-0036,53.0895221,4.8092161,2024,,
NL-0036-09-66-2024-K13-7350.dw.png,NL-0036,53.0895221,4.8092161,2024,,
NL-0036-09-66-2024-K13-7351.dw.png,NL-0036,53.0895221,4.8092161,2024,,
NL-0036-09-66-2024-K13-7352.dw.png,NL-0036,53.0895221,4.8092161,2024,,
NL-0036-09-66-2024-K13-7353.dw.png,NL-0036,53.0895221,4.8092161,2024,,
NL-0036-09-66-2024-K13-7354.dw.png,NL-0036,53.0895221,4.8092161,2024,,
NL-0036-09-66-2024-K13-7355.dw.png,NL-0036,53.0895221,4.8092161,2024,,
NL-0036-09-66-2024-K13-7356.dw.png,NL-0036,53.0895221,4.8092161,2024,,
NL-0036-09-66-2024-K13-7357.dw.png,NL-0036,53.0895221,4.8092161,2024,,
NL-0036-09-66-2024-K13-7358.dw.png,NL-0036,53.0895221,4.8092161,2024,,
NL-0036-09-66-2024-K13-7359.dw.png,NL-0036,53.0895221,4.8092161,2024,,
NL-0036-09-66-2024-K13-7360.dw.png,NL-0036,53.0895221,4.8092161,2024,,
NL-0037-09-66-2024-K14-7295.dw.png,NL-0037,53.0895221,4.8092161,2024,,
NL-0037-09-66-2024-K14-7296.dw.png,NL-0037,53.0895221,4.8092161,2024,,
NL-0037-09-66-2024-K14-7297.dw.png,NL-0037,53.0895221,4.8092161,2024,,
NL-0037-09-66-2024-K14-7298.dw.png,NL-0037,53.0895221,4.8092161,2024,,
NL-0037-09-66-2024-K14-7299.dw.png,NL-0037,53.0895221,4.8092161,2024,,
NL-0037-09-66-2024-K14-7300.dw.png,NL-0037,53.0895221,4.8092161,2024,,
NL-0037-09-66-2024-K14-7301.dw.png,NL-0037,53.0895221,4.8092161,2024,,
NL-0037-09-66-2024-K14-7302.dw.png,NL-0037,53.0895221,4.8092161,2024,,
NL-0037-09-66-2024-K14-7303.dw.png,NL-0037,53.0895221,4.8092161,2024,,
NL-0037-09-66-2024-K14-7304.dw.png,NL-0037,53.0895221,4.8092161,2024,,
NL-0037-09-66-2024-K14-7305.dw.png,NL-0037,53.0895221,4.8092161,2024,,
NL-0037-09-66-2024-K14-7306.dw.png,NL-0037,53.0895221,4.8092161,2024,,
NL-0037-09-66-2024-K14-7307.dw.png,NL-0037,53.0895221,4.8092161,2024,,
NL-0037-09-66-2024-K14-7308.dw.png,NL-0037,53.0895221,4.8092161,2024,,
NL-0037-09-66-2024-K14-7309.dw.png,NL-0037,53.0895221,4.8092161,2024,,
NL-0037-09-66-2024-K14-7310.dw.png,NL-0037,53.0895221,4.8092161,2024,,
NL-0037-09-66-2024-K14-7312.dw.png,NL-0037,53.0895221,4.8092161,2024,,
NL-0037-09-66-2024-K14-7313.dw.png,NL-0037,53.0895221,4.8092161,2024,,
NL-0037-09-66-2024-K14-7315.dw.png,NL-0037,53.0895221,4.8092161,2024,,
NL-0037-09-66-2024-K14-7316.dw.png,NL-0037,53.0895221,4.8092161,2024,,
NL-0037-09-66-2024-K14-7317.dw.png,NL-0037,53.0895221,4.8092161,2024,,
NL-0037-09-66-2024-K14-7318.dw.png,NL-0037,53.0895221,4.8092161,2024,,
NL-0037-09-66-2024-K14-7319.dw.png,NL-0037,53.0895221,4.8092161,2024,,
NL-0037-09-66-2024-K14-7320.dw.png,NL-0037,53.0895221,4.8092161,2024,,
NL-0037-09-66-2024-K14-7321.dw.png,NL-0037,53.0895221,4.8092161,2024,,
NL-0037-09-66-2024-K14-7322.dw.png,NL-0037,53.0895221,4.8092161,2024,,
NL-0037-09-66-2024-K14-7323.dw.png,NL-0037,53.0895221,4.8092161,2024,,
NL-0037-09-66-2024-K14-7324.dw.png,NL-0037,53.0895221,4.8092161,2024,,
NL-0037-09-66-2024-K14-7325.dw.png,NL-0037,53.0895221,4.8092161,2024,,
NL-0037-09-66-2024-K14-7326.dw.png,NL-0037,53.0895221,4.8092161,2024,,
NL-0038-09-66-2024-K15-7261.dw.png,NL-0038,53.0895221,4.8092161,2024,,
NL-0038-09-66-2024-K15-7262.dw.png,NL-0038,53.0895221,4.8092161,2024,,
NL-0038-09-66-2024-K15-7263.dw.png,NL-0038,53.0895221,4.8092161,2024,,
NL-0038-09-66-2024-K15-7264.dw.png,NL-0038,53.0895221,4.8092161,2024,,
NL-0038-09-66-2024-K15-7265.dw.png,NL-0038,53.0895221,4.8092161,2024,,
NL-0038-09-66-2024-K15-7266.dw.png,NL-0038,53.0895221,4.8092161,2024,,
NL-0038-09-66-2024-K15-7267.dw.png,NL-0038,53.0895221,4.8092161,2024,,
NL-0038-09-66-2024-K15-7268.dw.png,NL-0038,53.0895221,4.8092161,2024,,
NL-0038-09-66-2024-K15-7269.dw.png,NL-0038,53.0895221,4.8092161,2024,,
NL-0038-09-66-2024-K15-7270.dw.png,NL-0038,53.0895221,4.8092161,2024,,
NL-0038-09-66-2024-K15-7271.dw.png,NL-0038,53.0895221,4.8092161,2024,,
NL-0038-09-66-2024-K15-7272.dw.png,NL-0038,53.0895221,4.8092161,2024,,
NL-0038-09-66-2024-K15-7274.dw.png,NL-0038,53.0895221,4.8092161,2024,,
NL-0038-09-66-2024-K15-7275.dw.png,NL-0038,53.0895221,4.8092161,2024,,
NL-0038-09-66-2024-K15-7276.dw.png,NL-0038,53.0895221,4.8092161,2024,,
NL-0038-09-66-2024-K15-7277.dw.png,NL-0038,53.0895221,4.8092161,2024,,
NL-0038-09-66-2024-K15-7278.dw.png,NL-0038,53.0895221,4.8092161,2024,,
NL-0038-09-66-2024-K15-7279.dw.png,NL-0038,53.0895221,4.8092161,2024,,
NL-0038-09-66-2024-K15-7280.dw.png,NL-0038,53.0895221,4.8092161,2024,,
NL-0038-09-66-2024-K15-7281.dw.png,NL-0038,53.0895221,4.8092161,2024,,
NL-0038-09-66-2024-K15-7282.dw.png,NL-0038,53.0895221,4.8092161,2024,,
NL-0038-09-66-2024-K15-7283.dw.png,NL-0038,53.0895221,4.8092161,2024,,
NL-0038-09-66-2024-K15-7284.dw.png,NL-0038,53.0895221,4.8092161,2024,,
NL-0038-09-66-2024-K15-7285.dw.png,NL-0038,53.0895221,4.8092161,2024,,
NL-0038-09-66-2024-K15-7286.dw.png,NL-0038,53.0895221,4.8092161,2024,,
NL-0038-09-66-2024-K15-7287.dw.png,NL-0038,53.0895221,4.8092161,2024,,
NL-0038-09-66-2024-K15-7288.dw.png,NL-0038,53.0895221,4.8092161,2024,,
NL-0038-09-66-2024-K15-7289.dw.png,NL-0038,53.0895221,4.8092161,2024,,
NL-0038-09-66-2024-K15-7290.dw.png,NL-0038,53.0895221,4.8092161,2024,,
NL-0038-09-66-2024-K15-7291.dw.png,NL-0038,53.0895221,4.8092161,2024,,
NL-0039-09-66-2024-K16-7226.dw.png,NL-0039,53.0895221,4.8092161,2024,,
NL-0039-09-66-2024-K16-7227.dw.png,NL-0039,53.0895221,4.8092161,2024,,
NL-0039-09-66-2024-K16-7228.dw.png,NL-0039,53.0895221,4.8092161,2024,,
NL-0039-09-66-2024-K16-7229.dw.png,NL-0039,53.0895221,4.8092161,2024,,
NL-0039-09-66-2024-K16-7230.dw.png,NL-0039,53.0895221,4.8092161,2024,,
NL-0039-09-66-2024-K16-7231.dw.png,NL-0039,53.0895221,4.8092161,2024,,
NL-0039-09-66-2024-K16-7232.dw.png,NL-0039,53.0895221,4.8092161,2024,,
NL-0039-09-66-2024-K16-7233.dw.png,NL-0039,53.0895221,4.8092161,2024,,
NL-0039-09-66-2024-K16-7234.dw.png,NL-0039,53.0895221,4.8092161,2024,,
NL-0039-09-66-2024-K16-7235.dw.png,NL-0039,53.0895221,4.8092161,2024,,
NL-0039-09-66-2024-K16-7236.dw.png,NL-0039,53.0895221,4.8092161,2024,,
NL-0039-09-66-2024-K16-7237.dw.png,NL-0039,53.0895221,4.8092161,2024,,
NL-0039-09-66-2024-K16-7238.dw.png,NL-0039,53.0895221,4.8092161,2024,,
NL-0039-09-66-2024-K16-7239.dw.png,NL-0039,53.0895221,4.8092161,2024,,
NL-0039-09-66-2024-K16-7240.dw.png,NL-0039,53.0895221,4.8092161,2024,,
NL-0039-09-66-2024-K16-7241.dw.png,NL-0039,53.0895221,4.8092161,2024,,
NL-0039-09-66-2024-K16-7242.dw.png,NL-0039,53.0895221,4.8092161,2024,,
NL-0039-09-66-2024-K16-7243.dw.png,NL-0039,53.0895221,4.8092161,2024,,
NL-0039-09-66-2024-K16-7244.dw.png,NL-0039,53.0895221,4.8092161,2024,,
NL-0039-09-66-2024-K16-7245.dw.png,NL-0039,53.0895221,4.8092161,2024,,
NL-0039-09-66-2024-K16-7246.dw.png,NL-0039,53.0895221,4.8092161,2024,,
NL-0039-09-66-2024-K16-7247.dw.png,NL-0039,53.0895221,4.8092161,2024,,
NL-0039-09-66-2024-K16-7248.dw.png,NL-0039,53.0895221,4.8092161,2024,,
NL-0039-09-66-2024-K16-7249.dw.png,NL-0039,53.0895221,4.8092161,2024,,
NL-0039-09-66-2024-K16-7250.dw.png,NL-0039,53.0895221,4.8092161,2024,,
NL-0039-09-66-2024-K16-7251.dw.png,NL-0039,53.0895221,4.8092161,2024,,
NL-0039-09-66-2024-K16-7252.dw.png,NL-0039,53.0895221,4.8092161,2024,,
NL-0039-09-66-2024-K16-7253.dw.png,NL-0039,53.0895221,4.8092161,2024,,
NL-0039-09-66-2024-K16-7254.dw.png,NL-0039,53.0895221,4.8092161,2024,,
NL-0039-09-66-2024-K16-7255.dw.png,NL-0039,53.0895221,4.8092161,2024,,
NL-0040-11-56-2024-K01-5431.dw.png,NL-0040,53.0895221,4.8092161,2024,,
NL-0040-11-56-2024-K01-5432.dw.png,NL-0040,53.0895221,4.8092161,2024,,
NL-0040-11-56-2024-K01-5433.dw.png,NL-0040,53.0895221,4.8092161,2024,,
NL-0040-11-56-2024-K01-5434.dw.png,NL-0040,53.0895221,4.8092161,2024,,
NL-0040-11-56-2024-K01-5435.dw.png,NL-0040,53.0895221,4.8092161,2024,,
NL-0040-11-56-2024-K01-5436.dw.png,NL-0040,53.0895221,4.8092161,2024,,
NL-0040-11-56-2024-K01-5437.dw.png,NL-0040,53.0895221,4.8092161,2024,,
NL-0040-11-56-2024-K01-5438.dw.png,NL-0040,53.0895221,4.8092161,2024,,
NL-0040-11-56-2024-K01-5439.dw.png,NL-0040,53.0895221,4.8092161,2024,,
NL-0040-11-56-2024-K01-5440.dw.png,NL-0040,53.0895221,4.8092161,2024,,
NL-0040-11-56-2024-K01-5441.dw.png,NL-0040,53.0895221,4.8092161,2024,,
NL-0040-11-56-2024-K01-5442.dw.png,NL-0040,53.0895221,4.8092161,2024,,
NL-0040-11-56-2024-K01-5443.dw.png,NL-0040,53.0895221,4.8092161,2024,,
NL-0040-11-56-2024-K01-5444.dw.png,NL-0040,53.0895221,4.8092161,2024,,
NL-0040-11-56-2024-K01-5445.dw.png,NL-0040,53.0895221,4.8092161,2024,,
NL-0040-11-56-2024-K01-5446.dw.png,NL-0040,53.0895221,4.8092161,2024,,
NL-0040-11-56-2024-K01-5447.dw.png,NL-0040,53.0895221,4.8092161,2024,,
NL-0040-11-56-2024-K01-5448.dw.png,NL-0040,53.0895221,4.8092161,2024,,
NL-0040-11-56-2024-K01-5449.dw.png,NL-0040,53.0895221,4.8092161,2024,,
NL-0040-11-56-2024-K01-5450.dw.png,NL-0040,53.0895221,4.8092161,2024,,
NL-0040-11-56-2024-K01-5451.dw.png,NL-0040,53.0895221,4.8092161,2024,,
NL-0040-11-56-2024-K01-5452.dw.png,NL-0040,53.0895221,4.8092161,2024,,
NL-0040-11-56-2024-K01-5453.dw.png,NL-0040,53.0895221,4.8092161,2024,,
NL-0040-11-56-2024-K01-5454.dw.png,NL-0040,53.0895221,4.8092161,2024,,
NL-0040-11-56-2024-K01-5455.dw.png,NL-0040,53.0895221,4.8092161,2024,,
NL-0040-11-56-2024-K01-5456.dw.png,NL-0040,53.0895221,4.8092161,2024,,
NL-0040-11-56-2024-K01-5457.dw.png,NL-0040,53.0895221,4.8092161,2024,,
NL-0040-11-56-2024-K01-5458.dw.png,NL-0040,53.0895221,4.8092161,2024,,
NL-0040-11-56-2024-K01-5459.dw.png,NL-0040,53.0895221,4.8092161,2024,,
NL-0040-11-56-2024-K01-5460.dw.png,NL-0040,53.0895221,4.8092161,2024,,
NL-0040-11-56-2024-K01-5461.dw.png,NL-0040,53.0895221,4.8092161,2024,,
NL-0041-11-56-2024-K02-5478.dw.png,NL-0041,53.0895221,4.8092161,2024,,
NL-0041-11-56-2024-K02-5479.dw.png,NL-0041,53.0895221,4.8092161,2024,,
NL-0041-11-56-2024-K02-5480.dw.png,NL-0041,53.0895221,4.8092161,2024,,
NL-0041-11-56-2024-K02-5481.dw.png,NL-0041,53.0895221,4.8092161,2024,,
NL-0041-11-56-2024-K02-5482.dw.png,NL-0041,53.0895221,4.8092161,2024,,
NL-0041-11-56-2024-K02-5483.dw.png,NL-0041,53.0895221,4.8092161,2024,,
NL-0041-11-56-2024-K02-5484.dw.png,NL-0041,53.0895221,4.8092161,2024,,
NL-0041-11-56-2024-K02-5485.dw.png,NL-0041,53.0895221,4.8092161,2024,,
NL-0041-11-56-2024-K02-5486.dw.png,NL-0041,53.0895221,4.8092161,2024,,
NL-0041-11-56-2024-K02-5487.dw.png,NL-0041,53.0895221,4.8092161,2024,,
NL-0041-11-56-2024-K02-5488.dw.png,NL-0041,53.0895221,4.8092161,2024,,
NL-0041-11-56-2024-K02-5489.dw.png,NL-0041,53.0895221,4.8092161,2024,,
NL-0041-11-56-2024-K02-5490.dw.png,NL-0041,53.0895221,4.8092161,2024,,
NL-0041-11-56-2024-K02-5491.dw.png,NL-0041,53.0895221,4.8092161,2024,,
NL-0041-11-56-2024-K02-5492.dw.png,NL-0041,53.0895221,4.8092161,2024,,
NL-0041-11-56-2024-K02-5493.dw.png,NL-0041,53.0895221,4.8092161,2024,,
NL-0041-11-56-2024-K02-5494.dw.png,NL-0041,53.0895221,4.8092161,2024,,
NL-0041-11-56-2024-K02-5495.dw.png,NL-0041,53.0895221,4.8092161,2024,,
NL-0041-11-56-2024-K02-5496.dw.png,NL-0041,53.0895221,4.8092161,2024,,
NL-0041-11-56-2024-K02-5497.dw.png,NL-0041,53.0895221,4.8092161,2024,,
NL-0041-11-56-2024-K02-5498.dw.png,NL-0041,53.0895221,4.8092161,2024,,
NL-0041-11-56-2024-K02-5499.dw.png,NL-0041,53.0895221,4.8092161,2024,,
NL-0041-11-56-2024-K02-5500.dw.png,NL-0041,53.0895221,4.8092161,2024,,
NL-0041-11-56-2024-K02-5501.dw.png,NL-0041,53.0895221,4.8092161,2024,,
NL-0041-11-56-2024-K02-5502.dw.png,NL-0041,53.0895221,4.8092161,2024,,
NL-0041-11-56-2024-K02-5503.dw.png,NL-0041,53.0895221,4.8092161,2024,,
NL-0041-11-56-2024-K02-5505.dw.png,NL-0041,53.0895221,4.8092161,2024,,
NL-0041-11-56-2024-K02-5506.dw.png,NL-0041,53.0895221,4.8092161,2024,,
NL-0041-11-56-2024-K02-5507.dw.png,NL-0041,53.0895221,4.8092161,2024,,
NL-0041-11-56-2024-K02-5508.dw.png,NL-0041,53.0895221,4.8092161,2024,,
NL-0042-11-56-2024-K03-5510.dw.png,NL-0042,53.0895221,4.8092161,2024,,
NL-0042-11-56-2024-K03-5511.dw.png,NL-0042,53.0895221,4.8092161,2024,,
NL-0042-11-56-2024-K03-5512.dw.png,NL-0042,53.0895221,4.8092161,2024,,
NL-0042-11-56-2024-K03-5514.dw.png,NL-0042,53.0895221,4.8092161,2024,,
NL-0042-11-56-2024-K03-5515.dw.png,NL-0042,53.0895221,4.8092161,2024,,
NL-0042-11-56-2024-K03-5516.dw.png,NL-0042,53.0895221,4.8092161,2024,,
NL-0042-11-56-2024-K03-5517.dw.png,NL-0042,53.0895221,4.8092161,2024,,
NL-0042-11-56-2024-K03-5518.dw.png,NL-0042,53.0895221,4.8092161,2024,,
NL-0042-11-56-2024-K03-5519.dw.png,NL-0042,53.0895221,4.8092161,2024,,
NL-0042-11-56-2024-K03-5520.dw.png,NL-0042,53.0895221,4.8092161,2024,,
NL-0042-11-56-2024-K03-5521.dw.png,NL-0042,53.0895221,4.8092161,2024,,
NL-0042-11-56-2024-K03-5522.dw.png,NL-0042,53.0895221,4.8092161,2024,,
NL-0042-11-56-2024-K03-5523.dw.png,NL-0042,53.0895221,4.8092161,2024,,
NL-0042-11-56-2024-K03-5524.dw.png,NL-0042,53.0895221,4.8092161,2024,,
NL-0042-11-56-2024-K03-5525.dw.png,NL-0042,53.0895221,4.8092161,2024,,
NL-0042-11-56-2024-K03-5526.dw.png,NL-0042,53.0895221,4.8092161,2024,,
NL-0042-11-56-2024-K03-5527.dw.png,NL-0042,53.0895221,4.8092161,2024,,
NL-0042-11-56-2024-K03-5528.dw.png,NL-0042,53.0895221,4.8092161,2024,,
NL-0042-11-56-2024-K03-5529.dw.png,NL-0042,53.0895221,4.8092161,2024,,
NL-0042-11-56-2024-K03-5530.dw.png,NL-0042,53.0895221,4.8092161,2024,,
NL-0042-11-56-2024-K03-5531.dw.png,NL-0042,53.0895221,4.8092161,2024,,
NL-0042-11-56-2024-K03-5532.dw.png,NL-0042,53.0895221,4.8092161,2024,,
NL-0042-11-56-2024-K03-5533.dw.png,NL-0042,53.0895221,4.8092161,2024,,
NL-0042-11-56-2024-K03-5534.dw.png,NL-0042,53.0895221,4.8092161,2024,,
NL-0042-11-56-2024-K03-5535.dw.png,NL-0042,53.0895221,4.8092161,2024,,
NL-0042-11-56-2024-K03-5536.dw.png,NL-0042,53.0895221,4.8092161,2024,,
NL-0042-11-56-2024-K03-5537.dw.png,NL-0042,53.0895221,4.8092161,2024,,
NL-0042-11-56-2024-K03-5538.dw.png,NL-0042,53.0895221,4.8092161,2024,,
NL-0042-11-56-2024-K03-5539.dw.png,NL-0042,53.0895221,4.8092161,2024,,
NL-0042-11-56-2024-K03-5540.dw.png,NL-0042,53.0895221,4.8092161,2024,,
NL-0043-11-56-2024-K04-5541.dw.png,NL-0043,53.0895221,4.8092161,2024,,
NL-0043-11-56-2024-K04-5542.dw.png,NL-0043,53.0895221,4.8092161,2024,,
NL-0043-11-56-2024-K04-5543.dw.png,NL-0043,53.0895221,4.8092161,2024,,
NL-0043-11-56-2024-K04-5544.dw.png,NL-0043,53.0895221,4.8092161,2024,,
NL-0043-11-56-2024-K04-5545.dw.png,NL-0043,53.0895221,4.8092161,2024,,
NL-0043-11-56-2024-K04-5546.dw.png,NL-0043,53.0895221,4.8092161,2024,,
NL-0043-11-56-2024-K04-5547.dw.png,NL-0043,53.0895221,4.8092161,2024,,
NL-0043-11-56-2024-K04-5548.dw.png,NL-0043,53.0895221,4.8092161,2024,,
NL-0043-11-56-2024-K04-5549.dw.png,NL-0043,53.0895221,4.8092161,2024,,
NL-0043-11-56-2024-K04-5550.dw.png,NL-0043,53.0895221,4.8092161,2024,,
NL-0043-11-56-2024-K04-5551.dw.png,NL-0043,53.0895221,4.8092161,2024,,
NL-0043-11-56-2024-K04-5552.dw.png,NL-0043,53.0895221,4.8092161,2024,,
NL-0043-11-56-2024-K04-5553.dw.png,NL-0043,53.0895221,4.8092161,2024,,
NL-0043-11-56-2024-K04-5554.dw.png,NL-0043,53.0895221,4.8092161,2024,,
NL-0043-11-56-2024-K04-5555.dw.png,NL-0043,53.0895221,4.8092161,2024,,
NL-0043-11-56-2024-K04-5556.dw.png,NL-0043,53.0895221,4.8092161,2024,,
NL-0043-11-56-2024-K04-5557.dw.png,NL-0043,53.0895221,4.8092161,2024,,
NL-0043-11-56-2024-K04-5558.dw.png,NL-0043,53.0895221,4.8092161,2024,,
NL-0043-11-56-2024-K04-5559.dw.png,NL-0043,53.0895221,4.8092161,2024,,
NL-0043-11-56-2024-K04-5560.dw.png,NL-0043,53.0895221,4.8092161,2024,,
NL-0043-11-56-2024-K04-5561.dw.png,NL-0043,53.0895221,4.8092161,2024,,
NL-0043-11-56-2024-K04-5564.dw.png,NL-0043,53.0895221,4.8092161,2024,,
NL-0043-11-56-2024-K04-5566.dw.png,NL-0043,53.0895221,4.8092161,2024,,
NL-0043-11-56-2024-K04-5567.dw.png,NL-0043,53.0895221,4.8092161,2024,,
NL-0043-11-56-2024-K04-5568.dw.png,NL-0043,53.0895221,4.8092161,2024,,
NL-0043-11-56-2024-K04-5569.dw.png,NL-0043,53.0895221,4.8092161,2024,,
NL-0043-11-56-2024-K04-5570.dw.png,NL-0043,53.0895221,4.8092161,2024,,
NL-0043-11-56-2024-K04-5571.dw.png,NL-0043,53.0895221,4.8092161,2024,,
NL-0043-11-56-2024-K04-5572.dw.png,NL-0043,53.0895221,4.8092161,2024,,
NL-0043-11-56-2024-K04-5574.dw.png,NL-0043,53.0895221,4.8092161,2024,,
NL-0044-11-56-2024-K05-5575.dw.png,NL-0044,53.0895221,4.8092161,2024,,
NL-0044-11-56-2024-K05-5576.dw.png,NL-0044,53.0895221,4.8092161,2024,,
NL-0044-11-56-2024-K05-5577.dw.png,NL-0044,53.0895221,4.8092161,2024,,
NL-0044-11-56-2024-K05-5578.dw.png,NL-0044,53.0895221,4.8092161,2024,,
NL-0044-11-56-2024-K05-5579.dw.png,NL-0044,53.0895221,4.8092161,2024,,
NL-0044-11-56-2024-K05-5580.dw.png,NL-0044,53.0895221,4.8092161,2024,,
NL-0044-11-56-2024-K05-5581.dw.png,NL-0044,53.0895221,4.8092161,2024,,
NL-0044-11-56-2024-K05-5582.dw.png,NL-0044,53.0895221,4.8092161,2024,,
NL-0044-11-56-2024-K05-5583.dw.png,NL-0044,53.0895221,4.8092161,2024,,
NL-0044-11-56-2024-K05-5584.dw.png,NL-0044,53.0895221,4.8092161,2024,,
NL-0044-11-56-2024-K05-5586.dw.png,NL-0044,53.0895221,4.8092161,2024,,
NL-0044-11-56-2024-K05-5587.dw.png,NL-0044,53.0895221,4.8092161,2024,,
NL-0044-11-56-2024-K05-5588.dw.png,NL-0044,53.0895221,4.8092161,2024,,
NL-0044-11-56-2024-K05-5589.dw.png,NL-0044,53.0895221,4.8092161,2024,,
NL-0044-11-56-2024-K05-5590.dw.png,NL-0044,53.0895221,4.8092161,2024,,
NL-0044-11-56-2024-K05-5591.dw.png,NL-0044,53.0895221,4.8092161,2024,,
NL-0044-11-56-2024-K05-5592.dw.png,NL-0044,53.0895221,4.8092161,2024,,
NL-0044-11-56-2024-K05-5593.dw.png,NL-0044,53.0895221,4.8092161,2024,,
NL-0044-11-56-2024-K05-5594.dw.png,NL-0044,53.0895221,4.8092161,2024,,
NL-0044-11-56-2024-K05-5595.dw.png,NL-0044,53.0895221,4.8092161,2024,,
NL-0044-11-56-2024-K05-5596.dw.png,NL-0044,53.0895221,4.8092161,2024,,
NL-0044-11-56-2024-K05-5597.dw.png,NL-0044,53.0895221,4.8092161,2024,,
NL-0044-11-56-2024-K05-5598.dw.png,NL-0044,53.0895221,4.8092161,2024,,
NL-0044-11-56-2024-K05-5599.dw.png,NL-0044,53.0895221,4.8092161,2024,,
NL-0044-11-56-2024-K05-5600.dw.png,NL-0044,53.0895221,4.8092161,2024,,
NL-0044-11-56-2024-K05-5601.dw.png,NL-0044,53.0895221,4.8092161,2024,,
NL-0044-11-56-2024-K05-5602.dw.png,NL-0044,53.0895221,4.8092161,2024,,
NL-0044-11-56-2024-K05-5603.dw.png,NL-0044,53.0895221,4.8092161,2024,,
NL-0044-11-56-2024-K05-5604.dw.png,NL-0044,53.0895221,4.8092161,2024,,
NL-0044-11-56-2024-K05-5605.dw.png,NL-0044,53.0895221,4.8092161,2024,,
NL-0045-11-56-2024-K06-5609.dw.png,NL-0045,53.0895221,4.8092161,2024,,
NL-0045-11-56-2024-K06-5611.dw.png,NL-0045,53.0895221,4.8092161,2024,,
NL-0045-11-56-2024-K06-5612.dw.png,NL-0045,53.0895221,4.8092161,2024,,
NL-0045-11-56-2024-K06-5614.dw.png,NL-0045,53.0895221,4.8092161,2024,,
NL-0045-11-56-2024-K06-5615.dw.png,NL-0045,53.0895221,4.8092161,2024,,
NL-0045-11-56-2024-K06-5616.dw.png,NL-0045,53.0895221,4.8092161,2024,,
NL-0045-11-56-2024-K06-5617.dw.png,NL-0045,53.0895221,4.8092161,2024,,
NL-0045-11-56-2024-K06-5618.dw.png,NL-0045,53.0895221,4.8092161,2024,,
NL-0045-11-56-2024-K06-5619.dw.png,NL-0045,53.0895221,4.8092161,2024,,
NL-0045-11-56-2024-K06-5620.dw.png,NL-0045,53.0895221,4.8092161,2024,,
NL-0045-11-56-2024-K06-5621.dw.png,NL-0045,53.0895221,4.8092161,2024,,
NL-0045-11-56-2024-K06-5622.dw.png,NL-0045,53.0895221,4.8092161,2024,,
NL-0045-11-56-2024-K06-5624.dw.png,NL-0045,53.0895221,4.8092161,2024,,
NL-0045-11-56-2024-K06-5625.dw.png,NL-0045,53.0895221,4.8092161,2024,,
NL-0045-11-56-2024-K06-5626.dw.png,NL-0045,53.0895221,4.8092161,2024,,
NL-0045-11-56-2024-K06-5627.dw.png,NL-0045,53.0895221,4.8092161,2024,,
NL-0045-11-56-2024-K06-5628.dw.png,NL-0045,53.0895221,4.8092161,2024,,
NL-0045-11-56-2024-K06-5629.dw.png,NL-0045,53.0895221,4.8092161,2024,,
NL-0045-11-56-2024-K06-5630.dw.png,NL-0045,53.0895221,4.8092161,2024,,
NL-0045-11-56-2024-K06-5631.dw.png,NL-0045,53.0895221,4.8092161,2024,,
NL-0045-11-56-2024-K06-5632.dw.png,NL-0045,53.0895221,4.8092161,2024,,
NL-0045-11-56-2024-K06-5633.dw.png,NL-0045,53.0895221,4.8092161,2024,,
NL-0045-11-56-2024-K06-5634.dw.png,NL-0045,53.0895221,4.8092161,2024,,
NL-0045-11-56-2024-K06-5635.dw.png,NL-0045,53.0895221,4.8092161,2024,,
NL-0045-11-56-2024-K06-5636.dw.png,NL-0045,53.0895221,4.8092161,2024,,
NL-0045-11-56-2024-K06-5637.dw.png,NL-0045,53.0895221,4.8092161,2024,,
NL-0045-11-56-2024-K06-5638.dw.png,NL-0045,53.0895221,4.8092161,2024,,
NL-0045-11-56-2024-K06-5639.dw.png,NL-0045,53.0895221,4.8092161,2024,,
NL-0045-11-56-2024-K06-5640.dw.png,NL-0045,53.0895221,4.8092161,2024,,
NL-0046-11-56-2024-K07-5641.dw.png,NL-0046,53.0895221,4.8092161,2024,,
NL-0046-11-56-2024-K07-5642.dw.png,NL-0046,53.0895221,4.8092161,2024,,
NL-0046-11-56-2024-K07-5643.dw.png,NL-0046,53.0895221,4.8092161,2024,,
NL-0046-11-56-2024-K07-5644.dw.png,NL-0046,53.0895221,4.8092161,2024,,
NL-0046-11-56-2024-K07-5645.dw.png,NL-0046,53.0895221,4.8092161,2024,,
NL-0046-11-56-2024-K07-5646.dw.png,NL-0046,53.0895221,4.8092161,2024,,
NL-0046-11-56-2024-K07-5647.dw.png,NL-0046,53.0895221,4.8092161,2024,,
NL-0046-11-56-2024-K07-5648.dw.png,NL-0046,53.0895221,4.8092161,2024,,
NL-0046-11-56-2024-K07-5649.dw.png,NL-0046,53.0895221,4.8092161,2024,,
NL-0046-11-56-2024-K07-5650.dw.png,NL-0046,53.0895221,4.8092161,2024,,
NL-0046-11-56-2024-K07-5651.dw.png,NL-0046,53.0895221,4.8092161,2024,,
NL-0046-11-56-2024-K07-5652.dw.png,NL-0046,53.0895221,4.8092161,2024,,
NL-0046-11-56-2024-K07-5653.dw.png,NL-0046,53.0895221,4.8092161,2024,,
NL-0046-11-56-2024-K07-5654.dw.png,NL-0046,53.0895221,4.8092161,2024,,
NL-0046-11-56-2024-K07-5655.dw.png,NL-0046,53.0895221,4.8092161,2024,,
NL-0046-11-56-2024-K07-5656.dw.png,NL-0046,53.0895221,4.8092161,2024,,
NL-0046-11-56-2024-K07-5657.dw.png,NL-0046,53.0895221,4.8092161,2024,,
NL-0046-11-56-2024-K07-5658.dw.png,NL-0046,53.0895221,4.8092161,2024,,
NL-0046-11-56-2024-K07-5659.dw.png,NL-0046,53.0895221,4.8092161,2024,,
NL-0046-11-56-2024-K07-5660.dw.png,NL-0046,53.0895221,4.8092161,2024,,
NL-0046-11-56-2024-K07-5661.dw.png,NL-0046,53.0895221,4.8092161,2024,,
NL-0046-11-56-2024-K07-5662.dw.png,NL-0046,53.0895221,4.8092161,2024,,
NL-0046-11-56-2024-K07-5663.dw.png,NL-0046,53.0895221,4.8092161,2024,,
NL-0046-11-56-2024-K07-5664.dw.png,NL-0046,53.0895221,4.8092161,2024,,
NL-0046-11-56-2024-K07-5665.dw.png,NL-0046,53.0895221,4.8092161,2024,,
NL-0046-11-56-2024-K07-5666.dw.png,NL-0046,53.0895221,4.8092161,2024,,
NL-0046-11-56-2024-K07-5667.dw.png,NL-0046,53.0895221,4.8092161,2024,,
NL-0046-11-56-2024-K07-5668.dw.png,NL-0046,53.0895221,4.8092161,2024,,
NL-0046-11-56-2024-K07-5669.dw.png,NL-0046,53.0895221,4.8092161,2024,,
NL-0047-12-57-2024-K02-8691.dw.png,NL-0047,53.0895221,4.8092161,2024,,
NL-0047-12-57-2024-K02-8692.dw.png,NL-0047,53.0895221,4.8092161,2024,,
NL-0047-12-57-2024-K02-8693.dw.png,NL-0047,53.0895221,4.8092161,2024,,
NL-0047-12-57-2024-K02-8694.dw.png,NL-0047,53.0895221,4.8092161,2024,,
NL-0047-12-57-2024-K02-8695.dw.png,NL-0047,53.0895221,4.8092161,2024,,
NL-0047-12-57-2024-K02-8696.dw.png,NL-0047,53.0895221,4.8092161,2024,,
NL-0047-12-57-2024-K02-8697.dw.png,NL-0047,53.0895221,4.8092161,2024,,
NL-0047-12-57-2024-K02-8698.dw.png,NL-0047,53.0895221,4.8092161,2024,,
NL-0047-12-57-2024-K02-8699.dw.png,NL-0047,53.0895221,4.8092161,2024,,
NL-0047-12-57-2024-K02-8700.dw.png,NL-0047,53.0895221,4.8092161,2024,,
NL-0047-12-57-2024-K02-8701.dw.png,NL-0047,53.0895221,4.8092161,2024,,
NL-0047-12-57-2024-K02-8702.dw.png,NL-0047,53.0895221,4.8092161,2024,,
NL-0047-12-57-2024-K02-8703.dw.png,NL-0047,53.0895221,4.8092161,2024,,
NL-0047-12-57-2024-K02-8704.dw.png,NL-0047,53.0895221,4.8092161,2024,,
NL-0047-12-57-2024-K02-8705.dw.png,NL-0047,53.0895221,4.8092161,2024,,
NL-0047-12-57-2024-K02-8706.dw.png,NL-0047,53.0895221,4.8092161,2024,,
NL-0047-12-57-2024-K02-8707.dw.png,NL-0047,53.0895221,4.8092161,2024,,
NL-0047-12-57-2024-K02-8708.dw.png,NL-0047,53.0895221,4.8092161,2024,,
NL-0047-12-57-2024-K02-8709.dw.png,NL-0047,53.0895221,4.8092161,2024,,
NL-0047-12-57-2024-K02-8710.dw.png,NL-0047,53.0895221,4.8092161,2024,,
NL-0047-12-57-2024-K02-8711.dw.png,NL-0047,53.0895221,4.8092161,2024,,
NL-0047-12-57-2024-K02-8713.dw.png,NL-0047,53.0895221,4.8092161,2024,,
NL-0047-12-57-2024-K02-8715.dw.png,NL-0047,53.0895221,4.8092161,2024,,
NL-0047-12-57-2024-K02-8716.dw.png,NL-0047,53.0895221,4.8092161,2024,,
NL-0047-12-57-2024-K02-8717.dw.png,NL-0047,53.0895221,4.8092161,2024,,
NL-0047-12-57-2024-K02-8718.dw.png,NL-0047,53.0895221,4.8092161,2024,,
NL-0047-12-57-2024-K02-8719.dw.png,NL-0047,53.0895221,4.8092161,2024,,
NL-0047-12-57-2024-K02-8720.dw.png,NL-0047,53.0895221,4.8092161,2024,,
NL-0047-12-57-2024-K02-8721.dw.png,NL-0047,53.0895221,4.8092161,2024,,
NL-0047-12-57-2024-K02-8723.dw.png,NL-0047,53.0895221,4.8092161,2024,,
NL-0048-12-57-2024-K03-8725.dw.png,NL-0048,53.0895221,4.8092161,2024,,
NL-0048-12-57-2024-K03-8726.dw.png,NL-0048,53.0895221,4.8092161,2024,,
NL-0048-12-57-2024-K03-8727.dw.png,NL-0048,53.0895221,4.8092161,2024,,
NL-0048-12-57-2024-K03-8728.dw.png,NL-0048,53.0895221,4.8092161,2024,,
NL-0048-12-57-2024-K03-8729.dw.png,NL-0048,53.0895221,4.8092161,2024,,
NL-0048-12-57-2024-K03-8730.dw.png,NL-0048,53.0895221,4.8092161,2024,,
NL-0048-12-57-2024-K03-8731.dw.png,NL-0048,53.0895221,4.8092161,2024,,
NL-0048-12-57-2024-K03-8732.dw.png,NL-0048,53.0895221,4.8092161,2024,,
NL-0048-12-57-2024-K03-8733.dw.png,NL-0048,53.0895221,4.8092161,2024,,
NL-0048-12-57-2024-K03-8734.dw.png,NL-0048,53.0895221,4.8092161,2024,,
NL-0048-12-57-2024-K03-8735.dw.png,NL-0048,53.0895221,4.8092161,2024,,
NL-0048-12-57-2024-K03-8736.dw.png,NL-0048,53.0895221,4.8092161,2024,,
NL-0048-12-57-2024-K03-8737.dw.png,NL-0048,53.0895221,4.8092161,2024,,
NL-0048-12-57-2024-K03-8738.dw.png,NL-0048,53.0895221,4.8092161,2024,,
NL-0048-12-57-2024-K03-8739.dw.png,NL-0048,53.0895221,4.8092161,2024,,
NL-0048-12-57-2024-K03-8740.dw.png,NL-0048,53.0895221,4.8092161,2024,,
NL-0048-12-57-2024-K03-8741.dw.png,NL-0048,53.0895221,4.8092161,2024,,
NL-0048-12-57-2024-K03-8742.dw.png,NL-0048,53.0895221,4.8092161,2024,,
NL-0048-12-57-2024-K03-8743.dw.png,NL-0048,53.0895221,4.8092161,2024,,
NL-0048-12-57-2024-K03-8744.dw.png,NL-0048,53.0895221,4.8092161,2024,,
NL-0048-12-57-2024-K03-8745.dw.png,NL-0048,53.0895221,4.8092161,2024,,
NL-0048-12-57-2024-K03-8747.dw.png,NL-0048,53.0895221,4.8092161,2024,,
NL-0048-12-57-2024-K03-8748.dw.png,NL-0048,53.0895221,4.8092161,2024,,
NL-0048-12-57-2024-K03-8749.dw.png,NL-0048,53.0895221,4.8092161,2024,,
NL-0048-12-57-2024-K03-8750.dw.png,NL-0048,53.0895221,4.8092161,2024,,
NL-0048-12-57-2024-K03-8751.dw.png,NL-0048,53.0895221,4.8092161,2024,,
NL-0048-12-57-2024-K03-8752.dw.png,NL-0048,53.0895221,4.8092161,2024,,
NL-0048-12-57-2024-K03-8753.dw.png,NL-0048,53.0895221,4.8092161,2024,,
NL-0048-12-57-2024-K03-8754.dw.png,NL-0048,53.0895221,4.8092161,2024,,
NL-0048-12-57-2024-K03-8755.dw.png,NL-0048,53.0895221,4.8092161,2024,,
NL-0049-12-57-2024-K04-8787.dw.png,NL-0049,53.0895221,4.8092161,2024,,
NL-0049-12-57-2024-K04-8788.dw.png,NL-0049,53.0895221,4.8092161,2024,,
NL-0049-12-57-2024-K04-8789.dw.png,NL-0049,53.0895221,4.8092161,2024,,
NL-0049-12-57-2024-K04-8790.dw.png,NL-0049,53.0895221,4.8092161,2024,,
NL-0049-12-57-2024-K04-8791.dw.png,NL-0049,53.0895221,4.8092161,2024,,
NL-0049-12-57-2024-K04-8792.dw.png,NL-0049,53.0895221,4.8092161,2024,,
NL-0049-12-57-2024-K04-8793.dw.png,NL-0049,53.0895221,4.8092161,2024,,
NL-0049-12-57-2024-K04-8794.dw.png,NL-0049,53.0895221,4.8092161,2024,,
NL-0049-12-57-2024-K04-8795.dw.png,NL-0049,53.0895221,4.8092161,2024,,
NL-0049-12-57-2024-K04-8796.dw.png,NL-0049,53.0895221,4.8092161,2024,,
NL-0049-12-57-2024-K04-8797.dw.png,NL-0049,53.0895221,4.8092161,2024,,
NL-0049-12-57-2024-K04-8798.dw.png,NL-0049,53.0895221,4.8092161,2024,,
NL-0049-12-57-2024-K04-8799.dw.png,NL-0049,53.0895221,4.8092161,2024,,
NL-0049-12-57-2024-K04-8800.dw.png,NL-0049,53.0895221,4.8092161,2024,,
NL-0049-12-57-2024-K04-8801.dw.png,NL-0049,53.0895221,4.8092161,2024,,
NL-0049-12-57-2024-K04-8803.dw.png,NL-0049,53.0895221,4.8092161,2024,,
NL-0049-12-57-2024-K04-8804.dw.png,NL-0049,53.0895221,4.8092161,2024,,
NL-0049-12-57-2024-K04-8805.dw.png,NL-0049,53.0895221,4.8092161,2024,,
NL-0049-12-57-2024-K04-8806.dw.png,NL-0049,53.0895221,4.8092161,2024,,
NL-0049-12-57-2024-K04-8807.dw.png,NL-0049,53.0895221,4.8092161,2024,,
NL-0049-12-57-2024-K04-8808.dw.png,NL-0049,53.0895221,4.8092161,2024,,
NL-0049-12-57-2024-K04-8809.dw.png,NL-0049,53.0895221,4.8092161,2024,,
NL-0049-12-57-2024-K04-8810.dw.png,NL-0049,53.0895221,4.8092161,2024,,
NL-0049-12-57-2024-K04-8811.dw.png,NL-0049,53.0895221,4.8092161,2024,,
NL-0049-12-57-2024-K04-8812.dw.png,NL-0049,53.0895221,4.8092161,2024,,
NL-0049-12-57-2024-K04-8813.dw.png,NL-0049,53.0895221,4.8092161,2024,,
NL-0049-12-57-2024-K04-8814.dw.png,NL-0049,53.0895221,4.8092161,2024,,
NL-0049-12-57-2024-K04-8815.dw.png,NL-0049,53.0895221,4.8092161,2024,,
NL-0049-12-57-2024-K04-8816.dw.png,NL-0049,53.0895221,4.8092161,2024,,
NL-0050-12-57-2024-K05-8817.dw.png,NL-0050,53.0895221,4.8092161,2024,,
NL-0050-12-57-2024-K05-8818.dw.png,NL-0050,53.0895221,4.8092161,2024,,
NL-0050-12-57-2024-K05-8819.dw.png,NL-0050,53.0895221,4.8092161,2024,,
NL-0050-12-57-2024-K05-8820.dw.png,NL-0050,53.0895221,4.8092161,2024,,
NL-0050-12-57-2024-K05-8821.dw.png,NL-0050,53.0895221,4.8092161,2024,,
NL-0050-12-57-2024-K05-8822.dw.png,NL-0050,53.0895221,4.8092161,2024,,
NL-0050-12-57-2024-K05-8823.dw.png,NL-0050,53.0895221,4.8092161,2024,,
NL-0050-12-57-2024-K05-8825.dw.png,NL-0050,53.0895221,4.8092161,2024,,
NL-0050-12-57-2024-K05-8826.dw.png,NL-0050,53.0895221,4.8092161,2024,,
NL-0050-12-57-2024-K05-8828.dw.png,NL-0050,53.0895221,4.8092161,2024,,
NL-0050-12-57-2024-K05-8829.dw.png,NL-0050,53.0895221,4.8092161,2024,,
NL-0050-12-57-2024-K05-8830.dw.png,NL-0050,53.0895221,4.8092161,2024,,
NL-0050-12-57-2024-K05-8831.dw.png,NL-0050,53.0895221,4.8092161,2024,,
NL-0050-12-57-2024-K05-8832.dw.png,NL-0050,53.0895221,4.8092161,2024,,
NL-0050-12-57-2024-K05-8833.dw.png,NL-0050,53.0895221,4.8092161,2024,,
NL-0050-12-57-2024-K05-8834.dw.png,NL-0050,53.0895221,4.8092161,2024,,
NL-0050-12-57-2024-K05-8835.dw.png,NL-0050,53.0895221,4.8092161,2024,,
NL-0050-12-57-2024-K05-8836.dw.png,NL-0050,53.0895221,4.8092161,2024,,
NL-0050-12-57-2024-K05-8837.dw.png,NL-0050,53.0895221,4.8092161,2024,,
NL-0050-12-57-2024-K05-8839.dw.png,NL-0050,53.0895221,4.8092161,2024,,
NL-0050-12-57-2024-K05-8841.dw.png,NL-0050,53.0895221,4.8092161,2024,,
NL-0050-12-57-2024-K05-8842.dw.png,NL-0050,53.0895221,4.8092161,2024,,
NL-0050-12-57-2024-K05-8843.dw.png,NL-0050,53.0895221,4.8092161,2024,,
NL-0050-12-57-2024-K05-8845.dw.png,NL-0050,53.0895221,4.8092161,2024,,
NL-0050-12-57-2024-K05-8846.dw.png,NL-0050,53.0895221,4.8092161,2024,,
NL-0051-12-57-2024-K06-8849.dw.png,NL-0051,53.0895221,4.8092161,2024,,
NL-0051-12-57-2024-K06-8850.dw.png,NL-0051,53.0895221,4.8092161,2024,,
NL-0051-12-57-2024-K06-8851.dw.png,NL-0051,53.0895221,4.8092161,2024,,
NL-0051-12-57-2024-K06-8852.dw.png,NL-0051,53.0895221,4.8092161,2024,,
NL-0051-12-57-2024-K06-8853.dw.png,NL-0051,53.0895221,4.8092161,2024,,
NL-0051-12-57-2024-K06-8854.dw.png,NL-0051,53.0895221,4.8092161,2024,,
NL-0051-12-57-2024-K06-8856.dw.png,NL-0051,53.0895221,4.8092161,2024,,
NL-0051-12-57-2024-K06-8857.dw.png,NL-0051,53.0895221,4.8092161,2024,,
NL-0051-12-57-2024-K06-8858.dw.png,NL-0051,53.0895221,4.8092161,2024,,
NL-0051-12-57-2024-K06-8859.dw.png,NL-0051,53.0895221,4.8092161,2024,,
NL-0051-12-57-2024-K06-8860.dw.png,NL-0051,53.0895221,4.8092161,2024,,
NL-0051-12-57-2024-K06-8861.dw.png,NL-0051,53.0895221,4.8092161,2024,,
NL-0051-12-57-2024-K06-8862.dw.png,NL-0051,53.0895221,4.8092161,2024,,
NL-0051-12-57-2024-K06-8863.dw.png,NL-0051,53.0895221,4.8092161,2024,,
NL-0051-12-57-2024-K06-8864.dw.png,NL-0051,53.0895221,4.8092161,2024,,
NL-0051-12-57-2024-K06-8865.dw.png,NL-0051,53.0895221,4.8092161,2024,,
NL-0051-12-57-2024-K06-8866.dw.png,NL-0051,53.0895221,4.8092161,2024,,
NL-0051-12-57-2024-K06-8867.dw.png,NL-0051,53.0895221,4.8092161,2024,,
NL-0051-12-57-2024-K06-8868.dw.png,NL-0051,53.0895221,4.8092161,2024,,
NL-0051-12-57-2024-K06-8869.dw.png,NL-0051,53.0895221,4.8092161,2024,,
NL-0051-12-57-2024-K06-8870.dw.png,NL-0051,53.0895221,4.8092161,2024,,
NL-0051-12-57-2024-K06-8871.dw.png,NL-0051,53.0895221,4.8092161,2024,,
NL-0051-12-57-2024-K06-8872.dw.png,NL-0051,53.0895221,4.8092161,2024,,
NL-0051-12-57-2024-K06-8873.dw.png,NL-0051,53.0895221,4.8092161,2024,,
NL-0051-12-57-2024-K06-8874.dw.png,NL-0051,53.0895221,4.8092161,2024,,
NL-0051-12-57-2024-K06-8875.dw.png,NL-0051,53.0895221,4.8092161,2024,,
NL-0051-12-57-2024-K06-8876.dw.png,NL-0051,53.0895221,4.8092161,2024,,
NL-0051-12-57-2024-K06-8877.dw.png,NL-0051,53.0895221,4.8092161,2024,,
NL-0051-12-57-2024-K06-8878.dw.png,NL-0051,53.0895221,4.8092161,2024,,
NL-0052-12-57-2024-K08-8879.dw.png,NL-0052,53.0895221,4.8092161,2024,,
NL-0052-12-57-2024-K08-8880.dw.png,NL-0052,53.0895221,4.8092161,2024,,
NL-0052-12-57-2024-K08-8881.dw.png,NL-0052,53.0895221,4.8092161,2024,,
NL-0052-12-57-2024-K08-8882.dw.png,NL-0052,53.0895221,4.8092161,2024,,
NL-0052-12-57-2024-K08-8883.dw.png,NL-0052,53.0895221,4.8092161,2024,,
NL-0052-12-57-2024-K08-8884.dw.png,NL-0052,53.0895221,4.8092161,2024,,
NL-0052-12-57-2024-K08-8886.dw.png,NL-0052,53.0895221,4.8092161,2024,,
NL-0052-12-57-2024-K08-8888.dw.png,NL-0052,53.0895221,4.8092161,2024,,
NL-0052-12-57-2024-K08-8889.dw.png,NL-0052,53.0895221,4.8092161,2024,,
NL-0052-12-57-2024-K08-8890.dw.png,NL-0052,53.0895221,4.8092161,2024,,
NL-0052-12-57-2024-K08-8891.dw.png,NL-0052,53.0895221,4.8092161,2024,,
NL-0052-12-57-2024-K08-8892.dw.png,NL-0052,53.0895221,4.8092161,2024,,
NL-0052-12-57-2024-K08-8893.dw.png,NL-0052,53.0895221,4.8092161,2024,,
NL-0052-12-57-2024-K08-8894.dw.png,NL-0052,53.0895221,4.8092161,2024,,
NL-0052-12-57-2024-K08-8895.dw.png,NL-0052,53.0895221,4.8092161,2024,,
NL-0052-12-57-2024-K08-8896.dw.png,NL-0052,53.0895221,4.8092161,2024,,
NL-0052-12-57-2024-K08-8897.dw.png,NL-0052,53.0895221,4.8092161,2024,,
NL-0052-12-57-2024-K08-8898.dw.png,NL-0052,53.0895221,4.8092161,2024,,
NL-0052-12-57-2024-K08-8899.dw.png,NL-0052,53.0895221,4.8092161,2024,,
NL-0052-12-57-2024-K08-8900.dw.png,NL-0052,53.0895221,4.8092161,2024,,
NL-0052-12-57-2024-K08-8901.dw.png,NL-0052,53.0895221,4.8092161,2024,,
NL-0052-12-57-2024-K08-8903.dw.png,NL-0052,53.0895221,4.8092161,2024,,
NL-0052-12-57-2024-K08-8905.dw.png,NL-0052,53.0895221,4.8092161,2024,,
NL-0052-12-57-2024-K08-8906.dw.png,NL-0052,53.0895221,4.8092161,2024,,
NL-0053-12-57-2024-K09-8927.dw.png,NL-0053,53.0895221,4.8092161,2024,,
NL-0053-12-57-2024-K09-8928.dw.png,NL-0053,53.0895221,4.8092161,2024,,
NL-0053-12-57-2024-K09-8929.dw.png,NL-0053,53.0895221,4.8092161,2024,,
NL-0053-12-57-2024-K09-8930.dw.png,NL-0053,53.0895221,4.8092161,2024,,
NL-0053-12-57-2024-K09-8931.dw.png,NL-0053,53.0895221,4.8092161,2024,,
NL-0053-12-57-2024-K09-8932.dw.png,NL-0053,53.0895221,4.8092161,2024,,
NL-0053-12-57-2024-K09-8933.dw.png,NL-0053,53.0895221,4.8092161,2024,,
NL-0053-12-57-2024-K09-8934.dw.png,NL-0053,53.0895221,4.8092161,2024,,
NL-0053-12-57-2024-K09-8935.dw.png,NL-0053,53.0895221,4.8092161,2024,,
NL-0053-12-57-2024-K09-8936.dw.png,NL-0053,53.0895221,4.8092161,2024,,
NL-0053-12-57-2024-K09-8937.dw.png,NL-0053,53.0895221,4.8092161,2024,,
NL-0053-12-57-2024-K09-8938.dw.png,NL-0053,53.0895221,4.8092161,2024,,
NL-0053-12-57-2024-K09-8939.dw.png,NL-0053,53.0895221,4.8092161,2024,,
NL-0053-12-57-2024-K09-8940.dw.png,NL-0053,53.0895221,4.8092161,2024,,
NL-0053-12-57-2024-K09-8941.dw.png,NL-0053,53.0895221,4.8092161,2024,,
NL-0053-12-57-2024-K09-8942.dw.png,NL-0053,53.0895221,4.8092161,2024,,
NL-0053-12-57-2024-K09-8943.dw.png,NL-0053,53.0895221,4.8092161,2024,,
NL-0053-12-57-2024-K09-8944.dw.png,NL-0053,53.0895221,4.8092161,2024,,
NL-0053-12-57-2024-K09-8945.dw.png,NL-0053,53.0895221,4.8092161,2024,,
NL-0053-12-57-2024-K09-8946.dw.png,NL-0053,53.0895221,4.8092161,2024,,
NL-0053-12-57-2024-K09-8947.dw.png,NL-0053,53.0895221,4.8092161,2024,,
NL-0053-12-57-2024-K09-8948.dw.png,NL-0053,53.0895221,4.8092161,2024,,
NL-0053-12-57-2024-K09-8949.dw.png,NL-0053,53.0895221,4.8092161,2024,,
NL-0053-12-57-2024-K09-8950.dw.png,NL-0053,53.0895221,4.8092161,2024,,
NL-0053-12-57-2024-K09-8951.dw.png,NL-0053,53.0895221,4.8092161,2024,,
NL-0053-12-57-2024-K09-8952.dw.png,NL-0053,53.0895221,4.8092161,2024,,
NL-0053-12-57-2024-K09-8953.dw.png,NL-0053,53.0895221,4.8092161,2024,,
NL-0053-12-57-2024-K09-8954.dw.png,NL-0053,53.0895221,4.8092161,2024,,
NL-0053-12-57-2024-K09-8955.dw.png,NL-0053,53.0895221,4.8092161,2024,,
NL-0053-12-57-2024-K09-8956.dw.png,NL-0053,53.0895221,4.8092161,2024,,
NL-0054-12-57-2024-K10-8960.dw.png,NL-0054,53.0895221,4.8092161,2024,,
NL-0054-12-57-2024-K10-8961.dw.png,NL-0054,53.0895221,4.8092161,2024,,
NL-0054-12-57-2024-K10-8962.dw.png,NL-0054,53.0895221,4.8092161,2024,,
NL-0054-12-57-2024-K10-8963.dw.png,NL-0054,53.0895221,4.8092161,2024,,
NL-0054-12-57-2024-K10-8964.dw.png,NL-0054,53.0895221,4.8092161,2024,,
NL-0054-12-57-2024-K10-8965.dw.png,NL-0054,53.0895221,4.8092161,2024,,
NL-0054-12-57-2024-K10-8966.dw.png,NL-0054,53.0895221,4.8092161,2024,,
NL-0054-12-57-2024-K10-8967.dw.png,NL-0054,53.0895221,4.8092161,2024,,
NL-0054-12-57-2024-K10-8969.dw.png,NL-0054,53.0895221,4.8092161,2024,,
NL-0054-12-57-2024-K10-8970.dw.png,NL-0054,53.0895221,4.8092161,2024,,
NL-0054-12-57-2024-K10-8971.dw.png,NL-0054,53.0895221,4.8092161,2024,,
NL-0054-12-57-2024-K10-8972.dw.png,NL-0054,53.0895221,4.8092161,2024,,
NL-0054-12-57-2024-K10-8973.dw.png,NL-0054,53.0895221,4.8092161,2024,,
NL-0054-12-57-2024-K10-8974.dw.png,NL-0054,53.0895221,4.8092161,2024,,
NL-0054-12-57-2024-K10-8975.dw.png,NL-0054,53.0895221,4.8092161,2024,,
NL-0054-12-57-2024-K10-8976.dw.png,NL-0054,53.0895221,4.8092161,2024,,
NL-0054-12-57-2024-K10-8977.dw.png,NL-0054,53.0895221,4.8092161,2024,,
NL-0054-12-57-2024-K10-8978.dw.png,NL-0054,53.0895221,4.8092161,2024,,
NL-0054-12-57-2024-K10-8979.dw.png,NL-0054,53.0895221,4.8092161,2024,,
NL-0054-12-57-2024-K10-8980.dw.png,NL-0054,53.0895221,4.8092161,2024,,
NL-0054-12-57-2024-K10-8981.dw.png,NL-0054,53.0895221,4.8092161,2024,,
NL-0054-12-57-2024-K10-8982.dw.png,NL-0054,53.0895221,4.8092161,2024,,
NL-0054-12-57-2024-K10-8983.dw.png,NL-0054,53.0895221,4.8092161,2024,,
NL-0054-12-57-2024-K10-8984.dw.png,NL-0054,53.0895221,4.8092161,2024,,
NL-0054-12-57-2024-K10-8985.dw.png,NL-0054,53.0895221,4.8092161,2024,,
NL-0054-12-57-2024-K10-8986.dw.png,NL-0054,53.0895221,4.8092161,2024,,
NL-0054-12-57-2024-K10-8987.dw.png,NL-0054,53.0895221,4.8092161,2024,,
NL-0054-12-57-2024-K10-8988.dw.png,NL-0054,53.0895221,4.8092161,2024,,
NL-0054-12-57-2024-K10-8990.dw.png,NL-0054,53.0895221,4.8092161,2024,,
NL-0054-12-57-2024-K10-8991.dw.png,NL-0054,53.0895221,4.8092161,2024,,
NL-0055-12-57-2024-K11-8992.dw.png,NL-0055,53.0895221,4.8092161,2024,,
NL-0055-12-57-2024-K11-8994.dw.png,NL-0055,53.0895221,4.8092161,2024,,
NL-0055-12-57-2024-K11-8995.dw.png,NL-0055,53.0895221,4.8092161,2024,,
NL-0055-12-57-2024-K11-8996.dw.png,NL-0055,53.0895221,4.8092161,2024,,
NL-0055-12-57-2024-K11-8997.dw.png,NL-0055,53.0895221,4.8092161,2024,,
NL-0055-12-57-2024-K11-8998.dw.png,NL-0055,53.0895221,4.8092161,2024,,
NL-0055-12-57-2024-K11-8999.dw.png,NL-0055,53.0895221,4.8092161,2024,,
NL-0055-12-57-2024-K11-9001.dw.png,NL-0055,53.0895221,4.8092161,2024,,
NL-0055-12-57-2024-K11-9002.dw.png,NL-0055,53.0895221,4.8092161,2024,,
NL-0055-12-57-2024-K11-9003.dw.png,NL-0055,53.0895221,4.8092161,2024,,
NL-0055-12-57-2024-K11-9004.dw.png,NL-0055,53.0895221,4.8092161,2024,,
NL-0055-12-57-2024-K11-9005.dw.png,NL-0055,53.0895221,4.8092161,2024,,
NL-0055-12-57-2024-K11-9006.dw.png,NL-0055,53.0895221,4.8092161,2024,,
NL-0055-12-57-2024-K11-9007.dw.png,NL-0055,53.0895221,4.8092161,2024,,
NL-0055-12-57-2024-K11-9009.dw.png,NL-0055,53.0895221,4.8092161,2024,,
NL-0055-12-57-2024-K11-9010.dw.png,NL-0055,53.0895221,4.8092161,2024,,
NL-0055-12-57-2024-K11-9011.dw.png,NL-0055,53.0895221,4.8092161,2024,,
NL-0055-12-57-2024-K11-9012.dw.png,NL-0055,53.0895221,4.8092161,2024,,
NL-0055-12-57-2024-K11-9013.dw.png,NL-0055,53.0895221,4.8092161,2024,,
NL-0055-12-57-2024-K11-9014.dw.png,NL-0055,53.0895221,4.8092161,2024,,
NL-0055-12-57-2024-K11-9015.dw.png,NL-0055,53.0895221,4.8092161,2024,,
NL-0055-12-57-2024-K11-9016.dw.png,NL-0055,53.0895221,4.8092161,2024,,
NL-0055-12-57-2024-K11-9017.dw.png,NL-0055,53.0895221,4.8092161,2024,,
NL-0055-12-57-2024-K11-9018.dw.png,NL-0055,53.0895221,4.8092161,2024,,
NL-0055-12-57-2024-K11-9019.dw.png,NL-0055,53.0895221,4.8092161,2024,,
NL-0055-12-57-2024-K11-9020.dw.png,NL-0055,53.0895221,4.8092161,2024,,
NL-0055-12-57-2024-K11-9021.dw.png,NL-0055,53.0895221,4.8092161,2024,,
NL-0055-12-57-2024-K11-9023.dw.png,NL-0055,53.0895221,4.8092161,2024,,
NL-0055-12-57-2024-K11-9024.dw.png,NL-0055,53.0895221,4.8092161,2024,,
NL-0055-12-57-2024-K11-9025.dw.png,NL-0055,53.0895221,4.8092161,2024,,
NL-0056-17-78-2024-K01-8006.dw.png,NL-0056,53.0895221,4.8092161,2024,,
NL-0056-17-78-2024-K01-8007.dw.png,NL-0056,53.0895221,4.8092161,2024,,
NL-0056-17-78-2024-K01-8008.dw.png,NL-0056,53.0895221,4.8092161,2024,,
NL-0056-17-78-2024-K01-8009.dw.png,NL-0056,53.0895221,4.8092161,2024,,
NL-0056-17-78-2024-K01-8010.dw.png,NL-0056,53.0895221,4.8092161,2024,,
NL-0056-17-78-2024-K01-8011.dw.png,NL-0056,53.0895221,4.8092161,2024,,
NL-0056-17-78-2024-K01-8012.dw.png,NL-0056,53.0895221,4.8092161,2024,,
NL-0056-17-78-2024-K01-8013.dw.png,NL-0056,53.0895221,4.8092161,2024,,
NL-0056-17-78-2024-K01-8014.dw.png,NL-0056,53.0895221,4.8092161,2024,,
NL-0056-17-78-2024-K01-8015.dw.png,NL-0056,53.0895221,4.8092161,2024,,
NL-0056-17-78-2024-K01-8016.dw.png,NL-0056,53.0895221,4.8092161,2024,,
NL-0056-17-78-2024-K01-8017.dw.png,NL-0056,53.0895221,4.8092161,2024,,
NL-0056-17-78-2024-K01-8018.dw.png,NL-0056,53.0895221,4.8092161,2024,,
NL-0056-17-78-2024-K01-8019.dw.png,NL-0056,53.0895221,4.8092161,2024,,
NL-0056-17-78-2024-K01-8020.dw.png,NL-0056,53.0895221,4.8092161,2024,,
NL-0056-17-78-2024-K01-8021.dw.png,NL-0056,53.0895221,4.8092161,2024,,
NL-0056-17-78-2024-K01-8022.dw.png,NL-0056,53.0895221,4.8092161,2024,,
NL-0056-17-78-2024-K01-8023.dw.png,NL-0056,53.0895221,4.8092161,2024,,
NL-0056-17-78-2024-K01-8024.dw.png,NL-0056,53.0895221,4.8092161,2024,,
NL-0056-17-78-2024-K01-8025.dw.png,NL-0056,53.0895221,4.8092161,2024,,
NL-0056-17-78-2024-K01-8026.dw.png,NL-0056,53.0895221,4.8092161,2024,,
NL-0056-17-78-2024-K01-8027.dw.png,NL-0056,53.0895221,4.8092161,2024,,
NL-0056-17-78-2024-K01-8028.dw.png,NL-0056,53.0895221,4.8092161,2024,,
NL-0056-17-78-2024-K01-8029.dw.png,NL-0056,53.0895221,4.8092161,2024,,
NL-0056-17-78-2024-K01-8030.dw.png,NL-0056,53.0895221,4.8092161,2024,,
NL-0056-17-78-2024-K01-8031.dw.png,NL-0056,53.0895221,4.8092161,2024,,
NL-0056-17-78-2024-K01-8032.dw.png,NL-0056,53.0895221,4.8092161,2024,,
NL-0056-17-78-2024-K01-8033.dw.png,NL-0056,53.0895221,4.8092161,2024,,
NL-0056-17-78-2024-K01-8034.dw.png,NL-0056,53.0895221,4.8092161,2024,,
NL-0056-17-78-2024-K01-8035.dw.png,NL-0056,53.0895221,4.8092161,2024,,
NL-0057-17-78-2024-K02-8040.dw.png,NL-0057,53.0895221,4.8092161,2024,,
NL-0057-17-78-2024-K02-8041.dw.png,NL-0057,53.0895221,4.8092161,2024,,
NL-0057-17-78-2024-K02-8042.dw.png,NL-0057,53.0895221,4.8092161,2024,,
NL-0057-17-78-2024-K02-8043.dw.png,NL-0057,53.0895221,4.8092161,2024,,
NL-0057-17-78-2024-K02-8044.dw.png,NL-0057,53.0895221,4.8092161,2024,,
NL-0057-17-78-2024-K02-8045.dw.png,NL-0057,53.0895221,4.8092161,2024,,
NL-0057-17-78-2024-K02-8046.dw.png,NL-0057,53.0895221,4.8092161,2024,,
NL-0057-17-78-2024-K02-8047.dw.png,NL-0057,53.0895221,4.8092161,2024,,
NL-0057-17-78-2024-K02-8049.dw.png,NL-0057,53.0895221,4.8092161,2024,,
NL-0057-17-78-2024-K02-8050.dw.png,NL-0057,53.0895221,4.8092161,2024,,
NL-0057-17-78-2024-K02-8051.dw.png,NL-0057,53.0895221,4.8092161,2024,,
NL-0057-17-78-2024-K02-8052.dw.png,NL-0057,53.0895221,4.8092161,2024,,
NL-0057-17-78-2024-K02-8053.dw.png,NL-0057,53.0895221,4.8092161,2024,,
NL-0057-17-78-2024-K02-8054.dw.png,NL-0057,53.0895221,4.8092161,2024,,
NL-0057-17-78-2024-K02-8055.dw.png,NL-0057,53.0895221,4.8092161,2024,,
NL-0057-17-78-2024-K02-8056.dw.png,NL-0057,53.0895221,4.8092161,2024,,
NL-0057-17-78-2024-K02-8057.dw.png,NL-0057,53.0895221,4.8092161,2024,,
NL-0057-17-78-2024-K02-8058.dw.png,NL-0057,53.0895221,4.8092161,2024,,
NL-0057-17-78-2024-K02-8059.dw.png,NL-0057,53.0895221,4.8092161,2024,,
NL-0057-17-78-2024-K02-8060.dw.png,NL-0057,53.0895221,4.8092161,2024,,
NL-0057-17-78-2024-K02-8061.dw.png,NL-0057,53.0895221,4.8092161,2024,,
NL-0057-17-78-2024-K02-8062.dw.png,NL-0057,53.0895221,4.8092161,2024,,
NL-0057-17-78-2024-K02-8063.dw.png,NL-0057,53.0895221,4.8092161,2024,,
NL-0057-17-78-2024-K02-8064.dw.png,NL-0057,53.0895221,4.8092161,2024,,
NL-0057-17-78-2024-K02-8065.dw.png,NL-0057,53.0895221,4.8092161,2024,,
NL-0057-17-78-2024-K02-8066.dw.png,NL-0057,53.0895221,4.8092161,2024,,
NL-0057-17-78-2024-K02-8067.dw.png,NL-0057,53.0895221,4.8092161,2024,,
NL-0057-17-78-2024-K02-8068.dw.png,NL-0057,53.0895221,4.8092161,2024,,
NL-0057-17-78-2024-K02-8069.dw.png,NL-0057,53.0895221,4.8092161,2024,,
NL-0057-17-78-2024-K02-8070.dw.png,NL-0057,53.0895221,4.8092161,2024,,
NL-0058-17-78-2024-K03-8074.dw.png,NL-0058,53.0895221,4.8092161,2024,,
NL-0058-17-78-2024-K03-8075.dw.png,NL-0058,53.0895221,4.8092161,2024,,
NL-0058-17-78-2024-K03-8076.dw.png,NL-0058,53.0895221,4.8092161,2024,,
NL-0058-17-78-2024-K03-8077.dw.png,NL-0058,53.0895221,4.8092161,2024,,
NL-0058-17-78-2024-K03-8078.dw.png,NL-0058,53.0895221,4.8092161,2024,,
NL-0058-17-78-2024-K03-8079.dw.png,NL-0058,53.0895221,4.8092161,2024,,
NL-0058-17-78-2024-K03-8080.dw.png,NL-0058,53.0895221,4.8092161,2024,,
NL-0058-17-78-2024-K03-8081.dw.png,NL-0058,53.0895221,4.8092161,2024,,
NL-0058-17-78-2024-K03-8082.dw.png,NL-0058,53.0895221,4.8092161,2024,,
NL-0058-17-78-2024-K03-8083.dw.png,NL-0058,53.0895221,4.8092161,2024,,
NL-0058-17-78-2024-K03-8084.dw.png,NL-0058,53.0895221,4.8092161,2024,,
NL-0058-17-78-2024-K03-8085.dw.png,NL-0058,53.0895221,4.8092161,2024,,
NL-0058-17-78-2024-K03-8086.dw.png,NL-0058,53.0895221,4.8092161,2024,,
NL-0058-17-78-2024-K03-8087.dw.png,NL-0058,53.0895221,4.8092161,2024,,
NL-0058-17-78-2024-K03-8088.dw.png,NL-0058,53.0895221,4.8092161,2024,,
NL-0058-17-78-2024-K03-8089.dw.png,NL-0058,53.0895221,4.8092161,2024,,
NL-0058-17-78-2024-K03-8090.dw.png,NL-0058,53.0895221,4.8092161,2024,,
NL-0058-17-78-2024-K03-8091.dw.png,NL-0058,53.0895221,4.8092161,2024,,
NL-0058-17-78-2024-K03-8093.dw.png,NL-0058,53.0895221,4.8092161,2024,,
NL-0058-17-78-2024-K03-8094.dw.png,NL-0058,53.0895221,4.8092161,2024,,
NL-0058-17-78-2024-K03-8095.dw.png,NL-0058,53.0895221,4.8092161,2024,,
NL-0058-17-78-2024-K03-8096.dw.png,NL-0058,53.0895221,4.8092161,2024,,
NL-0058-17-78-2024-K03-8097.dw.png,NL-0058,53.0895221,4.8092161,2024,,
NL-0058-17-78-2024-K03-8098.dw.png,NL-0058,53.0895221,4.8092161,2024,,
NL-0058-17-78-2024-K03-8099.dw.png,NL-0058,53.0895221,4.8092161,2024,,
NL-0058-17-78-2024-K03-8100.dw.png,NL-0058,53.0895221,4.8092161,2024,,
NL-0058-17-78-2024-K03-8101.dw.png,NL-0058,53.0895221,4.8092161,2024,,
NL-0058-17-78-2024-K03-8102.dw.png,NL-0058,53.0895221,4.8092161,2024,,
NL-0058-17-78-2024-K03-8103.dw.png,NL-0058,53.0895221,4.8092161,2024,,
NL-0058-17-78-2024-K03-8104.dw.png,NL-0058,53.0895221,4.8092161,2024,,
NL-0059-20-12-2024-K01-7837.dw.png,NL-0059,53.0895221,4.8092161,2024,,
NL-0059-20-12-2024-K01-7838.dw.png,NL-0059,53.0895221,4.8092161,2024,,
NL-0059-20-12-2024-K01-7839.dw.png,NL-0059,53.0895221,4.8092161,2024,,
NL-0059-20-12-2024-K01-7840.dw.png,NL-0059,53.0895221,4.8092161,2024,,
NL-0059-20-12-2024-K01-7841.dw.png,NL-0059,53.0895221,4.8092161,2024,,
NL-0059-20-12-2024-K01-7842.dw.png,NL-0059,53.0895221,4.8092161,2024,,
NL-0059-20-12-2024-K01-7843.dw.png,NL-0059,53.0895221,4.8092161,2024,,
NL-0059-20-12-2024-K01-7844.dw.png,NL-0059,53.0895221,4.8092161,2024,,
NL-0059-20-12-2024-K01-7845.dw.png,NL-0059,53.0895221,4.8092161,2024,,
NL-0059-20-12-2024-K01-7846.dw.png,NL-0059,53.0895221,4.8092161,2024,,
NL-0059-20-12-2024-K01-7847.dw.png,NL-0059,53.0895221,4.8092161,2024,,
NL-0059-20-12-2024-K01-7848.dw.png,NL-0059,53.0895221,4.8092161,2024,,
NL-0059-20-12-2024-K01-7849.dw.png,NL-0059,53.0895221,4.8092161,2024,,
NL-0059-20-12-2024-K01-7850.dw.png,NL-0059,53.0895221,4.8092161,2024,,
NL-0059-20-12-2024-K01-7851.dw.png,NL-0059,53.0895221,4.8092161,2024,,
NL-0059-20-12-2024-K01-7852.dw.png,NL-0059,53.0895221,4.8092161,2024,,
NL-0059-20-12-2024-K01-7853.dw.png,NL-0059,53.0895221,4.8092161,2024,,
NL-0059-20-12-2024-K01-7854.dw.png,NL-0059,53.0895221,4.8092161,2024,,
NL-0059-20-12-2024-K01-7855.dw.png,NL-0059,53.0895221,4.8092161,2024,,
NL-0059-20-12-2024-K01-7856.dw.png,NL-0059,53.0895221,4.8092161,2024,,
NL-0059-20-12-2024-K01-7857.dw.png,NL-0059,53.0895221,4.8092161,2024,,
NL-0059-20-12-2024-K01-7858.dw.png,NL-0059,53.0895221,4.8092161,2024,,
NL-0059-20-12-2024-K01-7859.dw.png,NL-0059,53.0895221,4.8092161,2024,,
NL-0059-20-12-2024-K01-7860.dw.png,NL-0059,53.0895221,4.8092161,2024,,
NL-0059-20-12-2024-K01-7861.dw.png,NL-0059,53.0895221,4.8092161,2024,,
NL-0059-20-12-2024-K01-7862.dw.png,NL-0059,53.0895221,4.8092161,2024,,
NL-0059-20-12-2024-K01-7863.dw.png,NL-0059,53.0895221,4.8092161,2024,,
NL-0059-20-12-2024-K01-7864.dw.png,NL-0059,53.0895221,4.8092161,2024,,
NL-0059-20-12-2024-K01-7865.dw.png,NL-0059,53.0895221,4.8092161,2024,,
NL-0059-20-12-2024-K01-7866.dw.png,NL-0059,53.0895221,4.8092161,2024,,
NL-0060-20-12-2024-K02-7871.dw.png,NL-0060,53.0895221,4.8092161,2024,,
NL-0060-20-12-2024-K02-7873.dw.png,NL-0060,53.0895221,4.8092161,2024,,
NL-0060-20-12-2024-K02-7874.dw.png,NL-0060,53.0895221,4.8092161,2024,,
NL-0060-20-12-2024-K02-7875.dw.png,NL-0060,53.0895221,4.8092161,2024,,
NL-0060-20-12-2024-K02-7876.dw.png,NL-0060,53.0895221,4.8092161,2024,,
NL-0060-20-12-2024-K02-7877.dw.png,NL-0060,53.0895221,4.8092161,2024,,
NL-0060-20-12-2024-K02-7879.dw.png,NL-0060,53.0895221,4.8092161,2024,,
NL-0060-20-12-2024-K02-7881.dw.png,NL-0060,53.0895221,4.8092161,2024,,
NL-0060-20-12-2024-K02-7882.dw.png,NL-0060,53.0895221,4.8092161,2024,,
NL-0060-20-12-2024-K02-7883.dw.png,NL-0060,53.0895221,4.8092161,2024,,
NL-0060-20-12-2024-K02-7884.dw.png,NL-0060,53.0895221,4.8092161,2024,,
NL-0060-20-12-2024-K02-7885.dw.png,NL-0060,53.0895221,4.8092161,2024,,
NL-0060-20-12-2024-K02-7886.dw.png,NL-0060,53.0895221,4.8092161,2024,,
NL-0060-20-12-2024-K02-7887.dw.png,NL-0060,53.0895221,4.8092161,2024,,
NL-0060-20-12-2024-K02-7889.dw.png,NL-0060,53.0895221,4.8092161,2024,,
NL-0060-20-12-2024-K02-7890.dw.png,NL-0060,53.0895221,4.8092161,2024,,
NL-0060-20-12-2024-K02-7891.dw.png,NL-0060,53.0895221,4.8092161,2024,,
NL-0060-20-12-2024-K02-7892.dw.png,NL-0060,53.0895221,4.8092161,2024,,
NL-0060-20-12-2024-K02-7893.dw.png,NL-0060,53.0895221,4.8092161,2024,,
NL-0060-20-12-2024-K02-7894.dw.png,NL-0060,53.0895221,4.8092161,2024,,
NL-0060-20-12-2024-K02-7895.dw.png,NL-0060,53.0895221,4.8092161,2024,,
NL-0060-20-12-2024-K02-7896.dw.png,NL-0060,53.0895221,4.8092161,2024,,
NL-0060-20-12-2024-K02-7897.dw.png,NL-0060,53.0895221,4.8092161,2024,,
NL-0060-20-12-2024-K02-7898.dw.png,NL-0060,53.0895221,4.8092161,2024,,
NL-0060-20-12-2024-K02-7899.dw.png,NL-0060,53.0895221,4.8092161,2024,,
NL-0060-20-12-2024-K02-7900.dw.png,NL-0060,53.0895221,4.8092161,2024,,
NL-0060-20-12-2024-K02-7901.dw.png,NL-0060,53.0895221,4.8092161,2024,,
NL-0060-20-12-2024-K02-7902.dw.png,NL-0060,53.0895221,4.8092161,2024,,
NL-0060-20-12-2024-K02-7904.dw.png,NL-0060,53.0895221,4.8092161,2024,,
NL-0060-20-12-2024-K02-7905.dw.png,NL-0060,53.0895221,4.8092161,2024,,
NL-0061-20-12-2024-K03-7906.dw.png,NL-0061,53.0895221,4.8092161,2024,,
NL-0061-20-12-2024-K03-7907.dw.png,NL-0061,53.0895221,4.8092161,2024,,
NL-0061-20-12-2024-K03-7908.dw.png,NL-0061,53.0895221,4.8092161,2024,,
NL-0061-20-12-2024-K03-7909.dw.png,NL-0061,53.0895221,4.8092161,2024,,
NL-0061-20-12-2024-K03-7910.dw.png,NL-0061,53.0895221,4.8092161,2024,,
NL-0061-20-12-2024-K03-7911.dw.png,NL-0061,53.0895221,4.8092161,2024,,
NL-0061-20-12-2024-K03-7912.dw.png,NL-0061,53.0895221,4.8092161,2024,,
NL-0061-20-12-2024-K03-7913.dw.png,NL-0061,53.0895221,4.8092161,2024,,
NL-0061-20-12-2024-K03-7914.dw.png,NL-0061,53.0895221,4.8092161,2024,,
NL-0061-20-12-2024-K03-7915.dw.png,NL-0061,53.0895221,4.8092161,2024,,
NL-0061-20-12-2024-K03-7916.dw.png,NL-0061,53.0895221,4.8092161,2024,,
NL-0061-20-12-2024-K03-7917.dw.png,NL-0061,53.0895221,4.8092161,2024,,
NL-0061-20-12-2024-K03-7918.dw.png,NL-0061,53.0895221,4.8092161,2024,,
NL-0061-20-12-2024-K03-7919.dw.png,NL-0061,53.0895221,4.8092161,2024,,
NL-0061-20-12-2024-K03-7920.dw.png,NL-0061,53.0895221,4.8092161,2024,,
NL-0061-20-12-2024-K03-7921.dw.png,NL-0061,53.0895221,4.8092161,2024,,
NL-0061-20-12-2024-K03-7922.dw.png,NL-0061,53.0895221,4.8092161,2024,,
NL-0061-20-12-2024-K03-7923.dw.png,NL-0061,53.0895221,4.8092161,2024,,
NL-0061-20-12-2024-K03-7924.dw.png,NL-0061,53.0895221,4.8092161,2024,,
NL-0061-20-12-2024-K03-7925.dw.png,NL-0061,53.0895221,4.8092161,2024,,
NL-0061-20-12-2024-K03-7926.dw.png,NL-0061,53.0895221,4.8092161,2024,,
NL-0061-20-12-2024-K03-7928.dw.png,NL-0061,53.0895221,4.8092161,2024,,
NL-0061-20-12-2024-K03-7929.dw.png,NL-0061,53.0895221,4.8092161,2024,,
NL-0061-20-12-2024-K03-7930.dw.png,NL-0061,53.0895221,4.8092161,2024,,
NL-0061-20-12-2024-K03-7931.dw.png,NL-0061,53.0895221,4.8092161,2024,,
NL-0061-20-12-2024-K03-7932.dw.png,NL-0061,53.0895221,4.8092161,2024,,
NL-0061-20-12-2024-K03-7933.dw.png,NL-0061,53.0895221,4.8092161,2024,,
NL-0061-20-12-2024-K03-7934.dw.png,NL-0061,53.0895221,4.8092161,2024,,
NL-0061-20-12-2024-K03-7935.dw.png,NL-0061,53.0895221,4.8092161,2024,,
NL-0062-20-12-2024-K04-7936.dw.png,NL-0062,53.0895221,4.8092161,2024,,
NL-0062-20-12-2024-K04-7937.dw.png,NL-0062,53.0895221,4.8092161,2024,,
NL-0062-20-12-2024-K04-7938.dw.png,NL-0062,53.0895221,4.8092161,2024,,
NL-0062-20-12-2024-K04-7939.dw.png,NL-0062,53.0895221,4.8092161,2024,,
NL-0062-20-12-2024-K04-7940.dw.png,NL-0062,53.0895221,4.8092161,2024,,
NL-0062-20-12-2024-K04-7941.dw.png,NL-0062,53.0895221,4.8092161,2024,,
NL-0062-20-12-2024-K04-7942.dw.png,NL-0062,53.0895221,4.8092161,2024,,
NL-0062-20-12-2024-K04-7943.dw.png,NL-0062,53.0895221,4.8092161,2024,,
NL-0062-20-12-2024-K04-7944.dw.png,NL-0062,53.0895221,4.8092161,2024,,
NL-0062-20-12-2024-K04-7945.dw.png,NL-0062,53.0895221,4.8092161,2024,,
NL-0062-20-12-2024-K04-7946.dw.png,NL-0062,53.0895221,4.8092161,2024,,
NL-0062-20-12-2024-K04-7947.dw.png,NL-0062,53.0895221,4.8092161,2024,,
NL-0062-20-12-2024-K04-7948.dw.png,NL-0062,53.0895221,4.8092161,2024,,
NL-0062-20-12-2024-K04-7949.dw.png,NL-0062,53.0895221,4.8092161,2024,,
NL-0062-20-12-2024-K04-7950.dw.png,NL-0062,53.0895221,4.8092161,2024,,
NL-0062-20-12-2024-K04-7951.dw.png,NL-0062,53.0895221,4.8092161,2024,,
NL-0062-20-12-2024-K04-7952.dw.png,NL-0062,53.0895221,4.8092161,2024,,
NL-0062-20-12-2024-K04-7953.dw.png,NL-0062,53.0895221,4.8092161,2024,,
NL-0062-20-12-2024-K04-7954.dw.png,NL-0062,53.0895221,4.8092161,2024,,
NL-0062-20-12-2024-K04-7955.dw.png,NL-0062,53.0895221,4.8092161,2024,,
NL-0062-20-12-2024-K04-7956.dw.png,NL-0062,53.0895221,4.8092161,2024,,
NL-0062-20-12-2024-K04-7957.dw.png,NL-0062,53.0895221,4.8092161,2024,,
NL-0062-20-12-2024-K04-7959.dw.png,NL-0062,53.0895221,4.8092161,2024,,
NL-0062-20-12-2024-K04-7960.dw.png,NL-0062,53.0895221,4.8092161,2024,,
NL-0062-20-12-2024-K04-7961.dw.png,NL-0062,53.0895221,4.8092161,2024,,
NL-0062-20-12-2024-K04-7963.dw.png,NL-0062,53.0895221,4.8092161,2024,,
NL-0062-20-12-2024-K04-7964.dw.png,NL-0062,53.0895221,4.8092161,2024,,
NL-0062-20-12-2024-K04-7965.dw.png,NL-0062,53.0895221,4.8092161,2024,,
NL-0062-20-12-2024-K04-7966.dw.png,NL-0062,53.0895221,4.8092161,2024,,
NL-0062-20-12-2024-K04-7967.dw.png,NL-0062,53.0895221,4.8092161,2024,,
NL-0063-20-12-2024-K05-7972.dw.png,NL-0063,53.0895221,4.8092161,2024,,
NL-0063-20-12-2024-K05-7973.dw.png,NL-0063,53.0895221,4.8092161,2024,,
NL-0063-20-12-2024-K05-7974.dw.png,NL-0063,53.0895221,4.8092161,2024,,
NL-0063-20-12-2024-K05-7977.dw.png,NL-0063,53.0895221,4.8092161,2024,,
NL-0063-20-12-2024-K05-7978.dw.png,NL-0063,53.0895221,4.8092161,2024,,
NL-0063-20-12-2024-K05-7979.dw.png,NL-0063,53.0895221,4.8092161,2024,,
NL-0063-20-12-2024-K05-7980.dw.png,NL-0063,53.0895221,4.8092161,2024,,
NL-0063-20-12-2024-K05-7981.dw.png,NL-0063,53.0895221,4.8092161,2024,,
NL-0063-20-12-2024-K05-7982.dw.png,NL-0063,53.0895221,4.8092161,2024,,
NL-0063-20-12-2024-K05-7983.dw.png,NL-0063,53.0895221,4.8092161,2024,,
NL-0063-20-12-2024-K05-7984.dw.png,NL-0063,53.0895221,4.8092161,2024,,
NL-0063-20-12-2024-K05-7985.dw.png,NL-0063,53.0895221,4.8092161,2024,,
NL-0063-20-12-2024-K05-7986.dw.png,NL-0063,53.0895221,4.8092161,2024,,
NL-0063-20-12-2024-K05-7987.dw.png,NL-0063,53.0895221,4.8092161,2024,,
NL-0063-20-12-2024-K05-7988.dw.png,NL-0063,53.0895221,4.8092161,2024,,
NL-0063-20-12-2024-K05-7989.dw.png,NL-0063,53.0895221,4.8092161,2024,,
NL-0063-20-12-2024-K05-7990.dw.png,NL-0063,53.0895221,4.8092161,2024,,
NL-0063-20-12-2024-K05-7991.dw.png,NL-0063,53.0895221,4.8092161,2024,,
NL-0063-20-12-2024-K05-7992.dw.png,NL-0063,53.0895221,4.8092161,2024,,
NL-0063-20-12-2024-K05-7993.dw.png,NL-0063,53.0895221,4.8092161,2024,,
NL-0063-20-12-2024-K05-7994.dw.png,NL-0063,53.0895221,4.8092161,2024,,
NL-0063-20-12-2024-K05-7995.dw.png,NL-0063,53.0895221,4.8092161,2024,,
NL-0063-20-12-2024-K05-7996.dw.png,NL-0063,53.0895221,4.8092161,2024,,
NL-0063-20-12-2024-K05-7997.dw.png,NL-0063,53.0895221,4.8092161,2024,,
NL-0063-20-12-2024-K05-7998.dw.png,NL-0063,53.0895221,4.8092161,2024,,
NL-0063-20-12-2024-K05-7999.dw.png,NL-0063,53.0895221,4.8092161,2024,,
NL-0063-20-12-2024-K05-8001.dw.png,NL-0063,53.0895221,4.8092161,2024,,
NL-0063-20-12-2024-K05-8002.dw.png,NL-0063,53.0895221,4.8092161,2024,,
NL-0063-20-12-2024-K05-8003.dw.png,NL-0063,53.0895221,4.8092161,2024,,
NL-0063-20-12-2024-K05-8004.dw.png,NL-0063,53.0895221,4.8092161,2024,,
NL-0064-04-24-2024-K01-9743.dw.png,NL-0064,53.0895221,4.8092161,2024,,
NL-0064-04-24-2024-K01-9744.dw.png,NL-0064,53.0895221,4.8092161,2024,,
NL-0064-04-24-2024-K01-9745.dw.png,NL-0064,53.0895221,4.8092161,2024,,
NL-0064-04-24-2024-K01-9746.dw.png,NL-0064,53.0895221,4.8092161,2024,,
NL-0064-04-24-2024-K01-9747.dw.png,NL-0064,53.0895221,4.8092161,2024,,
NL-0064-04-24-2024-K01-9748.dw.png,NL-0064,53.0895221,4.8092161,2024,,
NL-0064-04-24-2024-K01-9751.dw.png,NL-0064,53.0895221,4.8092161,2024,,
NL-0064-04-24-2024-K01-9752.dw.png,NL-0064,53.0895221,4.8092161,2024,,
NL-0064-04-24-2024-K01-9753.dw.png,NL-0064,53.0895221,4.8092161,2024,,
NL-0064-04-24-2024-K01-9754.dw.png,NL-0064,53.0895221,4.8092161,2024,,
NL-0064-04-24-2024-K01-9755.dw.png,NL-0064,53.0895221,4.8092161,2024,,
NL-0064-04-24-2024-K01-9756.dw.png,NL-0064,53.0895221,4.8092161,2024,,
NL-0064-04-24-2024-K01-9757.dw.png,NL-0064,53.0895221,4.8092161,2024,,
NL-0064-04-24-2024-K01-9758.dw.png,NL-0064,53.0895221,4.8092161,2024,,
NL-0064-04-24-2024-K01-9759.dw.png,NL-0064,53.0895221,4.8092161,2024,,
NL-0064-04-24-2024-K01-9760.dw.png,NL-0064,53.0895221,4.8092161,2024,,
NL-0064-04-24-2024-K01-9761.dw.png,NL-0064,53.0895221,4.8092161,2024,,
NL-0064-04-24-2024-K01-9762.dw.png,NL-0064,53.0895221,4.8092161,2024,,
NL-0064-04-24-2024-K01-9763.dw.png,NL-0064,53.0895221,4.8092161,2024,,
NL-0064-04-24-2024-K01-9764.dw.png,NL-0064,53.0895221,4.8092161,2024,,
NL-0064-04-24-2024-K01-9765.dw.png,NL-0064,53.0895221,4.8092161,2024,,
NL-0064-04-24-2024-K01-9766.dw.png,NL-0064,53.0895221,4.8092161,2024,,
NL-0064-04-24-2024-K01-9767.dw.png,NL-0064,53.0895221,4.8092161,2024,,
NL-0064-04-24-2024-K01-9768.dw.png,NL-0064,53.0895221,4.8092161,2024,,
NL-0064-04-24-2024-K01-9769.dw.png,NL-0064,53.0895221,4.8092161,2024,,
NL-0064-04-24-2024-K01-9770.dw.png,NL-0064,53.0895221,4.8092161,2024,,
NL-0064-04-24-2024-K01-9771.dw.png,NL-0064,53.0895221,4.8092161,2024,,
NL-0064-04-24-2024-K01-9772.dw.png,NL-0064,53.0895221,4.8092161,2024,,
NL-0064-04-24-2024-K01-9773.dw.png,NL-0064,53.0895221,4.8092161,2024,,
NL-0065-04-24-2024-K02-9774.dw.png,NL-0065,53.0895221,4.8092161,2024,,
NL-0065-04-24-2024-K02-9775.dw.png,NL-0065,53.0895221,4.8092161,2024,,
NL-0065-04-24-2024-K02-9776.dw.png,NL-0065,53.0895221,4.8092161,2024,,
NL-0065-04-24-2024-K02-9777.dw.png,NL-0065,53.0895221,4.8092161,2024,,
NL-0065-04-24-2024-K02-9778.dw.png,NL-0065,53.0895221,4.8092161,2024,,
NL-0065-04-24-2024-K02-9779.dw.png,NL-0065,53.0895221,4.8092161,2024,,
NL-0065-04-24-2024-K02-9780.dw.png,NL-0065,53.0895221,4.8092161,2024,,
NL-0065-04-24-2024-K02-9781.dw.png,NL-0065,53.0895221,4.8092161,2024,,
NL-0065-04-24-2024-K02-9782.dw.png,NL-0065,53.0895221,4.8092161,2024,,
NL-0065-04-24-2024-K02-9783.dw.png,NL-0065,53.0895221,4.8092161,2024,,
NL-0065-04-24-2024-K02-9784.dw.png,NL-0065,53.0895221,4.8092161,2024,,
NL-0065-04-24-2024-K02-9785.dw.png,NL-0065,53.0895221,4.8092161,2024,,
NL-0065-04-24-2024-K02-9787.dw.png,NL-0065,53.0895221,4.8092161,2024,,
NL-0065-04-24-2024-K02-9788.dw.png,NL-0065,53.0895221,4.8092161,2024,,
NL-0065-04-24-2024-K02-9789.dw.png,NL-0065,53.0895221,4.8092161,2024,,
NL-0065-04-24-2024-K02-9790.dw.png,NL-0065,53.0895221,4.8092161,2024,,
NL-0065-04-24-2024-K02-9791.dw.png,NL-0065,53.0895221,4.8092161,2024,,
NL-0065-04-24-2024-K02-9792.dw.png,NL-0065,53.0895221,4.8092161,2024,,
NL-0065-04-24-2024-K02-9793.dw.png,NL-0065,53.0895221,4.8092161,2024,,
NL-0065-04-24-2024-K02-9794.dw.png,NL-0065,53.0895221,4.8092161,2024,,
NL-0065-04-24-2024-K02-9795.dw.png,NL-0065,53.0895221,4.8092161,2024,,
NL-0065-04-24-2024-K02-9796.dw.png,NL-0065,53.0895221,4.8092161,2024,,
NL-0065-04-24-2024-K02-9797.dw.png,NL-0065,53.0895221,4.8092161,2024,,
NL-0065-04-24-2024-K02-9798.dw.png,NL-0065,53.0895221,4.8092161,2024,,
NL-0065-04-24-2024-K02-9799.dw.png,NL-0065,53.0895221,4.8092161,2024,,
NL-0065-04-24-2024-K02-9800.dw.png,NL-0065,53.0895221,4.8092161,2024,,
NL-0065-04-24-2024-K02-9801.dw.png,NL-0065,53.0895221,4.8092161,2024,,
NL-0065-04-24-2024-K02-9802.dw.png,NL-0065,53.0895221,4.8092161,2024,,
NL-0065-04-24-2024-K02-9803.dw.png,NL-0065,53.0895221,4.8092161,2024,,
NL-0065-04-24-2024-K02-9804.dw.png,NL-0065,53.0895221,4.8092161,2024,,
NL-0066-04-24-2024-K03-9808.dw.png,NL-0066,53.0895221,4.8092161,2024,,
NL-0066-04-24-2024-K03-9809.dw.png,NL-0066,53.0895221,4.8092161,2024,,
NL-0066-04-24-2024-K03-9810.dw.png,NL-0066,53.0895221,4.8092161,2024,,
NL-0066-04-24-2024-K03-9811.dw.png,NL-0066,53.0895221,4.8092161,2024,,
NL-0066-04-24-2024-K03-9812.dw.png,NL-0066,53.0895221,4.8092161,2024,,
NL-0066-04-24-2024-K03-9813.dw.png,NL-0066,53.0895221,4.8092161,2024,,
NL-0066-04-24-2024-K03-9814.dw.png,NL-0066,53.0895221,4.8092161,2024,,
NL-0066-04-24-2024-K03-9815.dw.png,NL-0066,53.0895221,4.8092161,2024,,
NL-0066-04-24-2024-K03-9816.dw.png,NL-0066,53.0895221,4.8092161,2024,,
NL-0066-04-24-2024-K03-9817.dw.png,NL-0066,53.0895221,4.8092161,2024,,
NL-0066-04-24-2024-K03-9818.dw.png,NL-0066,53.0895221,4.8092161,2024,,
NL-0066-04-24-2024-K03-9819.dw.png,NL-0066,53.0895221,4.8092161,2024,,
NL-0066-04-24-2024-K03-9820.dw.png,NL-0066,53.0895221,4.8092161,2024,,
NL-0066-04-24-2024-K03-9821.dw.png,NL-0066,53.0895221,4.8092161,2024,,
NL-0066-04-24-2024-K03-9822.dw.png,NL-0066,53.0895221,4.8092161,2024,,
NL-0066-04-24-2024-K03-9823.dw.png,NL-0066,53.0895221,4.8092161,2024,,
NL-0066-04-24-2024-K03-9824.dw.png,NL-0066,53.0895221,4.8092161,2024,,
NL-0066-04-24-2024-K03-9825.dw.png,NL-0066,53.0895221,4.8092161,2024,,
NL-0066-04-24-2024-K03-9826.dw.png,NL-0066,53.0895221,4.8092161,2024,,
NL-0066-04-24-2024-K03-9827.dw.png,NL-0066,53.0895221,4.8092161,2024,,
NL-0066-04-24-2024-K03-9828.dw.png,NL-0066,53.0895221,4.8092161,2024,,
NL-0066-04-24-2024-K03-9829.dw.png,NL-0066,53.0895221,4.8092161,2024,,
NL-0066-04-24-2024-K03-9830.dw.png,NL-0066,53.0895221,4.8092161,2024,,
NL-0066-04-24-2024-K03-9831.dw.png,NL-0066,53.0895221,4.8092161,2024,,
NL-0066-04-24-2024-K03-9832.dw.png,NL-0066,53.0895221,4.8092161,2024,,
NL-0066-04-24-2024-K03-9833.dw.png,NL-0066,53.0895221,4.8092161,2024,,
NL-0066-04-24-2024-K03-9834.dw.png,NL-0066,53.0895221,4.8092161,2024,,
NL-0066-04-24-2024-K03-9835.dw.png,NL-0066,53.0895221,4.8092161,2024,,
NL-0066-04-24-2024-K03-9836.dw.png,NL-0066,53.0895221,4.8092161,2024,,
NL-0066-04-24-2024-K03-9837.dw.png,NL-0066,53.0895221,4.8092161,2024,,
NL-0066-04-24-2024-K03-9838.dw.png,NL-0066,53.0895221,4.8092161,2024,,
NL-0067-04-24-2024-K04-9579.dw.png,NL-0067,53.0895221,4.8092161,2024,,
NL-0067-04-24-2024-K04-9580.dw.png,NL-0067,53.0895221,4.8092161,2024,,
NL-0067-04-24-2024-K04-9581.dw.png,NL-0067,53.0895221,4.8092161,2024,,
NL-0067-04-24-2024-K04-9582.dw.png,NL-0067,53.0895221,4.8092161,2024,,
NL-0067-04-24-2024-K04-9583.dw.png,NL-0067,53.0895221,4.8092161,2024,,
NL-0067-04-24-2024-K04-9584.dw.png,NL-0067,53.0895221,4.8092161,2024,,
NL-0067-04-24-2024-K04-9585.dw.png,NL-0067,53.0895221,4.8092161,2024,,
NL-0067-04-24-2024-K04-9586.dw.png,NL-0067,53.0895221,4.8092161,2024,,
NL-0067-04-24-2024-K04-9587.dw.png,NL-0067,53.0895221,4.8092161,2024,,
NL-0067-04-24-2024-K04-9588.dw.png,NL-0067,53.0895221,4.8092161,2024,,
NL-0067-04-24-2024-K04-9589.dw.png,NL-0067,53.0895221,4.8092161,2024,,
NL-0067-04-24-2024-K04-9590.dw.png,NL-0067,53.0895221,4.8092161,2024,,
NL-0067-04-24-2024-K04-9591.dw.png,NL-0067,53.0895221,4.8092161,2024,,
NL-0067-04-24-2024-K04-9592.dw.png,NL-0067,53.0895221,4.8092161,2024,,
NL-0067-04-24-2024-K04-9593.dw.png,NL-0067,53.0895221,4.8092161,2024,,
NL-0067-04-24-2024-K04-9594.dw.png,NL-0067,53.0895221,4.8092161,2024,,
NL-0067-04-24-2024-K04-9595.dw.png,NL-0067,53.0895221,4.8092161,2024,,
NL-0067-04-24-2024-K04-9596.dw.png,NL-0067,53.0895221,4.8092161,2024,,
NL-0067-04-24-2024-K04-9597.dw.png,NL-0067,53.0895221,4.8092161,2024,,
NL-0067-04-24-2024-K04-9598.dw.png,NL-0067,53.0895221,4.8092161,2024,,
NL-0067-04-24-2024-K04-9599.dw.png,NL-0067,53.0895221,4.8092161,2024,,
NL-0067-04-24-2024-K04-9600.dw.png,NL-0067,53.0895221,4.8092161,2024,,
NL-0067-04-24-2024-K04-9601.dw.png,NL-0067,53.0895221,4.8092161,2024,,
NL-0067-04-24-2024-K04-9602.dw.png,NL-0067,53.0895221,4.8092161,2024,,
NL-0067-04-24-2024-K04-9603.dw.png,NL-0067,53.0895221,4.8092161,2024,,
NL-0067-04-24-2024-K04-9604.dw.png,NL-0067,53.0895221,4.8092161,2024,,
NL-0067-04-24-2024-K04-9605.dw.png,NL-0067,53.0895221,4.8092161,2024,,
NL-0067-04-24-2024-K04-9606.dw.png,NL-0067,53.0895221,4.8092161,2024,,
NL-0067-04-24-2024-K04-9607.dw.png,NL-0067,53.0895221,4.8092161,2024,,
NL-0067-04-24-2024-K04-9608.dw.png,NL-0067,53.0895221,4.8092161,2024,,
NL-0068-04-24-2024-K05-9545.dw.png,NL-0068,53.0895221,4.8092161,2024,,
NL-0068-04-24-2024-K05-9546.dw.png,NL-0068,53.0895221,4.8092161,2024,,
NL-0068-04-24-2024-K05-9547.dw.png,NL-0068,53.0895221,4.8092161,2024,,
NL-0068-04-24-2024-K05-9548.dw.png,NL-0068,53.0895221,4.8092161,2024,,
NL-0068-04-24-2024-K05-9549.dw.png,NL-0068,53.0895221,4.8092161,2024,,
NL-0068-04-24-2024-K05-9550.dw.png,NL-0068,53.0895221,4.8092161,2024,,
NL-0068-04-24-2024-K05-9551.dw.png,NL-0068,53.0895221,4.8092161,2024,,
NL-0068-04-24-2024-K05-9552.dw.png,NL-0068,53.0895221,4.8092161,2024,,
NL-0068-04-24-2024-K05-9553.dw.png,NL-0068,53.0895221,4.8092161,2024,,
NL-0068-04-24-2024-K05-9554.dw.png,NL-0068,53.0895221,4.8092161,2024,,
NL-0068-04-24-2024-K05-9555.dw.png,NL-0068,53.0895221,4.8092161,2024,,
NL-0068-04-24-2024-K05-9556.dw.png,NL-0068,53.0895221,4.8092161,2024,,
NL-0068-04-24-2024-K05-9557.dw.png,NL-0068,53.0895221,4.8092161,2024,,
NL-0068-04-24-2024-K05-9558.dw.png,NL-0068,53.0895221,4.8092161,2024,,
NL-0068-04-24-2024-K05-9559.dw.png,NL-0068,53.0895221,4.8092161,2024,,
NL-0068-04-24-2024-K05-9560.dw.png,NL-0068,53.0895221,4.8092161,2024,,
NL-0068-04-24-2024-K05-9561.dw.png,NL-0068,53.0895221,4.8092161,2024,,
NL-0068-04-24-2024-K05-9562.dw.png,NL-0068,53.0895221,4.8092161,2024,,
NL-0068-04-24-2024-K05-9563.dw.png,NL-0068,53.0895221,4.8092161,2024,,
NL-0068-04-24-2024-K05-9564.dw.png,NL-0068,53.0895221,4.8092161,2024,,
NL-0068-04-24-2024-K05-9565.dw.png,NL-0068,53.0895221,4.8092161,2024,,
NL-0068-04-24-2024-K05-9566.dw.png,NL-0068,53.0895221,4.8092161,2024,,
NL-0068-04-24-2024-K05-9567.dw.png,NL-0068,53.0895221,4.8092161,2024,,
NL-0068-04-24-2024-K05-9568.dw.png,NL-0068,53.0895221,4.8092161,2024,,
NL-0068-04-24-2024-K05-9569.dw.png,NL-0068,53.0895221,4.8092161,2024,,
NL-0068-04-24-2024-K05-9570.dw.png,NL-0068,53.0895221,4.8092161,2024,,
NL-0068-04-24-2024-K05-9571.dw.png,NL-0068,53.0895221,4.8092161,2024,,
NL-0068-04-24-2024-K05-9572.dw.png,NL-0068,53.0895221,4.8092161,2024,,
NL-0068-04-24-2024-K05-9573.dw.png,NL-0068,53.0895221,4.8092161,2024,,
NL-0068-04-24-2024-K05-9574.dw.png,NL-0068,53.0895221,4.8092161,2024,,
NL-0069-04-24-2024-K06-9613.dw.png,NL-0069,53.0895221,4.8092161,2024,,
NL-0069-04-24-2024-K06-9614.dw.png,NL-0069,53.0895221,4.8092161,2024,,
NL-0069-04-24-2024-K06-9615.dw.png,NL-0069,53.0895221,4.8092161,2024,,
NL-0069-04-24-2024-K06-9616.dw.png,NL-0069,53.0895221,4.8092161,2024,,
NL-0069-04-24-2024-K06-9617.dw.png,NL-0069,53.0895221,4.8092161,2024,,
NL-0069-04-24-2024-K06-9618.dw.png,NL-0069,53.0895221,4.8092161,2024,,
NL-0069-04-24-2024-K06-9619.dw.png,NL-0069,53.0895221,4.8092161,2024,,
NL-0069-04-24-2024-K06-9620.dw.png,NL-0069,53.0895221,4.8092161,2024,,
NL-0069-04-24-2024-K06-9622.dw.png,NL-0069,53.0895221,4.8092161,2024,,
NL-0069-04-24-2024-K06-9623.dw.png,NL-0069,53.0895221,4.8092161,2024,,
NL-0069-04-24-2024-K06-9624.dw.png,NL-0069,53.0895221,4.8092161,2024,,
NL-0069-04-24-2024-K06-9625.dw.png,NL-0069,53.0895221,4.8092161,2024,,
NL-0069-04-24-2024-K06-9626.dw.png,NL-0069,53.0895221,4.8092161,2024,,
NL-0069-04-24-2024-K06-9627.dw.png,NL-0069,53.0895221,4.8092161,2024,,
NL-0069-04-24-2024-K06-9628.dw.png,NL-0069,53.0895221,4.8092161,2024,,
NL-0069-04-24-2024-K06-9629.dw.png,NL-0069,53.0895221,4.8092161,2024,,
NL-0069-04-24-2024-K06-9630.dw.png,NL-0069,53.0895221,4.8092161,2024,,
NL-0069-04-24-2024-K06-9631.dw.png,NL-0069,53.0895221,4.8092161,2024,,
NL-0069-04-24-2024-K06-9632.dw.png,NL-0069,53.0895221,4.8092161,2024,,
NL-0069-04-24-2024-K06-9633.dw.png,NL-0069,53.0895221,4.8092161,2024,,
NL-0069-04-24-2024-K06-9634.dw.png,NL-0069,53.0895221,4.8092161,2024,,
NL-0069-04-24-2024-K06-9635.dw.png,NL-0069,53.0895221,4.8092161,2024,,
NL-0069-04-24-2024-K06-9636.dw.png,NL-0069,53.0895221,4.8092161,2024,,
NL-0069-04-24-2024-K06-9637.dw.png,NL-0069,53.0895221,4.8092161,2024,,
NL-0069-04-24-2024-K06-9638.dw.png,NL-0069,53.0895221,4.8092161,2024,,
NL-0069-04-24-2024-K06-9639.dw.png,NL-0069,53.0895221,4.8092161,2024,,
NL-0069-04-24-2024-K06-9640.dw.png,NL-0069,53.0895221,4.8092161,2024,,
NL-0069-04-24-2024-K06-9641.dw.png,NL-0069,53.0895221,4.8092161,2024,,
NL-0069-04-24-2024-K06-9642.dw.png,NL-0069,53.0895221,4.8092161,2024,,
NL-0070-04-24-2024-K08-9197.dw.png,NL-0070,53.0895221,4.8092161,2024,,
NL-0070-04-24-2024-K08-9198.dw.png,NL-0070,53.0895221,4.8092161,2024,,
NL-0070-04-24-2024-K08-9199.dw.png,NL-0070,53.0895221,4.8092161,2024,,
NL-0070-04-24-2024-K08-9200.dw.png,NL-0070,53.0895221,4.8092161,2024,,
NL-0070-04-24-2024-K08-9201.dw.png,NL-0070,53.0895221,4.8092161,2024,,
NL-0070-04-24-2024-K08-9202.dw.png,NL-0070,53.0895221,4.8092161,2024,,
NL-0070-04-24-2024-K08-9203.dw.png,NL-0070,53.0895221,4.8092161,2024,,
NL-0070-04-24-2024-K08-9204.dw.png,NL-0070,53.0895221,4.8092161,2024,,
NL-0070-04-24-2024-K08-9205.dw.png,NL-0070,53.0895221,4.8092161,2024,,
NL-0070-04-24-2024-K08-9206.dw.png,NL-0070,53.0895221,4.8092161,2024,,
NL-0070-04-24-2024-K08-9207.dw.png,NL-0070,53.0895221,4.8092161,2024,,
NL-0070-04-24-2024-K08-9208.dw.png,NL-0070,53.0895221,4.8092161,2024,,
NL-0070-04-24-2024-K08-9209.dw.png,NL-0070,53.0895221,4.8092161,2024,,
NL-0070-04-24-2024-K08-9210.dw.png,NL-0070,53.0895221,4.8092161,2024,,
NL-0070-04-24-2024-K08-9211.dw.png,NL-0070,53.0895221,4.8092161,2024,,
NL-0070-04-24-2024-K08-9212.dw.png,NL-0070,53.0895221,4.8092161,2024,,
NL-0070-04-24-2024-K08-9213.dw.png,NL-0070,53.0895221,4.8092161,2024,,
NL-0070-04-24-2024-K08-9214.dw.png,NL-0070,53.0895221,4.8092161,2024,,
NL-0070-04-24-2024-K08-9215.dw.png,NL-0070,53.0895221,4.8092161,2024,,
NL-0070-04-24-2024-K08-9216.dw.png,NL-0070,53.0895221,4.8092161,2024,,
NL-0070-04-24-2024-K08-9217.dw.png,NL-0070,53.0895221,4.8092161,2024,,
NL-0070-04-24-2024-K08-9218.dw.png,NL-0070,53.0895221,4.8092161,2024,,
NL-0070-04-24-2024-K08-9219.dw.png,NL-0070,53.0895221,4.8092161,2024,,
NL-0070-04-24-2024-K08-9220.dw.png,NL-0070,53.0895221,4.8092161,2024,,
NL-0070-04-24-2024-K08-9221.dw.png,NL-0070,53.0895221,4.8092161,2024,,
NL-0070-04-24-2024-K08-9222.dw.png,NL-0070,53.0895221,4.8092161,2024,,
NL-0070-04-24-2024-K08-9224.dw.png,NL-0070,53.0895221,4.8092161,2024,,
NL-0070-04-24-2024-K08-9225.dw.png,NL-0070,53.0895221,4.8092161,2024,,
NL-0070-04-24-2024-K08-9226.dw.png,NL-0070,53.0895221,4.8092161,2024,,
NL-0070-04-24-2024-K08-9227.dw.png,NL-0070,53.0895221,4.8092161,2024,,
NL-0070-04-24-2024-K08-9228.dw.png,NL-0070,53.0895221,4.8092161,2024,,
NL-0071-04-24-2024-K09-9519.dw.png,NL-0071,53.0895221,4.8092161,2024,,
NL-0071-04-24-2024-K09-9520.dw.png,NL-0071,53.0895221,4.8092161,2024,,
NL-0071-04-24-2024-K09-9521.dw.png,NL-0071,53.0895221,4.8092161,2024,,
NL-0071-04-24-2024-K09-9522.dw.png,NL-0071,53.0895221,4.8092161,2024,,
NL-0071-04-24-2024-K09-9524.dw.png,NL-0071,53.0895221,4.8092161,2024,,
NL-0071-04-24-2024-K09-9525.dw.png,NL-0071,53.0895221,4.8092161,2024,,
NL-0071-04-24-2024-K09-9526.dw.png,NL-0071,53.0895221,4.8092161,2024,,
NL-0071-04-24-2024-K09-9527.dw.png,NL-0071,53.0895221,4.8092161,2024,,
NL-0071-04-24-2024-K09-9528.dw.png,NL-0071,53.0895221,4.8092161,2024,,
NL-0071-04-24-2024-K09-9529.dw.png,NL-0071,53.0895221,4.8092161,2024,,
NL-0071-04-24-2024-K09-9530.dw.png,NL-0071,53.0895221,4.8092161,2024,,
NL-0071-04-24-2024-K09-9531.dw.png,NL-0071,53.0895221,4.8092161,2024,,
NL-0071-04-24-2024-K09-9532.dw.png,NL-0071,53.0895221,4.8092161,2024,,
NL-0071-04-24-2024-K09-9534.dw.png,NL-0071,53.0895221,4.8092161,2024,,
NL-0071-04-24-2024-K09-9535.dw.png,NL-0071,53.0895221,4.8092161,2024,,
NL-0071-04-24-2024-K09-9536.dw.png,NL-0071,53.0895221,4.8092161,2024,,
NL-0071-04-24-2024-K09-9537.dw.png,NL-0071,53.0895221,4.8092161,2024,,
NL-0071-04-24-2024-K09-9538.dw.png,NL-0071,53.0895221,4.8092161,2024,,
NL-0071-04-24-2024-K09-9539.dw.png,NL-0071,53.0895221,4.8092161,2024,,
NL-0071-04-24-2024-K09-9540.dw.png,NL-0071,53.0895221,4.8092161,2024,,
NL-0071-04-24-2024-K09-9541.dw.png,NL-0071,53.0895221,4.8092161,2024,,
NL-0071-04-24-2024-K09-9542.dw.png,NL-0071,53.0895221,4.8092161,2024,,
NL-0071-04-24-2024-K09-9543.dw.png,NL-0071,53.0895221,4.8092161,2024,,
NL-0071-04-24-2024-K09-9544.dw.png,NL-0071,53.0895221,4.8092161,2024,,
NL-0072-04-24-2024-K10-9643.dw.png,NL-0072,53.0895221,4.8092161,2024,,
NL-0072-04-24-2024-K10-9644.dw.png,NL-0072,53.0895221,4.8092161,2024,,
NL-0072-04-24-2024-K10-9647.dw.png,NL-0072,53.0895221,4.8092161,2024,,
NL-0072-04-24-2024-K10-9648.dw.png,NL-0072,53.0895221,4.8092161,2024,,
NL-0072-04-24-2024-K10-9649.dw.png,NL-0072,53.0895221,4.8092161,2024,,
NL-0072-04-24-2024-K10-9650.dw.png,NL-0072,53.0895221,4.8092161,2024,,
NL-0072-04-24-2024-K10-9651.dw.png,NL-0072,53.0895221,4.8092161,2024,,
NL-0072-04-24-2024-K10-9652.dw.png,NL-0072,53.0895221,4.8092161,2024,,
NL-0072-04-24-2024-K10-9653.dw.png,NL-0072,53.0895221,4.8092161,2024,,
NL-0072-04-24-2024-K10-9654.dw.png,NL-0072,53.0895221,4.8092161,2024,,
NL-0072-04-24-2024-K10-9655.dw.png,NL-0072,53.0895221,4.8092161,2024,,
NL-0072-04-24-2024-K10-9656.dw.png,NL-0072,53.0895221,4.8092161,2024,,
NL-0072-04-24-2024-K10-9657.dw.png,NL-0072,53.0895221,4.8092161,2024,,
NL-0072-04-24-2024-K10-9658.dw.png,NL-0072,53.0895221,4.8092161,2024,,
NL-0072-04-24-2024-K10-9659.dw.png,NL-0072,53.0895221,4.8092161,2024,,
NL-0072-04-24-2024-K10-9660.dw.png,NL-0072,53.0895221,4.8092161,2024,,
NL-0072-04-24-2024-K10-9661.dw.png,NL-0072,53.0895221,4.8092161,2024,,
NL-0072-04-24-2024-K10-9662.dw.png,NL-0072,53.0895221,4.8092161,2024,,
NL-0072-04-24-2024-K10-9663.dw.png,NL-0072,53.0895221,4.8092161,2024,,
NL-0072-04-24-2024-K10-9664.dw.png,NL-0072,53.0895221,4.8092161,2024,,
NL-0072-04-24-2024-K10-9665.dw.png,NL-0072,53.0895221,4.8092161,2024,,
NL-0072-04-24-2024-K10-9666.dw.png,NL-0072,53.0895221,4.8092161,2024,,
NL-0072-04-24-2024-K10-9667.dw.png,NL-0072,53.0895221,4.8092161,2024,,
NL-0072-04-24-2024-K10-9668.dw.png,NL-0072,53.0895221,4.8092161,2024,,
NL-0072-04-24-2024-K10-9669.dw.png,NL-0072,53.0895221,4.8092161,2024,,
NL-0072-04-24-2024-K10-9670.dw.png,NL-0072,53.0895221,4.8092161,2024,,
NL-0072-04-24-2024-K10-9671.dw.png,NL-0072,53.0895221,4.8092161,2024,,
NL-0072-04-24-2024-K10-9672.dw.png,NL-0072,53.0895221,4.8092161,2024,,
NL-0072-04-24-2024-K10-9673.dw.png,NL-0072,53.0895221,4.8092161,2024,,
NL-0072-04-24-2024-K10-9674.dw.png,NL-0072,53.0895221,4.8092161,2024,,
NL-0073-04-24-2024-K11-9676.dw.png,NL-0073,53.0895221,4.8092161,2024,,
NL-0073-04-24-2024-K11-9677.dw.png,NL-0073,53.0895221,4.8092161,2024,,
NL-0073-04-24-2024-K11-9678.dw.png,NL-0073,53.0895221,4.8092161,2024,,
NL-0073-04-24-2024-K11-9679.dw.png,NL-0073,53.0895221,4.8092161,2024,,
NL-0073-04-24-2024-K11-9680.dw.png,NL-0073,53.0895221,4.8092161,2024,,
NL-0073-04-24-2024-K11-9681.dw.png,NL-0073,53.0895221,4.8092161,2024,,
NL-0073-04-24-2024-K11-9682.dw.png,NL-0073,53.0895221,4.8092161,2024,,
NL-0073-04-24-2024-K11-9683.dw.png,NL-0073,53.0895221,4.8092161,2024,,
NL-0073-04-24-2024-K11-9684.dw.png,NL-0073,53.0895221,4.8092161,2024,,
NL-0073-04-24-2024-K11-9685.dw.png,NL-0073,53.0895221,4.8092161,2024,,
NL-0073-04-24-2024-K11-9686.dw.png,NL-0073,53.0895221,4.8092161,2024,,
NL-0073-04-24-2024-K11-9687.dw.png,NL-0073,53.0895221,4.8092161,2024,,
NL-0073-04-24-2024-K11-9688.dw.png,NL-0073,53.0895221,4.8092161,2024,,
NL-0073-04-24-2024-K11-9689.dw.png,NL-0073,53.0895221,4.8092161,2024,,
NL-0073-04-24-2024-K11-9690.dw.png,NL-0073,53.0895221,4.8092161,2024,,
NL-0073-04-24-2024-K11-9691.dw.png,NL-0073,53.0895221,4.8092161,2024,,
NL-0073-04-24-2024-K11-9692.dw.png,NL-0073,53.0895221,4.8092161,2024,,
NL-0073-04-24-2024-K11-9693.dw.png,NL-0073,53.0895221,4.8092161,2024,,
NL-0073-04-24-2024-K11-9694.dw.png,NL-0073,53.0895221,4.8092161,2024,,
NL-0073-04-24-2024-K11-9695.dw.png,NL-0073,53.0895221,4.8092161,2024,,
NL-0073-04-24-2024-K11-9696.dw.png,NL-0073,53.0895221,4.8092161,2024,,
NL-0073-04-24-2024-K11-9697.dw.png,NL-0073,53.0895221,4.8092161,2024,,
NL-0073-04-24-2024-K11-9699.dw.png,NL-0073,53.0895221,4.8092161,2024,,
NL-0073-04-24-2024-K11-9700.dw.png,NL-0073,53.0895221,4.8092161,2024,,
NL-0073-04-24-2024-K11-9701.dw.png,NL-0073,53.0895221,4.8092161,2024,,
NL-0073-04-24-2024-K11-9702.dw.png,NL-0073,53.0895221,4.8092161,2024,,
NL-0073-04-24-2024-K11-9703.dw.png,NL-0073,53.0895221,4.8092161,2024,,
NL-0073-04-24-2024-K11-9704.dw.png,NL-0073,53.0895221,4.8092161,2024,,
NL-0073-04-24-2024-K11-9705.dw.png,NL-0073,53.0895221,4.8092161,2024,,
NL-0073-04-24-2024-K11-9706.dw.png,NL-0073,53.0895221,4.8092161,2024,,
NL-0074-04-24-2024-K12-8660.dw.png,NL-0074,53.0895221,4.8092161,2024,,
NL-0074-04-24-2024-K12-8661.dw.png,NL-0074,53.0895221,4.8092161,2024,,
NL-0074-04-24-2024-K12-8662.dw.png,NL-0074,53.0895221,4.8092161,2024,,
NL-0074-04-24-2024-K12-8663.dw.png,NL-0074,53.0895221,4.8092161,2024,,
NL-0074-04-24-2024-K12-8664.dw.png,NL-0074,53.0895221,4.8092161,2024,,
NL-0074-04-24-2024-K12-8665.dw.png,NL-0074,53.0895221,4.8092161,2024,,
NL-0074-04-24-2024-K12-8666.dw.png,NL-0074,53.0895221,4.8092161,2024,,
NL-0074-04-24-2024-K12-8667.dw.png,NL-0074,53.0895221,4.8092161,2024,,
NL-0074-04-24-2024-K12-8668.dw.png,NL-0074,53.0895221,4.8092161,2024,,
NL-0074-04-24-2024-K12-8670.dw.png,NL-0074,53.0895221,4.8092161,2024,,
NL-0074-04-24-2024-K12-8671.dw.png,NL-0074,53.0895221,4.8092161,2024,,
NL-0074-04-24-2024-K12-8672.dw.png,NL-0074,53.0895221,4.8092161,2024,,
NL-0074-04-24-2024-K12-8673.dw.png,NL-0074,53.0895221,4.8092161,2024,,
NL-0074-04-24-2024-K12-8674.dw.png,NL-0074,53.0895221,4.8092161,2024,,
NL-0074-04-24-2024-K12-8675.dw.png,NL-0074,53.0895221,4.8092161,2024,,
NL-0074-04-24-2024-K12-8676.dw.png,NL-0074,53.0895221,4.8092161,2024,,
NL-0074-04-24-2024-K12-8677.dw.png,NL-0074,53.0895221,4.8092161,2024,,
NL-0074-04-24-2024-K12-8678.dw.png,NL-0074,53.0895221,4.8092161,2024,,
NL-0074-04-24-2024-K12-8679.dw.png,NL-0074,53.0895221,4.8092161,2024,,
NL-0074-04-24-2024-K12-8680.dw.png,NL-0074,53.0895221,4.8092161,2024,,
NL-0074-04-24-2024-K12-8681.dw.png,NL-0074,53.0895221,4.8092161,2024,,
NL-0074-04-24-2024-K12-8682.dw.png,NL-0074,53.0895221,4.8092161,2024,,
NL-0074-04-24-2024-K12-8683.dw.png,NL-0074,53.0895221,4.8092161,2024,,
NL-0074-04-24-2024-K12-8684.dw.png,NL-0074,53.0895221,4.8092161,2024,,
NL-0074-04-24-2024-K12-8685.dw.png,NL-0074,53.0895221,4.8092161,2024,,
NL-0074-04-24-2024-K12-8686.dw.png,NL-0074,53.0895221,4.8092161,2024,,
NL-0074-04-24-2024-K12-8687.dw.png,NL-0074,53.0895221,4.8092161,2024,,
NL-0074-04-24-2024-K12-8688.dw.png,NL-0074,53.0895221,4.8092161,2024,,
NL-0074-04-24-2024-K12-8690.dw.png,NL-0074,53.0895221,4.8092161,2024,,
NL-0075-04-24-2024-K13-9708.dw.png,NL-0075,53.0895221,4.8092161,2024,,
NL-0075-04-24-2024-K13-9709.dw.png,NL-0075,53.0895221,4.8092161,2024,,
NL-0075-04-24-2024-K13-9710.dw.png,NL-0075,53.0895221,4.8092161,2024,,
NL-0075-04-24-2024-K13-9711.dw.png,NL-0075,53.0895221,4.8092161,2024,,
NL-0075-04-24-2024-K13-9713.dw.png,NL-0075,53.0895221,4.8092161,2024,,
NL-0075-04-24-2024-K13-9714.dw.png,NL-0075,53.0895221,4.8092161,2024,,
NL-0075-04-24-2024-K13-9715.dw.png,NL-0075,53.0895221,4.8092161,2024,,
NL-0075-04-24-2024-K13-9716.dw.png,NL-0075,53.0895221,4.8092161,2024,,
NL-0075-04-24-2024-K13-9717.dw.png,NL-0075,53.0895221,4.8092161,2024,,
NL-0075-04-24-2024-K13-9718.dw.png,NL-0075,53.0895221,4.8092161,2024,,
NL-0075-04-24-2024-K13-9719.dw.png,NL-0075,53.0895221,4.8092161,2024,,
NL-0075-04-24-2024-K13-9720.dw.png,NL-0075,53.0895221,4.8092161,2024,,
NL-0075-04-24-2024-K13-9721.dw.png,NL-0075,53.0895221,4.8092161,2024,,
NL-0075-04-24-2024-K13-9722.dw.png,NL-0075,53.0895221,4.8092161,2024,,
NL-0075-04-24-2024-K13-9723.dw.png,NL-0075,53.0895221,4.8092161,2024,,
NL-0075-04-24-2024-K13-9724.dw.png,NL-0075,53.0895221,4.8092161,2024,,
NL-0075-04-24-2024-K13-9725.dw.png,NL-0075,53.0895221,4.8092161,2024,,
NL-0075-04-24-2024-K13-9726.dw.png,NL-0075,53.0895221,4.8092161,2024,,
NL-0075-04-24-2024-K13-9727.dw.png,NL-0075,53.0895221,4.8092161,2024,,
NL-0075-04-24-2024-K13-9728.dw.png,NL-0075,53.0895221,4.8092161,2024,,
NL-0075-04-24-2024-K13-9729.dw.png,NL-0075,53.0895221,4.8092161,2024,,
NL-0075-04-24-2024-K13-9730.dw.png,NL-0075,53.0895221,4.8092161,2024,,
NL-0075-04-24-2024-K13-9731.dw.png,NL-0075,53.0895221,4.8092161,2024,,
NL-0075-04-24-2024-K13-9732.dw.png,NL-0075,53.0895221,4.8092161,2024,,
NL-0075-04-24-2024-K13-9733.dw.png,NL-0075,53.0895221,4.8092161,2024,,
NL-0075-04-24-2024-K13-9734.dw.png,NL-0075,53.0895221,4.8092161,2024,,
NL-0075-04-24-2024-K13-9735.dw.png,NL-0075,53.0895221,4.8092161,2024,,
NL-0075-04-24-2024-K13-9736.dw.png,NL-0075,53.0895221,4.8092161,2024,,
NL-0075-04-24-2024-K13-9737.dw.png,NL-0075,53.0895221,4.8092161,2024,,
NL-0075-04-24-2024-K13-9738.dw.png,NL-0075,53.0895221,4.8092161,2024,,
NL-0076-04-24-2024-K14-0072.dw.png,NL-0076,53.0895221,4.8092161,2024,,
NL-0076-04-24-2024-K14-0073.dw.png,NL-0076,53.0895221,4.8092161,2024,,
NL-0076-04-24-2024-K14-0074.dw.png,NL-0076,53.0895221,4.8092161,2024,,
NL-0076-04-24-2024-K14-0075.dw.png,NL-0076,53.0895221,4.8092161,2024,,
NL-0076-04-24-2024-K14-0076.dw.png,NL-0076,53.0895221,4.8092161,2024,,
NL-0076-04-24-2024-K14-0077.dw.png,NL-0076,53.0895221,4.8092161,2024,,
NL-0076-04-24-2024-K14-0078.dw.png,NL-0076,53.0895221,4.8092161,2024,,
NL-0076-04-24-2024-K14-0079.dw.png,NL-0076,53.0895221,4.8092161,2024,,
NL-0076-04-24-2024-K14-0080.dw.png,NL-0076,53.0895221,4.8092161,2024,,
NL-0076-04-24-2024-K14-0081.dw.png,NL-0076,53.0895221,4.8092161,2024,,
NL-0076-04-24-2024-K14-0082.dw.png,NL-0076,53.0895221,4.8092161,2024,,
NL-0076-04-24-2024-K14-0083.dw.png,NL-0076,53.0895221,4.8092161,2024,,
NL-0076-04-24-2024-K14-0084.dw.png,NL-0076,53.0895221,4.8092161,2024,,
NL-0076-04-24-2024-K14-0085.dw.png,NL-0076,53.0895221,4.8092161,2024,,
NL-0076-04-24-2024-K14-0086.dw.png,NL-0076,53.0895221,4.8092161,2024,,
NL-0076-04-24-2024-K14-0087.dw.png,NL-0076,53.0895221,4.8092161,2024,,
NL-0076-04-24-2024-K14-0088.dw.png,NL-0076,53.0895221,4.8092161,2024,,
NL-0076-04-24-2024-K14-0089.dw.png,NL-0076,53.0895221,4.8092161,2024,,
NL-0076-04-24-2024-K14-0090.dw.png,NL-0076,53.0895221,4.8092161,2024,,
NL-0076-04-24-2024-K14-0091.dw.png,NL-0076,53.0895221,4.8092161,2024,,
NL-0076-04-24-2024-K14-0092.dw.png,NL-0076,53.0895221,4.8092161,2024,,
NL-0076-04-24-2024-K14-0093.dw.png,NL-0076,53.0895221,4.8092161,2024,,
NL-0076-04-24-2024-K14-0094.dw.png,NL-0076,53.0895221,4.8092161,2024,,
NL-0076-04-24-2024-K14-0095.dw.png,NL-0076,53.0895221,4.8092161,2024,,
NL-0076-04-24-2024-K14-0096.dw.png,NL-0076,53.0895221,4.8092161,2024,,
NL-0076-04-24-2024-K14-0097.dw.png,NL-0076,53.0895221,4.8092161,2024,,
NL-0076-04-24-2024-K14-0098.dw.png,NL-0076,53.0895221,4.8092161,2024,,
NL-0076-04-24-2024-K14-0099.dw.png,NL-0076,53.0895221,4.8092161,2024,,
NL-0076-04-24-2024-K14-0100.dw.png,NL-0076,53.0895221,4.8092161,2024,,
NL-0076-04-24-2024-K14-0101.dw.png,NL-0076,53.0895221,4.8092161,2024,,
NL-0077-04-24-2024-K15-0102.dw.png,NL-0077,53.0895221,4.8092161,2024,,
NL-0077-04-24-2024-K15-0103.dw.png,NL-0077,53.0895221,4.8092161,2024,,
NL-0077-04-24-2024-K15-0104.dw.png,NL-0077,53.0895221,4.8092161,2024,,
NL-0077-04-24-2024-K15-0105.dw.png,NL-0077,53.0895221,4.8092161,2024,,
NL-0077-04-24-2024-K15-0106.dw.png,NL-0077,53.0895221,4.8092161,2024,,
NL-0077-04-24-2024-K15-0107.dw.png,NL-0077,53.0895221,4.8092161,2024,,
NL-0077-04-24-2024-K15-0108.dw.png,NL-0077,53.0895221,4.8092161,2024,,
NL-0077-04-24-2024-K15-0109.dw.png,NL-0077,53.0895221,4.8092161,2024,,
NL-0077-04-24-2024-K15-0110.dw.png,NL-0077,53.0895221,4.8092161,2024,,
NL-0077-04-24-2024-K15-0111.dw.png,NL-0077,53.0895221,4.8092161,2024,,
NL-0077-04-24-2024-K15-0112.dw.png,NL-0077,53.0895221,4.8092161,2024,,
NL-0077-04-24-2024-K15-0113.dw.png,NL-0077,53.0895221,4.8092161,2024,,
NL-0077-04-24-2024-K15-0114.dw.png,NL-0077,53.0895221,4.8092161,2024,,
NL-0077-04-24-2024-K15-0115.dw.png,NL-0077,53.0895221,4.8092161,2024,,
NL-0077-04-24-2024-K15-0116.dw.png,NL-0077,53.0895221,4.8092161,2024,,
NL-0077-04-24-2024-K15-0117.dw.png,NL-0077,53.0895221,4.8092161,2024,,
NL-0077-04-24-2024-K15-0118.dw.png,NL-0077,53.0895221,4.8092161,2024,,
NL-0077-04-24-2024-K15-0119.dw.png,NL-0077,53.0895221,4.8092161,2024,,
NL-0077-04-24-2024-K15-0120.dw.png,NL-0077,53.0895221,4.8092161,2024,,
NL-0077-04-24-2024-K15-0121.dw.png,NL-0077,53.0895221,4.8092161,2024,,
NL-0077-04-24-2024-K15-0122.dw.png,NL-0077,53.0895221,4.8092161,2024,,
NL-0077-04-24-2024-K15-0123.dw.png,NL-0077,53.0895221,4.8092161,2024,,
NL-0077-04-24-2024-K15-0124.dw.png,NL-0077,53.0895221,4.8092161,2024,,
NL-0077-04-24-2024-K15-0125.dw.png,NL-0077,53.0895221,4.8092161,2024,,
NL-0077-04-24-2024-K15-0126.dw.png,NL-0077,53.0895221,4.8092161,2024,,
NL-0077-04-24-2024-K15-0127.dw.png,NL-0077,53.0895221,4.8092161,2024,,
NL-0077-04-24-2024-K15-0128.dw.png,NL-0077,53.0895221,4.8092161,2024,,
NL-0078-04-24-2024-K16-0129.dw.png,NL-0078,53.0895221,4.8092161,2024,,
NL-0078-04-24-2024-K16-0130.dw.png,NL-0078,53.0895221,4.8092161,2024,,
NL-0078-04-24-2024-K16-0131.dw.png,NL-0078,53.0895221,4.8092161,2024,,
NL-0078-04-24-2024-K16-0132.dw.png,NL-0078,53.0895221,4.8092161,2024,,
NL-0078-04-24-2024-K16-0133.dw.png,NL-0078,53.0895221,4.8092161,2024,,
NL-0078-04-24-2024-K16-0134.dw.png,NL-0078,53.0895221,4.8092161,2024,,
NL-0078-04-24-2024-K16-0135.dw.png,NL-0078,53.0895221,4.8092161,2024,,
NL-0078-04-24-2024-K16-0136.dw.png,NL-0078,53.0895221,4.8092161,2024,,
NL-0078-04-24-2024-K16-0137.dw.png,NL-0078,53.0895221,4.8092161,2024,,
NL-0078-04-24-2024-K16-0138.dw.png,NL-0078,53.0895221,4.8092161,2024,,
NL-0078-04-24-2024-K16-0139.dw.png,NL-0078,53.0895221,4.8092161,2024,,
NL-0078-04-24-2024-K16-0140.dw.png,NL-0078,53.0895221,4.8092161,2024,,
NL-0078-04-24-2024-K16-0141.dw.png,NL-0078,53.0895221,4.8092161,2024,,
NL-0078-04-24-2024-K16-0142.dw.png,NL-0078,53.0895221,4.8092161,2024,,
NL-0078-04-24-2024-K16-0143.dw.png,NL-0078,53.0895221,4.8092161,2024,,
NL-0078-04-24-2024-K16-0144.dw.png,NL-0078,53.0895221,4.8092161,2024,,
NL-0078-04-24-2024-K16-0146.dw.png,NL-0078,53.0895221,4.8092161,2024,,
NL-0078-04-24-2024-K16-0147.dw.png,NL-0078,53.0895221,4.8092161,2024,,
NL-0078-04-24-2024-K16-0148.dw.png,NL-0078,53.0895221,4.8092161,2024,,
NL-0078-04-24-2024-K16-0149.dw.png,NL-0078,53.0895221,4.8092161,2024,,
NL-0078-04-24-2024-K16-0150.dw.png,NL-0078,53.0895221,4.8092161,2024,,
NL-0078-04-24-2024-K16-0151.dw.png,NL-0078,53.0895221,4.8092161,2024,,
NL-0078-04-24-2024-K16-0152.dw.png,NL-0078,53.0895221,4.8092161,2024,,
NL-0078-04-24-2024-K16-0153.dw.png,NL-0078,53.0895221,4.8092161,2024,,
NL-0078-04-24-2024-K16-0154.dw.png,NL-0078,53.0895221,4.8092161,2024,,
NL-0078-04-24-2024-K16-0155.dw.png,NL-0078,53.0895221,4.8092161,2024,,
NL-0078-04-24-2024-K16-0156.dw.png,NL-0078,53.0895221,4.8092161,2024,,
NL-0078-04-24-2024-K16-0157.dw.png,NL-0078,53.0895221,4.8092161,2024,,
NL-0078-04-24-2024-K16-0158.dw.png,NL-0078,53.0895221,4.8092161,2024,,
NL-0078-04-24-2024-K16-0160.dw.png,NL-0078,53.0895221,4.8092161,2024,,
NL-0079-04-24-2024-K17-0162.dw.png,NL-0079,53.0895221,4.8092161,2024,,
NL-0079-04-24-2024-K17-0163.dw.png,NL-0079,53.0895221,4.8092161,2024,,
NL-0079-04-24-2024-K17-0164.dw.png,NL-0079,53.0895221,4.8092161,2024,,
NL-0079-04-24-2024-K17-0165.dw.png,NL-0079,53.0895221,4.8092161,2024,,
NL-0079-04-24-2024-K17-0166.dw.png,NL-0079,53.0895221,4.8092161,2024,,
NL-0079-04-24-2024-K17-0167.dw.png,NL-0079,53.0895221,4.8092161,2024,,
NL-0079-04-24-2024-K17-0168.dw.png,NL-0079,53.0895221,4.8092161,2024,,
NL-0079-04-24-2024-K17-0169.dw.png,NL-0079,53.0895221,4.8092161,2024,,
NL-0079-04-24-2024-K17-0170.dw.png,NL-0079,53.0895221,4.8092161,2024,,
NL-0079-04-24-2024-K17-0171.dw.png,NL-0079,53.0895221,4.8092161,2024,,
NL-0079-04-24-2024-K17-0172.dw.png,NL-0079,53.0895221,4.8092161,2024,,
NL-0079-04-24-2024-K17-0173.dw.png,NL-0079,53.0895221,4.8092161,2024,,
NL-0079-04-24-2024-K17-0174.dw.png,NL-0079,53.0895221,4.8092161,2024,,
NL-0079-04-24-2024-K17-0175.dw.png,NL-0079,53.0895221,4.8092161,2024,,
NL-0079-04-24-2024-K17-0176.dw.png,NL-0079,53.0895221,4.8092161,2024,,
NL-0079-04-24-2024-K17-0177.dw.png,NL-0079,53.0895221,4.8092161,2024,,
NL-0079-04-24-2024-K17-0178.dw.png,NL-0079,53.0895221,4.8092161,2024,,
NL-0079-04-24-2024-K17-0179.dw.png,NL-0079,53.0895221,4.8092161,2024,,
NL-0079-04-24-2024-K17-0180.dw.png,NL-0079,53.0895221,4.8092161,2024,,
NL-0079-04-24-2024-K17-0181.dw.png,NL-0079,53.0895221,4.8092161,2024,,
NL-0079-04-24-2024-K17-0182.dw.png,NL-0079,53.0895221,4.8092161,2024,,
NL-0079-04-24-2024-K17-0183.dw.png,NL-0079,53.0895221,4.8092161,2024,,
NL-0079-04-24-2024-K17-0184.dw.png,NL-0079,53.0895221,4.8092161,2024,,
NL-0079-04-24-2024-K17-0185.dw.png,NL-0079,53.0895221,4.8092161,2024,,
NL-0079-04-24-2024-K17-0186.dw.png,NL-0079,53.0895221,4.8092161,2024,,
NL-0079-04-24-2024-K17-0187.dw.png,NL-0079,53.0895221,4.8092161,2024,,
NL-0079-04-24-2024-K17-0188.dw.png,NL-0079,53.0895221,4.8092161,2024,,
NL-0079-04-24-2024-K17-0189.dw.png,NL-0079,53.0895221,4.8092161,2024,,
NL-0079-04-24-2024-K17-0190.dw.png,NL-0079,53.0895221,4.8092161,2024,,
NL-0079-04-24-2024-K17-0191.dw.png,NL-0079,53.0895221,4.8092161,2024,,
NL-0080-04-24-2024-K18-0194.dw.png,NL-0080,53.0895221,4.8092161,2024,,
NL-0080-04-24-2024-K18-0195.dw.png,NL-0080,53.0895221,4.8092161,2024,,
NL-0080-04-24-2024-K18-0196.dw.png,NL-0080,53.0895221,4.8092161,2024,,
NL-0080-04-24-2024-K18-0197.dw.png,NL-0080,53.0895221,4.8092161,2024,,
NL-0080-04-24-2024-K18-0198.dw.png,NL-0080,53.0895221,4.8092161,2024,,
NL-0080-04-24-2024-K18-0199.dw.png,NL-0080,53.0895221,4.8092161,2024,,
NL-0080-04-24-2024-K18-0200.dw.png,NL-0080,53.0895221,4.8092161,2024,,
NL-0080-04-24-2024-K18-0201.dw.png,NL-0080,53.0895221,4.8092161,2024,,
NL-0080-04-24-2024-K18-0202.dw.png,NL-0080,53.0895221,4.8092161,2024,,
NL-0080-04-24-2024-K18-0203.dw.png,NL-0080,53.0895221,4.8092161,2024,,
NL-0080-04-24-2024-K18-0204.dw.png,NL-0080,53.0895221,4.8092161,2024,,
NL-0080-04-24-2024-K18-0205.dw.png,NL-0080,53.0895221,4.8092161,2024,,
NL-0080-04-24-2024-K18-0206.dw.png,NL-0080,53.0895221,4.8092161,2024,,
NL-0080-04-24-2024-K18-0207.dw.png,NL-0080,53.0895221,4.8092161,2024,,
NL-0080-04-24-2024-K18-0208.dw.png,NL-0080,53.0895221,4.8092161,2024,,
NL-0080-04-24-2024-K18-0209.dw.png,NL-0080,53.0895221,4.8092161,2024,,
NL-0080-04-24-2024-K18-0210.dw.png,NL-0080,53.0895221,4.8092161,2024,,
NL-0080-04-24-2024-K18-0211.dw.png,NL-0080,53.0895221,4.8092161,2024,,
NL-0080-04-24-2024-K18-0212.dw.png,NL-0080,53.0895221,4.8092161,2024,,
NL-0080-04-24-2024-K18-0213.dw.png,NL-0080,53.0895221,4.8092161,2024,,
NL-0080-04-24-2024-K18-0214.dw.png,NL-0080,53.0895221,4.8092161,2024,,
NL-0080-04-24-2024-K18-0215.dw.png,NL-0080,53.0895221,4.8092161,2024,,
NL-0080-04-24-2024-K18-0216.dw.png,NL-0080,53.0895221,4.8092161,2024,,
NL-0080-04-24-2024-K18-0217.dw.png,NL-0080,53.0895221,4.8092161,2024,,
NL-0080-04-24-2024-K18-0218.dw.png,NL-0080,53.0895221,4.8092161,2024,,
NL-0080-04-24-2024-K18-0219.dw.png,NL-0080,53.0895221,4.8092161,2024,,
NL-0080-04-24-2024-K18-0220.dw.png,NL-0080,53.0895221,4.8092161,2024,,
NL-0080-04-24-2024-K18-0221.dw.png,NL-0080,53.0895221,4.8092161,2024,,
NL-0080-04-24-2024-K18-0222.dw.png,NL-0080,53.0895221,4.8092161,2024,,
NL-0080-04-24-2024-K18-0223.dw.png,NL-0080,53.0895221,4.8092161,2024,,
NL-0081-04-24-2024-K19-0281.dw.png,NL-0081,53.0895221,4.8092161,2024,,
NL-0081-04-24-2024-K19-0282.dw.png,NL-0081,53.0895221,4.8092161,2024,,
NL-0081-04-24-2024-K19-0283.dw.png,NL-0081,53.0895221,4.8092161,2024,,
NL-0081-04-24-2024-K19-0284.dw.png,NL-0081,53.0895221,4.8092161,2024,,
NL-0081-04-24-2024-K19-0285.dw.png,NL-0081,53.0895221,4.8092161,2024,,
NL-0081-04-24-2024-K19-0286.dw.png,NL-0081,53.0895221,4.8092161,2024,,
NL-0081-04-24-2024-K19-0287.dw.png,NL-0081,53.0895221,4.8092161,2024,,
NL-0081-04-24-2024-K19-0288.dw.png,NL-0081,53.0895221,4.8092161,2024,,
NL-0081-04-24-2024-K19-0289.dw.png,NL-0081,53.0895221,4.8092161,2024,,
NL-0081-04-24-2024-K19-0290.dw.png,NL-0081,53.0895221,4.8092161,2024,,
NL-0081-04-24-2024-K19-0291.dw.png,NL-0081,53.0895221,4.8092161,2024,,
NL-0081-04-24-2024-K19-0292.dw.png,NL-0081,53.0895221,4.8092161,2024,,
NL-0081-04-24-2024-K19-0294.dw.png,NL-0081,53.0895221,4.8092161,2024,,
NL-0081-04-24-2024-K19-0296.dw.png,NL-0081,53.0895221,4.8092161,2024,,
NL-0081-04-24-2024-K19-0297.dw.png,NL-0081,53.0895221,4.8092161,2024,,
NL-0081-04-24-2024-K19-0298.dw.png,NL-0081,53.0895221,4.8092161,2024,,
NL-0081-04-24-2024-K19-0299.dw.png,NL-0081,53.0895221,4.8092161,2024,,
NL-0081-04-24-2024-K19-0300.dw.png,NL-0081,53.0895221,4.8092161,2024,,
NL-0081-04-24-2024-K19-0301.dw.png,NL-0081,53.0895221,4.8092161,2024,,
NL-0081-04-24-2024-K19-0302.dw.png,NL-0081,53.0895221,4.8092161,2024,,
NL-0081-04-24-2024-K19-0303.dw.png,NL-0081,53.0895221,4.8092161,2024,,
NL-0081-04-24-2024-K19-0304.dw.png,NL-0081,53.0895221,4.8092161,2024,,
NL-0081-04-24-2024-K19-0305.dw.png,NL-0081,53.0895221,4.8092161,2024,,
NL-0081-04-24-2024-K19-0306.dw.png,NL-0081,53.0895221,4.8092161,2024,,
NL-0081-04-24-2024-K19-0307.dw.png,NL-0081,53.0895221,4.8092161,2024,,
NL-0081-04-24-2024-K19-0308.dw.png,NL-0081,53.0895221,4.8092161,2024,,
NL-0081-04-24-2024-K19-0309.dw.png,NL-0081,53.0895221,4.8092161,2024,,
NL-0081-04-24-2024-K19-0310.dw.png,NL-0081,53.0895221,4.8092161,2024,,
NL-0081-04-24-2024-K19-0312.dw.png,NL-0081,53.0895221,4.8092161,2024,,
NL-0081-04-24-2024-K19-0313.dw.png,NL-0081,53.0895221,4.8092161,2024,,
NL-0082-04-24-2024-K20-0259.dw.png,NL-0082,53.0895221,4.8092161,2024,,
NL-0082-04-24-2024-K20-0260.dw.png,NL-0082,53.0895221,4.8092161,2024,,
NL-0082-04-24-2024-K20-0261.dw.png,NL-0082,53.0895221,4.8092161,2024,,
NL-0082-04-24-2024-K20-0262.dw.png,NL-0082,53.0895221,4.8092161,2024,,
NL-0082-04-24-2024-K20-0263.dw.png,NL-0082,53.0895221,4.8092161,2024,,
NL-0082-04-24-2024-K20-0264.dw.png,NL-0082,53.0895221,4.8092161,2024,,
NL-0082-04-24-2024-K20-0265.dw.png,NL-0082,53.0895221,4.8092161,2024,,
NL-0082-04-24-2024-K20-0266.dw.png,NL-0082,53.0895221,4.8092161,2024,,
NL-0082-04-24-2024-K20-0267.dw.png,NL-0082,53.0895221,4.8092161,2024,,
NL-0082-04-24-2024-K20-0268.dw.png,NL-0082,53.0895221,4.8092161,2024,,
NL-0082-04-24-2024-K20-0269.dw.png,NL-0082,53.0895221,4.8092161,2024,,
NL-0082-04-24-2024-K20-0270.dw.png,NL-0082,53.0895221,4.8092161,2024,,
NL-0082-04-24-2024-K20-0271.dw.png,NL-0082,53.0895221,4.8092161,2024,,
NL-0082-04-24-2024-K20-0272.dw.png,NL-0082,53.0895221,4.8092161,2024,,
NL-0082-04-24-2024-K20-0273.dw.png,NL-0082,53.0895221,4.8092161,2024,,
NL-0082-04-24-2024-K20-0274.dw.png,NL-0082,53.0895221,4.8092161,2024,,
NL-0082-04-24-2024-K20-0275.dw.png,NL-0082,53.0895221,4.8092161,2024,,
NL-0082-04-24-2024-K20-0276.dw.png,NL-0082,53.0895221,4.8092161,2024,,
NL-0082-04-24-2024-K20-0277.dw.png,NL-0082,53.0895221,4.8092161,2024,,
NL-0082-04-24-2024-K20-0278.dw.png,NL-0082,53.0895221,4.8092161,2024,,
NL-0083-05-07-2024-K01-8367.dw.png,NL-0083,53.0895221,4.8092161,2024,,
NL-0083-05-07-2024-K01-8368.dw.png,NL-0083,53.0895221,4.8092161,2024,,
NL-0083-05-07-2024-K01-8369.dw.png,NL-0083,53.0895221,4.8092161,2024,,
NL-0083-05-07-2024-K01-8370.dw.png,NL-0083,53.0895221,4.8092161,2024,,
NL-0083-05-07-2024-K01-8371.dw.png,NL-0083,53.0895221,4.8092161,2024,,
NL-0083-05-07-2024-K01-8372.dw.png,NL-0083,53.0895221,4.8092161,2024,,
NL-0083-05-07-2024-K01-8373.dw.png,NL-0083,53.0895221,4.8092161,2024,,
NL-0083-05-07-2024-K01-8374.dw.png,NL-0083,53.0895221,4.8092161,2024,,
NL-0083-05-07-2024-K01-8375.dw.png,NL-0083,53.0895221,4.8092161,2024,,
NL-0083-05-07-2024-K01-8376.dw.png,NL-0083,53.0895221,4.8092161,2024,,
NL-0083-05-07-2024-K01-8377.dw.png,NL-0083,53.0895221,4.8092161,2024,,
NL-0083-05-07-2024-K01-8378.dw.png,NL-0083,53.0895221,4.8092161,2024,,
NL-0083-05-07-2024-K01-8379.dw.png,NL-0083,53.0895221,4.8092161,2024,,
NL-0083-05-07-2024-K01-8380.dw.png,NL-0083,53.0895221,4.8092161,2024,,
NL-0083-05-07-2024-K01-8381.dw.png,NL-0083,53.0895221,4.8092161,2024,,
NL-0083-05-07-2024-K01-8382.dw.png,NL-0083,53.0895221,4.8092161,2024,,
NL-0083-05-07-2024-K01-8383.dw.png,NL-0083,53.0895221,4.8092161,2024,,
NL-0083-05-07-2024-K01-8384.dw.png,NL-0083,53.0895221,4.8092161,2024,,
NL-0083-05-07-2024-K01-8385.dw.png,NL-0083,53.0895221,4.8092161,2024,,
NL-0083-05-07-2024-K01-8386.dw.png,NL-0083,53.0895221,4.8092161,2024,,
NL-0083-05-07-2024-K01-8387.dw.png,NL-0083,53.0895221,4.8092161,2024,,
NL-0083-05-07-2024-K01-8388.dw.png,NL-0083,53.0895221,4.8092161,2024,,
NL-0083-05-07-2024-K01-8389.dw.png,NL-0083,53.0895221,4.8092161,2024,,
NL-0083-05-07-2024-K01-8391.dw.png,NL-0083,53.0895221,4.8092161,2024,,
NL-0083-05-07-2024-K01-8392.dw.png,NL-0083,53.0895221,4.8092161,2024,,
NL-0083-05-07-2024-K01-8393.dw.png,NL-0083,53.0895221,4.8092161,2024,,
NL-0083-05-07-2024-K01-8394.dw.png,NL-0083,53.0895221,4.8092161,2024,,
NL-0083-05-07-2024-K01-8395.dw.png,NL-0083,53.0895221,4.8092161,2024,,
NL-0083-05-07-2024-K01-8396.dw.png,NL-0083,53.0895221,4.8092161,2024,,
NL-0083-05-07-2024-K01-8397.dw.png,NL-0083,53.0895221,4.8092161,2024,,
NL-0084-05-07-2024-K02-8333.dw.png,NL-0084,53.0895221,4.8092161,2024,,
NL-0084-05-07-2024-K02-8334.dw.png,NL-0084,53.0895221,4.8092161,2024,,
NL-0084-05-07-2024-K02-8335.dw.png,NL-0084,53.0895221,4.8092161,2024,,
NL-0084-05-07-2024-K02-8336.dw.png,NL-0084,53.0895221,4.8092161,2024,,
NL-0084-05-07-2024-K02-8337.dw.png,NL-0084,53.0895221,4.8092161,2024,,
NL-0084-05-07-2024-K02-8338.dw.png,NL-0084,53.0895221,4.8092161,2024,,
NL-0084-05-07-2024-K02-8339.dw.png,NL-0084,53.0895221,4.8092161,2024,,
NL-0084-05-07-2024-K02-8340.dw.png,NL-0084,53.0895221,4.8092161,2024,,
NL-0084-05-07-2024-K02-8341.dw.png,NL-0084,53.0895221,4.8092161,2024,,
NL-0084-05-07-2024-K02-8343.dw.png,NL-0084,53.0895221,4.8092161,2024,,
NL-0084-05-07-2024-K02-8344.dw.png,NL-0084,53.0895221,4.8092161,2024,,
NL-0084-05-07-2024-K02-8345.dw.png,NL-0084,53.0895221,4.8092161,2024,,
NL-0084-05-07-2024-K02-8346.dw.png,NL-0084,53.0895221,4.8092161,2024,,
NL-0084-05-07-2024-K02-8347.dw.png,NL-0084,53.0895221,4.8092161,2024,,
NL-0084-05-07-2024-K02-8348.dw.png,NL-0084,53.0895221,4.8092161,2024,,
NL-0084-05-07-2024-K02-8349.dw.png,NL-0084,53.0895221,4.8092161,2024,,
NL-0084-05-07-2024-K02-8350.dw.png,NL-0084,53.0895221,4.8092161,2024,,
NL-0084-05-07-2024-K02-8351.dw.png,NL-0084,53.0895221,4.8092161,2024,,
NL-0084-05-07-2024-K02-8353.dw.png,NL-0084,53.0895221,4.8092161,2024,,
NL-0084-05-07-2024-K02-8354.dw.png,NL-0084,53.0895221,4.8092161,2024,,
NL-0084-05-07-2024-K02-8355.dw.png,NL-0084,53.0895221,4.8092161,2024,,
NL-0084-05-07-2024-K02-8356.dw.png,NL-0084,53.0895221,4.8092161,2024,,
NL-0084-05-07-2024-K02-8357.dw.png,NL-0084,53.0895221,4.8092161,2024,,
NL-0084-05-07-2024-K02-8358.dw.png,NL-0084,53.0895221,4.8092161,2024,,
NL-0084-05-07-2024-K02-8360.dw.png,NL-0084,53.0895221,4.8092161,2024,,
NL-0084-05-07-2024-K02-8361.dw.png,NL-0084,53.0895221,4.8092161,2024,,
NL-0084-05-07-2024-K02-8362.dw.png,NL-0084,53.0895221,4.8092161,2024,,
NL-0084-05-07-2024-K02-8363.dw.png,NL-0084,53.0895221,4.8092161,2024,,
NL-0084-05-07-2024-K02-8364.dw.png,NL-0084,53.0895221,4.8092161,2024,,
NL-0085-05-07-2024-K03-8301.dw.png,NL-0085,53.0895221,4.8092161,2024,,
NL-0085-05-07-2024-K03-8302.dw.png,NL-0085,53.0895221,4.8092161,2024,,
NL-0085-05-07-2024-K03-8303.dw.png,NL-0085,53.0895221,4.8092161,2024,,
NL-0085-05-07-2024-K03-8304.dw.png,NL-0085,53.0895221,4.8092161,2024,,
NL-0085-05-07-2024-K03-8305.dw.png,NL-0085,53.0895221,4.8092161,2024,,
NL-0085-05-07-2024-K03-8306.dw.png,NL-0085,53.0895221,4.8092161,2024,,
NL-0085-05-07-2024-K03-8307.dw.png,NL-0085,53.0895221,4.8092161,2024,,
NL-0085-05-07-2024-K03-8308.dw.png,NL-0085,53.0895221,4.8092161,2024,,
NL-0085-05-07-2024-K03-8309.dw.png,NL-0085,53.0895221,4.8092161,2024,,
NL-0085-05-07-2024-K03-8310.dw.png,NL-0085,53.0895221,4.8092161,2024,,
NL-0085-05-07-2024-K03-8311.dw.png,NL-0085,53.0895221,4.8092161,2024,,
NL-0085-05-07-2024-K03-8312.dw.png,NL-0085,53.0895221,4.8092161,2024,,
NL-0085-05-07-2024-K03-8313.dw.png,NL-0085,53.0895221,4.8092161,2024,,
NL-0085-05-07-2024-K03-8314.dw.png,NL-0085,53.0895221,4.8092161,2024,,
NL-0085-05-07-2024-K03-8315.dw.png,NL-0085,53.0895221,4.8092161,2024,,
NL-0085-05-07-2024-K03-8316.dw.png,NL-0085,53.0895221,4.8092161,2024,,
NL-0085-05-07-2024-K03-8317.dw.png,NL-0085,53.0895221,4.8092161,2024,,
NL-0085-05-07-2024-K03-8318.dw.png,NL-0085,53.0895221,4.8092161,2024,,
NL-0085-05-07-2024-K03-8319.dw.png,NL-0085,53.0895221,4.8092161,2024,,
NL-0085-05-07-2024-K03-8320.dw.png,NL-0085,53.0895221,4.8092161,2024,,
NL-0085-05-07-2024-K03-8321.dw.png,NL-0085,53.0895221,4.8092161,2024,,
NL-0085-05-07-2024-K03-8322.dw.png,NL-0085,53.0895221,4.8092161,2024,,
NL-0085-05-07-2024-K03-8323.dw.png,NL-0085,53.0895221,4.8092161,2024,,
NL-0085-05-07-2024-K03-8324.dw.png,NL-0085,53.0895221,4.8092161,2024,,
NL-0085-05-07-2024-K03-8325.dw.png,NL-0085,53.0895221,4.8092161,2024,,
NL-0085-05-07-2024-K03-8326.dw.png,NL-0085,53.0895221,4.8092161,2024,,
NL-0085-05-07-2024-K03-8327.dw.png,NL-0085,53.0895221,4.8092161,2024,,
NL-0085-05-07-2024-K03-8328.dw.png,NL-0085,53.0895221,4.8092161,2024,,
NL-0085-05-07-2024-K03-8329.dw.png,NL-0085,53.0895221,4.8092161,2024,,
NL-0085-05-07-2024-K03-8330.dw.png,NL-0085,53.0895221,4.8092161,2024,,
NL-0086-05-07-2024-K04-8264.dw.png,NL-0086,53.0895221,4.8092161,2024,,
NL-0086-05-07-2024-K04-8265.dw.png,NL-0086,53.0895221,4.8092161,2024,,
NL-0086-05-07-2024-K04-8268.dw.png,NL-0086,53.0895221,4.8092161,2024,,
NL-0086-05-07-2024-K04-8269.dw.png,NL-0086,53.0895221,4.8092161,2024,,
NL-0086-05-07-2024-K04-8270.dw.png,NL-0086,53.0895221,4.8092161,2024,,
NL-0086-05-07-2024-K04-8271.dw.png,NL-0086,53.0895221,4.8092161,2024,,
NL-0086-05-07-2024-K04-8272.dw.png,NL-0086,53.0895221,4.8092161,2024,,
NL-0086-05-07-2024-K04-8273.dw.png,NL-0086,53.0895221,4.8092161,2024,,
NL-0086-05-07-2024-K04-8274.dw.png,NL-0086,53.0895221,4.8092161,2024,,
NL-0086-05-07-2024-K04-8275.dw.png,NL-0086,53.0895221,4.8092161,2024,,
NL-0086-05-07-2024-K04-8276.dw.png,NL-0086,53.0895221,4.8092161,2024,,
NL-0086-05-07-2024-K04-8277.dw.png,NL-0086,53.0895221,4.8092161,2024,,
NL-0086-05-07-2024-K04-8278.dw.png,NL-0086,53.0895221,4.8092161,2024,,
NL-0086-05-07-2024-K04-8279.dw.png,NL-0086,53.0895221,4.8092161,2024,,
NL-0086-05-07-2024-K04-8280.dw.png,NL-0086,53.0895221,4.8092161,2024,,
NL-0086-05-07-2024-K04-8281.dw.png,NL-0086,53.0895221,4.8092161,2024,,
NL-0086-05-07-2024-K04-8282.dw.png,NL-0086,53.0895221,4.8092161,2024,,
NL-0086-05-07-2024-K04-8283.dw.png,NL-0086,53.0895221,4.8092161,2024,,
NL-0086-05-07-2024-K04-8284.dw.png,NL-0086,53.0895221,4.8092161,2024,,
NL-0086-05-07-2024-K04-8285.dw.png,NL-0086,53.0895221,4.8092161,2024,,
NL-0086-05-07-2024-K04-8286.dw.png,NL-0086,53.0895221,4.8092161,2024,,
NL-0086-05-07-2024-K04-8287.dw.png,NL-0086,53.0895221,4.8092161,2024,,
NL-0086-05-07-2024-K04-8288.dw.png,NL-0086,53.0895221,4.8092161,2024,,
NL-0086-05-07-2024-K04-8289.dw.png,NL-0086,53.0895221,4.8092161,2024,,
NL-0086-05-07-2024-K04-8290.dw.png,NL-0086,53.0895221,4.8092161,2024,,
NL-0086-05-07-2024-K04-8291.dw.png,NL-0086,53.0895221,4.8092161,2024,,
NL-0086-05-07-2024-K04-8292.dw.png,NL-0086,53.0895221,4.8092161,2024,,
NL-0086-05-07-2024-K04-8293.dw.png,NL-0086,53.0895221,4.8092161,2024,,
NL-0086-05-07-2024-K04-8294.dw.png,NL-0086,53.0895221,4.8092161,2024,,
NL-0086-05-07-2024-K04-8296.dw.png,NL-0086,53.0895221,4.8092161,2024,,
NL-0087-05-07-2024-K06-8232.dw.png,NL-0087,53.0895221,4.8092161,2024,,
NL-0087-05-07-2024-K06-8233.dw.png,NL-0087,53.0895221,4.8092161,2024,,
NL-0087-05-07-2024-K06-8234.dw.png,NL-0087,53.0895221,4.8092161,2024,,
NL-0087-05-07-2024-K06-8235.dw.png,NL-0087,53.0895221,4.8092161,2024,,
NL-0087-05-07-2024-K06-8236.dw.png,NL-0087,53.0895221,4.8092161,2024,,
NL-0087-05-07-2024-K06-8237.dw.png,NL-0087,53.0895221,4.8092161,2024,,
NL-0087-05-07-2024-K06-8238.dw.png,NL-0087,53.0895221,4.8092161,2024,,
NL-0087-05-07-2024-K06-8239.dw.png,NL-0087,53.0895221,4.8092161,2024,,
NL-0087-05-07-2024-K06-8240.dw.png,NL-0087,53.0895221,4.8092161,2024,,
NL-0087-05-07-2024-K06-8241.dw.png,NL-0087,53.0895221,4.8092161,2024,,
NL-0087-05-07-2024-K06-8243.dw.png,NL-0087,53.0895221,4.8092161,2024,,
NL-0087-05-07-2024-K06-8244.dw.png,NL-0087,53.0895221,4.8092161,2024,,
NL-0087-05-07-2024-K06-8245.dw.png,NL-0087,53.0895221,4.8092161,2024,,
NL-0087-05-07-2024-K06-8246.dw.png,NL-0087,53.0895221,4.8092161,2024,,
NL-0087-05-07-2024-K06-8247.dw.png,NL-0087,53.0895221,4.8092161,2024,,
NL-0087-05-07-2024-K06-8248.dw.png,NL-0087,53.0895221,4.8092161,2024,,
NL-0087-05-07-2024-K06-8249.dw.png,NL-0087,53.0895221,4.8092161,2024,,
NL-0087-05-07-2024-K06-8250.dw.png,NL-0087,53.0895221,4.8092161,2024,,
NL-0087-05-07-2024-K06-8251.dw.png,NL-0087,53.0895221,4.8092161,2024,,
NL-0087-05-07-2024-K06-8253.dw.png,NL-0087,53.0895221,4.8092161,2024,,
NL-0087-05-07-2024-K06-8254.dw.png,NL-0087,53.0895221,4.8092161,2024,,
NL-0087-05-07-2024-K06-8255.dw.png,NL-0087,53.0895221,4.8092161,2024,,
NL-0087-05-07-2024-K06-8256.dw.png,NL-0087,53.0895221,4.8092161,2024,,
NL-0087-05-07-2024-K06-8257.dw.png,NL-0087,53.0895221,4.8092161,2024,,
NL-0087-05-07-2024-K06-8258.dw.png,NL-0087,53.0895221,4.8092161,2024,,
NL-0087-05-07-2024-K06-8259.dw.png,NL-0087,53.0895221,4.8092161,2024,,
NL-0087-05-07-2024-K06-8260.dw.png,NL-0087,53.0895221,4.8092161,2024,,
NL-0087-05-07-2024-K06-8261.dw.png,NL-0087,53.0895221,4.8092161,2024,,
NL-0087-05-07-2024-K06-8262.dw.png,NL-0087,53.0895221,4.8092161,2024,,
NL-0087-05-07-2024-K06-8263.dw.png,NL-0087,53.0895221,4.8092161,2024,,
NL-0088-05-07-2024-K07-8175.dw.png,NL-0088,53.0895221,4.8092161,2024,,
NL-0088-05-07-2024-K07-8176.dw.png,NL-0088,53.0895221,4.8092161,2024,,
NL-0088-05-07-2024-K07-8177.dw.png,NL-0088,53.0895221,4.8092161,2024,,
NL-0088-05-07-2024-K07-8178.dw.png,NL-0088,53.0895221,4.8092161,2024,,
NL-0088-05-07-2024-K07-8179.dw.png,NL-0088,53.0895221,4.8092161,2024,,
NL-0088-05-07-2024-K07-8180.dw.png,NL-0088,53.0895221,4.8092161,2024,,
NL-0088-05-07-2024-K07-8181.dw.png,NL-0088,53.0895221,4.8092161,2024,,
NL-0088-05-07-2024-K07-8182.dw.png,NL-0088,53.0895221,4.8092161,2024,,
NL-0088-05-07-2024-K07-8183.dw.png,NL-0088,53.0895221,4.8092161,2024,,
NL-0088-05-07-2024-K07-8184.dw.png,NL-0088,53.0895221,4.8092161,2024,,
NL-0088-05-07-2024-K07-8185.dw.png,NL-0088,53.0895221,4.8092161,2024,,
NL-0088-05-07-2024-K07-8186.dw.png,NL-0088,53.0895221,4.8092161,2024,,
NL-0088-05-07-2024-K07-8187.dw.png,NL-0088,53.0895221,4.8092161,2024,,
NL-0088-05-07-2024-K07-8188.dw.png,NL-0088,53.0895221,4.8092161,2024,,
NL-0088-05-07-2024-K07-8189.dw.png,NL-0088,53.0895221,4.8092161,2024,,
NL-0088-05-07-2024-K07-8190.dw.png,NL-0088,53.0895221,4.8092161,2024,,
NL-0088-05-07-2024-K07-8191.dw.png,NL-0088,53.0895221,4.8092161,2024,,
NL-0088-05-07-2024-K07-8192.dw.png,NL-0088,53.0895221,4.8092161,2024,,
NL-0088-05-07-2024-K07-8193.dw.png,NL-0088,53.0895221,4.8092161,2024,,
NL-0088-05-07-2024-K07-8194.dw.png,NL-0088,53.0895221,4.8092161,2024,,
NL-0088-05-07-2024-K07-8195.dw.png,NL-0088,53.0895221,4.8092161,2024,,
NL-0088-05-07-2024-K07-8196.dw.png,NL-0088,53.0895221,4.8092161,2024,,
NL-0088-05-07-2024-K07-8197.dw.png,NL-0088,53.0895221,4.8092161,2024,,
NL-0088-05-07-2024-K07-8198.dw.png,NL-0088,53.0895221,4.8092161,2024,,
NL-0088-05-07-2024-K07-8199.dw.png,NL-0088,53.0895221,4.8092161,2024,,
NL-0088-05-07-2024-K07-8200.dw.png,NL-0088,53.0895221,4.8092161,2024,,
NL-0088-05-07-2024-K07-8201.dw.png,NL-0088,53.0895221,4.8092161,2024,,
NL-0088-05-07-2024-K07-8202.dw.png,NL-0088,53.0895221,4.8092161,2024,,
NL-0088-05-07-2024-K07-8203.dw.png,NL-0088,53.0895221,4.8092161,2024,,
NL-0088-05-07-2024-K07-8204.dw.png,NL-0088,53.0895221,4.8092161,2024,,
NL-0089-05-07-2024-K08-8140.dw.png,NL-0089,53.0895221,4.8092161,2024,,
NL-0089-05-07-2024-K08-8141.dw.png,NL-0089,53.0895221,4.8092161,2024,,
NL-0089-05-07-2024-K08-8142.dw.png,NL-0089,53.0895221,4.8092161,2024,,
NL-0089-05-07-2024-K08-8143.dw.png,NL-0089,53.0895221,4.8092161,2024,,
NL-0089-05-07-2024-K08-8144.dw.png,NL-0089,53.0895221,4.8092161,2024,,
NL-0089-05-07-2024-K08-8145.dw.png,NL-0089,53.0895221,4.8092161,2024,,
NL-0089-05-07-2024-K08-8146.dw.png,NL-0089,53.0895221,4.8092161,2024,,
NL-0089-05-07-2024-K08-8147.dw.png,NL-0089,53.0895221,4.8092161,2024,,
NL-0089-05-07-2024-K08-8148.dw.png,NL-0089,53.0895221,4.8092161,2024,,
NL-0089-05-07-2024-K08-8149.dw.png,NL-0089,53.0895221,4.8092161,2024,,
NL-0089-05-07-2024-K08-8150.dw.png,NL-0089,53.0895221,4.8092161,2024,,
NL-0089-05-07-2024-K08-8151.dw.png,NL-0089,53.0895221,4.8092161,2024,,
NL-0089-05-07-2024-K08-8152.dw.png,NL-0089,53.0895221,4.8092161,2024,,
NL-0089-05-07-2024-K08-8153.dw.png,NL-0089,53.0895221,4.8092161,2024,,
NL-0089-05-07-2024-K08-8154.dw.png,NL-0089,53.0895221,4.8092161,2024,,
NL-0089-05-07-2024-K08-8155.dw.png,NL-0089,53.0895221,4.8092161,2024,,
NL-0089-05-07-2024-K08-8156.dw.png,NL-0089,53.0895221,4.8092161,2024,,
NL-0089-05-07-2024-K08-8157.dw.png,NL-0089,53.0895221,4.8092161,2024,,
NL-0089-05-07-2024-K08-8158.dw.png,NL-0089,53.0895221,4.8092161,2024,,
NL-0089-05-07-2024-K08-8159.dw.png,NL-0089,53.0895221,4.8092161,2024,,
NL-0089-05-07-2024-K08-8160.dw.png,NL-0089,53.0895221,4.8092161,2024,,
NL-0089-05-07-2024-K08-8161.dw.png,NL-0089,53.0895221,4.8092161,2024,,
NL-0089-05-07-2024-K08-8162.dw.png,NL-0089,53.0895221,4.8092161,2024,,
NL-0089-05-07-2024-K08-8163.dw.png,NL-0089,53.0895221,4.8092161,2024,,
NL-0089-05-07-2024-K08-8164.dw.png,NL-0089,53.0895221,4.8092161,2024,,
NL-0089-05-07-2024-K08-8165.dw.png,NL-0089,53.0895221,4.8092161,2024,,
NL-0089-05-07-2024-K08-8166.dw.png,NL-0089,53.0895221,4.8092161,2024,,
NL-0089-05-07-2024-K08-8167.dw.png,NL-0089,53.0895221,4.8092161,2024,,
NL-0089-05-07-2024-K08-8168.dw.png,NL-0089,53.0895221,4.8092161,2024,,
NL-0089-05-07-2024-K08-8169.dw.png,NL-0089,53.0895221,4.8092161,2024,,
NL-0090-05-07-2024-K09-8107.dw.png,NL-0090,53.0895221,4.8092161,2024,,
NL-0090-05-07-2024-K09-8108.dw.png,NL-0090,53.0895221,4.8092161,2024,,
NL-0090-05-07-2024-K09-8109.dw.png,NL-0090,53.0895221,4.8092161,2024,,
NL-0090-05-07-2024-K09-8110.dw.png,NL-0090,53.0895221,4.8092161,2024,,
NL-0090-05-07-2024-K09-8111.dw.png,NL-0090,53.0895221,4.8092161,2024,,
NL-0090-05-07-2024-K09-8112.dw.png,NL-0090,53.0895221,4.8092161,2024,,
NL-0090-05-07-2024-K09-8113.dw.png,NL-0090,53.0895221,4.8092161,2024,,
NL-0090-05-07-2024-K09-8114.dw.png,NL-0090,53.0895221,4.8092161,2024,,
NL-0090-05-07-2024-K09-8115.dw.png,NL-0090,53.0895221,4.8092161,2024,,
NL-0090-05-07-2024-K09-8116.dw.png,NL-0090,53.0895221,4.8092161,2024,,
NL-0090-05-07-2024-K09-8117.dw.png,NL-0090,53.0895221,4.8092161,2024,,
NL-0090-05-07-2024-K09-8118.dw.png,NL-0090,53.0895221,4.8092161,2024,,
NL-0090-05-07-2024-K09-8119.dw.png,NL-0090,53.0895221,4.8092161,2024,,
NL-0090-05-07-2024-K09-8120.dw.png,NL-0090,53.0895221,4.8092161,2024,,
NL-0090-05-07-2024-K09-8121.dw.png,NL-0090,53.0895221,4.8092161,2024,,
NL-0090-05-07-2024-K09-8122.dw.png,NL-0090,53.0895221,4.8092161,2024,,
NL-0090-05-07-2024-K09-8123.dw.png,NL-0090,53.0895221,4.8092161,2024,,
NL-0090-05-07-2024-K09-8124.dw.png,NL-0090,53.0895221,4.8092161,2024,,
NL-0090-05-07-2024-K09-8125.dw.png,NL-0090,53.0895221,4.8092161,2024,,
NL-0090-05-07-2024-K09-8126.dw.png,NL-0090,53.0895221,4.8092161,2024,,
NL-0090-05-07-2024-K09-8127.dw.png,NL-0090,53.0895221,4.8092161,2024,,
NL-0090-05-07-2024-K09-8128.dw.png,NL-0090,53.0895221,4.8092161,2024,,
NL-0090-05-07-2024-K09-8129.dw.png,NL-0090,53.0895221,4.8092161,2024,,
NL-0090-05-07-2024-K09-8130.dw.png,NL-0090,53.0895221,4.8092161,2024,,
NL-0090-05-07-2024-K09-8131.dw.png,NL-0090,53.0895221,4.8092161,2024,,
NL-0090-05-07-2024-K09-8132.dw.png,NL-0090,53.0895221,4.8092161,2024,,
NL-0090-05-07-2024-K09-8133.dw.png,NL-0090,53.0895221,4.8092161,2024,,
NL-0090-05-07-2024-K09-8134.dw.png,NL-0090,53.0895221,4.8092161,2024,,
NL-0090-05-07-2024-K09-8135.dw.png,NL-0090,53.0895221,4.8092161,2024,,
NL-0090-05-07-2024-K09-8136.dw.png,NL-0090,53.0895221,4.8092161,2024,,
NL-0091-05-07-2024-K10-8436.dw.png,NL-0091,53.0895221,4.8092161,2024,,
NL-0091-05-07-2024-K10-8437.dw.png,NL-0091,53.0895221,4.8092161,2024,,
NL-0091-05-07-2024-K10-8438.dw.png,NL-0091,53.0895221,4.8092161,2024,,
NL-0091-05-07-2024-K10-8439.dw.png,NL-0091,53.0895221,4.8092161,2024,,
NL-0091-05-07-2024-K10-8440.dw.png,NL-0091,53.0895221,4.8092161,2024,,
NL-0091-05-07-2024-K10-8441.dw.png,NL-0091,53.0895221,4.8092161,2024,,
NL-0091-05-07-2024-K10-8442.dw.png,NL-0091,53.0895221,4.8092161,2024,,
NL-0091-05-07-2024-K10-8443.dw.png,NL-0091,53.0895221,4.8092161,2024,,
NL-0091-05-07-2024-K10-8444.dw.png,NL-0091,53.0895221,4.8092161,2024,,
NL-0091-05-07-2024-K10-8445.dw.png,NL-0091,53.0895221,4.8092161,2024,,
NL-0091-05-07-2024-K10-8446.dw.png,NL-0091,53.0895221,4.8092161,2024,,
NL-0091-05-07-2024-K10-8447.dw.png,NL-0091,53.0895221,4.8092161,2024,,
NL-0091-05-07-2024-K10-8449.dw.png,NL-0091,53.0895221,4.8092161,2024,,
NL-0091-05-07-2024-K10-8450.dw.png,NL-0091,53.0895221,4.8092161,2024,,
NL-0091-05-07-2024-K10-8451.dw.png,NL-0091,53.0895221,4.8092161,2024,,
NL-0091-05-07-2024-K10-8452.dw.png,NL-0091,53.0895221,4.8092161,2024,,
NL-0091-05-07-2024-K10-8453.dw.png,NL-0091,53.0895221,4.8092161,2024,,
NL-0091-05-07-2024-K10-8454.dw.png,NL-0091,53.0895221,4.8092161,2024,,
NL-0091-05-07-2024-K10-8455.dw.png,NL-0091,53.0895221,4.8092161,2024,,
NL-0091-05-07-2024-K10-8456.dw.png,NL-0091,53.0895221,4.8092161,2024,,
NL-0091-05-07-2024-K10-8458.dw.png,NL-0091,53.0895221,4.8092161,2024,,
NL-0091-05-07-2024-K10-8459.dw.png,NL-0091,53.0895221,4.8092161,2024,,
NL-0091-05-07-2024-K10-8461.dw.png,NL-0091,53.0895221,4.8092161,2024,,
NL-0091-05-07-2024-K10-8462.dw.png,NL-0091,53.0895221,4.8092161,2024,,
NL-0091-05-07-2024-K10-8463.dw.png,NL-0091,53.0895221,4.8092161,2024,,
NL-0091-05-07-2024-K10-8464.dw.png,NL-0091,53.0895221,4.8092161,2024,,
NL-0091-05-07-2024-K10-8465.dw.png,NL-0091,53.0895221,4.8092161,2024,,
NL-0091-05-07-2024-K10-8466.dw.png,NL-0091,53.0895221,4.8092161,2024,,
NL-0091-05-07-2024-K10-8467.dw.png,NL-0091,53.0895221,4.8092161,2024,,
NL-0092-05-07-2024-K11-8402.dw.png,NL-0092,53.0895221,4.8092161,2024,,
NL-0092-05-07-2024-K11-8403.dw.png,NL-0092,53.0895221,4.8092161,2024,,
NL-0092-05-07-2024-K11-8405.dw.png,NL-0092,53.0895221,4.8092161,2024,,
NL-0092-05-07-2024-K11-8406.dw.png,NL-0092,53.0895221,4.8092161,2024,,
NL-0092-05-07-2024-K11-8407.dw.png,NL-0092,53.0895221,4.8092161,2024,,
NL-0092-05-07-2024-K11-8408.dw.png,NL-0092,53.0895221,4.8092161,2024,,
NL-0092-05-07-2024-K11-8409.dw.png,NL-0092,53.0895221,4.8092161,2024,,
NL-0092-05-07-2024-K11-8410.dw.png,NL-0092,53.0895221,4.8092161,2024,,
NL-0092-05-07-2024-K11-8411.dw.png,NL-0092,53.0895221,4.8092161,2024,,
NL-0092-05-07-2024-K11-8412.dw.png,NL-0092,53.0895221,4.8092161,2024,,
NL-0092-05-07-2024-K11-8413.dw.png,NL-0092,53.0895221,4.8092161,2024,,
NL-0092-05-07-2024-K11-8414.dw.png,NL-0092,53.0895221,4.8092161,2024,,
NL-0092-05-07-2024-K11-8415.dw.png,NL-0092,53.0895221,4.8092161,2024,,
NL-0092-05-07-2024-K11-8416.dw.png,NL-0092,53.0895221,4.8092161,2024,,
NL-0092-05-07-2024-K11-8417.dw.png,NL-0092,53.0895221,4.8092161,2024,,
NL-0092-05-07-2024-K11-8418.dw.png,NL-0092,53.0895221,4.8092161,2024,,
NL-0092-05-07-2024-K11-8419.dw.png,NL-0092,53.0895221,4.8092161,2024,,
NL-0092-05-07-2024-K11-8420.dw.png,NL-0092,53.0895221,4.8092161,2024,,
NL-0092-05-07-2024-K11-8421.dw.png,NL-0092,53.0895221,4.8092161,2024,,
NL-0092-05-07-2024-K11-8422.dw.png,NL-0092,53.0895221,4.8092161,2024,,
NL-0092-05-07-2024-K11-8423.dw.png,NL-0092,53.0895221,4.8092161,2024,,
NL-0092-05-07-2024-K11-8424.dw.png,NL-0092,53.0895221,4.8092161,2024,,
NL-0092-05-07-2024-K11-8425.dw.png,NL-0092,53.0895221,4.8092161,2024,,
NL-0092-05-07-2024-K11-8426.dw.png,NL-0092,53.0895221,4.8092161,2024,,
NL-0092-05-07-2024-K11-8427.dw.png,NL-0092,53.0895221,4.8092161,2024,,
NL-0092-05-07-2024-K11-8428.dw.png,NL-0092,53.0895221,4.8092161,2024,,
NL-0092-05-07-2024-K11-8430.dw.png,NL-0092,53.0895221,4.8092161,2024,,
NL-0092-05-07-2024-K11-8431.dw.png,NL-0092,53.0895221,4.8092161,2024,,
NL-0092-05-07-2024-K11-8433.dw.png,NL-0092,53.0895221,4.8092161,2024,,
NL-0092-05-07-2024-K11-8434.dw.png,NL-0092,53.0895221,4.8092161,2024,,
NL-0093-05-07-2024-K12-8502.dw.png,NL-0093,53.0895221,4.8092161,2024,,
NL-0093-05-07-2024-K12-8503.dw.png,NL-0093,53.0895221,4.8092161,2024,,
NL-0093-05-07-2024-K12-8504.dw.png,NL-0093,53.0895221,4.8092161,2024,,
NL-0093-05-07-2024-K12-8506.dw.png,NL-0093,53.0895221,4.8092161,2024,,
NL-0093-05-07-2024-K12-8507.dw.png,NL-0093,53.0895221,4.8092161,2024,,
NL-0093-05-07-2024-K12-8508.dw.png,NL-0093,53.0895221,4.8092161,2024,,
NL-0093-05-07-2024-K12-8509.dw.png,NL-0093,53.0895221,4.8092161,2024,,
NL-0093-05-07-2024-K12-8510.dw.png,NL-0093,53.0895221,4.8092161,2024,,
NL-0093-05-07-2024-K12-8511.dw.png,NL-0093,53.0895221,4.8092161,2024,,
NL-0093-05-07-2024-K12-8512.dw.png,NL-0093,53.0895221,4.8092161,2024,,
NL-0093-05-07-2024-K12-8513.dw.png,NL-0093,53.0895221,4.8092161,2024,,
NL-0093-05-07-2024-K12-8514.dw.png,NL-0093,53.0895221,4.8092161,2024,,
NL-0093-05-07-2024-K12-8515.dw.png,NL-0093,53.0895221,4.8092161,2024,,
NL-0093-05-07-2024-K12-8516.dw.png,NL-0093,53.0895221,4.8092161,2024,,
NL-0093-05-07-2024-K12-8517.dw.png,NL-0093,53.0895221,4.8092161,2024,,
NL-0093-05-07-2024-K12-8518.dw.png,NL-0093,53.0895221,4.8092161,2024,,
NL-0093-05-07-2024-K12-8519.dw.png,NL-0093,53.0895221,4.8092161,2024,,
NL-0093-05-07-2024-K12-8520.dw.png,NL-0093,53.0895221,4.8092161,2024,,
NL-0093-05-07-2024-K12-8521.dw.png,NL-0093,53.0895221,4.8092161,2024,,
NL-0093-05-07-2024-K12-8522.dw.png,NL-0093,53.0895221,4.8092161,2024,,
NL-0093-05-07-2024-K12-8523.dw.png,NL-0093,53.0895221,4.8092161,2024,,
NL-0093-05-07-2024-K12-8524.dw.png,NL-0093,53.0895221,4.8092161,2024,,
NL-0093-05-07-2024-K12-8525.dw.png,NL-0093,53.0895221,4.8092161,2024,,
NL-0093-05-07-2024-K12-8526.dw.png,NL-0093,53.0895221,4.8092161,2024,,
NL-0093-05-07-2024-K12-8527.dw.png,NL-0093,53.0895221,4.8092161,2024,,
NL-0093-05-07-2024-K12-8528.dw.png,NL-0093,53.0895221,4.8092161,2024,,
NL-0093-05-07-2024-K12-8529.dw.png,NL-0093,53.0895221,4.8092161,2024,,
NL-0093-05-07-2024-K12-8530.dw.png,NL-0093,53.0895221,4.8092161,2024,,
NL-0093-05-07-2024-K12-8531.dw.png,NL-0093,53.0895221,4.8092161,2024,,
NL-0094-05-07-2024-K13-8471.dw.png,NL-0094,53.0895221,4.8092161,2024,,
NL-0094-05-07-2024-K13-8472.dw.png,NL-0094,53.0895221,4.8092161,2024,,
NL-0094-05-07-2024-K13-8473.dw.png,NL-0094,53.0895221,4.8092161,2024,,
NL-0094-05-07-2024-K13-8474.dw.png,NL-0094,53.0895221,4.8092161,2024,,
NL-0094-05-07-2024-K13-8475.dw.png,NL-0094,53.0895221,4.8092161,2024,,
NL-0094-05-07-2024-K13-8476.dw.png,NL-0094,53.0895221,4.8092161,2024,,
NL-0094-05-07-2024-K13-8477.dw.png,NL-0094,53.0895221,4.8092161,2024,,
NL-0094-05-07-2024-K13-8478.dw.png,NL-0094,53.0895221,4.8092161,2024,,
NL-0094-05-07-2024-K13-8479.dw.png,NL-0094,53.0895221,4.8092161,2024,,
NL-0094-05-07-2024-K13-8480.dw.png,NL-0094,53.0895221,4.8092161,2024,,
NL-0094-05-07-2024-K13-8481.dw.png,NL-0094,53.0895221,4.8092161,2024,,
NL-0094-05-07-2024-K13-8482.dw.png,NL-0094,53.0895221,4.8092161,2024,,
NL-0094-05-07-2024-K13-8483.dw.png,NL-0094,53.0895221,4.8092161,2024,,
NL-0094-05-07-2024-K13-8484.dw.png,NL-0094,53.0895221,4.8092161,2024,,
NL-0094-05-07-2024-K13-8485.dw.png,NL-0094,53.0895221,4.8092161,2024,,
NL-0094-05-07-2024-K13-8486.dw.png,NL-0094,53.0895221,4.8092161,2024,,
NL-0094-05-07-2024-K13-8487.dw.png,NL-0094,53.0895221,4.8092161,2024,,
NL-0094-05-07-2024-K13-8488.dw.png,NL-0094,53.0895221,4.8092161,2024,,
NL-0094-05-07-2024-K13-8489.dw.png,NL-0094,53.0895221,4.8092161,2024,,
NL-0094-05-07-2024-K13-8490.dw.png,NL-0094,53.0895221,4.8092161,2024,,
NL-0094-05-07-2024-K13-8491.dw.png,NL-0094,53.0895221,4.8092161,2024,,
NL-0094-05-07-2024-K13-8492.dw.png,NL-0094,53.0895221,4.8092161,2024,,
NL-0094-05-07-2024-K13-8493.dw.png,NL-0094,53.0895221,4.8092161,2024,,
NL-0094-05-07-2024-K13-8494.dw.png,NL-0094,53.0895221,4.8092161,2024,,
NL-0094-05-07-2024-K13-8495.dw.png,NL-0094,53.0895221,4.8092161,2024,,
NL-0094-05-07-2024-K13-8496.dw.png,NL-0094,53.0895221,4.8092161,2024,,
NL-0094-05-07-2024-K13-8497.dw.png,NL-0094,53.0895221,4.8092161,2024,,
NL-0094-05-07-2024-K13-8498.dw.png,NL-0094,53.0895221,4.8092161,2024,,
NL-0094-05-07-2024-K13-8499.dw.png,NL-0094,53.0895221,4.8092161,2024,,
NL-0094-05-07-2024-K13-8500.dw.png,NL-0094,53.0895221,4.8092161,2024,,
NL-0095-10-18-2024-K01-0350.dw.png,NL-0095,53.0895221,4.8092161,2024,,
NL-0095-10-18-2024-K01-0351.dw.png,NL-0095,53.0895221,4.8092161,2024,,
NL-0095-10-18-2024-K01-0352.dw.png,NL-0095,53.0895221,4.8092161,2024,,
NL-0095-10-18-2024-K01-0353.dw.png,NL-0095,53.0895221,4.8092161,2024,,
NL-0095-10-18-2024-K01-0354.dw.png,NL-0095,53.0895221,4.8092161,2024,,
NL-0095-10-18-2024-K01-0355.dw.png,NL-0095,53.0895221,4.8092161,2024,,
NL-0095-10-18-2024-K01-0356.dw.png,NL-0095,53.0895221,4.8092161,2024,,
NL-0095-10-18-2024-K01-0357.dw.png,NL-0095,53.0895221,4.8092161,2024,,
NL-0095-10-18-2024-K01-0358.dw.png,NL-0095,53.0895221,4.8092161,2024,,
NL-0095-10-18-2024-K01-0359.dw.png,NL-0095,53.0895221,4.8092161,2024,,
NL-0095-10-18-2024-K01-0360.dw.png,NL-0095,53.0895221,4.8092161,2024,,
NL-0095-10-18-2024-K01-0361.dw.png,NL-0095,53.0895221,4.8092161,2024,,
NL-0095-10-18-2024-K01-0362.dw.png,NL-0095,53.0895221,4.8092161,2024,,
NL-0095-10-18-2024-K01-0363.dw.png,NL-0095,53.0895221,4.8092161,2024,,
NL-0095-10-18-2024-K01-0364.dw.png,NL-0095,53.0895221,4.8092161,2024,,
NL-0095-10-18-2024-K01-0365.dw.png,NL-0095,53.0895221,4.8092161,2024,,
NL-0095-10-18-2024-K01-0366.dw.png,NL-0095,53.0895221,4.8092161,2024,,
NL-0095-10-18-2024-K01-0367.dw.png,NL-0095,53.0895221,4.8092161,2024,,
NL-0095-10-18-2024-K01-0368.dw.png,NL-0095,53.0895221,4.8092161,2024,,
NL-0095-10-18-2024-K01-0369.dw.png,NL-0095,53.0895221,4.8092161,2024,,
NL-0095-10-18-2024-K01-0370.dw.png,NL-0095,53.0895221,4.8092161,2024,,
NL-0095-10-18-2024-K01-0371.dw.png,NL-0095,53.0895221,4.8092161,2024,,
NL-0095-10-18-2024-K01-0372.dw.png,NL-0095,53.0895221,4.8092161,2024,,
NL-0095-10-18-2024-K01-0373.dw.png,NL-0095,53.0895221,4.8092161,2024,,
NL-0095-10-18-2024-K01-0374.dw.png,NL-0095,53.0895221,4.8092161,2024,,
NL-0095-10-18-2024-K01-0375.dw.png,NL-0095,53.0895221,4.8092161,2024,,
NL-0095-10-18-2024-K01-0378.dw.png,NL-0095,53.0895221,4.8092161,2024,,
NL-0095-10-18-2024-K01-0379.dw.png,NL-0095,53.0895221,4.8092161,2024,,
NL-0095-10-18-2024-K01-0380.dw.png,NL-0095,53.0895221,4.8092161,2024,,
NL-0095-10-18-2024-K01-0381.dw.png,NL-0095,53.0895221,4.8092161,2024,,
NL-0096-10-18-2024-K02-0386.dw.png,NL-0096,53.0895221,4.8092161,2024,,
NL-0096-10-18-2024-K02-0387.dw.png,NL-0096,53.0895221,4.8092161,2024,,
NL-0096-10-18-2024-K02-0388.dw.png,NL-0096,53.0895221,4.8092161,2024,,
NL-0096-10-18-2024-K02-0389.dw.png,NL-0096,53.0895221,4.8092161,2024,,
NL-0096-10-18-2024-K02-0390.dw.png,NL-0096,53.0895221,4.8092161,2024,,
NL-0096-10-18-2024-K02-0391.dw.png,NL-0096,53.0895221,4.8092161,2024,,
NL-0096-10-18-2024-K02-0392.dw.png,NL-0096,53.0895221,4.8092161,2024,,
NL-0096-10-18-2024-K02-0393.dw.png,NL-0096,53.0895221,4.8092161,2024,,
NL-0096-10-18-2024-K02-0394.dw.png,NL-0096,53.0895221,4.8092161,2024,,
NL-0096-10-18-2024-K02-0395.dw.png,NL-0096,53.0895221,4.8092161,2024,,
NL-0096-10-18-2024-K02-0396.dw.png,NL-0096,53.0895221,4.8092161,2024,,
NL-0096-10-18-2024-K02-0397.dw.png,NL-0096,53.0895221,4.8092161,2024,,
NL-0096-10-18-2024-K02-0398.dw.png,NL-0096,53.0895221,4.8092161,2024,,
NL-0096-10-18-2024-K02-0399.dw.png,NL-0096,53.0895221,4.8092161,2024,,
NL-0096-10-18-2024-K02-0400.dw.png,NL-0096,53.0895221,4.8092161,2024,,
NL-0096-10-18-2024-K02-0401.dw.png,NL-0096,53.0895221,4.8092161,2024,,
NL-0096-10-18-2024-K02-0402.dw.png,NL-0096,53.0895221,4.8092161,2024,,
NL-0096-10-18-2024-K02-0403.dw.png,NL-0096,53.0895221,4.8092161,2024,,
NL-0096-10-18-2024-K02-0404.dw.png,NL-0096,53.0895221,4.8092161,2024,,
NL-0096-10-18-2024-K02-0405.dw.png,NL-0096,53.0895221,4.8092161,2024,,
NL-0096-10-18-2024-K02-0406.dw.png,NL-0096,53.0895221,4.8092161,2024,,
NL-0096-10-18-2024-K02-0407.dw.png,NL-0096,53.0895221,4.8092161,2024,,
NL-0096-10-18-2024-K02-0408.dw.png,NL-0096,53.0895221,4.8092161,2024,,
NL-0096-10-18-2024-K02-0409.dw.png,NL-0096,53.0895221,4.8092161,2024,,
NL-0096-10-18-2024-K02-0411.dw.png,NL-0096,53.0895221,4.8092161,2024,,
NL-0096-10-18-2024-K02-0412.dw.png,NL-0096,53.0895221,4.8092161,2024,,
NL-0096-10-18-2024-K02-0413.dw.png,NL-0096,53.0895221,4.8092161,2024,,
NL-0096-10-18-2024-K02-0414.dw.png,NL-0096,53.0895221,4.8092161,2024,,
NL-0096-10-18-2024-K02-0415.dw.png,NL-0096,53.0895221,4.8092161,2024,,
NL-0096-10-18-2024-K02-0416.dw.png,NL-0096,53.0895221,4.8092161,2024,,
NL-0097-10-18-2024-K03-0420.dw.png,NL-0097,53.0895221,4.8092161,2024,,
NL-0097-10-18-2024-K03-0421.dw.png,NL-0097,53.0895221,4.8092161,2024,,
NL-0097-10-18-2024-K03-0422.dw.png,NL-0097,53.0895221,4.8092161,2024,,
NL-0097-10-18-2024-K03-0423.dw.png,NL-0097,53.0895221,4.8092161,2024,,
NL-0097-10-18-2024-K03-0424.dw.png,NL-0097,53.0895221,4.8092161,2024,,
NL-0097-10-18-2024-K03-0425.dw.png,NL-0097,53.0895221,4.8092161,2024,,
NL-0097-10-18-2024-K03-0426.dw.png,NL-0097,53.0895221,4.8092161,2024,,
NL-0097-10-18-2024-K03-0427.dw.png,NL-0097,53.0895221,4.8092161,2024,,
NL-0097-10-18-2024-K03-0428.dw.png,NL-0097,53.0895221,4.8092161,2024,,
NL-0097-10-18-2024-K03-0429.dw.png,NL-0097,53.0895221,4.8092161,2024,,
NL-0097-10-18-2024-K03-0430.dw.png,NL-0097,53.0895221,4.8092161,2024,,
NL-0097-10-18-2024-K03-0431.dw.png,NL-0097,53.0895221,4.8092161,2024,,
NL-0097-10-18-2024-K03-0432.dw.png,NL-0097,53.0895221,4.8092161,2024,,
NL-0097-10-18-2024-K03-0433.dw.png,NL-0097,53.0895221,4.8092161,2024,,
NL-0097-10-18-2024-K03-0434.dw.png,NL-0097,53.0895221,4.8092161,2024,,
NL-0097-10-18-2024-K03-0435.dw.png,NL-0097,53.0895221,4.8092161,2024,,
NL-0097-10-18-2024-K03-0436.dw.png,NL-0097,53.0895221,4.8092161,2024,,
NL-0097-10-18-2024-K03-0437.dw.png,NL-0097,53.0895221,4.8092161,2024,,
NL-0097-10-18-2024-K03-0438.dw.png,NL-0097,53.0895221,4.8092161,2024,,
NL-0097-10-18-2024-K03-0439.dw.png,NL-0097,53.0895221,4.8092161,2024,,
NL-0097-10-18-2024-K03-0440.dw.png,NL-0097,53.0895221,4.8092161,2024,,
NL-0097-10-18-2024-K03-0441.dw.png,NL-0097,53.0895221,4.8092161,2024,,
NL-0097-10-18-2024-K03-0442.dw.png,NL-0097,53.0895221,4.8092161,2024,,
NL-0097-10-18-2024-K03-0443.dw.png,NL-0097,53.0895221,4.8092161,2024,,
NL-0097-10-18-2024-K03-0444.dw.png,NL-0097,53.0895221,4.8092161,2024,,
NL-0097-10-18-2024-K03-0445.dw.png,NL-0097,53.0895221,4.8092161,2024,,
NL-0097-10-18-2024-K03-0446.dw.png,NL-0097,53.0895221,4.8092161,2024,,
NL-0097-10-18-2024-K03-0447.dw.png,NL-0097,53.0895221,4.8092161,2024,,
NL-0097-10-18-2024-K03-0448.dw.png,NL-0097,53.0895221,4.8092161,2024,,
NL-0097-10-18-2024-K03-0449.dw.png,NL-0097,53.0895221,4.8092161,2024,,
NL-0098-10-18-2024-K04-0454.dw.png,NL-0098,53.0895221,4.8092161,2024,,
NL-0098-10-18-2024-K04-0455.dw.png,NL-0098,53.0895221,4.8092161,2024,,
NL-0098-10-18-2024-K04-0458.dw.png,NL-0098,53.0895221,4.8092161,2024,,
NL-0098-10-18-2024-K04-0459.dw.png,NL-0098,53.0895221,4.8092161,2024,,
NL-0098-10-18-2024-K04-0460.dw.png,NL-0098,53.0895221,4.8092161,2024,,
NL-0098-10-18-2024-K04-0461.dw.png,NL-0098,53.0895221,4.8092161,2024,,
NL-0098-10-18-2024-K04-0462.dw.png,NL-0098,53.0895221,4.8092161,2024,,
NL-0098-10-18-2024-K04-0463.dw.png,NL-0098,53.0895221,4.8092161,2024,,
NL-0098-10-18-2024-K04-0464.dw.png,NL-0098,53.0895221,4.8092161,2024,,
NL-0098-10-18-2024-K04-0465.dw.png,NL-0098,53.0895221,4.8092161,2024,,
NL-0098-10-18-2024-K04-0466.dw.png,NL-0098,53.0895221,4.8092161,2024,,
NL-0098-10-18-2024-K04-0467.dw.png,NL-0098,53.0895221,4.8092161,2024,,
NL-0098-10-18-2024-K04-0468.dw.png,NL-0098,53.0895221,4.8092161,2024,,
NL-0098-10-18-2024-K04-0469.dw.png,NL-0098,53.0895221,4.8092161,2024,,
NL-0098-10-18-2024-K04-0470.dw.png,NL-0098,53.0895221,4.8092161,2024,,
NL-0098-10-18-2024-K04-0471.dw.png,NL-0098,53.0895221,4.8092161,2024,,
NL-0098-10-18-2024-K04-0472.dw.png,NL-0098,53.0895221,4.8092161,2024,,
NL-0098-10-18-2024-K04-0473.dw.png,NL-0098,53.0895221,4.8092161,2024,,
NL-0098-10-18-2024-K04-0474.dw.png,NL-0098,53.0895221,4.8092161,2024,,
NL-0098-10-18-2024-K04-0475.dw.png,NL-0098,53.0895221,4.8092161,2024,,
NL-0098-10-18-2024-K04-0476.dw.png,NL-0098,53.0895221,4.8092161,2024,,
NL-0098-10-18-2024-K04-0477.dw.png,NL-0098,53.0895221,4.8092161,2024,,
NL-0098-10-18-2024-K04-0478.dw.png,NL-0098,53.0895221,4.8092161,2024,,
NL-0098-10-18-2024-K04-0479.dw.png,NL-0098,53.0895221,4.8092161,2024,,
NL-0098-10-18-2024-K04-0480.dw.png,NL-0098,53.0895221,4.8092161,2024,,
NL-0098-10-18-2024-K04-0481.dw.png,NL-0098,53.0895221,4.8092161,2024,,
NL-0098-10-18-2024-K04-0482.dw.png,NL-0098,53.0895221,4.8092161,2024,,
NL-0098-10-18-2024-K04-0483.dw.png,NL-0098,53.0895221,4.8092161,2024,,
NL-0098-10-18-2024-K04-0484.dw.png,NL-0098,53.0895221,4.8092161,2024,,
NL-0098-10-18-2024-K04-0485.dw.png,NL-0098,53.0895221,4.8092161,2024,,
NL-0099-10-18-2024-K05-0517.dw.png,NL-0099,53.0895221,4.8092161,2024,,
NL-0099-10-18-2024-K05-0518.dw.png,NL-0099,53.0895221,4.8092161,2024,,
NL-0099-10-18-2024-K05-0519.dw.png,NL-0099,53.0895221,4.8092161,2024,,
NL-0099-10-18-2024-K05-0520.dw.png,NL-0099,53.0895221,4.8092161,2024,,
NL-0099-10-18-2024-K05-0521.dw.png,NL-0099,53.0895221,4.8092161,2024,,
NL-0099-10-18-2024-K05-0522.dw.png,NL-0099,53.0895221,4.8092161,2024,,
NL-0099-10-18-2024-K05-0523.dw.png,NL-0099,53.0895221,4.8092161,2024,,
NL-0099-10-18-2024-K05-0524.dw.png,NL-0099,53.0895221,4.8092161,2024,,
NL-0099-10-18-2024-K05-0526.dw.png,NL-0099,53.0895221,4.8092161,2024,,
NL-0099-10-18-2024-K05-0527.dw.png,NL-0099,53.0895221,4.8092161,2024,,
NL-0099-10-18-2024-K05-0528.dw.png,NL-0099,53.0895221,4.8092161,2024,,
NL-0099-10-18-2024-K05-0529.dw.png,NL-0099,53.0895221,4.8092161,2024,,
NL-0099-10-18-2024-K05-0530.dw.png,NL-0099,53.0895221,4.8092161,2024,,
NL-0099-10-18-2024-K05-0531.dw.png,NL-0099,53.0895221,4.8092161,2024,,
NL-0099-10-18-2024-K05-0532.dw.png,NL-0099,53.0895221,4.8092161,2024,,
NL-0099-10-18-2024-K05-0533.dw.png,NL-0099,53.0895221,4.8092161,2024,,
NL-0099-10-18-2024-K05-0534.dw.png,NL-0099,53.0895221,4.8092161,2024,,
NL-0099-10-18-2024-K05-0535.dw.png,NL-0099,53.0895221,4.8092161,2024,,
NL-0099-10-18-2024-K05-0536.dw.png,NL-0099,53.0895221,4.8092161,2024,,
NL-0099-10-18-2024-K05-0537.dw.png,NL-0099,53.0895221,4.8092161,2024,,
NL-0099-10-18-2024-K05-0538.dw.png,NL-0099,53.0895221,4.8092161,2024,,
NL-0099-10-18-2024-K05-0539.dw.png,NL-0099,53.0895221,4.8092161,2024,,
NL-0099-10-18-2024-K05-0540.dw.png,NL-0099,53.0895221,4.8092161,2024,,
NL-0099-10-18-2024-K05-0541.dw.png,NL-0099,53.0895221,4.8092161,2024,,
NL-0099-10-18-2024-K05-0542.dw.png,NL-0099,53.0895221,4.8092161,2024,,
NL-0099-10-18-2024-K05-0543.dw.png,NL-0099,53.0895221,4.8092161,2024,,
NL-0099-10-18-2024-K05-0544.dw.png,NL-0099,53.0895221,4.8092161,2024,,
NL-0099-10-18-2024-K05-0545.dw.png,NL-0099,53.0895221,4.8092161,2024,,
NL-0100-10-18-2024-K06-0547.dw.png,NL-0100,53.0895221,4.8092161,2024,,
NL-0100-10-18-2024-K06-0548.dw.png,NL-0100,53.0895221,4.8092161,2024,,
NL-0100-10-18-2024-K06-0549.dw.png,NL-0100,53.0895221,4.8092161,2024,,
NL-0100-10-18-2024-K06-0550.dw.png,NL-0100,53.0895221,4.8092161,2024,,
NL-0100-10-18-2024-K06-0551.dw.png,NL-0100,53.0895221,4.8092161,2024,,
NL-0100-10-18-2024-K06-0552.dw.png,NL-0100,53.0895221,4.8092161,2024,,
NL-0100-10-18-2024-K06-0553.dw.png,NL-0100,53.0895221,4.8092161,2024,,
NL-0100-10-18-2024-K06-0554.dw.png,NL-0100,53.0895221,4.8092161,2024,,
NL-0100-10-18-2024-K06-0555.dw.png,NL-0100,53.0895221,4.8092161,2024,,
NL-0100-10-18-2024-K06-0556.dw.png,NL-0100,53.0895221,4.8092161,2024,,
NL-0100-10-18-2024-K06-0557.dw.png,NL-0100,53.0895221,4.8092161,2024,,
NL-0100-10-18-2024-K06-0558.dw.png,NL-0100,53.0895221,4.8092161,2024,,
NL-0100-10-18-2024-K06-0559.dw.png,NL-0100,53.0895221,4.8092161,2024,,
NL-0100-10-18-2024-K06-0560.dw.png,NL-0100,53.0895221,4.8092161,2024,,
NL-0100-10-18-2024-K06-0561.dw.png,NL-0100,53.0895221,4.8092161,2024,,
NL-0100-10-18-2024-K06-0562.dw.png,NL-0100,53.0895221,4.8092161,2024,,
NL-0100-10-18-2024-K06-0563.dw.png,NL-0100,53.0895221,4.8092161,2024,,
NL-0100-10-18-2024-K06-0564.dw.png,NL-0100,53.0895221,4.8092161,2024,,
NL-0100-10-18-2024-K06-0565.dw.png,NL-0100,53.0895221,4.8092161,2024,,
NL-0100-10-18-2024-K06-0566.dw.png,NL-0100,53.0895221,4.8092161,2024,,
NL-0100-10-18-2024-K06-0567.dw.png,NL-0100,53.0895221,4.8092161,2024,,
NL-0100-10-18-2024-K06-0568.dw.png,NL-0100,53.0895221,4.8092161,2024,,
NL-0100-10-18-2024-K06-0569.dw.png,NL-0100,53.0895221,4.8092161,2024,,
NL-0100-10-18-2024-K06-0570.dw.png,NL-0100,53.0895221,4.8092161,2024,,
NL-0100-10-18-2024-K06-E0549.dw.png,NL-0100,53.0895221,4.8092161,2024,,
NL-0101-10-18-2024-K07-0571.dw.png,NL-0101,53.0895221,4.8092161,2024,,
NL-0101-10-18-2024-K07-0572.dw.png,NL-0101,53.0895221,4.8092161,2024,,
NL-0101-10-18-2024-K07-0573.dw.png,NL-0101,53.0895221,4.8092161,2024,,
NL-0101-10-18-2024-K07-0574.dw.png,NL-0101,53.0895221,4.8092161,2024,,
NL-0101-10-18-2024-K07-0575.dw.png,NL-0101,53.0895221,4.8092161,2024,,
NL-0101-10-18-2024-K07-0576.dw.png,NL-0101,53.0895221,4.8092161,2024,,
NL-0101-10-18-2024-K07-0577.dw.png,NL-0101,53.0895221,4.8092161,2024,,
NL-0101-10-18-2024-K07-0578.dw.png,NL-0101,53.0895221,4.8092161,2024,,
NL-0101-10-18-2024-K07-0579.dw.png,NL-0101,53.0895221,4.8092161,2024,,
NL-0101-10-18-2024-K07-0580.dw.png,NL-0101,53.0895221,4.8092161,2024,,
NL-0101-10-18-2024-K07-0581.dw.png,NL-0101,53.0895221,4.8092161,2024,,
NL-0101-10-18-2024-K07-0583.dw.png,NL-0101,53.0895221,4.8092161,2024,,
NL-0101-10-18-2024-K07-0584.dw.png,NL-0101,53.0895221,4.8092161,2024,,
NL-0101-10-18-2024-K07-0585.dw.png,NL-0101,53.0895221,4.8092161,2024,,
NL-0101-10-18-2024-K07-0586.dw.png,NL-0101,53.0895221,4.8092161,2024,,
NL-0101-10-18-2024-K07-0587.dw.png,NL-0101,53.0895221,4.8092161,2024,,
NL-0101-10-18-2024-K07-0588.dw.png,NL-0101,53.0895221,4.8092161,2024,,
NL-0101-10-18-2024-K07-0589.dw.png,NL-0101,53.0895221,4.8092161,2024,,
NL-0101-10-18-2024-K07-0590.dw.png,NL-0101,53.0895221,4.8092161,2024,,
NL-0101-10-18-2024-K07-0591.dw.png,NL-0101,53.0895221,4.8092161,2024,,
NL-0101-10-18-2024-K07-0592.dw.png,NL-0101,53.0895221,4.8092161,2024,,
NL-0101-10-18-2024-K07-0593.dw.png,NL-0101,53.0895221,4.8092161,2024,,
NL-0101-10-18-2024-K07-0594.dw.png,NL-0101,53.0895221,4.8092161,2024,,
NL-0101-10-18-2024-K07-0595.dw.png,NL-0101,53.0895221,4.8092161,2024,,
NL-0101-10-18-2024-K07-0596.dw.png,NL-0101,53.0895221,4.8092161,2024,,
NL-0101-10-18-2024-K07-0597.dw.png,NL-0101,53.0895221,4.8092161,2024,,
NL-0101-10-18-2024-K07-0598.dw.png,NL-0101,53.0895221,4.8092161,2024,,
NL-0101-10-18-2024-K07-0599.dw.png,NL-0101,53.0895221,4.8092161,2024,,
NL-0101-10-18-2024-K07-0600.dw.png,NL-0101,53.0895221,4.8092161,2024,,
NL-0101-10-18-2024-K07-0601.dw.png,NL-0101,53.0895221,4.8092161,2024,,
NL-0102-10-18-2024-K08-0605.dw.png,NL-0102,53.0895221,4.8092161,2024,,
NL-0102-10-18-2024-K08-0606.dw.png,NL-0102,53.0895221,4.8092161,2024,,
NL-0102-10-18-2024-K08-0607.dw.png,NL-0102,53.0895221,4.8092161,2024,,
NL-0102-10-18-2024-K08-0608.dw.png,NL-0102,53.0895221,4.8092161,2024,,
NL-0102-10-18-2024-K08-0609.dw.png,NL-0102,53.0895221,4.8092161,2024,,
NL-0102-10-18-2024-K08-0610.dw.png,NL-0102,53.0895221,4.8092161,2024,,
NL-0102-10-18-2024-K08-0611.dw.png,NL-0102,53.0895221,4.8092161,2024,,
NL-0102-10-18-2024-K08-0612.dw.png,NL-0102,53.0895221,4.8092161,2024,,
NL-0102-10-18-2024-K08-0613.dw.png,NL-0102,53.0895221,4.8092161,2024,,
NL-0102-10-18-2024-K08-0614.dw.png,NL-0102,53.0895221,4.8092161,2024,,
NL-0102-10-18-2024-K08-0615.dw.png,NL-0102,53.0895221,4.8092161,2024,,
NL-0102-10-18-2024-K08-0616.dw.png,NL-0102,53.0895221,4.8092161,2024,,
NL-0102-10-18-2024-K08-0617.dw.png,NL-0102,53.0895221,4.8092161,2024,,
NL-0102-10-18-2024-K08-0618.dw.png,NL-0102,53.0895221,4.8092161,2024,,
NL-0102-10-18-2024-K08-0620.dw.png,NL-0102,53.0895221,4.8092161,2024,,
NL-0102-10-18-2024-K08-0621.dw.png,NL-0102,53.0895221,4.8092161,2024,,
NL-0102-10-18-2024-K08-0622.dw.png,NL-0102,53.0895221,4.8092161,2024,,
NL-0102-10-18-2024-K08-0623.dw.png,NL-0102,53.0895221,4.8092161,2024,,
NL-0102-10-18-2024-K08-0624.dw.png,NL-0102,53.0895221,4.8092161,2024,,
NL-0102-10-18-2024-K08-0625.dw.png,NL-0102,53.0895221,4.8092161,2024,,
NL-0102-10-18-2024-K08-0626.dw.png,NL-0102,53.0895221,4.8092161,2024,,
NL-0102-10-18-2024-K08-0627.dw.png,NL-0102,53.0895221,4.8092161,2024,,
NL-0102-10-18-2024-K08-0628.dw.png,NL-0102,53.0895221,4.8092161,2024,,
NL-0102-10-18-2024-K08-0629.dw.png,NL-0102,53.0895221,4.8092161,2024,,
NL-0102-10-18-2024-K08-0630.dw.png,NL-0102,53.0895221,4.8092161,2024,,
NL-0102-10-18-2024-K08-0631.dw.png,NL-0102,53.0895221,4.8092161,2024,,
NL-0102-10-18-2024-K08-0632.dw.png,NL-0102,53.0895221,4.8092161,2024,,
NL-0102-10-18-2024-K08-0633.dw.png,NL-0102,53.0895221,4.8092161,2024,,
NL-0102-10-18-2024-K08-0634.dw.png,NL-0102,53.0895221,4.8092161,2024,,
NL-0102-10-18-2024-K08-0635.dw.png,NL-0102,53.0895221,4.8092161,2024,,
NL-0103-10-18-2024-K09-0664.dw.png,NL-0103,53.0895221,4.8092161,2024,,
NL-0103-10-18-2024-K09-0665.dw.png,NL-0103,53.0895221,4.8092161,2024,,
NL-0103-10-18-2024-K09-0666.dw.png,NL-0103,53.0895221,4.8092161,2024,,
NL-0103-10-18-2024-K09-0667.dw.png,NL-0103,53.0895221,4.8092161,2024,,
NL-0103-10-18-2024-K09-0668.dw.png,NL-0103,53.0895221,4.8092161,2024,,
NL-0103-10-18-2024-K09-0669.dw.png,NL-0103,53.0895221,4.8092161,2024,,
NL-0103-10-18-2024-K09-0671.dw.png,NL-0103,53.0895221,4.8092161,2024,,
NL-0103-10-18-2024-K09-0672.dw.png,NL-0103,53.0895221,4.8092161,2024,,
NL-0103-10-18-2024-K09-0673.dw.png,NL-0103,53.0895221,4.8092161,2024,,
NL-0103-10-18-2024-K09-0675.dw.png,NL-0103,53.0895221,4.8092161,2024,,
NL-0103-10-18-2024-K09-0676.dw.png,NL-0103,53.0895221,4.8092161,2024,,
NL-0103-10-18-2024-K09-0677.dw.png,NL-0103,53.0895221,4.8092161,2024,,
NL-0103-10-18-2024-K09-0678.dw.png,NL-0103,53.0895221,4.8092161,2024,,
NL-0103-10-18-2024-K09-0679.dw.png,NL-0103,53.0895221,4.8092161,2024,,
NL-0103-10-18-2024-K09-0680.dw.png,NL-0103,53.0895221,4.8092161,2024,,
NL-0103-10-18-2024-K09-0681.dw.png,NL-0103,53.0895221,4.8092161,2024,,
NL-0103-10-18-2024-K09-0682.dw.png,NL-0103,53.0895221,4.8092161,2024,,
NL-0103-10-18-2024-K09-0683.dw.png,NL-0103,53.0895221,4.8092161,2024,,
NL-0103-10-18-2024-K09-0684.dw.png,NL-0103,53.0895221,4.8092161,2024,,
NL-0103-10-18-2024-K09-0685.dw.png,NL-0103,53.0895221,4.8092161,2024,,
NL-0103-10-18-2024-K09-0686.dw.png,NL-0103,53.0895221,4.8092161,2024,,
NL-0103-10-18-2024-K09-0688.dw.png,NL-0103,53.0895221,4.8092161,2024,,
NL-0103-10-18-2024-K09-0689.dw.png,NL-0103,53.0895221,4.8092161,2024,,
NL-0103-10-18-2024-K09-0690.dw.png,NL-0103,53.0895221,4.8092161,2024,,
NL-0103-10-18-2024-K09-0691.dw.png,NL-0103,53.0895221,4.8092161,2024,,
NL-0103-10-18-2024-K09-0692.dw.png,NL-0103,53.0895221,4.8092161,2024,,
NL-0103-10-18-2024-K09-0693.dw.png,NL-0103,53.0895221,4.8092161,2024,,
NL-0103-10-18-2024-K09-0694.dw.png,NL-0103,53.0895221,4.8092161,2024,,
NL-0103-10-18-2024-K09-0695.dw.png,NL-0103,53.0895221,4.8092161,2024,,
NL-0103-10-18-2024-K09-0696.dw.png,NL-0103,53.0895221,4.8092161,2024,,
NL-0104-10-18-2024-K10-0725.dw.png,NL-0104,53.0895221,4.8092161,2024,,
NL-0104-10-18-2024-K10-0726.dw.png,NL-0104,53.0895221,4.8092161,2024,,
NL-0104-10-18-2024-K10-0727.dw.png,NL-0104,53.0895221,4.8092161,2024,,
NL-0104-10-18-2024-K10-0728.dw.png,NL-0104,53.0895221,4.8092161,2024,,
NL-0104-10-18-2024-K10-0729.dw.png,NL-0104,53.0895221,4.8092161,2024,,
NL-0104-10-18-2024-K10-0730.dw.png,NL-0104,53.0895221,4.8092161,2024,,
NL-0104-10-18-2024-K10-0731.dw.png,NL-0104,53.0895221,4.8092161,2024,,
NL-0104-10-18-2024-K10-0732.dw.png,NL-0104,53.0895221,4.8092161,2024,,
NL-0104-10-18-2024-K10-0733.dw.png,NL-0104,53.0895221,4.8092161,2024,,
NL-0104-10-18-2024-K10-0734.dw.png,NL-0104,53.0895221,4.8092161,2024,,
NL-0104-10-18-2024-K10-0735.dw.png,NL-0104,53.0895221,4.8092161,2024,,
NL-0104-10-18-2024-K10-0736.dw.png,NL-0104,53.0895221,4.8092161,2024,,
NL-0104-10-18-2024-K10-0737.dw.png,NL-0104,53.0895221,4.8092161,2024,,
NL-0104-10-18-2024-K10-0738.dw.png,NL-0104,53.0895221,4.8092161,2024,,
NL-0104-10-18-2024-K10-0739.dw.png,NL-0104,53.0895221,4.8092161,2024,,
NL-0104-10-18-2024-K10-0740.dw.png,NL-0104,53.0895221,4.8092161,2024,,
NL-0104-10-18-2024-K10-0741.dw.png,NL-0104,53.0895221,4.8092161,2024,,
NL-0104-10-18-2024-K10-0742.dw.png,NL-0104,53.0895221,4.8092161,2024,,
NL-0104-10-18-2024-K10-0743.dw.png,NL-0104,53.0895221,4.8092161,2024,,
NL-0104-10-18-2024-K10-0744.dw.png,NL-0104,53.0895221,4.8092161,2024,,
NL-0104-10-18-2024-K10-0745.dw.png,NL-0104,53.0895221,4.8092161,2024,,
NL-0104-10-18-2024-K10-0746.dw.png,NL-0104,53.0895221,4.8092161,2024,,
NL-0104-10-18-2024-K10-0747.dw.png,NL-0104,53.0895221,4.8092161,2024,,
NL-0104-10-18-2024-K10-0748.dw.png,NL-0104,53.0895221,4.8092161,2024,,
NL-0104-10-18-2024-K10-0749.dw.png,NL-0104,53.0895221,4.8092161,2024,,
NL-0104-10-18-2024-K10-0749_1.dw.png,NL-0104,53.0895221,4.8092161,2024,,
NL-0104-10-18-2024-K10-0750.dw.png,NL-0104,53.0895221,4.8092161,2024,,
NL-0104-10-18-2024-K10-0751.dw.png,NL-0104,53.0895221,4.8092161,2024,,
NL-0104-10-18-2024-K10-0752.dw.png,NL-0104,53.0895221,4.8092161,2024,,
NL-0104-10-18-2024-K10-0753.dw.png,NL-0104,53.0895221,4.8092161,2024,,
NL-0104-10-18-2024-K10-0754.dw.png,NL-0104,53.0895221,4.8092161,2024,,
NL-0105-10-18-2024-K11-0756.dw.png,NL-0105,53.0895221,4.8092161,2024,,
NL-0105-10-18-2024-K11-0757.dw.png,NL-0105,53.0895221,4.8092161,2024,,
NL-0105-10-18-2024-K11-0758.dw.png,NL-0105,53.0895221,4.8092161,2024,,
NL-0105-10-18-2024-K11-0759.dw.png,NL-0105,53.0895221,4.8092161,2024,,
NL-0105-10-18-2024-K11-0760.dw.png,NL-0105,53.0895221,4.8092161,2024,,
NL-0105-10-18-2024-K11-0761.dw.png,NL-0105,53.0895221,4.8092161,2024,,
NL-0105-10-18-2024-K11-0762.dw.png,NL-0105,53.0895221,4.8092161,2024,,
NL-0105-10-18-2024-K11-0764.dw.png,NL-0105,53.0895221,4.8092161,2024,,
NL-0105-10-18-2024-K11-0765.dw.png,NL-0105,53.0895221,4.8092161,2024,,
NL-0105-10-18-2024-K11-0765_1.dw.png,NL-0105,53.0895221,4.8092161,2024,,
NL-0105-10-18-2024-K11-0766.dw.png,NL-0105,53.0895221,4.8092161,2024,,
NL-0105-10-18-2024-K11-0767.dw.png,NL-0105,53.0895221,4.8092161,2024,,
NL-0105-10-18-2024-K11-0768.dw.png,NL-0105,53.0895221,4.8092161,2024,,
NL-0105-10-18-2024-K11-0769.dw.png,NL-0105,53.0895221,4.8092161,2024,,
NL-0105-10-18-2024-K11-0770.dw.png,NL-0105,53.0895221,4.8092161,2024,,
NL-0105-10-18-2024-K11-0771.dw.png,NL-0105,53.0895221,4.8092161,2024,,
NL-0105-10-18-2024-K11-0772.dw.png,NL-0105,53.0895221,4.8092161,2024,,
NL-0105-10-18-2024-K11-0773.dw.png,NL-0105,53.0895221,4.8092161,2024,,
NL-0105-10-18-2024-K11-0774.dw.png,NL-0105,53.0895221,4.8092161,2024,,
NL-0105-10-18-2024-K11-0775.dw.png,NL-0105,53.0895221,4.8092161,2024,,
NL-0105-10-18-2024-K11-0776.dw.png,NL-0105,53.0895221,4.8092161,2024,,
NL-0105-10-18-2024-K11-0777.dw.png,NL-0105,53.0895221,4.8092161,2024,,
NL-0105-10-18-2024-K11-0778.dw.png,NL-0105,53.0895221,4.8092161,2024,,
NL-0105-10-18-2024-K11-0779.dw.png,NL-0105,53.0895221,4.8092161,2024,,
NL-0105-10-18-2024-K11-0780.dw.png,NL-0105,53.0895221,4.8092161,2024,,
NL-0105-10-18-2024-K11-0781.dw.png,NL-0105,53.0895221,4.8092161,2024,,
NL-0105-10-18-2024-K11-0782.dw.png,NL-0105,53.0895221,4.8092161,2024,,
NL-0105-10-18-2024-K11-0783.dw.png,NL-0105,53.0895221,4.8092161,2024,,
NL-0105-10-18-2024-K11-0784.dw.png,NL-0105,53.0895221,4.8092161,2024,,
NL-0105-10-18-2024-K11-0785.dw.png,NL-0105,53.0895221,4.8092161,2024,,
NL-0105-10-18-2024-K11-0786.dw.png,NL-0105,53.0895221,4.8092161,2024,,
NL-0105-10-18-2024-K11-8757.dw.png,NL-0105,53.0895221,4.8092161,2024,,
NL-0105-10-18-2024-K11-8758.dw.png,NL-0105,53.0895221,4.8092161,2024,,
NL-0105-10-18-2024-K11-8759.dw.png,NL-0105,53.0895221,4.8092161,2024,,
NL-0105-10-18-2024-K11-8760.dw.png,NL-0105,53.0895221,4.8092161,2024,,
NL-0105-10-18-2024-K11-8761.dw.png,NL-0105,53.0895221,4.8092161,2024,,
NL-0105-10-18-2024-K11-8762.dw.png,NL-0105,53.0895221,4.8092161,2024,,
NL-0105-10-18-2024-K11-8763.dw.png,NL-0105,53.0895221,4.8092161,2024,,
NL-0105-10-18-2024-K11-8764.dw.png,NL-0105,53.0895221,4.8092161,2024,,
NL-0105-10-18-2024-K11-8765.dw.png,NL-0105,53.0895221,4.8092161,2024,,
NL-0105-10-18-2024-K11-8766.dw.png,NL-0105,53.0895221,4.8092161,2024,,
NL-0105-10-18-2024-K11-8767.dw.png,NL-0105,53.0895221,4.8092161,2024,,
NL-0105-10-18-2024-K11-8768.dw.png,NL-0105,53.0895221,4.8092161,2024,,
NL-0105-10-18-2024-K11-8769.dw.png,NL-0105,53.0895221,4.8092161,2024,,
NL-0105-10-18-2024-K11-8770.dw.png,NL-0105,53.0895221,4.8092161,2024,,
NL-0105-10-18-2024-K11-8771.dw.png,NL-0105,53.0895221,4.8092161,2024,,
NL-0105-10-18-2024-K11-8772.dw.png,NL-0105,53.0895221,4.8092161,2024,,
NL-0105-10-18-2024-K11-8773.dw.png,NL-0105,53.0895221,4.8092161,2024,,
NL-0105-10-18-2024-K11-8773_1.dw.png,NL-0105,53.0895221,4.8092161,2024,,
NL-0105-10-18-2024-K11-8774.dw.png,NL-0105,53.0895221,4.8092161,2024,,
NL-0105-10-18-2024-K11-8775.dw.png,NL-0105,53.0895221,4.8092161,2024,,
NL-0105-10-18-2024-K11-8776.dw.png,NL-0105,53.0895221,4.8092161,2024,,
NL-0105-10-18-2024-K11-8777.dw.png,NL-0105,53.0895221,4.8092161,2024,,
NL-0105-10-18-2024-K11-8778.dw.png,NL-0105,53.0895221,4.8092161,2024,,
NL-0105-10-18-2024-K11-8783.dw.png,NL-0105,53.0895221,4.8092161,2024,,
NL-0106-10-18-2024-K12-8780.dw.png,NL-0106,53.0895221,4.8092161,2024,,
NL-0106-10-18-2024-K12-8781.dw.png,NL-0106,53.0895221,4.8092161,2024,,
NL-0106-10-18-2024-K12-8782.dw.png,NL-0106,53.0895221,4.8092161,2024,,
NL-0106-10-18-2024-K12-8784.dw.png,NL-0106,53.0895221,4.8092161,2024,,
NL-0106-10-18-2024-K12-8785.dw.png,NL-0106,53.0895221,4.8092161,2024,,
NL-0106-10-18-2024-K12-8786.dw.png,NL-0106,53.0895221,4.8092161,2024,,
NL-0107-19-16-2024-K01-5670.dw.png,NL-0107,53.0895221,4.8092161,2024,,
NL-0107-19-16-2024-K01-5671.dw.png,NL-0107,53.0895221,4.8092161,2024,,
NL-0107-19-16-2024-K01-5672.dw.png,NL-0107,53.0895221,4.8092161,2024,,
NL-0107-19-16-2024-K01-5674.dw.png,NL-0107,53.0895221,4.8092161,2024,,
NL-0107-19-16-2024-K01-5675.dw.png,NL-0107,53.0895221,4.8092161,2024,,
NL-0107-19-16-2024-K01-5677.dw.png,NL-0107,53.0895221,4.8092161,2024,,
NL-0107-19-16-2024-K01-5678.dw.png,NL-0107,53.0895221,4.8092161,2024,,
NL-0107-19-16-2024-K01-5679.dw.png,NL-0107,53.0895221,4.8092161,2024,,
NL-0107-19-16-2024-K01-5680.dw.png,NL-0107,53.0895221,4.8092161,2024,,
NL-0107-19-16-2024-K01-5681.dw.png,NL-0107,53.0895221,4.8092161,2024,,
NL-0107-19-16-2024-K01-5682.dw.png,NL-0107,53.0895221,4.8092161,2024,,
NL-0107-19-16-2024-K01-5683.dw.png,NL-0107,53.0895221,4.8092161,2024,,
NL-0107-19-16-2024-K01-5684.dw.png,NL-0107,53.0895221,4.8092161,2024,,
NL-0107-19-16-2024-K01-5685.dw.png,NL-0107,53.0895221,4.8092161,2024,,
NL-0107-19-16-2024-K01-5686.dw.png,NL-0107,53.0895221,4.8092161,2024,,
NL-0107-19-16-2024-K01-5687.dw.png,NL-0107,53.0895221,4.8092161,2024,,
NL-0107-19-16-2024-K01-5688.dw.png,NL-0107,53.0895221,4.8092161,2024,,
NL-0107-19-16-2024-K01-5689.dw.png,NL-0107,53.0895221,4.8092161,2024,,
NL-0107-19-16-2024-K01-5690.dw.png,NL-0107,53.0895221,4.8092161,2024,,
NL-0107-19-16-2024-K01-5691.dw.png,NL-0107,53.0895221,4.8092161,2024,,
NL-0107-19-16-2024-K01-5692.dw.png,NL-0107,53.0895221,4.8092161,2024,,
NL-0107-19-16-2024-K01-5693.dw.png,NL-0107,53.0895221,4.8092161,2024,,
NL-0107-19-16-2024-K01-5694.dw.png,NL-0107,53.0895221,4.8092161,2024,,
NL-0107-19-16-2024-K01-5695.dw.png,NL-0107,53.0895221,4.8092161,2024,,
NL-0107-19-16-2024-K01-5696.dw.png,NL-0107,53.0895221,4.8092161,2024,,
NL-0107-19-16-2024-K01-5697.dw.png,NL-0107,53.0895221,4.8092161,2024,,
NL-0107-19-16-2024-K01-5698.dw.png,NL-0107,53.0895221,4.8092161,2024,,
NL-0107-19-16-2024-K01-5699.dw.png,NL-0107,53.0895221,4.8092161,2024,,
NL-0107-19-16-2024-K01-5700.dw.png,NL-0107,53.0895221,4.8092161,2024,,
NL-0107-19-16-2024-K01-5701.dw.png,NL-0107,53.0895221,4.8092161,2024,,
NL-0108-19-16-2024-K02-5703.dw.png,NL-0108,53.0895221,4.8092161,2024,,
NL-0108-19-16-2024-K02-5704.dw.png,NL-0108,53.0895221,4.8092161,2024,,
NL-0108-19-16-2024-K02-5705.dw.png,NL-0108,53.0895221,4.8092161,2024,,
NL-0108-19-16-2024-K02-5706.dw.png,NL-0108,53.0895221,4.8092161,2024,,
NL-0108-19-16-2024-K02-5708.dw.png,NL-0108,53.0895221,4.8092161,2024,,
NL-0108-19-16-2024-K02-5709.dw.png,NL-0108,53.0895221,4.8092161,2024,,
NL-0108-19-16-2024-K02-5710.dw.png,NL-0108,53.0895221,4.8092161,2024,,
NL-0108-19-16-2024-K02-5711.dw.png,NL-0108,53.0895221,4.8092161,2024,,
NL-0108-19-16-2024-K02-5712.dw.png,NL-0108,53.0895221,4.8092161,2024,,
NL-0108-19-16-2024-K02-5713.dw.png,NL-0108,53.0895221,4.8092161,2024,,
NL-0108-19-16-2024-K02-5714.dw.png,NL-0108,53.0895221,4.8092161,2024,,
NL-0108-19-16-2024-K02-5715.dw.png,NL-0108,53.0895221,4.8092161,2024,,
NL-0108-19-16-2024-K02-5716.dw.png,NL-0108,53.0895221,4.8092161,2024,,
NL-0108-19-16-2024-K02-5717.dw.png,NL-0108,53.0895221,4.8092161,2024,,
NL-0108-19-16-2024-K02-5718.dw.png,NL-0108,53.0895221,4.8092161,2024,,
NL-0108-19-16-2024-K02-5719.dw.png,NL-0108,53.0895221,4.8092161,2024,,
NL-0108-19-16-2024-K02-5720.dw.png,NL-0108,53.0895221,4.8092161,2024,,
NL-0108-19-16-2024-K02-5721.dw.png,NL-0108,53.0895221,4.8092161,2024,,
NL-0108-19-16-2024-K02-5722.dw.png,NL-0108,53.0895221,4.8092161,2024,,
NL-0108-19-16-2024-K02-5723.dw.png,NL-0108,53.0895221,4.8092161,2024,,
NL-0108-19-16-2024-K02-5724.dw.png,NL-0108,53.0895221,4.8092161,2024,,
NL-0108-19-16-2024-K02-5725.dw.png,NL-0108,53.0895221,4.8092161,2024,,
NL-0108-19-16-2024-K02-5727.dw.png,NL-0108,53.0895221,4.8092161,2024,,
NL-0108-19-16-2024-K02-5728.dw.png,NL-0108,53.0895221,4.8092161,2024,,
NL-0108-19-16-2024-K02-5729.dw.png,NL-0108,53.0895221,4.8092161,2024,,
NL-0108-19-16-2024-K02-5730.dw.png,NL-0108,53.0895221,4.8092161,2024,,
NL-0108-19-16-2024-K02-5731.dw.png,NL-0108,53.0895221,4.8092161,2024,,
NL-0108-19-16-2024-K02-5732.dw.png,NL-0108,53.0895221,4.8092161,2024,,
NL-0108-19-16-2024-K02-5735.dw.png,NL-0108,53.0895221,4.8092161,2024,,
NL-0108-19-16-2024-K02-5737.dw.png,NL-0108,53.0895221,4.8092161,2024,,
NL-0109-19-16-2024-K03-5738.dw.png,NL-0109,53.0895221,4.8092161,2024,,
NL-0109-19-16-2024-K03-5739.dw.png,NL-0109,53.0895221,4.8092161,2024,,
NL-0109-19-16-2024-K03-5740.dw.png,NL-0109,53.0895221,4.8092161,2024,,
NL-0109-19-16-2024-K03-5741.dw.png,NL-0109,53.0895221,4.8092161,2024,,
NL-0109-19-16-2024-K03-5742.dw.png,NL-0109,53.0895221,4.8092161,2024,,
NL-0109-19-16-2024-K03-5743.dw.png,NL-0109,53.0895221,4.8092161,2024,,
NL-0109-19-16-2024-K03-5744.dw.png,NL-0109,53.0895221,4.8092161,2024,,
NL-0109-19-16-2024-K03-5745.dw.png,NL-0109,53.0895221,4.8092161,2024,,
NL-0109-19-16-2024-K03-5746.dw.png,NL-0109,53.0895221,4.8092161,2024,,
NL-0109-19-16-2024-K03-5747.dw.png,NL-0109,53.0895221,4.8092161,2024,,
NL-0109-19-16-2024-K03-5748.dw.png,NL-0109,53.0895221,4.8092161,2024,,
NL-0109-19-16-2024-K03-5749.dw.png,NL-0109,53.0895221,4.8092161,2024,,
NL-0109-19-16-2024-K03-5750.dw.png,NL-0109,53.0895221,4.8092161,2024,,
NL-0109-19-16-2024-K03-5751.dw.png,NL-0109,53.0895221,4.8092161,2024,,
NL-0109-19-16-2024-K03-5752.dw.png,NL-0109,53.0895221,4.8092161,2024,,
NL-0109-19-16-2024-K03-5753.dw.png,NL-0109,53.0895221,4.8092161,2024,,
NL-0109-19-16-2024-K03-5754.dw.png,NL-0109,53.0895221,4.8092161,2024,,
NL-0109-19-16-2024-K03-5755.dw.png,NL-0109,53.0895221,4.8092161,2024,,
NL-0109-19-16-2024-K03-5756.dw.png,NL-0109,53.0895221,4.8092161,2024,,
NL-0109-19-16-2024-K03-5757.dw.png,NL-0109,53.0895221,4.8092161,2024,,
NL-0109-19-16-2024-K03-5758.dw.png,NL-0109,53.0895221,4.8092161,2024,,
NL-0109-19-16-2024-K03-5759.dw.png,NL-0109,53.0895221,4.8092161,2024,,
NL-0109-19-16-2024-K03-5760.dw.png,NL-0109,53.0895221,4.8092161,2024,,
NL-0109-19-16-2024-K03-5761.dw.png,NL-0109,53.0895221,4.8092161,2024,,
NL-0109-19-16-2024-K03-5762.dw.png,NL-0109,53.0895221,4.8092161,2024,,
NL-0109-19-16-2024-K03-5763.dw.png,NL-0109,53.0895221,4.8092161,2024,,
NL-0109-19-16-2024-K03-5764.dw.png,NL-0109,53.0895221,4.8092161,2024,,
NL-0109-19-16-2024-K03-5765.dw.png,NL-0109,53.0895221,4.8092161,2024,,
NL-0109-19-16-2024-K03-5766.dw.png,NL-0109,53.0895221,4.8092161,2024,,
NL-0109-19-16-2024-K03-5767.dw.png,NL-0109,53.0895221,4.8092161,2024,,
NL-0110-19-16-2024-K04-5770.dw.png,NL-0110,53.0895221,4.8092161,2024,,
NL-0110-19-16-2024-K04-5771.dw.png,NL-0110,53.0895221,4.8092161,2024,,
NL-0110-19-16-2024-K04-5772.dw.png,NL-0110,53.0895221,4.8092161,2024,,
NL-0110-19-16-2024-K04-5773.dw.png,NL-0110,53.0895221,4.8092161,2024,,
NL-0110-19-16-2024-K04-5774.dw.png,NL-0110,53.0895221,4.8092161,2024,,
NL-0110-19-16-2024-K04-5775.dw.png,NL-0110,53.0895221,4.8092161,2024,,
NL-0110-19-16-2024-K04-5776.dw.png,NL-0110,53.0895221,4.8092161,2024,,
NL-0110-19-16-2024-K04-5777.dw.png,NL-0110,53.0895221,4.8092161,2024,,
NL-0110-19-16-2024-K04-5778.dw.png,NL-0110,53.0895221,4.8092161,2024,,
NL-0110-19-16-2024-K04-5779.dw.png,NL-0110,53.0895221,4.8092161,2024,,
NL-0110-19-16-2024-K04-5780.dw.png,NL-0110,53.0895221,4.8092161,2024,,
NL-0110-19-16-2024-K04-5781.dw.png,NL-0110,53.0895221,4.8092161,2024,,
NL-0110-19-16-2024-K04-5782.dw.png,NL-0110,53.0895221,4.8092161,2024,,
NL-0110-19-16-2024-K04-5783.dw.png,NL-0110,53.0895221,4.8092161,2024,,
NL-0110-19-16-2024-K04-5784.dw.png,NL-0110,53.0895221,4.8092161,2024,,
NL-0110-19-16-2024-K04-5785.dw.png,NL-0110,53.0895221,4.8092161,2024,,
NL-0110-19-16-2024-K04-5786.dw.png,NL-0110,53.0895221,4.8092161,2024,,
NL-0110-19-16-2024-K04-5787.dw.png,NL-0110,53.0895221,4.8092161,2024,,
NL-0110-19-16-2024-K04-5788.dw.png,NL-0110,53.0895221,4.8092161,2024,,
NL-0110-19-16-2024-K04-5789.dw.png,NL-0110,53.0895221,4.8092161,2024,,
NL-0110-19-16-2024-K04-5790.dw.png,NL-0110,53.0895221,4.8092161,2024,,
NL-0110-19-16-2024-K04-5791.dw.png,NL-0110,53.0895221,4.8092161,2024,,
NL-0110-19-16-2024-K04-5792.dw.png,NL-0110,53.0895221,4.8092161,2024,,
NL-0110-19-16-2024-K04-5793.dw.png,NL-0110,53.0895221,4.8092161,2024,,
NL-0110-19-16-2024-K04-5794.dw.png,NL-0110,53.0895221,4.8092161,2024,,
NL-0110-19-16-2024-K04-5795.dw.png,NL-0110,53.0895221,4.8092161,2024,,
NL-0110-19-16-2024-K04-5796.dw.png,NL-0110,53.0895221,4.8092161,2024,,
NL-0110-19-16-2024-K04-5797.dw.png,NL-0110,53.0895221,4.8092161,2024,,
NL-0110-19-16-2024-K04-5798.dw.png,NL-0110,53.0895221,4.8092161,2024,,
NL-0110-19-16-2024-K04-5799.dw.png,NL-0110,53.0895221,4.8092161,2024,,
NL-0111-19-16-2024-K05-6619.dw.png,NL-0111,53.0895221,4.8092161,2024,,
NL-0111-19-16-2024-K05-6620.dw.png,NL-0111,53.0895221,4.8092161,2024,,
NL-0111-19-16-2024-K05-6621.dw.png,NL-0111,53.0895221,4.8092161,2024,,
NL-0111-19-16-2024-K05-6622.dw.png,NL-0111,53.0895221,4.8092161,2024,,
NL-0111-19-16-2024-K05-6623.dw.png,NL-0111,53.0895221,4.8092161,2024,,
NL-0111-19-16-2024-K05-6624.dw.png,NL-0111,53.0895221,4.8092161,2024,,
NL-0111-19-16-2024-K05-6625.dw.png,NL-0111,53.0895221,4.8092161,2024,,
NL-0111-19-16-2024-K05-6626.dw.png,NL-0111,53.0895221,4.8092161,2024,,
NL-0111-19-16-2024-K05-6627.dw.png,NL-0111,53.0895221,4.8092161,2024,,
NL-0111-19-16-2024-K05-6628.dw.png,NL-0111,53.0895221,4.8092161,2024,,
NL-0111-19-16-2024-K05-6629.dw.png,NL-0111,53.0895221,4.8092161,2024,,
NL-0111-19-16-2024-K05-6631.dw.png,NL-0111,53.0895221,4.8092161,2024,,
NL-0111-19-16-2024-K05-6632.dw.png,NL-0111,53.0895221,4.8092161,2024,,
NL-0111-19-16-2024-K05-6633.dw.png,NL-0111,53.0895221,4.8092161,2024,,
NL-0111-19-16-2024-K05-6634.dw.png,NL-0111,53.0895221,4.8092161,2024,,
NL-0111-19-16-2024-K05-6635.dw.png,NL-0111,53.0895221,4.8092161,2024,,
NL-0111-19-16-2024-K05-6636.dw.png,NL-0111,53.0895221,4.8092161,2024,,
NL-0111-19-16-2024-K05-6637.dw.png,NL-0111,53.0895221,4.8092161,2024,,
NL-0111-19-16-2024-K05-6638.dw.png,NL-0111,53.0895221,4.8092161,2024,,
NL-0111-19-16-2024-K05-6639.dw.png,NL-0111,53.0895221,4.8092161,2024,,
NL-0111-19-16-2024-K05-6640.dw.png,NL-0111,53.0895221,4.8092161,2024,,
NL-0111-19-16-2024-K05-6641.dw.png,NL-0111,53.0895221,4.8092161,2024,,
NL-0111-19-16-2024-K05-6642.dw.png,NL-0111,53.0895221,4.8092161,2024,,
NL-0111-19-16-2024-K05-6643.dw.png,NL-0111,53.0895221,4.8092161,2024,,
NL-0112-19-16-2024-K06-6644.dw.png,NL-0112,53.0895221,4.8092161,2024,,
NL-0112-19-16-2024-K06-6645.dw.png,NL-0112,53.0895221,4.8092161,2024,,
NL-0112-19-16-2024-K06-6646.dw.png,NL-0112,53.0895221,4.8092161,2024,,
NL-0112-19-16-2024-K06-6647.dw.png,NL-0112,53.0895221,4.8092161,2024,,
NL-0112-19-16-2024-K06-6648.dw.png,NL-0112,53.0895221,4.8092161,2024,,
NL-0112-19-16-2024-K06-6649.dw.png,NL-0112,53.0895221,4.8092161,2024,,
NL-0112-19-16-2024-K06-6650.dw.png,NL-0112,53.0895221,4.8092161,2024,,
NL-0112-19-16-2024-K06-6651.dw.png,NL-0112,53.0895221,4.8092161,2024,,
NL-0112-19-16-2024-K06-6652.dw.png,NL-0112,53.0895221,4.8092161,2024,,
NL-0112-19-16-2024-K06-6653.dw.png,NL-0112,53.0895221,4.8092161,2024,,
NL-0112-19-16-2024-K06-6654.dw.png,NL-0112,53.0895221,4.8092161,2024,,
NL-0112-19-16-2024-K06-6655.dw.png,NL-0112,53.0895221,4.8092161,2024,,
NL-0112-19-16-2024-K06-6656.dw.png,NL-0112,53.0895221,4.8092161,2024,,
NL-0112-19-16-2024-K06-6657.dw.png,NL-0112,53.0895221,4.8092161,2024,,
NL-0112-19-16-2024-K06-6658.dw.png,NL-0112,53.0895221,4.8092161,2024,,
NL-0112-19-16-2024-K06-6659.dw.png,NL-0112,53.0895221,4.8092161,2024,,
NL-0112-19-16-2024-K06-6660.dw.png,NL-0112,53.0895221,4.8092161,2024,,
NL-0112-19-16-2024-K06-6661.dw.png,NL-0112,53.0895221,4.8092161,2024,,
NL-0112-19-16-2024-K06-6662.dw.png,NL-0112,53.0895221,4.8092161,2024,,
NL-0112-19-16-2024-K06-6663.dw.png,NL-0112,53.0895221,4.8092161,2024,,
NL-0112-19-16-2024-K06-6664.dw.png,NL-0112,53.0895221,4.8092161,2024,,
NL-0112-19-16-2024-K06-6665.dw.png,NL-0112,53.0895221,4.8092161,2024,,
NL-0112-19-16-2024-K06-6666.dw.png,NL-0112,53.0895221,4.8092161,2024,,
NL-0112-19-16-2024-K06-6667.dw.png,NL-0112,53.0895221,4.8092161,2024,,
NL-0112-19-16-2024-K06-6668.dw.png,NL-0112,53.0895221,4.8092161,2024,,
NL-0112-19-16-2024-K06-6669.dw.png,NL-0112,53.0895221,4.8092161,2024,,
NL-0112-19-16-2024-K06-6670.dw.png,NL-0112,53.0895221,4.8092161,2024,,
NL-0112-19-16-2024-K06-6671.dw.png,NL-0112,53.0895221,4.8092161,2024,,
NL-0112-19-16-2024-K06-6672.dw.png,NL-0112,53.0895221,4.8092161,2024,,
NL-0112-19-16-2024-K06-6673.dw.png,NL-0112,53.0895221,4.8092161,2024,,
NL-0113-19-16-2024-K07-6674.dw.png,NL-0113,53.0895221,4.8092161,2024,,
NL-0113-19-16-2024-K07-6675.dw.png,NL-0113,53.0895221,4.8092161,2024,,
NL-0113-19-16-2024-K07-6676.dw.png,NL-0113,53.0895221,4.8092161,2024,,
NL-0113-19-16-2024-K07-6677.dw.png,NL-0113,53.0895221,4.8092161,2024,,
NL-0113-19-16-2024-K07-6678.dw.png,NL-0113,53.0895221,4.8092161,2024,,
NL-0113-19-16-2024-K07-6679.dw.png,NL-0113,53.0895221,4.8092161,2024,,
NL-0113-19-16-2024-K07-6680.dw.png,NL-0113,53.0895221,4.8092161,2024,,
NL-0113-19-16-2024-K07-6681.dw.png,NL-0113,53.0895221,4.8092161,2024,,
NL-0113-19-16-2024-K07-6682.dw.png,NL-0113,53.0895221,4.8092161,2024,,
NL-0113-19-16-2024-K07-6683.dw.png,NL-0113,53.0895221,4.8092161,2024,,
NL-0113-19-16-2024-K07-6684.dw.png,NL-0113,53.0895221,4.8092161,2024,,
NL-0113-19-16-2024-K07-6685.dw.png,NL-0113,53.0895221,4.8092161,2024,,
NL-0113-19-16-2024-K07-6686.dw.png,NL-0113,53.0895221,4.8092161,2024,,
NL-0113-19-16-2024-K07-6687.dw.png,NL-0113,53.0895221,4.8092161,2024,,
NL-0113-19-16-2024-K07-6688.dw.png,NL-0113,53.0895221,4.8092161,2024,,
NL-0114-19-16-2024-K08-6689.dw.png,NL-0114,53.0895221,4.8092161,2024,,
NL-0114-19-16-2024-K08-6690.dw.png,NL-0114,53.0895221,4.8092161,2024,,
NL-0114-19-16-2024-K08-6691.dw.png,NL-0114,53.0895221,4.8092161,2024,,
NL-0114-19-16-2024-K08-6692.dw.png,NL-0114,53.0895221,4.8092161,2024,,
NL-0114-19-16-2024-K08-6693.dw.png,NL-0114,53.0895221,4.8092161,2024,,
NL-0114-19-16-2024-K08-6694.dw.png,NL-0114,53.0895221,4.8092161,2024,,
NL-0114-19-16-2024-K08-6695.dw.png,NL-0114,53.0895221,4.8092161,2024,,
NL-0114-19-16-2024-K08-6696.dw.png,NL-0114,53.0895221,4.8092161,2024,,
NL-0114-19-16-2024-K08-6697.dw.png,NL-0114,53.0895221,4.8092161,2024,,
NL-0114-19-16-2024-K08-6698.dw.png,NL-0114,53.0895221,4.8092161,2024,,
NL-0114-19-16-2024-K08-6699.dw.png,NL-0114,53.0895221,4.8092161,2024,,
NL-0114-19-16-2024-K08-6700.dw.png,NL-0114,53.0895221,4.8092161,2024,,
NL-0114-19-16-2024-K08-6701.dw.png,NL-0114,53.0895221,4.8092161,2024,,
NL-0114-19-16-2024-K08-6702.dw.png,NL-0114,53.0895221,4.8092161,2024,,
NL-0114-19-16-2024-K08-6703.dw.png,NL-0114,53.0895221,4.8092161,2024,,
NL-0114-19-16-2024-K08-6704.dw.png,NL-0114,53.0895221,4.8092161,2024,,
NL-0114-19-16-2024-K08-6705.dw.png,NL-0114,53.0895221,4.8092161,2024,,
NL-0114-19-16-2024-K08-6706.dw.png,NL-0114,53.0895221,4.8092161,2024,,
NL-0114-19-16-2024-K08-6707.dw.png,NL-0114,53.0895221,4.8092161,2024,,
NL-0114-19-16-2024-K08-6708.dw.png,NL-0114,53.0895221,4.8092161,2024,,
NL-0114-19-16-2024-K08-6709.dw.png,NL-0114,53.0895221,4.8092161,2024,,
NL-0114-19-16-2024-K08-6710.dw.png,NL-0114,53.0895221,4.8092161,2024,,
NL-0114-19-16-2024-K08-6711.dw.png,NL-0114,53.0895221,4.8092161,2024,,
NL-0114-19-16-2024-K08-6712.dw.png,NL-0114,53.0895221,4.8092161,2024,,
NL-0114-19-16-2024-K08-6713.dw.png,NL-0114,53.0895221,4.8092161,2024,,
NL-0114-19-16-2024-K08-6714.dw.png,NL-0114,53.0895221,4.8092161,2024,,
NL-0114-19-16-2024-K08-6715.dw.png,NL-0114,53.0895221,4.8092161,2024,,
NL-0114-19-16-2024-K08-6716.dw.png,NL-0114,53.0895221,4.8092161,2024,,
NL-0114-19-16-2024-K08-6717.dw.png,NL-0114,53.0895221,4.8092161,2024,,
NL-0114-19-16-2024-K08-6718.dw.png,NL-0114,53.0895221,4.8092161,2024,,
NL-0115-19-16-2024-K09-7583.dw.png,NL-0115,53.0895221,4.8092161,2024,,
NL-0115-19-16-2024-K09-7584.dw.png,NL-0115,53.0895221,4.8092161,2024,,
NL-0115-19-16-2024-K09-7585.dw.png,NL-0115,53.0895221,4.8092161,2024,,
NL-0115-19-16-2024-K09-7586.dw.png,NL-0115,53.0895221,4.8092161,2024,,
NL-0115-19-16-2024-K09-7587.dw.png,NL-0115,53.0895221,4.8092161,2024,,
NL-0115-19-16-2024-K09-7588.dw.png,NL-0115,53.0895221,4.8092161,2024,,
NL-0115-19-16-2024-K09-7589.dw.png,NL-0115,53.0895221,4.8092161,2024,,
NL-0115-19-16-2024-K09-7590.dw.png,NL-0115,53.0895221,4.8092161,2024,,
NL-0115-19-16-2024-K09-7591.dw.png,NL-0115,53.0895221,4.8092161,2024,,
NL-0115-19-16-2024-K09-7592.dw.png,NL-0115,53.0895221,4.8092161,2024,,
NL-0115-19-16-2024-K09-7593.dw.png,NL-0115,53.0895221,4.8092161,2024,,
NL-0115-19-16-2024-K09-7594.dw.png,NL-0115,53.0895221,4.8092161,2024,,
NL-0115-19-16-2024-K09-7595.dw.png,NL-0115,53.0895221,4.8092161,2024,,
NL-0115-19-16-2024-K09-7596.dw.png,NL-0115,53.0895221,4.8092161,2024,,
NL-0115-19-16-2024-K09-7597.dw.png,NL-0115,53.0895221,4.8092161,2024,,
NL-0115-19-16-2024-K09-7598.dw.png,NL-0115,53.0895221,4.8092161,2024,,
NL-0115-19-16-2024-K09-7599.dw.png,NL-0115,53.0895221,4.8092161,2024,,
NL-0115-19-16-2024-K09-7600.dw.png,NL-0115,53.0895221,4.8092161,2024,,
NL-0115-19-16-2024-K09-7601.dw.png,NL-0115,53.0895221,4.8092161,2024,,
NL-0115-19-16-2024-K09-7602.dw.png,NL-0115,53.0895221,4.8092161,2024,,
NL-0115-19-16-2024-K09-7603.dw.png,NL-0115,53.0895221,4.8092161,2024,,
NL-0115-19-16-2024-K09-7604.dw.png,NL-0115,53.0895221,4.8092161,2024,,
NL-0115-19-16-2024-K09-7605.dw.png,NL-0115,53.0895221,4.8092161,2024,,
NL-0115-19-16-2024-K09-7606.dw.png,NL-0115,53.0895221,4.8092161,2024,,
NL-0115-19-16-2024-K09-7607.dw.png,NL-0115,53.0895221,4.8092161,2024,,
NL-0116-19-16-2024-K10-7700.dw.png,NL-0116,53.0895221,4.8092161,2024,,
NL-0116-19-16-2024-K10-7701.dw.png,NL-0116,53.0895221,4.8092161,2024,,
NL-0116-19-16-2024-K10-7702.dw.png,NL-0116,53.0895221,4.8092161,2024,,
NL-0116-19-16-2024-K10-7703.dw.png,NL-0116,53.0895221,4.8092161,2024,,
NL-0116-19-16-2024-K10-7704.dw.png,NL-0116,53.0895221,4.8092161,2024,,
NL-0116-19-16-2024-K10-7705.dw.png,NL-0116,53.0895221,4.8092161,2024,,
NL-0116-19-16-2024-K10-7706.dw.png,NL-0116,53.0895221,4.8092161,2024,,
NL-0116-19-16-2024-K10-7707.dw.png,NL-0116,53.0895221,4.8092161,2024,,
NL-0116-19-16-2024-K10-7708.dw.png,NL-0116,53.0895221,4.8092161,2024,,
NL-0116-19-16-2024-K10-7709.dw.png,NL-0116,53.0895221,4.8092161,2024,,
NL-0116-19-16-2024-K10-7710.dw.png,NL-0116,53.0895221,4.8092161,2024,,
NL-0116-19-16-2024-K10-7711.dw.png,NL-0116,53.0895221,4.8092161,2024,,
NL-0116-19-16-2024-K10-7712.dw.png,NL-0116,53.0895221,4.8092161,2024,,
NL-0116-19-16-2024-K10-7713.dw.png,NL-0116,53.0895221,4.8092161,2024,,
NL-0116-19-16-2024-K10-7714.dw.png,NL-0116,53.0895221,4.8092161,2024,,
NL-0116-19-16-2024-K10-7715.dw.png,NL-0116,53.0895221,4.8092161,2024,,
NL-0116-19-16-2024-K10-7716.dw.png,NL-0116,53.0895221,4.8092161,2024,,
NL-0116-19-16-2024-K10-7717.dw.png,NL-0116,53.0895221,4.8092161,2024,,
NL-0116-19-16-2024-K10-7718.dw.png,NL-0116,53.0895221,4.8092161,2024,,
NL-0116-19-16-2024-K10-7719.dw.png,NL-0116,53.0895221,4.8092161,2024,,
NL-0116-19-16-2024-K10-7720.dw.png,NL-0116,53.0895221,4.8092161,2024,,
NL-0116-19-16-2024-K10-7721.dw.png,NL-0116,53.0895221,4.8092161,2024,,
NL-0116-19-16-2024-K10-7722.dw.png,NL-0116,53.0895221,4.8092161,2024,,
NL-0116-19-16-2024-K10-7723.dw.png,NL-0116,53.0895221,4.8092161,2024,,
NL-0116-19-16-2024-K10-7724.dw.png,NL-0116,53.0895221,4.8092161,2024,,
NL-0116-19-16-2024-K10-7725.dw.png,NL-0116,53.0895221,4.8092161,2024,,
NL-0116-19-16-2024-K10-7726.dw.png,NL-0116,53.0895221,4.8092161,2024,,
NL-0116-19-16-2024-K10-7727.dw.png,NL-0116,53.0895221,4.8092161,2024,,
NL-0116-19-16-2024-K10-7728.dw.png,NL-0116,53.0895221,4.8092161,2024,,
NL-0116-19-16-2024-K10-7729.dw.png,NL-0116,53.0895221,4.8092161,2024,,
NL-0117-19-16-2024-K11-6559.dw.png,NL-0117,53.0895221,4.8092161,2024,,
NL-0117-19-16-2024-K11-6560.dw.png,NL-0117,53.0895221,4.8092161,2024,,
NL-0117-19-16-2024-K11-6561.dw.png,NL-0117,53.0895221,4.8092161,2024,,
NL-0117-19-16-2024-K11-6562.dw.png,NL-0117,53.0895221,4.8092161,2024,,
NL-0117-19-16-2024-K11-6563.dw.png,NL-0117,53.0895221,4.8092161,2024,,
NL-0117-19-16-2024-K11-6564.dw.png,NL-0117,53.0895221,4.8092161,2024,,
NL-0117-19-16-2024-K11-6565.dw.png,NL-0117,53.0895221,4.8092161,2024,,
NL-0117-19-16-2024-K11-6566.dw.png,NL-0117,53.0895221,4.8092161,2024,,
NL-0117-19-16-2024-K11-6567.dw.png,NL-0117,53.0895221,4.8092161,2024,,
NL-0117-19-16-2024-K11-6568.dw.png,NL-0117,53.0895221,4.8092161,2024,,
NL-0117-19-16-2024-K11-6569.dw.png,NL-0117,53.0895221,4.8092161,2024,,
NL-0117-19-16-2024-K11-6570.dw.png,NL-0117,53.0895221,4.8092161,2024,,
NL-0117-19-16-2024-K11-6571.dw.png,NL-0117,53.0895221,4.8092161,2024,,
NL-0117-19-16-2024-K11-6572.dw.png,NL-0117,53.0895221,4.8092161,2024,,
NL-0117-19-16-2024-K11-6573.dw.png,NL-0117,53.0895221,4.8092161,2024,,
NL-0117-19-16-2024-K11-6574.dw.png,NL-0117,53.0895221,4.8092161,2024,,
NL-0117-19-16-2024-K11-6575.dw.png,NL-0117,53.0895221,4.8092161,2024,,
NL-0117-19-16-2024-K11-6576.dw.png,NL-0117,53.0895221,4.8092161,2024,,
NL-0117-19-16-2024-K11-6577.dw.png,NL-0117,53.0895221,4.8092161,2024,,
NL-0117-19-16-2024-K11-6578.dw.png,NL-0117,53.0895221,4.8092161,2024,,
NL-0117-19-16-2024-K11-6579.dw.png,NL-0117,53.0895221,4.8092161,2024,,
NL-0117-19-16-2024-K11-6580.dw.png,NL-0117,53.0895221,4.8092161,2024,,
NL-0117-19-16-2024-K11-6581.dw.png,NL-0117,53.0895221,4.8092161,2024,,
NL-0117-19-16-2024-K11-6582.dw.png,NL-0117,53.0895221,4.8092161,2024,,
NL-0117-19-16-2024-K11-6583.dw.png,NL-0117,53.0895221,4.8092161,2024,,
NL-0117-19-16-2024-K11-6585.dw.png,NL-0117,53.0895221,4.8092161,2024,,
NL-0117-19-16-2024-K11-6586.dw.png,NL-0117,53.0895221,4.8092161,2024,,
NL-0117-19-16-2024-K11-6587.dw.png,NL-0117,53.0895221,4.8092161,2024,,
NL-0118-19-16-2024-K12-7738.dw.png,NL-0118,53.0895221,4.8092161,2024,,
NL-0118-19-16-2024-K12-7739.dw.png,NL-0118,53.0895221,4.8092161,2024,,
NL-0118-19-16-2024-K12-7740.dw.png,NL-0118,53.0895221,4.8092161,2024,,
NL-0118-19-16-2024-K12-7741.dw.png,NL-0118,53.0895221,4.8092161,2024,,
NL-0118-19-16-2024-K12-7742.dw.png,NL-0118,53.0895221,4.8092161,2024,,
NL-0118-19-16-2024-K12-7743.dw.png,NL-0118,53.0895221,4.8092161,2024,,
NL-0118-19-16-2024-K12-7744.dw.png,NL-0118,53.0895221,4.8092161,2024,,
NL-0118-19-16-2024-K12-7745.dw.png,NL-0118,53.0895221,4.8092161,2024,,
NL-0118-19-16-2024-K12-7746.dw.png,NL-0118,53.0895221,4.8092161,2024,,
NL-0118-19-16-2024-K12-7747.dw.png,NL-0118,53.0895221,4.8092161,2024,,
NL-0118-19-16-2024-K12-7748.dw.png,NL-0118,53.0895221,4.8092161,2024,,
NL-0118-19-16-2024-K12-7749.dw.png,NL-0118,53.0895221,4.8092161,2024,,
NL-0118-19-16-2024-K12-7750.dw.png,NL-0118,53.0895221,4.8092161,2024,,
NL-0118-19-16-2024-K12-7751.dw.png,NL-0118,53.0895221,4.8092161,2024,,
NL-0118-19-16-2024-K12-7752.dw.png,NL-0118,53.0895221,4.8092161,2024,,
NL-0118-19-16-2024-K12-7753.dw.png,NL-0118,53.0895221,4.8092161,2024,,
NL-0118-19-16-2024-K12-7754.dw.png,NL-0118,53.0895221,4.8092161,2024,,
NL-0118-19-16-2024-K12-7755.dw.png,NL-0118,53.0895221,4.8092161,2024,,
NL-0118-19-16-2024-K12-7756.dw.png,NL-0118,53.0895221,4.8092161,2024,,
NL-0118-19-16-2024-K12-7757.dw.png,NL-0118,53.0895221,4.8092161,2024,,
NL-0118-19-16-2024-K12-7758.dw.png,NL-0118,53.0895221,4.8092161,2024,,
NL-0118-19-16-2024-K12-7759.dw.png,NL-0118,53.0895221,4.8092161,2024,,
NL-0118-19-16-2024-K12-7760.dw.png,NL-0118,53.0895221,4.8092161,2024,,
NL-0118-19-16-2024-K12-7761.dw.png,NL-0118,53.0895221,4.8092161,2024,,
NL-0118-19-16-2024-K12-7762.dw.png,NL-0118,53.0895221,4.8092161,2024,,
NL-0118-19-16-2024-K12-7763.dw.png,NL-0118,53.0895221,4.8092161,2024,,
NL-0118-19-16-2024-K12-7764.dw.png,NL-0118,53.0895221,4.8092161,2024,,
NL-0118-19-16-2024-K12-7765.dw.png,NL-0118,53.0895221,4.8092161,2024,,
NL-0118-19-16-2024-K12-7766.dw.png,NL-0118,53.0895221,4.8092161,2024,,
NL-0118-19-16-2024-K12-7767.dw.png,NL-0118,53.0895221,4.8092161,2024,,
NL-0119-19-16-2024-K13-7772.dw.png,NL-0119,53.0895221,4.8092161,2024,,
NL-0119-19-16-2024-K13-7773.dw.png,NL-0119,53.0895221,4.8092161,2024,,
NL-0119-19-16-2024-K13-7774.dw.png,NL-0119,53.0895221,4.8092161,2024,,
NL-0119-19-16-2024-K13-7775.dw.png,NL-0119,53.0895221,4.8092161,2024,,
NL-0119-19-16-2024-K13-7776.dw.png,NL-0119,53.0895221,4.8092161,2024,,
NL-0119-19-16-2024-K13-7777.dw.png,NL-0119,53.0895221,4.8092161,2024,,
NL-0119-19-16-2024-K13-7778.dw.png,NL-0119,53.0895221,4.8092161,2024,,
NL-0119-19-16-2024-K13-7779.dw.png,NL-0119,53.0895221,4.8092161,2024,,
NL-0119-19-16-2024-K13-7780.dw.png,NL-0119,53.0895221,4.8092161,2024,,
NL-0119-19-16-2024-K13-7781.dw.png,NL-0119,53.0895221,4.8092161,2024,,
NL-0119-19-16-2024-K13-7782.dw.png,NL-0119,53.0895221,4.8092161,2024,,
NL-0119-19-16-2024-K13-7783.dw.png,NL-0119,53.0895221,4.8092161,2024,,
NL-0119-19-16-2024-K13-7784.dw.png,NL-0119,53.0895221,4.8092161,2024,,
NL-0119-19-16-2024-K13-7785.dw.png,NL-0119,53.0895221,4.8092161,2024,,
NL-0119-19-16-2024-K13-7786.dw.png,NL-0119,53.0895221,4.8092161,2024,,
NL-0119-19-16-2024-K13-7787.dw.png,NL-0119,53.0895221,4.8092161,2024,,
NL-0119-19-16-2024-K13-7788.dw.png,NL-0119,53.0895221,4.8092161,2024,,
NL-0119-19-16-2024-K13-7789.dw.png,NL-0119,53.0895221,4.8092161,2024,,
NL-0119-19-16-2024-K13-7791.dw.png,NL-0119,53.0895221,4.8092161,2024,,
NL-0119-19-16-2024-K13-7792.dw.png,NL-0119,53.0895221,4.8092161,2024,,
NL-0119-19-16-2024-K13-7793.dw.png,NL-0119,53.0895221,4.8092161,2024,,
NL-0119-19-16-2024-K13-7795.dw.png,NL-0119,53.0895221,4.8092161,2024,,
NL-0119-19-16-2024-K13-7796.dw.png,NL-0119,53.0895221,4.8092161,2024,,
NL-0119-19-16-2024-K13-7797.dw.png,NL-0119,53.0895221,4.8092161,2024,,
NL-0119-19-16-2024-K13-7798.dw.png,NL-0119,53.0895221,4.8092161,2024,,
NL-0119-19-16-2024-K13-7799.dw.png,NL-0119,53.0895221,4.8092161,2024,,
NL-0119-19-16-2024-K13-7800.dw.png,NL-0119,53.0895221,4.8092161,2024,,
NL-0119-19-16-2024-K13-7801.dw.png,NL-0119,53.0895221,4.8092161,2024,,
NL-0119-19-16-2024-K13-7803.dw.png,NL-0119,53.0895221,4.8092161,2024,,
NL-0119-19-16-2024-K13-7804.dw.png,NL-0119,53.0895221,4.8092161,2024,,
NL-0120-19-16-2024-K14-7806.dw.png,NL-0120,53.0895221,4.8092161,2024,,
NL-0120-19-16-2024-K14-7807.dw.png,NL-0120,53.0895221,4.8092161,2024,,
NL-0120-19-16-2024-K14-7808.dw.png,NL-0120,53.0895221,4.8092161,2024,,
NL-0120-19-16-2024-K14-7809.dw.png,NL-0120,53.0895221,4.8092161,2024,,
NL-0120-19-16-2024-K14-7810.dw.png,NL-0120,53.0895221,4.8092161,2024,,
NL-0120-19-16-2024-K14-7811.dw.png,NL-0120,53.0895221,4.8092161,2024,,
NL-0120-19-16-2024-K14-7812.dw.png,NL-0120,53.0895221,4.8092161,2024,,
NL-0120-19-16-2024-K14-7813.dw.png,NL-0120,53.0895221,4.8092161,2024,,
NL-0120-19-16-2024-K14-7814.dw.png,NL-0120,53.0895221,4.8092161,2024,,
NL-0120-19-16-2024-K14-7815.dw.png,NL-0120,53.0895221,4.8092161,2024,,
NL-0120-19-16-2024-K14-7816.dw.png,NL-0120,53.0895221,4.8092161,2024,,
NL-0120-19-16-2024-K14-7817.dw.png,NL-0120,53.0895221,4.8092161,2024,,
NL-0120-19-16-2024-K14-7818.dw.png,NL-0120,53.0895221,4.8092161,2024,,
NL-0120-19-16-2024-K14-7819.dw.png,NL-0120,53.0895221,4.8092161,2024,,
NL-0120-19-16-2024-K14-7820.dw.png,NL-0120,53.0895221,4.8092161,2024,,
NL-0120-19-16-2024-K14-7821.dw.png,NL-0120,53.0895221,4.8092161,2024,,
NL-0120-19-16-2024-K14-7822.dw.png,NL-0120,53.0895221,4.8092161,2024,,
NL-0120-19-16-2024-K14-7823.dw.png,NL-0120,53.0895221,4.8092161,2024,,
NL-0120-19-16-2024-K14-7824.dw.png,NL-0120,53.0895221,4.8092161,2024,,
NL-0120-19-16-2024-K14-7825.dw.png,NL-0120,53.0895221,4.8092161,2024,,
NL-0120-19-16-2024-K14-7826.dw.png,NL-0120,53.0895221,4.8092161,2024,,
NL-0120-19-16-2024-K14-7827.dw.png,NL-0120,53.0895221,4.8092161,2024,,
NL-0120-19-16-2024-K14-7828.dw.png,NL-0120,53.0895221,4.8092161,2024,,
NL-0120-19-16-2024-K14-7829.dw.png,NL-0120,53.0895221,4.8092161,2024,,
NL-0120-19-16-2024-K14-7830.dw.png,NL-0120,53.0895221,4.8092161,2024,,
NL-0120-19-16-2024-K14-7831.dw.png,NL-0120,53.0895221,4.8092161,2024,,
NL-0120-19-16-2024-K14-7832.dw.png,NL-0120,53.0895221,4.8092161,2024,,
NL-0120-19-16-2024-K14-7833.dw.png,NL-0120,53.0895221,4.8092161,2024,,
NL-0120-19-16-2024-K14-7834.dw.png,NL-0120,53.0895221,4.8092161,2024,,
NL-0120-19-16-2024-K14-7835.dw.png,NL-0120,53.0895221,4.8092161,2024,,
NL-0121-19-16-2024-K20-9903.dw.png,NL-0121,53.0895221,4.8092161,2024,,
NL-0121-19-16-2024-K20-9904.dw.png,NL-0121,53.0895221,4.8092161,2024,,
NL-0121-19-16-2024-K20-9905.dw.png,NL-0121,53.0895221,4.8092161,2024,,
NL-0121-19-16-2024-K20-9906.dw.png,NL-0121,53.0895221,4.8092161,2024,,
NL-0121-19-16-2024-K20-9907.dw.png,NL-0121,53.0895221,4.8092161,2024,,
NL-0121-19-16-2024-K20-9908.dw.png,NL-0121,53.0895221,4.8092161,2024,,
NL-0121-19-16-2024-K20-9909.dw.png,NL-0121,53.0895221,4.8092161,2024,,
NL-0121-19-16-2024-K20-9910.dw.png,NL-0121,53.0895221,4.8092161,2024,,
NL-0121-19-16-2024-K20-9911.dw.png,NL-0121,53.0895221,4.8092161,2024,,
NL-0121-19-16-2024-K20-9912.dw.png,NL-0121,53.0895221,4.8092161,2024,,
NL-0121-19-16-2024-K20-9913.dw.png,NL-0121,53.0895221,4.8092161,2024,,
NL-0121-19-16-2024-K20-9914.dw.png,NL-0121,53.0895221,4.8092161,2024,,
NL-0121-19-16-2024-K20-9915.dw.png,NL-0121,53.0895221,4.8092161,2024,,
NL-0121-19-16-2024-K20-9916.dw.png,NL-0121,53.0895221,4.8092161,2024,,
NL-0121-19-16-2024-K20-9917.dw.png,NL-0121,53.0895221,4.8092161,2024,,
NL-0121-19-16-2024-K20-9918.dw.png,NL-0121,53.0895221,4.8092161,2024,,
NL-0121-19-16-2024-K20-9919.dw.png,NL-0121,53.0895221,4.8092161,2024,,
NL-0121-19-16-2024-K20-9920.dw.png,NL-0121,53.0895221,4.8092161,2024,,
NL-0121-19-16-2024-K20-9921.dw.png,NL-0121,53.0895221,4.8092161,2024,,
NL-0121-19-16-2024-K20-9922.dw.png,NL-0121,53.0895221,4.8092161,2024,,
NL-0121-19-16-2024-K20-9923.dw.png,NL-0121,53.0895221,4.8092161,2024,,
NL-0121-19-16-2024-K20-9924.dw.png,NL-0121,53.0895221,4.8092161,2024,,
NL-0121-19-16-2024-K20-9925.dw.png,NL-0121,53.0895221,4.8092161,2024,,
NL-0121-19-16-2024-K20-9926.dw.png,NL-0121,53.0895221,4.8092161,2024,,
NL-0121-19-16-2024-K20-9927.dw.png,NL-0121,53.0895221,4.8092161,2024,,
NL-0121-19-16-2024-K20-9928.dw.png,NL-0121,53.0895221,4.8092161,2024,,
NL-0121-19-16-2024-K20-9929.dw.png,NL-0121,53.0895221,4.8092161,2024,,
NL-0121-19-16-2024-K20-9930.dw.png,NL-0121,53.0895221,4.8092161,2024,,
NL-0121-19-16-2024-K20-9931.dw.png,NL-0121,53.0895221,4.8092161,2024,,
NL-0121-19-16-2024-K20-9932.dw.png,NL-0121,53.0895221,4.8092161,2024,,
NL-0122-19-16-2024-K22-9937.dw.png,NL-0122,53.0895221,4.8092161,2024,,
NL-0122-19-16-2024-K22-9938.dw.png,NL-0122,53.0895221,4.8092161,2024,,
NL-0122-19-16-2024-K22-9939.dw.png,NL-0122,53.0895221,4.8092161,2024,,
NL-0122-19-16-2024-K22-9940.dw.png,NL-0122,53.0895221,4.8092161,2024,,
NL-0122-19-16-2024-K22-9941.dw.png,NL-0122,53.0895221,4.8092161,2024,,
NL-0122-19-16-2024-K22-9942.dw.png,NL-0122,53.0895221,4.8092161,2024,,
NL-0122-19-16-2024-K22-9943.dw.png,NL-0122,53.0895221,4.8092161,2024,,
NL-0122-19-16-2024-K22-9944.dw.png,NL-0122,53.0895221,4.8092161,2024,,
NL-0122-19-16-2024-K22-9945.dw.png,NL-0122,53.0895221,4.8092161,2024,,
NL-0122-19-16-2024-K22-9946.dw.png,NL-0122,53.0895221,4.8092161,2024,,
NL-0122-19-16-2024-K22-9947.dw.png,NL-0122,53.0895221,4.8092161,2024,,
NL-0122-19-16-2024-K22-9948.dw.png,NL-0122,53.0895221,4.8092161,2024,,
NL-0122-19-16-2024-K22-9949.dw.png,NL-0122,53.0895221,4.8092161,2024,,
NL-0122-19-16-2024-K22-9950.dw.png,NL-0122,53.0895221,4.8092161,2024,,
NL-0122-19-16-2024-K22-9951.dw.png,NL-0122,53.0895221,4.8092161,2024,,
NL-0122-19-16-2024-K22-9952.dw.png,NL-0122,53.0895221,4.8092161,2024,,
NL-0122-19-16-2024-K22-9953.dw.png,NL-0122,53.0895221,4.8092161,2024,,
NL-0122-19-16-2024-K22-9954.dw.png,NL-0122,53.0895221,4.8092161,2024,,
NL-0122-19-16-2024-K22-9955.dw.png,NL-0122,53.0895221,4.8092161,2024,,
NL-0122-19-16-2024-K22-9956.dw.png,NL-0122,53.0895221,4.8092161,2024,,
NL-0122-19-16-2024-K22-9957.dw.png,NL-0122,53.0895221,4.8092161,2024,,
NL-0122-19-16-2024-K22-9958.dw.png,NL-0122,53.0895221,4.8092161,2024,,
NL-0122-19-16-2024-K22-9959.dw.png,NL-0122,53.0895221,4.8092161,2024,,
NL-0122-19-16-2024-K22-9961.dw.png,NL-0122,53.0895221,4.8092161,2024,,
NL-0122-19-16-2024-K22-9962.dw.png,NL-0122,53.0895221,4.8092161,2024,,
NL-0122-19-16-2024-K22-9963.dw.png,NL-0122,53.0895221,4.8092161,2024,,
NL-0122-19-16-2024-K22-9965.dw.png,NL-0122,53.0895221,4.8092161,2024,,
NL-0122-19-16-2024-K22-9966.dw.png,NL-0122,53.0895221,4.8092161,2024,,
NL-0122-19-16-2024-K22-9967.dw.png,NL-0122,53.0895221,4.8092161,2024,,
NL-0122-19-16-2024-K22-9968.dw.png,NL-0122,53.0895221,4.8092161,2024,,
NL-0122-19-16-2024-K22-9969.dw.png,NL-0122,53.0895221,4.8092161,2024,,
NL-0123-19-16-2024-K23-0001.dw.png,NL-0123,53.0895221,4.8092161,2024,,
NL-0123-19-16-2024-K23-0002.dw.png,NL-0123,53.0895221,4.8092161,2024,,
NL-0123-19-16-2024-K23-0003.dw.png,NL-0123,53.0895221,4.8092161,2024,,
NL-0123-19-16-2024-K23-0004.dw.png,NL-0123,53.0895221,4.8092161,2024,,
NL-0123-19-16-2024-K23-0005.dw.png,NL-0123,53.0895221,4.8092161,2024,,
NL-0123-19-16-2024-K23-0006.dw.png,NL-0123,53.0895221,4.8092161,2024,,
NL-0123-19-16-2024-K23-9972.dw.png,NL-0123,53.0895221,4.8092161,2024,,
NL-0123-19-16-2024-K23-9973.dw.png,NL-0123,53.0895221,4.8092161,2024,,
NL-0123-19-16-2024-K23-9974.dw.png,NL-0123,53.0895221,4.8092161,2024,,
NL-0123-19-16-2024-K23-9975.dw.png,NL-0123,53.0895221,4.8092161,2024,,
NL-0123-19-16-2024-K23-9976.dw.png,NL-0123,53.0895221,4.8092161,2024,,
NL-0123-19-16-2024-K23-9977.dw.png,NL-0123,53.0895221,4.8092161,2024,,
NL-0123-19-16-2024-K23-9978.dw.png,NL-0123,53.0895221,4.8092161,2024,,
NL-0123-19-16-2024-K23-9979.dw.png,NL-0123,53.0895221,4.8092161,2024,,
NL-0123-19-16-2024-K23-9980.dw.png,NL-0123,53.0895221,4.8092161,2024,,
NL-0123-19-16-2024-K23-9981.dw.png,NL-0123,53.0895221,4.8092161,2024,,
NL-0123-19-16-2024-K23-9982.dw.png,NL-0123,53.0895221,4.8092161,2024,,
NL-0123-19-16-2024-K23-9983.dw.png,NL-0123,53.0895221,4.8092161,2024,,
NL-0123-19-16-2024-K23-9984.dw.png,NL-0123,53.0895221,4.8092161,2024,,
NL-0123-19-16-2024-K23-9985.dw.png,NL-0123,53.0895221,4.8092161,2024,,
NL-0123-19-16-2024-K23-9986.dw.png,NL-0123,53.0895221,4.8092161,2024,,
NL-0123-19-16-2024-K23-9987.dw.png,NL-0123,53.0895221,4.8092161,2024,,
NL-0123-19-16-2024-K23-9988.dw.png,NL-0123,53.0895221,4.8092161,2024,,
NL-0123-19-16-2024-K23-9989.dw.png,NL-0123,53.0895221,4.8092161,2024,,
NL-0123-19-16-2024-K23-9990.dw.png,NL-0123,53.0895221,4.8092161,2024,,
NL-0123-19-16-2024-K23-9991.dw.png,NL-0123,53.0895221,4.8092161,2024,,
NL-0123-19-16-2024-K23-9992.dw.png,NL-0123,53.0895221,4.8092161,2024,,
NL-0123-19-16-2024-K23-9993.dw.png,NL-0123,53.0895221,4.8092161,2024,,
NL-0123-19-16-2024-K23-9994.dw.png,NL-0123,53.0895221,4.8092161,2024,,
NL-0123-19-16-2024-K23-9995.dw.png,NL-0123,53.0895221,4.8092161,2024,,
NL-0123-19-16-2024-K23-9996.dw.png,NL-0123,53.0895221,4.8092161,2024,,
NL-0124-19-16-2024-K24-0007.dw.png,NL-0124,53.0895221,4.8092161,2024,,
NL-0124-19-16-2024-K24-0008.dw.png,NL-0124,53.0895221,4.8092161,2024,,
NL-0124-19-16-2024-K24-0009.dw.png,NL-0124,53.0895221,4.8092161,2024,,
NL-0124-19-16-2024-K24-0010.dw.png,NL-0124,53.0895221,4.8092161,2024,,
NL-0124-19-16-2024-K24-0011.dw.png,NL-0124,53.0895221,4.8092161,2024,,
NL-0124-19-16-2024-K24-0012.dw.png,NL-0124,53.0895221,4.8092161,2024,,
NL-0124-19-16-2024-K24-0013.dw.png,NL-0124,53.0895221,4.8092161,2024,,
NL-0124-19-16-2024-K24-0014.dw.png,NL-0124,53.0895221,4.8092161,2024,,
NL-0124-19-16-2024-K24-0015.dw.png,NL-0124,53.0895221,4.8092161,2024,,
NL-0124-19-16-2024-K24-0016.dw.png,NL-0124,53.0895221,4.8092161,2024,,
NL-0124-19-16-2024-K24-0017.dw.png,NL-0124,53.0895221,4.8092161,2024,,
NL-0124-19-16-2024-K24-0018.dw.png,NL-0124,53.0895221,4.8092161,2024,,
NL-0124-19-16-2024-K24-0019.dw.png,NL-0124,53.0895221,4.8092161,2024,,
NL-0124-19-16-2024-K24-0020.dw.png,NL-0124,53.0895221,4.8092161,2024,,
NL-0124-19-16-2024-K24-0021.dw.png,NL-0124,53.0895221,4.8092161,2024,,
NL-0124-19-16-2024-K24-0022.dw.png,NL-0124,53.0895221,4.8092161,2024,,
NL-0124-19-16-2024-K24-0023.dw.png,NL-0124,53.0895221,4.8092161,2024,,
NL-0124-19-16-2024-K24-0024.dw.png,NL-0124,53.0895221,4.8092161,2024,,
NL-0124-19-16-2024-K24-0025.dw.png,NL-0124,53.0895221,4.8092161,2024,,
NL-0124-19-16-2024-K24-0026.dw.png,NL-0124,53.0895221,4.8092161,2024,,
NL-0124-19-16-2024-K24-0027.dw.png,NL-0124,53.0895221,4.8092161,2024,,
NL-0124-19-16-2024-K24-0028.dw.png,NL-0124,53.0895221,4.8092161,2024,,
NL-0124-19-16-2024-K24-0029.dw.png,NL-0124,53.0895221,4.8092161,2024,,
NL-0124-19-16-2024-K24-0030.dw.png,NL-0124,53.0895221,4.8092161,2024,,
NL-0124-19-16-2024-K24-0031.dw.png,NL-0124,53.0895221,4.8092161,2024,,
NL-0124-19-16-2024-K24-0032.dw.png,NL-0124,53.0895221,4.8092161,2024,,
NL-0124-19-16-2024-K24-0033.dw.png,NL-0124,53.0895221,4.8092161,2024,,
NL-0124-19-16-2024-K24-0034.dw.png,NL-0124,53.0895221,4.8092161,2024,,
NL-0124-19-16-2024-K24-0035.dw.png,NL-0124,53.0895221,4.8092161,2024,,
NL-0124-19-16-2024-K24-0036.dw.png,NL-0124,53.0895221,4.8092161,2024,,
NL-0125-19-16-2024-K25-0038.dw.png,NL-0125,53.0895221,4.8092161,2024,,
NL-0125-19-16-2024-K25-0039.dw.png,NL-0125,53.0895221,4.8092161,2024,,
NL-0125-19-16-2024-K25-0040.dw.png,NL-0125,53.0895221,4.8092161,2024,,
NL-0125-19-16-2024-K25-0041.dw.png,NL-0125,53.0895221,4.8092161,2024,,
NL-0125-19-16-2024-K25-0042.dw.png,NL-0125,53.0895221,4.8092161,2024,,
NL-0125-19-16-2024-K25-0043.dw.png,NL-0125,53.0895221,4.8092161,2024,,
NL-0125-19-16-2024-K25-0044.dw.png,NL-0125,53.0895221,4.8092161,2024,,
NL-0125-19-16-2024-K25-0045.dw.png,NL-0125,53.0895221,4.8092161,2024,,
NL-0125-19-16-2024-K25-0046.dw.png,NL-0125,53.0895221,4.8092161,2024,,
NL-0125-19-16-2024-K25-0047.dw.png,NL-0125,53.0895221,4.8092161,2024,,
NL-0125-19-16-2024-K25-0048.dw.png,NL-0125,53.0895221,4.8092161,2024,,
NL-0125-19-16-2024-K25-0049.dw.png,NL-0125,53.0895221,4.8092161,2024,,
NL-0125-19-16-2024-K25-0050.dw.png,NL-0125,53.0895221,4.8092161,2024,,
NL-0125-19-16-2024-K25-0051.dw.png,NL-0125,53.0895221,4.8092161,2024,,
NL-0125-19-16-2024-K25-0052.dw.png,NL-0125,53.0895221,4.8092161,2024,,
NL-0125-19-16-2024-K25-0053.dw.png,NL-0125,53.0895221,4.8092161,2024,,
NL-0125-19-16-2024-K25-0054.dw.png,NL-0125,53.0895221,4.8092161,2024,,
NL-0125-19-16-2024-K25-0055.dw.png,NL-0125,53.0895221,4.8092161,2024,,
NL-0125-19-16-2024-K25-0056.dw.png,NL-0125,53.0895221,4.8092161,2024,,
NL-0125-19-16-2024-K25-0057.dw.png,NL-0125,53.0895221,4.8092161,2024,,
NL-0125-19-16-2024-K25-0058.dw.png,NL-0125,53.0895221,4.8092161,2024,,
NL-0125-19-16-2024-K25-0059.dw.png,NL-0125,53.0895221,4.8092161,2024,,
NL-0125-19-16-2024-K25-0060.dw.png,NL-0125,53.0895221,4.8092161,2024,,
NL-0125-19-16-2024-K25-0061.dw.png,NL-0125,53.0895221,4.8092161,2024,,
NL-0125-19-16-2024-K25-0062.dw.png,NL-0125,53.0895221,4.8092161,2024,,
NL-0125-19-16-2024-K25-0063.dw.png,NL-0125,53.0895221,4.8092161,2024,,
NL-0125-19-16-2024-K25-0064.dw.png,NL-0125,53.0895221,4.8092161,2024,,
NL-0125-19-16-2024-K25-0065.dw.png,NL-0125,53.0895221,4.8092161,2024,,
NL-0125-19-16-2024-K25-0067.dw.png,NL-0125,53.0895221,4.8092161,2024,,
NL-0125-19-16-2024-K25-0068.dw.png,NL-0125,53.0895221,4.8092161,2024,,
NL-0125-19-16-2024-K25-0071.dw.png,NL-0125,53.0895221,4.8092161,2024,,
NL-0126-19-16-2024-K26-7424.dw.png,NL-0126,53.0895221,4.8092161,2024,,
NL-0126-19-16-2024-K26-7425.dw.png,NL-0126,53.0895221,4.8092161,2024,,
NL-0126-19-16-2024-K26-7426.dw.png,NL-0126,53.0895221,4.8092161,2024,,
NL-0126-19-16-2024-K26-7427.dw.png,NL-0126,53.0895221,4.8092161,2024,,
NL-0126-19-16-2024-K26-7428.dw.png,NL-0126,53.0895221,4.8092161,2024,,
NL-0126-19-16-2024-K26-7429.dw.png,NL-0126,53.0895221,4.8092161,2024,,
NL-0126-19-16-2024-K26-7431.dw.png,NL-0126,53.0895221,4.8092161,2024,,
NL-0126-19-16-2024-K26-7432.dw.png,NL-0126,53.0895221,4.8092161,2024,,
NL-0126-19-16-2024-K26-7433.dw.png,NL-0126,53.0895221,4.8092161,2024,,
NL-0126-19-16-2024-K26-7434.dw.png,NL-0126,53.0895221,4.8092161,2024,,
NL-0126-19-16-2024-K26-7435.dw.png,NL-0126,53.0895221,4.8092161,2024,,
NL-0126-19-16-2024-K26-7436.dw.png,NL-0126,53.0895221,4.8092161,2024,,
NL-0126-19-16-2024-K26-7437.dw.png,NL-0126,53.0895221,4.8092161,2024,,
NL-0126-19-16-2024-K26-7438.dw.png,NL-0126,53.0895221,4.8092161,2024,,
NL-0126-19-16-2024-K26-7439.dw.png,NL-0126,53.0895221,4.8092161,2024,,
NL-0126-19-16-2024-K26-7440.dw.png,NL-0126,53.0895221,4.8092161,2024,,
NL-0126-19-16-2024-K26-7441.dw.png,NL-0126,53.0895221,4.8092161,2024,,
NL-0126-19-16-2024-K26-7442.dw.png,NL-0126,53.0895221,4.8092161,2024,,
NL-0126-19-16-2024-K26-7443.dw.png,NL-0126,53.0895221,4.8092161,2024,,
NL-0126-19-16-2024-K26-7444.dw.png,NL-0126,53.0895221,4.8092161,2024,,
NL-0126-19-16-2024-K26-7445.dw.png,NL-0126,53.0895221,4.8092161,2024,,
NL-0126-19-16-2024-K26-7446.dw.png,NL-0126,53.0895221,4.8092161,2024,,
NL-0126-19-16-2024-K26-7447.dw.png,NL-0126,53.0895221,4.8092161,2024,,
NL-0126-19-16-2024-K26-7448.dw.png,NL-0126,53.0895221,4.8092161,2024,,
NL-0126-19-16-2024-K26-7449.dw.png,NL-0126,53.0895221,4.8092161,2024,,
NL-0126-19-16-2024-K26-7450.dw.png,NL-0126,53.0895221,4.8092161,2024,,
NL-0126-19-16-2024-K26-7451.dw.png,NL-0126,53.0895221,4.8092161,2024,,
NL-0126-19-16-2024-K26-7452.dw.png,NL-0126,53.0895221,4.8092161,2024,,
NL-0126-19-16-2024-K26-7453.dw.png,NL-0126,53.0895221,4.8092161,2024,,
NL-0126-19-16-2024-K26-7454.dw.png,NL-0126,53.0895221,4.8092161,2024,,
