"file","x1","y1","x2","y2","x3","y3","x4","y4","x5","y5","x6","y6","x7","y7","x8","y8","x9","y9","x10","y10","x11","y11","x12","y12","x13","y13","x14","y14","x15","y15","x16","y16","x17","y17","x18","y18","x19","y19"
"NL-0001-03-03-2024-K01-6957.dw.png","663","669","645","646","706","564","643","593","556","624","654","472","654","402","639","429","580","409","579","449","524","430","478","453","438","458","599","331","544","320","458","269","427","226","394","240","821","758"
"NL-0001-03-03-2024-K01-6958.dw.png","244","539","259","564","193","643","255","611","344","590","234","729","228","806","244","778","304","804","309","763","361","786","407","765","448","764","276","879","335","897","413","952","440","992","475","988","91","440"
"NL-0001-03-03-2024-K01-6959.dw.png","277","470","283","500","201","547","263","546","350","554","212","644","183","716","206","693","252","726","267","695","307","736","355","733","393","744","203","794","251","830","306","905","320","955","351","960","175","330"
"NL-0001-03-03-2024-K01-6960.dw.png","257","489","269","515","193","580","258","563","348","558","221","674","203","747","223","721","277","751","287","717","335","749","383","739","423","744","237","825","292","852","358","920","377","967","413","969","125","369"
"NL-0001-03-03-2024-K01-6961.dw.png","251","542","272","567","211","639","272","614","356","586","265","729","270","806","282","777","340","793","342","758","395","776","439","751","479","744","324","874","381","885","470","935","501","974","534","965","88","466"
"NL-0001-03-03-2024-K01-6962.dw.png","264","528","280","547","232","631","284","601","366","567","282","706","287","782","298","753","356","766","356","732","409","748","449","722","490","716","340","842","397","850","484","896","517","934","551","924","105","449"
"NL-0001-03-03-2024-K01-6963.dw.png","274","496","284","525","212","585","273","579","362","565","240","678","222","758","242","730","292","764","305","721","351","755","396","741","437","744","254","828","312","854","379","923","398","967","434","964","147","379"
"NL-0001-03-03-2024-K01-6964.dw.png","269","496","280","525","209","587","269","578","358","559","236","679","218","751","238","723","290","764","301","720","350","747","398","732","434","737","252","825","304","848","375","923","395","960","429","955","142","376"
"NL-0001-03-03-2024-K01-6965.dw.png","245","541","259","564","197","641","256","622","344","587","235","722","228","801","243","771","303","803","309","757","362","777","406","753","446","754","271","867","329","884","415","950","437","981","472","973","96","450"
"NL-0001-03-03-2024-K01-6966.dw.png","302","437","304","462","215","504","278","511","365","521","211","599","172","662","198","643","236","692","257","660","294","699","344","703","376","720","180","740","219","779","264","875","266","911","300","918","215","293"
"NL-0001-03-03-2024-K01-6968.dw.png","643","231","624","252","539","215","575","266","623","340","461","289","395","307","425","311","422","370","457","363","452","418","486","454","499","493","344","372","345","430","317","522","289","560","305","591","688","66"
"NL-0001-03-03-2024-K01-6969.dw.png","245","544","264","572","203","650","264","616","348","594","254","735","257","807","268","780","326","794","328","757","379","776","423","755","463","752","305","871","362","881","445","931","475","968","509","959","95","463"
"NL-0001-03-03-2024-K01-6970.dw.png","240","496","252","525","174","592","239","577","330","565","200","686","183","761","201","735","256","770","268","727","318","754","365","740","406","745","215","834","270","860","344","934","363","973","398","966","107","381"
"NL-0001-03-03-2024-K01-6971.dw.png","230","502","244","529","174","603","236","588","326","564","205","686","188","760","208","735","259","765","270","723","320","757","367","739","407","748","224","834","278","854","349","919","368","957","404","955","90","401"
"NL-0001-03-03-2024-K01-6972.dw.png","237","539","252","562","190","639","251","616","338","588","235","726","230","800","246","770","304","792","308","757","361","779","406","756","445","754","279","870","337","884","418","942","446","982","479","973","79","449"
"NL-0001-03-03-2024-K01-6973.dw.png","689","253","663","266","595","197","615","260","630","350","503","233","428","224","455","241","426","297","470","302","440","353","458","401","454","440","355","265","335","323","272","399","231","421","236","456","794","112"
"NL-0001-03-03-2024-K01-6974.dw.png","244","526","259","555","192","625","254","602","344","584","233","718","223","785","241","755","297","785","303","748","353","771","400","752","440","752","262","851","322","873","398","931","423","975","457","970","98","425"
"NL-0001-03-03-2024-K01-6975.dw.png","250","513","263","543","190","608","256","589","348","579","226","708","215","783","233","756","290","784","296","745","347","773","397","756","437","757","257","855","311","878","387","941","411","983","446","980","108","404"
"NL-0001-03-03-2024-K01-6976.dw.png","241","544","256","570","191","648","251","627","339","601","231","733","224","813","240","783","294","808","300","765","354","791","398","771","438","772","267","881","325","898","403","962","425","997","460","990","89","448"
"NL-0001-03-03-2024-K01-6977.dw.png","267","514","280","543","210","614","272","602","365","576","242","710","230","785","248","754","304","789","312","744","366","768","414","750","455","754","269","855","325","874","401","948","422","984","459","977","127","409"
"NL-0001-03-03-2024-K01-6978.dw.png","248","538","264","563","200","637","264","610","351","584","249","729","246","801","259","770","320","794","323","755","376","775","421","752","463","751","295","869","355","884","436","937","463","977","497","971","91","448"
"NL-0001-03-03-2024-K01-6979.dw.png","253","515","267","541","201","612","263","594","352","574","241","704","233","785","248","753","301","772","308","744","363","768","410","746","450","745","274","853","329","867","407","932","433","974","468","968","105","415"
"NL-0001-03-03-2024-K01-6980.dw.png","699","248","672","262","593","198","616","258","636","347","505","234","432","222","459","240","432","293","467","300","444","351","467","398","466","437","364","261","339","323","272","396","237","416","243","450","795","105"
"NL-0001-03-03-2024-K01-6981.dw.png","232","566","252","584","213","678","264","635","342","582","275","751","287","825","293","789","358","801","351","760","410","762","446","729","488","720","349","876","405","875","506","914","539","941","570","922","63","523"
"NL-0001-03-03-2024-K01-6982.dw.png","245","521","256","549","181","605","248","592","340","589","213","712","197","782","217","758","271","793","281","757","329","781","378","766","419","771","235","860","290","885","362","952","381","992","417","990","110","405"
"NL-0001-03-03-2024-K01-6983.dw.png","269","508","279","533","208","608","268","593","358","574","236","699","218","772","238","746","287","778","298","738","347","769","395","755","435","764","250","847","307","874","374","945","392","985","429","982","139","393"
"NL-0001-03-03-2024-K01-6984.dw.png","243","546","259","569","202","656","258","625","344","593","246","733","245","815","259","783","316","801","320","762","373","784","417","761","455","756","291","879","354","893","436","953","464","989","498","978","87","448"
"NL-0001-03-03-2024-K01-6985.dw.png","306","418","307","448","214","477","279","491","366","515","206","578","164","638","193","622","230","676","251","648","284","689","334","695","371","716","168","724","211","766","248","853","250","905","283","917","226","258"
"NL-0001-03-03-2024-K01-6986.dw.png","599","248","582","269","492","233","534","281","582","354","424","299","351","318","383","323","383","381","416","376","409","431","443","467","455","505","302","383","303","439","273","532","244","571","260","601","649","78"
"NL-0001-03-03-2024-K01-6987.dw.png","725","308","698","321","634","254","648","314","666","401","545","290","473","280","498","297","470","350","504","358","480","405","498","451","499","490","399","323","378","379","320","450","276","474","283","506","827","174"
"NL-0001-03-03-2024-K01-6988.dw.png","319","467","330","493","260","549","321","541","407","531","290","646","276","719","294","695","345","720","353","693","399","721","444","706","484","713","311","795","360","817","429","886","449","930","482","929","193","350"
"NL-0002-03-03-2024-K02-6989.dw.png","227","505","242","532","173","602","235","583","325","561","212","694","204","773","220","745","273","763","279","729","335","751","382","728","423","730","247","842","303","857","383","922","403","952","438","946","80","416"
"NL-0002-03-03-2024-K02-6990.dw.png","235","556","252","582","197","661","254","636","335","597","247","740","245","816","260","784","309","793","311","759","367","779","410","754","451","752","295","878","350","887","435","940","464","974","497","961","78","484"
"NL-0002-03-03-2024-K02-6991.dw.png","255","448","260","476","176","533","236","531","327","530","182","622","149","695","174","671","218","707","233","680","278","720","327","717","364","729","166","773","212","809","266","898","277","944","311","946","155","310"
"NL-0002-03-03-2024-K02-6992.dw.png","681","229","654","243","572","177","605","236","621","325","491","212","414","204","441","220","423","271","462","276","434","328","453","378","451","415","347","242","328","299","262","376","223","398","230","431","777","87"
"NL-0002-03-03-2024-K02-6993.dw.png","242","577","263","602","212","687","266","655","346","610","263","760","268","834","278","803","336","815","335","781","391","791","435","766","475","760","321","891","380","896","468","942","499","977","532","966","89","509"
"NL-0002-03-03-2024-K02-6994.dw.png","254","478","265","504","188","575","251","558","344","546","212","661","192","732","212","706","260","743","272","701","321","733","371","722","410","730","221","805","272","829","339","910","354","947","389","949","126","368"
"NL-0002-03-03-2024-K02-6995.dw.png","240","494","251","517","188","601","245","571","335","553","220","677","209","757","227","730","277","752","283","711","337","739","383","726","423","729","245","823","300","844","377","914","397","955","433","950","103","399"
"NL-0002-03-03-2024-K02-6996.dw.png","253","453","262","476","190","545","249","529","336","521","213","631","190","702","212","675","257","703","269","667","316","700","364","688","401","697","217","767","269","794","333","869","348","903","383","905","127","346"
"NL-0002-03-03-2024-K02-6997.dw.png","257","482","267","512","192","577","254","565","344","556","215","672","194","738","215","716","263","745","272","718","322","745","371","733","409","742","224","812","277","838","341","916","357","959","391","957","135","373"
"NL-0002-03-03-2024-K02-6998.dw.png","232","492","244","521","173","589","233","576","322","557","203","675","187","751","206","722","252","741","263","710","311","743","358","729","400","733","218","817","266","838","340","916","360","958","395","955","99","392"
"NL-0002-03-03-2024-K02-6999.dw.png","230","532","248","560","185","637","244","614","327","585","224","718","217","792","233","763","286","786","291","748","344","768","390","748","429","748","261","855","318","868","396","925","422","966","455","958","90","443"
"NL-0002-03-03-2024-K02-7001.dw.png","632","211","610","236","524","194","560","248","609","326","454","263","377","284","410","288","405","345","444","337","441","395","476","432","485","471","331","343","335","399","298","495","273","527","290","558","665","50"
"NL-0002-03-03-2024-K02-7002.dw.png","210","592","230","614","180","697","237","671","314","622","241","778","248","856","261","826","310","828","308","793","366","806","407","780","448","772","304","913","359","919","452","969","484","1000","515","985","55","531"
"NL-0002-03-03-2024-K02-7003.dw.png","220","586","241","609","193","697","248","659","325","618","248","773","257","848","267","816","323","823","323","800","383","804","423","775","459","769","318","907","375","911","463","953","494","984","525","970","58","518"
"NL-0002-03-03-2024-K02-7004.dw.png","227","538","242","562","180","643","239","617","326","588","219","725","211","804","228","772","281","789","286","764","344","782","390","763","429","764","257","872","312","887","393","953","417","988","452","982","87","439"
"NL-0002-03-03-2024-K02-7005.dw.png","637","208","611","225","526","169","556","227","591","309","447","219","375","218","401","232","387","284","426","285","409","341","431","386","434","422","312","268","301","325","247","409","214","434","225","467","715","57"
"NL-0002-03-03-2024-K02-7006.dw.png","218","538","230","562","163","640","225","621","315","594","197","724","187","799","204","771","258","797","265","763","320","780","367","760","407","761","229","865","282","881","366","954","386","989","421","981","75","437"
"NL-0002-03-03-2024-K02-7007.dw.png","221","586","239","607","188","686","245","665","326","621","242","762","249","840","259","809","312","820","312","784","369","796","409","769","447","765","301","896","360","904","447","952","477","985","507","968","67","521"
"NL-0002-03-03-2024-K02-7008.dw.png","219","570","238","593","182","676","242","648","330","611","235","759","239","839","251","807","304","815","305","781","366","799","411","771","455","768","296","907","353","911","443","966","469","998","503","982","62","508"
"NL-0002-03-03-2024-K02-7009.dw.png","224","538","241","562","182","641","241","622","323","580","221","721","217","796","234","770","288","789","290","756","348","771","393","751","430","749","266","864","320","877","400","936","424","969","458","961","77","451"
"NL-0002-03-03-2024-K02-7010.dw.png","656","224","633","242","547","191","571","248","618","329","462","244","392","247","421","258","405","313","442","311","433","368","463","411","469","449","331","299","325","352","271","444","237","472","251","505","733","68"
"NL-0002-03-03-2024-K02-7011.dw.png","246","544","261","568","206","649","262","627","344","587","250","724","247","799","263","772","311","782","314","751","371","768","413","747","452","745","294","861","345","871","429","927","456","962","488","952","95","464"
"NL-0002-03-03-2024-K02-7012.dw.png","248","538","265","563","204","643","265","613","348","581","250","728","250","803","264","775","318","794","319","754","378","772","423","746","463","741","299","866","354","877","437","933","465","969","500","955","92","444"
"NL-0002-03-03-2024-K02-7013.dw.png","212","584","230","608","176","689","234","665","313","621","226","762","230","841","242","811","298","822","297","789","355","803","396","777","435","772","285","901","338","907","424","956","452","987","483","975","55","513"
"NL-0002-03-03-2024-K02-7014.dw.png","230","552","248","575","194","664","249","632","335","592","243","747","244","824","257","793","310","805","312","776","369","788","413","764","453","762","289","883","351","897","436","955","463","989","496","973","76","483"
"NL-0002-03-03-2024-K02-7015.dw.png","245","519","261","544","195","620","258","601","345","570","236","705","229","783","245","753","300","772","304","742","364","764","410","747","449","746","273","851","330","871","409","937","433","973","469","967","99","426"
"NL-0002-03-03-2024-K02-7016.dw.png","221","582","241","608","189","696","245","660","330","620","241","775","243","852","257","821","314","837","313","800","370","811","414","785","454","782","293","909","357","920","443","974","471","1007","504","991","63","524"
"NL-0002-03-03-2024-K02-7017.dw.png","227","561","247","582","206","676","257","640","337","591","263","750","272","824","281","793","336","801","333","768","391","772","433","741","470","733","327","877","383","880","480","927","509","957","543","944","67","497"
"NL-0002-03-03-2024-K02-7018.dw.png","207","588","227","610","185","704","235","666","318","619","239","774","246","848","257","815","309","822","309","792","368","800","409","770","451","764","303","906","363","911","460","962","488","991","522","978","50","533"
"NL-0003-08-19-2024-K01-5858.dw.png","827","536","791","541","715","458","723","517","737","616","625","468","566","444","587","465","542","508","593","530","550","569","551","618","538","659","491","466","459","510","371","576","336","587","328","624","954","429"
"NL-0003-08-19-2024-K01-5859.dw.png","399","366","412","391","347","481","403","461","494","428","375","562","366","637","380","607","432","636","440","588","492","622","537","612","580","617","398","696","452","721","529","790","549","831","585","830","260","258"
"NL-0003-08-19-2024-K01-5860.dw.png","468","393","480","419","416","513","471","482","565","458","444","593","430","658","448","634","499","658","507","626","560","648","608","633","651","636","467","727","520","750","599","823","618","859","657","860","336","287"
"NL-0003-08-19-2024-K01-5861.dw.png","453","427","465","457","388","498","453","514","546","498","414","577","400","667","419","634","470","656","478","645","533","678","575","667","620","674","434","744","481","763","551","831","575","886","615","881","332","299"
"NL-0003-08-19-2024-K01-5862.dw.png","491","420","502","448","431","530","491","513","588","487","464","621","452","693","470","666","523","693","532","656","581","681","632","667","677","676","494","767","548","790","630","865","652","904","690","902","359","312"
"NL-0003-08-19-2024-K01-5863.dw.png","489","388","501","411","432","498","491","474","585","444","458","577","447","649","463","620","518","648","527","610","583","642","632","628","674","630","484","716","543","742","617","811","642","858","680","856","355","279"
"NL-0003-08-19-2024-K01-5864.dw.png","472","391","485","419","416","505","476","488","570","454","446","592","439","669","453","643","507","670","514","631","570","658","620","649","661","651","474","735","531","761","613","836","634","874","671","875","334","278"
"NL-0003-08-19-2024-K01-5865.dw.png","493","382","498","411","415","477","474","472","570","460","427","568","401","636","422","614","468","651","483","616","529","652","579","647","620","664","422","711","470","745","530","828","543","874","581","879","388","242"
"NL-0003-08-19-2024-K01-5866.dw.png","491","351","500","385","419","465","482","446","581","426","440","554","423","621","443","594","496","632","508","596","557","625","608","617","651","625","455","691","512","724","585","805","604","847","642","847","361","228"
"NL-0003-08-19-2024-K01-5867.dw.png","472","363","486","388","424","475","483","453","576","418","462","555","458","628","470","599","529","624","535","589","589","611","635","589","677","587","505","692","564","711","648","771","677","809","713","807","328","261"
"NL-0003-08-19-2024-K01-5868.dw.png","485","383","494","412","421","488","483","472","575","448","448","575","434","645","451","616","503","642","513","609","562","637","610","626","653","633","470","716","523","737","594","811","614","852","651","853","357","270"
"NL-0003-08-19-2024-K01-5869.dw.png","473","404","480","428","400","501","461","492","558","482","414","587","390","658","413","633","464","673","479","633","527","669","575","661","619","671","419","734","476","767","543","848","559","891","597","893","357","276"
"NL-0003-08-19-2024-K01-5870.dw.png","487","396","486","427","390","482","452","482","549","493","385","569","347","627","374","608","412","652","433","621","470","665","520","670","556","692","355","706","397","751","438","838","442","885","475","899","405","246"
"NL-0003-08-19-2024-K01-5871.dw.png","479","390","487","414","408","490","469","478","565","464","424","580","402","643","422","622","472","657","487","621","534","652","583","645","624","655","434","721","484","752","551","831","568","874","605","877","365","263"
"NL-0003-08-19-2024-K01-5872.dw.png","414","393","427","421","358","503","420","480","509","454","391","590","385","658","398","633","455","663","463","616","514","645","561","637","601","637","425","728","484","754","563","818","586","855","623","852","271","285"
"NL-0003-08-19-2024-K01-5873.dw.png","428","395","442","421","377","509","433","486","525","460","405","590","394","660","410","635","462","662","472","627","524","651","572","636","612","639","431","729","488","754","567","827","584","859","623","854","296","288"
"NL-0003-08-19-2024-K01-5874.dw.png","422","376","439","401","378","489","436","465","523","427","415","570","410","638","423","611","479","632","486","597","540","619","586","601","625","600","456","707","514","724","596","782","619","816","657","819","275","280"
"NL-0003-08-19-2024-K01-5875.dw.png","482","416","494","446","418","529","482","505","579","478","448","622","437","689","452","661","509","687","518","651","574","677","624","666","668","669","471","755","532","782","611","856","632","894","672","894","345","310"
"NL-0003-08-19-2024-K01-5876.dw.png","395","420","413","439","367","535","420","500","503","452","417","613","422","681","431","653","490","662","490","631","547","640","589","608","629","602","476","740","534","748","629","798","655","828","691","820","239","352"
"NL-0003-08-19-2024-K01-5877.dw.png","422","397","436","424","372","510","429","491","524","457","406","597","400","671","415","641","470","667","476","626","530","653","577","636","620","640","444","742","499","761","578","827","599","861","636","858","280","296"
"NL-0003-08-19-2024-K01-5878.dw.png","447","389","461","415","396","500","455","472","547","445","427","577","421","652","435","620","493","649","499","608","554","636","602","615","645","618","463","717","523","738","602","802","632","847","668","844","305","284"
"NL-0003-08-19-2024-K01-5879.dw.png","414","343","428","364","377","467","429","425","521","391","418","543","418","612","428","582","485","603","488","567","542","580","587","559","627","558","464","670","519","685","609","743","633","772","668","767","260","262"
"NL-0003-08-19-2024-K01-5880.dw.png","411","370","425","396","363","485","419","459","509","430","395","564","388","637","404","611","457","628","464","600","521","625","566","605","608","605","431","705","483","724","569","794","590","827","628","826","273","265"
"NL-0003-08-19-2024-K01-5881.dw.png","401","391","412","414","344","496","405","475","496","449","374","575","365","649","380","622","436","653","444","610","497","634","543","621","585","622","404","716","462","737","542","807","561","838","598","837","257","285"
"NL-0003-08-19-2024-K01-5882.dw.png","393","403","406","429","343","512","399","484","488","453","372","586","364","658","379","628","433","655","441","614","493","644","540","626","584","628","401","719","462","741","541","811","565","850","600","846","251","298"
"NL-0003-08-19-2024-K01-5883.dw.png","459","391","470","417","398","502","458","481","557","459","425","588","413","662","429","636","482","663","494","619","547","651","597","643","640","650","450","731","507","756","588","831","610","872","649","871","322","277"
"NL-0003-08-19-2024-K01-5884.dw.png","450","405","464","426","407","520","463","494","551","454","445","603","439","671","453","646","507","664","513","626","567","650","614","629","656","630","484","738","542","759","625","819","652","859","689","850","309","317"
"NL-0003-08-19-2024-K01-5885.dw.png","415","404","426","428","364","518","423","482","515","459","398","600","389","664","405","639","461","665","467","628","520","648","566","630","608","636","432","732","485","750","568","817","589","852","626","847","271","296"
"NL-0003-08-19-2024-K01-5886.dw.png","467","391","476","421","403","497","465","481","563","463","429","581","415","660","433","631","488","662","499","624","550","655","598","645","642","652","451","731","511","758","583","829","604","874","642","873","336","273"
"NL-0003-08-19-2024-K01-5887.dw.png","415","406","426","434","359","510","418","497","516","474","389","594","379","673","396","643","452","671","459","632","510","659","557","646","601","651","420","743","479","766","554","834","575","876","612","874","277","305"
"NL-0004-08-19-2024-K02-5802.dw.png","367","461","377","483","308","552","370","529","456","516","340","640","331","715","347","690","399","721","406","685","456","709","498","696","538","700","368","782","418","804","494","874","516","913","550","907","238","346"
"NL-0004-08-19-2024-K02-5803.dw.png","374","450","384","476","316","549","373","534","463","517","342","631","329","702","345","673","396","714","405","675","456","703","500","690","539","697","364","775","414","796","483","873","504","916","539","917","253","333"
"NL-0004-08-19-2024-K02-5804.dw.png","368","443","381","467","315","543","377","530","467","500","353","637","350","713","362","682","419","710","424","677","479","699","524","682","565","685","393","781","445","800","530","867","555","907","592","903","233","330"
"NL-0004-08-19-2024-K02-5805.dw.png","388","404","401","427","337","502","398","478","489","451","383","593","384","665","396","635","452","657","456","628","509","643","552","622","592","623","428","723","484","740","570","802","594","832","630","826","241","303"
"NL-0004-08-19-2024-K02-5806.dw.png","409","381","422","402","365","490","421","472","506","429","402","571","399","641","412","614","467","641","470","605","528","623","572","606","612","605","442","702","494","721","585","788","607","819","643","813","271","283"
"NL-0004-08-19-2024-K02-5807.dw.png","380","404","389","425","323","505","379","482","467","464","348","580","337","654","354","629","407","656","413","630","465","654","511","641","549","646","377","724","425","745","506","823","523","854","558","851","254","285"
"NL-0004-08-19-2024-K02-5808.dw.png","347","449","361","472","301","557","360","534","445","497","342","641","339","714","353","685","408","706","412","679","470","694","512","674","552","671","387","781","439","797","526","859","551","895","587","894","204","350"
"NL-0004-08-19-2024-K02-5809.dw.png","361","408","376","427","328","521","379","488","466","453","374","602","376","674","386","645","443","663","443","628","502","642","545","619","586","617","425","733","482","744","572","801","596","828","632","821","219","327"
"NL-0004-08-19-2024-K02-5811.dw.png","402","398","411","418","342","493","404","482","495","458","373","586","364","659","380","634","432","658","438","631","492","656","538","641","578","642","402","725","452","750","535","825","553","859","590","855","279","278"
"NL-0004-08-19-2024-K02-5812.dw.png","389","396","401","417","337","491","398","475","488","452","375","583","373","654","384","627","440","654","444","620","499","642","547","622","585","625","413","719","467","737","552","809","573","841","611","834","249","292"
"NL-0004-08-19-2024-K02-5813.dw.png","365","410","378","436","314","512","375","497","466","461","354","600","352","675","365","644","420","667","425","641","483","660","528","640","567","638","395","738","448","755","537","820","564","859","601","856","223","300"
"NL-0004-08-19-2024-K02-5814.dw.png","370","420","384","441","323","530","382","505","471","465","363","613","362","686","374","656","435","678","439","651","498","667","542","645","583","641","410","751","467","769","559","833","583","865","620","858","221","313"
"NL-0004-08-19-2024-K02-5815.dw.png","317","380","335","403","295","500","343","465","428","417","347","573","356","643","364","619","422","631","422","596","476","604","517","581","554","575","407","697","463","706","555","756","584","786","616","777","162","308"
"NL-0004-08-19-2024-K02-5816.dw.png","330","430","351","446","332","555","373","507","445","445","401","621","422","686","425","656","483","655","478","628","533","622","569","587","605","573","483","728","538","723","646","756","679","778","709","761","165","391"
"NL-0005-08-19-2024-K03-5817.dw.png","328","411","346","426","319","530","360","484","433","430","365","584","381","655","385","624","448","632","440","594","496","598","534","571","576","557","446","705","507","706","595","738","632","768","664","750","166","349"
"NL-0005-08-19-2024-K03-5818.dw.png","354","492","364","515","302","600","359","576","447","546","335","680","324","743","340","717","396","742","400","708","454","727","499","712","543","712","363","807","422","827","500","893","525","934","562","930","218","394"
"NL-0005-08-19-2024-K03-5819.dw.png","314","416","328","433","288","540","337","499","417","451","328","606","330","675","341","646","402","666","397","618","455","633","497","611","542","605","384","735","444","746","534","801","562","835","596","821","159","343"
"NL-0005-08-19-2024-K03-5820.dw.png","389","501","405","521","362","617","413","590","491","540","410","693","411","758","422","725","478","735","479","708","537","719","577","696","620","688","461","814","524","824","607","871","645","914","680","901","240","432"
"NL-0005-08-19-2024-K03-5821.dw.png","343","459","356","477","314","575","361","540","443","499","352","646","351","715","363","684","421","704","419","658","475","679","517","660","562","654","404","779","461","790","549","846","581","887","615","879","197","370"
"NL-0005-08-19-2024-K03-5822.dw.png","351","468","367","493","313","588","369","556","453","517","353","662","352","725","363","701","423","720","424","683","480","701","521","683","565","680","398","787","459","802","545","860","571","898","608","893","207","384"
"NL-0005-08-19-2024-K03-5823.dw.png","427","416","445","441","405","545","452","504","532","454","449","614","450","678","462","649","519","659","519","633","577","637","615","613","659","603","500","733","568","744","657","792","689","828","725","822","274","349"
"NL-0005-08-19-2024-K03-5824.dw.png","389","403","406","424","366","530","415","492","491","440","412","598","414","662","425","634","483","646","481","613","539","622","576","601","621","593","468","720","530","726","616","775","648","811","684","804","236","328"
"NL-0005-08-19-2024-K03-5825.dw.png","325","406","339","424","296","517","346","487","424","439","344","587","356","661","363","632","420","649","418","613","473","620","515","595","555","586","410","716","465","725","559","775","585","802","619","791","168","331"
"NL-0005-08-19-2024-K03-5826.dw.png","432","398","443","418","385","505","437","480","524","449","412","576","404","648","418","622","478","659","478","612","533","633","577","620","623","624","450","722","505","740","580","805","602","841","639","840","298","299"
"NL-0005-08-19-2024-K03-5827.dw.png","421","354","436","383","377","474","433","445","518","412","410","551","402","617","419","590","474","608","476","580","536","599","580","582","626","580","443","681","510","703","585","759","614","803","652","796","279","254"
"NL-0005-08-19-2024-K03-5828.dw.png","446","375","463","402","415","499","467","462","550","420","459","575","459","640","470","608","531","625","531","590","590","605","633","580","678","573","509","697","575","709","663","758","697","794","733","781","295","297"
"NL-0005-08-19-2024-K03-5829.dw.png","404","381","421","405","371","503","423","470","512","431","413","581","415","655","426","625","484","635","486","608","545","619","586","601","629","598","459","710","521","726","611","787","643","830","680","823","254","295"
"NL-0005-08-19-2024-K03-5832.dw.png","443","330","456","356","402","443","453","415","542","384","437","519","431","584","445","559","498","580","501","544","555","565","600","545","643","550","473","646","527","665","611","728","637","767","673","762","302","233"
"NL-0005-08-19-2024-K03-5833.dw.png","534","457","529","485","420","516","486","530","575","571","390","610","341","661","370","647","401","695","418","682","457","727","502","744","537","773","331","730","359","781","382","892","372","943","404","965","492","290"
"NL-0005-08-19-2024-K04-5835.dw.png","358","363","370","379","316","467","372","447","456","407","359","550","361","623","372","597","424","610","425","578","478","588","521","571","565","568","404","680","456","692","541","751","565","783","599","777","216","275"
"NL-0005-08-19-2024-K04-5836.dw.png","326","401","345","423","305","508","351","473","428","433","357","580","368","654","377","625","428","632","427","602","483","611","521","586","560","579","422","707","475","712","563","757","596","789","628","777","175","332"
"NL-0005-08-19-2024-K04-5837.dw.png","823","299","803","321","709","285","751","335","807","408","640","351","571","370","600","375","597","437","633","428","635","485","666","519","679","561","528","433","530","494","499","590","473","623","490","654","871","134"
"NL-0007-08-19-2024-K05-5838.dw.png","382","386","395","416","329","486","386","469","474","447","361","566","354","644","368","615","422","646","427","607","480","633","524","622","564","629","394","712","446","733","521","796","545","837","580","833","245","294"
"NL-0007-08-19-2024-K05-5839.dw.png","441","347","450","377","377","443","439","431","531","420","405","533","389","607","407","580","457","614","466","577","513","602","558","596","598","601","422","673","474","696","540","765","559","805","593","801","315","233"
"NL-0007-08-19-2024-K05-5840.dw.png","427","409","440","437","369","507","431","495","521","473","399","593","387","664","404","638","457","669","465","635","514","656","559","646","600","652","421","729","474","752","544","817","568","865","605","863","300","307"
"NL-0007-08-19-2024-K05-5841.dw.png","474","365","479","395","394","447","455","449","547","453","401","532","372","610","393","584","437","625","451","604","494","640","541","640","579","656","389","688","434","726","486","813","497","859","532","863","380","235"
"NL-0007-08-19-2024-K05-5842.dw.png","456","382","469","409","405","481","464","459","548","441","440","566","433","637","447","610","498","636","504","593","551","619","596","608","635","612","472","700","526","717","598","777","620","812","656","809","332","290"
"NL-0007-08-19-2024-K05-5843.dw.png","409","370","427","398","367","473","427","454","509","421","410","552","414","635","424","605","483","628","484","588","538","607","580","589","620","584","461","696","517","710","601","765","630","802","663","793","269","294"
"NL-0007-08-19-2024-K05-5844.dw.png","449","334","460","367","388","435","450","415","538","406","416","522","406","595","421","569","473","605","480","567","529","594","575","586","615","592","441","668","490","691","560","763","580","804","615","801","330","220"
"NL-0007-08-19-2024-K05-5845.dw.png","426","383","437","411","367","482","427","464","516","456","392","569","378","643","395","618","445","646","454","613","504","642","548","634","591","642","411","718","464","740","530","811","552","858","588","857","305","283"
"NL-0007-08-19-2024-K05-5846.dw.png","398","362","411","387","350","469","406","445","490","420","383","550","376","623","390","597","441","624","447","588","499","609","543","598","581","599","413","690","465","713","539","777","562","817","595","812","272","260"
"NL-0007-08-19-2024-K05-5847.dw.png","371","411","385","438","322","512","380","497","469","469","356","590","350","671","364","643","419","669","423","639","477","659","521","645","561","647","394","741","448","760","527","830","547","863","583","858","241","319"
"NL-0007-08-19-2024-K05-5848.dw.png","410","376","422","400","357","470","417","454","503","430","395","558","389","630","404","603","457","628","461","594","514","610","553","594","598","600","431","695","482","712","559","772","584","811","618","804","274","287"
"NL-0007-08-19-2024-K05-5849.dw.png","446","384","459","415","393","478","451","468","539","450","421","557","408","636","425","607","475","637","484","606","533","635","576","624","615","631","443","703","494","727","565","797","587","842","623","838","320","282"
"NL-0007-08-19-2024-K05-5850.dw.png","433","356","443","386","367","453","429","446","521","433","389","542","368","615","389","589","436","625","448","588","495","620","541","612","581","623","397","688","451","718","511","790","527","831","562","831","316","242"
"NL-0007-08-19-2024-K05-5851.dw.png","460","423","471","451","402","513","460","504","548","486","428","594","416","669","431","639","484","676","492","645","542","670","585","662","624","669","453","737","501","760","572","827","595","871","632","872","334","324"
"NL-0007-08-19-2024-K05-5852.dw.png","433","374","446","399","383","472","440","457","528","435","418","561","410","634","424","607","475","629","480","595","532","617","575","604","620","613","447","698","500","714","573","776","598","819","635","817","304","279"
"NL-0007-08-19-2024-K05-5853.dw.png","399","409","417","437","357","511","413","495","499","467","395","592","393","667","406","642","457","658","462","628","515","645","559","632","600","633","434","728","487","743","568","804","596","842","629","835","266","324"
"NL-0007-08-19-2024-K05-5854.dw.png","413","383","423","411","355","490","412","473","506","457","382","575","369","647","386","621","434","647","442","615","494","645","540","634","580","640","401","714","452","736","524","813","545","856","579","853","287","275"
"NL-0007-08-19-2024-K05-5855.dw.png","413","364","428","394","365","484","421","445","511","421","402","565","396","633","412","608","464","631","466","594","521","615","565","601","607","600","437","698","494","716","568","778","593","817","628","811","278","277"
"NL-0007-08-19-2024-K05-5856.dw.png","448","378","459","406","388","478","445","462","533","443","415","562","399","633","417","607","466","637","475","603","524","631","565","623","606","634","432","700","481","724","548","791","570","838","604","838","321","278"
"NL-0007-08-19-2024-K05-5857.dw.png","455","382","465","409","399","497","455","473","545","448","427","576","416","648","431","620","485","654","491","623","545","643","593","630","635","633","459","722","511","744","586","814","608","853","644","848","320","276"
"NL-0008-08-19-2024-K06-5889.dw.png","358","401","375","430","319","519","374","491","461","459","358","595","359","673","373","645","427","662","431","627","485","649","527","628","567","628","406","736","462","747","546","810","575","848","607","839","215","315"
"NL-0008-08-19-2024-K06-5890.dw.png","367","462","381","491","312","561","376","550","465","520","349","653","341","727","358","702","411","728","417","691","469","715","516","701","557","705","380","793","439","816","516","891","541","933","575","927","233","359"
"NL-0008-08-19-2024-K06-5891.dw.png","356","461","371","486","315","568","373","543","460","508","364","655","368","731","380","704","431","717","433","677","487","699","529","676","571","675","416","792","470","804","555","862","590","906","623","898","210","377"
"NL-0008-08-19-2024-K06-5892.dw.png","425","423","441","451","378","534","438","509","525","481","420","619","418","691","432","666","488","690","493","652","547","677","591","658","632","658","461","751","519","771","604","841","632","882","665","877","284","338"
"NL-0008-08-19-2024-K06-5893.dw.png","410","434","420","462","346","538","408","520","499","503","372","628","358","702","375","678","426","702","435","672","486","698","534","686","576","691","392","773","443","800","516","880","538","927","573","923","284","313"
"NL-0008-08-19-2024-K06-5894.dw.png","352","485","368","516","302","595","361","573","446","547","333","674","327","755","343","727","396","752","404","715","455","742","500","729","539","730","367","825","424","846","500","915","525","957","559","953","216","390"
"NL-0008-08-19-2024-K06-5896.dw.png","341","466","359","489","310","578","362","553","444","507","351","652","354","729","365","696","424","718","425","681","479","697","522","673","561","669","403","789","464","804","550","859","582","895","616","889","194","384"
"NL-0008-08-19-2024-K06-5897.dw.png","384","410","392","441","311","509","375","499","474","497","331","607","310","677","330","657","380","689","393","654","443","685","492","676","532","685","337","749","391","783","459","863","475","908","512","913","262","293"
"NL-0008-08-19-2024-K06-5898.dw.png","467","406","465","434","367","470","424","489","515","507","347","565","301","623","327","612","360","658","386","631","416","677","466","685","498","706","300","704","336","748","366","847","365","896","398","906","407","248"
"NL-0008-08-19-2024-K06-5899.dw.png","404","427","413","454","338","528","398","514","491","505","359","625","342","694","359","672","409","702","420","663","469","693","517","684","557","696","371","765","421","794","490","876","508","918","544","921","285","313"
"NL-0008-08-19-2024-K06-5900.dw.png","383","440","389","472","311","536","371","522","463","519","325","619","302","695","323","671","368","706","382","670","428","707","475","699","514","707","327","769","377","797","435","880","452","928","486","930","270","321"
"NL-0008-08-19-2024-K06-5901.dw.png","333","400","344","427","273","499","333","484","425","468","300","588","285","658","303","638","353","661","363","625","413","656","461","643","499","647","320","728","371","750","443","825","464","868","499","866","204","288"
"NL-0009-08-19-2024-K07-5935.dw.png","427","394","439","421","369","499","430","482","523","456","403","589","392","662","408","636","463","667","470","626","522","652","571","634","614","641","429","730","486","754","564","826","585","862","621","857","290","291"
"NL-0009-08-19-2024-K07-5936.dw.png","410","392","422","415","352","493","414","480","508","452","383","581","374","658","389","630","446","664","453","627","509","647","559","634","602","638","415","726","470","750","553","826","574","863","613","856","270","280"
"NL-0009-08-19-2024-K07-5937.dw.png","390","427","403","453","338","530","395","508","484","484","374","617","366","691","382","661","434","690","440","654","493","677","539","659","582","664","407","758","459","776","535","839","563","885","600","880","254","322"
"NL-0009-08-19-2024-K07-5938.dw.png","423","405","431","429","356","499","416","481","506","474","375","583","356","654","374","629","421","666","434","627","483","661","532","654","571","664","386","726","435","755","505","835","521","875","556","875","307","288"
"NL-0009-08-19-2024-K07-5939.dw.png","465","404","471","431","392","492","453","484","545","481","406","585","380","653","402","628","448","669","461","634","509","665","558","657","599","671","407","728","457","756","513","828","529","875","566","879","353","274"
"NL-0009-08-19-2024-K07-5940.dw.png","500","397","505","425","419","483","482","478","573","480","427","576","397","644","420","618","462","669","480","628","526","668","577","665","617","680","416","718","464","752","519","835","531","885","569","889","395","259"
"NL-0009-08-19-2024-K07-5941.dw.png","477","424","484","450","404","518","464","510","555","493","420","600","395","669","415","647","463","684","477","651","523","683","572","679","610","691","424","746","472","776","531","853","546","895","582","896","372","304"
"NL-0009-08-19-2024-K07-5942.dw.png","430","406","440","432","366","499","430","493","520","472","397","590","383","665","401","638","451","672","460","640","510","664","557","651","600","660","419","736","472","761","537","832","558","874","595","870","302","294"
"NL-0009-08-19-2024-K07-5943.dw.png","458","415","467","443","391","515","451","507","542","482","417","603","401","672","419","650","470","679","479","649","527","679","575","667","615","676","436","748","485","770","554","846","573","887","607","883","338","307"
"NL-0009-08-19-2024-K07-5944.dw.png","434","418","440","448","358","510","419","504","511","494","373","603","348","668","367","647","413","692","429","649","475","684","523","679","562","688","374","750","418","776","479","861","491","903","527","907","329","287"
"NL-0009-08-19-2024-K07-5945.dw.png","388","392","397","421","315","481","380","478","471","469","336","583","314","651","335","627","384","669","396","629","446","664","497","654","537","664","343","727","395","760","458","835","477","881","514","874","270","257"
"NL-0009-08-19-2024-K07-5946.dw.png","404","344","414","374","341","445","400","429","494","416","366","532","350","610","368","586","420","616","428","582","481","614","529","604","569","611","388","683","435","705","512","785","529","822","565","819","282","220"
"NL-0009-08-19-2024-K07-5947.dw.png","391","405","401","431","326","504","387","494","478","469","350","596","333","664","350","640","401","672","413","639","464","665","516","651","553","658","368","737","415","760","488","836","504","876","539","877","269","287"
"NL-0009-08-19-2024-K07-5948.dw.png","406","407","417","430","350","515","408","491","504","466","377","594","368","674","385","649","437","673","446","637","499","665","548","656","592","663","407","745","458","766","538","840","560","880","599","874","270","302"
"NL-0009-08-19-2024-K07-5949.dw.png","394","418","405","440","345","517","400","492","486","473","377","594","371","671","386","646","438","671","443","631","493","658","536","646","577","652","411","736","464","754","537","817","561","859","595","852","259","318"
"NL-0009-08-19-2024-K07-5950.dw.png","405","373","419","400","359","478","416","468","494","426","399","563","393","634","407","609","461","632","465","595","515","616","560","598","600","599","438","701","493","717","573","779","598","816","632","809","270","283"
"NL-0009-08-19-2024-K07-5951.dw.png","383","368","394","390","332","472","388","452","473","421","364","550","355","623","370","596","423","623","429","587","481","606","526","590","566","591","395","686","448","706","527","771","549","808","581","798","248","269"
"NL-0009-08-19-2024-K07-5952.dw.png","408","407","418","437","347","503","405","489","495","476","371","589","357","673","375","649","423","677","431","646","481","671","528","660","570","668","390","739","437","760","512","838","530","879","566","878","289","296"
"NL-0009-08-19-2024-K07-5953.dw.png","368","359","380","383","313","466","376","455","465","417","353","556","348","628","361","601","415","622","421","590","474","612","521","593","565","596","389","693","442","710","524","777","547","814","584","806","230","257"
"NL-0009-08-19-2024-K07-5954.dw.png","402","385","414","412","345","485","404","469","493","447","379","574","369","648","385","622","436","652","443","611","493","640","536","626","581","631","404","711","457","735","534","805","556","845","590","835","272","281"
"NL-0009-08-19-2024-K07-5956.dw.png","398","351","412","376","352","458","410","441","498","404","393","543","393","623","407","594","461","615","464","581","518","600","564","580","607","578","440","687","494","700","583","767","608","802","645","799","255","256"
"NL-0009-08-19-2024-K07-5957.dw.png","403","387","413","414","345","486","405","475","491","447","377","577","366","649","382","625","433","655","440","610","490","640","536","625","576","632","407","721","455","739","530","810","550","848","586","844","279","277"
"NL-0009-08-19-2024-K07-5959.dw.png","375","449","391","478","332","564","388","546","469","503","374","643","373","717","385","691","441","716","444","671","498","695","540","672","583","675","422","785","475","796","560","863","585","898","623","893","235","366"
"NL-0009-08-19-2024-K07-5960.dw.png","388","455","402","484","335","555","394","538","481","517","369","645","360","723","375","692","427","722","432","684","484","706","533","689","577","696","401","794","452","811","523","876","553","926","593","918","257","350"
"NL-0009-08-19-2024-K07-5961.dw.png","392","485","407","506","356","589","410","563","492","523","401","663","405","739","416","711","473","734","472","691","524","705","566","684","605","680","455","800","509","810","591","860","621","895","652","885","245","404"
"NL-0009-08-19-2024-K07-5962.dw.png","379","455","391","481","324","555","384","543","471","508","360","646","353","726","371","699","423","720","428","690","484","709","533","688","572","688","398","795","455","817","540","884","563","919","599","913","239","354"
"NL-0009-08-19-2024-K07-5963.dw.png","383","439","393","467","321","540","381","518","470","511","346","622","329","697","348","671","399","708","410","667","458","700","506","690","544","698","364","772","416","796","486","874","506","918","541","914","257","326"
"NL-0009-08-19-2024-K07-5964.dw.png","395","421","404","447","337","524","397","496","481","483","364","604","349","676","367","650","418","682","426","645","478","676","526","664","566","672","385","745","437","771","511","846","531","888","566","888","269","314"
"NL-0009-08-19-2024-K07-5965.dw.png","383","387","392","421","316","489","379","477","468","465","342","575","326","651","344","627","395","666","407","622","454","655","502","645","539","651","357","721","410","750","482","831","498","868","533","869","260","270"
"NL-0009-08-19-2024-K07-5966.dw.png","364","366","376","391","307","469","368","456","460","429","342","561","332","633","348","605","401","631","409","598","461","622","508","607","547","611","371","698","424","721","498","788","521","829","556","823","228","259"
"NL-0010-08-19-2024-K08-5968.dw.png","396","435","406","460","335","523","398","511","485","502","363","615","353","692","369","667","417","697","426","655","476","687","522","675","562","682","386","761","438","786","505","853","527","902","562","897","269","328"
"NL-0010-08-19-2024-K08-5969.dw.png","369","372","383","399","320","481","383","455","472","430","367","576","366","644","379","619","432","637","436","595","488","616","534","593","577","596","410","704","464","721","549","781","572","814","607","803","229","275"
"NL-0010-08-19-2024-K08-5970.dw.png","393","436","407","465","343","541","404","524","495","498","383","630","378","701","393","675","446","702","449","657","503","682","548","663","592","666","419","765","476","788","559","852","582","888","617","881","260","337"
"NL-0010-08-19-2024-K08-5971.dw.png","445","411","459","438","391","514","455","499","544","467","431","609","427","682","442","657","497","682","501","639","557","662","603","642","648","642","468","745","525","766","609","832","632","867","669","859","315","316"
"NL-0010-08-19-2024-K08-5972.dw.png","440","395","447","428","365","485","427","491","520","478","382","589","359","659","380","636","425","673","442","631","488","670","538","661","582","674","384","731","436","767","501","849","515","887","552","887","334","270"
"NL-0010-08-19-2024-K08-5973.dw.png","429","399","442","429","369","499","433","485","524","463","406","597","397","665","413","641","468","669","474","628","528","656","576","638","618","639","438","734","496","756","574","823","598","863","633","856","300","291"
"NL-0010-08-19-2024-K08-5974.dw.png","460","396","470","428","395","499","459","487","550","469","427","596","414","671","431","646","482","677","491","636","543","664","593","647","635","654","455","749","505","769","581","838","603","880","639","874","336","285"
"NL-0010-08-19-2024-K08-5975.dw.png","441","335","455","362","393","445","453","421","545","392","437","544","434","614","447","588","505","619","506","574","563","590","611","569","654","571","478","678","537","700","626","767","647","798","684","789","302","238"
"NL-0010-08-19-2024-K08-5976.dw.png","440","406","448","434","368","493","435","491","526","487","391","600","373","670","391","647","441","684","453","643","503","677","551","667","594","676","400","740","452","772","520","852","537","893","574","891","330","288"
"NL-0010-08-19-2024-K08-5977.dw.png","441","433","449","461","369","527","431","522","522","511","389","622","369","691","388","672","434","706","446","670","495","706","547","691","584","702","396","769","445","797","511","879","525","917","563","916","335","312"
"NL-0010-08-19-2024-K08-5978.dw.png","441","331","451","364","377","434","439","424","530","403","406","531","392","601","408","578","460","611","468","576","519","600","568","583","607","591","428","673","479","697","552","771","569","805","605","798","323","218"
"NL-0010-08-19-2024-K08-5979.dw.png","430","355","441","386","369","463","429","447","519","429","398","556","385","626","401","602","452","635","460","592","512","622","559","607","601","613","422","700","473","724","545","795","564","837","600","830","308","250"
"NL-0010-08-19-2024-K08-5980.dw.png","443","423","452","451","377","519","442","509","529","496","403","614","387","684","405","660","456","689","465","651","515","684","561","671","604","677","422","756","473","782","543","856","563","897","599","895","329","302"
"NL-0010-08-19-2024-K08-5981.dw.png","422","400","436","427","368","505","432","490","523","465","410","607","406","676","419","652","472","674","476","632","531","656","578","636","622","638","448","743","504","764","583","830","607","868","643","860","289","295"
"NL-0010-08-19-2024-K08-5982.dw.png","418","390","434","417","376","497","437","480","525","444","426","594","428","665","438","636","497","664","497","614","554","634","601","609","644","608","478","730","537","746","629","808","656","843","692","832","275","304"
"NL-0010-08-19-2024-K08-5983.dw.png","365","375","374","403","297","467","361","462","455","455","322","570","303","640","323","620","372","656","382","616","431","644","483","630","521","640","335","714","385","742","458","826","471","858","506","854","244","260"
"NL-0010-08-19-2024-K08-5984.dw.png","413","331","424","361","351","440","415","421","508","405","383","540","375","610","389","584","443","614","450","581","506","603","553","585","590","586","411","678","465","705","541","773","559","807","594","800","287","224"
"NL-0010-08-19-2024-K08-5985.dw.png","442","332","453","364","379","432","443","424","531","404","412","529","401","602","416","579","469","613","477","568","529","597","578","580","619","585","443","678","491","694","568","766","589","805","625","800","321","218"
"NL-0010-08-19-2024-K08-5986.dw.png","441","390","454","420","384","499","445","484","537","457","415","588","401","656","419","632","473","671","480","620","533","653","580","637","622","641","443","730","494","752","571","823","591","862","627","859","315","283"
"NL-0010-08-19-2024-K08-5987.dw.png","486","350","494","378","410","437","478","434","573","426","432","547","413","611","432","589","482","625","493","589","546","617","595","605","640","615","442","683","496","716","561","787","577","829","616","829","370","227"
"NL-0010-08-19-2024-K08-5988.dw.png","474","359","484","388","411","458","473","448","563","431","436","555","420","625","438","602","487","636","498","597","547","624","596","611","639","622","453","697","506","725","577","797","596","837","632","835","359","242"
"NL-0010-08-19-2024-K08-5989.dw.png","435","334","448","359","376","431","440","418","531","401","412","530","402","603","418","577","472","609","479","566","532","592","578","578","623","581","443","672","495","693","572","761","594","799","629","793","309","228"
"NL-0010-08-19-2024-K08-5991.dw.png","421","334","432","361","359","432","425","427","515","404","397","542","388","609","403","585","454","611","460","568","515","599","559","582","603","586","425","679","478","700","548","765","569","803","605","799","294","222"
"NL-0010-08-19-2024-K08-5992.dw.png","434","373","446","399","375","467","438","454","530","439","407","565","398","641","414","614","464","643","470","605","527","631","575","612","616","619","435","707","489","730","564","796","585","836","622","832","305","266"
"NL-0010-08-19-2024-K08-5993.dw.png","425","402","438","430","374","514","433","492","523","465","413","599","407","672","422","646","479","679","481","634","537","655","583","631","626","635","452","741","509","759","591","825","615","862","651","851","290","309"
"NL-0010-08-19-2024-K08-5994.dw.png","445","380","456","406","389","477","449","475","540","443","425","573","414","646","431","619","481","649","488","608","541","637","588","619","632","623","452","713","509","741","586","811","606","846","641","841","315","279"
"NL-0010-08-19-2024-K08-5995.dw.png","437","396","453","422","389","504","449","480","542","451","430","598","428","670","441","643","500","673","502","630","559","649","609","628","651","630","473","738","532","759","621","827","643","858","678","850","299","305"
"NL-0010-08-19-2024-K08-5996.dw.png","401","401","417","428","351","498","416","485","503","456","399","595","401","668","412","641","471","665","472","626","528","645","570","622","614","621","443","728","504","746","588","805","615","840","648","828","263","305"
"NL-0010-08-19-2024-K08-5998.dw.png","403","395","416","422","349","502","410","477","498","458","389","596","384","668","396","641","452","668","456","633","511","652","557","632","593","633","424","733","477","754","562","820","583","854","616","846","269","294"
"NL-0010-08-19-2024-K08-5999.dw.png","372","467","391","495","328","574","391","548","477","522","377","664","380","739","391","712","450","732","450","691","508","706","553","682","593","681","430","802","487","814","576","869","605","908","640","895","227","389"
"NL-0011-08-19-2024-K09-6001.dw.png","379","414","387","446","305","510","373","489","468","493","326","603","303","674","325","652","372","691","387","648","436","685","485","682","525","696","331","749","383","784","447","866","462","913","496","919","258","286"
"NL-0011-08-19-2024-K09-6002.dw.png","404","429","409","455","323","518","386","514","480","512","330","609","304","674","323","654","373","690","389","664","434","702","479","706","518","716","324","753","369","789","433","890","443","927","478","928","299","287"
"NL-0011-08-19-2024-K09-6003.dw.png","400","421","412","445","347","537","406","508","500","486","379","626","372","694","385","669","444","696","451","659","506","685","555","673","597","673","414","764","469","787","565","874","581","899","618","893","258","318"
"NL-0011-08-19-2024-K09-6004.dw.png","411","414","424","437","364","522","418","500","505","466","396","604","386","675","401","645","457","681","464","642","516","661","561","651","603","655","428","747","479","765","563","840","588","881","623","874","272","307"
"NL-0011-08-19-2024-K09-6005.dw.png","404","400","419","425","359","516","416","492","508","461","396","605","386","671","404","644","458","666","465","624","516","650","563","635","608","634","429","738","489","758","576","825","596","853","632","843","260","302"
"NL-0011-08-19-2024-K09-6006.dw.png","434","399","444","422","371","505","431","482","526","461","394","591","378","657","395","631","448","670","460","626","510","657","558","650","599","655","415","734","463","754","539","838","556","873","591","869","306","276"
"NL-0011-08-19-2024-K09-6007.dw.png","439","408","445","439","359","508","423","493","522","496","368","599","344","664","365","642","408","693","428","651","471","685","522","684","563","697","363","747","412","785","473","877","483","912","522","911","331","277"
"NL-0011-08-19-2024-K09-6008.dw.png","470","433","478","458","398","533","461","520","557","505","416","625","397","690","415","667","467","705","479","676","532","703","586","690","626","693","426","766","476","798","552","883","565","917","603","919","353","306"
"NL-0011-08-19-2024-K09-6009.dw.png","484","413","494","433","429","520","486","496","576","465","454","600","444","670","459","645","513","676","523","632","573","661","620","652","664","656","483","744","535","767","615","844","638","886","673","881","355","309"
"NL-0011-08-19-2024-K09-6010.dw.png","422","365","432","391","355","475","420","459","515","438","380","571","363","632","381","612","433","645","446","601","498","632","548","625","592","629","396","700","450","731","527","811","546","845","584","842","289","252"
"NL-0011-08-19-2024-K09-6011.dw.png","422","430","431","461","352","527","414","522","508","508","371","626","346","691","370","667","419","703","434","660","478","697","529","690","569","698","375","765","430","796","502","882","515","916","550","917","304","307"
"NL-0011-08-19-2024-K09-6012.dw.png","452","414","463","431","407","523","460","497","547","463","441","604","434","672","449","646","506","678","510","630","564","657","609","643","651","643","480","744","537","763","613","819","644","862","680","853","319","307"
"NL-0011-08-19-2024-K09-6013.dw.png","369","382","383","404","323","492","382","473","473","435","363","576","362","644","373","617","429","639","437","608","490","629","533","611","575","611","402","707","457","725","545","791","571","826","607","822","219","275"
"NL-0011-08-19-2024-K09-6014.dw.png","422","357","436","384","377","479","431","451","527","410","413","555","408","625","423","600","482","629","485","583","539","607","585","585","633","588","455","692","516","715","602","779","623","812","660","806","279","268"
"NL-0011-08-19-2024-K09-6015.dw.png","419","412","430","437","360","514","420","498","514","475","388","604","376","680","393","656","445","682","454","650","507","673","557","659","599","662","410","748","464","778","545","861","564","900","599","898","285","303"
"NL-0011-08-19-2024-K09-6016.dw.png","416","324","430","352","365","432","425","419","517","391","400","529","395","602","408","572","464","607","470","565","520","587","566","570","610","572","435","670","489","692","570","766","588","795","625","787","283","210"
"NL-0011-08-19-2024-K09-6017.dw.png","440","380","449","403","372","488","433","468","527","451","391","575","371","647","392","615","441","651","454","616","504","648","551","644","592","654","402","720","451","748","525","835","543","879","578","876","320","259"
"NL-0011-08-19-2024-K09-6018.dw.png","399","420","408","447","327","511","391","507","486","500","347","615","323","687","345","664","389","700","406","653","452","689","498","682","541","692","350","757","400","789","467","871","480","907","517","908","283","290"
"NL-0011-08-19-2024-K09-6019.dw.png","369","424","382","456","317","541","373","521","470","491","347","624","341","699","354","667","409","697","419","664","470","686","517","672","563","677","377","765","436","793","523","873","543","909","583","911","231","316"
"NL-0011-08-19-2024-K09-6020.dw.png","377","421","390","445","331","533","388","513","474","478","368","619","360","691","377","661","431","685","436","644","487","670","529","651","570","651","406","760","462","773","537","831","560","867","596","859","236","326"
"NL-0011-08-19-2024-K09-6021.dw.png","415","448","427","478","355","543","413","539","501","508","377","629","359","700","377","673","427","711","440","671","487","700","535","694","575","703","391","773","442","800","515","884","531","924","566","924","297","343"
"NL-0012-08-19-2024-K10-6022.dw.png","399","411","415","438","360","522","413","491","500","462","404","603","403","673","414","647","472","681","474","623","525","650","567","632","608","633","450","738","502","757","587","820","614","861","650","855","258","330"
"NL-0012-08-19-2024-K10-6023.dw.png","451","394","461","422","387","499","449","473","540","466","414","591","398","655","415","632","463","673","476","620","523","656","569","650","612","662","430","727","479","757","553","837","571","878","606","878","326","278"
"NL-0012-08-19-2024-K10-6024.dw.png","442","380","452","409","381","484","442","461","534","446","413","575","401","641","417","615","470","657","479","603","529","636","573","626","615","633","438","712","489","736","565","809","587","852","620","850","311","281"
"NL-0012-08-19-2024-K10-6025.dw.png","448","367","464","394","406","469","463","451","551","421","449","555","450","629","460","601","518","622","521","587","575","605","615","584","660","587","498","694","557","711","635","762","663","800","697","793","308","281"
"NL-0012-08-19-2024-K10-6026.dw.png","435","413","450","439","388","521","445","486","534","469","425","607","419","676","433","652","489","682","492","636","549","661","593","644","635","646","461","741","521","765","603","834","627","873","660","870","291","320"
"NL-0012-08-19-2024-K10-6027.dw.png","452","390","464","420","400","497","459","465","547","454","434","576","426","651","440","620","497","658","502","605","555","639","599","625","644","627","469","717","524","739","605","805","633","851","669","848","317","295"
"NL-0012-08-19-2024-K10-6028.dw.png","420","382","429","419","351","479","417","460","511","460","378","574","363","645","380","622","430","663","444","611","491","652","535","645","576","654","397","721","446","751","513","827","533","874","568","875","292","266"
"NL-0012-08-19-2024-K10-6029.dw.png","490","373","498","402","415","464","481","451","572","447","433","554","413","624","431","603","479","641","490","607","541","635","588","628","629","637","442","698","492","729","553","808","569","849","605","853","376","250"
"NL-0012-08-19-2024-K10-6030.dw.png","458","385","472","415","404","487","467","457","558","447","441","572","434","647","449","619","505","656","512","608","563","637","609","622","653","626","475","714","531","739","615","808","642","852","676","850","325","285"
"NL-0012-08-19-2024-K10-6031.dw.png","448","383","459","418","386","494","449","460","542","452","418","582","403","649","421","623","473","661","483","612","533","643","579","634","622","643","440","718","493","745","567","816","590","862","626","862","314","279"
"NL-0012-08-19-2024-K10-6032.dw.png","408","356","424","386","364","457","419","444","508","412","398","544","395","619","407","593","459","612","465","580","515","606","560","588","604","589","433","682","485","700","559","761","593","813","627","811","273","255"
"NL-0012-08-19-2024-K10-6033.dw.png","421","334","436","361","376","446","432","409","520","388","419","536","413","604","427","580","483","603","487","568","545","588","587","570","629","570","462","676","516","692","600","758","627","797","660","793","277","235"
"NL-0012-08-19-2024-K10-6034.dw.png","473","371","485","401","412","473","475","448","567","442","443","559","430","632","446","606","500","642","509","600","559","632","604","623","647","631","469","703","519","729","597","805","616","845","651","845","346","263"
"NL-0012-08-19-2024-K10-6035.dw.png","451","390","463","415","394","502","454","468","544","448","423","581","410","650","427","627","480","658","490","613","543","644","590","629","631","634","449","721","504","745","582","817","603","855","640","853","322","284"
"NL-0012-08-19-2024-K10-6036.dw.png","350","420","376","443","342","537","388","489","456","434","406","601","425","666","430","639","489","645","478","603","537","606","573","573","611","559","488","712","548","713","640","743","675","769","707","754","190","382"
"NL-0012-08-19-2024-K10-6037.dw.png","393","421","412","442","369","535","419","489","498","452","422","607","431","677","439","648","497","660","495","626","551","633","590","608","632","602","488","732","545","739","635","785","667","819","699","806","237","362"
"NL-0012-08-19-2024-K10-6038.dw.png","426","393","439","423","370","497","432","470","518","449","401","579","389","646","405","623","458","652","468","615","521","644","566","630","605","634","427","716","481","741","557","811","578","851","613","844","298","290"
"NL-0012-08-19-2024-K10-6039.dw.png","442","401","456","430","391","496","450","473","538","452","425","572","421","646","434","618","491","654","496","615","549","636","594","619","636","623","467","714","521","735","602","796","627","832","661","826","303","307"
"NL-0012-08-19-2024-K10-6040.dw.png","430","408","442","433","382","512","437","487","520","461","414","592","404","665","420","635","473","670","479","623","531","654","576","635","616","638","447","734","498","752","583","827","604","858","638","857","297","306"
"NL-0012-08-19-2024-K10-6041.dw.png","395","394","410","419","347","492","407","461","489","438","385","566","382","642","396","613","451","641","454","598","509","626","554","610","595","610","430","710","489","728","562","781","590","820","623","813","258","301"
"NL-0012-08-19-2024-K10-6042.dw.png","471","333","484","365","414","436","476","414","569","399","450","527","440","596","455","570","508","604","517","555","567","589","612","575","655","582","478","662","532","687","609","755","634","796","668","794","339","235"
"NL-0012-08-19-2024-K10-6043.dw.png","488","412","500","436","437","517","494","484","579","463","474","595","468","666","482","637","534","666","536","625","591","649","636","632","682","634","512","734","567","753","649","815","675","855","711","845","352","318"
"NL-0012-08-19-2024-K10-6044.dw.png","447","416","457","443","385","518","446","496","535","480","410","595","395","664","413","639","462","672","471","638","522","665","569","650","610","658","430","736","487","767","553","838","571","875","608","874","321","313"
"NL-0012-08-19-2024-K10-6045.dw.png","441","370","453","396","383","461","448","441","536","423","419","549","412","622","426","592","481","627","486","583","540","614","584","599","627","600","455","693","509","711","580","773","603","813","639","809","311","267"
"NL-0012-08-19-2024-K10-6046.dw.png","471","380","482","411","409","482","471","457","558","443","437","574","423","642","441","618","492","655","499","613","551","642","597","630","638","635","458","715","512","740","581","809","604","854","638","853","342","265"
"NL-0012-08-19-2024-K10-6047.dw.png","464","416","473","445","395","512","462","486","550","488","420","600","404","669","421","644","470","685","485","637","532","677","578","670","618","677","436","744","488","775","557","856","574","896","608","898","344","302"
"NL-0012-08-19-2024-K10-6048.dw.png","400","416","416","439","362","528","415","491","501","461","407","608","402","676","417","652","473","672","476","637","532","651","575","630","617","626","456","745","513","761","599","815","627","851","660","844","252","329"
"NL-0012-08-19-2024-K10-6049.dw.png","436","410","449","434","380","514","441","489","531","469","410","597","397","665","413","636","463","662","473","627","530","656","572","649","615","649","431","728","483","750","563","824","584","863","623","865","306","306"
"NL-0012-08-19-2024-K10-6050.dw.png","463","411","479","440","416","518","478","491","562","459","458","598","456","673","469","644","529","674","532","628","589","651","633","631","674","628","506","736","566","754","650","811","679","850","716","843","323","326"
"NL-0013-08-19-2024-K12-6051.dw.png","323","516","340","538","287","629","343","599","426","563","332","706","333","779","344","751","401","779","403","727","455","750","498","735","537","733","381","844","433","860","517","918","544","955","580","946","180","440"
"NL-0013-08-19-2024-K12-6052.dw.png","395","359","407","389","330","460","394","443","482","431","353","554","334","621","352","597","401","633","414","596","460","624","504","621","541","628","362","694","410","723","472","791","487","835","522","831","275","247"
"NL-0013-08-19-2024-K12-6053.dw.png","401","394","414","419","353","510","410","476","496","447","385","581","377","651","392","625","445","652","451","607","502","635","547","623","588","623","419","722","471","736","544","801","566","838","601","830","262","294"
"NL-0013-08-19-2024-K12-6054.dw.png","383","413","398","437","341","522","397","490","482","461","380","603","380","678","392","650","448","678","452","638","505","655","549","640","588","640","422","742","476","760","558","826","581","860","617","851","239","332"
"NL-0013-08-19-2024-K12-6056.dw.png","434","352","440","381","361","447","421","440","512","424","377","540","352","604","373","585","421","627","434","592","481","618","529","615","569","623","377","679","427","709","489","792","503","833","538","831","323","219"
"NL-0013-08-19-2024-K12-6057.dw.png","390","374","406","393","357","488","410","452","491","406","404","561","408","632","419","607","474","625","473","579","527","592","567","574","610","571","461","695","514","704","595","751","623","784","656","775","242","300"
"NL-0013-08-19-2024-K12-6058.dw.png","414","327","427","352","362","440","421","414","507","382","395","524","386","593","401","566","459","602","462","556","516","581","561","567","600","565","424","657","481","680","559","748","578","781","614","776","278","221"
"NL-0013-08-19-2024-K12-6059.dw.png","388","344","407","370","361","463","414","431","492","382","411","538","416","607","426","580","485","605","484","554","536","575","580","556","620","552","469","669","521","680","608","730","636","762","670","751","239","269"
"NL-0013-08-19-2024-K12-6060.dw.png","385","375","401","396","355","485","406","459","482","412","400","565","401","633","412","606","465","626","467","589","516","603","559","583","599","579","449","695","498","707","585","762","611","794","641","780","245","297"
"NL-0013-08-19-2024-K12-6061.dw.png","427","421","444","442","399","535","449","497","529","460","444","609","447","679","457","647","515","673","515","632","567","645","610","626","647","621","497","740","553","753","633","801","665","837","698","826","280","354"
"NL-0013-08-19-2024-K12-6062.dw.png","396","341","411","368","348","452","407","425","492","395","381","536","373","608","387","579","440","610","448","570","496","595","542","584","580","584","412","675","465","698","537","757","558","793","593","785","262","246"
"NL-0013-08-19-2024-K12-6063.dw.png","376","342","393","367","340","457","395","429","479","391","381","536","381","606","392","577","449","602","452","565","505","581","549","567","590","565","427","669","480","682","562","736","590","775","625","766","233","259"
"NL-0013-08-19-2024-K12-6064.dw.png","436","350","449","376","391","471","444","426","529","400","421","542","413","607","428","579","482","608","488","563","540","587","586","574","625","579","456","675","510","694","585","754","609","792","645","786","298","252"
"NL-0013-08-19-2024-K12-6065.dw.png","375","377","390","400","339","484","391","462","469","421","378","562","378","634","389","607","440","624","444","591","493","607","534","589","573","588","421","695","474","713","548","764","572","799","606","789","242","298"
"NL-0013-08-19-2024-K12-6066.dw.png","452","403","464","427","398","511","454","480","538","457","424","586","413","653","428","629","478","664","487","619","535","648","581","637","619","640","451","727","499","747","566","814","586","852","622","850","330","295"
"NL-0013-08-19-2024-K12-6067.dw.png","434","382","448","406","400","503","448","469","533","430","437","575","440","650","451","622","506","645","507","601","560","619","602","604","646","602","490","715","539","727","630","783","653","811","690","803","296","305"
"NL-0013-08-19-2024-K12-6068.dw.png","412","368","425","388","374","482","425","456","509","414","413","558","412","629","424","603","481","630","479","584","529","601","572","582","612","583","455","689","509","702","588","758","612","792","645","782","276","278"
"NL-0013-08-19-2024-K12-6069.dw.png","442","377","456","402","393","486","450","454","535","429","430","573","423","640","436","613","488","641","495","602","543","622","585","611","625","611","462","706","510","723","589","786","615","827","650","819","312","284"
"NL-0013-08-19-2024-K12-6070.dw.png","451","417","458","442","374","510","437","501","528","493","385","600","356","666","379","643","424","686","441","651","482","686","530","685","571","697","374","740","422","774","477","861","488","905","524","910","349","288"
"NL-0013-08-19-2024-K12-6071.dw.png","434","372","448","394","398","493","448","453","531","411","435","561","433","626","446","602","502","631","503","580","555","600","599","580","640","579","482","693","536","709","620","766","643","796","679","786","298","289"
"NL-0013-08-19-2024-K12-6072.dw.png","373","449","399","441","467","517","457","460","440","372","551","502","615","525","597","506","637","460","597","446","627","403","621","357","635","318","690","500","718","455","790","396","832","382","834","346","243","546"
"NL-0013-08-19-2024-K12-6073.dw.png","429","412","439","436","369","518","427","496","516","469","392","601","377","667","393","645","447","682","455","636","508","667","554","658","592","663","410","738","463","767","535","842","553","879","587","877","307","294"
"NL-0013-08-19-2024-K12-6074.dw.png","389","416","403","439","345","522","398","504","481","470","376","599","368","665","381","642","436","673","440","633","486","652","530","638","570","641","407","733","462","755","528","810","550","846","584","841","263","323"
"NL-0013-08-19-2024-K12-6075.dw.png","479","389","484","414","398","475","459","468","551","473","400","571","370","630","393","613","432","656","453","620","491","657","537","661","572","673","387","716","426","746","478","834","485","874","521","875","385","262"
"NL-0013-08-19-2024-K12-6076.dw.png","389","444","407","463","363","550","417","525","488","473","419","634","428","704","435","675","492","693","490","647","541","658","582","637","622","629","479","762","534","771","625","820","656","852","687","837","249","392"
"NL-0013-08-19-2024-K12-6077.dw.png","405","363","417","384","365","477","416","447","502","415","401","555","399","626","411","600","469","628","469","581","522","601","566","585","607","586","442","688","497","705","576","764","599","797","635","791","271","271"
"NL-0013-08-19-2024-K12-6078.dw.png","409","391","425","415","372","507","426","480","509","440","411","586","408","658","421","627","473","649","479","613","532","632","576","614","618","613","451","720","507","739","586","792","614","831","648","820","271","308"
"NL-0013-08-19-2024-K12-6079.dw.png","329","441","350","460","325","569","365","520","438","459","377","627","392","693","398","667","464","681","454","635","509","639","548","610","586","598","456","744","512","747","606","786","637","811","669","793","164","400"
"NL-0013-08-19-2024-K12-6080.dw.png","358","417","372","440","317","536","371","499","457","470","355","614","351","686","364","657","422","683","425","641","479","663","524","648","563","646","395","750","448","767","535","833","560","868","595","860","210","325"
"NL-0014-08-19-2024-K13-6082.dw.png","394","429","408","448","362","539","412","502","490","465","396","611","397","684","410","656","461","666","464","629","518","651","560","630","604","625","440","740","505","756","584","809","614","849","649","842","249","345"
"NL-0014-08-19-2024-K13-6083.dw.png","463","354","468","379","387","448","448","429","542","436","393","534","366","605","387","583","428","619","448","576","487","621","539","619","580","633","384","675","429","707","485","786","497","830","532","833","363","216"
"NL-0014-08-19-2024-K13-6084.dw.png","428","363","437","383","370","466","428","436","516","420","388","538","372","609","390","587","439","617","452","570","499","610","547","597","588","607","404","675","453","697","524","769","542","808","575","811","305","247"
"NL-0014-08-19-2024-K13-6085.dw.png","369","443","377","457","311","544","370","523","460","494","333","622","322","699","338","667","392","695","401","654","455","685","502","673","545","674","356","763","416","787","490","864","512","903","547","897","234","319"
"NL-0014-08-19-2024-K13-6086.dw.png","416","424","427","449","362","533","420","505","514","481","389","621","377","684","394","660","446","692","455","652","508","678","558","660","600","663","416","761","469","780","554","866","571","898","608","894","289","302"
"NL-0014-08-19-2024-K13-6087.dw.png","423","426","434","448","365","540","424","512","520","486","383","620","368","691","387","665","440","703","452","651","505","689","556","680","600","685","404","764","460","793","535","875","555","917","594","918","296","299"
"NL-0014-08-19-2024-K13-6088.dw.png","425","379","435","401","362","484","424","462","517","438","384","573","370","642","386","618","439","648","450","605","503","639","552","625","595","629","402","712","456","737","530","822","550","862","586","858","301","248"
"NL-0014-08-19-2024-K13-6089.dw.png","445","372","453","392","380","477","442","444","533","436","396","556","380","626","398","601","447","632","460","588","509","625","559","613","603","624","410","695","461","718","531","794","549","834","585","838","321","244"
"NL-0014-08-19-2024-K13-6090.dw.png","488","411","499","438","433","515","491","485","578","467","459","594","449","665","465","643","515","672","524","629","574","660","620","648","663","649","487","737","534","754","611","829","635","873","671","868","370","301"
"NL-0014-08-19-2024-K13-6091.dw.png","491","411","503","429","444","521","498","485","587","458","470","592","463","671","478","643","532","671","539","622","593","659","642","641","688","645","506","740","561","759","639","820","668","866","705","867","355","308"
"NL-0014-08-19-2024-K13-6092.dw.png","446","416","456","438","394","524","449","492","535","474","416","604","402","671","420","647","466","671","477","627","524","663","570","649","611","653","435","738","487","757","555","823","576","865","611","861","323","302"
"NL-0014-08-19-2024-K13-6093.dw.png","402","448","414","465","362","554","416","523","503","493","398","634","397","709","410","682","460","698","465","655","520","683","568","663","610","664","439","770","494","784","578","847","603","882","638","878","260","348"
"NL-0014-08-19-2024-K13-6094.dw.png","409","448","425","473","373","557","428","533","513","490","411","633","411","709","424","674","478","694","482","651","536","677","580","658","626","654","456","766","516","781","597","833","630","879","666","872","265","372"
"NL-0014-08-19-2024-K13-6095.dw.png","410","445","428","463","391","566","436","517","518","475","434","633","442","705","451","675","509","687","506","642","568","664","609","638","651","632","496","761","556","768","647","819","682","858","710","846","256","373"
"NL-0014-08-19-2024-K13-6096.dw.png","371","454","387","473","343","571","393","529","476","489","384","646","383","714","397","684","454","701","455","656","516","679","558","659","601","651","436","774","497","784","586","844","617","881","651","872","218","374"
"NL-0015-08-19-2024-K14-6097.dw.png","404","367","418","397","350","458","410","449","500","426","383","556","374","623","388","595","443","631","450","594","502","619","550","604","587","610","411","690","463","714","541","788","561","821","595","821","271","254"
"NL-0015-08-19-2024-K14-6098.dw.png","404","382","413","412","342","481","400","470","491","451","366","573","350","635","367","613","417","646","428","609","474","642","523","629","559","637","386","713","436","742","500","818","518","856","552","853","281","258"
"NL-0015-08-19-2024-K14-6099.dw.png","472","394","483","418","419","510","475","480","572","457","447","587","436","656","452","631","504","660","512","623","566","646","615","630","655","636","473","721","527","742","606","817","628","855","663","855","336","294"
"NL-0015-08-19-2024-K14-6100.dw.png","477","408","487","435","419","508","478","493","565","473","448","595","438","670","454","644","507","680","516","643","567","668","615","652","653","655","478","743","528","766","612","847","632","886","667","883","350","297"
"NL-0015-08-19-2024-K14-6101.dw.png","449","403","459","426","392","518","449","488","540","469","416","595","405","666","421","642","471","669","481","638","534","666","582","651","620","654","445","742","492","765","572","845","591","880","626","879","323","294"
"NL-0015-08-19-2024-K14-6102.dw.png","431","364","442","385","376","485","434","452","523","420","404","565","395","631","410","607","466","633","476","600","529","619","576","608","617","607","437","707","492","730","576","803","597","838","632","834","295","260"
"NL-0015-08-19-2024-K14-6103.dw.png","390","389","407","411","360","507","412","480","493","436","403","583","408","657","418","631","475","652","477","616","532","627","574","605","611","601","458","719","512","733","608","798","632","829","663","825","248","299"
"NL-0015-08-19-2024-K14-6104.dw.png","401","385","411","413","343","473","399","472","482","448","367","559","350","629","368","601","418","639","427","604","475","633","520","619","557","622","384","699","435","722","503","796","519","831","555","835","285","283"
"NL-0015-08-19-2024-K14-6105.dw.png","458","354","466","379","385","454","447","443","541","428","401","545","380","612","401","586","449","627","464","587","510","623","556","621","599","631","409","690","458","718","525","804","541","845","575","849","341","230"
"NL-0015-08-19-2024-K14-6106.dw.png","456","409","465","430","392","507","450","496","542","472","411","589","393","657","411","635","464","671","474","634","525","665","571","652","611","657","425","732","478","760","546","841","563","881","595","882","335","292"
"NL-0015-08-19-2024-K14-6107.dw.png","481","420","490","446","412","531","472","508","566","500","428","616","407","683","426","662","475","698","487","674","539","702","590","694","630","700","438","766","485","797","556","888","572","930","609","935","374","285"
"NL-0015-08-19-2024-K14-6108.dw.png","435","374","448","399","386","485","443","464","533","434","422","576","415","644","428","616","483","644","489","609","542","632","589","613","627","616","455","710","506","727","592","807","613","841","648","839","304","277"
"NL-0015-08-19-2024-K14-6109.dw.png","493","376","498","398","404","460","464","466","560","463","402","553","369","616","391","599","432","641","449","619","493","661","541","667","578","679","378","692","419","738","469","842","473","883","509","897","416","216"
"NL-0015-08-19-2024-K14-6110.dw.png","376","447","391","467","349","553","396","528","473","481","395","628","397","696","407","667","461","685","459","645","512","660","550","636","591","633","445","750","499","761","585","810","609","839","642","829","235","374"
"NL-0015-08-19-2024-K14-6112.dw.png","365","427","377","446","321","540","376","509","459","470","356","618","350","687","364","663","421","688","425","640","480","663","526","650","565","648","398","755","449","772","540","840","565","875","600","866","228","338"
"NL-0015-08-19-2024-K14-6113.dw.png","405","399","419","424","362","511","415","486","503","452","397","591","392","664","405","634","459","662","464","619","514","640","559","626","602","627","436","730","485","743","570","811","596","852","630","844","275","309"
"NL-0015-08-19-2024-K14-6114.dw.png","395","382","416","405","373","508","427","470","509","417","431","581","443","648","449","618","515","629","511","591","572","598","613","567","649","554","506","703","566","706","671","750","702","775","736","764","232","317"
"NL-0015-08-19-2024-K14-6115.dw.png","402","339","418","363","369","448","419","418","499","381","409","520","413","593","422","564","478","585","479","552","530","566","571","542","608","538","462","651","511","663","602","722","629","759","662","749","263","266"
"NL-0015-08-19-2024-K14-6116.dw.png","544","429","548","453","461","514","523","511","615","507","464","603","435","668","457","647","502","690","518","659","566","696","614","694","650","705","455","748","499","786","558","879","566","916","601","923","451","296"
"NL-0015-08-19-2024-K14-6117.dw.png","461","407","469","435","392","503","452","496","546","483","411","590","391","660","410","635","458","669","470","640","518","669","563","661","601","669","419","732","466","758","533","843","548","884","583","882","347","291"
"NL-0015-08-19-2024-K14-6118.dw.png","533","445","542","465","473","538","532","526","617","501","494","621","479","687","496","664","548","701","558","665","607","690","653","677","691","680","512","756","565","783","639","867","658","909","692","911","420","339"
"NL-0015-08-19-2024-K14-6119.dw.png","473","456","486","480","433","562","484","541","569","509","470","645","468","718","482","693","536","717","542","682","593","706","637","682","677","679","515","788","572","808","663","880","688","918","725","914","335","362"
"NL-0015-08-19-2024-K14-6121.dw.png","471","385","477","414","402","479","461","467","552","465","416","568","397","644","416","620","464","657","476","621","521","657","571","648","612","659","425","718","471","749","540","833","555","875","593","880","362","255"
"NL-0015-08-19-2024-K14-6122.dw.png","443","418","454","441","382","532","442","506","539","489","401","612","387","684","403","658","458","691","468","668","522","693","573","685","615","688","421","761","471","790","550","880","567","920","606","920","327","287"
"NL-0015-08-19-2024-K14-6123.dw.png","451","384","464","406","403","504","458","475","550","442","434","583","426","654","443","627","497","653","504","627","561","649","609","630","650","629","471","726","526","747","616","828","638","861","673","858","318","270"
"NL-0015-08-19-2024-K14-6124.dw.png","427","395","444","419","397","500","448","477","532","435","447","578","455","651","464","624","522","640","521","611","575","620","616","593","654","586","509","709","563","720","653","770","686","805","717","794","278","319"
"NL-0015-08-19-2024-K14-6125.dw.png","385","421","399","443","339","523","396","504","482","472","376","607","369","678","383","647","442","677","449","648","503","665","547","643","587","639","419","749","471","763","561","829","590","870","623","862","248","325"
"NL-0015-08-19-2024-K14-6126.dw.png","494","270","502","292","416","368","482","355","575","349","428","456","404","525","425","503","473","545","488","516","538","550","589","545","628","551","430","608","477","642","544","741","553","772","590","779","388","127"
"NL-0015-08-19-2024-K14-6127.dw.png","371","407","401","405","461","497","455","432","468","335","555","495","613","523","592","502","642","459","608","440","649","397","649","348","665","309","691","507","728","465","831","407","867","401","873","368","226","495"
"NL-0016-08-19-2024-K15-6129.dw.png","463","407","472","425","406","517","461","494","554","467","428","595","414","668","431","641","482","672","493","637","543","664","590","655","633","663","452","742","499","763","579","848","599","888","635","884","339","298"
"NL-0016-08-19-2024-K15-6130.dw.png","433","409","443","436","370","510","431","495","523","478","399","606","384","673","401","647","453","679","462","654","511","673","559","659","599","665","418","743","470","770","547","847","562","881","598","884","305","293"
"NL-0016-08-19-2024-K15-6131.dw.png","421","435","434","450","388","548","441","503","526","469","436","622","444","693","453","664","515","683","514","650","572","659","612","633","654","628","501","756","557","764","655","821","682","850","718","842","270","360"
"NL-0016-08-19-2024-K15-6132.dw.png","439","409","454","433","396","512","456","492","541","456","443","599","444","666","454","637","513","661","515","630","572","643","616","620","656","619","492","727","548","742","640","799","668","833","704","829","295","326"
"NL-0016-08-19-2024-K15-6133.dw.png","441","386","451","410","383","487","443","473","537","447","417","580","411","653","425","625","479","655","484","622","538","644","583","630","624","634","448","716","501","739","580","809","602","845","638","844","311","275"
"NL-0016-08-19-2024-K15-6134.dw.png","431","410","443","436","376","511","435","492","525","470","404","592","395","664","410","642","465","667","471","636","526","664","572","650","614","653","436","739","486","758","569","836","591","874","627","873","299","301"
"NL-0016-08-19-2024-K15-6135.dw.png","429","430","443","449","393","531","444","507","529","469","435","607","441","681","449","653","505","670","506","634","562","652","603","630","641","628","490","741","542","752","628","802","653","830","689","824","287","345"
"NL-0016-08-19-2024-K15-6136.dw.png","440","397","455","424","394","511","452","480","542","451","435","599","431","662","443","639","501","668","503","626","561","646","608","628","648","629","480","735","532","750","622","817","644","845","680","839","302","295"
"NL-0016-08-19-2024-K15-6137.dw.png","428","349","440","375","371","447","431","435","523","411","401","538","392","613","407","583","459","608","465","583","520","606","566","593","605","598","427","676","479","699","556","771","575","805","612","808","297","231"
"NL-0016-08-19-2024-K15-6138.dw.png","625","401","625","428","534","475","593","478","685","494","528","569","491","625","516","609","554","649","569","630","607","669","658","674","693","694","501","703","538","740","582","834","587","871","622","883","545","256"
"NL-0016-08-19-2024-K15-6139.dw.png","458","420","470","438","409","517","466","492","554","464","447","600","447","674","458","643","514","668","517","639","572","654","614","637","656","637","492","737","545","753","626","811","655","852","692","847","317","319"
"NL-0016-08-19-2024-K15-6140.dw.png","457","390","471","415","410","498","465","473","554","444","441","578","435","648","447","616","501","645","509","615","562","636","607","622","648","624","472","710","523","729","606","804","626","838","664","842","323","289"
"NL-0016-08-19-2024-K15-6141.dw.png","455","436","469","459","410","540","468","514","556","489","453","626","453","692","463","667","521","689","525","661","580","673","626","649","664","649","500","756","555","773","643","835","668","870","705","867","310","351"
"NL-0016-08-19-2024-K15-6142.dw.png","527","393","533","422","451","493","513","485","611","482","466","593","443","667","464","640","510","681","522","640","572","678","622","673","665","683","470","742","516","772","584","863","598","901","637","906","419","264"
"NL-0016-08-19-2024-K15-6143.dw.png","371","410","387","428","348","518","397","481","470","433","404","592","414","659","422","633","481","646","474","605","533","614","574","590","612","580","473","715","530","722","626","765","661","796","694","781","215","346"
"NL-0016-08-19-2024-K15-6144.dw.png","398","439","408","460","342","528","402","517","489","490","373","622","361","690","377","667","429","704","436","659","490","687","537","676","577","678","403","769","449","788","533","863","552","897","586","892","269","323"
"NL-0016-08-19-2024-K15-6145.dw.png","467","392","480","416","429","515","479","488","566","443","463","592","460","659","473","635","527","657","532","626","583","640","626","626","670","625","505","727","559","745","637","799","665","837","699","832","332","301"
"NL-0016-08-19-2024-K15-6146.dw.png","528","413","539","432","477","510","534","488","623","459","512","591","508","661","520","633","575","662","580","631","633","652","677","632","717","635","549","727","602","744","682","805","710","847","745","842","393","310"
"NL-0016-08-19-2024-K15-6147.dw.png","503","359","514","387","443","452","504","439","597","425","477","554","469","625","482","601","535","624","541","595","595","618","642","603","683","609","505","692","556","714","638","788","657","823","693","822","375","248"
"NL-0016-08-19-2024-K15-6148.dw.png","487","384","494","410","415","462","476","467","574","463","432","569","412","637","431","612","481","653","492","619","543","652","589","645","630","658","440","711","490","742","555","825","570","866","607","869","377","251"
"NL-0016-08-19-2024-K15-6149.dw.png","451","340","463","366","395","443","456","420","549","402","433","534","428","609","441","577","494","601","499","577","552","594","597","576","637","579","466","668","516","687","598","755","620","789","655","788","315","228"
"NL-0016-08-19-2024-K15-6150.dw.png","446","359","458","379","397","464","455","441","549","410","437","552","433","622","447","594","501","617","505","587","563","605","607","587","650","586","478","685","530","700","617","767","643","802","680","797","306","251"
"NL-0016-08-19-2024-K15-6151.dw.png","465","361","477","379","418","465","475","440","564","408","458","548","455","619","467","590","522","611","526","577","583","596","627","580","670","580","495","675","552","692","640","758","663","788","702","789","320","263"
"NL-0016-08-19-2024-K15-6152.dw.png","498","412","510","436","446","512","506","492","597","466","484","599","480","666","492","640","549","666","553","633","609","651","655","634","697","640","524","730","579","749","663","813","687","847","725","844","358","321"
"NL-0016-08-19-2024-K15-6153.dw.png","469","377","476","402","402","473","463","460","555","448","423","569","403","628","422","607","472","650","483","611","531","642","578","636","618","644","436","702","482","731","548","810","564","851","602","856","355","250"
"NL-0016-08-19-2024-K15-6154.dw.png","461","392","472","415","404","484","465","480","557","450","437","580","427","653","443","627","493","650","500","620","556","646","602","632","644","634","462","715","516","740","595","811","619","850","657","849","340","288"
"NL-0016-08-19-2024-K15-6155.dw.png","436","374","457","403","409","495","463","472","541","422","455","569","457","636","468","607","527","628","525","588","581","603","623","577","663","573","513","697","567","704","651","751","683","787","718","774","294","304"
"NL-0016-08-19-2024-K15-6156.dw.png","451","315","466","339","405","426","466","402","559","364","451","514","452","582","462","554","523","578","526","546","584","560","630","536","670","535","503","648","561","663","650","719","677","752","714","745","297","227"
"NL-0016-08-19-2024-K15-6157.dw.png","448","367","459","390","394","467","454","447","546","420","430","557","425","630","438","601","493","628","499","596","554","615","598","599","641","602","465","693","520","714","603","779","625","813","662","809","313","256"
"NL-0016-08-19-2024-K15-6158.dw.png","451","372","466","395","410","478","467","446","551","415","451","554","451","624","461","594","520","625","523","586","578","602","620","583","661","581","494","683","550","699","641","762","665","791","701","787","305","278"
"NL-0017-08-19-2024-K16-6161.dw.png","393","468","407","493","345","582","401","560","491","528","374","661","365","727","380","700","432","727","440","679","492","714","539","700","582","705","404","793","458","814","540","883","558","914","596","917","259","368"
"NL-0017-08-19-2024-K16-6162.dw.png","479","439","487","463","419","546","474","528","567","507","442","629","427","698","443","677","500","716","506","670","556","694","603","683","647","693","463","774","517","800","592","874","610","910","645","907","359","331"
"NL-0017-08-19-2024-K16-6163.dw.png","429","430","443","459","384","539","437","523","523","496","415","619","406","691","423","665","473","685","480","658","530","680","575","660","614","662","448","761","498","777","580","848","603","886","638","879","298","321"
"NL-0017-08-19-2024-K16-6164.dw.png","424","355","439","385","378","477","436","454","524","419","413","556","410","625","421","596","477","625","482","573","535","607","579","589","622","589","455","690","507","705","590","766","616","803","653","800","289","263"
"NL-0017-08-19-2024-K16-6165.dw.png","434","394","446","422","386","502","440","480","526","457","417","581","408","651","424","623","474","649","482","619","531","646","576","631","615","635","449","722","497","740","574","809","597","851","632","847","299","289"
"NL-0017-08-19-2024-K16-6166.dw.png","470","358","480","386","401","459","465","450","558","430","422","552","403","622","422","597","472","631","485","588","536","620","584","614","626","620","433","693","485","723","556","799","574","842","611","845","352","241"
"NL-0017-08-19-2024-K16-6167.dw.png","458","396","467","425","393","500","452","485","548","474","415","583","397","656","416","628","466","663","477","628","525","663","574","651","615","663","428","728","481","757","547","834","565","878","601","882","335","268"
"NL-0017-08-19-2024-K16-6168.dw.png","472","397","481","423","408","503","467","487","562","468","429","586","415","660","433","630","480","661","491","628","543","660","591","655","631","660","444","724","494","753","568","830","585","872","622","872","348","280"
"NL-0017-08-19-2024-K16-6169.dw.png","441","370","453","394","390","486","445","466","537","435","416","564","405","631","422","605","471","637","479","586","529","620","574","608","618","614","442","696","490","716","569","783","590","820","627","820","315","268"
"NL-0017-08-19-2024-K16-6170.dw.png","487","425","494","455","414","512","478","502","565","503","427","610","405","673","424","648","469","695","486","660","531","690","580","688","616","700","427","747","473","778","535","862","548","904","583","913","381","296"
"NL-0017-08-19-2024-K16-6171.dw.png","471","432","482","457","410","534","471","519","563","496","436","623","423","695","439","667","493","698","502","658","555","688","601","676","644","678","459","766","516","793","592","867","612","904","648","901","340","322"
"NL-0017-08-19-2024-K16-6172.dw.png","494","416","503","445","429","514","488","502","580","490","450","598","434","671","451","647","502","683","512","645","561","673","608","663","650","669","466","742","521","772","590","846","608","882","644","884","377","298"
"NL-0017-08-19-2024-K16-6173.dw.png","476","424","494","451","440","539","494","509","584","469","482","615","487","694","497","663","557","679","556","638","611","656","656","631","700","629","539","754","601","767","688","819","717","855","754","846","329","343"
"NL-0017-08-19-2024-K16-6174.dw.png","456","386","473","408","422","502","474","471","560","431","462","577","462","646","474","619","530","637","535","601","590","619","635","595","677","592","515","713","569","728","663","786","689","821","726","815","309","299"
"NL-0017-08-19-2024-K16-6175.dw.png","422","423","437","446","379","528","437","506","523","468","419","605","421","681","431","649","489","671","492","631","547","652","591","631","634","628","467","741","524","755","614","816","644","854","680","849","279","331"
"NL-0017-08-19-2024-K16-6176.dw.png","358","398","376","422","328","508","380","480","462","440","379","588","382","652","392","625","450","646","452","615","504","625","544","601","584","598","435","714","488","724","572","773","601","806","636","797","209","315"
"NL-0017-08-19-2024-K16-6177.dw.png","400","386","410","410","345","496","403","476","494","446","374","576","362","650","381","622","434","643","443","615","495","639","542","624","585","629","404","721","461","740","542","813","562","848","600","846","260","269"
"NL-0017-08-19-2024-K16-6178.dw.png","421","459","437","482","383","567","438","538","528","504","427","643","429","719","441","691","503","716","503","672","560","691","604","670","645","667","480","783","544","799","632","856","663","893","699","888","268","368"
"NL-0017-08-19-2024-K16-6179.dw.png","442","399","454","420","395","504","452","479","534","449","433","588","428","655","441","630","495","659","500","616","547","634","589","622","631","621","470","721","519","736","594","794","620","834","654","830","307","307"
"NL-0017-08-19-2024-K16-6180.dw.png","456","370","471","397","417","490","470","463","557","426","449","566","446","635","459","611","514","636","517","582","572","612","617","596","660","596","494","702","543","716","631","778","656","814","694","811","322","271"
"NL-0017-08-19-2024-K16-6181.dw.png","456","416","469","444","406","524","464","509","558","478","441","613","435","689","449","661","507","685","512","652","567","672","613","651","659","654","477","754","540","777","624","842","650","883","689","880","316","315"
"NL-0017-08-19-2024-K16-6182.dw.png","437","445","453","465","414","565","460","526","544","478","462","634","469","707","479","678","533","690","532","655","593","669","635","645","677","641","524","767","579","775","675","826","707","859","742","848","287","381"
"NL-0017-08-19-2024-K16-6183.dw.png","448","396","463","418","406","505","462","480","550","440","446","582","445","658","458","625","514","646","518","607","574","630","620","609","664","606","492","720","553","735","642","795","670","830","705","822","305","306"
"NL-0017-08-19-2024-K16-6184.dw.png","459","377","475","409","417","502","472","473","565","438","457","585","455","658","470","629","525","650","529","613","583","629","628","609","674","610","500","720","561","739","646","798","674","837","711","826","317","282"
"NL-0017-08-19-2024-K16-6185.dw.png","455","361","467","389","397","468","458","451","553","430","426","557","414","631","432","604","485","640","493","586","545","621","591","607","635","611","454","700","513","725","586","788","608","829","645","827","322","244"
"NL-0017-08-19-2024-K16-6186.dw.png","430","346","441","372","379","459","434","431","521","408","412","541","406","608","419","580","469","603","475","578","529","597","573","580","612","582","445","674","493","688","572","757","591","788","628","788","295","235"
"NL-0017-08-19-2024-K16-6187.dw.png","432","344","446","369","392","468","443","427","530","393","425","538","419","604","433","577","487","605","491","559","544","583","590","569","631","569","466","674","520","689","597","750","619","784","654","775","290","246"
"NL-0017-08-19-2024-K16-6188.dw.png","464","391","473","413","407","498","463","478","556","455","432","578","420","655","436","621","489","657","498","606","551","639","596","629","641","630","458","719","511","739","587","810","610","851","646","855","332","287"
"NL-0017-08-19-2024-K16-6189.dw.png","329","473","356","461","437","528","413","470","395","378","521","499","596","508","567","494","600","441","557","435","584","384","573","340","579","297","661","473","686","419","755","347","790","329","790","292","225","601"
"NL-0018-08-19-2024-K17-6193.dw.png","580","352","583","381","503","432","559","442","650","441","509","530","478","598","502","571","542","610","558","587","603","623","649","621","689","638","494","666","541","705","599","792","610","836","647","844","494","220"
"NL-0018-08-19-2024-K17-6194.dw.png","500","415","511","437","449","519","507","498","593","469","483","606","477","676","490","649","539","671","546","631","598","656","641","641","682","644","512","735","566","758","647","826","668","860","704","855","377","324"
"NL-0018-08-19-2024-K17-6195.dw.png","498","380","509","403","440","482","496","464","583","448","464","565","450","635","465","606","515","642","524","612","573","638","617","628","659","634","479","701","526","727","604","808","621","848","657","852","379","270"
"NL-0018-08-19-2024-K17-6196.dw.png","507","244","531","269","492","349","548","335","617","275","565","435","581","504","584","470","641","477","636","443","690","445","725","419","768","407","637","549","697","553","789","583","829","614","863","602","365","193"
"NL-0018-08-19-2024-K17-6197.dw.png","428","397","449","413","418","511","469","476","535","413","485","582","507","652","507","619","566","621","561","591","621","591","657","555","694","539","566","694","621","692","734","731","769","756","801","740","272","361"
"NL-0018-08-19-2024-K17-6198.dw.png","515","343","522","375","440","434","506","425","595","424","458","526","434","598","455","575","504","619","520","578","566","610","615","603","655","613","462","672","512","704","576","780","593","829","630","830","399","227"
"NL-0018-08-19-2024-K17-6199.dw.png","469","411","480","439","414","519","468","505","557","473","438","603","423","671","440","641","488","661","494","644","548","666","593","655","637","660","453","735","502","763","578","841","598","882","635","880","353","321"
"NL-0018-08-19-2024-K17-6200.dw.png","419","425","441","450","400","541","451","504","530","454","460","618","474","684","477","652","543","671","537","634","593","637","633","608","674","601","535","736","591","739","692","783","718","804","750","787","266","354"
"NL-0018-08-19-2024-K17-6201.dw.png","452","378","471","400","429","487","481","463","556","411","482","559","492","633","499","600","553","612","553","583","610","590","648","567","688","558","544","683","597","688","690","733","726","766","760","754","312","321"
"NL-0018-08-19-2024-K17-6203.dw.png","417","445","437","463","402","562","446","519","517","472","452","629","461","696","470","668","528","684","524","643","576","655","619","631","656","620","519","752","571","756","667","802","704","836","734","819","271","389"
"NL-0018-08-19-2024-K17-6204.dw.png","418","382","432","406","375","490","432","468","514","428","416","566","413","644","426","614","482","638","484","602","539","617","582","598","623","597","459","703","514","718","599","778","625","811","661","806","280","306"
"NL-0018-08-19-2024-K17-6205.dw.png","491","372","506","400","449","487","503","464","591","425","487","563","483","639","497","609","549","633","552","595","608","616","652","600","695","598","525","697","579","715","666","779","694","818","731","810","362","295"
"NL-0018-08-19-2024-K17-6206.dw.png","462","380","479","405","425","490","483","466","569","431","476","571","483","651","491","616","543","629","546","600","605","615","647","593","692","591","526","702","586","716","679","773","711","811","745","798","320","306"
"NL-0018-08-19-2024-K17-6207.dw.png","432","346","449","369","392","456","450","434","540","403","439","548","439","621","451","590","506","605","509","576","568","593","611","571","654","568","484","680","542","695","635","763","658","791","696","790","291","256"
"NL-0018-08-19-2024-K17-6208.dw.png","341","504","368","484","456","530","427","476","383","396","534","474","610","460","578","454","587","401","557","402","564","346","541","307","532","268","658","412","667","356","710","269","747","232","731","200","278","647"
"NL-0018-08-19-2024-K17-6209.dw.png","449","375","467","393","435","491","484","454","559","395","494","558","514","630","517","597","572","600","566","565","627","571","666","543","709","530","569","670","630","673","729","707","767","736","804","722","299","326"
"NL-0018-08-19-2024-K17-6210.dw.png","493","352","513","376","471","467","522","434","603","386","526","541","537","617","544","585","604","598","599","561","659","566","700","539","744","533","591","668","650","674","748","721","779","749","817","738","351","307"
"NL-0018-08-19-2024-K17-6211.dw.png","500","392","518","412","476","500","527","472","607","423","530","574","542","647","548","616","605","627","602","594","659","598","698","571","738","560","594","695","652","703","746","746","781","778","815","768","358","336"
"NL-0018-08-19-2024-K17-6212.dw.png","466","371","482","391","435","484","486","449","562","407","482","560","486","628","497","602","551","618","552","582","604","592","645","573","685","563","538","688","591","696","676","744","704","776","737","765","324","296"
"NL-0018-08-19-2024-K17-6213.dw.png","519","405","535","425","492","515","538","490","615","443","531","585","533","655","544","625","597","643","599","607","652","624","694","604","737","599","579","712","632","726","722","780","755","818","790","812","386","339"
"NL-0018-08-19-2024-K17-6214.dw.png","500","387","515","412","459","493","514","468","601","438","501","577","501","648","511","617","568","644","571","606","625","625","668","607","713","605","548","708","601","725","689","785","720","827","756","820","364","306"
"NL-0018-08-19-2024-K17-6215.dw.png","495","408","508","431","448","512","505","493","592","467","482","596","479","668","492","640","546","661","552","634","608","651","655","634","696","635","521","732","576","751","668","819","694","862","728","857","364","321"
"NL-0018-08-19-2024-K17-6216.dw.png","555","391","553","422","463","465","522","476","612","486","458","560","421","621","449","601","482","644","500","618","540","657","586","661","623","679","430","692","469","730","513","822","519","865","554","874","481","248"
"NL-0018-08-19-2024-K17-6217.dw.png","828","447","803","464","722","407","744","465","779","548","646","451","567","457","600","466","582","525","616","526","601","582","620","623","623","668","514","504","501","563","446","654","413","683","419","718","910","302"
"NL-0018-08-19-2024-K17-6218.dw.png","480","375","497","394","458","485","508","451","580","403","510","557","520","627","529","599","587","615","585","582","643","586","682","562","722","549","577","683","630","690","730","733","765","767","799","754","337","316"
"NL-0018-08-19-2024-K17-6219.dw.png","498","340","508","369","438","443","497","421","582","408","461","532","443","600","461","573","508","602","519","565","569","595","613","586","655","589","473","665","526","693","594","765","611","803","649","802","387","228"
"NL-0018-08-19-2024-K17-6220.dw.png","364","362","393","351","457","425","457","364","436","272","558","397","629","413","603","395","637","342","599","332","629","278","617","230","620","185","701","377","724","324","799","243","845","218","844","182","260","483"
"NL-0018-08-19-2024-K17-6221.dw.png","681","718","668","690","745","628","680","626","588","646","715","524","733","449","714","478","659","444","647","483","594","454","546","467","504","464","700","378","644","353","566","279","542","232","507","235","811","823"
"NL-0019-08-19-2024-K18-6334.dw.png","456","362","465","389","395","463","452","448","542","429","418","547","404","621","421","594","469","623","478","591","528","617","573","606","616","612","435","688","483","710","555","786","572","823","608","821","340","259"
"NL-0019-08-19-2024-K18-6335.dw.png","440","367","456","392","399","473","453","452","539","415","433","549","429","630","445","606","498","623","503","583","556","607","598","587","643","588","475","693","531","711","619","774","643","805","679","800","302","269"
"NL-0019-08-19-2024-K18-6336.dw.png","459","362","472","391","403","464","463","447","553","427","430","546","419","624","437","600","488","625","497","583","545","616","592","599","638","606","457","695","510","715","587","782","611","822","647","820","328","246"
"NL-0019-08-19-2024-K18-6337.dw.png","465","389","477","417","413","491","470","475","560","456","442","575","431","648","446","624","497","649","504","615","552","643","597","628","639","632","467","716","517","734","590","804","619","853","655","856","335","287"
"NL-0019-08-19-2024-K18-6338.dw.png","482","418","494","445","434","523","488","496","575","478","462","594","452","668","469","643","520","664","526","624","575","654","620","632","660","640","492","733","547","751","625","816","649","853","686","848","353","324"
"NL-0019-08-19-2024-K18-6339.dw.png","477","407","491","435","430","505","485","490","573","463","465","591","459","666","473","633","524","652","530","630","581","652","625","631","670","632","501","731","553","745","632","808","663","853","698","849","344","308"
"NL-0019-08-19-2024-K18-6341.dw.png","430","430","443","454","386","538","440","519","524","483","419","613","414","687","428","655","477","673","483","644","536","669","582","650","624","652","456","748","512","765","593","829","620","869","657","868","296","336"
"NL-0019-08-19-2024-K18-6342.dw.png","426","389","444","415","393","501","445","471","526","430","435","578","434","653","447","629","500","643","502","605","557","622","599","602","641","602","483","714","537","727","622","778","657","821","691","814","279","304"
"NL-0019-08-19-2024-K18-6343.dw.png","459","397","472","422","407","502","465","479","559","461","438","586","430","662","445","635","497","656","505","621","558","648","604","633","650","637","469","728","526","748","603","809","631","853","669","854","325","296"
"NL-0019-08-19-2024-K18-6344.dw.png","477","402","488","427","429","519","482","488","573","462","458","590","450","661","466","638","521","666","525","622","577","650","623","631","668","634","494","733","550","752","625","812","653","854","690","851","342","304"
"NL-0019-08-19-2024-K18-6345.dw.png","483","387","492","413","419","489","479","468","570","455","436","566","419","634","436","611","486","651","500","605","545","643","590","639","629","644","449","705","497","733","561","805","579","849","613","851","366","273"
"NL-0019-08-19-2024-K18-6346.dw.png","428","438","441","466","379","537","434","523","522","502","411","619","405","700","420","673","470","693","476","661","524","687","567","670","609","673","446","769","497","784","573","850","599","892","631","890","299","333"
"NL-0019-08-19-2024-K18-6347.dw.png","402","374","419","398","368","492","421","457","508","421","408","566","412","638","422","611","479","635","482","589","535","609","577","584","623","580","461","700","518","711","599","758","636","803","671","792","254","296"
"NL-0019-08-19-2024-K18-6348.dw.png","396","416","406","450","330","513","392","500","483","489","349","595","331","672","350","649","399","681","412","640","457","673","504","662","547","673","361","745","410","770","480","844","497","883","534","884","274","295"
"NL-0019-08-19-2024-K18-6349.dw.png","473","387","486","415","416","491","476","472","566","453","445","581","432","652","449","623","499","648","509","615","559","644","605","628","650","630","469","718","519","738","599","812","622","853","658","853","348","281"
"NL-0019-08-19-2024-K18-6350.dw.png","408","409","423","436","362","521","419","492","506","464","395","599","390","672","404","644","457","665","463","633","516","658","559","636","605","636","432","738","489","756","567","817","595","859","631","856","268","307"
"NL-0019-08-19-2024-K18-6351.dw.png","475","416","491","445","427","521","488","501","581","474","466","608","464","683","477","654","530","675","536","640","590","661","635","642","683","643","504","743","562","761","645","825","678","869","714","867","337","321"
"NL-0019-08-19-2024-K18-6352.dw.png","487","425","499","449","438","527","494","503","584","478","468","607","459","683","474","652","525","676","533","641","583","668","627","648","669","653","494","741","551","763","627","830","652","872","689","875","351","327"
"NL-0019-08-19-2024-K18-6353.dw.png","443","404","458","424","406","514","461","481","546","449","444","584","448","660","458","633","512","650","517","610","572","632","613","617","653","612","496","720","548","733","632","788","663","825","695","813","304","325"
"NL-0019-08-19-2024-K18-6354.dw.png","465","401","475","428","401","500","464","478","553","472","424","585","410","661","428","635","478","666","490","629","538","664","586","648","629","652","443","730","497","754","572","830","591","870","630","869","343","290"
"NL-0019-08-19-2024-K18-6355.dw.png","494","423","503","453","425","526","484","517","579","504","443","610","422","685","442","660","489","688","502","663","548","695","596","686","642","696","450","760","501","792","567","869","585","918","621","922","383","307"
"NL-0019-08-19-2024-K18-6356.dw.png","433","370","449","399","386","477","447","453","532","421","425","561","422","637","436","604","490","631","494","590","548","615","592","592","635","594","464","697","522","713","600","771","631","811","665","807","292","272"
"NL-0020-08-19-2024-K19-6359.dw.png","489","322","497","356","412","424","482","399","580","407","434","517","414","588","432","563","483","606","500","556","548","600","596","593","639","605","446","664","495","700","566","783","583","825","621","827","368","194"
"NL-0020-08-19-2024-K19-6361.dw.png","392","416","401","449","323","516","389","492","482","491","348","606","330","682","350","655","399","700","414","645","461","686","508","676","550","688","364","756","415","787","485","864","505","910","540","910","266","299"
"NL-0020-08-19-2024-K19-6362.dw.png","439","326","455","353","394","433","454","408","542","374","439","517","440","592","451","563","510","588","510","546","567","563","610","544","657","544","488","654","545","670","633","725","660","759","697","752","293","249"
"NL-0020-08-19-2024-K19-6363.dw.png","443","464","462","487","409","582","464","545","550","505","455","661","456","731","468","706","527","730","527","677","586","700","629","673","669","669","511","796","570","810","659","863","691","900","726","890","301","391"
"NL-0020-08-19-2024-K19-6391.dw.png","286","466","299","496","225","561","289","544","379","531","253","644","237","715","257","688","309","720","318","691","372","716","418","704","460","714","274","785","329","812","404","890","422","927","457","925","148","360"
"NL-0020-08-19-2024-K19-6392.dw.png","284","454","293","479","212","549","281","530","371","526","236","636","215","708","235","680","286","722","298","686","348","713","393","706","434","716","245","780","297","811","365","892","379","931","415","931","155","340"
"NL-0020-08-19-2024-K19-6393.dw.png","263","482","277","512","204","591","270","562","365","549","242","679","235","759","250","727","308","763","317","712","371","742","418","730","461","733","278","826","337","850","417","919","442","961","477","952","111","388"
"NL-0020-08-19-2024-K19-6394.dw.png","238","538","254","562","188","640","252","613","339","585","226","724","218","797","235","769","296","802","301","757","355","782","401","762","442","766","263","862","323","881","406","946","431","985","464","976","91","448"
"NL-0020-08-19-2024-K19-6395.dw.png","278","504","292","533","227","623","288","577","381","565","266","702","257","773","273","746","330","777","335","722","391","754","435","741","478","743","300","842","359","867","437","933","460","975","496","969","129","412"
"NL-0020-08-19-2024-K19-6396.dw.png","271","484","284","513","211","584","277","561","368","541","245","668","231","742","250","713","307","746","315","706","371","735","418","715","458","720","276","815","331","835","408","904","430","944","464","940","130","379"
"NL-0020-08-19-2024-K19-6397.dw.png","311","463","321","493","246","567","308","545","394","529","270","649","251","718","272","694","323","725","335","689","386","721","433","709","471","716","290","796","341","823","412","898","430","940","465","936","183","347"
"NL-0020-08-19-2024-K19-6398.dw.png","271","499","283","528","210","600","277","571","368","557","245","686","233","760","250","731","305","766","316","712","367","744","413","731","453","734","274","833","327","855","405","925","426","965","459","958","128","400"
"NL-0020-08-19-2024-K19-6399.dw.png","240","516","256","546","185","619","251","591","341","571","223","702","217","780","230","751","289","779","295","739","352","763","398","743","437","741","262","854","319","873","398","936","424","977","458","970","95","420"
"NL-0020-08-19-2024-K19-6400.dw.png","298","445","309","476","231","544","297","528","392","512","259","640","241","713","262","687","317","719","327","674","380","705","427","691","471","697","276","784","338","812","411","885","427","924","466","920","164","329"
"NL-0020-08-19-2024-K19-6401.dw.png","253","475","264","504","188","583","254","557","347","538","218","669","202","737","221","711","275","750","286","699","339","733","387","719","426","724","241","814","293","837","366","911","386","955","421","949","117","368"
"NL-0020-08-19-2024-K19-6402.dw.png","264","479","273","509","190","575","260","555","356","558","213","669","191","745","212","717","264","758","281","714","329","754","377","748","420","757","220","822","275","858","344","942","361","988","397","991","133","365"
"NL-0020-08-19-2024-K19-6403.dw.png","252","529","266","557","199","643","262","610","349","584","236","724","228","795","244","767","300","792","306","749","360","772","404","752","443","753","274","862","329","880","407","944","430","984","464","977","109","441"
"NL-0020-08-19-2024-K19-6404.dw.png","270","499","281","529","209","600","274","569","365","567","242","686","227","759","246","732","301","769","312","723","362","754","406","744","448","750","266","830","322","855","397","928","420","977","455","976","129","394"
"NL-0020-08-19-2024-K19-6405.dw.png","264","492","277","522","202","585","268","563","354","552","230","672","213","746","233","722","285","760","297","713","347","745","395","733","432","739","254","823","308","848","375","917","397","962","431","956","134","383"
"NL-0020-08-19-2024-K19-6406.dw.png","291","465","305","489","237","568","300","539","389","520","272","653","262","724","277","695","335","726","343","685","399","714","445","696","487","700","305","792","362","814","440","883","464","922","501","918","147","366"
"NL-0020-08-19-2024-K19-6407.dw.png","272","483","283","507","219","588","278","560","365","539","249","668","239","740","256","712","311","746","314","698","368","723","410","708","451","713","279","808","336","830","410","897","431","934","465","928","135","385"
"NL-0020-08-19-2024-K19-6408.dw.png","283","488","292","514","210","570","278","560","368","555","230","663","206","730","228","707","277","745","290","704","339","736","387","723","427","733","235","809","291","838","350","911","365","954","401","952","159","365"
"NL-0020-08-19-2024-K19-6409.dw.png","280","465","288","494","207","562","276","542","367","536","227","647","203","713","226","691","278","730","293","685","341","727","389","717","430","727","239","798","292","828","358","906","374","947","412","947","160","338"
"NL-0020-08-19-2024-K19-6410.dw.png","288","475","298","505","220","569","287","550","377","549","246","667","224","734","247","708","296","744","309","699","357","737","403","730","445","736","256","809","309","838","375","914","395","964","430","961","167","357"
"NL-0020-08-19-2024-K19-6411.dw.png","256","513","266","539","187","597","254","583","346","581","211","689","190","767","212","736","261","769","273","735","325","768","373","757","416","770","221","837","275","868","347","949","367","995","402","991","127","398"
"NL-0020-08-19-2024-K19-6412.dw.png","304","445","315","481","236","544","303","524","396","524","262","637","242","712","263","683","314","728","329","674","377","713","423","705","465","714","274","784","329","817","397","891","416","938","452","937","173","335"
"NL-0020-08-19-2024-K19-6413.dw.png","289","455","295","484","210","538","278","527","369","532","225","632","196","700","219","680","263","725","283","679","327","716","374","709","412","721","218","779","269","812","323","895","335","939","370","944","175","322"
"NL-0020-08-19-2024-K19-6414.dw.png","253","512","265","540","188","610","254","588","343","580","212","698","190","763","211","738","266","779","278","734","329","767","378","751","418","759","224","835","282","868","353","947","370","985","405","986","116","407"
"NL-0021-08-19-2024-K20-6417.dw.png","275","447","285","475","213","556","272","532","363","520","232","637","212","705","232","678","283","718","297","670","343","706","392","698","434","700","246","784","299","812","364","883","383","925","418","927","152","329"
"NL-0021-08-19-2024-K20-6418.dw.png","291","479","299","506","219","580","281","563","373","554","234","667","209","734","231","712","281","744","295","710","344","748","394","745","433","752","236","810","289","843","360","936","374","973","411","968","172","355"
"NL-0021-08-19-2024-K20-6419.dw.png","264","521","281","550","221","619","278","601","365","577","258","700","254","785","271","754","322","771","326","736","378","761","422","740","463","743","296","850","350","863","432","927","459","967","494","964","125","426"
"NL-0021-08-19-2024-K20-6420.dw.png","251","536","265","565","201","644","262","607","351","596","243","724","237","801","251","773","307","806","314","753","365","781","411","765","452","767","281","870","336","892","421","961","448","1003","481","997","107","448"
"NL-0021-08-19-2024-K20-6421.dw.png","252","588","272","607","233","702","284","661","359","614","292","773","305","843","313","814","373","819","371","782","428","792","466","768","505","754","368","897","430","901","533","948","566","976","596","959","90","539"
"NL-0021-08-19-2024-K20-6422.dw.png","246","574","265","593","230","690","281","655","351","601","288","762","302","830","306","799","367","810","363","772","418","781","457","750","496","738","366","887","417","889","523","932","545","952","576","931","94","519"
"NL-0021-08-19-2024-K20-6423.dw.png","235","571","251","593","200","678","257","652","339","608","253","761","262","837","272","808","335","826","331","774","386","796","431","770","471","762","324","901","384","912","484","965","512","994","544","980","84","499"
"NL-0021-08-19-2024-K20-6425.dw.png","250","543","266","565","216","657","272","622","354","590","263","739","269","811","277","782","339","806","337","760","391","776","435","753","475","751","319","874","374","887","473","948","493","973","526","955","109","462"
"NL-0021-08-19-2024-K20-6426.dw.png","249","536","267","559","210","639","267","612","350","583","251","715","256","797","264","761","320","781","324","740","374","761","417","739","459","734","302","856","356","867","438","918","470","960","505","950","100","454"
"NL-0021-08-19-2024-K20-6427.dw.png","250","534","268","564","211","641","265","617","351","583","248","714","246","796","260","767","316","791","318","742","370","767","413","743","455","743","293","860","346","871","431","931","457","968","492","961","107","443"
"NL-0021-08-19-2024-K20-6428.dw.png","256","471","266","496","192","565","255","559","344","541","220","660","202","727","222","702","272","731","284","692","331","723","375","711","412","717","234","794","292","820","359","887","375","923","408","919","134","364"
"NL-0021-08-19-2024-K20-6429.dw.png","452","613","472","600","559","658","537","601","499","521","642","621","703","628","679","615","709","557","657","552","682","501","671","457","667","415","775","578","793","521","850","444","885","420","875","384","356","758"
"NL-0021-08-19-2024-K20-6430.dw.png","218","573","236","592","189","684","244","648","326","610","235","755","241","827","251","798","310","806","309","767","366","787","407","764","447","753","292","881","349","886","441","932","471","964","506","948","72","516"
"NL-0021-08-19-2024-K20-6431.dw.png","248","517","263","540","208","625","264","601","347","565","246","705","240","772","254","745","311","771","314","721","366","751","409","739","451","736","282","835","339","852","425","920","447","952","481","942","108","429"
"NL-0021-08-19-2024-K20-6432.dw.png","253","535","269","558","215","652","268","621","347","583","249","726","246","795","258","765","315","793","317","745","371","772","413","755","451","748","291","862","346","878","426","936","452","972","487","968","109","441"
"NL-0021-08-19-2024-K20-6433.dw.png","228","567","251","589","212","684","265","650","342","598","277","761","288","833","296","798","352","804","345","758","401","770","436","744","478","732","344","879","403","876","493","916","530","947","560","930","70","522"
"NL-0021-08-19-2024-K20-6434.dw.png","245","505","259","530","198","619","254","596","339","562","234","708","222","772","240","743","293","775","300","723","349","749","392","733","431","731","264","840","323","857","397","923","418","957","452","951","108","413"
"NL-0021-08-19-2024-K20-6435.dw.png","278","476","284","497","198","561","263","559","356","553","208","657","183","723","203","702","253","736","269","699","317","736","363","738","407","747","205","801","258","837","325","938","333","968","371","966","169","337"
"NL-0021-08-19-2024-K20-6436.dw.png","265","469","270","499","186","561","248","558","340","552","192","649","163","715","187","691","230","730","251","694","291","733","340","731","380","737","183","794","232","832","285","904","297","949","334","952","165","337"
"NL-0021-08-19-2024-K20-6437.dw.png","299","474","308","502","228","575","291","562","383","556","243","661","223","733","241","706","290","750","304","708","349","741","397","737","436","748","247","809","293","837","360","928","370","962","406","963","193","357"
"NL-0021-08-19-2024-K20-6438.dw.png","291","472","296","498","209","561","272","553","363","560","215","652","182","714","209","690","249","733","270","691","308","735","353","732","389","748","198","787","246","821","295","911","302","952","336","958","191","340"
"NL-0021-08-19-2024-K20-6439.dw.png","250","471","260","498","182","578","248","558","341","544","205","670","185","732","206","707","257","742","271","697","317","730","362","719","404","727","216","804","272","831","340","907","356","944","391","945","124","356"
"NL-0021-08-19-2024-K20-6440.dw.png","277","501","287","530","215","603","275","589","363","577","238","693","221","762","240","735","290","768","302","731","349","761","395","751","436","758","252","834","304","861","371","932","392","978","427","973","158","388"
"NL-0021-08-19-2024-K20-6441.dw.png","268","511","277","538","199","613","264","597","352","583","220","702","200","762","219","740","271","773","287","725","333","763","380","759","419","761","231","835","285","862","352","932","374","979","410","978","144","400"
"NL-0021-08-19-2024-K20-6442.dw.png","239","521","249","547","180","631","240","602","331","588","207","716","194","786","212","757","264","786","273","745","325","775","371","761","411","759","231","857","286","882","361","954","379","989","415","985","102","410"
"NL-0021-08-19-2024-K20-6443.dw.png","255","514","275","540","225","635","279","599","361","557","269","706","274","779","285","751","344","766","345","724","401","742","444","716","482","704","332","843","387","853","479","901","505","928","541","920","103","440"
"NL-0021-08-19-2024-K20-6444.dw.png","235","524","253","550","203","638","254","613","333","565","240","718","235","779","248","753","302","774","306","727","356","749","399","733","440","727","281","847","337","859","413","910","440","948","473","936","95","443"
"NL-0021-08-19-2024-K20-6445.dw.png","236","518","250","538","193","626","250","605","335","565","232","709","229","774","242","747","298","766","305","732","356","750","397","731","440","729","274","839","333","856","413","912","439","949","475","939","89","425"
"NL-0021-08-19-2024-K20-6446.dw.png","229","544","242","569","183","658","238","626","324","597","215","738","207","806","222","777","276","803","282","760","337","783","381","772","421","767","249","876","305","895","386","964","408","998","444","990","91","445"
"NL-0021-08-19-2024-K20-6447.dw.png","488","656","515","647","582","723","580","660","563","570","676","701","741","723","719","702","751","652","706","637","740","592","734","545","736","504","814","693","844","637","911","573","956","553","953","518","383","776"
"NL-0022-08-19-2024-K21-6449.dw.png","273","477","289","508","221","571","282","559","377","540","258","662","251","747","267","718","317","732","326","707","379","731","424","712","467","715","290","814","346","832","423","897","449","943","483","942","136","370"
"NL-0022-08-19-2024-K21-6450.dw.png","253","549","270","571","217","662","274","628","361","592","264","736","269","815","278","780","335","795","334","753","392","773","434","749","476","745","320","873","379","882","463","932","491","966","526","958","97","475"
"NL-0022-08-19-2024-K21-6451.dw.png","245","567","266","593","217","680","271","647","353","606","263","749","268","830","281","800","337","812","336","767","391","788","432","760","473","755","323","891","380","897","470","943","502","977","534","963","91","496"
"NL-0022-08-19-2024-K21-6452.dw.png","222","637","245","656","219","754","265","714","332","648","284","817","306","888","308","855","367","853","360","819","415","816","447","783","485","770","366","930","425","923","517","948","557","976","589","960","58","602"
"NL-0022-08-19-2024-K21-6453.dw.png","238","525","255","551","202","631","256","607","341","574","240","704","238","782","251","750","305","768","310","731","361","752","404","730","444","726","283","844","337","858","422","918","449","955","483","949","91","440"
"NL-0022-08-19-2024-K21-6454.dw.png","264","470","277","500","206","569","267","551","355","536","233","654","221","730","237","701","291","732","300","691","350","719","395","705","433","709","256","799","310","819","382","885","400","921","436","922","136","357"
"NL-0022-08-19-2024-K21-6455.dw.png","280","496","296","522","233","601","292","572","377","547","268","680","260","759","276","728","333","755","341","716","392","742","436","724","477","720","304","827","359","841","446","912","469","948","504","942","136","396"
"NL-0022-08-19-2024-K21-6456.dw.png","284","533","297","561","231","633","290","611","381","593","261","710","253","794","270","768","325","789","331","750","384","779","428","760","472","761","299","868","352","883","435","950","459","990","497","988","148","430"
"NL-0022-08-19-2024-K21-6457.dw.png","239","582","257","609","196","683","256","657","340","625","236","758","235","841","250","811","305","825","308","787","362","807","406","784","446","781","284","903","341","916","425","969","452","1002","488","992","92","499"
"NL-0022-08-19-2024-K21-6458.dw.png","243","568","262","590","213","689","268","657","347","606","259","761","265","832","274","802","330","800","333","780","394","794","435","770","477","762","315","890","375","897","468","951","496","986","532","973","88","483"
"NL-0022-08-19-2024-K21-6459.dw.png","263","494","279","522","220","603","279","583","366","550","260","683","259","765","271","733","326","752","330","712","383","739","429","719","470","718","300","826","361","842","439","896","465","936","501","929","118","412"
"NL-0022-08-19-2024-K21-6460.dw.png","287","501","296","530","218","589","279","578","372","572","234","669","212","747","233","722","283","754","297","720","341","759","388","745","429","753","239","822","291","850","357","928","375","974","412","977","171","369"
"NL-0022-08-19-2024-K21-6461.dw.png","264","538","282","561","228","643","285","613","372","580","274","719","278","796","292","768","348","779","349","739","404","760","447","733","488","728","334","860","389","867","476","916","506","949","540","937","110","459"
"NL-0022-08-19-2024-K21-6462.dw.png","260","502","280","525","229","605","284","581","366","537","275","676","285","756","296","729","353","743","354","702","406","719","448","693","490","688","343","818","398","825","490","872","522","907","554","897","106","432"
"NL-0022-08-19-2024-K21-6463.dw.png","241","494","254","519","186","585","247","574","335","552","215","670","206","750","222","721","276","748","286","709","333","736","378","717","419","719","245","817","299","838","373","901","396","942","432","938","105","396"
"NL-0023-08-19-2024-K22-6465.dw.png","263","475","272","497","194","581","255","571","345","545","211","673","186","735","207","710","254","741","266","701","317","740","364","734","404","742","213","812","264","842","323","919","336","963","372","963","143","349"
"NL-0023-08-19-2024-K22-6466.dw.png","244","535","259","553","214","657","263","621","344","572","254","728","257","805","270","774","324","785","327","750","385","769","428","750","467","740","309","865","365","877","454","933","487","973","517","960","89","448"
"NL-0023-08-19-2024-K22-6467.dw.png","255","503","272","533","207","609","267","580","354","562","245","692","240","771","254","742","312","770","316","724","370","747","416","732","452","729","283","838","343","859","419","916","443","953","478","948","115","420"
"NL-0023-08-19-2024-K22-6469.dw.png","262","490","273","509","209","598","266","574","350","544","235","676","222","749","241","723","292","751","302","714","354","740","401","727","442","727","262","824","318","847","398","918","419","955","452","951","130","375"
"NL-0023-08-19-2024-K22-6470.dw.png","249","523","264","547","208","645","263","613","350","578","243","723","236","791","251","763","307","782","313","749","368","771","413","752","457","747","283","857","337","876","423","940","450","980","486","974","102","429"
"NL-0023-08-19-2024-K22-6471.dw.png","235","558","253","581","205","676","256","643","337","599","245","745","242","814","254","782","314","801","316","764","372","781","414","757","452","747","297","877","353","886","439","935","471","976","505","968","81","472"
"NL-0023-08-19-2024-K22-6472.dw.png","266","493","278","522","203","590","267","577","357","558","227","673","211","751","229","722","284","752","294","721","346","748","392","740","431","746","245","825","297","847","372","922","391","966","428","965","143","381"
"NL-0023-08-19-2024-K22-6473.dw.png","219","549","237","576","180","654","237","627","319","595","224","728","228","808","238","775","296","799","299","758","355","776","393","759","434","760","275","869","331","880","420","937","449","976","484","967","67","477"
"NL-0023-08-19-2024-K22-6474.dw.png","266","489","279","514","214","598","271","580","358","550","239","685","224","753","241","728","294","753","301","725","356","744","401","732","442","732","263","831","315","853","393","927","411","969","444","965","137","373"
"NL-0023-08-19-2024-K22-6477.dw.png","247","472","257","500","181","567","243","554","329","539","202","653","182","721","201","698","249","731","262","695","308","724","354","719","391","730","212","796","257","818","323","897","337","941","374","940","134","354"
"NL-0023-08-19-2024-K22-6478.dw.png","239","505","250","532","176","613","238","583","326","569","196","695","178","765","199","740","251","773","264","736","315","766","364","750","407","752","215","841","267","865","346","943","363","977","397","979","117","389"
"NL-0023-08-19-2024-K22-6479.dw.png","263","485","271","518","188","575","251","568","342","567","200","658","172","733","195","711","241","740","259","705","300","746","348","736","389","751","194","809","243","836","302","919","316","967","352","971","161","349"
"NL-0023-08-19-2024-K22-6480.dw.png","297","446","299","473","207","532","266","535","356","540","202","621","164","679","188","664","225","716","245","681","288","721","335","725","371","739","173","764","215","809","259","897","261","938","295","943","214","295"
"NL-0023-08-19-2024-K22-6481.dw.png","516","227","502","256","402","252","459","280","528","338","362","322","295","367","327","359","338","420","373","402","388","456","426","482","450","514","268","439","287","497","286","593","268","637","297","659","505","69"
"NL-0023-08-19-2024-K22-6482.dw.png","215","566","234","588","183","673","241","644","326","605","232","745","241","831","251","795","311","810","313","778","369","785","408","765","449","761","296","889","354","894","442","942","476","980","510","970","61","504"
"NL-0023-08-19-2024-K22-6483.dw.png","231","562","251","583","208","679","257","640","334","595","256","750","261","823","272","794","325","807","325","769","379","777","420","757","456","749","311","879","365","889","452","939","480","974","513","964","82","494"
"NL-0023-08-19-2024-K22-6484.dw.png","216","590","236","607","208","718","255","678","325","616","263","787","274","853","281","826","342","832","331","788","391","796","430","765","466","750","338","907","396","909","482","943","517","974","544","951","53","541"
"NL-0023-08-19-2024-K22-6485.dw.png","246","539","266","566","215","653","269","618","357","581","263","728","271","805","281","775","338","784","336","748","398","762","436","740","480","731","323","863","383","869","471","916","504","954","540","946","91","462"
"NL-0023-08-19-2024-K22-6486.dw.png","260","559","278","583","232","673","281","638","361","600","276","743","279","819","290","788","344","802","344","769","400","782","443","763","480","759","327","880","381","890","476","950","503","987","536","978","115","495"
"NL-0023-08-19-2024-K22-6487.dw.png","222","571","242","593","202","689","250","646","327","602","260","763","271","835","278","803","334","809","332","779","388","782","427","759","463","750","324","886","382","893","473","933","504","965","536","954","67","513"
"NL-0023-08-19-2024-K22-6488.dw.png","217","577","237","595","201","689","250","647","326","602","267","761","286","836","291","807","348","811","340","772","396","775","433","745","468","736","344","886","399","887","491","919","526","951","555","930","54","537"
"NL-0023-08-19-2024-K22-6489.dw.png","270","538","284","565","212","640","277","622","369","599","246","729","236","803","252","774","311","801","317","762","371","787","419","771","461","771","277","872","336","892","417","961","440","999","477","995","125","436"
"NL-0023-08-19-2024-K22-6490.dw.png","259","553","271","573","215","667","267","637","349","601","241","732","232","807","248","779","302","805","310","760","363","791","411","777","448","773","274","875","331","896","412","962","435","1000","469","989","122","458"
"NL-0023-08-19-2024-K22-6491.dw.png","509","642","529","627","622","677","586","625","549","543","699","632","767","632","740","620","756","563","713","560","737","507","714","464","710","425","832","582","846","522","899","434","932","407","921","377","419","794"
"NL-0023-08-19-2024-K22-6492.dw.png","252","568","272","588","237","691","287","659","359","601","295","766","302","829","310","803","370","812","362","769","420","777","459","750","499","738","365","887","420","890","515","929","548","960","575","940","98","515"
"NL-0023-08-19-2024-K22-6493.dw.png","277","542","292","562","240","653","293","616","376","583","279","728","278","799","293","771","350","796","354","750","407","775","452","756","490","751","329","866","384","882","474","943","500","979","534","969","128","449"
"NL-0023-08-19-2024-K22-6494.dw.png","242","550","261","575","211","676","265","636","351","593","257","749","257","820","268","790","329","803","330","761","389","776","431","752","475","741","315","882","373","888","464","938","496","978","533","971","86","473"
"NL-0023-08-19-2024-K22-6495.dw.png","254","523","265","547","199","626","256","599","341","579","226","707","212","779","230","752","282","780","292","733","342","769","390","755","429","757","250","852","303","875","382","948","402","989","438","990","117","405"
"NL-0023-08-19-2024-K22-6496.dw.png","263","515","273","541","205","619","263","598","348","577","227","696","210","774","230","746","279","775","293","732","344","769","390","760","430","760","247","849","298","874","374","949","393","993","428","990","135","399"
"NL-0023-08-19-2024-K22-6497.dw.png","247","498","258","523","187","617","246","595","337","567","210","695","194","763","212","737","265","764","276","731","324","759","372","746","416","745","230","834","281","859","355","930","374","971","412","970","117","392"
"NL-0024-09-66-2024-K01-7053.dw.png","241","482","253","513","182","578","243","573","336","550","209","669","189","741","210","713","261","751","274","707","323","739","371","727","411","736","223","810","275","838","348","913","365","952","402","951","113","371"
"NL-0024-09-66-2024-K01-7054.dw.png","249","508","266","532","206","609","264","594","349","554","248","698","243","775","259","748","312","757","316","726","372","745","418","726","457","726","289","839","347","854","428","914","452","951","487","942","109","417"
"NL-0024-09-66-2024-K01-7055.dw.png","223","536","241","564","189","652","245","635","329","586","234","731","230","808","244","774","302","797","304","756","357","773","400","749","439","748","277","869","337","886","422","943","445","977","480","965","71","457"
"NL-0024-09-66-2024-K01-7056.dw.png","674","239","648","257","560","205","584","260","628","343","487","248","414","245","446","259","426","316","464","319","446","373","471","416","471","454","355","291","339","353","283","437","250","461","259","495","744","91"
"NL-0024-09-66-2024-K01-7057.dw.png","257","540","273","570","206","629","268","624","354","594","247","725","245","804","257","776","315","804","320","760","372","785","415","769","455","768","287","872","344","891","420","948","454","1000","489","992","112","437"
"NL-0024-09-66-2024-K01-7058.dw.png","254","502","273","528","220","601","275","585","353","542","267","682","275","761","282","731","340","749","339","710","389","728","431","707","468","706","323","822","377","835","454","880","491","925","520","913","106","415"
"NL-0024-09-66-2024-K01-7059.dw.png","224","587","247","607","213","701","263","664","337","602","275","768","294","844","301","813","361","812","354","778","412","779","449","745","487","733","360","894","421","892","519","924","550","950","581","934","57","543"
"NL-0024-09-66-2024-K01-7060.dw.png","218","594","240","616","198","703","254","676","326","616","260","774","272","848","279","813","340","828","335","784","391","795","431","765","469","756","329","900","392","905","485","946","520","980","550","959","51","542"
"NL-0024-09-66-2024-K01-7061.dw.png","222","648","248","665","228","766","274","724","336","653","298","825","319","894","323","862","386","862","375","823","432","820","465","782","499","769","384","936","446","930","551","957","586","980","613","957","54","628"
"NL-0024-09-66-2024-K01-7062.dw.png","223","603","247","627","208","717","261","685","338","629","271","790","281","862","289","829","350","843","344","800","400","807","437","775","477","768","339","915","399","919","498","963","528","991","560","974","65","557"
"NL-0024-09-66-2024-K01-7063.dw.png","254","589","276","612","233","692","287","669","359","612","296","768","315","843","320","812","380","818","374","779","430","788","469","760","506","748","383","902","437","902","532","937","571","969","601","954","88","537"
"NL-0024-09-66-2024-K01-7064.dw.png","211","590","230","611","188","697","241","670","318","616","248","773","261","850","268","818","325","825","321","786","376","795","416","766","453","756","319","902","375","907","466","946","508","984","538","968","47","522"
"NL-0024-09-66-2024-K01-7065.dw.png","216","570","236","597","187","682","239","657","318","609","233","760","232","832","246","799","302","818","304","779","356","794","396","770","437","769","281","889","341","904","424","954","452","990","483","976","65","499"
"NL-0024-09-66-2024-K01-7066.dw.png","236","577","257","605","215","691","265","665","344","614","264","763","269","838","278","802","335","817","335","783","389","796","429","767","468","764","317","893","376","903","466","957","494","989","527","975","86","515"
"NL-0024-09-66-2024-K01-7069.dw.png","549","219","534","251","435","247","481","286","563","333","392","329","332","363","364","360","375","421","407","405","422","457","466","479","486","511","304","437","323","494","320","593","304","632","329","656","530","51"
"NL-0024-09-66-2024-K01-7070.dw.png","236","564","254","590","202","676","257","654","342","608","249","752","248","826","262","793","320","817","321","776","374","791","416","768","457","768","299","889","356","901","443","958","468","991","501","979","84","492"
"NL-0024-09-66-2024-K01-7071.dw.png","227","566","249","591","204","672","259","652","334","592","269","756","281","832","287","799","346","811","341","765","397","778","436","749","476","738","340","888","401","894","487","926","525","963","557","948","62","504"
"NL-0024-09-66-2024-K01-7072.dw.png","268","515","286","542","226","612","284","604","368","559","269","698","270","783","281","752","336","772","339","730","391","754","435","736","476","735","316","848","369","864","453","923","483","967","516","957","121","419"
"NL-0024-09-66-2024-K01-7073.dw.png","684","260","658","282","565","243","595","294","652","370","488","299","417","303","449","314","434","374","475","371","464","425","494","467","501","509","358","360","350","421","305","513","273","543","290","577","744","102"
"NL-0024-09-66-2024-K01-7074.dw.png","247","530","267","556","212","633","268","613","349","571","261","711","266","792","275","759","332","778","334","738","386","756","428","736","465","730","315","853","368","865","456","919","489","959","523","949","92","445"
"NL-0024-09-66-2024-K01-7075.dw.png","698","263","669","277","604","212","615","269","641","354","508","248","436","240","465","253","435","306","483","313","454","362","468","408","467","444","369","278","348","331","286","405","236","432","243","465","803","126"
"NL-0024-09-66-2024-K01-7076.dw.png","220","576","240","596","196","683","251","661","326","602","254","762","261","833","272","805","327","812","324","771","384","782","422","754","460","747","317","887","379","895","466","935","498","970","530","957","65","508"
"NL-0024-09-66-2024-K01-7077.dw.png","225","579","247","606","205","697","256","673","335","619","257","770","260","841","272","807","327","820","326","785","383","799","423","769","462","766","317","900","373","907","465","958","493","988","526","973","71","514"
"NL-0024-09-66-2024-K01-7078.dw.png","231","543","247","571","185","640","243","629","328","589","226","727","224","809","236","778","294","801","299","761","350","785","394","766","431","763","266","874","324","896","405","954","434","997","468","989","80","445"
"NL-0024-09-66-2024-K01-7079.dw.png","656","229","629","247","542","197","568","251","611","337","464","244","392","242","422","257","399","313","441","314","427","368","452","411","455","450","331","291","321","349","271","431","233","459","248","493","732","77"
"NL-0024-09-66-2024-K01-7080.dw.png","251","521","267","548","206","616","264","605","348","570","247","700","246","786","258","755","312","777","316","734","367","758","412","742","450","744","290","852","343","868","420","928","452","978","486","970","107","416"
"NL-0024-09-66-2024-K01-7081.dw.png","526","675","552","661","632","726","617","664","579","574","721","689","788","701","759","684","788","629","749","621","774","566","756","519","759","478","856","662","879","603","950","524","986","504","981","467","427","818"
"NL-0024-09-66-2024-K01-7082.dw.png","229","587","252","614","199","687","258","668","336","619","258","767","270","848","278","814","335","823","333","788","389","801","427","777","465","770","325","901","384","910","472","953","508","991","539","976","64","516"
"NL-0024-09-66-2024-K01-7083.dw.png","259","530","275","555","212","630","272","613","359","580","253","716","249","795","262","762","319","790","323","751","376","770","420","754","460","755","294","862","351","881","429","941","456","982","490","975","113","440"
"NL-0025-09-66-2024-K02-7093.dw.png","245","464","256","489","180","556","245","552","340","538","204","653","186","732","206","705","257","730","268","702","321","728","368","715","413","725","218","804","273","827","347","906","364","946","400","944","119","352"
"NL-0025-09-66-2024-K02-7094.dw.png","230","527","241","553","170","625","233","606","327","585","200","709","187","785","206","758","259","784","266","749","321","770","367","751","410","756","223","849","283","874","360","946","380","984","415","979","91","421"
"NL-0025-09-66-2024-K02-7095.dw.png","241","555","260","577","217","672","269","632","357","591","264","736","274","818","282","783","343","795","343","763","400","768","440","739","484","733","328","872","394","877","484","926","516","958","552","951","79","489"
"NL-0025-09-66-2024-K02-7096.dw.png","249","513","269","538","219","629","275","593","363","552","268","705","274","784","287","753","343","754","343","730","407","738","453","709","496","704","330","841","395","848","485","898","513","928","549","919","91","451"
"NL-0025-09-66-2024-K02-7098.dw.png","212","529","232","555","182","643","234","607","319","565","229","713","236","792","247","764","302","774","302","733","362","750","403","723","449","718","287","847","345","855","435","907","466","942","501","931","56","468"
"NL-0025-09-66-2024-K02-7099.dw.png","255","494","275","518","226","608","278","566","371","529","277","678","289","766","300","733","360","739","359","710","422","718","464","688","510","680","349","824","414","829","510","874","542","906","578","894","86","423"
"NL-0025-09-66-2024-K02-7100.dw.png","272","485","287","508","229","594","285","563","377","534","266","672","262","749","276","722","330","737","335","707","392","723","438","701","479","704","303","808","361","824","445","884","467","915","504","908","128","402"
"NL-0025-09-66-2024-K02-7101.dw.png","263","539","283","561","245","656","292","617","372","568","297","727","311","803","318","775","372","780","367","742","426","751","465","724","505","715","360","851","419","858","508","903","539","936","571","920","106","489"
"NL-0025-09-66-2024-K02-7103.dw.png","248","490","260","516","188","594","251","577","348","556","216","683","203","759","220","732","274","757","283","715","336","742","386","724","429","730","237","823","299","845","373","912","395","949","431","946","109","389"
"NL-0025-09-66-2024-K02-7104.dw.png","239","559","262","581","223","677","273","633","352","585","281","743","296","821","303","789","364","789","360","762","420","759","461","727","501","714","355","870","423","871","521","907","552","933","584","917","74","511"
"NL-0025-09-66-2024-K02-7105.dw.png","239","515","255","541","194","620","252","594","343","571","232","696","231","779","245","747","299","762","303","730","362","751","409","732","451","732","277","841","337","858","422","916","447","953","483","945","95","427"
"NL-0025-09-66-2024-K02-7106.dw.png","239","515","255","541","195","620","252","594","343","571","232","696","231","778","245","747","299","761","303","730","362","751","410","732","452","732","277","841","337","857","421","917","447","953","484","945","95","427"
"NL-0025-09-66-2024-K02-7107.dw.png","300","540","316","568","254","645","313","623","402","591","295","731","289","806","303","774","361","787","363","754","420","775","464","748","505","751","333","869","398","884","474","936","502","975","536","971","154","455"
"NL-0025-09-66-2024-K02-7108.dw.png","261","465","274","491","208","571","269","549","359","523","242","655","231","733","248","704","305","721","309","696","367","713","415","694","457","696","272","798","336","821","415","885","437","920","473","915","120","368"
"NL-0025-09-66-2024-K02-7109.dw.png","240","533","256","561","193","638","254","615","344","586","233","722","227","795","242","769","297","790","302","759","357","773","401","750","445","751","272","864","333","883","411","940","437","981","471","973","93","438"
"NL-0025-09-66-2024-K02-7110.dw.png","260","505","273","529","207","609","265","586","359","570","235","687","224","768","240","739","295","759","301","732","356","753","402","737","445","744","260","835","319","855","394","922","415","961","451","958","122","406"
"NL-0025-09-66-2024-K02-7111.dw.png","262","550","276","570","223","664","277","628","367","594","261","736","257","813","272","787","329","801","333","765","389","782","435","760","476","759","302","879","365","894","449","957","471","989","508","982","115","463"
"NL-0025-09-66-2024-K02-7112.dw.png","519","279","537","301","495","402","543","358","635","312","544","470","552","552","562","520","616","529","617","499","674","504","718","475","763","471","605","607","665","614","759","660","790","693","825","677","368","217"
"NL-0025-09-66-2024-K02-7113.dw.png","659","221","642","245","542","224","589","266","655","338","484","289","411","317","442","317","445","376","479","366","484","426","522","459","536","500","376","372","383","431","353","536","332","569","352","599","681","51"
"NL-0025-09-66-2024-K02-7114.dw.png","273","506","285","535","215","599","275","585","365","567","243","685","228","763","245","736","299","760","308","728","361","751","407","733","446","739","261","828","320","853","392","924","409","958","445","958","139","408"
"NL-0025-09-66-2024-K02-7115.dw.png","212","569","229","588","185","679","236","642","317","599","235","747","242","823","251","789","308","798","308","766","363","772","401","742","442","738","295","874","353","875","443","924","472","954","504","939","55","513"
"NL-0025-09-66-2024-K02-7116.dw.png","230","537","247","559","198","652","250","610","335","572","243","721","247","799","258","767","318","780","317","736","374","751","417","726","458","721","298","856","359","864","448","914","479","949","514","939","77","462"
"NL-0025-09-66-2024-K02-7117.dw.png","225","606","249","623","225","724","271","683","342","621","291","791","317","865","319","833","378","829","370","793","430","793","463","759","504","740","382","909","445","904","547","932","581","955","611","937","58","570"
"NL-0025-09-66-2024-K02-7118.dw.png","226","550","248","575","201","664","254","634","337","592","252","748","261","824","270","796","329","808","329","766","384","778","424","752","467","743","315","882","373","890","469","943","495","971","527","959","72","473"
"NL-0025-09-66-2024-K02-7119.dw.png","683","233","655","255","573","205","604","258","648","337","493","256","418","263","448","271","435","331","475","329","461","387","488","428","495","467","364","313","356","375","309","461","276","492","290","525","749","78"
"NL-0025-09-66-2024-K02-7120.dw.png","230","548","248","574","189","658","247","619","339","591","236","737","239","824","251","790","312","803","314","768","375","784","420","758","465","757","290","885","355","896","450","954","480","988","515","979","76","468"
"NL-0025-09-66-2024-K02-7121.dw.png","251","542","269","564","220","659","278","624","360","574","275","735","285","814","292","783","356","794","353","759","413","763","456","732","497","725","338","869","404","880","502","932","530","961","564","943","83","478"
"NL-0025-09-66-2024-K02-7123.dw.png","265","508","279","537","206","617","269","596","366","571","238","707","225","782","243","753","301","782","309","739","365","764","413","745","457","751","265","854","327","876","404","945","425","982","464","977","122","402"
"NL-0025-09-66-2024-K02-7124.dw.png","262","460","272","488","192","553","256","546","353","534","211","643","192","719","211","695","264","724","275","693","326","724","375","713","417","724","219","788","275","817","339","899","355","941","392","941","138","345"
"NL-0025-09-66-2024-K02-7125.dw.png","257","521","275","548","215","628","275","604","363","572","260","714","256","788","270","758","330","778","331","742","389","756","433","727","475","729","308","856","369","868","453","922","479","956","515","949","105","445"
"NL-0026-09-66-2024-K03-7128.dw.png","211","543","228","567","176","658","232","622","315","587","226","735","224","807","238","779","294","792","294","757","349","766","395","741","435","740","273","866","331","876","417","928","442","960","475","947","55","477"
"NL-0026-09-66-2024-K03-7129.dw.png","228","510","239","538","170","624","230","592","323","574","199","706","182","780","202","754","254","776","262","738","316","763","366","747","409","756","218","850","274","872","347","942","364","979","402","973","88","411"
"NL-0026-09-66-2024-K03-7131.dw.png","248","503","263","536","194","611","258","586","346","568","232","697","222","774","239","748","297","775","302","731","354","753","399","734","441","737","264","842","320","859","396","927","419","966","455","954","104","407"
"NL-0026-09-66-2024-K03-7132.dw.png","239","561","257","585","207","679","260","638","345","599","253","752","258","829","268","797","329","815","328","775","384","787","428","760","474","758","310","888","370","900","465","955","491","987","526","970","79","483"
"NL-0026-09-66-2024-K03-7133.dw.png","254","517","268","548","201","622","263","603","350","581","238","711","224","786","242","757","299","784","305","746","358","766","402","747","443","748","264","854","323","871","399","942","420","980","456","977","111","422"
"NL-0026-09-66-2024-K03-7134.dw.png","266","469","275","499","196","576","261","550","355","545","217","667","193","733","215","711","264","743","277","703","327","733","380","723","419","735","222","807","275","837","340","916","354","954","390","957","138","351"
"NL-0026-09-66-2024-K03-7135.dw.png","276","472","282","500","200","572","262","560","359","553","213","655","183","730","206","710","255","751","270","710","318","749","371","739","410","753","208","811","259","847","320","935","333","982","371","981","156","345"
"NL-0026-09-66-2024-K03-7136.dw.png","243","490","254","520","185","600","245","572","339","552","214","679","200","751","219","725","272","751","281","715","335","740","384","730","428","738","240","824","295","845","374","917","393","956","430","949","105","378"
"NL-0026-09-66-2024-K03-7137.dw.png","207","530","220","558","146","634","212","621","307","594","183","730","170","806","188","776","249","813","255","773","311","795","358","773","398","776","212","878","272","899","352","973","370","1009","408","1000","65","426"
"NL-0026-09-66-2024-K03-7138.dw.png","259","533","274","558","217","644","275","613","365","579","260","723","259","801","272","771","327","785","330","741","385","763","430","742","476","746","302","860","362","875","449","936","474","969","509","950","105","451"
"NL-0026-09-66-2024-K03-7139.dw.png","211","562","227","593","163","671","225","643","315","611","210","758","208","830","221","800","279","818","283","781","335","796","380","776","421","777","254","892","314","909","399","965","422","998","455","989","62","478"
"NL-0026-09-66-2024-K03-7140.dw.png","222","527","241","554","186","651","242","618","332","577","233","731","231","804","246","776","305","793","305","754","362","766","407","741","449","742","279","867","343","882","427","934","455","974","490","958","67","452"
"NL-0026-09-66-2024-K03-7141.dw.png","218","547","233","575","169","664","228","625","317","602","210","748","202","822","217","797","272","817","277","774","333","790","381","768","422","771","244","888","303","903","387","963","409","996","444","988","67","461"
"NL-0026-09-66-2024-K03-7142.dw.png","232","542","249","567","200","663","252","616","336","585","245","734","248","810","260","782","317","795","315","756","371","765","416","739","457","738","298","871","356","879","445","928","468","958","503","947","75","467"
"NL-0026-09-66-2024-K03-7143.dw.png","284","471","295","501","222","578","284","553","378","539","252","673","235","742","253","714","308","748","317","709","368","732","419","716","458","722","270","814","327","839","404","917","420","952","456","947","148","361"
"NL-0026-09-66-2024-K03-7144.dw.png","338","453","334","483","233","518","300","523","386","554","216","607","164","661","194","649","224","700","253","667","283","716","334","726","363","753","158","741","191","788","218","889","215","930","249","943","269","297"
"NL-0026-09-66-2024-K03-7145.dw.png","206","577","226","604","176","694","228","650","315","617","228","768","228","839","242","811","301","826","300","787","356","796","399","766","439","762","284","900","344","907","437","961","464","991","499","979","45","516"
"NL-0026-09-66-2024-K03-7146.dw.png","221","495","231","526","151","593","218","576","311","568","175","684","152","759","175","733","227","765","239","730","290","757","341","748","380","759","183","831","240","858","307","933","326","976","362","973","87","382"
"NL-0026-09-66-2024-K03-7147.dw.png","213","531","230","559","173","645","228","610","315","577","216","723","211","797","227","767","284","790","287","752","340","762","386","739","425","740","260","863","320","875","401","929","426","964","461","953","60","456"
"NL-0026-09-66-2024-K03-7148.dw.png","239","523","253","555","183","633","246","608","335","589","220","724","206","794","224","767","281","796","288","756","339","775","385","757","426","762","247","864","304","883","380","952","403","990","440","986","97","427"
"NL-0026-09-66-2024-K03-7149.dw.png","204","556","223","585","164","665","225","634","311","600","215","745","216","824","228","791","292","812","290","768","349","785","390","760","429","756","269","884","330","894","413","947","441","982","478","970","45","480"
"NL-0026-09-66-2024-K03-7150.dw.png","638","220","615","242","515","203","560","254","613","336","447","261","370","278","406","283","404","341","436","337","433","398","464","439","472","483","321","334","321","396","278","495","250","527","272","559","684","50"
"NL-0026-09-66-2024-K03-7151.dw.png","230","550","250","574","205","671","259","631","340","582","258","742","268","818","275","786","340","803","337","766","395","770","436","736","476","728","326","874","387","879","483","926","515","957","549","937","64","490"
"NL-0026-09-66-2024-K03-7152.dw.png","231","602","253","622","223","721","268","679","344","619","285","788","300","863","306","830","366","835","360","796","419","796","457","763","501","753","363","912","426","911","528","947","561","974","592","951","66","562"
"NL-0026-09-66-2024-K03-7153.dw.png","303","473","308","507","227","563","289","557","380","557","239","652","212","724","235","702","284","739","296","712","344","745","394","735","431","747","236","801","289","835","349","920","363","967","401","965","194","341"
"NL-0026-09-66-2024-K03-7154.dw.png","260","537","273","567","211","645","266","622","359","598","246","729","237","808","253","783","307","806","312","771","369","790","414","768","457","770","280","879","338","899","419","967","442","1006","479","999","121","441"
"NL-0026-09-66-2024-K03-7155.dw.png","202","590","224","615","181","706","232","663","312","615","239","777","249","850","258","817","319","830","314","789","372","794","413","766","457","757","304","900","366","902","467","950","498","979","530","961","35","536"
"NL-0026-09-66-2024-K03-7156.dw.png","678","655","662","627","725","545","662","574","573","608","680","461","685","388","668","418","611","397","607","432","551","420","504","440","463","443","636","323","579","311","493","251","469","220","434","230","830","739"
"NL-0026-09-66-2024-K03-7158.dw.png","226","586","247","609","206","703","261","665","340","612","269","777","284","853","290","822","353","828","346","795","404","793","443","756","481","744","339","898","401","901","500","943","531","970","564","952","60","537"
"NL-0027-09-66-2024-K04-7159.dw.png","553","711","578","698","647","765","635","701","602","612","741","720","815","727","783","712","814","656","773","652","793","598","775","557","774","515","882","683","898","626","950","554","994","526","990","491","464","851"
"NL-0027-09-66-2024-K04-7160.dw.png","213","625","233","641","207","741","256","699","325","633","278","799","304","872","304","833","367","838","355","803","411","799","444","763","483","744","375","916","434","906","524","928","565","953","596","934","47","599"
"NL-0027-09-66-2024-K04-7161.dw.png","229","558","248","580","193","663","254","635","337","593","251","746","261","821","267","785","330","803","325","762","386","775","430","745","469","740","311","874","374","880","461","920","496","957","531","942","65","492"
"NL-0027-09-66-2024-K04-7162.dw.png","234","559","252","576","214","669","266","633","346","586","275","742","287","816","295","782","355","790","351","757","409","762","448","731","489","722","347","870","413","875","505","915","539","946","571","927","71","507"
"NL-0027-09-66-2024-K04-7163.dw.png","239","540","256","562","210","653","263","617","346","578","261","727","269","802","280","769","337","781","334","742","391","756","432","727","474","721","327","861","384","867","477","915","506","944","539","931","87","472"
"NL-0027-09-66-2024-K04-7164.dw.png","538","672","562","654","631","710","616","648","572","567","711","653","786","645","757","635","774","577","742","579","752","524","729","487","723","446","847","591","854","535","902","450","938","420","927","387","468","820"
"NL-0027-09-66-2024-K04-7165.dw.png","254","535","275","561","217","640","278","615","361","577","270","723","273","794","283","764","347","793","347","755","402","761","443","736","483","730","331","860","386","868","474","918","506","953","539","942","102","457"
"NL-0027-09-66-2024-K04-7166.dw.png","211","544","227","567","172","651","233","630","323","592","230","743","231","817","244","782","304","803","304","774","363","779","406","754","449","751","285","880","348","890","432","944","464","983","501","971","50","470"
"NL-0027-09-66-2024-K04-7167.dw.png","234","547","250","571","187","647","248","629","333","594","233","735","231","812","244","778","305","808","307","769","364","782","410","758","451","759","281","876","344","891","425","943","454","982","489","969","88","456"
"NL-0027-09-66-2024-K04-7168.dw.png","262","505","280","529","224","603","284","583","369","547","279","691","282","761","293","731","351","748","351","718","406","725","447","700","486","697","335","821","393","827","476","877","507","914","540","902","112","432"
"NL-0027-09-66-2024-K04-7169.dw.png","258","477","264","504","182","563","248","550","338","555","198","655","176","721","196","699","242","737","256","701","302","734","349","729","389","741","196","796","246","831","304","904","319","952","355","955","148","353"
"NL-0027-09-66-2024-K04-7170.dw.png","226","522","243","546","190","633","245","597","332","567","238","712","241","786","252","755","313","776","312","741","369","751","410","725","452","718","292","850","356","862","437","911","466","945","499","934","74","450"
"NL-0027-09-66-2024-K04-7171.dw.png","251","506","266","535","196","600","260","583","351","563","234","695","225","769","242","738","300","773","305","732","361","754","409","733","453","737","270","841","331","860","405","918","431","961","467","951","112","400"
"NL-0027-09-66-2024-K04-7172.dw.png","236","515","251","541","186","616","248","595","335","570","228","709","222","778","235","747","295","773","297","739","354","759","401","736","437","735","269","847","328","865","409","921","435","964","470","956","91","420"
"NL-0027-09-66-2024-K04-7173.dw.png","630","707","612","683","671","607","611","625","526","661","622","520","622","445","609","476","553","454","552","496","495","476","451","499","410","501","577","386","513","368","434","315","404","273","369","280","776","787"
"NL-0027-09-66-2024-K04-7174.dw.png","245","541","261","563","201","636","264","624","351","581","254","727","257","804","268","770","329","792","328","754","387","770","431","742","472","739","311","867","372","875","453","920","485","958","520","946","95","463"
"NL-0027-09-66-2024-K04-7175.dw.png","255","544","272","569","214","643","275","624","359","583","270","736","273","807","285","774","345","793","344","760","400","769","443","744","481","736","331","871","392","878","477","927","505","958","539","949","108","466"
"NL-0027-09-66-2024-K04-7176.dw.png","219","532","234","558","169","634","230","620","319","583","207","718","203","799","218","766","276","788","279","754","337","776","381","755","423","751","249","868","308","884","384","941","414","986","449","976","72","444"
"NL-0027-09-66-2024-K04-7177.dw.png","230","545","247","570","192","655","247","621","332","592","240","733","242","808","254","780","313","797","311","759","365","773","408","748","449","744","295","873","353","884","435","932","465","969","498","955","80","465"
"NL-0027-09-66-2024-K04-7179.dw.png","264","446","270","478","182","524","246","529","342","540","190","624","157","692","182","670","228","714","244","685","290","720","337","717","376","733","176","774","226","811","277","892","288","945","323","949","169","310"
"NL-0027-09-66-2024-K04-7180.dw.png","209","552","226","574","174","661","231","627","315","588","229","737","233","810","245","780","306","793","304","755","361","768","403","739","445","733","293","872","353","880","446","928","477","960","510","946","47","478"
"NL-0027-09-66-2024-K04-7182.dw.png","239","512","250","536","179","609","240","589","333","573","211","701","198","770","217","742","271","769","278","739","330","760","378","744","419","748","236","842","293","867","368","937","389","976","425","969","107","407"
"NL-0027-09-66-2024-K04-7183.dw.png","258","452","264","480","178","525","243","535","335","532","190","626","163","697","186","670","235","711","247","681","296","717","348","709","383","723","186","774","240","809","297","882","311","930","349","933","155","320"
"NL-0027-09-66-2024-K04-7184.dw.png","705","258","681","272","597","215","626","272","655","356","518","256","443","253","472","267","449","326","491","328","469","383","491","425","492","469","375","302","356","364","296","447","264","472","273","506","791","113"
"NL-0027-09-66-2024-K04-7185.dw.png","233","512","247","541","179","607","240","592","329","574","215","701","208","777","223","749","278","778","284","747","338","763","385","745","424","747","253","851","309","874","386","933","410","972","442","967","103","410"
"NL-0027-09-66-2024-K04-7186.dw.png","236","500","248","529","179","604","240","583","330","563","210","692","197","764","215","733","272","763","277","730","333","758","380","742","419","743","240","839","298","861","374","930","394","970","431","967","104","399"
"NL-0027-09-66-2024-K04-7187.dw.png","252","511","264","537","194","600","254","595","342","571","224","688","212","765","228","733","284","764","290","730","344","760","392","742","433","746","252","841","309","861","381","926","403","967","439","963","122","400"
"NL-0027-09-66-2024-K04-7188.dw.png","727","272","701","280","643","202","652","270","657","357","548","228","478","210","503","230","466","282","504","290","473","340","486","388","480","428","407","241","372","299","303","364","259","380","263","415","843","148"
"NL-0027-09-66-2024-K04-7189.dw.png","254","535","271","561","213","636","272","612","355","583","258","717","259","791","272","764","328","787","329","744","382","765","424","742","464","740","309","855","365","871","444","922","474","961","506","953","107","456"
"NL-0027-09-66-2024-K04-7190.dw.png","275","459","285","484","211","560","274","534","363","528","236","646","218","715","239","689","290","726","300","685","349","712","396","699","438","706","254","789","310","819","376","892","396","935","430","933","147","344"
"NL-0028-09-66-2024-K05-7194.dw.png","276","480","284","510","209","583","271","565","370","559","233","667","210","745","233","714","280","745","293","714","343","747","391","738","430","747","237","814","290","845","356","925","369","966","406","968","151","353"
"NL-0028-09-66-2024-K05-7195.dw.png","221","566","241","592","190","677","248","648","335","606","253","760","264","839","274","806","328","808","329","783","383","787","424","757","464","750","323","894","383","901","471","942","506","978","537","963","54","505"
"NL-0028-09-66-2024-K05-7196.dw.png","639","223","619","245","529","209","562","258","611","335","456","273","384","285","419","292","413","346","445","344","439","397","473","432","483","471","333","342","331","399","295","487","261","522","277","554","680","65"
"NL-0028-09-66-2024-K05-7197.dw.png","622","229","606","252","499","235","545","275","611","349","439","303","370","323","398","330","399","389","431","380","438","436","477","470","494","509","320","396","324","453","297","556","274","590","294","621","643","61"
"NL-0028-09-66-2024-K05-7198.dw.png","233","555","252","581","206","671","257","636","344","600","257","747","263","828","277","799","334","809","332","769","386","781","428","753","468","747","317","885","380","896","463","941","494","976","525","963","79","489"
"NL-0028-09-66-2024-K05-7199.dw.png","236","535","252","564","188","636","251","614","344","587","237","728","238","808","251","779","309","795","312","761","368","777","413","753","452","748","289","878","351","892","426","943","458","987","494","976","77","449"
"NL-0028-09-66-2024-K05-7200.dw.png","228","558","248","585","190","664","250","638","336","599","240","743","245","827","257","796","317","814","318","775","373","790","417","763","457","759","299","893","361","906","441","955","474","995","509","982","67","477"
"NL-0028-09-66-2024-K05-7201.dw.png","245","519","260","544","201","625","259","605","350","566","244","710","241","788","255","759","314","779","317","739","370","758","416","735","455","734","290","854","353","871","426","924","454","965","491","960","93","436"
"NL-0028-09-66-2024-K05-7202.dw.png","231","548","250","572","195","657","254","623","346","591","248","740","257","820","264","790","323","801","322","757","380","771","425","745","465","743","307","880","365","890","458","945","485","978","518","963","71","479"
"NL-0028-09-66-2024-K05-7203.dw.png","221","546","238","570","185","645","243","626","327","585","236","725","242","800","253","770","310","787","310","752","362","763","402","736","442","730","296","862","355","871","433","913","464","947","494","935","68","482"
"NL-0028-09-66-2024-K05-7204.dw.png","216","562","236","587","192","677","245","644","326","597","247","750","258","828","268","799","327","806","326","773","383","781","423","748","461","738","319","889","382","897","470","939","502","970","537","961","52","498"
"NL-0028-09-66-2024-K05-7205.dw.png","227","556","245","581","194","669","248","637","335","601","244","747","246","819","258","790","312","803","313","772","367","785","411","759","449","755","296","879","353","891","435","941","467","982","500","974","71","491"
"NL-0028-09-66-2024-K05-7206.dw.png","241","501","254","529","185","600","248","583","346","562","221","686","215","765","232","738","285","762","290","722","343","745","390","730","431","734","253","832","309","850","383","916","405","954","440","949","98","410"
"NL-0028-09-66-2024-K05-7207.dw.png","236","550","253","576","197","658","255","635","344","603","249","747","248","822","261","788","315","800","319","777","374","789","417","760","459","755","297","884","354","895","440","948","468","983","503","973","86","471"
"NL-0028-09-66-2024-K05-7208.dw.png","226","546","244","567","198","658","251","625","335","586","250","733","253","805","262","771","319","787","320","757","376","767","417","738","455","732","307","866","360","875","450","928","478","962","511","947","71","478"
"NL-0028-09-66-2024-K05-7209.dw.png","251","487","265","515","198","579","258","570","348","547","233","667","222","744","240","720","291","742","297","709","350","729","395","712","434","716","261","811","317","834","385","894","408","937","442","931","115","387"
"NL-0028-09-66-2024-K05-7210.dw.png","243","511","260","541","196","623","255","598","350","572","235","708","228","785","242","754","296","776","304","742","359","762","408","741","449","741","267","849","331","873","413","935","435","971","470","966","90","419"
"NL-0028-09-66-2024-K05-7211.dw.png","224","504","239","532","171","609","230","595","328","568","205","699","191","773","211","747","263","772","272","733","322","759","371","743","415","747","231","844","284","867","363","946","382","982","417","976","86","394"
"NL-0028-09-66-2024-K05-7212.dw.png","614","334","625","369","548","428","612","423","713","406","577","529","563","605","580","576","633","604","642","574","695","599","746","583","790","592","599","678","656","703","722","767","746","814","785","809","485","218"
"NL-0028-09-66-2024-K05-7213.dw.png","672","236","642","251","569","189","594","250","618","340","484","232","404","228","433","243","419","295","445","301","427","356","451","403","452","441","340","271","320","332","262","409","217","437","225","472","765","86"
"NL-0028-09-66-2024-K05-7214.dw.png","219","497","237","524","181","604","240","577","329","545","234","690","240","768","251","739","306","755","306","712","362","729","405","702","444","701","290","830","345","842","434","897","457","925","491","911","66","422"
"NL-0028-09-66-2024-K05-7216.dw.png","253","531","268","562","200","640","263","612","359","595","242","732","234","809","252","781","306","802","312","762","363","784","414","763","454","765","281","882","338","901","413","961","436","1000","469","990","105","433"
"NL-0028-09-66-2024-K05-7217.dw.png","240","511","254","537","189","621","250","590","344","571","229","706","224","780","238","751","292","779","297","732","350","757","397","738","435","740","264","847","318","866","397","934","420","974","453","963","93","418"
"NL-0028-09-66-2024-K05-7218.dw.png","250","466","264","496","192","567","252","554","347","536","224","655","213","734","230","709","284","743","291","698","342","728","389","715","429","718","253","809","304","832","376","902","396","941","431","935","115","360"
"NL-0028-09-66-2024-K05-7219.dw.png","262","487","275","518","203","585","266","573","362","559","236","686","224","760","241","732","292","761","301","722","351","747","398","730","437","737","260","833","310","854","385","928","399","959","436","955","131","385"
"NL-0029-09-66-2024-K06-7480.dw.png","573","324","578","349","495","412","558","407","656","406","509","505","484","573","506","550","551","584","563","557","611","590","661","585","705","598","508","651","557","680","614","757","628","805","663","810","468","195"
"NL-0029-09-66-2024-K06-7481.dw.png","232","542","255","561","227","660","276","619","343","556","296","718","321","788","325","760","382","753","375","728","432","718","466","681","501","664","385","832","449","826","544","849","585","877","614","857","58","511"
"NL-0029-09-66-2024-K06-7482.dw.png","238","589","260","604","230","698","280","658","354","595","306","764","331","838","332","802","393","795","381","761","445","759","476","721","520","707","401","878","462","867","567","892","606","916","635","893","65","565"
"NL-0029-09-66-2024-K06-7483.dw.png","274","488","290","514","234","600","290","574","380","539","281","687","281","760","295","730","350","744","351","710","407","729","451","707","493","701","327","821","389","840","472","904","498","943","533","933","125","410"
"NL-0029-09-66-2024-K06-7484.dw.png","637","234","614","257","517","221","561","269","612","345","447","283","378","299","410","305","408","363","440","357","441","415","474","451","486","492","329","360","331","419","296","512","261","552","278","584","681","73"
"NL-0029-09-66-2024-K06-7485.dw.png","251","573","267","594","211","683","275","652","360","606","272","764","281","838","291","808","351","814","350","783","412","789","451","760","493","751","337","895","403","901","495","946","528","981","560","964","79","504"
"NL-0029-09-66-2024-K06-7486.dw.png","220","608","243","625","214","720","262","677","336","616","283","784","310","857","309","821","373","822","360","788","420","783","450","743","494","729","372","899","435","890","534","918","570","941","601","922","56","583"
"NL-0029-09-66-2024-K06-7487.dw.png","252","523","268","547","212","623","271","601","359","563","259","706","261","784","273","751","331","770","331","730","391","750","433","723","475","722","310","844","371","854","454","907","482","946","515","934","102","444"
"NL-0029-09-66-2024-K06-7488.dw.png","272","505","287","537","218","610","279","594","371","565","254","696","248","772","263","742","319","772","323","729","379","752","422","736","463","736","292","838","347","856","423","921","448","962","483","956","131","419"
"NL-0029-09-66-2024-K06-7489.dw.png","236","556","253","575","206","667","261","632","341","586","263","749","267","813","278","784","342","803","339","762","396","771","438","743","479","736","331","877","387","883","479","927","515","964","549","952","74","487"
"NL-0029-09-66-2024-K06-7490.dw.png","255","582","273","603","226","689","280","655","363","615","278","762","286","840","295","806","349","809","347","781","406","791","445","763","488","758","336","894","398","901","486","948","516","980","549","967","105","520"
"NL-0029-09-66-2024-K06-7491.dw.png","243","554","258","576","203","667","262","637","347","595","255","746","262","822","271","790","330","800","331","773","388","779","430","751","468","744","314","880","376","889","463","937","496","976","530","967","81","485"
"NL-0029-09-66-2024-K06-7492.dw.png","212","559","230","578","180","668","240","643","326","593","239","748","253","827","260","791","322","801","320","764","380","778","423","751","462","739","313","883","378","890","479","942","510","972","541","954","51","499"
"NL-0029-09-66-2024-K06-7493.dw.png","230","535","245","560","176","633","242","615","330","586","222","728","218","802","233","773","292","796","293","757","351","777","396","754","439","750","264","869","327","889","407","946","434","986","468","973","89","444"
"NL-0029-09-66-2024-K06-7494.dw.png","235","546","252","569","201","653","259","630","345","585","258","741","264","815","274","783","332","797","329","758","390","770","433","745","477","739","317","873","380","883","472","934","505","970","538","953","76","483"
"NL-0029-09-66-2024-K06-7495.dw.png","237","553","257","573","207","658","264","627","342","579","268","735","279","806","287","773","348","788","344","751","401","757","442","727","476","718","338","861","397","865","483","904","516","933","545","916","79","502"
"NL-0029-09-66-2024-K06-7496.dw.png","248","522","263","546","204","628","262","599","351","571","248","713","244","787","259","757","314","770","317","745","373","755","418","734","458","729","288","848","349","863","429","919","455","955","489","947","103","434"
"NL-0029-09-66-2024-K06-7497.dw.png","604","224","589","248","489","227","540","266","603","338","431","299","359","326","401","323","401","391","433","380","439","440","478","468","496","506","323","395","338","457","312","561","284","608","308","634","619","51"
"NL-0029-09-66-2024-K06-7498.dw.png","444","368","465","390","425","490","480","456","560","395","488","564","502","632","509","602","572","611","564","574","626","577","665","545","707","534","563","680","626","680","725","721","759","749","794","732","290","324"
"NL-0029-09-66-2024-K06-7499.dw.png","229","546","248","568","197","656","255","622","341","581","261","741","273","816","281","781","342","796","336","757","396","765","437","735","476","726","329","869","389","876","490","928","518","958","548","938","63","488"
"NL-0029-09-66-2024-K06-7500.dw.png","205","558","226","580","184","674","238","640","318","585","248","751","259","824","269","796","330","807","323","764","383","769","425","740","466","728","321","880","384","886","477","928","514","964","545","944","43","504"
"NL-0029-09-66-2024-K06-7501.dw.png","229","522","244","548","185","618","243","600","323","568","230","705","225","774","240","748","293","771","293","732","347","749","389","731","430","727","273","841","326","856","398","906","427","949","460","940","93","439"
"NL-0029-09-66-2024-K06-7502.dw.png","216","573","239","595","200","691","249","650","326","605","261","764","275","837","282","803","338","805","334","776","394","783","432","749","469","737","337","891","397","891","491","929","522","957","555","943","55","525"
"NL-0029-09-66-2024-K06-7503.dw.png","299","483","310","513","237","571","300","559","395","547","266","663","254","741","271","711","324","740","331","705","386","735","434","718","478","726","289","813","347","838","421","914","440","951","476","948","168","376"
"NL-0029-09-66-2024-K06-7504.dw.png","255","532","269","554","207","639","268","614","361","582","254","730","251","802","265","773","325","788","326","754","383","767","428","743","470","740","299","867","361","880","444","937","470","973","504","964","105","449"
"NL-0029-09-66-2024-K06-7505.dw.png","659","213","638","241","538","218","581","265","651","335","478","293","408","324","441","323","452","381","482","370","491","428","528","460","545","498","370","394","383","453","362","551","340","589","362","618","671","49"
"NL-0029-09-66-2024-K06-7506.dw.png","238","538","257","559","212","647","272","623","353","569","278","731","294","811","300","777","362","786","357","750","417","753","458","722","501","712","355","864","418","868","516","910","552","941","584","925","75","483"
"NL-0029-09-66-2024-K06-7507.dw.png","257","536","278","559","224","645","284","619","371","576","283","728","293","804","302","774","363","785","360","750","417","756","457","728","497","720","348","862","411","867","494","911","529","946","564","934","101","486"
"NL-0029-09-66-2024-K06-7508.dw.png","590","231","576","259","480","244","529","285","597","350","426","322","357","357","389","355","404","413","438","397","448","457","489","485","509","526","324","425","341","487","329","589","308","631","333","658","595","61"
"NL-0029-09-66-2024-K06-7509.dw.png","250","551","270","573","223","658","278","623","362","583","284","732","296","807","304","772","364","780","359","746","417","754","455","724","493","712","357","862","420","863","504","896","541","932","572","916","84","495"
"NL-0030-09-66-2024-K07-7515.dw.png","907","519","874","542","784","491","819","546","869","631","706","543","629","551","657","563","644","622","686","620","671","682","697","730","705","773","567","613","559","673","510","772","478","803","491","839","973","365"
"NL-0030-09-66-2024-K07-7516.dw.png","573","277","588","307","530","393","584","366","675","328","570","476","568","554","582","525","639","545","639","499","697","525","746","502","790","501","619","620","679","635","767","694","792","728","831","718","432","191"
"NL-0030-09-66-2024-K07-7517.dw.png","630","234","605","258","509","218","557","267","604","347","441","278","364","291","396","301","388","362","431","354","424","414","455","455","464","494","308","356","309","418","269","512","243","544","259","577","677","67"
"NL-0030-09-66-2024-K07-7518.dw.png","221","556","239","584","182","666","239","635","327","600","233","749","236","830","248","796","305","809","305","771","360","786","403","764","446","761","287","888","349","898","436","951","464","985","499","976","70","486"
"NL-0030-09-66-2024-K07-7519.dw.png","532","209","520","239","419","236","475","269","554","323","374","323","310","365","343","359","363","417","394","397","413","453","458","479","483","511","287","440","313","497","313","601","299","640","327","664","514","38"
"NL-0030-09-66-2024-K07-7520.dw.png","227","559","250","583","211","677","261","632","340","590","271","749","284","827","294","797","352","802","349","766","405","770","445","741","482","730","344","880","402","883","498","928","529","958","563","941","65","507"
"NL-0030-09-66-2024-K07-7521.dw.png","226","660","256","681","237","781","275","727","342","662","310","835","340","908","341","874","404","869","388","827","448","826","480","785","518","767","416","949","478","938","576","954","615","977","645","954","52","646"
"NL-0030-09-66-2024-K07-7522.dw.png","229","602","255","625","221","723","267","673","342","621","285","787","305","862","312","830","371","832","361","792","422","797","460","762","501","751","376","915","436","911","529","945","561","972","594","955","60","568"
"NL-0030-09-66-2024-K07-7523.dw.png","230","618","257","641","230","736","273","687","341","627","299","796","323","870","325","836","385","835","373","796","432","796","467","757","506","742","391","914","454","908","548","931","586","955","616","937","68","595"
"NL-0030-09-66-2024-K07-7524.dw.png","209","568","235","587","213","688","256","638","323","578","290","751","315","822","317","789","374","784","362","747","419","744","452","705","488","689","377","862","438","856","537","882","570","904","601","885","37","543"
"NL-0030-09-66-2024-K07-7525.dw.png","233","541","248","567","188","656","246","625","338","593","236","746","235","828","250","797","307","812","308","775","367","788","413","768","456","763","282","891","346","908","432","964","461","1002","497","994","81","457"
"NL-0030-09-66-2024-K07-7527.dw.png","648","220","624","244","530","208","576","256","626","332","458","275","386","290","419","298","412","356","450","350","451","404","485","439","497","476","337","351","338","410","305","502","278","532","294","564","690","54"
"NL-0030-09-66-2024-K07-7528.dw.png","604","254","582","278","476","251","529","294","587","366","414","316","342","335","379","338","378","398","414","389","414","450","452","487","467","522","297","399","302","463","274","559","246","593","263","626","638","90"
"NL-0030-09-66-2024-K07-7529.dw.png","611","218","593","245","489","228","546","266","607","331","431","305","363","331","395","333","403","389","437","378","444","432","482","462","500","497","324","397","334","458","315","552","292","590","315","618","627","49"
"NL-0030-09-66-2024-K07-7530.dw.png","203","606","232","625","215","727","258","674","316","609","296","784","326","851","327","821","389","816","370","775","424","765","453","724","486","706","395","887","455","877","546","888","581","907","610","884","32","596"
"NL-0030-09-66-2024-K07-7531.dw.png","221","663","255","681","246","779","281","725","333","650","328","824","371","891","367","857","427","847","405","811","464","799","489","753","522","731","449","922","503","903","611","908","653","924","676","895","52","673"
"NL-0030-09-66-2024-K07-7532.dw.png","619","217","596","240","498","201","541","254","595","329","425","269","347","284","381","292","377","352","415","348","411","405","444","443","459","482","295","348","293","406","251","507","223","539","241","572","664","45"
"NL-0030-09-66-2024-K07-7533.dw.png","217","531","236","561","187","649","240","614","324","574","235","723","238","799","251","769","310","785","308","745","364","761","406","736","448","733","296","866","356","874","438","923","465","956","501","949","67","461"
"NL-0030-09-66-2024-K07-7534.dw.png","274","568","291","594","241","675","295","644","376","607","292","753","299","828","310","796","365","806","362","768","416","781","457","758","496","751","350","883","412","891","492","934","522","969","556","956","127","501"
"NL-0030-09-66-2024-K07-7536.dw.png","354","343","384","355","395","462","419","402","468","317","484","499","530","558","524","529","581","508","559","479","611","450","638","405","672","374","605","576","665","549","779","539","825","551","851","521","187","368"
"NL-0030-09-66-2024-K07-7537.dw.png","212","580","235","608","192","700","244","658","319","610","251","771","260","844","271","813","331","825","324","780","381","792","424","760","462","751","323","903","384","905","476","948","505","976","538","960","54","531"
"NL-0030-09-66-2024-K07-7538.dw.png","618","212","593","236","500","196","541","246","590","320","433","251","360","262","390","271","378","332","422","326","412","383","441","423","451","461","304","324","301","383","260","476","231","508","250","540","671","50"
"NL-0030-09-66-2024-K07-7539.dw.png","664","228","637","251","552","202","583","257","627","337","470","259","394","267","424","277","408","338","451","335","441","392","470","433","474","473","331","328","326","384","275","478","247","505","258","538","724","71"
"NL-0030-09-66-2024-K07-7540.dw.png","218","529","232","555","167","634","227","613","315","580","206","722","198","798","215","769","271","791","275","755","332","775","378","756","420","755","242","866","300","885","378","946","403","988","442","982","70","431"
"NL-0030-09-66-2024-K07-7541.dw.png","237","523","256","555","197","628","254","601","339","571","243","709","240","784","254","754","310","775","310","732","364","751","410","731","449","730","290","851","347","863","427","919","453","954","488","944","91","445"
"NL-0030-09-66-2024-K07-7542.dw.png","211","570","234","600","182","687","236","647","320","610","235","763","241","841","252","811","310","823","307","775","366","794","410","769","452","763","302","906","362","912","450","961","479","993","514","980","51","498"
"NL-0030-09-66-2024-K07-7543.dw.png","239","576","258","597","213","694","266","653","351","610","273","773","284","850","294","819","353","830","350","793","406","797","448","771","490","761","342","908","404","915","496","959","528","992","563","981","77","513"
"NL-0030-09-66-2024-K07-7544.dw.png","238","532","252","559","186","632","249","614","337","585","230","722","226","800","241","771","296","792","299","756","355","769","402","753","439","751","271","864","332","880","413","938","437","973","471","963","92","439"
"NL-0030-09-66-2024-K07-7545.dw.png","224","653","255","673","238","768","276","718","335","650","310","820","342","891","343","859","404","856","386","815","443","809","474","769","510","749","419","932","471","918","575","938","608","955","634","931","58","649"
"NL-0030-09-66-2024-K07-7546.dw.png","239","629","267","650","244","747","287","699","349","636","316","804","346","877","345","842","404","842","389","800","444","795","474","757","510","742","407","914","462","905","558","926","596","951","623","928","74","616"
"NL-0031-09-66-2024-K08-7550.dw.png","551","410","560","440","488","513","549","493","641","479","518","603","504","674","523","648","574","682","583","641","634","668","683","658","724","667","540","745","594","770","669","845","689","884","726","883","425","308"
"NL-0031-09-66-2024-K08-7551.dw.png","505","309","520","333","459","418","517","385","597","353","498","498","495","565","507","541","564","566","566","525","619","542","660","526","700","527","538","628","594","645","669","703","692","739","728","735","367","226"
"NL-0031-09-66-2024-K08-7552.dw.png","260","496","271","527","197","597","260","573","351","559","226","677","212","756","230","730","285","763","293","724","345","748","389","734","428","740","250","827","304","849","374","918","392","957","428","956","126","391"
"NL-0031-09-66-2024-K08-7553.dw.png","249","609","271","627","230","717","284","679","360","628","297","789","317","863","322","832","382","837","375","798","432","799","467","766","507","757","378","911","434","909","532","946","564","973","597","958","82","577"
"NL-0031-09-66-2024-K08-7554.dw.png","251","594","273","616","240","711","284","663","359","610","301","774","324","852","329","819","389","822","377","782","437","782","469","751","510","739","390","900","450","897","541","927","576","955","609","940","84","559"
"NL-0031-09-66-2024-K08-7555.dw.png","235","608","254","631","207","722","262","681","343","640","264","798","272","870","282","838","340","846","338","813","395","816","435","787","476","780","329","927","391","930","479","974","510","1004","545","991","70","553"
"NL-0031-09-66-2024-K08-7556.dw.png","242","548","260","570","214","668","266","634","354","587","265","740","274","821","284","788","339","797","340","757","397","770","438","746","481","739","329","880","386","887","474","933","507","971","545","962","81","489"
"NL-0031-09-66-2024-K08-7557.dw.png","230","593","251","609","227","716","271","670","344","607","291","777","311","850","316","817","375","817","367","777","425","779","460","745","497","731","381","899","439","894","529","921","569","952","602","935","63","562"
"NL-0031-09-66-2024-K08-7558.dw.png","597","228","578","249","480","209","524","259","578","339","411","270","336","283","370","290","365","350","400","347","398","403","428","441","434","486","285","342","284","399","245","493","211","529","225","564","633","59"
"NL-0031-09-66-2024-K08-7560.dw.png","920","412","899","437","791","412","836","454","904","527","729","472","656","497","688","499","690","558","728","550","728","607","761","643","778","682","612","561","615","622","588","718","562","755","579","787","952","252"
"NL-0031-09-66-2024-K08-7561.dw.png","493","303","508","332","444","418","503","388","594","359","483","501","479","574","493","545","546","561","551","533","606","550","649","532","694","537","519","636","578","651","653","712","680","753","717","747","349","214"
"NL-0031-09-66-2024-K08-7562.dw.png","676","209","648","227","558","170","597","225","626","316","485","210","405","208","433","222","417","279","457","281","443","337","463","382","464","422","340","254","323","315","267","396","228","424","237","458","757","53"
"NL-0031-09-66-2024-K08-7564.dw.png","245","582","263","607","216","696","265","651","349","621","266","766","272","840","283","809","336","820","335","781","391","799","430","772","470","770","323","897","380","903","463","949","498","989","532","976","89","518"
"NL-0031-09-66-2024-K08-7566.dw.png","246","528","263","553","216","646","266","607","350","571","260","715","259","792","272","764","329","784","329","739","385","755","428","731","468","729","311","855","369","866","451","917","481","955","513","941","90","458"
"NL-0031-09-66-2024-K08-7567.dw.png","286","487","297","519","221","578","285","564","373","553","250","665","235","743","253","718","307","754","314","714","365","737","409","726","447","732","270","816","326","844","389","907","406","948","441","947","152","381"
"NL-0031-09-66-2024-K08-7568.dw.png","248","569","268","596","214","687","268","646","350","611","261","764","260","834","272","805","329","821","331","784","385","799","425","775","463","771","306","895","368","908","448","961","475","996","511","992","96","504"
"NL-0031-09-66-2024-K08-7569.dw.png","245","485","254","517","172","583","240","559","334","560","193","670","167","745","190","721","238","756","254","709","303","742","349","737","387","753","195","820","248","848","307","922","321","967","357","970","120","374"
"NL-0031-09-66-2024-K08-7570.dw.png","437","273","457","295","422","400","468","353","551","301","481","469","496","542","503","513","562","522","554","477","611","483","652","453","693","443","553","593","612","594","703","633","737","663","772","652","278","237"
"NL-0031-09-66-2024-K08-7571.dw.png","467","296","482","326","422","407","477","375","569","347","464","486","464","564","476","535","535","561","536","525","592","540","634","520","678","522","509","626","569","642","652","707","678","742","716","737","318","210"
"NL-0031-09-66-2024-K08-7572.dw.png","635","238","612","258","526","212","564","265","605","348","453","270","377","280","408","289","402","347","430","345","426","404","456","440","464","480","319","338","314","401","271","489","238","521","250","555","689","71"
"NL-0031-09-66-2024-K08-7573.dw.png","235","600","257","625","211","713","262","670","342","632","265","788","271","858","280","829","338","840","333","799","392","806","429","781","468","777","325","913","380","918","472","965","500","995","532","983","82","550"
"NL-0031-09-66-2024-K08-7574.dw.png","236","595","259","613","235","717","276","661","347","604","301","775","324","844","326","814","388","819","371","769","431","767","465","734","506","719","389","889","447","882","545","906","581","931","612","913","71","576"
"NL-0031-09-66-2024-K08-7575.dw.png","599","246","579","265","480","220","523","274","570","353","408","275","335","285","367","293","360","353","404","348","392","408","413","450","422","488","279","343","273","404","234","493","200","527","212","561","647","85"
"NL-0031-09-66-2024-K08-7576.dw.png","283","542","300","570","244","652","302","623","383","585","297","731","301","809","311","779","369","796","371","762","427","773","469","751","509","751","353","874","410","883","496","934","525","971","559","961","131","473"
"NL-0031-09-66-2024-K08-7577.dw.png","573","630","590","610","693","643","645","594","589","521","763","575","833","554","803","551","803","490","761","500","770","436","739","399","724","364","883","488","885","426","918","326","945","290","928","260","538","800"
"NL-0031-09-66-2024-K08-7578.dw.png","248","631","274","645","270","749","299","688","366","620","349","793","385","858","382","825","445","816","426","784","477","762","503","719","537","697","461","887","519","869","618","873","660","891","686","867","74","643"
"NL-0031-09-66-2024-K08-7579.dw.png","624","243","601","268","503","233","547","282","604","356","434","301","360","320","394","324","392","386","428","377","431","436","462","472","475","513","309","388","314","448","280","545","254","580","269","614","660","72"
"NL-0031-09-66-2024-K08-7580.dw.png","283","515","301","537","252","628","304","586","385","551","297","698","301","769","312","742","372","762","370","720","426","734","463","709","504","706","352","831","410","841","493","892","517","922","552","913","134","451"
"NL-0031-09-66-2024-K08-7581.dw.png","281","524","299","551","245","641","301","607","386","572","296","720","299","795","309","765","366","780","368","742","424","754","465","733","507","730","348","855","407","864","491","916","521","953","554","943","131","459"
"NL-0031-09-66-2024-K08-7582.dw.png","239","549","261","571","219","662","269","619","346","571","276","733","284","808","293","775","350","784","345","743","405","748","442","723","484","717","340","859","400","861","489","904","521","934","555","921","80","501"
"NL-0032-09-66-2024-K09-7020.dw.png","214","540","227","565","166","649","223","620","307","592","197","727","186","794","203","768","255","792","261","756","315","778","361","759","399","762","224","861","279","883","357","950","377","985","413","982","81","450"
"NL-0032-09-66-2024-K09-7021.dw.png","256","449","260","482","176","532","236","534","330","532","182","619","149","685","174","660","219","698","234","669","279","706","325","705","363","727","165","756","216","792","265","880","275","928","310","935","156","311"
"NL-0032-09-66-2024-K09-7022.dw.png","220","478","228","508","144","568","206","565","301","556","157","652","128","725","152","696","198","730","211","707","257","741","305","734","341","746","148","794","199","829","255","912","266","958","300","963","113","352"
"NL-0032-09-66-2024-K09-7023.dw.png","212","531","223","553","155","634","211","616","301","586","180","715","164","785","182","758","236","781","244","743","298","770","344","759","384","764","197","853","255","877","326","949","349","994","385","993","87","428"
"NL-0032-09-66-2024-K09-7024.dw.png","220","547","236","572","177","650","233","626","315","589","215","726","209","795","224","766","277","788","282","751","332","770","376","752","416","753","250","856","308","876","382","929","408","969","443","964","80","454"
"NL-0032-09-66-2024-K09-7025.dw.png","685","711","673","684","750","616","687","618","596","643","723","520","742","449","722","474","670","452","662","479","612","452","563","464","523","462","715","382","659","350","586","269","568","224","532","229","806","833"
"NL-0032-09-66-2024-K09-7026.dw.png","218","529","235","556","176","638","233","623","315","581","217","718","212","792","226","762","281","778","286","748","338","761","382","742","419","742","256","853","316","869","396","925","423","964","456","957","76","449"
"NL-0032-09-66-2024-K09-7027.dw.png","262","445","264","475","170","511","231","533","328","532","167","609","127","670","152","655","194","697","214","669","252","708","304","710","342","728","135","756","178","799","221","888","224","935","259","945","176","299"
"NL-0032-09-66-2024-K09-7028.dw.png","194","569","210","594","155","679","213","658","295","613","199","760","198","833","211","799","261","806","265","791","320","799","364","776","405","775","243","892","300","908","383","961","410","998","444","989","54","491"
"NL-0032-09-66-2024-K09-7029.dw.png","217","568","234","590","181","672","238","651","316","604","228","746","233","827","244","792","300","805","302","781","357","789","400","761","437","759","283","885","343","896","430","949","460","986","491","973","68","492"
"NL-0032-09-66-2024-K09-7030.dw.png","695","240","669","248","607","171","607","233","631","328","512","195","445","174","473","195","445","246","470","256","445","308","459","357","448","398","371","205","344","260","268","327","226","343","227","381","816","120"
"NL-0032-09-66-2024-K09-7031.dw.png","208","601","224","621","180","696","233","679","301","620","232","772","234","838","246","810","297","818","296","789","353","792","390","768","428","761","287","896","341","903","425","949","456","986","487","973","65","540"
"NL-0032-09-66-2024-K09-7032.dw.png","635","224","615","243","524","195","553","250","603","331","447","249","369","259","400","268","395","325","426","324","418","384","444","425","453","464","311","315","303","375","253","471","219","504","229","538","705","67"
"NL-0032-09-66-2024-K09-7033.dw.png","216","560","230","586","169","666","226","639","313","608","203","746","195","821","211","792","267","815","272","779","326","795","374","777","414","780","239","888","297","904","380","970","404","1010","439","1002","79","470"
"NL-0032-09-66-2024-K09-7034.dw.png","212","518","224","544","154","620","214","600","305","580","182","706","163","775","184","748","234","775","245","745","294","769","344","756","382","764","197","846","250","871","323","948","340","988","377","989","89","411"
"NL-0032-09-66-2024-K09-7035.dw.png","200","550","213","577","151","653","208","637","294","598","188","733","179","806","196","773","245","789","251","768","303","784","349","764","394","766","217","869","274","886","349","949","372","988","407","981","64","455"
"NL-0032-09-66-2024-K09-7036.dw.png","651","209","625","225","539","168","569","223","602","308","463","209","387","205","420","219","399","276","434","278","422","333","443","375","443","416","330","249","317","311","254","396","216","424","225","458","730","67"
"NL-0032-09-66-2024-K09-7037.dw.png","222","551","235","576","173","660","231","634","320","608","212","748","202","819","219","787","272","810","277","776","329","795","374","769","417","771","239","877","301","897","375","961","401","1006","437","1003","83","462"
"NL-0032-09-66-2024-K09-7038.dw.png","221","534","233","563","163","638","226","615","317","591","193","725","178","793","197","761","251","786","258","751","313","778","359","761","400","772","213","858","271","879","342","949","363","997","400","992","84","437"
"NL-0032-09-66-2024-K09-7039.dw.png","663","220","639","239","553","186","581","242","626","326","479","233","407","235","439","247","427","302","457","305","442","359","467","402","468","443","350","285","341","341","288","427","249","460","258","493","738","68"
"NL-0032-09-66-2024-K09-7040.dw.png","218","578","238","605","186","692","241","655","323","614","233","765","237","839","248","807","302","819","303","781","359","793","401","770","444","768","285","895","347","904","430","952","458","985","493","975","68","508"
"NL-0032-09-66-2024-K09-7041.dw.png","654","206","631","220","540","166","579","218","613","301","467","205","397","200","427","214","411","267","448","271","431","329","454","372","456","412","337","243","323","303","263","383","226","410","231","447","729","61"
"NL-0032-09-66-2024-K09-7042.dw.png","237","539","253","564","189","639","250","629","338","586","232","721","228","799","242","769","297","784","300","757","357","773","403","751","445","752","272","867","329","880","410","944","439","987","476","982","91","447"
"NL-0032-09-66-2024-K09-7043.dw.png","224","558","240","583","184","661","241","636","326","603","228","736","224","811","239","776","295","802","297","765","351","779","396","756","437","758","270","872","329","886","411","947","441","991","475","986","76","469"
"NL-0032-09-66-2024-K09-7044.dw.png","226","517","237","545","164","616","227","603","321","580","190","707","170","769","191","742","244","776","253","739","305","764","354","749","397","762","201","839","260","864","331","943","349","985","387","985","93","407"
"NL-0032-09-66-2024-K09-7045.dw.png","244","541","258","565","201","647","259","624","342","583","242","727","232","795","250","766","307","788","310","754","364","769","410","743","450","742","278","860","340","878","423","943","449","983","484","979","90","451"
"NL-0032-09-66-2024-K09-7046.dw.png","214","564","226","585","164","663","221","647","308","607","199","746","188","817","205","787","260","810","264","768","320","785","365","766","404","768","228","879","287","896","358","955","384","997","420","991","73","478"
"NL-0032-09-66-2024-K09-7047.dw.png","216","596","233","618","183","709","239","681","319","629","229","782","233","859","245","825","300","838","304","805","355","815","400","787","441","784","279","913","340","927","427","980","455","1011","493","1003","66","520"
"NL-0032-09-66-2024-K09-7048.dw.png","239","544","254","575","188","651","249","623","338","598","223","730","212","804","229","769","286","798","293","759","348","784","395","768","436","776","251","872","313","889","392","964","417","1006","454","1004","92","448"
"NL-0032-09-66-2024-K09-7049.dw.png","231","522","243","553","174","621","234","608","324","587","202","705","188","781","205","750","257","778","266","745","317","773","365","759","405","768","221","851","275","870","347","945","369","992","404","989","99","418"
"NL-0033-09-66-2024-K10-7457.dw.png","663","387","671","415","589","476","651","469","748","458","603","567","579","634","601","610","646","645","661","607","709","644","764","639","805","652","604","709","655","745","718","817","731","856","769","855","555","266"
"NL-0033-09-66-2024-K10-7458.dw.png","544","293","562","316","507","408","563","376","649","332","552","479","562","562","567","526","629","545","629","506","687","520","733","496","776","492","617","620","672","630","761","681","790","711","826","699","397","227"
"NL-0033-09-66-2024-K10-7459.dw.png","211","566","227","587","166","671","228","643","321","611","216","759","218","836","228","803","291","821","294","785","352","797","397","773","440","771","269","899","329","912","419","966","447","1000","483","988","53","494"
"NL-0033-09-66-2024-K10-7460.dw.png","536","694","557","680","640","741","616","683","586","593","722","702","798","707","763","693","788","635","751","629","770","574","747","529","746","488","864","662","881","601","940","521","979","495","967","461","448","845"
"NL-0033-09-66-2024-K10-7461.dw.png","231","504","242","533","167","593","230","585","323","572","194","683","175","756","195","730","248","761","258","724","306","756","357","742","399","754","208","828","262","855","335","934","354","975","391","967","104","390"
"NL-0033-09-66-2024-K10-7462.dw.png","217","577","235","598","183","690","242","661","324","613","240","772","247","849","257","820","316","831","314","790","372","800","414","774","454","770","302","910","363","919","446","965","474","998","509","984","53","510"
"NL-0033-09-66-2024-K10-7463.dw.png","261","522","272","545","199","620","265","601","357","585","230","709","217","781","235","753","292","786","299","751","356","777","405","762","447","768","254","856","313","882","392","958","412","996","449","989","125","411"
"NL-0033-09-66-2024-K10-7464.dw.png","231","517","244","542","176","616","237","600","330","572","207","700","195","778","213","747","268","775","278","737","332","760","380","743","421","747","233","846","294","873","370","942","395","987","430","982","86","420"
"NL-0033-09-66-2024-K10-7465.dw.png","220","518","236","540","180","623","238","596","327","561","230","704","235","783","243","750","304","764","307","732","363","746","408","720","448","715","285","846","344","859","433","913","456","941","494","931","64","445"
"NL-0033-09-66-2024-K10-7466.dw.png","883","504","862","524","771","484","807","534","863","619","701","546","630","562","659","569","655","630","689","623","683","684","719","725","728","772","577","626","574","689","536","794","509","828","527","863","937","346"
"NL-0033-09-66-2024-K10-7467.dw.png","529","322","546","349","493","436","545","406","629","364","539","517","539","582","550","559","605","580","603","531","659","552","706","529","746","526","587","647","640","660","730","717","754","749","788","735","385","243"
"NL-0033-09-66-2024-K10-7468.dw.png","208","525","219","552","146","623","206","610","303","588","173","709","155","785","176","755","228","786","237","749","293","779","340","760","382","766","191","857","250","883","321","955","341","995","377","989","75","418"
"NL-0033-09-66-2024-K10-7469.dw.png","222","583","241","605","188","692","244","657","329","620","238","769","244","845","253","813","314","829","314","788","371","803","416","779","457","775","299","907","356","916","447","970","475","1003","511","990","62","519"
"NL-0033-09-66-2024-K10-7470.dw.png","216","551","236","575","180","657","238","631","324","596","231","739","236","819","245","785","304","803","305","762","363","778","406","754","447","753","290","882","344","892","434","944","459","973","494","961","62","488"
"NL-0033-09-66-2024-K10-7471.dw.png","239","560","258","586","205","676","261","643","347","599","255","756","259","832","270","800","332","813","334","781","394","796","437","763","477","760","315","895","379","907","469","958","499","991","536","979","82","484"
"NL-0033-09-66-2024-K10-7472.dw.png","238","513","248","537","171","603","236","593","329","578","198","700","179","770","198","742","252","781","264","739","315","771","364","759","404","769","212","848","267","875","337","953","353","992","390","990","107","405"
"NL-0033-09-66-2024-K10-7473.dw.png","226","578","245","598","199","685","253","653","336","608","256","758","269","834","276","801","338","813","335","779","393","785","434","753","476","748","326","890","389","897","484","939","515","970","548","952","62","514"
"NL-0033-09-66-2024-K10-7474.dw.png","229","572","249","596","199","682","254","649","337","608","252","758","260","835","269","805","329","816","324","776","383","787","422","758","463","752","316","892","375","898","462","944","490","974","523","961","75","506"
"NL-0033-09-66-2024-K10-7475.dw.png","233","545","250","572","192","660","248","626","334","593","232","739","226","812","242","784","297","804","300","760","356","779","402","760","442","758","271","877","329","894","410","949","435","982","467","970","83","462"
"NL-0033-09-66-2024-K10-7476.dw.png","890","483","869","503","776","455","812","508","855","592","702","509","630","518","660","524","638","587","686","583","672","640","702","684","704","728","574","575","565","631","519","723","488","754","502","790","950","336"
"NL-0033-09-66-2024-K10-7477.dw.png","465","253","488","267","471","371","512","323","574","251","550","431","575","493","577","464","635","457","620","420","679","412","714","370","751","351","650","533","707","523","807","534","841","550","868","525","303","235"
"NL-0033-09-66-2024-K10-7478.dw.png","601","303","616","330","553","417","610","394","707","360","591","500","590","580","602","552","661","573","666","536","722","555","770","535","814","537","640","648","693","665","782","726","808","763","845","755","462","220"
"NL-0033-09-66-2024-K10-7479.dw.png","538","343","554","368","494","444","551","424","642","389","540","531","544","609","553","577","610","594","613","558","668","577","716","551","764","552","587","666","652","687","745","742","770","774","811","764","398","253"
"NL-0034-09-66-2024-K11-7395.dw.png","677","347","682","386","597","443","661","436","761","435","608","533","580","606","602","582","650","625","667","579","713","622","765","619","806","635","604","678","653","709","717","790","732","838","770","844","566","217"
"NL-0034-09-66-2024-K11-7396.dw.png","566","305","584","331","526","417","583","390","675","349","572","497","572","569","585","539","644","558","644","522","702","537","748","510","794","507","628","632","686","642","771","690","803","726","842","719","418","222"
"NL-0034-09-66-2024-K11-7397.dw.png","628","211","602","232","509","178","546","235","587","325","427","232","349","237","382","248","362","310","412","305","400","365","426","408","430","452","292","292","285","351","240","438","202","473","214","509","691","49"
"NL-0034-09-66-2024-K11-7398.dw.png","549","673","574","659","649","730","631","662","606","569","742","691","818","701","788","683","812","629","767","622","793","567","779","521","788","476","882","663","899","602","965","527","1001","504","995","467","456","822"
"NL-0034-09-66-2024-K11-7399.dw.png","562","672","586","653","675","706","650","649","599","565","757","659","832","658","798","647","819","585","770","587","787","527","762","483","761","441","892","608","898","549","952","458","991","426","979","389","492","828"
"NL-0034-09-66-2024-K11-7400.dw.png","535","675","566","658","645","727","619","662","594","569","733","684","817","689","782","673","808","615","768","612","784","556","766","510","767","465","880","645","895","584","957","507","1002","477","996","440","445","827"
"NL-0034-09-66-2024-K11-7401.dw.png","601","692","625","669","723","713","684","659","630","575","798","654","871","646","839","638","858","572","808","580","815","522","784","481","775","437","925","590","929","527","968","438","1002","402","985","368","549","862"
"NL-0034-09-66-2024-K11-7402.dw.png","212","576","229","601","177","696","234","670","322","625","221","774","216","851","232","817","293","842","293","796","352","812","397","789","440","791","264","909","331","925","414","979","443","1016","478","1005","59","509"
"NL-0034-09-66-2024-K11-7403.dw.png","252","503","260","537","176","587","246","584","340","580","196","684","169","757","192","730","243","767","257","727","305","760","353","755","395","772","195","830","249","859","310","938","325","979","362","982","126","381"
"NL-0034-09-66-2024-K11-7404.dw.png","547","307","560","330","498","419","555","388","651","365","536","498","531","571","544","545","602","574","604","524","659","549","707","529","749","531","575","635","633","653","710","709","736","747","773","740","411","215"
"NL-0034-09-66-2024-K11-7405.dw.png","493","290","510","316","462","407","516","380","603","326","510","485","513","555","524","525","581","543","578","496","636","512","684","492","726","492","560","607","621","617","707","662","738","695","772","683","337","221"
"NL-0034-09-66-2024-K11-7406.dw.png","704","254","676","269","596","201","623","263","643","358","512","234","437","220","467","240","435","299","482","306","454","360","470","408","462","451","373","258","348","322","280","401","238","423","242","459","806","106"
"NL-0034-09-66-2024-K11-7407.dw.png","240","571","258","595","197","674","260","647","353","616","247","758","249","835","260","805","321","823","321","773","380","796","425","770","467","770","301","899","363","908","445","958","476","996","512","988","81","493"
"NL-0034-09-66-2024-K11-7408.dw.png","232","538","252","562","195","646","256","619","346","580","245","727","249","806","258","775","319","798","319","746","379","768","423","743","465","740","301","871","359","882","448","938","476","971","511","963","76","472"
"NL-0034-09-66-2024-K11-7409.dw.png","238","560","257","588","197","670","257","644","347","612","240","751","236","829","250","798","305","817","308","779","365","795","407","776","452","779","281","891","337","905","421","961","447","997","482","992","91","482"
"NL-0034-09-66-2024-K11-7410.dw.png","255","510","272","538","208","618","270","597","364","568","249","706","245","784","260","755","316","781","320","736","378","763","425","745","466","749","293","855","347","873","430","936","457","977","492","971","109","420"
"NL-0034-09-66-2024-K11-7411.dw.png","238","511","254","538","191","625","252","598","345","564","230","707","221","781","238","748","293","774","299","728","356","754","402","738","447","743","266","846","324","864","403","925","427","960","466","956","87","416"
"NL-0034-09-66-2024-K11-7412.dw.png","243","569","261","593","203","671","263","641","350","606","248","747","249","827","261","795","324","818","322","763","381","788","426","763","466","762","299","887","362","896","448","949","473","980","511","974","87","496"
"NL-0034-09-66-2024-K11-7413.dw.png","620","239","596","261","508","213","538","271","590","354","433","271","358","281","391","289","381","347","425","344","416","401","440","442","443","485","305","335","301","397","263","484","233","518","246","553","675","73"
"NL-0034-09-66-2024-K11-7414.dw.png","668","323","677","359","594","430","658","413","759","403","613","522","593","592","613","566","660","609","675","561","726","594","776","588","820","598","620","662","675","691","741","767","759","813","797","815","545","216"
"NL-0034-09-66-2024-K11-7415.dw.png","203","564","221","590","158","672","219","649","308","615","204","757","200","831","212","796","272","820","274","780","330","799","374","773","418","772","246","892","308","906","387","961","414","997","450","990","54","481"
"NL-0034-09-66-2024-K11-7416.dw.png","239","583","261","609","206","697","267","666","353","620","265","779","276","860","283","825","347","843","342","799","400","805","440","778","482","771","332","917","395","921","476","961","513","998","545","983","67","521"
"NL-0034-09-66-2024-K11-7417.dw.png","233","593","255","618","206","705","263","668","349","623","263","781","274","855","281","824","342","834","338","798","394","801","434","772","475","766","327","907","391","912","476","953","511","989","543","972","65","541"
"NL-0034-09-66-2024-K11-7418.dw.png","228","538","243","564","179","660","237","621","331","598","216","742","206","818","224","787","280","816","284","761","339","790","385","775","428","778","248","884","305","903","383","963","408","1002","444","992","83","446"
"NL-0034-09-66-2024-K11-7419.dw.png","242","529","256","555","185","631","248","614","341","592","221","728","209","801","227","773","281","800","286","753","339","782","385","770","427","776","248","872","304","890","373","948","397","990","432","984","102","428"
"NL-0034-09-66-2024-K11-7420.dw.png","255","478","262","513","180","564","244","563","337","562","193","655","166","733","188","706","237","745","251","712","299","745","347","741","388","756","188","809","237","839","301","922","315","969","350","975","139","349"
"NL-0034-09-66-2024-K11-7421.dw.png","237","586","259","609","212","700","266","667","351","618","268","777","277","853","286","819","344","828","339","787","399","799","437","771","485","767","333","910","392","913","480","957","515","992","550","979","74","528"
"NL-0034-09-66-2024-K11-7422.dw.png","254","509","270","536","204","627","268","592","359","565","240","707","234","783","248","752","305","776","310","725","365","754","410","739","454","746","273","846","331","862","409","926","434","967","472","962","104","416"
"NL-0034-09-66-2024-K11-7423.dw.png","270","462","274","490","187","540","250","539","344","549","194","628","158","702","185","674","227","725","248","680","287","723","335","724","373","744","172","772","221","811","269","892","280","942","314","949","165","322"
"NL-0035-09-66-2024-K12-7365.dw.png","238","499","249","524","171","597","239","581","332","565","199","685","180","762","201","733","257","770","266","728","321","756","370","741","409","747","215","831","272","856","344","928","366","973","402","966","102","388"
"NL-0035-09-66-2024-K12-7366.dw.png","414","606","445","603","498","698","498","626","512","530","595","692","666","726","643","701","683","656","649","636","693","592","691","540","710","502","743","711","779","666","872","612","915","605","924","569","269","712"
"NL-0035-09-66-2024-K12-7367.dw.png","243","534","258","562","189","642","254","616","343","591","229","731","221","808","236","778","291","798","298","760","357","785","404","765","444","770","261","873","318","890","398","954","421","993","459","985","96","437"
"NL-0035-09-66-2024-K12-7368.dw.png","259","478","270","505","195","577","259","565","357","546","221","663","206","745","226","716","282","754","292","706","348","737","399","725","441","731","245","820","300","842","377","915","403","963","440","957","119","364"
"NL-0035-09-66-2024-K12-7369.dw.png","308","464","312","498","224","534","288","547","380","546","231","624","197","701","221","676","264","722","284","681","327","729","377","726","415","742","215","780","261","814","315","898","326","944","362","954","200","329"
"NL-0035-09-66-2024-K12-7370.dw.png","272","511","289","538","225","618","290","592","376","564","271","705","269","783","283","754","339","772","342","734","400","753","445","731","485","734","314","845","373","861","455","920","485","962","518","951","120","421"
"NL-0035-09-66-2024-K12-7371.dw.png","245","528","256","554","181","610","247","612","341","592","213","717","198","793","215","766","268","788","276","755","329","782","374","767","418","775","228","860","285","883","353","948","375","994","413","988","116","430"
"NL-0035-09-66-2024-K12-7372.dw.png","247","527","263","555","194","629","260","608","348","584","235","713","228","793","244","766","301","789","305","752","362","772","408","755","448","757","272","859","329","876","407","938","433","981","469","973","103","435"
"NL-0035-09-66-2024-K12-7373.dw.png","228","556","250","585","192","664","252","636","338","600","247","748","253","825","263","793","325","811","323","769","379","782","422","755","462","748","301","879","362","888","454","943","482","976","517","961","66","479"
"NL-0035-09-66-2024-K12-7374.dw.png","532","373","547","403","483","480","542","462","636","429","523","564","516","636","531","609","590","642","594","595","649","617","695","598","738","598","559","697","615","715","707","784","729","816","768","813","395","280"
"NL-0035-09-66-2024-K12-7375.dw.png","515","308","527","336","455","413","515","397","608","375","480","495","470","572","486","549","536","573","547","537","601","568","649","554","692","565","505","642","555","662","636","735","658","780","693","773","390","199"
"NL-0035-09-66-2024-K12-7376.dw.png","218","540","235","566","173","643","235","618","322","590","218","726","216","804","229","771","286","797","288","757","345","777","390","756","429","755","261","862","317","876","401","941","424","975","458","966","67","458"
"NL-0035-09-66-2024-K12-7377.dw.png","235","487","245","517","171","591","235","571","330","560","196","676","179","751","198","722","252","751","260","714","315","746","363","731","405","741","212","819","267","842","339","920","356","959","393","958","103","374"
"NL-0035-09-66-2024-K12-7378.dw.png","253","492","264","517","182","596","251","575","353","562","205","685","186","766","206","734","262","766","274","728","332","763","385","749","428","758","219","837","275","864","351","943","371","992","408","986","113","372"
"NL-0035-09-66-2024-K12-7379.dw.png","260","509","271","544","194","604","257","598","352","589","220","692","201","772","220","743","271","784","282","746","334","776","383","763","423","771","233","844","283","866","356","952","372","991","408","991","134","395"
"NL-0035-09-66-2024-K12-7380.dw.png","275","457","284","482","197","550","269","538","371","533","218","647","197","723","219","692","273","732","287","694","343","727","395","717","439","727","225","794","284","828","355","910","374","960","412","954","140","328"
"NL-0035-09-66-2024-K12-7381.dw.png","244","516","257","542","185","637","251","604","350","573","223","725","213","799","230","771","291","801","296","755","356","774","408","753","451","756","253","864","317","883","403","955","422","987","460","982","93","419"
"NL-0035-09-66-2024-K12-7382.dw.png","291","499","299","530","216","591","286","581","379","579","237","689","214","764","235","738","286","773","297","734","351","768","400","760","439","771","240","836","296","868","362","949","377","992","414","991","166","373"
"NL-0035-09-66-2024-K12-7383.dw.png","639","705","621","673","695","604","627","623","533","647","655","517","662","435","647","467","587","433","580","479","522","453","475","474","432","469","619","365","561","346","479","282","454","242","416","244","794","793"
"NL-0035-09-66-2024-K12-7385.dw.png","530","315","545","341","481","422","543","401","640","374","529","520","527","595","541","568","593","585","597","550","653","568","701","548","748","550","571","657","626","674","712","736","742","777","778","767","389","220"
"NL-0035-09-66-2024-K12-7386.dw.png","548","332","564","358","501","438","560","413","654","380","544","528","544","599","554","573","611","594","613","550","672","575","721","554","761","555","588","661","644","676","734","739","763","776","798","767","407","244"
"NL-0035-09-66-2024-K12-7387.dw.png","246","493","258","526","177","590","242","578","340","571","202","679","180","755","201","728","254","771","267","727","318","763","368","750","409","758","212","832","266","858","336","940","352","981","389","980","116","374"
"NL-0035-09-66-2024-K12-7388.dw.png","272","484","282","521","200","576","267","578","363","563","220","675","197","750","218","725","272","769","284","718","338","756","388","746","430","759","223","821","281","856","352","938","368","984","408","982","146","358"
"NL-0035-09-66-2024-K12-7389.dw.png","240","508","256","539","182","613","250","597","343","572","217","705","209","782","224","756","280","781","287","739","345","766","394","751","435","755","246","849","304","871","381","940","409","989","445","979","93","405"
"NL-0035-09-66-2024-K12-7390.dw.png","253","490","262","524","179","578","246","574","339","566","197","670","174","747","193","720","245","762","259","718","313","757","362","746","403","758","200","823","254","851","321","931","338","976","374","978","122","363"
"NL-0035-09-66-2024-K12-7391.dw.png","274","501","287","530","214","601","280","584","377","567","246","692","236","772","252","743","307","781","315","733","369","759","419","743","460","749","273","841","329","866","406","942","427","983","462","974","131","402"
"NL-0035-09-66-2024-K12-7392.dw.png","243","498","254","533","170","598","242","586","338","574","200","697","181","768","202","744","255","777","265","734","320","765","369","751","410","760","215","839","269","862","338","940","356","981","395","974","104","382"
"NL-0035-09-66-2024-K12-7393.dw.png","265","481","275","511","196","575","260","569","356","559","218","666","197","745","219","717","268","750","279","715","333","752","383","743","425","756","225","815","278","844","348","928","367","977","404","975","143","359"
"NL-0035-09-66-2024-K12-7394.dw.png","276","473","289","509","213","577","278","559","374","547","241","664","223","738","243","711","296","748","309","703","360","738","408","723","449","729","260","811","313","835","387","911","406","953","442","951","143","361"
"NL-0036-09-66-2024-K13-7330.dw.png","225","465","233","495","148","544","211","548","305","548","161","644","130","714","156","690","203","731","220","694","263","733","314","728","354","743","152","794","208","830","263","914","275","957","309","960","117","336"
"NL-0036-09-66-2024-K13-7331.dw.png","216","549","235","572","184","661","239","632","324","591","235","738","238","816","250","785","308","802","307","761","363","775","406","749","448","746","292","876","349","886","434","937","461","968","495","957","65","477"
"NL-0036-09-66-2024-K13-7332.dw.png","253","459","255","493","163","533","227","539","320","558","162","627","123","700","149","678","189","716","208","688","251","730","299","732","334","754","131","772","175","809","223","907","227","941","260","953","156","319"
"NL-0036-09-66-2024-K13-7333.dw.png","235","466","246","497","175","566","237","542","327","537","200","647","183","719","202","696","255","725","263","687","316","715","361","704","402","711","217","790","273","814","344","886","360","920","395","920","104","351"
"NL-0036-09-66-2024-K13-7334.dw.png","239","468","246","498","161","553","225","551","317","556","172","648","142","714","167","687","212","736","230","698","270","738","320","730","359","745","163","795","212","826","266","914","274","955","308","963","128","341"
"NL-0036-09-66-2024-K13-7335.dw.png","255","472","260","504","175","559","238","557","332","554","185","649","154","718","179","696","222","731","236","703","281","738","328","738","368","750","170","793","216","827","267","915","275","960","309","964","149","346"
"NL-0036-09-66-2024-K13-7337.dw.png","662","372","666","407","580","466","644","454","740","459","588","549","559","625","581","605","625","640","641","608","689","647","739","643","781","661","579","699","625","732","686","828","696","863","733","873","561","241"
"NL-0036-09-66-2024-K13-7338.dw.png","242","453","248","488","162","544","227","533","320","541","171","628","141","706","163","685","209","720","225","687","272","725","321","721","360","736","158","781","205","814","262","908","272","943","308","951","132","320"
"NL-0036-09-66-2024-K13-7339.dw.png","663","221","639","236","553","176","583","235","610","324","476","214","400","209","430","223","400","280","448","283","429","336","447","383","448","421","341","250","326","306","263","388","233","406","239","442","750","70"
"NL-0036-09-66-2024-K13-7340.dw.png","244","508","259","532","200","606","258","592","345","559","245","690","246","768","259","738","313","756","315","719","368","739","411","719","451","722","291","827","346","839","427","894","453","931","485","922","97","424"
"NL-0036-09-66-2024-K13-7341.dw.png","241","479","251","509","180","575","240","561","334","553","208","669","193","742","211","716","262","742","270","706","319","736","367","722","407","732","227","814","274","834","344","905","362","947","399","946","116","373"
"NL-0036-09-66-2024-K13-7342.dw.png","663","694","650","667","713","583","654","614","561","633","678","505","684","426","668","453","615","430","610","468","556","450","512","469","472","462","645","364","589","349","512","286","492","251","455","256","808","782"
"NL-0036-09-66-2024-K13-7343.dw.png","212","577","231","598","190","695","240","651","324","608","247","770","253","841","261","805","320","818","315","778","375","790","413","762","454","757","311","896","368","900","458","949","488","981","522","969","48","513"
"NL-0036-09-66-2024-K13-7344.dw.png","222","525","235","554","166","630","228","607","318","583","204","717","196","791","211","764","266","790","272","756","325","772","371","752","410","754","237","858","295","880","368","940","390","980","427","975","76","422"
"NL-0036-09-66-2024-K13-7345.dw.png","226","525","240","553","171","628","232","607","325","590","207","715","199","790","214","758","269","786","275","747","328","773","371","756","412","763","237","856","295","875","366","939","387","977","422","971","84","429"
"NL-0036-09-66-2024-K13-7346.dw.png","234","521","250","550","184","631","244","601","337","584","223","719","213","796","230","766","282","783","288","756","344","777","392","759","434","761","253","861","308","881","389","948","409","985","447","978","89","423"
"NL-0036-09-66-2024-K13-7347.dw.png","214","573","232","597","179","682","235","654","325","618","224","761","227","837","240","806","294","823","295","786","348","796","391","773","432","770","272","894","330","903","413","955","440","986","475","976","58","506"
"NL-0036-09-66-2024-K13-7348.dw.png","231","490","244","518","173","599","235","582","330","556","201","682","187","760","206","732","259","758","268","723","323","746","372","729","412","733","221","828","279","849","353","923","369","956","406","949","93","391"
"NL-0036-09-66-2024-K13-7349.dw.png","657","216","630","236","538","185","581","239","619","324","461","238","388","242","419","253","406","312","440","311","433","368","460","408","465","452","328","299","320","360","270","445","235","476","248","508","722","55"
"NL-0036-09-66-2024-K13-7350.dw.png","669","215","645","233","552","180","586","235","620","325","479","224","402","226","434","237","412","297","455","298","440","353","464","396","466","442","341","276","329","337","275","421","235","450","244","485","745","55"
"NL-0036-09-66-2024-K13-7351.dw.png","228","541","247","566","194","660","250","625","341","590","241","737","242","813","254","782","314","801","312","758","371","772","415","749","456","748","292","874","350","884","441","943","465","970","499","957","66","466"
"NL-0036-09-66-2024-K13-7352.dw.png","198","583","218","608","169","697","223","665","313","629","223","777","227","850","237","817","301","838","297","793","354","809","394","780","438","775","287","914","345","917","433","967","461","997","496","988","38","517"
"NL-0036-09-66-2024-K13-7353.dw.png","221","558","236","584","178","661","234","640","320","613","220","741","218","815","232","786","287","810","287","765","341","788","383","767","423","768","265","880","320","891","401","950","422","981","458","973","76","479"
"NL-0036-09-66-2024-K13-7354.dw.png","221","560","240","585","187","676","243","642","335","606","233","751","237","828","248","797","307","816","307","772","362","785","407","759","446","757","285","886","347","895","432","948","454","976","488","966","62","486"
"NL-0036-09-66-2024-K13-7355.dw.png","218","571","242","592","209","688","254","646","330","597","271","755","291","831","295","799","347","797","344","770","404","773","440","741","479","730","349","880","403","877","500","915","533","941","564","923","56","524"
"NL-0036-09-66-2024-K13-7356.dw.png","216","543","234","570","170","646","233","626","326","595","220","739","222","813","233","785","291","803","292","771","347","782","391","760","432","760","265","872","323","889","407","949","432","984","468","974","64","465"
"NL-0036-09-66-2024-K13-7357.dw.png","239","514","253","543","181","614","245","598","341","586","216","709","209","785","224","760","278","782","284","742","336","769","382","753","424","761","245","850","300","872","377","938","397","976","433","974","96","411"
"NL-0036-09-66-2024-K13-7358.dw.png","270","481","278","506","192","552","259","559","355","566","204","653","178","725","202","700","251","742","263","708","311","742","362","732","398","753","200","800","251","831","308","914","318","954","356","959","156","354"
"NL-0036-09-66-2024-K13-7359.dw.png","234","516","249","544","182","625","242","597","336","581","212","703","200","781","217","753","269","779","276","740","331","760","377","745","418","754","235","845","292","862","365","932","384","970","419","967","91","421"
"NL-0036-09-66-2024-K13-7360.dw.png","249","609","272","630","238","723","287","680","361","626","302","785","321","859","326","825","389","834","380","799","436","793","470","759","511","746","387","910","446","905","542","939","576","968","607","946","82","569"
"NL-0037-09-66-2024-K14-7295.dw.png","527","274","546","300","501","401","551","363","637","308","551","477","559","555","567","517","622","530","621","498","683","505","732","475","776","472","610","608","672","617","770","666","805","704","840","691","375","210"
"NL-0037-09-66-2024-K14-7296.dw.png","534","316","553","343","497","423","554","394","639","355","543","504","545","578","557","547","612","565","614","528","673","543","721","517","768","517","594","636","652","648","750","702","783","739","818","727","387","238"
"NL-0037-09-66-2024-K14-7297.dw.png","250","518","266","543","214","630","269","605","356","563","263","715","263","793","276","759","330","775","331","738","388","754","432","724","474","722","307","849","370","863","454","918","482","953","517","941","98","446"
"NL-0037-09-66-2024-K14-7298.dw.png","538","662","563","642","645","692","622","636","574","559","721","641","797","635","763","624","770","571","745","570","754","512","727","473","721","430","853","583","858","523","905","437","935","405","922","372","471","816"
"NL-0037-09-66-2024-K14-7299.dw.png","659","245","634","261","556","209","576","261","614","345","483","249","401","247","436","262","420","314","448","318","432","373","455","418","457","457","344","290","328","351","274","429","229","461","239","495","740","104"
"NL-0037-09-66-2024-K14-7300.dw.png","212","557","230","575","194","651","245","639","313","580","249","721","258","794","267","762","316","768","315","743","373","750","408","723","447","718","313","846","365","847","451","888","486","922","515","906","70","502"
"NL-0037-09-66-2024-K14-7301.dw.png","234","516","247","542","182","625","242","593","335","572","220","711","211","788","225","754","280","777","286","742","343","760","387","744","432","748","250","852","306","867","382","928","404","968","440","960","92","426"
"NL-0037-09-66-2024-K14-7302.dw.png","247","538","271","564","228","646","283","617","360","565","290","719","306","796","313","763","372","772","365","730","424","739","462","706","504","699","364","848","422","849","525","892","556","919","588","899","83","487"
"NL-0037-09-66-2024-K14-7303.dw.png","237","543","259","567","220","655","269","625","342","571","277","726","287","800","295","765","350","772","348","744","404","749","443","720","483","712","344","853","399","856","494","898","528","932","560","914","83","484"
"NL-0037-09-66-2024-K14-7304.dw.png","640","248","624","269","524","240","566","286","623","361","460","303","381","325","417","328","414","387","447","381","448","440","481","477","490","518","335","387","337","443","303","544","276","579","295","610","679","84"
"NL-0037-09-66-2024-K14-7305.dw.png","341","314","366","303","447","375","425","312","397","223","533","347","600","362","577","344","597","291","566","282","595","227","581","176","587","133","673","323","694","270","767","190","804","168","806","129","227","439"
"NL-0037-09-66-2024-K14-7306.dw.png","915","497","890","520","794","477","836","530","889","615","719","540","641","555","680","559","674","619","706","617","706","677","734","721","743","768","594","612","593","672","556","772","527","807","547","842","964","340"
"NL-0037-09-66-2024-K14-7307.dw.png","672","230","652","244","558","189","590","244","628","332","488","230","406","229","440","243","422","296","461","299","449","354","473","397","472","438","349","273","338","332","281","417","250","439","258","473","741","76"
"NL-0037-09-66-2024-K14-7308.dw.png","263","480","267","514","180","565","245","562","342","565","187","658","152","731","178","707","222","742","239","717","286","753","336","749","375","769","167","806","217","841","272","936","280","978","317","982","158","344"
"NL-0037-09-66-2024-K14-7309.dw.png","238","504","250","530","181","599","243","578","338","566","211","690","195","770","215","740","267","769","276","731","330","760","377","745","421","752","231","840","287","865","356","932","378","980","416","975","102","394"
"NL-0037-09-66-2024-K14-7310.dw.png","230","531","246","557","188","640","246","618","334","578","231","727","227","806","242","772","300","795","302","753","359","773","407","745","448","745","272","868","337","886","423","949","448","984","482","972","76","440"
"NL-0037-09-66-2024-K14-7312.dw.png","255","511","269","543","200","616","261","598","354","572","233","704","222","779","239","750","294","774","301","736","359","760","406","744","450","751","264","850","320","871","402","942","427","983","462","977","112","409"
"NL-0037-09-66-2024-K14-7313.dw.png","276","484","289","519","214","583","278","576","373","554","244","676","229","750","247","719","301","751","310","717","366","745","415","727","459","735","264","819","323","845","404","924","425","963","461","957","139","379"
"NL-0037-09-66-2024-K14-7315.dw.png","491","343","505","368","450","456","506","424","597","392","495","539","494","615","506","579","559","597","563","565","618","581","664","559","712","560","539","673","597","683","685","742","711","775","748","764","352","257"
"NL-0037-09-66-2024-K14-7316.dw.png","218","590","240","608","209","703","258","667","335","608","276","777","294","854","298","817","354","816","347","779","407","781","444","751","490","742","353","898","412","893","505","922","544","952","574","934","58","557"
"NL-0037-09-66-2024-K14-7317.dw.png","216","575","237","597","198","696","249","656","332","604","254","769","264","850","272","815","332","826","328","788","387","791","431","764","473","754","318","905","380","909","475","957","504","988","539","975","56","522"
"NL-0037-09-66-2024-K14-7318.dw.png","215","514","231","538","178","606","232","592","314","554","220","682","220","760","234","729","286","745","289","722","344","733","384","709","423","712","266","819","321","831","403","886","428","922","458","910","76","433"
"NL-0037-09-66-2024-K14-7319.dw.png","245","522","260","550","196","625","257","611","347","574","234","711","228","795","244","759","297","776","304","745","362","768","410","751","456","754","272","859","330","873","414","938","438","975","475","969","100","428"
"NL-0037-09-66-2024-K14-7320.dw.png","236","510","247","538","177","607","237","595","329","577","206","698","188","777","209","741","260","773","269","741","320","771","368","751","412","760","225","854","281","874","349","940","369","986","407","985","105","398"
"NL-0037-09-66-2024-K14-7321.dw.png","236","548","253","572","200","657","253","624","339","591","244","736","243","813","257","781","311","797","315","766","371","782","414","758","456","757","291","877","346","889","432","947","459","984","494","975","89","479"
"NL-0037-09-66-2024-K14-7322.dw.png","259","502","274","531","209","608","269","580","360","558","246","695","239","777","253","744","311","766","316","733","373","751","419","734","463","738","281","841","337","857","423","926","449","968","484","961","110","404"
"NL-0037-09-66-2024-K14-7323.dw.png","203","559","220","584","170","678","223","636","313","605","215","750","217","825","226","789","286","811","287","774","342","781","382","760","424","760","263","880","322","889","404","943","430","974","466","964","45","489"
"NL-0037-09-66-2024-K14-7324.dw.png","217","607","243","631","202","713","258","684","331","618","272","784","295","861","296","823","361","829","353","796","416","791","451","753","495","740","361","908","420","901","524","931","566","962","597","941","41","573"
"NL-0037-09-66-2024-K14-7325.dw.png","243","499","256","526","189","601","250","577","344","558","223","690","212","767","229","736","283","759","290","723","346","749","395","732","437","734","249","833","307","855","384","922","409","967","445","962","103","399"
"NL-0037-09-66-2024-K14-7326.dw.png","234","589","258","607","231","707","278","665","351","599","301","773","324","849","326","813","388","816","377","777","434","774","469","735","510","721","389","894","452","890","553","922","586","946","615","923","66","561"
"NL-0038-09-66-2024-K15-7261.dw.png","483","299","505","324","461","417","512","377","596","329","518","490","531","562","538","532","600","541","596","507","658","513","698","482","741","474","592","617","656","622","751","662","783","691","817","677","320","239"
"NL-0038-09-66-2024-K15-7262.dw.png","628","310","639","337","566","411","627","393","722","372","597","501","584","571","601","546","654","577","661","530","712","562","762","544","803","553","623","641","677","658","749","723","768","760","803","758","500","203"
"NL-0038-09-66-2024-K15-7263.dw.png","644","218","621","238","522","190","567","245","602","335","447","243","368","249","401","261","388","323","433","322","420","385","444","425","448","471","307","306","301","370","256","458","215","492","223","530","716","53"
"NL-0038-09-66-2024-K15-7264.dw.png","229","496","245","525","178","599","240","580","328","553","216","690","209","773","224","737","279","760","286","727","342","744","388","727","435","732","248","833","308","850","392","915","417","959","454","952","81","405"
"NL-0038-09-66-2024-K15-7265.dw.png","229","541","248","568","189","654","248","630","340","593","233","734","230","815","244","784","305","812","308","769","365","782","408","758","452","759","273","876","339","893","425","956","447","988","483","979","72","471"
"NL-0038-09-66-2024-K15-7266.dw.png","260","578","277","598","235","698","287","666","368","609","285","765","296","842","305","812","367","830","362","786","420","795","458","767","502","760","351","899","412","905","503","955","536","987","569","974","95","524"
"NL-0038-09-66-2024-K15-7267.dw.png","242","520","257","549","192","623","252","601","346","583","230","712","221","792","236","758","290","780","296","752","358","773","401","756","443","760","263","860","319","877","402","949","425","991","462","990","97","425"
"NL-0038-09-66-2024-K15-7268.dw.png","235","496","249","531","175","600","241","578","334","563","205","689","192","770","209","742","264","768","274","729","329","758","374","745","419","754","229","846","286","864","354","933","376","985","414","985","92","385"
"NL-0038-09-66-2024-K15-7269.dw.png","238","528","254","552","194","631","250","607","338","581","231","709","227","789","241","759","292","774","298","739","351","766","392","749","437","753","264","848","323","865","397","925","420","961","455","955","93","446"
"NL-0038-09-66-2024-K15-7270.dw.png","670","217","645","233","553","173","580","234","625","326","474","219","402","217","434","230","401","294","447","293","435","351","459","395","460","437","335","267","323","327","265","413","230","439","237","474","749","51"
"NL-0038-09-66-2024-K15-7271.dw.png","619","316","631","346","560","420","618","411","716","380","587","507","574","589","591","559","645","593","653","554","708","578","758","563","804","574","610","657","663","679","743","750","764","791","804","793","489","217"
"NL-0038-09-66-2024-K15-7272.dw.png","551","343","568","369","515","459","572","443","662","387","563","542","564","615","577","583","634","602","635","573","697","581","744","557","792","558","617","676","678","691","770","740","804","778","841","767","402","268"
"NL-0038-09-66-2024-K15-7274.dw.png","217","565","239","595","186","676","245","652","332","610","238","757","245","834","254","800","314","815","313","783","373","789","415","762","458","757","299","892","358","899","451","952","482","989","518","976","56","508"
"NL-0038-09-66-2024-K15-7275.dw.png","234","511","248","541","177","614","240","596","333","573","212","702","200","784","218","752","271","781","278","744","335","768","380","754","425","760","240","856","297","878","370","950","392","994","431","996","89","412"
"NL-0038-09-66-2024-K15-7276.dw.png","230","564","251","591","198","683","255","643","340","605","248","754","254","834","264","802","326","817","326","781","385","791","427","766","467","760","307","895","368","901","455","952","485","986","519","977","65","497"
"NL-0038-09-66-2024-K15-7277.dw.png","209","526","225","555","165","636","221","611","310","573","205","712","202","789","216","756","277","788","278","745","335","763","378","739","420","736","250","857","313","873","395","932","418","966","455","960","54","447"
"NL-0038-09-66-2024-K15-7278.dw.png","239","600","263","621","224","717","274","667","354","619","288","788","309","866","311","829","373","833","367","797","430","800","467","771","510","757","373","916","435","917","536","958","575","991","606","973","67","552"
"NL-0038-09-66-2024-K15-7279.dw.png","226","547","244","577","179","661","240","629","331","601","222","738","220","820","234","789","289","815","294","772","350","791","394","773","440","777","268","890","326","904","406","969","433","1007","469","999","70","466"
"NL-0038-09-66-2024-K15-7280.dw.png","549","306","568","333","511","418","567","389","657","347","556","491","561","572","572","543","631","563","630","523","690","539","734","514","779","517","617","637","674","645","760","697","793","735","830","730","399","234"
"NL-0038-09-66-2024-K15-7281.dw.png","464","259","492","280","470","385","509","337","582","269","534","442","564","516","564","484","621","482","612","451","673","441","707","404","751","391","631","558","688","550","791","575","835","603","869","584","303","241"
"NL-0038-09-66-2024-K15-7282.dw.png","220","520","242","553","177","633","239","594","329","570","226","720","224","795","238","763","299","790","299","741","359","763","401","740","445","739","278","867","337","878","419","936","447","974","485","971","55","433"
"NL-0038-09-66-2024-K15-7283.dw.png","238","535","254","558","199","649","254","618","345","584","240","726","236","802","250","773","307","793","308","753","362","766","406","746","446","749","281","862","336","872","423","934","445","964","478","957","85","457"
"NL-0038-09-66-2024-K15-7284.dw.png","231","512","246","542","176","616","242","593","334","576","214","708","204","785","221","753","278","781","284","741","339","764","386","745","431","754","246","857","306","874","380","940","403","979","440","976","86","417"
"NL-0038-09-66-2024-K15-7285.dw.png","215","551","234","581","178","667","235","635","322","601","224","745","225","826","237","794","298","822","297","776","356","791","399","770","443","774","272","889","332","901","420","964","448","1004","483","992","57","480"
"NL-0038-09-66-2024-K15-7286.dw.png","259","528","275","558","212","633","270","610","356","584","251","720","245","798","260","768","313","790","318","758","377","777","422","758","461","758","292","871","345","885","428","950","451","986","488","983","113","430"
"NL-0038-09-66-2024-K15-7287.dw.png","512","675","545","660","612","732","593","667","580","572","706","695","784","707","753","689","779","636","744","629","769","573","753","526","762","483","854","669","878","608","944","536","987","515","983","477","415","820"
"NL-0038-09-66-2024-K15-7288.dw.png","237","543","251","565","199","655","252","621","341","591","234","723","232","803","246","773","303","789","305","750","360","769","406","748","447","750","278","866","338","877","420","935","442","963","476","955","84","458"
"NL-0038-09-66-2024-K15-7289.dw.png","230","528","246","557","186","636","245","621","335","583","231","721","229","803","243","766","302","799","304","760","360","774","406","750","450","751","273","865","334","880","416","942","443","978","479","970","78","449"
"NL-0038-09-66-2024-K15-7290.dw.png","229","530","247","560","186","640","246","612","334","580","229","720","229","799","242","766","297","781","301","756","359","770","403","747","445","748","275","866","332","879","412","938","437","977","473","970","68","452"
"NL-0038-09-66-2024-K15-7291.dw.png","224","501","237","531","165","601","225","591","319","570","197","692","184","770","202","739","254","775","262","733","315","765","360","749","402","757","223","848","277","867","346","937","367","985","403","982","88","398"
"NL-0039-09-66-2024-K16-7226.dw.png","518","313","530","347","461","421","521","398","612","386","490","508","477","584","493","561","542","586","552","544","600","576","650","561","688","565","508","649","562","679","634","747","653","786","687","781","390","215"
"NL-0039-09-66-2024-K16-7227.dw.png","953","500","934","520","832","485","874","536","934","612","758","548","692","563","721","569","714","626","760","618","751","678","784","717","795","761","644","621","643","679","606","780","578","816","596","851","997","343"
"NL-0039-09-66-2024-K16-7228.dw.png","226","532","241","557","176","634","238","615","327","582","216","720","212","807","226","776","283","794","287","751","347","775","392","758","431","758","251","865","315","891","401","955","424","992","458","983","77","431"
"NL-0039-09-66-2024-K16-7229.dw.png","221","580","240","604","195","697","244","653","324","616","242","766","248","845","258","814","315","832","313","786","367","803","410","776","448","770","295","901","356","913","443","962","476","1003","509","992","64","509"
"NL-0039-09-66-2024-K16-7230.dw.png","239","501","249","531","171","599","234","591","326","574","199","695","181","773","202","745","252","770","263","740","315","769","363","756","402","760","214","844","268","871","344","951","361","987","397","984","110","391"
"NL-0039-09-66-2024-K16-7231.dw.png","675","210","645","227","568","164","585","224","619","308","481","206","405","202","436","216","420","270","451","275","431","330","454","375","454","413","342","245","326","304","263","387","227","410","233","444","760","68"
"NL-0039-09-66-2024-K16-7232.dw.png","233","508","246","541","174","611","235","589","323","574","202","696","185","770","205","745","256","782","268","734","315","764","364","750","403","753","220","842","272","867","347","940","366","982","400","982","99","391"
"NL-0039-09-66-2024-K16-7233.dw.png","250","500","261","525","188","600","251","585","344","567","222","690","211","767","227","743","281","768","290","724","341","757","386","742","425","743","246","834","300","859","374","928","395","966","428","964","114","392"
"NL-0039-09-66-2024-K16-7234.dw.png","219","526","235","547","179","631","239","598","323","568","230","718","231","794","243","761","299","775","299","732","354","748","399","721","439","719","275","851","341","866","424","918","451","954","484","939","68","453"
"NL-0039-09-66-2024-K16-7235.dw.png","236","610","258","632","212","718","268","685","345","634","272","787","287","860","294","831","352","834","348","800","405","807","442","778","481","767","346","913","409","919","495","951","531","983","562","968","71","553"
"NL-0039-09-66-2024-K16-7236.dw.png","583","334","594","364","523","426","585","416","681","398","558","523","549","600","565","573","617","600","624","559","676","588","724","574","765","576","586","664","644","691","715","752","740","793","776","791","458","231"
"NL-0039-09-66-2024-K16-7237.dw.png","930","430","911","455","815","429","853","477","926","543","755","503","686","531","718","532","716","595","761","579","762","636","800","670","816","707","649","599","658","657","641","753","616","800","635","830","954","267"
"NL-0039-09-66-2024-K16-7238.dw.png","539","642","560","621","644","663","607","611","563","540","715","601","791","584","763","577","764","525","725","531","733","475","701","437","694","401","840","528","843","470","881","379","909","347","893","319","492","801"
"NL-0039-09-66-2024-K16-7239.dw.png","634","250","609","273","515","232","553","285","604","363","443","294","366","307","398","314","385","377","434","368","424","427","456","467","464","507","313","367","306","427","265","524","238","555","253","588","683","83"
"NL-0039-09-66-2024-K16-7240.dw.png","239","536","257","567","191","638","255","615","344","592","241","736","236","808","251","783","308","803","312","756","367","777","410","759","449","757","283","873","343","890","421","946","447","985","480","975","89","452"
"NL-0039-09-66-2024-K16-7241.dw.png","229","534","245","560","180","637","244","617","332","587","226","725","225","803","237","773","293","796","296","754","351","775","395","754","435","754","268","865","323","882","401","939","431","979","465","972","84","452"
"NL-0039-09-66-2024-K16-7242.dw.png","250","509","265","537","195","612","261","592","349","569","235","711","229","784","244","758","300","780","305","737","362","762","409","743","450","746","271","855","332","876","414","944","437","981","472","971","108","413"
"NL-0039-09-66-2024-K16-7243.dw.png","255","487","267","514","194","585","256","578","352","556","220","675","203","760","222","727","278","754","288","717","344","751","392","739","432","746","233","826","296","860","370","935","387","971","422","969","118","371"
"NL-0039-09-66-2024-K16-7244.dw.png","280","493","295","517","236","592","293","573","379","542","282","677","282","753","294","723","352","745","353","698","404","721","449","700","486","699","329","816","392","834","471","887","498","924","530","914","135","411"
"NL-0039-09-66-2024-K16-7245.dw.png","246","545","267","574","212","649","270","629","353","588","266","727","276","805","285","774","339","782","339","756","396","768","437","742","477","734","329","864","385","876","469","921","504","960","537","950","92","470"
"NL-0039-09-66-2024-K16-7246.dw.png","519","292","539","316","493","407","547","373","625","322","547","481","559","556","567","526","626","538","622","496","681","508","725","483","766","475","617","611","677","619","771","662","803","691","837","674","366","228"
"NL-0039-09-66-2024-K16-7247.dw.png","855","531","828","551","740","504","779","556","821","636","663","558","592","565","621","576","608","631","652","628","634","688","661","731","668","770","539","617","529","677","477","773","440","810","448","845","924","379"
"NL-0039-09-66-2024-K16-7248.dw.png","542","689","570","672","649","733","622","674","592","593","741","687","809","694","782","679","808","623","757","621","780","567","760","524","754","487","873","648","889","591","945","513","985","485","979","452","448","837"
"NL-0039-09-66-2024-K16-7249.dw.png","238","525","254","549","189","635","253","612","341","577","239","726","239","804","253","777","305","789","309","745","366","769","410","748","449","747","284","865","344","883","427","936","452","970","487","962","92","439"
"NL-0039-09-66-2024-K16-7250.dw.png","234","526","249","552","182","623","245","610","330","582","224","715","215","787","231","759","286","782","292","741","343","765","387","746","424","747","262","856","317","872","391","929","415","967","448","957","94","439"
"NL-0039-09-66-2024-K16-7251.dw.png","290","512","299","540","223","600","285","594","378","581","251","699","236","777","253","747","304","779","316","735","367","769","414","755","451","762","267","848","325","877","396","940","414","983","449","978","167","397"
"NL-0039-09-66-2024-K16-7252.dw.png","542","653","570","637","639","708","627","643","599","554","736","669","809","678","781","663","813","603","761","599","785","545","769","500","768","462","877","636","896","579","959","502","995","480","987","447","446","796"
"NL-0039-09-66-2024-K16-7253.dw.png","208","532","226","560","163","645","222","617","311","592","205","732","201","811","217","783","271","805","276","765","330","783","377","764","413","763","246","878","303","899","387","961","408","996","442","986","63","446"
"NL-0039-09-66-2024-K16-7254.dw.png","228","530","246","561","182","643","242","609","329","585","223","726","214","800","233","777","289","802","292","756","348","780","395","760","432","757","259","867","319","887","401","952","430","995","462","987","77","436"
"NL-0039-09-66-2024-K16-7255.dw.png","227","598","249","619","211","714","261","678","333","621","273","786","286","856","293","828","352","831","344","787","402","795","441","766","476","752","352","910","408","908","503","943","539","974","569","957","61","547"
"NL-0040-11-56-2024-K01-5431.dw.png","325","452","344","473","307","570","352","531","427","486","357","636","367","710","377","685","430","692","425","656","481","664","521","636","557","629","422","765","476","772","567","814","597","846","627","833","176","398"
"NL-0040-11-56-2024-K01-5432.dw.png","332","432","352","456","313","552","358","507","440","467","363","620","371","691","381","664","438","681","433","637","489","649","532","621","567","616","426","747","484","754","578","803","609","835","641","825","181","368"
"NL-0040-11-56-2024-K01-5433.dw.png","303","445","321","465","284","562","332","523","409","475","341","632","356","706","362","675","419","685","412","643","470","654","510","626","551","618","413","757","469","763","566","807","596","835","629","819","148","385"
"NL-0040-11-56-2024-K01-5434.dw.png","318","492","338","514","294","600","348","571","423","521","355","678","362","748","371","716","431","731","425","695","482","700","522","671","557","665","422","804","482","807","570","850","603","881","635","869","167","439"
"NL-0040-11-56-2024-K01-5435.dw.png","780","347","755","367","667","323","707","370","742","448","601","367","523","377","553","385","535","440","580","437","566","490","588","528","593","564","467","426","460","481","411","562","375","593","383","625","845","197"
"NL-0040-11-56-2024-K01-5436.dw.png","846","361","819","374","742","314","761","369","781","453","653","350","583","340","604","356","584","401","616","408","595","458","609","504","605","540","515","379","497","426","431","500","392","521","399","553","939","233"
"NL-0040-11-56-2024-K01-5437.dw.png","314","385","330","407","283","500","336","475","418","430","331","583","334","655","345","625","401","646","398","601","452","617","494","600","538","598","383","715","442","727","523","782","551","817","585","802","167","304"
"NL-0040-11-56-2024-K01-5438.dw.png","342","398","357","425","298","505","355","481","436","449","336","582","329","652","344","628","396","647","401","614","452","633","497","612","534","612","373","717","427","734","506","796","530","833","562","826","209","306"
"NL-0040-11-56-2024-K01-5439.dw.png","797","349","774","367","686","320","719","371","755","453","607","372","541","375","566","385","549","441","587","437","581","489","607","532","612","569","485","426","477","482","435","561","403","590","413","620","869","201"
"NL-0040-11-56-2024-K01-5440.dw.png","784","384","759","397","675","334","688","391","728","477","583","371","515","363","542","377","514","430","560","435","535","484","550","530","547","572","448","405","427","459","366","531","325","553","340","588","881","256"
"NL-0040-11-56-2024-K01-5441.dw.png","330","382","344","407","290","489","345","463","430","431","335","572","335","646","348","619","402","640","402","601","457","616","499","597","538","595","384","706","436","717","522","778","546","810","576","799","188","296"
"NL-0040-11-56-2024-K01-5442.dw.png","344","437","357","460","302","537","356","520","438","487","340","621","333","690","348","662","403","688","404","644","460","666","504","646","545","645","379","753","440","771","520","827","544","859","578","852","209","352"
"NL-0040-11-56-2024-K01-5443.dw.png","745","326","722","340","642","285","671","340","699","425","563","326","487","325","513","340","491","395","524","397","514","449","532","492","533","533","423","374","410","428","350","511","311","536","324","570","828","181"
"NL-0040-11-56-2024-K01-5444.dw.png","395","443","411","470","357","553","410","530","493","492","397","634","393","707","407","678","461","703","463","658","518","680","562","661","599","661","439","770","493","784","580","848","606","886","639","883","259","357"
"NL-0040-11-56-2024-K01-5445.dw.png","352","430","367","455","318","540","368","514","450","478","358","617","354","684","368","659","421","679","423","639","476","658","521","637","560","636","401","746","458","761","541","818","566","850","600","842","214","347"
"NL-0040-11-56-2024-K01-5446.dw.png","311","527","329","551","274","630","331","607","413","571","327","714","327","787","340","756","394","772","395","737","449","749","491","727","532","726","380","848","434","855","514","905","548","944","583","932","172","457"
"NL-0040-11-56-2024-K01-5447.dw.png","323","511","339","535","294","618","343","585","422","551","340","690","339","759","352","732","408","750","406","709","462","724","504","698","542","697","392","817","450","826","541","882","569","913","600","900","177","439"
"NL-0040-11-56-2024-K01-5448.dw.png","455","597","478","580","568","624","534","576","497","497","640","578","713","574","687","563","699","512","662","514","675","460","652","417","648","383","770","525","781","471","832","387","863","361","850","333","393","744"
"NL-0040-11-56-2024-K01-5449.dw.png","340","438","357","462","305","542","357","511","439","484","350","620","351","698","363","670","417","692","418","646","471","665","511","645","547","642","400","760","450","771","534","826","563","865","594","855","191","355"
"NL-0040-11-56-2024-K01-5450.dw.png","347","417","362","438","317","533","367","499","447","456","362","609","365","682","375","650","433","674","432","628","481","641","526","622","564","620","413","740","472","754","552","803","580","836","612","826","199","335"
"NL-0040-11-56-2024-K01-5451.dw.png","368","438","384","462","330","553","382","521","468","493","368","629","365","703","378","677","429","693","432","656","482","675","527","653","565","653","405","762","458","778","542","843","564","876","596","869","236","352"
"NL-0040-11-56-2024-K01-5452.dw.png","334","361","350","387","301","471","353","446","434","409","346","552","345","620","358","596","413","620","411","574","466","592","511","571","548","571","395","684","451","694","533","745","560","781","593","769","191","283"
"NL-0040-11-56-2024-K01-5453.dw.png","337","364","353","391","295","471","350","438","431","415","333","548","334","628","345","599","397","621","400","582","452","597","493","580","531","578","374","688","427","702","505","762","528","797","560","792","196","265"
"NL-0040-11-56-2024-K01-5454.dw.png","835","342","813","357","719","308","755","360","783","445","639","354","568","356","593","368","575","423","608","422","597","479","617","519","621","557","505","407","490","461","432","549","398","575","407","607","912","197"
"NL-0040-11-56-2024-K01-5455.dw.png","757","339","731","351","647","289","676","344","694","430","567","320","496","306","519","324","495","370","536","378","512","428","528","475","524","514","427","342","403","396","336","468","299","486","301","520","856","217"
"NL-0040-11-56-2024-K01-5456.dw.png","801","341","774","354","701","291","719","350","739","433","612","326","540","315","568","334","539","383","581","387","555","439","571","483","565","521","475","354","454","409","387","479","346","501","352","534","903","218"
"NL-0040-11-56-2024-K01-5457.dw.png","728","332","701","347","624","289","650","343","676","425","542","325","473","317","495","333","468","386","512","389","491","440","508","484","508","520","406","361","389","414","325","494","287","518","289","550","821","200"
"NL-0040-11-56-2024-K01-5458.dw.png","361","501","377","525","327","613","377","577","457","550","367","690","364","759","377","735","428","755","431","712","480","727","525","703","561","702","407","818","464","836","546","892","571","928","603","919","226","417"
"NL-0040-11-56-2024-K01-5459.dw.png","351","433","368","459","317","546","369","514","452","477","361","624","360","694","373","670","426","689","426","646","480","662","525","643","561","640","410","757","464","768","547","826","573","861","607","854","211","351"
"NL-0040-11-56-2024-K01-5460.dw.png","346","447","360","471","304","555","356","526","439","500","341","634","332","706","349","680","395","698","401","667","453","688","498","669","534","669","374","773","424","792","501","855","525","896","557","886","209","361"
"NL-0040-11-56-2024-K01-5461.dw.png","376","531","398","522","481","590","458","531","442","440","566","560","641","572","613","555","642","505","608","498","631","444","617","398","622","360","708","535","735","482","808","405","843","387","841","351","267","659"
"NL-0041-11-56-2024-K02-5478.dw.png","313","434","328","463","264","538","325","519","415","488","306","626","299","694","315","670","366","693","372","650","423","673","469","655","506","658","343","760","398","778","471","835","495","876","528","868","166","341"
"NL-0041-11-56-2024-K02-5479.dw.png","350","415","363","441","302","529","356","505","444","475","335","610","323","679","340","652","391","682","396","644","449","663","495","649","535","653","362","747","419","768","491","832","512","870","547","867","215","325"
"NL-0041-11-56-2024-K02-5480.dw.png","323","387","340","418","284","502","342","474","429","441","333","588","332","654","345","631","397","645","399","604","450","621","496","601","534","601","382","719","438","733","514","783","541","818","572","808","175","307"
"NL-0041-11-56-2024-K02-5481.dw.png","329","423","343","447","294","536","344","506","429","473","335","612","333","681","347","657","398","675","401","638","452","653","494","631","532","629","380","743","435","757","512","810","538","846","569","839","184","336"
"NL-0041-11-56-2024-K02-5482.dw.png","326","438","337","464","282","534","334","517","419","491","321","613","320","682","332","655","381","680","383","640","429","660","470","637","507","642","359","741","410","758","484","813","507","851","536","843","180","340"
"NL-0041-11-56-2024-K02-5483.dw.png","843","336","820","345","736","275","755","331","775","419","652","296","586","278","608","297","572","345","608","356","585","403","596","450","589","486","513","309","487","362","414","425","376","441","378","474","954","217"
"NL-0041-11-56-2024-K02-5484.dw.png","306","413","317","435","254","516","311","497","398","471","286","599","275","677","292","649","342","675","348","638","401","664","445","651","485","653","311","745","367","766","440","836","460","876","494","870","178","313"
"NL-0041-11-56-2024-K02-5485.dw.png","316","410","325","433","255","509","316","488","406","478","282","597","266","671","283","645","332","672","342","640","394","665","443","653","482","660","296","739","348","764","421","838","439","880","474","880","190","295"
"NL-0041-11-56-2024-K02-5486.dw.png","328","471","342","499","279","578","337","554","425","530","315","665","307","733","323","709","374","732","380","693","431","716","475","697","513","700","348","803","400","822","475","887","498","928","530","920","193","371"
"NL-0041-11-56-2024-K02-5487.dw.png","324","467","337","496","273","566","331","552","416","532","302","650","289","729","305","701","357","731","365","689","415","713","462","700","498","708","321","791","378","815","453","889","470","924","504","921","195","370"
"NL-0041-11-56-2024-K02-5488.dw.png","311","454","322","481","257","562","316","541","405","516","289","643","276","716","294","689","344","712","351","680","403","705","451","690","489","693","310","782","367","806","439","874","457","907","491","901","174","355"
"NL-0041-11-56-2024-K02-5489.dw.png","293","413","306","444","243","524","302","503","391","481","279","611","269","674","284","651","334","672","341","634","390","662","437","646","475","651","307","741","359","761","433","828","454","865","486","863","159","313"
"NL-0041-11-56-2024-K02-5490.dw.png","329","431","338","462","263","526","324","514","413","505","285","616","264","682","284","659","328","693","341","655","386","687","433","676","469","686","292","754","339","779","402","859","416","897","449","897","211","314"
"NL-0041-11-56-2024-K02-5491.dw.png","354","443","364","467","295","541","355","527","438","503","321","629","305","696","322","670","370","693","379","670","428","693","476","684","511","689","331","759","385","787","450","862","467","901","501","895","227","339"
"NL-0041-11-56-2024-K02-5492.dw.png","324","428","336","451","271","530","328","506","413","481","301","609","289","682","307","654","358","682","364","642","416","665","463","651","500","652","326","752","383","775","453","837","469","868","503","866","192","327"
"NL-0041-11-56-2024-K02-5493.dw.png","340","431","348","460","272","514","335","510","425","507","295","610","277","679","296","659","342","687","353","651","400","680","446","670","483","679","305","750","356","780","414","849","430","891","463","890","219","314"
"NL-0041-11-56-2024-K02-5494.dw.png","290","408","303","435","244","523","298","499","385","468","277","600","269","675","284","646","336","673","341","631","394","655","437","640","477","642","308","739","365","757","438","822","458","859","491","852","155","316"
"NL-0041-11-56-2024-K02-5495.dw.png","333","429","342","455","269","520","328","512","418","501","289","607","267","686","288","660","335","688","345","658","395","690","443","680","480","691","292","752","346","783","411","865","427","907","462","907","218","310"
"NL-0041-11-56-2024-K02-5496.dw.png","315","458","325","482","253","558","316","538","404","527","281","646","263","713","283","689","332","717","341","679","390","711","437","700","474","707","296","784","348","811","414","880","431","918","464","910","181","353"
"NL-0041-11-56-2024-K02-5497.dw.png","310","458","324","481","267","570","321","542","409","513","303","646","295","718","311","692","363","720","367","678","419","698","463","679","503","681","334","783","392","801","467","867","488","903","521","894","173","373"
"NL-0041-11-56-2024-K02-5498.dw.png","286","462","300","488","240","570","298","548","388","520","277","654","268","732","285","703","339","730","343","687","396","705","442","688","482","694","304","792","365","813","443","880","465","917","500","915","143","367"
"NL-0041-11-56-2024-K02-5499.dw.png","305","463","323","490","276","582","328","547","407","507","322","655","326","728","337","699","390","714","389","673","443","689","487","667","527","664","374","787","432","797","514","847","540","880","574","868","152","392"
"NL-0041-11-56-2024-K02-5500.dw.png","299","443","311","469","250","548","308","528","395","501","289","633","281","702","297","676","348","703","352","664","403","686","447","667","485","668","323","770","374","787","449","851","473","891","506","885","160","347"
"NL-0041-11-56-2024-K02-5501.dw.png","299","488","312","515","247","587","307","573","393","547","282","677","272","758","289","728","342","750","347","714","402","736","450","721","490","724","308","822","367","847","449","919","468","953","504","951","162","394"
"NL-0041-11-56-2024-K02-5502.dw.png","272","488","286","513","226","590","285","569","371","539","267","673","263","755","277","726","331","747","335","710","389","726","436","706","475","706","302","813","361","834","445","898","467","932","501","924","121","398"
"NL-0041-11-56-2024-K02-5503.dw.png","301","468","315","496","253","568","311","550","398","526","288","654","279","735","296","706","348","728","353","694","407","713","453","695","491","699","314","794","374","816","452","883","473","918","506","912","162","371"
"NL-0041-11-56-2024-K02-5505.dw.png","294","493","311","519","253","597","311","575","395","541","300","683","296","755","310","726","360","740","364","703","419","723","463","703","503","702","341","813","402","831","478","886","507","924","540","915","146","413"
"NL-0041-11-56-2024-K02-5506.dw.png","293","481","307","511","243","593","302","566","392","539","279","679","272","750","286","722","339","747","346","707","398","733","447","714","486","718","312","819","368","841","447","910","468","947","503","941","152","387"
"NL-0041-11-56-2024-K02-5507.dw.png","290","484","304","506","252","599","305","571","387","532","296","681","295","755","308","725","359","741","362","712","416","721","458","701","498","700","338","813","397","829","476","890","500","925","534","917","148","406"
"NL-0041-11-56-2024-K02-5508.dw.png","319","444","332","474","269","552","327","532","415","509","302","637","291","717","308","690","359","710","365","679","419","699","465","683","506","689","326","780","383","804","462","874","482","912","518","910","185","344"
"NL-0042-11-56-2024-K03-5510.dw.png","256","492","270","515","207","592","266","552","348","544","242","673","233","737","249","713","301","737","306","701","358","721","404","707","439","708","274","803","324","816","403","883","425","920","458","914","119","404"
"NL-0042-11-56-2024-K03-5511.dw.png","313","437","326","460","271","545","326","515","412","494","311","627","306","695","320","669","370","686","374","652","427","670","472","654","510","656","347","755","397","771","480","837","503","872","537","866","174","350"
"NL-0042-11-56-2024-K03-5512.dw.png","322","421","337","445","283","533","338","504","419","471","326","612","320","676","334","653","389","670","392","636","443","653","487","630","520","627","363","733","422","750","504","809","525","841","558","837","181","340"
"NL-0042-11-56-2024-K03-5514.dw.png","348","428","360","449","297","530","359","498","440","475","335","610","333","681","343","653","399","678","403","641","456","658","499","642","533","639","374","740","428","757","504","817","527","853","560","850","209","333"
"NL-0042-11-56-2024-K03-5515.dw.png","328","429","341","453","281","530","340","501","425","484","323","616","319","685","332","659","384","682","387","639","440","662","486","647","522","648","361","747","412","765","495","830","515","864","548","859","185","339"
"NL-0042-11-56-2024-K03-5516.dw.png","308","430","323","456","256","531","320","502","403","490","296","620","289","689","303","663","358","689","362","646","416","671","460","655","496","655","331","751","389","771","462","830","485","868","520","862","164","341"
"NL-0042-11-56-2024-K03-5517.dw.png","313","454","330","476","283","563","338","526","417","497","332","637","337","707","347","680","405","691","401","649","457","667","499","645","536","642","388","761","448","772","532","818","562","853","595","841","160","388"
"NL-0042-11-56-2024-K03-5518.dw.png","308","491","319","516","251","584","314","562","395","550","282","673","269","738","286","714","340","743","346","700","395","727","439","712","476","715","306","804","363","826","432","887","450","921","486","917","175","393"
"NL-0042-11-56-2024-K03-5519.dw.png","324","464","332","492","260","561","320","538","409","539","281","645","261","707","280","688","327","719","338","683","386","712","432","701","468","713","287","776","339","806","402","880","416","918","451","920","208","353"
"NL-0042-11-56-2024-K03-5520.dw.png","331","426","342","451","272","517","334","500","420","489","302","604","287","671","305","649","355","674","363","637","412","667","461","655","495","659","320","737","371","760","443","834","460","871","494","869","202","313"
"NL-0042-11-56-2024-K03-5521.dw.png","342","442","353","467","292","544","349","516","438","500","327","624","319","696","334","669","386","689","390","652","443","677","489","661","527","664","357","757","413","777","491","844","511","880","545","874","204","353"
"NL-0042-11-56-2024-K03-5522.dw.png","313","412","326","437","263","504","323","491","406","466","303","592","300","660","312","635","365","659","368","617","419","641","461","625","498","629","337","721","393","739","465","798","485","830","520","824","175","323"
"NL-0042-11-56-2024-K03-5523.dw.png","320","443","336","468","285","550","338","517","419","485","333","629","333","698","345","672","398","685","398","646","450","662","493","640","529","637","379","752","433","763","517","819","542","850","574","840","177","367"
"NL-0042-11-56-2024-K03-5524.dw.png","324","493","340","516","284","597","340","566","424","538","329","679","326","747","339","721","394","743","395","701","449","717","493","695","529","693","373","807","430","824","513","882","537","913","568","906","184","416"
"NL-0042-11-56-2024-K03-5525.dw.png","323","502","338","528","278","608","337","575","422","553","319","688","315","760","329","733","384","755","386","714","440","732","487","713","525","713","356","820","414","839","497","903","522","943","555","932","177","415"
"NL-0042-11-56-2024-K03-5526.dw.png","345","470","359","492","302","576","359","548","446","520","344","655","340","727","354","701","410","721","413","682","467","703","513","679","551","679","385","788","441","806","529","870","553","905","586","898","200","386"
"NL-0042-11-56-2024-K03-5527.dw.png","314","464","329","491","271","572","329","541","413","520","314","655","311","722","324","698","376","720","380","677","431","700","476","680","512","679","353","784","405","799","488","863","510","898","544","889","171","375"
"NL-0042-11-56-2024-K03-5528.dw.png","328","433","337","457","269","529","331","504","414","498","298","615","284","681","302","657","350","687","359","642","410","676","454","665","490","669","318","746","374","773","440","835","460","875","496","872","201","331"
"NL-0042-11-56-2024-K03-5529.dw.png","353","423","365","449","300","524","358","498","440","484","330","610","316","671","332","649","380","678","389","641","437","666","482","653","519","657","347","738","399","759","467","831","488","874","521","873","225","320"
"NL-0042-11-56-2024-K03-5530.dw.png","332","455","343","478","279","553","337","525","421","517","308","637","295","703","311","681","362","705","369","668","420","693","467","678","502","681","329","767","385","791","460","863","478","896","511","890","203","353"
"NL-0042-11-56-2024-K03-5531.dw.png","341","438","357","462","303","541","357","511","439","486","343","617","340","688","353","661","405","680","409","645","459","663","503","639","538","639","383","746","438","760","523","823","542","851","575","845","202","358"
"NL-0042-11-56-2024-K03-5532.dw.png","851","346","826","362","733","310","778","364","803","450","659","355","589","356","616","368","598","422","635","421","621","477","643","521","646","558","534","402","519","459","465","541","431","567","443","600","934","197"
"NL-0042-11-56-2024-K03-5533.dw.png","374","392","387","416","328","495","385","472","471","445","368","579","361","646","376","622","429","642","432","603","484","624","530","604","570","605","404","709","460","725","537","783","561","817","595","810","233","296"
"NL-0042-11-56-2024-K03-5534.dw.png","344","414","357","440","292","504","354","492","439","469","327","592","323","662","336","640","387","660","394","625","447","650","492","637","531","640","360","721","412","740","487","799","506","830","538","823","210","318"
"NL-0042-11-56-2024-K03-5535.dw.png","350","432","361","453","300","526","359","502","443","481","341","610","335","676","349","651","403","674","406","642","460","664","504","646","541","649","377","739","431","757","509","823","530","859","566","856","212","341"
"NL-0042-11-56-2024-K03-5536.dw.png","331","490","345","514","280","589","342","568","427","540","318","673","314","747","326","719","382","742","386","701","440","722","485","707","523","707","355","812","411","829","489","893","510","927","544","925","195","394"
"NL-0042-11-56-2024-K03-5537.dw.png","336","455","347","481","280","553","339","532","427","519","311","639","297","709","315","685","367","716","374","677","425","701","472","687","509","690","334","776","389","802","465","873","482","908","517","901","203","350"
"NL-0042-11-56-2024-K03-5538.dw.png","337","480","349","501","293","584","348","549","432","531","335","664","332","735","344","709","398","731","400","689","452","708","496","688","533","688","375","796","428","812","511","875","535","911","568","903","196","388"
"NL-0042-11-56-2024-K03-5539.dw.png","348","461","362","488","300","566","358","538","444","519","337","650","330","722","344","696","397","720","403","679","454","702","500","683","536","685","368","782","425","805","503","873","525","911","558","904","211","370"
"NL-0042-11-56-2024-K03-5540.dw.png","363","456","375","478","312","558","369","528","456","515","345","638","335","710","351","678","404","711","410","673","461","697","508","678","549","683","375","779","428","798","506","863","528","900","563","896","233","358"
"NL-0043-11-56-2024-K04-5541.dw.png","272","498","286","518","232","603","288","580","374","543","278","686","278","762","289","728","347","750","348","706","403","724","446","706","485","700","329","825","383","837","468","891","496","927","530","915","121","417"
"NL-0043-11-56-2024-K04-5542.dw.png","288","459","303","478","256","562","313","538","395","490","313","644","326","719","332","688","390","701","386","656","441","669","484","647","522","639","377","772","438","781","525","826","554","858","587","845","131","394"
"NL-0043-11-56-2024-K04-5543.dw.png","266","526","287","545","258","642","304","600","376","546","325","710","341","782","346","751","406","757","397","716","451","715","487","682","524","670","403","828","461","824","547","850","584","879","613","860","104","486"
"NL-0043-11-56-2024-K04-5544.dw.png","252","501","267","522","209","594","269","572","348","537","258","677","260","748","271","718","329","742","329","701","382","714","424","690","460","684","310","810","368","820","443","864","469","895","501","883","101","428"
"NL-0043-11-56-2024-K04-5545.dw.png","288","513","303","539","239","615","302","592","388","562","283","701","277","772","293","745","352","772","356","732","411","748","453","724","495","721","326","836","384","850","464","908","493","949","527","934","139","424"
"NL-0043-11-56-2024-K04-5546.dw.png","283","507","298","537","233","611","292","591","381","568","269","698","260","776","276","748","331","778","336","733","388","751","433","733","473","733","301","842","360","859","434","916","457","956","492","943","145","416"
"NL-0043-11-56-2024-K04-5547.dw.png","726","314","701","326","628","260","648","320","669","406","539","296","468","286","497","302","468","356","511","361","487","413","502","457","500","497","403","322","379","382","316","454","280","474","283","509","820","184"
"NL-0043-11-56-2024-K04-5548.dw.png","275","496","289","518","226","601","288","583","377","550","268","693","261","764","275","733","332","756","335","717","390","736","437","717","479","717","302","825","362","844","443","905","467","944","501","934","127","406"
"NL-0043-11-56-2024-K04-5549.dw.png","718","304","695","317","619","255","637","318","672","405","525","302","452","302","482","314","461","371","506","373","486","428","504","472","509","515","391","346","374","408","320","487","283","514","296","548","803","154"
"NL-0043-11-56-2024-K04-5550.dw.png","759","291","738","302","665","234","686","295","704","383","577","269","509","259","536","275","508","329","537","336","518","388","534","432","533","470","442","297","419","354","355","426","315","448","320","482","858","155"
"NL-0043-11-56-2024-K04-5551.dw.png","299","445","312","473","241","543","307","531","393","501","281","635","273","709","289","681","345","704","348","671","405","690","449","677","492","679","316","775","371","793","448","856","473","895","508","889","158","346"
"NL-0043-11-56-2024-K04-5552.dw.png","289","464","305","490","247","572","308","547","391","505","297","654","299","726","311","696","369","710","371","677","429","689","473","665","515","664","351","787","410","797","494","846","524","882","557","871","135","388"
"NL-0043-11-56-2024-K04-5553.dw.png","288","477","305","499","258","594","311","561","386","513","303","669","304","733","315","710","374","729","373","687","427","700","469","682","507","675","355","795","409","804","490","855","518","890","549","874","137","405"
"NL-0043-11-56-2024-K04-5554.dw.png","295","417","307","442","238","512","299","495","384","476","273","606","262","671","278","647","333","671","338","633","392","661","434","646","476","647","303","740","357","757","426","815","450","857","484","852","160","319"
"NL-0043-11-56-2024-K04-5555.dw.png","295","467","307","491","244","568","303","550","386","521","276","648","263","715","280","689","335","715","341","684","396","707","439","692","477","694","307","787","360","803","434","869","459","911","493","907","151","374"
"NL-0043-11-56-2024-K04-5556.dw.png","291","534","302","559","233","626","295","606","380","587","265","716","250","783","268","756","321","786","328","747","382","773","428","758","467","759","288","855","344","877","415","939","438","983","473","978","156","436"
"NL-0043-11-56-2024-K04-5557.dw.png","272","502","281","528","206","589","268","586","357","570","227","685","206","757","227","727","276","763","290","716","338","754","382","748","424","754","235","829","290","857","354","925","372","974","409","970","149","390"
"NL-0043-11-56-2024-K04-5558.dw.png","273","454","287","475","229","558","287","539","372","501","270","641","271","716","282","686","340","706","341","663","398","684","440","672","479","668","318","777","374","792","455","849","481","886","513","875","125","365"
"NL-0043-11-56-2024-K04-5559.dw.png","319","441","339","469","292","562","343","524","421","484","339","632","341","704","351","673","410","693","408","652","461","662","503","639","541","635","392","762","448","768","531","816","559","848","592","838","165","372"
"NL-0043-11-56-2024-K04-5560.dw.png","290","444","305","465","245","544","307","520","387","485","291","627","289","701","302","673","361","693","363","658","419","675","462","652","502","648","339","763","394","776","475","831","503","868","537","857","140","362"
"NL-0043-11-56-2024-K04-5561.dw.png","334","465","347","493","280","559","341","547","422","522","312","647","299","716","316","688","370","715","376","679","425","708","470","693","508","698","335","780","387","800","460","868","483","908","516","899","200","370"
"NL-0043-11-56-2024-K04-5564.dw.png","778","309","754","321","677","256","699","318","724","406","589","291","515","283","543","297","515","355","552","361","534","414","553","461","551","502","447","323","428","380","361","459","328","480","334","517","878","169"
"NL-0043-11-56-2024-K04-5566.dw.png","773","332","748","348","668","288","688","346","727","429","585","331","516","327","545","340","516","398","555","400","540","452","561","495","563","534","453","371","438","428","380","507","347","531","356","564","856","188"
"NL-0043-11-56-2024-K04-5567.dw.png","328","463","341","487","278","568","340","542","422","510","320","654","314","722","328","697","384","720","388","682","442","702","486","684","528","685","358","790","415","805","493","860","519","900","554","895","189","373"
"NL-0043-11-56-2024-K04-5568.dw.png","292","470","309","499","246","576","310","555","392","517","296","662","294","735","306","706","365","722","366","692","424","707","469","689","510","688","341","798","401","812","484","867","512","907","549","899","137","385"
"NL-0043-11-56-2024-K04-5569.dw.png","317","528","328","552","260","622","323","610","410","586","296","711","287","778","302","751","357","784","364","747","414","767","458","748","496","747","327","847","383","866","451","922","476","964","510","952","183","437"
"NL-0043-11-56-2024-K04-5570.dw.png","692","305","674","319","596","262","614","320","652","402","507","306","434","303","465","315","445","372","493","373","469","429","485","473","489","511","369","353","356","407","294","493","258","518","272","551","774","163"
"NL-0043-11-56-2024-K04-5571.dw.png","284","514","299","538","240","609","304","596","381","553","289","695","288","762","300","736","362","760","361","720","416","732","456","710","494","705","343","827","399","836","478","881","506","915","538","900","140","446"
"NL-0043-11-56-2024-K04-5572.dw.png","280","472","293","496","224","567","287","555","378","526","259","657","251","732","265","700","322","728","329","683","382","713","430","702","470","701","290","800","346","822","426","890","448","926","484","920","137","370"
"NL-0043-11-56-2024-K04-5574.dw.png","285","445","299","464","242","547","303","525","388","489","292","631","290","703","304","672","361","695","362","655","417","671","459","649","499","643","338","760","398","775","478","825","504","859","536","848","132","368"
"NL-0044-11-56-2024-K05-5575.dw.png","325","445","335","471","259","537","322","527","414","515","287","631","272","704","291","677","341","702","350","676","401","703","446","686","486","694","306","772","355","794","426","871","443","906","478","903","196","335"
"NL-0044-11-56-2024-K05-5576.dw.png","315","424","327","452","258","521","319","509","410","485","291","614","283","690","299","664","351","689","356","651","410","678","456","661","496","663","319","754","374","775","451","845","471","882","505","877","185","319"
"NL-0044-11-56-2024-K05-5577.dw.png","367","408","378","437","305","509","368","493","462","476","336","600","324","670","341","644","393","670","399","640","451","665","499","649","538","654","359","736","412","760","485","833","503","866","538","860","232","302"
"NL-0044-11-56-2024-K05-5578.dw.png","397","391","405","417","335","486","395","470","482","451","362","570","346","639","364","613","413","642","424","610","475","639","523","624","562","628","380","708","433","732","509","804","526","839","562","838","264","272"
"NL-0044-11-56-2024-K05-5579.dw.png","366","468","377","491","315","570","372","537","456","523","347","649","335","715","352","691","404","712","410","681","465","705","511","686","551","689","378","783","430","802","512","872","535","907","568","901","230","365"
"NL-0044-11-56-2024-K05-5580.dw.png","362","363","379","393","317","472","376","456","467","422","360","562","356","634","370","603","424","625","428","588","483","608","528","585","570","587","395","690","455","704","539","765","565","800","600","793","217","272"
"NL-0044-11-56-2024-K05-5581.dw.png","349","396","366","427","302","505","363","486","452","458","347","598","344","671","357","641","412","666","415","625","471","647","513","623","554","622","386","732","440","744","527","811","552","847","587","838","208","306"
"NL-0044-11-56-2024-K05-5582.dw.png","359","446","372","475","308","553","368","523","453","503","345","636","339","708","353","679","407","707","412","662","464","688","509","669","548","670","378","768","434","787","512","847","534","882","568","876","223","358"
"NL-0044-11-56-2024-K05-5583.dw.png","417","423","431","453","367","522","427","509","517","485","404","615","397","689","412","660","465","682","469","648","526","675","571","656","613","659","437","753","492","770","573","840","598","879","634","875","287","324"
"NL-0044-11-56-2024-K05-5584.dw.png","382","402","394","433","321","498","384","493","477","473","353","598","340","670","357","642","408","665","415","639","469","665","517","648","554","654","374","734","427","756","502","833","522","872","558","869","256","294"
"NL-0044-11-56-2024-K05-5586.dw.png","346","402","359","432","294","513","353","490","444","468","328","600","317","667","333","641","386","667","392","631","444","654","488","639","530","640","355","732","407","752","482","820","503","857","539","853","210","311"
"NL-0044-11-56-2024-K05-5587.dw.png","368","451","384","479","321","555","382","541","470","509","364","645","359","720","373","688","428","709","433","679","487","702","531","683","571","688","401","783","458","799","538","868","563","907","598","899","224","355"
"NL-0044-11-56-2024-K05-5588.dw.png","325","436","340","463","278","539","338","512","425","487","323","630","321","700","334","670","391","695","392","655","447","675","488","655","527","657","366","760","426","775","507","837","530","866","561","858","183","344"
"NL-0044-11-56-2024-K05-5589.dw.png","353","442","369","469","306","550","368","529","456","494","352","642","350","715","362","684","417","707","420","675","475","688","521","664","563","663","393","776","447","790","533","853","556","886","591","878","209","347"
"NL-0044-11-56-2024-K05-5590.dw.png","362","396","374","430","305","498","365","486","458","466","337","591","326","668","343","642","394","667","402","633","455","658","500","641","541","648","361","732","416","753","491","825","511","863","548","864","232","287"
"NL-0044-11-56-2024-K05-5591.dw.png","357","480","368","514","304","576","362","568","447","541","331","656","320","719","336","696","388","728","396","691","449","717","497","697","539","700","366","797","412","814","488","878","512","922","549","918","227","369"
"NL-0044-11-56-2024-K05-5592.dw.png","320","445","334","472","276","553","332","525","417","498","318","640","315","709","328","684","383","706","386","669","440","689","482","669","521","667","358","773","415","788","497","856","522","890","553","884","180","356"
"NL-0044-11-56-2024-K05-5593.dw.png","315","417","333","445","278","524","335","496","419","464","331","609","335","683","344","652","400","673","400","632","455","647","497","621","535","617","383","741","439","751","523","806","553","843","586","834","162","336"
"NL-0044-11-56-2024-K05-5594.dw.png","365","442","380","471","320","557","380","530","469","496","365","643","360","713","374","682","430","704","434","667","488","693","534","667","576","667","404","776","463","791","545","853","570","890","607","884","218","353"
"NL-0044-11-56-2024-K05-5595.dw.png","331","457","346","485","288","577","342","537","433","514","326","652","321","729","336","700","391","727","395","682","448","705","493","684","535","685","364","793","420","809","506","879","527","910","561","904","187","370"
"NL-0044-11-56-2024-K05-5596.dw.png","362","455","376","480","315","553","373","535","454","506","354","634","348","708","364","682","413","701","418","671","474","694","515","676","555","677","391","773","444","790","524","862","547","898","580","892","227","355"
"NL-0044-11-56-2024-K05-5597.dw.png","358","355","371","385","308","457","366","445","455","418","343","543","335","618","351","591","402","613","407","579","461","606","506","587","545","591","372","678","425","697","500","762","522","799","558","797","224","262"
"NL-0044-11-56-2024-K05-5598.dw.png","398","386","410","419","341","484","402","470","489","453","377","574","368","648","384","622","434","646","439","609","490","638","535","619","572","624","405","713","455","729","529","796","551","837","584","832","271","280"
"NL-0044-11-56-2024-K05-5599.dw.png","356","396","373","426","313","502","371","480","453","448","356","586","352","656","365","626","421","654","422","615","474","635","518","612","555","610","396","718","452","733","530","796","554","829","585","820","214","304"
"NL-0044-11-56-2024-K05-5600.dw.png","328","421","342","447","285","530","341","497","426","475","327","613","321","681","336","653","389","678","392","640","449","662","494","639","533","637","367","744","420","759","508","824","535","862","569","851","183","323"
"NL-0044-11-56-2024-K05-5601.dw.png","391","453","402","486","329","547","393","535","479","524","358","638","344","708","361","685","413","715","420","677","470","706","514","694","552","700","376","775","428","797","499","873","520","918","554","908","267","345"
"NL-0044-11-56-2024-K05-5602.dw.png","364","427","378","449","319","536","378","509","463","475","364","620","361","688","374","661","430","682","432","643","489","659","533","636","574","635","410","750","466","763","556","825","579","856","615","849","218","334"
"NL-0044-11-56-2024-K05-5603.dw.png","344","409","363","436","308","518","367","496","450","456","360","605","364","675","375","647","432","664","432","628","488","645","528","620","567","616","413","734","469","743","554","798","584","834","617","825","198","331"
"NL-0044-11-56-2024-K05-5604.dw.png","348","400","361","425","299","509","358","480","446","452","339","590","332","658","347","633","402","659","405","616","462","638","507","617","547","619","375","722","431","736","514","799","539","837","573","828","202","304"
"NL-0044-11-56-2024-K05-5605.dw.png","381","452","398","481","342","567","399","541","485","501","391","654","389","720","401","691","458","710","459","674","515","694","558","668","598","666","435","778","493","794","581","855","608","890","641","878","233","372"
"NL-0045-11-56-2024-K06-5609.dw.png","362","479","374","506","308","584","370","556","461","539","342","663","333","744","350","712","404","739","411","707","465","728","510","714","552","715","375","814","434","834","506","904","529","943","563","942","226","375"
"NL-0045-11-56-2024-K06-5611.dw.png","340","445","352","467","286","545","348","522","437","500","325","630","320","706","335","675","388","702","393","670","447","688","491","669","532","672","361","769","416","788","498","858","520","897","554","891","195","347"
"NL-0045-11-56-2024-K06-5612.dw.png","362","415","375","437","311","518","373","491","461","469","350","602","344","675","358","645","412","669","418","634","471","656","514","637","555","640","385","739","445","761","518","820","539","854","574","851","216","320"
"NL-0045-11-56-2024-K06-5614.dw.png","438","553","461","541","546","609","521","547","494","453","630","574","711","578","680","564","705","507","669","503","688","444","669","397","671","354","777","536","792","481","863","395","900","373","891","337","333","703"
"NL-0045-11-56-2024-K06-5615.dw.png","351","416","364","442","293","518","357","491","446","475","326","601","317","677","334","649","389","673","397","636","451","663","496","647","536","649","354","739","413","762","491","830","512","868","546","863","200","309"
"NL-0045-11-56-2024-K06-5616.dw.png","366","405","383","431","318","512","380","477","469","457","358","595","354","669","368","637","424","657","428","628","485","645","530","624","573","623","396","729","453","742","541","810","563","842","600","838","218","313"
"NL-0045-11-56-2024-K06-5617.dw.png","374","388","385","420","314","487","376","471","465","460","345","575","333","650","350","622","399","650","407","620","457","646","503","629","540","632","366","718","419","741","485","806","502","844","537","841","245","283"
"NL-0045-11-56-2024-K06-5618.dw.png","361","383","372","409","304","487","363","466","456","447","334","569","321","640","339","609","389","640","398","610","449","633","494","616","534","623","356","706","413","733","483","801","502","838","537","833","222","270"
"NL-0045-11-56-2024-K06-5619.dw.png","366","429","376","452","303","525","368","510","461","491","332","614","319","687","336","661","391","692","399","654","454","684","501","668","541","672","356","757","410","780","486","857","505","893","540","892","226","309"
"NL-0045-11-56-2024-K06-5620.dw.png","337","426","351","450","292","531","349","509","436","481","330","613","322","685","337","654","389","679","394","643","449","670","494","655","533","654","362","748","418","766","495","830","519","867","553","862","194","331"
"NL-0045-11-56-2024-K06-5621.dw.png","361","397","373","421","305","500","368","475","458","456","341","586","331","655","347","628","399","653","405","619","459","646","504","628","547","631","369","720","423","737","499","807","521","842","557","840","226","295"
"NL-0045-11-56-2024-K06-5622.dw.png","371","434","381","461","310","532","373","508","467","500","344","618","334","695","351","668","404","700","410","664","464","689","510","673","552","678","373","763","427","786","507","859","526","898","560","894","231","324"
"NL-0045-11-56-2024-K06-5624.dw.png","332","439","344","460","275","541","337","517","430","495","308","630","295","700","312","672","366","701","373","672","428","692","478","672","519","679","335","770","389","790","467","863","487","900","523","894","198","327"
"NL-0045-11-56-2024-K06-5625.dw.png","400","421","419","444","374","536","427","498","508","449","427","604","439","680","447","648","507","664","503","623","564","634","602","609","644","600","497","738","555","742","647","793","675","821","709","809","244","352"
"NL-0045-11-56-2024-K06-5626.dw.png","334","445","347","470","280","550","343","525","433","507","323","639","317","713","331","682","386","714","390","676","445","695","489","676","530","677","359","777","412","794","496","866","518","901","554","896","189","352"
"NL-0045-11-56-2024-K06-5627.dw.png","367","378","379","401","314","477","374","456","464","431","352","566","344","633","360","603","411","630","417","598","469","619","514","599","555","601","384","695","438","712","515","776","535","809","568","808","230","276"
"NL-0045-11-56-2024-K06-5628.dw.png","355","457","369","486","298","553","362","540","456","519","334","643","325","720","342","690","395","712","402","681","456","706","502","689","545","691","362","786","422","810","495","883","515","920","550","919","215","353"
"NL-0045-11-56-2024-K06-5629.dw.png","365","433","377","459","309","534","371","517","463","491","344","620","340","701","354","673","409","700","413","661","470","683","515","666","556","667","380","767","435","785","519","859","539","892","575","888","224","319"
"NL-0045-11-56-2024-K06-5630.dw.png","356","443","369","465","305","550","367","514","455","492","346","632","341","707","356","677","412","699","415","662","472","683","515","662","559","661","384","769","444","787","524","848","548","884","584","878","205","347"
"NL-0045-11-56-2024-K06-5631.dw.png","376","437","390","461","330","540","388","518","475","491","370","623","365","699","379","666","434","698","439","658","492","685","537","666","575","666","411","766","463","783","547","853","570","887","604","882","233","340"
"NL-0045-11-56-2024-K06-5632.dw.png","362","397","374","422","305","493","368","465","458","457","343","584","332","655","350","626","404","655","408","618","463","640","507","622","548","626","372","720","427","739","499","805","521","842","556","839","220","299"
"NL-0045-11-56-2024-K06-5633.dw.png","746","356","720","368","646","301","673","364","691","452","563","339","485","335","518","348","487","406","523","409","503","465","524","510","523","548","424","375","403","433","333","514","296","537","303","570","838","209"
"NL-0045-11-56-2024-K06-5634.dw.png","337","483","350","505","288","584","345","558","439","539","326","664","320","738","334","705","391","736","394","699","448","717","492","698","536","701","366","807","424","825","499","885","523","923","558","917","190","382"
"NL-0045-11-56-2024-K06-5635.dw.png","356","395","368","421","298","498","362","478","458","456","334","585","328","666","342","635","397","664","404","623","461","651","508","635","551","636","368","728","423","747","507","822","529","859","565","854","209","289"
"NL-0045-11-56-2024-K06-5636.dw.png","365","517","378","539","316","619","377","591","460","564","359","705","355","773","368","745","422","763","428","730","481","751","525","726","565","726","399","835","457","848","538","913","561","944","596","941","226","429"
"NL-0045-11-56-2024-K06-5637.dw.png","339","458","355","485","294","567","353","542","440","509","337","650","333","721","348","694","402","706","405","678","464","699","510","678","551","677","380","784","437","799","524","863","551","899","585","890","191","361"
"NL-0045-11-56-2024-K06-5638.dw.png","368","424","380","451","310","521","375","497","461","483","345","608","335","678","352","646","403","674","410","643","463","666","507","649","545","655","373","740","428","760","500","824","521","862","557","856","227","325"
"NL-0045-11-56-2024-K06-5639.dw.png","335","412","349","439","284","518","344","490","434","473","322","607","316","681","330","653","382","673","387","641","442","664","486","647","527","650","355","745","409","765","484","829","504","861","538","856","194","311"
"NL-0045-11-56-2024-K06-5640.dw.png","370","417","381","443","311","517","374","496","465","480","347","605","339","680","355","650","408","680","415","644","468","668","511","648","551","651","379","745","435","765","510","835","530","870","564","864","230","315"
"NL-0046-11-56-2024-K07-5641.dw.png","402","366","414","399","347","468","405","456","497","428","380","558","373","629","387","606","440","635","446","601","498","622","544","609","583","609","413","701","462","721","541","792","562","830","593","827","269","257"
"NL-0046-11-56-2024-K07-5642.dw.png","393","461","404","490","334","561","392","548","480","530","358","649","343","719","360","694","411","731","418","685","469","717","517","708","555","713","378","790","428","815","500","891","519","931","555","923","279","351"
"NL-0046-11-56-2024-K07-5643.dw.png","341","447","350","475","277","543","336","530","422","511","297","628","279","692","297","673","346","708","354","667","404","698","450","692","488","699","308","763","357","789","425","870","439","906","474","903","225","328"
"NL-0046-11-56-2024-K07-5644.dw.png","366","414","376","441","309","505","367","493","456","474","339","595","329","670","345","643","398","673","401","636","454","661","499","649","538","650","369","739","419","759","495","825","515","862","548","854","233","301"
"NL-0046-11-56-2024-K07-5645.dw.png","362","416","377","446","316","514","371","497","453","471","347","601","338","664","353","639","405","671","410","636","461","658","504","641","537","641","377","731","428","750","500","812","520","848","551","847","234","314"
"NL-0046-11-56-2024-K07-5646.dw.png","372","437","386","469","324","547","381","531","472","500","359","637","350","706","365","678","419","711","425","668","478","697","525","676","565","676","392","776","449","802","529","871","549","906","584","898","240","333"
"NL-0046-11-56-2024-K07-5647.dw.png","333","458","349","482","301","571","353","541","433","499","344","649","346","718","357","694","415","713","410","667","467","688","510","668","548","662","393","777","452","792","536","853","564","887","598","876","190","372"
"NL-0046-11-56-2024-K07-5648.dw.png","389","412","400","436","331","502","393","497","483","470","363","603","353","677","368","649","421","671","427","638","482","667","533","647","576","651","392","752","444","772","521","838","543","876","581","872","258","311"
"NL-0046-11-56-2024-K07-5649.dw.png","346","466","361","497","298","563","357","557","443","525","339","652","335","727","349","700","402","721","406","679","457","703","500","681","542","678","377","789","436","811","513","869","536","904","571","892","209","370"
"NL-0046-11-56-2024-K07-5650.dw.png","328","455","346","481","290","559","346","534","430","504","335","645","332","719","346","689","400","710","402","672","460","696","505","673","546","671","381","784","433","796","519","860","544","894","580","887","179","367"
"NL-0046-11-56-2024-K07-5651.dw.png","368","467","384","493","337","586","387","551","466","508","379","663","379","727","391","704","445","724","442","676","498","698","542","675","583","673","426","788","480","801","568","859","594","893","628","884","227","386"
"NL-0046-11-56-2024-K07-5652.dw.png","351","399","364","423","298","496","359","485","447","452","333","591","324","666","339","638","392","661","398","626","456","652","503","634","545","639","365","736","421","757","499","822","521","859","556","849","210","295"
"NL-0046-11-56-2024-K07-5653.dw.png","359","459","369","484","306","547","364","537","449","516","340","638","328","709","345","684","394","709","400","671","450","700","496","685","535","689","365","774","415","793","485","860","505","898","539","894","230","355"
"NL-0046-11-56-2024-K07-5654.dw.png","339","474","351","500","288","578","347","561","433","533","323","668","317","738","331","712","383","735","386","695","441","724","488","705","527","706","356","806","411","826","492","897","514","937","549","927","211","375"
"NL-0046-11-56-2024-K07-5655.dw.png","353","466","369","495","311","568","368","548","449","512","351","659","345","723","359","694","417","723","418","680","473","701","516","684","557","678","390","789","446","803","533","874","556","909","591","897","211","373"
"NL-0046-11-56-2024-K07-5656.dw.png","358","423","375","447","325","535","377","506","459","466","370","616","370","682","380","658","438","682","434","636","491","655","535","631","572","627","421","747","476","761","557","815","585","852","621","845","214","340"
"NL-0046-11-56-2024-K07-5657.dw.png","343","434","356","465","296","538","354","523","439","488","334","631","326","702","342","677","395","703","398","664","453","685","497","670","536","667","368","768","425","790","502","852","525","891","559","883","207","328"
"NL-0046-11-56-2024-K07-5658.dw.png","361","422","377","445","325","535","378","514","462","472","369","619","365","684","378","658","433","686","433","641","485","662","528","640","568","636","412","749","467","766","549","827","574","862","608","850","221","335"
"NL-0046-11-56-2024-K07-5659.dw.png","375","428","391","451","338","538","393","517","477","471","378","616","380","689","391","663","450","685","448","641","508","661","552","640","592","636","428","750","486","767","575","826","602","859","635","848","229","341"
"NL-0046-11-56-2024-K07-5660.dw.png","361","449","377","475","320","559","377","539","459","496","361","642","359","710","371","681","430","709","432","670","488","689","534","665","572","663","403","772","464","788","547","846","573","883","611","873","218","360"
"NL-0046-11-56-2024-K07-5661.dw.png","361","445","377","466","329","556","378","517","455","483","371","626","369","696","383","667","439","688","440","648","495","664","533","639","572","636","422","758","478","768","561","822","590","855","621","843","210","364"
"NL-0046-11-56-2024-K07-5662.dw.png","360","461","376","483","323","566","378","541","461","502","368","646","368","715","380","688","436","709","437","667","491","686","536","663","576","661","418","776","471","789","555","846","580","878","613","868","207","379"
"NL-0046-11-56-2024-K07-5663.dw.png","473","550","499","539","573","606","551","547","531","456","664","577","730","590","705","574","739","520","701","513","724","461","710","414","710","373","799","555","829","498","899","428","940","407","934","373","372","684"
"NL-0046-11-56-2024-K07-5664.dw.png","366","439","380","470","314","537","375","522","461","497","351","627","344","704","359","675","413","706","415","667","470","692","514","677","554","678","386","773","439","794","518","866","540","908","575","904","226","336"
"NL-0046-11-56-2024-K07-5665.dw.png","397","436","411","463","354","535","407","520","493","490","390","622","382","691","397","666","451","694","454","654","507","678","551","658","589","658","424","754","482","778","555","838","580","878","613","868","260","344"
"NL-0046-11-56-2024-K07-5666.dw.png","373","422","387","448","330","532","385","511","473","478","368","620","362","686","375","657","431","682","435","650","491","668","539","648","581","643","403","749","461","771","550","839","573","874","608","865","234","322"
"NL-0046-11-56-2024-K07-5667.dw.png","327","451","345","471","308","562","359","531","434","482","366","641","375","709","381","673","443","691","437","653","496","661","536","630","575","622","429","759","491","762","578","798","612","833","647","818","173","386"
"NL-0046-11-56-2024-K07-5668.dw.png","374","501","386","525","318","595","377","579","462","557","347","685","332","754","350","730","401","758","410","717","460","748","508","734","547","739","370","826","423","852","495","921","513","959","548","951","242","397"
"NL-0046-11-56-2024-K07-5669.dw.png","352","424","367","452","305","524","365","507","450","477","348","612","344","689","359","661","412","684","417","646","471","671","517","652","557","651","389","756","444","772","524","837","550","875","584","869","205","326"
"NL-0047-12-57-2024-K02-8691.dw.png","569","304","585","329","528","424","583","385","671","348","571","502","569","573","582","543","635","558","638","531","699","544","745","526","785","525","614","630","673","646","762","708","787","739","821","732","425","226"
"NL-0047-12-57-2024-K02-8692.dw.png","540","303","558","328","508","423","562","381","645","340","556","497","559","570","569","535","627","553","627","524","687","532","733","509","774","505","606","622","668","629","760","685","786","715","821","706","394","235"
"NL-0047-12-57-2024-K02-8693.dw.png","524","695","548","681","623","749","608","687","578","602","710","714","786","721","755","707","778","650","752","646","770","589","752","545","752","509","852","684","871","626","940","548","974","530","969","497","432","837"
"NL-0047-12-57-2024-K02-8694.dw.png","251","532","263","556","194","635","255","613","339","590","228","721","213","792","233","763","285","791","292","756","344","776","389","763","427","767","250","859","307","883","382","958","399","991","432","985","110","432"
"NL-0047-12-57-2024-K02-8695.dw.png","233","538","248","564","187","644","244","620","329","592","224","728","219","804","233","772","283","789","290","756","344","778","389","764","428","763","256","863","309","877","396","950","419","990","452","983","91","452"
"NL-0047-12-57-2024-K02-8696.dw.png","232","528","249","548","200","643","251","607","337","575","247","726","247","795","258","760","305","763","307","754","371","759","416","737","452","734","291","854","347","866","436","924","463","962","496","954","80","455"
"NL-0047-12-57-2024-K02-8697.dw.png","237","546","256","568","205","657","259","620","340","585","253","732","259","809","267","773","323","786","325","759","380","768","424","747","461","743","304","864","363","872","452","927","483","964","514","952","83","483"
"NL-0047-12-57-2024-K02-8698.dw.png","243","586","260","605","218","698","267","664","342","625","263","764","269","838","278","803","329","807","332","794","389","799","429","773","462","768","317","890","371","895","460","943","488","977","518","963","90","533"
"NL-0047-12-57-2024-K02-8699.dw.png","233","541","249","567","187","652","244","622","331","596","223","729","217","805","232","772","283","791","290","759","343","780","389","764","427","765","257","866","311","877","396","947","418","983","452","976","86","460"
"NL-0047-12-57-2024-K02-8700.dw.png","237","578","258","597","221","690","272","653","345","598","282","755","304","832","307","796","363","799","361","769","416","770","455","744","490","735","363","879","419","877","512","913","551","948","577","931","70","542"
"NL-0047-12-57-2024-K02-8701.dw.png","557","322","569","346","503","434","561","410","649","378","537","517","527","587","542","558","593","582","599","553","655","574","701","557","740","563","563","648","620","669","696","739","716","775","752","771","423","226"
"NL-0047-12-57-2024-K02-8702.dw.png","464","317","483","335","448","437","495","397","573","345","498","500","514","578","520","546","576","555","574","523","632","528","674","500","714","490","566","627","626","631","724","679","758","711","791","695","313","274"
"NL-0047-12-57-2024-K02-8703.dw.png","683","239","662","252","578","185","605","248","627","337","483","225","410","215","442","231","423","285","447","289","432","347","453","392","449","431","346","252","326","311","255","385","220","404","224","438","777","95"
"NL-0047-12-57-2024-K02-8704.dw.png","250","495","259","520","185","586","247","577","335","562","209","675","192","752","210","721","260","751","269","725","320","749","368","738","405","744","219","817","275","845","341","920","356","960","390","956","119","381"
"NL-0047-12-57-2024-K02-8705.dw.png","263","510","274","533","204","605","266","586","353","570","232","690","218","768","236","736","286","762","295","732","349","759","395","745","434","752","248","829","305","855","377","937","393","976","428","973","129","410"
"NL-0047-12-57-2024-K02-8706.dw.png","224","552","243","571","199","668","252","633","329","586","250","740","260","817","268","783","323","793","322","762","378","767","421","745","457","739","305","868","366","872","447","919","478","955","510","943","64","498"
"NL-0047-12-57-2024-K02-8707.dw.png","229","550","245","572","191","669","248","630","332","595","237","748","232","819","248","786","302","801","305","772","363","781","407","763","446","761","278","879","339","888","420","948","446","986","481","977","73","474"
"NL-0047-12-57-2024-K02-8708.dw.png","228","552","246","576","192","664","247","626","327","594","235","741","233","816","246","782","304","810","304","767","358","780","403","761","441","759","278","873","338","887","420","948","443","978","476","967","73","475"
"NL-0047-12-57-2024-K02-8709.dw.png","242","513","255","538","185","618","247","593","334","572","215","701","200","775","218","744","271","776","278","740","332","764","379","754","419","760","236","843","288","865","363","951","379","985","414","986","99","409"
"NL-0047-12-57-2024-K02-8710.dw.png","478","645","504","633","572","708","558","643","549","553","666","681","733","701","704","680","734","632","713","624","738","571","726","523","734","483","797","672","826","618","909","549","954","533","950","498","364","775"
"NL-0047-12-57-2024-K02-8711.dw.png","522","318","538","340","485","431","539","394","623","363","527","508","530","589","542","557","594","571","598","542","655","554","699","534","744","533","574","646","630","657","720","716","750","754","786","744","379","243"
"NL-0047-12-57-2024-K02-8713.dw.png","220","537","237","560","183","652","238","612","321","584","229","731","229","806","241","775","295","790","296","759","354","772","399","754","439","752","270","861","332","878","411","932","441","975","474","962","66","456"
"NL-0047-12-57-2024-K02-8715.dw.png","208","602","229","622","193","728","241","680","317","627","247","796","259","869","265","835","324","843","320","806","379","809","419","778","458","770","310","917","374","922","473","970","502","997","533","982","47","553"
"NL-0047-12-57-2024-K02-8716.dw.png","233","548","249","574","190","656","249","628","332","598","234","737","229","809","242","781","298","807","300","766","356","782","400","764","439","764","275","871","328","884","410","947","436","985","469","978","81","463"
"NL-0047-12-57-2024-K02-8717.dw.png","668","252","643","270","557","213","589","270","618","352","480","254","406","247","441","262","413","319","446","320","433","378","452","422","455","461","347","290","335","348","269","434","233","458","243","491","744","98"
"NL-0047-12-57-2024-K02-8718.dw.png","255","502","269","530","203","610","261","580","345","561","231","685","216","757","235","729","284","757","291","725","344","748","393","739","431","742","251","825","302","845","376","922","395","961","431","958","114","397"
"NL-0047-12-57-2024-K02-8719.dw.png","261","502","274","530","204","611","264","581","353","568","232","692","218","768","237","737","285","762","296","729","348","757","393","748","431","755","252","832","306","852","382","934","401","978","435","971","124","399"
"NL-0047-12-57-2024-K02-8720.dw.png","232","566","249","583","199","678","254","642","337","600","251","755","254","829","264","792","320","802","320","779","381","786","423","760","463","754","300","882","365","892","451","943","479","976","511","965","74","499"
"NL-0047-12-57-2024-K02-8721.dw.png","243","519","262","542","215","641","267","595","354","562","265","715","268","786","277","754","332","765","335","739","395","745","438","724","476","718","316","844","373","854","467","913","490","943","525","934","79","450"
"NL-0047-12-57-2024-K02-8723.dw.png","236","510","251","531","190","616","250","585","338","559","232","697","229","780","243","741","296","760","302","736","359","749","405","730","445","730","269","835","327","849","411","917","437","955","470","946","84","428"
"NL-0048-12-57-2024-K03-8725.dw.png","327","313","355","301","434","371","413","312","392","211","516","339","590","350","563","333","587","281","562","275","584","219","568","170","576","124","656","313","677","256","745","181","787","156","788","115","222","450"
"NL-0048-12-57-2024-K03-8726.dw.png","609","343","619","371","547","440","609","424","704","404","574","529","559","598","577","572","629","604","638","575","692","598","742","586","784","593","596","668","649","693","728","774","744","803","782","802","485","226"
"NL-0048-12-57-2024-K03-8727.dw.png","231","547","250","577","188","651","248","621","344","596","236","733","235","808","247","776","307","800","309","763","368","780","411","759","451","757","284","870","342","881","423","937","453","976","491","966","72","464"
"NL-0048-12-57-2024-K03-8728.dw.png","257","514","269","535","202","613","264","591","359","564","241","703","235","777","249","750","307","778","313","742","371","760","417","746","458","745","280","846","334","862","419","936","438","969","476","967","108","416"
"NL-0048-12-57-2024-K03-8729.dw.png","260","539","276","563","217","639","274","613","365","581","257","717","254","794","267","761","324","785","327","748","384","769","428","749","470","750","299","856","358","873","435","937","464","981","500","973","104","446"
"NL-0048-12-57-2024-K03-8730.dw.png","673","675","653","652","706","564","649","596","560","635","655","486","650","408","638","443","581","429","580","458","520","449","480","477","439","481","598","353","538","346","446","286","421","258","385","267","829","747"
"NL-0048-12-57-2024-K03-8731.dw.png","529","653","557","634","640","690","605","633","573","542","718","642","787","645","760","630","784","571","746","570","759","512","736","470","736","427","850","594","862","534","914","452","950","425","936","390","455","813"
"NL-0048-12-57-2024-K03-8732.dw.png","245","536","262","553","214","650","267","610","355","569","263","726","265","800","278","767","336","782","335","744","396","756","437","733","479","728","317","858","379","864","468","920","497","955","533","944","88","469"
"NL-0048-12-57-2024-K03-8733.dw.png","513","626","539","605","618","660","590","602","551","512","698","605","773","601","742","590","762","530","726","531","737","471","713","429","708","387","833","547","841","486","890","400","924","369","913","332","442","790"
"NL-0048-12-57-2024-K03-8734.dw.png","510","320","525","352","461","430","518","408","616","380","499","520","493","593","507","565","561","590","568","553","625","575","671","562","716","563","531","653","591","673","674","739","703","782","742","774","368","223"
"NL-0048-12-57-2024-K03-8735.dw.png","486","319","509","337","486","439","527","393","600","325","548","495","572","565","574","534","631","534","623","506","687","498","724","463","767","450","637","605","696","599","801","632","833","652","868","633","322","283"
"NL-0048-12-57-2024-K03-8736.dw.png","540","682","560","664","650","709","618","658","574","571","719","663","795","653","766","646","782","586","750","584","759","526","737","484","732","445","856","601","866","545","923","446","952","421","943","387","470","842"
"NL-0048-12-57-2024-K03-8737.dw.png","214","526","236","550","191","640","243","597","332","555","253","712","263","785","272","755","335","767","330","732","392","734","433","711","471","702","326","841","384","842","476","882","513","915","543","895","41","468"
"NL-0048-12-57-2024-K03-8738.dw.png","679","661","661","634","717","553","661","584","569","616","669","472","671","401","658","432","599","409","596","442","537","432","495","451","456","455","619","338","563","328","476","274","449","240","415","250","841","746"
"NL-0048-12-57-2024-K03-8739.dw.png","625","228","605","248","516","201","552","257","599","342","435","264","361","275","394","283","392","339","426","338","414","402","440","444","445","483","307","335","305","390","258","489","228","521","245","553","677","59"
"NL-0048-12-57-2024-K03-8740.dw.png","238","560","257","586","203","669","260","639","352","603","251","745","255","826","268","796","328","808","329","780","387","792","431","769","471","766","308","887","367","894","458","953","486","985","521","976","75","486"
"NL-0048-12-57-2024-K03-8741.dw.png","528","668","556","656","622","729","609","667","596","569","715","696","785","710","759","692","789","638","754","630","781","574","770","528","775","486","860","672","881","616","951","543","989","523","987","485","424","810"
"NL-0048-12-57-2024-K03-8742.dw.png","448","629","478","623","536","706","532","643","527","546","627","693","696","721","675","699","714","651","683","637","714","587","710","539","725","499","770","699","805","648","897","587","932","578","934","540","313","741"
"NL-0048-12-57-2024-K03-8743.dw.png","268","562","284","585","226","664","284","641","369","604","266","744","266","821","278","793","336","814","339","780","395","795","441","777","481","775","314","889","369","902","460","970","482","999","516","987","115","474"
"NL-0048-12-57-2024-K03-8744.dw.png","503","290","524","311","485","405","533","364","615","304","542","471","554","543","561","511","623","524","619","490","678","491","719","463","765","454","614","595","673","593","770","633","812","668","845","653","341","232"
"NL-0048-12-57-2024-K03-8745.dw.png","509","357","531","383","488","477","537","437","623","385","542","548","553","623","560","589","621","605","616","566","677","572","719","546","764","539","608","675","668","677","766","730","799","762","835","746","356","299"
"NL-0048-12-57-2024-K03-8747.dw.png","223","528","240","554","175","634","237","610","333","581","219","724","209","795","227","769","286","796","291","760","349","778","396","761","436","764","257","867","317","886","395","946","422","988","459","981","68","435"
"NL-0048-12-57-2024-K03-8748.dw.png","244","512","256","540","183","604","245","595","346","581","215","695","200","771","220","743","274","776","283","745","336","768","384","758","425","764","239","845","295","863","365","933","387","976","427","975","101","398"
"NL-0048-12-57-2024-K03-8749.dw.png","221","545","240","572","180","658","240","620","335","594","226","733","224","812","240","783","296","800","301","768","362","784","406","765","448","766","273","879","332","888","414","945","444","986","483","977","60","468"
"NL-0048-12-57-2024-K03-8750.dw.png","233","511","248","538","182","613","242","587","336","570","221","705","212","778","229","750","286","779","290","746","347","761","394","743","437","745","258","849","314","866","395","931","418","970","453","964","84","410"
"NL-0048-12-57-2024-K03-8751.dw.png","245","516","262","542","202","622","260","593","357","568","249","708","247","784","262","752","320","775","323","742","381","754","425","734","467","732","295","846","357","858","439","918","467","954","504","949","86","428"
"NL-0048-12-57-2024-K03-8752.dw.png","549","659","575","639","657","701","625","638","585","557","744","649","812","653","785","638","804","579","761","578","777","518","753","474","749","437","872","602","880","543","940","452","970","428","958","392","482","819"
"NL-0048-12-57-2024-K03-8753.dw.png","505","650","536","635","610","705","588","642","571","545","695","670","768","681","739","663","767","606","738","599","760","542","745","493","749","454","838","641","861","578","927","505","969","480","962","442","399","799"
"NL-0048-12-57-2024-K03-8754.dw.png","251","514","268","539","208","623","265","599","363","569","249","709","246","785","258","754","314","778","320","747","380","767","428","748","469","748","291","851","348","870","437","940","462","978","499","972","103","421"
"NL-0048-12-57-2024-K03-8755.dw.png","217","543","233","569","168","655","231","628","326","599","212","740","207","822","224","793","282","809","285","774","345","789","391","766","434","762","254","889","318","907","403","970","430","1007","467","993","66","457"
"NL-0049-12-57-2024-K04-8787.dw.png","276","411","296","390","408","420","364","373","292","298","473","361","544","344","510","340","521","278","473","292","481","227","449","183","438","140","588","290","592","224","632","120","653","95","633","58","234","573"
"NL-0049-12-57-2024-K04-8788.dw.png","692","402","695","435","603","489","666","497","764","489","609","581","578","648","602","622","642","664","661","629","706","672","760","672","799","690","593","716","639","752","694","848","702","883","741","889","597","270"
"NL-0049-12-57-2024-K04-8789.dw.png","203","562","220","587","164","679","223","653","307","610","209","761","208","839","220","802","278","820","280","782","336","801","381","777","423","778","251","892","313","910","394","966","416","997","452","986","49","484"
"NL-0049-12-57-2024-K04-8790.dw.png","209","612","230","632","190","731","244","698","320","638","248","805","260","879","268","845","329","856","320","811","381","818","422","787","460","778","314","927","378","931","470","972","496","997","529","978","46","562"
"NL-0049-12-57-2024-K04-8791.dw.png","598","671","619","650","716","689","680","638","622","563","784","632","858","622","824","614","836","555","794","560","800","501","768","460","762","419","909","564","913","504","953","411","979","380","959","348","543","834"
"NL-0049-12-57-2024-K04-8792.dw.png","243","522","257","550","184","632","248","610","342","584","215","717","202","795","219","763","276","790","284","752","340","775","392","759","434","766","236","859","296","880","374","951","393","986","433","980","95","420"
"NL-0049-12-57-2024-K04-8793.dw.png","238","531","253","559","188","643","250","615","342","586","227","727","222","807","239","775","293","793","298","753","355","775","401","757","444","761","260","865","323","884","403","950","425","984","466","976","85","442"
"NL-0049-12-57-2024-K04-8794.dw.png","512","653","540","640","627","705","601","647","573","555","710","671","784","683","755","666","781","613","736","606","766","551","748","504","756","462","846","648","871","590","941","515","978","495","976","457","420","795"
"NL-0049-12-57-2024-K04-8795.dw.png","214","529","228","556","160","644","221","621","313","591","193","728","184","805","199","775","254","796","260","753","319","784","368","766","409","771","221","870","280","891","359","961","377","994","417","989","72","433"
"NL-0049-12-57-2024-K04-8796.dw.png","670","690","657","663","728","579","665","609","573","626","700","498","713","421","694","451","641","424","632","463","578","435","530","448","489","440","678","353","622","329","547","254","530","220","492","228","807","791"
"NL-0049-12-57-2024-K04-8797.dw.png","929","420","913","446","805","440","858","475","940","534","755","515","691","546","725","542","731","605","773","581","782","646","827","680","847","720","661","614","677","673","670","779","654","816","682","849","935","253"
"NL-0049-12-57-2024-K04-8798.dw.png","934","500","917","520","804","494","847","539","921","613","743","550","672","569","704","572","699","630","738","622","738","682","773","725","782","768","630","623","629","683","596","783","573","813","593","847","970","340"
"NL-0049-12-57-2024-K04-8799.dw.png","529","677","556","664","641","734","616","670","587","581","722","702","799","714","766","696","798","641","750","634","776","580","759","531","764","491","860","680","884","619","954","543","983","526","978","487","437","825"
"NL-0049-12-57-2024-K04-8800.dw.png","254","485","265","511","190","590","253","579","347","555","218","682","201","755","220","724","271","756","281","716","334","745","385","732","425","742","230","818","287","847","358","920","374","953","413","952","116","377"
"NL-0049-12-57-2024-K04-8801.dw.png","250","483","257","515","176","582","239","573","334","562","194","674","169","746","191","720","239","758","254","716","303","751","355","742","395","755","192","813","246","850","311","933","323","970","364","970","123","360"
"NL-0049-12-57-2024-K04-8803.dw.png","254","467","263","496","185","566","247","556","338","539","204","654","182","722","203","693","251","729","263","696","313","727","361","716","399","727","208","789","261","820","323","897","335","932","372","932","131","348"
"NL-0049-12-57-2024-K04-8804.dw.png","709","282","678","288","616","202","627","269","631","360","528","215","458","185","485","210","447","256","485","273","447","320","450","368","434","406","390","206","353","256","269","312","229","323","224","361","840","167"
"NL-0049-12-57-2024-K04-8805.dw.png","252","520","264","548","194","622","257","600","348","579","226","709","215","784","232","752","284","779","292","737","345","765","393","750","432","757","248","843","304","866","380","939","395","967","434","966","111","421"
"NL-0049-12-57-2024-K04-8806.dw.png","499","645","528","633","606","704","587","644","566","554","689","677","771","690","739","673","769","622","721","613","754","560","740","514","747","472","830","661","857","604","932","533","965","515","961","477","391","780"
"NL-0049-12-57-2024-K04-8807.dw.png","311","367","343","350","436","408","407","352","369","261","520","366","592","369","561","355","579","299","539","299","563","240","539","192","541","148","652","324","668","261","727","179","763","153","757","112","224","508"
"NL-0049-12-57-2024-K04-8808.dw.png","562","336","575","366","507","449","567","426","664","397","539","534","530","608","545","578","599","609","605","565","661","591","712","573","756","581","566","669","626","697","704","763","724","796","765","792","429","235"
"NL-0049-12-57-2024-K04-8809.dw.png","674","241","649","255","563","191","587","254","618","344","477","230","399","223","433","239","411","295","446","300","427","358","446","405","442","448","340","261","321","322","251","406","220","426","229","465","764","89"
"NL-0049-12-57-2024-K04-8810.dw.png","240","554","256","575","200","658","258","634","345","593","244","736","244","820","257","779","315","804","315","763","372","781","419","746","458","746","287","872","349","887","431","936","455","967","491","958","85","484"
"NL-0049-12-57-2024-K04-8811.dw.png","246","625","269","640","257","748","298","699","361","629","329","804","360","877","358","838","414","832","403","798","462","790","496","753","534","737","422","911","485","900","585","922","620","943","650","920","75","618"
"NL-0049-12-57-2024-K04-8812.dw.png","610","230","593","249","488","214","533","264","588","342","422","272","346","285","383","291","375","352","416","343","411","407","441","448","448","493","299","340","294","405","248","509","226","535","245","570","658","59"
"NL-0049-12-57-2024-K04-8813.dw.png","232","603","254","623","224","730","271","679","349","624","285","793","304","866","306","830","367","838","356","792","419","800","458","767","499","758","354","908","423","913","518","948","548","972","581","952","64","564"
"NL-0049-12-57-2024-K04-8814.dw.png","230","646","252","660","228","768","274","714","346","651","302","832","319","895","320","860","389","867","375","825","435","819","469","782","508","768","387","940","454","933","548","955","580","976","610","952","63","629"
"NL-0049-12-57-2024-K04-8815.dw.png","588","671","612","647","701","693","667","636","612","559","773","628","852","613","818","605","827","548","784","555","790","497","757","458","745","416","900","557","898","499","941","404","974","369","958","335","537","836"
"NL-0049-12-57-2024-K04-8816.dw.png","233","607","256","625","225","731","275","688","348","620","294","799","311","869","315","832","379","839","365","793","429","795","467","756","506","742","374","910","441","908","545","942","570","960","603","939","57","573"
"NL-0050-12-57-2024-K05-8817.dw.png","333","404","358","386","443","433","411","381","370","296","526","378","597","371","568","362","581","308","541","310","554","252","527","206","524","164","649","321","654","267","704","166","736","135","725","100","264","556"
"NL-0050-12-57-2024-K05-8818.dw.png","498","336","517","354","490","458","533","411","607","349","552","526","569","594","574","563","634","575","624","535","682","532","723","498","765","485","630","640","686","637","792","676","824","699","859","682","337","292"
"NL-0050-12-57-2024-K05-8819.dw.png","217","604","243","624","218","721","260","674","330","617","287","780","309","854","312","817","370","819","359","783","417","781","450","742","488","728","373","895","432","888","530","914","566","938","593","917","42","576"
"NL-0050-12-57-2024-K05-8820.dw.png","625","684","639","662","732","689","692","644","626","578","794","621","867","593","833","592","832","534","801","544","790","487","754","455","738","417","906","532","899","470","925","371","947","337","927","307","594","858"
"NL-0050-12-57-2024-K05-8821.dw.png","218","597","241","617","200","710","256","675","329","612","270","783","284","853","290","821","351","828","343","793","406","790","443","755","479","743","346","901","404","898","505","935","542","964","571","947","43","551"
"NL-0050-12-57-2024-K05-8822.dw.png","657","651","638","624","695","537","637","573","549","607","645","453","647","377","632","406","575","386","574","428","513","414","468","437","427","441","593","311","536","300","440","234","417","205","383","217","820","727"
"NL-0050-12-57-2024-K05-8823.dw.png","283","528","296","550","232","634","290","606","381","583","265","718","255","790","271","762","324","783","330","747","386","769","436","753","474","756","293","853","350","870","430","941","451","977","485","970","139","430"
"NL-0050-12-57-2024-K05-8825.dw.png","223","587","241","610","186","694","242","667","326","623","233","769","236","850","248","815","303","830","303","796","361","809","405","783","449","781","287","912","341","916","430","971","459","1005","493","989","60","506"
"NL-0050-12-57-2024-K05-8826.dw.png","222","514","233","544","156","605","224","595","318","580","189","705","174","788","193","758","246","787","256","749","309","769","356","757","396","764","206","853","266","880","342","953","358","984","394","976","78","410"
"NL-0050-12-57-2024-K05-8828.dw.png","549","344","563","364","509","452","563","424","649","380","552","529","552","601","564","569","617","583","620","556","680","572","726","547","768","544","598","658","657","671","746","726","775","761","810","754","398","251"
"NL-0050-12-57-2024-K05-8829.dw.png","232","552","250","577","198","667","254","632","346","593","250","747","255","827","265","791","326","813","324","767","384","781","429","753","470","751","303","883","363","893","458","947","481","975","516","963","68","479"
"NL-0050-12-57-2024-K05-8830.dw.png","214","571","234","592","197","694","247","657","326","595","256","762","273","839","277","803","335","811","331","777","392","777","432","745","471","734","326","885","382","883","491","933","519","958","552","941","41","517"
"NL-0050-12-57-2024-K05-8831.dw.png","232","598","253","614","232","717","271","666","341","602","300","777","323","845","326","814","385","814","372","777","429","768","464","731","505","717","385","885","443","875","542","899","581","924","610","904","55","569"
"NL-0050-12-57-2024-K05-8832.dw.png","233","576","256","599","219","694","266","655","342","599","275","762","287","837","294","802","354","813","347","775","408","780","449","747","488","736","344","889","405","889","503","934","534","964","566","946","62","519"
"NL-0050-12-57-2024-K05-8833.dw.png","226","524","242","551","178","631","239","604","326","574","223","718","217","792","232","761","287","786","288","746","349","763","391","740","431","742","259","851","317","866","397","926","425","969","460","966","75","428"
"NL-0050-12-57-2024-K05-8834.dw.png","532","656","556","643","637","704","610","647","582","560","714","668","793","675","761","658","781","607","744","602","767","548","745","503","747","463","854","635","871","579","935","502","972","479","964","445","430","805"
"NL-0050-12-57-2024-K05-8835.dw.png","244","544","260","571","200","648","259","622","349","592","244","730","242","811","257","782","314","802","314","765","372","780","418","759","458","759","287","875","344","884","433","949","457","982","491","973","89","461"
"NL-0050-12-57-2024-K05-8836.dw.png","252","561","270","579","229","673","279","637","356","587","280","742","288","818","298","784","351","791","351","766","412","768","453","738","492","730","343","873","405","877","496","922","524","951","556","933","86","496"
"NL-0050-12-57-2024-K05-8837.dw.png","579","292","594","318","533","400","589","377","680","340","576","487","575","563","587","532","641","553","643","513","700","530","751","508","794","509","616","619","676","633","762","693","789","725","826","717","437","202"
"NL-0050-12-57-2024-K05-8839.dw.png","214","592","235","612","196","706","245","668","317","614","250","773","262","849","270","814","323","821","320","790","379","793","419","763","459","754","319","903","375","903","468","949","498","978","530","961","49","538"
"NL-0050-12-57-2024-K05-8841.dw.png","233","522","251","548","194","628","252","604","340","563","241","711","242","786","255","757","312","775","312","739","371","745","416","723","458","721","293","848","349","858","438","915","462","943","496","931","73","447"
"NL-0050-12-57-2024-K05-8842.dw.png","542","679","564","661","657","709","620","657","579","577","728","663","806","660","773","649","787","593","751","593","763","536","737","493","734","454","863","611","872","552","925","464","955","438","944","405","467","837"
"NL-0050-12-57-2024-K05-8843.dw.png","254","536","273","563","214","647","272","617","354","580","265","728","265","809","278","775","334","794","335","758","392","771","433","748","474","743","310","865","366","877","456","939","486","978","519","969","95","451"
"NL-0050-12-57-2024-K05-8845.dw.png","251","537","266","562","207","640","261","620","347","584","244","721","238","800","253","767","308","784","310","756","365","772","412","750","452","751","279","862","339","881","424","949","443","977","476","967","102","444"
"NL-0050-12-57-2024-K05-8846.dw.png","233","542","250","568","194","654","252","624","339","587","243","736","242","811","255","775","312","800","314","759","369","770","416","746","455","745","290","867","348","878","439","937","463","965","495","955","73","468"
"NL-0051-12-57-2024-K06-8849.dw.png","601","304","614","331","546","409","605","394","697","359","581","499","566","563","584","539","634","570","642","527","695","553","743","539","785","541","602","627","656","648","738","723","761","760","798","758","475","199"
"NL-0051-12-57-2024-K06-8850.dw.png","923","558","896","575","805","521","836","578","881","665","718","575","653","575","681","587","672","641","700","642","689","698","712","740","714","786","601","621","589","680","534","772","500","800","515","835","995","414"
"NL-0051-12-57-2024-K06-8851.dw.png","519","707","548","696","615","772","603","709","588","615","704","743","781","761","749","740","773","690","746","683","772","629","758","581","761","539","850","726","873","672","939","602","988","579","981","542","405","831"
"NL-0051-12-57-2024-K06-8852.dw.png","210","595","230","616","184","706","237","671","318","625","244","782","250","853","259","822","316","833","314","799","368","803","410","775","450","767","305","910","358","913","451","960","479","991","510","975","55","531"
"NL-0051-12-57-2024-K06-8853.dw.png","236","548","252","572","194","654","254","630","344","598","246","739","251","820","260","785","318","808","318","771","374","782","419","760","456","756","293","875","353","888","443","948","468","982","500","968","84","466"
"NL-0051-12-57-2024-K06-8854.dw.png","673","710","664","679","746","617","681","625","586","637","725","519","752","461","730","480","682","443","667","482","620","451","569","456","529","449","725","382","674","354","606","267","591","226","556","223","790","837"
"NL-0051-12-57-2024-K06-8856.dw.png","204","577","222","597","171","690","230","662","317","614","225","769","230","845","241","811","297","823","297","795","356","800","400","777","440","770","281","901","341","910","432","964","462","998","493","977","46","505"
"NL-0051-12-57-2024-K06-8857.dw.png","229","532","241","561","170","637","233","621","323","593","205","730","194","799","209","771","262","792","268","757","320","781","366","764","405","768","228","862","283","881","357","951","379","991","415","986","95","434"
"NL-0051-12-57-2024-K06-8858.dw.png","693","648","674","626","728","540","668","563","586","612","674","454","675","384","663","413","603","392","607","433","548","421","505","446","464","456","625","323","565","313","477","257","450","220","414","228","845","728"
"NL-0051-12-57-2024-K06-8859.dw.png","540","297","557","325","501","411","558","381","650","344","550","493","555","565","563","534","620","555","621","515","677","529","721","505","764","500","603","620","657","629","744","678","777","717","813","707","397","217"
"NL-0051-12-57-2024-K06-8860.dw.png","537","312","556","333","510","427","566","397","649","339","569","500","581","574","588","543","644","550","641","518","701","524","745","497","787","490","634","624","694","630","795","679","826","709","857","690","388","256"
"NL-0051-12-57-2024-K06-8861.dw.png","547","704","572","690","652","757","631","694","600","605","750","710","818","718","790","702","811","650","774","646","794","591","775","546","773","505","882","678","899","621","962","543","1003","517","996","482","452","851"
"NL-0051-12-57-2024-K06-8862.dw.png","238","564","259","588","214","679","268","645","347","592","271","751","281","826","289","793","349","804","344","765","402","774","442","746","481","738","334","877","394","881","488","931","522","965","556","952","73","496"
"NL-0051-12-57-2024-K06-8863.dw.png","605","221","584","243","494","204","525","256","584","326","423","266","353","279","384","285","375","345","415","336","409","394","440","431","450","470","301","340","304","391","263","483","227","523","241","554","659","59"
"NL-0051-12-57-2024-K06-8864.dw.png","243","544","261","569","198","657","260","626","349","586","244","736","239","814","255","781","311","799","313","760","371","781","419","758","461","757","288","876","343","887","430","951","459","992","495","982","87","461"
"NL-0051-12-57-2024-K06-8865.dw.png","249","513","263","536","197","615","261","598","353","562","239","703","233","777","249","750","303","771","307","730","361","752","409","730","453","733","275","844","332","860","415","929","439","969","473","959","101","417"
"NL-0051-12-57-2024-K06-8866.dw.png","251","470","262","494","197","583","256","556","348","532","232","665","220","737","237","706","288","729","293","701","350","719","394","703","436","707","255","797","312","818","388","889","408","926","445","923","112","370"
"NL-0051-12-57-2024-K06-8867.dw.png","249","499","262","526","193","596","257","584","346","562","235","694","226","761","242","735","294","757","299","726","352","749","396","729","435","732","260","819","315","838","392","906","416","946","448","940","108","403"
"NL-0051-12-57-2024-K06-8868.dw.png","230","499","241","528","166","604","230","585","324","564","194","686","176","759","196","733","248","767","258","726","311","755","358","741","401","749","211","832","262","852","335","933","355","977","391","975","94","392"
"NL-0051-12-57-2024-K06-8869.dw.png","906","505","885","527","789","485","832","537","888","621","718","548","646","563","677","569","674","627","708","622","709","684","741","725","751","770","599","623","596","683","562","782","536","817","553","849","956","341"
"NL-0051-12-57-2024-K06-8870.dw.png","519","307","536","330","488","425","545","387","634","346","551","512","558","576","566","547","622","556","621","525","681","533","723","505","766","500","608","625","666","634","764","681","797","714","830","699","364","252"
"NL-0051-12-57-2024-K06-8871.dw.png","238","561","259","586","209","676","264","639","349","601","263","751","271","828","280","796","340","810","338","775","395","782","438","754","476","744","327","888","383","895","473","937","508","979","540","958","82","487"
"NL-0051-12-57-2024-K06-8872.dw.png","516","681","548","666","626","735","607","672","583","579","714","697","785","711","757","692","788","638","747","630","769","578","753","531","752","490","855","671","878","616","946","536","986","515","984","479","415","818"
"NL-0051-12-57-2024-K06-8873.dw.png","246","567","263","589","214","685","267","649","353","611","260","760","262","837","272","800","330","815","332","784","391","799","434","774","474","768","311","896","375","908","458","958","487","995","522","987","84","487"
"NL-0051-12-57-2024-K06-8874.dw.png","245","528","266","555","211","635","267","604","352","573","266","720","269","796","279","762","336","778","336","747","392","757","430","733","472","726","319","853","375","862","462","919","489","953","522","943","94","462"
"NL-0051-12-57-2024-K06-8875.dw.png","218","534","237","556","194","653","248","616","331","568","251","724","261","799","269","766","329","778","325","743","381","748","421","719","458","711","314","850","375","855","466","901","493","928","524","913","58","478"
"NL-0051-12-57-2024-K06-8876.dw.png","235","532","251","560","189","649","248","615","340","586","231","733","225","805","239","772","296","793","300","756","358","770","405","751","448","748","270","866","329","884","418","947","443","984","479","974","83","446"
"NL-0051-12-57-2024-K06-8877.dw.png","257","506","270","534","196","605","261","592","356","574","230","697","218","775","236","745","287","774","296","739","347","763","396","752","435","756","254","844","307","865","382","940","401","980","437","976","123","397"
"NL-0051-12-57-2024-K06-8878.dw.png","273","523","284","551","211","617","275","606","365","585","243","707","227","777","245","750","295","777","304","744","354","769","400","754","443","760","258","843","315","869","384","942","405","988","438","982","143","410"
"NL-0052-12-57-2024-K08-8879.dw.png","605","335","617","362","550","451","609","425","704","393","581","534","569","600","586","574","638","598","644","564","701","588","750","572","797","581","606","664","663","687","742","752","765","791","806","793","473","237"
"NL-0052-12-57-2024-K08-8880.dw.png","571","348","584","375","519","452","578","427","660","393","553","530","547","603","560","572","610","598","617","566","672","585","720","571","760","571","587","665","637","680","717","747","743","784","779","782","434","254"
"NL-0052-12-57-2024-K08-8881.dw.png","680","224","653","240","570","174","596","237","626","323","479","212","411","203","443","220","428","275","453","279","436","338","456","384","458","427","350","244","327","304","266","384","228","410","232","447","772","79"
"NL-0052-12-57-2024-K08-8882.dw.png","232","514","247","543","184","623","243","595","331","569","218","700","207","781","226","748","278","772","283","735","338","757","384","738","429","742","247","842","303","859","384","923","410","964","446","960","89","418"
"NL-0052-12-57-2024-K08-8883.dw.png","239","538","258","567","203","650","259","624","345","587","247","727","246","807","260","771","313","784","314","756","371","764","413","741","457","737","293","863","353","873","434","927","463","965","499","959","91","464"
"NL-0052-12-57-2024-K08-8884.dw.png","666","664","653","640","715","557","658","577","570","610","681","474","690","401","675","433","619","409","615","445","558","427","516","442","472","441","650","339","593","320","518","259","494","220","457","224","804","756"
"NL-0052-12-57-2024-K08-8886.dw.png","628","244","606","268","511","234","556","282","612","352","448","296","371","316","409","320","408","375","437","370","439","429","470","466","483","507","330","372","334","432","301","527","271","567","285","600","661","74"
"NL-0052-12-57-2024-K08-8888.dw.png","229","561","244","586","183","668","241","648","327","609","218","747","209","823","224","791","278","805","283","772","341","794","387","775","429","776","248","882","308","902","385","961","409","995","446","987","84","476"
"NL-0052-12-57-2024-K08-8889.dw.png","580","306","594","341","523","418","583","398","675","377","551","506","537","579","555","551","605","578","613","540","668","566","715","553","761","557","575","646","627","665","702","739","725","779","764","780","458","205"
"NL-0052-12-57-2024-K08-8890.dw.png","587","341","595","374","518","441","578","426","670","415","537","524","518","592","537","566","584","605","596","567","642","598","689","588","732","597","545","661","596","688","655","757","675","803","710","808","470","227"
"NL-0052-12-57-2024-K08-8891.dw.png","235","507","249","539","179","611","240","594","326","570","210","699","196","773","215","744","264","765","272","736","326","759","371","746","414","750","229","835","286","857","358","927","381","972","417","970","100","407"
"NL-0052-12-57-2024-K08-8892.dw.png","218","565","236","592","178","684","236","646","325","615","216","758","213","839","228","805","283","818","287","788","345","800","388","778","434","775","254","894","320","913","399","967","430","1012","468","1002","62","480"
"NL-0052-12-57-2024-K08-8893.dw.png","248","513","261","543","190","620","253","596","343","580","219","702","205","781","223","747","272","769","280","738","334","764","382","752","425","760","236","839","292","863","364","931","389","976","425","977","113","410"
"NL-0052-12-57-2024-K08-8894.dw.png","248","500","260","532","189","607","252","586","344","566","217","689","203","766","222","736","273","753","280","730","336","755","384","742","428","746","236","832","289","855","361","921","385","970","423","968","112","387"
"NL-0052-12-57-2024-K08-8895.dw.png","263","510","275","538","206","607","269","590","357","567","240","693","230","773","247","740","297","760","303","727","359","751","403","738","448","741","268","836","322","852","397","917","422","961","458","959","128","409"
"NL-0052-12-57-2024-K08-8896.dw.png","519","655","549","635","631","695","603","635","571","548","712","648","791","649","756","636","770","584","735","582","752","524","730","482","726","439","848","603","860","546","918","464","955","436","947","400","439","797"
"NL-0052-12-57-2024-K08-8897.dw.png","265","538","279","566","216","647","277","626","363","590","253","734","244","805","260","777","316","798","319","761","376","780","422","760","463","761","288","872","347","890","423","951","450","993","487","988","120","451"
"NL-0052-12-57-2024-K08-8898.dw.png","256","512","268","542","194","618","257","598","351","582","223","706","206","781","226","749","277","778","285","744","342","768","389","754","432","760","238","845","295","870","365","941","387","985","425","985","119","397"
"NL-0052-12-57-2024-K08-8899.dw.png","219","534","233","562","167","648","229","615","319","591","200","725","187","801","205","766","257","789","264","754","320","776","364","759","407","762","224","861","281","882","355","945","377","985","414","984","77","436"
"NL-0052-12-57-2024-K08-8900.dw.png","219","605","244","629","202","717","256","687","332","631","262","788","277","865","284","831","337","835","333","802","390","806","428","777","468","768","333","912","386","912","485","955","518","986","550","972","62","559"
"NL-0052-12-57-2024-K08-8901.dw.png","224","572","241","597","189","683","244","648","324","611","231","757","233","838","245","801","299","812","301","786","358","798","401","775","443","773","280","894","339","906","420","955","454","997","489","990","69","501"
"NL-0052-12-57-2024-K08-8903.dw.png","693","240","669","255","584","195","611","252","639","339","495","233","423","224","454","241","437","291","468","295","446","352","467","399","466","440","356","268","336","324","273","402","242","423","251","458","785","99"
"NL-0052-12-57-2024-K08-8905.dw.png","235","559","255","586","205","669","260","641","341","598","253","742","259","819","270","786","323","796","323","766","380","779","418","754","461","748","305","870","360","878","446","927","481","968","514","956","78","486"
"NL-0052-12-57-2024-K08-8906.dw.png","275","509","289","538","219","612","280","588","370","572","249","693","236","768","254","740","302","763","310","729","363","756","408","743","452","749","267","829","323","851","394","917","417","963","453","963","140","412"
"NL-0053-12-57-2024-K09-8927.dw.png","623","333","636","361","561","442","624","417","721","396","588","521","573","590","591","562","645","595","656","557","708","583","756","573","804","582","607","654","663","677","740","751","762","794","802","796","489","234"
"NL-0053-12-57-2024-K09-8928.dw.png","334","314","362","302","445","375","417","313","401","217","530","347","596","360","570","343","602","289","563","280","593","227","580","176","589","127","667","323","692","267","769","185","815","161","817","120","230","450"
"NL-0053-12-57-2024-K09-8929.dw.png","206","561","224","582","176","671","229","641","316","599","224","743","229","821","239","785","298","799","298","766","354","778","396","751","441","748","284","880","339","885","431","935","466","976","498","961","48","499"
"NL-0053-12-57-2024-K09-8930.dw.png","207","594","224","615","175","706","228","674","313","632","220","772","225","846","235","814","294","836","293","795","350","808","391","786","428","784","282","910","335","915","418","966","450","1004","483","994","50","536"
"NL-0053-12-57-2024-K09-8931.dw.png","228","555","244","577","185","659","243","633","335","602","223","729","220","808","234","779","293","798","297","760","356","786","399","766","441","770","267","873","326","887","410","953","435","989","471","983","72","477"
"NL-0053-12-57-2024-K09-8932.dw.png","225","527","237","554","165","629","227","610","313","589","190","708","172","779","190","749","245","787","255","741","306","773","352","763","392","771","207","853","262","876","329","946","347","984","383","983","98","416"
"NL-0053-12-57-2024-K09-8933.dw.png","224","541","238","565","172","646","235","619","326","594","207","724","200","800","215","774","271","790","277","761","337","782","385","770","425","776","238","866","302","889","382","959","401","993","438","987","72","450"
"NL-0053-12-57-2024-K09-8934.dw.png","215","548","229","575","164","649","224","627","311","603","194","723","183","795","200","764","258","793","264","756","320","779","361","761","402","768","226","863","283","880","358","940","379","975","416","975","78","459"
"NL-0053-12-57-2024-K09-8935.dw.png","240","497","251","525","176","594","238","584","330","570","202","682","182","758","203","733","254","763","265","721","312","750","359","741","401","754","217","830","266","850","334","917","355","962","392","960","110","393"
"NL-0053-12-57-2024-K09-8936.dw.png","248","522","260","547","190","625","254","603","343","583","218","702","203","777","222","747","280","776","287","736","342","763","388","751","431","759","241","845","295","863","375","934","398","975","437","968","105","424"
"NL-0053-12-57-2024-K09-8937.dw.png","658","338","665","365","585","435","647","422","741","416","599","518","575","587","596","559","645","598","658","564","707","598","755","590","800","607","603","657","654","682","714","760","731","803","769","808","546","219"
"NL-0053-12-57-2024-K09-8938.dw.png","508","271","527","292","488","392","536","349","622","298","536","453","550","531","556","499","618","511","614","469","675","479","718","454","764","446","611","585","668","585","763","628","794","656","829","642","353","222"
"NL-0053-12-57-2024-K09-8939.dw.png","521","669","547","656","620","722","602","663","582","570","701","690","779","702","748","683","774","630","741","623","764","571","746","527","751","482","844","663","868","606","931","533","981","506","973","471","423","811"
"NL-0053-12-57-2024-K09-8940.dw.png","234","525","248","551","180","623","240","606","333","586","212","702","202","779","218","748","272","783","282","738","335","764","380","749","422","755","243","848","294","865","376","940","401","985","434","978","97","424"
"NL-0053-12-57-2024-K09-8941.dw.png","240","513","250","542","173","609","234","595","330","585","190","687","169","760","190","736","239","769","252","731","305","768","353","763","391","778","200","841","253","866","317","949","331","985","367","986","112","400"
"NL-0053-12-57-2024-K09-8942.dw.png","242","541","259","564","201","650","261","621","350","589","242","726","242","806","254","772","316","796","317","754","375","770","418","747","461","749","290","868","350","877","433","931","463","968","500","958","87","461"
"NL-0053-12-57-2024-K09-8943.dw.png","218","572","235","595","176","683","234","648","325","620","218","754","214","833","230","796","288","820","293","776","345","796","389","776","435","778","262","892","322","903","409","962","440","1003","475","995","60","496"
"NL-0053-12-57-2024-K09-8944.dw.png","224","542","239","567","177","652","234","620","325","597","211","722","202","800","219","767","274","796","281","752","334","782","379","760","424","766","247","869","301","885","381","949","410","995","445","988","75","450"
"NL-0053-12-57-2024-K09-8945.dw.png","229","538","241","563","175","634","234","610","323","597","203","709","188","782","206","754","258","776","268","743","323","772","367","760","407","767","226","850","281","868","356","937","378","978","413","972","93","450"
"NL-0053-12-57-2024-K09-8946.dw.png","228","505","242","534","175","612","235","588","326","569","208","691","194","769","213","737","266","772","275","730","326","757","372","738","415","744","234","836","290","857","364","927","390","974","425","971","85","407"
"NL-0053-12-57-2024-K09-8947.dw.png","583","350","594","378","524","437","584","440","677","415","554","530","540","603","558","574","610","605","617","567","668","595","714","584","759","594","578","669","631","689","706","754","731","797","768","795","461","247"
"NL-0053-12-57-2024-K09-8948.dw.png","554","325","568","351","504","433","561","413","653","388","539","516","533","589","548","559","598","583","604","546","657","574","704","555","749","564","574","653","624","671","705","739","732","783","768","778","422","237"
"NL-0053-12-57-2024-K09-8949.dw.png","239","515","252","540","182","609","244","594","335","573","212","688","201","768","218","737","272","758","280","730","335","757","381","744","424","751","240","837","295","856","369","927","391","969","430","967","96","421"
"NL-0053-12-57-2024-K09-8950.dw.png","253","510","268","540","196","611","260","585","347","568","227","689","213","764","233","732","287","757","296","721","347","751","392","734","433","740","251","829","305","846","382","921","405","963","442","961","106","406"
"NL-0053-12-57-2024-K09-8951.dw.png","653","694","640","669","715","593","652","611","561","631","691","515","710","441","689","467","634","438","624","474","572","444","527","455","481","444","677","370","621","346","550","272","527","224","490","223","796","799"
"NL-0053-12-57-2024-K09-8952.dw.png","248","510","260","536","191","609","253","588","343","575","222","688","211","764","227","738","278","752","285","726","341","755","387","747","427","754","249","836","302","855","376","927","398","969","433","964","111","404"
"NL-0053-12-57-2024-K09-8953.dw.png","260","500","271","527","192","596","257","574","348","570","213","671","194","745","214","717","265","748","278","714","324","747","372","733","413","747","223","815","274","835","341","916","359","961","398","960","127","389"
"NL-0053-12-57-2024-K09-8954.dw.png","272","480","279","510","196","566","263","553","355","561","210","652","183","718","207","692","252","733","270","698","318","733","365","728","404","745","206","791","255","820","319","910","333","953","368","957","157","354"
"NL-0053-12-57-2024-K09-8955.dw.png","255","509","267","537","192","609","256","589","345","575","217","690","196","759","218","731","271","764","282","724","333","759","380","745","424","757","232","832","287","854","359","934","378","977","416","977","118","404"
"NL-0053-12-57-2024-K09-8956.dw.png","259","489","267","519","189","579","253","567","343","558","206","656","183","728","204","702","252","739","266","703","314","740","360","735","395","751","212","808","261","832","319","911","331","951","367","952","137","375"
"NL-0054-12-57-2024-K10-8960.dw.png","598","355","607","386","533","458","593","440","687","420","557","540","540","613","557","585","607","618","614","588","665","612","716","603","759","612","568","677","623","708","689","778","712","826","749","827","480","245"
"NL-0054-12-57-2024-K10-8961.dw.png","233","510","243","541","164","609","229","595","322","581","189","702","171","773","189","748","242","777","248","744","304","768","349","760","390","766","199","839","252","866","320","941","336","982","373","985","105","402"
"NL-0054-12-57-2024-K10-8962.dw.png","230","528","251","551","206","648","257","604","342","565","257","719","268","795","274","763","336","777","332","733","389","744","433","718","474","710","323","850","380","855","477","901","509","934","542","919","73","458"
"NL-0054-12-57-2024-K10-8963.dw.png","233","556","251","583","194","674","251","644","341","607","238","756","237","834","250","806","305","817","308","776","365","799","409","779","450","777","282","894","341","912","427","970","453","1006","486","994","81","474"
"NL-0054-12-57-2024-K10-8964.dw.png","233","578","254","601","209","697","262","658","346","609","268","769","279","847","287","812","344","820","338","786","399","794","439","766","478","757","330","898","395","908","484","950","520","988","551","972","69","516"
"NL-0054-12-57-2024-K10-8965.dw.png","665","257","641","275","546","228","580","279","626","364","476","272","399","275","429","286","415","346","456","341","444","397","467","441","469","482","341","326","330","389","280","472","248","498","262","532","725","108"
"NL-0054-12-57-2024-K10-8966.dw.png","232","540","248","565","196","663","250","628","338","586","241","739","241","815","253","781","310","797","311","768","366","781","409","755","448","746","286","873","347","891","438","955","462","987","495","974","81","460"
"NL-0054-12-57-2024-K10-8967.dw.png","265","475","273","501","193","562","254","556","346","550","207","647","181","718","203","693","250","729","266","694","312","729","360","724","396","736","206","791","253","821","316","911","329","945","365","946","153","349"
"NL-0054-12-57-2024-K10-8969.dw.png","568","322","582","353","512","424","572","409","663","382","545","510","537","585","551","559","607","588","613","547","667","573","716","558","757","563","576","652","631","672","709","735","734","772","770","767","442","221"
"NL-0054-12-57-2024-K10-8970.dw.png","543","319","560","350","494","424","554","411","645","378","538","515","536","589","548","561","607","581","610","549","667","567","713","544","756","543","582","651","644","669","725","721","751","754","789","746","408","228"
"NL-0054-12-57-2024-K10-8971.dw.png","252","494","263","525","189","587","251","580","343","562","215","674","198","748","218","723","271","757","280","715","332","746","380","734","418","742","233","821","287","845","358","920","374","955","411","950","119","381"
"NL-0054-12-57-2024-K10-8972.dw.png","254","520","267","545","203","628","263","601","353","574","242","718","236","790","250","762","307","786","310","739","366","761","416","739","455","739","275","853","336","870","419","937","441","974","477","963","106","429"
"NL-0054-12-57-2024-K10-8973.dw.png","236","510","250","533","184","611","245","590","335","572","222","704","211","782","228","749","283","772","287","736","341","760","387","743","429","748","249","844","309","863","382","929","406","966","441","958","102","413"
"NL-0054-12-57-2024-K10-8974.dw.png","273","463","282","494","202","553","264","549","359","545","221","645","198","719","218","693","268","728","278","691","329","724","377","712","418","723","222","787","278","818","340","893","355","933","392","934","158","342"
"NL-0054-12-57-2024-K10-8975.dw.png","272","514","283","541","214","615","277","599","368","571","249","705","236","780","253","753","310","779","314","732","370","759","415","745","459","750","276","848","336","869","412","932","434","968","470","962","134","408"
"NL-0054-12-57-2024-K10-8976.dw.png","276","471","282","501","201","567","263","555","362","553","215","652","189","726","211","698","257","737","272","702","318","736","365","728","404","739","211","794","260","830","321","920","332","958","369","960","159","350"
"NL-0054-12-57-2024-K10-8977.dw.png","261","554","277","578","223","662","278","634","361","603","268","748","265","819","277","785","335","808","335","769","390","786","434","762","475","758","309","877","373","896","455","952","478","984","514","977","114","480"
"NL-0054-12-57-2024-K10-8978.dw.png","252","486","261","512","185","585","250","570","342","557","211","677","194","750","212","723","265","750","273","720","327","743","376","734","416","740","224","815","279","843","347","921","364","965","401","960","122","368"
"NL-0054-12-57-2024-K10-8979.dw.png","571","303","583","328","520","403","576","391","665","365","553","499","546","576","560","545","611","565","616","530","668","553","714","536","757","541","580","631","638","653","709","713","734","751","772","749","449","200"
"NL-0054-12-57-2024-K10-8980.dw.png","629","361","634","391","553","466","614","443","709","439","567","548","543","615","564","592","608","625","621","596","666","628","716","622","755","633","566","685","613","718","677","806","691","850","728","850","524","236"
"NL-0054-12-57-2024-K10-8981.dw.png","225","524","239","551","174","616","234","604","323","580","208","700","201","778","214","743","273","776","280","739","331","767","377","751","416","753","244","847","299","868","373","934","395","976","431","970","83","427"
"NL-0054-12-57-2024-K10-8982.dw.png","237","558","255","580","201","667","259","645","342","602","251","751","254","832","266","802","325","811","323","777","381","789","422","766","464","763","303","888","364","900","454","958","479","988","512","973","89","487"
"NL-0054-12-57-2024-K10-8983.dw.png","250","515","265","542","197","611","258","594","346","571","230","699","218","771","233","744","290","774","297","730","351","753","395","739","436","744","257","837","314","858","388","921","408","961","446","953","113","413"
"NL-0054-12-57-2024-K10-8984.dw.png","244","530","262","555","209","640","263","609","344","573","254","717","254","790","267","764","323","782","323","743","380","757","426","736","464","733","303","853","358","866","445","923","472","961","506","946","95","451"
"NL-0054-12-57-2024-K10-8985.dw.png","236","550","252","573","188","656","249","633","337","602","230","742","225","817","239","788","299","814","301","768","356","789","401","770","442","769","269","881","328","898","407","953","436","997","471","990","91","463"
"NL-0054-12-57-2024-K10-8986.dw.png","503","668","531","659","606","732","594","671","573","573","694","706","770","722","742","702","770","650","737","643","761","591","747","544","752","503","835","692","863","637","938","563","981","545","980","508","393","802"
"NL-0054-12-57-2024-K10-8987.dw.png","257","501","266","528","189","589","254","584","348","571","211","679","191","759","209","731","263","767","275","720","326","754","374","748","415","757","220","826","277","856","342","930","359","972","396","968","130","380"
"NL-0054-12-57-2024-K10-8988.dw.png","280","499","290","532","214","594","278","585","372","570","242","685","227","757","245","732","294","762","303","721","354","750","404","739","444","745","258","825","314","850","384","927","402","968","438","960","151","388"
"NL-0054-12-57-2024-K10-8990.dw.png","254","535","272","556","227","655","278","618","361","578","279","733","286","811","296","780","353","786","351","750","408","762","449","737","491","731","334","863","398","874","490","929","518","958","552","945","105","461"
"NL-0054-12-57-2024-K10-8991.dw.png","281","469","291","497","218","572","281","550","375","535","244","658","230","734","248","707","301","735","308","689","362","719","410","706","450","713","264","799","319","824","393","901","410","939","446","931","147","357"
"NL-0055-12-57-2024-K11-8992.dw.png","516","264","535","288","491","387","541","348","628","301","543","460","549","527","559","499","613","505","611","468","676","482","719","457","767","451","604","585","664","589","756","635","793","669","828","656","364","211"
"NL-0055-12-57-2024-K11-8994.dw.png","203","539","220","565","159","644","218","623","309","593","199","727","194","802","209","772","265","798","270","753","323","778","367","758","410","760","239","868","292","886","374","953","401","995","435","985","56","456"
"NL-0055-12-57-2024-K11-8995.dw.png","548","666","572","646","661","694","624","642","582","558","726","650","801","647","766","638","780","575","752","573","766","516","743","472","741","433","862","594","873","534","927","443","960","414","950","381","483","826"
"NL-0055-12-57-2024-K11-8996.dw.png","220","551","237","581","172","655","232","629","318","603","213","745","206","815","222","787","274","798","280","766","336","787","382","771","424","775","247","879","306","898","387","961","415","1003","449","992","72","467"
"NL-0055-12-57-2024-K11-8997.dw.png","238","571","258","595","209","688","263","652","347","614","257","764","260","837","269","803","328","815","328","782","386","793","428","767","470","765","312","896","370","904","463","963","491","996","524","987","84","505"
"NL-0055-12-57-2024-K11-8998.dw.png","216","555","238","583","187","665","243","632","329","594","247","746","252","817","262","787","314","786","315","758","378","773","419","745","462","741","306","874","365","881","457","928","491","965","522","947","57","504"
"NL-0055-12-57-2024-K11-8999.dw.png","249","514","265","540","207","619","263","595","353","562","249","697","249","773","261","745","319","770","321","724","378","746","422","726","462","727","296","838","350","851","441","919","466","951","498","938","92","434"
"NL-0055-12-57-2024-K11-9001.dw.png","257","520","269","548","201","636","259","609","355","585","231","716","216","787","236","758","289","787","297","750","351","778","397","762","441","767","254","860","307","884","389","967","406","1001","442","999","113","421"
"NL-0055-12-57-2024-K11-9002.dw.png","245","519","257","546","194","624","251","595","343","579","225","699","215","777","231","747","285","771","291","734","347","762","392","747","436","754","254","844","312","865","387","928","410","970","446","962","103","427"
"NL-0055-12-57-2024-K11-9003.dw.png","279","513","299","535","260","625","310","589","393","543","319","699","331","770","337","739","396","746","393","717","450","720","489","692","531","684","388","824","446","829","542","871","574","901","607","887","113","457"
"NL-0055-12-57-2024-K11-9004.dw.png","517","292","537","314","496","410","546","372","633","321","554","486","567","557","573","526","632","533","629","503","689","505","731","476","777","466","624","608","684","613","785","655","820","683","854","668","359","235"
"NL-0055-12-57-2024-K11-9005.dw.png","258","490","269","518","194","578","258","565","350","555","218","668","199","739","219","713","268","733","278","706","330","736","380","724","423","736","228","808","282","835","351","916","370","959","405","956","124","379"
"NL-0055-12-57-2024-K11-9006.dw.png","243","519","257","545","193","627","252","603","344","579","227","709","216","783","235","756","288","776","294","747","352","765","398","748","441","751","259","848","316","870","398","940","419","974","456","970","99","429"
"NL-0055-12-57-2024-K11-9007.dw.png","589","670","611","650","699","696","659","646","617","560","772","649","843","647","814","634","829","575","789","578","799","518","773","476","771","436","903","596","912","533","967","445","998","417","985","385","528","829"
"NL-0055-12-57-2024-K11-9009.dw.png","272","536","283","560","213","639","274","624","368","598","243","724","227","793","245","764","299","794","308","760","363","785","411","772","455","777","265","867","315","887","399","973","421","1015","458","1010","137","427"
"NL-0055-12-57-2024-K11-9010.dw.png","257","509","269","541","195","602","257","587","348","577","219","687","200","761","219","733","268","756","279","731","330","761","377","753","420","766","230","830","279","856","349","940","368","985","402","983","127","402"
"NL-0055-12-57-2024-K11-9011.dw.png","231","532","248","557","186","640","245","607","339","585","227","728","220","798","235","768","290","789","295","748","353","771","401","753","444","756","261","862","322","880","405","950","428","986","463","980","86","439"
"NL-0055-12-57-2024-K11-9012.dw.png","236","501","251","531","180","605","242","585","334","567","211","691","196","762","214","734","269","760","278","728","330","754","377","741","420","746","234","832","288","855","367","937","385","972","421","967","96","399"
"NL-0055-12-57-2024-K11-9013.dw.png","537","306","554","335","498","419","551","393","641","358","537","497","534","567","548","539","599","552","604","523","660","539","704","521","748","523","582","630","634","641","721","701","746","734","782","729","399","226"
"NL-0055-12-57-2024-K11-9014.dw.png","620","331","633","358","572","436","627","410","715","383","602","507","595","583","610","556","661","575","668","543","720","570","767","556","811","565","634","648","689","668","767","733","792","773","828","769","487","240"
"NL-0055-12-57-2024-K11-9015.dw.png","235","530","248","562","174","634","237","615","333","601","203","725","186","795","205","769","259","801","271","763","321","788","369","775","409","783","225","872","275","893","352","971","368","1007","405","1005","100","428"
"NL-0055-12-57-2024-K11-9016.dw.png","226","509","238","531","171","614","230","594","328","575","202","702","188","779","208","752","258","774","267","740","321","764","370","751","411","760","227","855","282","876","354","947","374","990","410","987","94","405"
"NL-0055-12-57-2024-K11-9017.dw.png","231","542","245","569","176","640","237","616","329","602","211","727","200","798","216","770","268","791","275","754","329","781","375","766","421","775","234","862","289","884","368","954","392","997","426","991","89","443"
"NL-0055-12-57-2024-K11-9018.dw.png","268","465","277","496","199","558","262","547","356","540","216","646","191","717","214","692","263","728","275","699","323","728","370","722","410","736","218","793","267","823","331","909","344","949","378","950","150","345"
"NL-0055-12-57-2024-K11-9019.dw.png","247","483","261","513","192","588","254","566","349","546","227","677","215","747","233","720","288","751","295","712","349","736","396","721","438","727","257","820","309","840","390","916","410","952","445","949","102","387"
"NL-0055-12-57-2024-K11-9020.dw.png","250","493","261","520","189","592","249","571","339","558","210","674","190","742","210","717","263","748","274","719","325","746","371","734","413","744","220","815","274","845","347","930","362","968","395","966","125","380"
"NL-0055-12-57-2024-K11-9021.dw.png","286","466","292","493","204","558","269","546","365","550","213","641","181","710","204","689","252","720","265","697","312","734","362","732","404","748","201","793","242","820","301","923","311","969","345","974","167","335"
"NL-0055-12-57-2024-K11-9023.dw.png","686","260","652","272","589","197","605","262","614","357","491","228","422","210","448","231","424","283","458","293","424","348","436","396","428","440","349","245","323","301","242","377","198","398","205","433","786","121"
"NL-0055-12-57-2024-K11-9024.dw.png","230","559","248","581","200","674","253","635","338","598","250","751","249","819","263","790","319","803","320","774","376","780","416","755","461","753","302","880","359","889","451","951","475","981","509","972","76","490"
"NL-0055-12-57-2024-K11-9025.dw.png","262","485","270","510","190","578","252","569","350","565","206","671","180","740","204","714","250","748","260","724","313","751","362","742","404","756","205","814","255","842","318","932","331","977","367","980","140","368"
"NL-0056-17-78-2024-K01-8006.dw.png","482","304","500","329","447","415","503","387","590","337","496","497","502","569","512","538","569","552","570","517","628","529","673","499","718","494","552","623","612","631","702","676","733","711","771","699","332","228"
"NL-0056-17-78-2024-K01-8007.dw.png","458","330","476","355","425","444","480","409","566","367","477","525","483","596","493","566","551","582","549","543","608","555","648","529","693","523","532","648","590","656","679","703","708","737","744","729","304","258"
"NL-0056-17-78-2024-K01-8008.dw.png","235","581","252","605","191","681","254","660","338","619","240","769","242","848","252","812","311","828","315","790","371","806","414","782","458","781","287","901","346","914","434","971","463","1008","498","992","77","499"
"NL-0056-17-78-2024-K01-8009.dw.png","263","566","281","592","223","668","282","646","368","607","272","748","273","824","285","793","345","814","346","777","401","788","441","764","482","759","317","880","378","893","469","953","494","984","527","968","112","496"
"NL-0056-17-78-2024-K01-8010.dw.png","243","523","258","551","191","617","254","599","343","572","231","706","222","780","239","750","295","779","299","739","354","764","396","745","440","746","266","848","320","865","402","934","425","971","460","961","97","424"
"NL-0056-17-78-2024-K01-8011.dw.png","286","438","287","469","195","504","261","513","356","529","194","600","153","666","183","646","222","694","240","667","282","706","331","705","370","723","163","739","209","781","254","881","257","925","293","931","190","294"
"NL-0056-17-78-2024-K01-8012.dw.png","272","440","276","474","186","518","251","523","348","533","192","617","157","684","183","658","228","704","247","672","290","711","338","710","378","728","173","761","219","799","273","892","280","930","316","934","165","297"
"NL-0056-17-78-2024-K01-8013.dw.png","219","595","239","616","193","707","248","677","336","627","247","780","263","864","269","826","332","836","332","806","393","812","433","784","469","775","320","919","382","922","481","967","510","996","543","976","56","534"
"NL-0056-17-78-2024-K01-8014.dw.png","268","553","285","577","231","661","286","625","372","590","278","736","280","813","291","779","351","799","351","760","409","774","448","749","492","745","326","872","389","885","479","941","506","976","541","961","109","477"
"NL-0056-17-78-2024-K01-8015.dw.png","551","310","567","340","502","415","563","390","654","358","545","502","543","573","556","544","616","567","617","534","673","550","717","527","763","523","584","630","645","648","736","710","762","744","798","733","407","224"
"NL-0056-17-78-2024-K01-8016.dw.png","238","526","254","554","188","627","251","607","342","575","230","714","222","790","238","757","295","785","299","743","354","763","398","742","444","742","263","851","320","868","406","939","427","970","464","956","88","439"
"NL-0056-17-78-2024-K01-8017.dw.png","233","595","256","613","219","708","273","669","348","609","283","772","304","847","305","810","369","818","358","776","420","778","457","747","498","737","363","892","420","888","522","922","555","946","585","924","65","570"
"NL-0056-17-78-2024-K01-8018.dw.png","234","600","251","619","199","703","254","670","338","627","249","778","257","858","265","820","322","834","321","797","381","810","422","787","464","782","304","910","366","918","454","965","486","1005","519","988","66","527"
"NL-0056-17-78-2024-K01-8019.dw.png","238","561","257","585","200","663","262","643","349","600","252","749","258","829","269","792","332","811","329","767","388","785","430","760","476","754","309","884","373","893","463","945","494","982","528","966","75","492"
"NL-0056-17-78-2024-K01-8020.dw.png","225","539","242","566","182","638","241","612","328","576","225","719","224","794","238","763","296","782","298","748","356","765","397","740","440","736","269","854","329","865","419","928","444","961","478","947","68","456"
"NL-0056-17-78-2024-K01-8021.dw.png","253","520","269","542","207","626","271","603","365","564","256","709","263","791","272","757","332","776","333","734","392","753","438","733","485","730","312","851","369","859","459","915","494","957","530","939","89","441"
"NL-0056-17-78-2024-K01-8022.dw.png","257","503","271","525","207","600","270","583","364","552","252","693","248","769","263","736","322","763","324","722","382","742","427","721","470","722","294","831","353","847","435","911","461","950","497","940","101","415"
"NL-0056-17-78-2024-K01-8023.dw.png","249","492","263","519","192","584","257","574","349","548","227","678","214","755","232","722","290","753","297","712","350","736","397","723","443","729","253","819","312","840","390","909","411","949","451","940","104","384"
"NL-0056-17-78-2024-K01-8024.dw.png","230","565","249","585","201","683","256","640","344","597","253","757","262","837","270","800","332","814","332","782","393","791","435","763","477","753","318","893","374","900","473","949","503","983","539","967","60","490"
"NL-0056-17-78-2024-K01-8025.dw.png","877","422","858","449","762","429","812","469","883","536","706","505","641","534","674","532","678","595","712","581","720","639","757","669","779","710","607","603","617","665","601","773","582","810","612","833","890","254"
"NL-0056-17-78-2024-K01-8026.dw.png","467","348","489","372","450","462","500","420","579","366","513","535","527","602","533","571","595","577","587","542","647","544","684","513","728","499","584","648","647","650","749","688","782","714","815","696","306","303"
"NL-0056-17-78-2024-K01-8027.dw.png","239","571","257","592","206","675","261","646","345","601","257","751","261","830","272","795","329","810","329","771","389","786","429","762","471","755","312","884","370","892","463","944","494","980","527","963","74","492"
"NL-0056-17-78-2024-K01-8028.dw.png","232","608","252","629","204","716","261","682","347","633","263","792","277","871","282","832","349","845","345","806","407","815","445","784","485","773","337","924","399","925","499","967","532","999","565","980","64","554"
"NL-0056-17-78-2024-K01-8029.dw.png","579","684","602","665","684","718","651","661","611","577","763","666","835","663","805","651","824","590","781","591","795","535","768","496","759","455","893","611","901","552","956","460","983","435","965","403","518","845"
"NL-0056-17-78-2024-K01-8030.dw.png","466","649","495","638","570","714","552","651","539","554","651","691","737","705","702","687","736","634","699","623","730","570","722","525","726","484","802","676","829","619","910","544","950","527","945","488","351","780"
"NL-0056-17-78-2024-K01-8031.dw.png","226","580","248","603","203","690","258","657","341","606","267","769","282","849","288","814","350","821","345","781","405","788","446","757","489","747","338","900","400","901","498","942","530","971","563","951","58","528"
"NL-0056-17-78-2024-K01-8032.dw.png","251","585","270","603","229","695","281","660","360","606","289","770","302","844","306","807","364","816","361","781","423","787","461","758","503","750","356","893","411","893","511","937","543","965","578","951","86","537"
"NL-0056-17-78-2024-K01-8033.dw.png","250","498","271","525","219","606","275","582","361","538","270","682","278","762","287","725","349","745","349","706","406","720","446","697","488","691","332","818","393","826","486","877","515","907","549","892","91","431"
"NL-0056-17-78-2024-K01-8034.dw.png","283","463","300","491","239","568","300","550","389","511","286","653","284","729","297","699","354","721","356","684","413","701","456","679","498","679","329","790","384","804","472","869","492","898","526","887","128","382"
"NL-0056-17-78-2024-K01-8035.dw.png","250","552","270","570","229","658","281","628","362","574","283","724","303","808","308","774","371","783","365","745","427","752","463","725","504","714","361","859","422","860","520","902","554","933","585","911","86","499"
"NL-0057-17-78-2024-K02-8040.dw.png","881","549","856","563","780","496","795","559","828","652","696","533","622","527","644","542","621","592","659","600","635","655","653","701","648","745","553","571","537","620","470","703","433","728","442","764","973","409"
"NL-0057-17-78-2024-K02-8041.dw.png","349","470","368","446","467","473","425","425","355","358","528","402","596","380","562","379","559","321","530","327","526","269","485","236","470","197","633","319","629","256","651","155","674","120","654","87","324","634"
"NL-0057-17-78-2024-K02-8042.dw.png","222","590","245","614","202","715","255","672","336","621","260","788","271","859","278","827","340","838","336","800","393","805","435","771","474","763","330","916","393","921","488","965","518","995","549","976","57","544"
"NL-0057-17-78-2024-K02-8043.dw.png","228","562","244","583","187","665","248","634","337","607","242","753","248","826","257","796","311","806","313","774","373","787","415","763","455","760","295","884","350","892","436","944","467","981","501","973","74","490"
"NL-0057-17-78-2024-K02-8044.dw.png","206","577","224","606","162","685","225","658","312","622","212","766","216","846","226","811","283","830","285","794","341","805","382","781","424","780","262","905","320","914","400","964","427","999","460","984","51","509"
"NL-0057-17-78-2024-K02-8045.dw.png","221","588","240","608","195","699","251","670","337","620","256","782","266","860","274","823","329","832","328","794","387","805","431","774","471","767","319","914","380","919","470","964","499","995","533","976","56","536"
"NL-0057-17-78-2024-K02-8046.dw.png","697","652","683","624","751","559","692","576","604","598","719","476","733","408","713","434","665","412","659","442","605","421","560","438","525","433","693","340","644","326","575","265","554","226","519","229","829","744"
"NL-0057-17-78-2024-K02-8047.dw.png","221","556","238","579","185","665","241","636","329","601","233","741","235","818","249","790","302","806","303","764","361","783","404","760","444","757","287","883","342","894","427","948","456","985","491","973","65","487"
"NL-0057-17-78-2024-K02-8049.dw.png","227","583","249","604","208","699","261","661","339","609","268","765","283","840","288","806","348","819","342","775","403","783","441","754","481","746","344","894","400","895","495","935","529","964","562","946","60","546"
"NL-0057-17-78-2024-K02-8050.dw.png","491","292","510","320","458","413","512","381","603","344","506","492","509","567","521","538","572","552","575","516","633","533","679","509","722","504","562","631","612","638","703","690","731","721","769","712","345","226"
"NL-0057-17-78-2024-K02-8051.dw.png","223","573","243","598","191","682","246","650","330","611","245","763","248","837","261","808","317","821","317","783","374","794","416","763","457","760","305","898","360","903","449","949","480","982","513","966","61","511"
"NL-0057-17-78-2024-K02-8052.dw.png","219","558","236","583","180","672","238","637","330","601","227","749","230","832","245","802","303","818","304","775","362","790","409","765","450","763","285","896","340","902","431","960","458","992","494","979","59","489"
"NL-0057-17-78-2024-K02-8053.dw.png","249","529","263","553","198","628","263","606","352","578","244","721","242","797","255","768","311","788","314","753","374","768","418","746","460","745","285","861","340","875","428","940","452","973","486","961","96","444"
"NL-0057-17-78-2024-K02-8054.dw.png","244","540","259","567","197","647","258","619","350","589","242","735","239","811","255","782","312","803","315","763","374","778","420","754","461","753","285","873","344","888","433","949","460","986","495","972","88","460"
"NL-0057-17-78-2024-K02-8055.dw.png","214","559","233","584","181","674","238","640","323","603","234","752","237","829","250","797","310","816","311","780","365","791","407","763","449","759","294","894","350","899","440","949","468","982","500","970","54","496"
"NL-0057-17-78-2024-K02-8056.dw.png","225","574","243","598","182","683","246","658","335","618","236","767","236","842","248","808","307","829","308","788","368","804","413","778","454","773","288","906","349","917","440","970","465","999","501","986","57","500"
"NL-0057-17-78-2024-K02-8057.dw.png","224","563","246","586","196","676","254","636","342","597","258","757","270","837","276","799","336","811","335","778","398","784","442","752","482","744","329","894","389","898","486","946","517","978","549","959","52","504"
"NL-0057-17-78-2024-K02-8058.dw.png","669","685","653","664","703","574","647","608","557","643","651","495","648","420","638","452","581","437","581","474","524","461","479","491","438","493","598","362","539","352","447","298","422","269","389","285","828","748"
"NL-0057-17-78-2024-K02-8059.dw.png","567","335","578","358","512","444","570","425","665","389","547","533","538","604","554","580","608","598","613","574","671","591","722","572","765","574","581","675","640","695","721","760","744","795","782","791","426","240"
"NL-0057-17-78-2024-K02-8060.dw.png","542","328","557","353","495","433","553","408","646","383","538","520","535","588","548","560","602","580","607","550","663","568","709","547","752","547","581","655","632","665","716","725","745","767","783","761","403","236"
"NL-0057-17-78-2024-K02-8061.dw.png","233","542","253","570","199","663","254","630","344","589","246","741","246","817","259","784","318","805","319","767","377","779","422","754","461","751","296","878","358","892","443","942","471","978","504","965","79","472"
"NL-0057-17-78-2024-K02-8062.dw.png","228","572","251","599","204","688","259","651","343","605","265","765","278","840","284","804","349","820","344","778","402","784","441","749","482","739","341","896","397","895","491","933","523","962","556","944","59","521"
"NL-0057-17-78-2024-K02-8063.dw.png","239","519","253","545","179","612","247","597","342","579","216","709","205","791","221","760","275","786","283","751","342","778","394","761","434","765","242","861","299","883","383","959","404","997","440","985","93","408"
"NL-0057-17-78-2024-K02-8064.dw.png","229","563","242","583","183","669","242","635","329","609","224","750","217","827","234","795","287","811","293","780","350","798","395","773","437","773","262","891","320","905","406","968","429","1002","465","993","76","485"
"NL-0057-17-78-2024-K02-8065.dw.png","224","514","234","538","158","609","223","588","313","578","182","695","163","769","184","740","236","770","245","740","299","768","348","751","388","757","197","845","249","866","321","943","338","982","375","976","91","408"
"NL-0057-17-78-2024-K02-8066.dw.png","232","494","246","524","173","593","239","577","329","557","214","689","201","764","220","736","276","766","282","726","338","748","386","727","427","728","245","839","301","854","382","922","404","960","441","951","81","399"
"NL-0057-17-78-2024-K02-8067.dw.png","655","236","631","251","550","191","574","251","610","342","468","238","393","233","424","250","403","305","438","310","425","366","449","410","449","450","332","279","316","341","262","423","226","449","236","484","731","80"
"NL-0057-17-78-2024-K02-8068.dw.png","212","594","232","615","184","708","242","673","323","620","244","787","255","866","266","834","323","840","321","807","383","812","423","779","462","773","311","921","371","923","466","968","497","998","528","977","45","532"
"NL-0057-17-78-2024-K02-8069.dw.png","225","600","246","620","206","719","259","670","345","622","273","794","290","871","296","835","355","838","348","802","410","799","450","765","490","756","353","921","411","917","508","954","539","978","572","960","50","557"
"NL-0057-17-78-2024-K02-8070.dw.png","216","568","235","595","176","679","237","650","326","611","229","762","234","839","245","808","306","828","306","787","366","802","411","771","453","766","290","905","348","912","443","965","470","998","504","983","50","499"
"NL-0058-17-78-2024-K03-8074.dw.png","438","343","461","364","432","467","473","415","554","363","497","539","507","601","514","571","574","577","563","537","624","541","662","507","705","495","564","644","626","643","726","678","763","707","796","689","280","301"
"NL-0058-17-78-2024-K03-8075.dw.png","234","532","250","561","181","623","245","619","332","587","223","721","215","799","231","766","287","793","289","751","344","774","391","754","432","757","254","859","316","879","397","944","418","976","454","967","96","443"
"NL-0058-17-78-2024-K03-8076.dw.png","561","229","547","255","446","249","494","284","565","341","394","329","334","356","365","356","374","413","404","401","418","457","458","482","480","518","298","431","316","487","307","586","288","629","313","652","567","53"
"NL-0058-17-78-2024-K03-8077.dw.png","602","210","576","236","488","194","523","247","573","323","413","263","340","279","374","285","372","343","404","334","401","395","439","428","454","467","294","338","294","399","263","492","237","525","254","558","645","49"
"NL-0058-17-78-2024-K03-8078.dw.png","586","208","568","233","471","205","517","250","578","321","407","276","338","298","370","301","367","368","412","347","411","411","449","445","468","482","298","362","305","427","278","527","255","563","272","593","613","41"
"NL-0058-17-78-2024-K03-8079.dw.png","569","218","549","242","453","210","497","256","552","326","388","276","317","293","349","299","341","363","384","350","387","408","418","443","431","480","272","357","278","418","248","515","224","546","248","574","603","57"
"NL-0058-17-78-2024-K03-8080.dw.png","598","220","581","246","475","235","528","272","590","342","417","314","352","339","386","340","389","401","424","386","429","448","471","476","489","512","314","411","327","466","307","570","288","608","311","636","608","51"
"NL-0058-17-78-2024-K03-8081.dw.png","526","239","515","269","416","273","472","300","548","347","383","356","323","396","354","392","372","448","401","426","420","477","464","496","489","525","302","471","329","523","332","621","320","660","349","680","496","78"
"NL-0058-17-78-2024-K03-8082.dw.png","661","232","637","253","546","209","586","260","629","342","470","267","398","275","428","286","418","343","458","335","445","400","477","439","486","479","346","332","342","392","294","488","265","518","277","552","716","73"
"NL-0058-17-78-2024-K03-8083.dw.png","570","367","581","400","512","479","569","455","662","439","539","564","524","629","542","608","593","637","599","602","655","628","701","616","746","624","559","697","615","719","691","793","713","833","750","830","449","266"
"NL-0058-17-78-2024-K03-8084.dw.png","321","353","354","343","430","418","414","358","393","265","524","391","589","407","566","389","595","336","561","330","588","276","578","227","583","185","655","374","683","317","752","245","792","225","789","189","213","476"
"NL-0058-17-78-2024-K03-8085.dw.png","210","573","229","597","181","689","233","653","314","613","233","766","234","838","246","810","307","830","302","785","357","795","399","770","440","765","285","895","347","905","431","950","462","985","495","972","60","505"
"NL-0058-17-78-2024-K03-8086.dw.png","227","557","246","581","200","673","250","639","331","597","251","750","252","822","264","789","323","808","320","770","378","784","419","755","460","748","304","881","365","889","457","938","488","974","520","962","70","478"
"NL-0058-17-78-2024-K03-8087.dw.png","212","601","235","625","196","713","248","676","321","622","263","785","276","854","284","823","342","827","333","790","391","790","426","757","466","749","333","899","397","897","488","928","521","957","552","938","54","561"
"NL-0058-17-78-2024-K03-8088.dw.png","554","221","538","249","433","234","488","271","553","337","383","308","318","334","348","336","352","402","390","383","400","443","442","469","460","506","280","409","295","470","284","566","263","606","289","630","566","46"
"NL-0058-17-78-2024-K03-8089.dw.png","238","652","263","667","255","772","288","718","350","653","326","820","354","888","355","854","415","850","399","816","459","805","487","765","522","745","427","925","491","912","586","924","622","943","647","919","66","640"
"NL-0058-17-78-2024-K03-8090.dw.png","581","248","566","275","467","267","515","303","586","362","417","346","354","376","386","375","393","434","425","418","440","473","483","497","503","533","324","447","340","507","332","607","314","646","340","670","591","73"
"NL-0058-17-78-2024-K03-8091.dw.png","604","689","628","665","720","703","679","655","631","576","792","636","863","623","833","615","839","556","800","567","800","511","770","474","759","435","910","561","910","501","941","416","970","381","952","350","566","846"
"NL-0058-17-78-2024-K03-8093.dw.png","901","521","875","541","776","504","815","548","865","629","706","559","639","565","669","575","656","631","690","627","682","684","712","726","723","769","587","620","582","682","541","777","509","812","522","845","968","365"
"NL-0058-17-78-2024-K03-8094.dw.png","536","310","554","339","499","423","555","394","642","354","550","508","551","574","563","547","623","565","617","525","677","539","720","509","766","504","603","632","661","639","750","687","778","716","815","706","386","239"
"NL-0058-17-78-2024-K03-8095.dw.png","218","587","241","609","206","704","253","660","331","613","267","772","281","844","289","815","349","820","340","782","398","783","434","752","473","740","340","893","401","892","494","926","525","953","554","932","55","544"
"NL-0058-17-78-2024-K03-8096.dw.png","212","625","235","644","207","747","249","694","326","639","273","811","290","878","294","847","359","851","345","810","407","812","440","773","479","757","353","922","418","918","512","947","551","976","580","953","40","591"
"NL-0058-17-78-2024-K03-8097.dw.png","551","689","577","671","673","719","639","668","599","581","748","673","820","675","787","661","809","606","773","605","785","548","758","506","755","461","877","630","892","565","943","478","981","449","969","415","469","842"
"NL-0058-17-78-2024-K03-8098.dw.png","240","545","256","571","198","662","256","630","350","600","245","745","242","821","256","791","316","812","315","773","375","790","420","770","462","768","289","884","354","900","432","951","461","989","497","977","86","456"
"NL-0058-17-78-2024-K03-8099.dw.png","235","534","250","564","183","634","245","616","334","589","226","730","218","803","234","772","288","804","289","757","347","775","392","757","432","760","260","866","315","880","399","949","419","980","455","969","95","450"
"NL-0058-17-78-2024-K03-8100.dw.png","244","531","260","565","194","637","254","611","341","593","232","723","224","798","240","769","298","800","299","754","354","775","397","755","441","754","267","862","325","878","402","935","426","972","464","968","101","443"
"NL-0058-17-78-2024-K03-8101.dw.png","263","521","276","547","215","631","271","599","362","580","252","711","242","783","259","756","316","786","320","744","374","769","420","746","463","747","287","854","346","872","427","934","452","973","486","964","119","417"
"NL-0058-17-78-2024-K03-8102.dw.png","266","535","283","564","224","648","282","618","371","587","272","735","270","808","283","778","338","790","338","757","399","772","440","746","484","742","316","866","377","879","459","930","486","964","524","955","112","453"
"NL-0058-17-78-2024-K03-8103.dw.png","224","579","243","603","194","697","251","663","337","620","249","776","251","844","262","813","323","823","320","793","386","806","428","779","467","771","303","902","371","910","455","951","489","988","523","973","62","512"
"NL-0058-17-78-2024-K03-8104.dw.png","682","236","657","251","569","191","598","251","628","344","475","239","404","234","436","250","414","308","449","308","433","369","458","414","461","456","341","283","329","343","267","430","235","453","250","490","764","81"
"NL-0059-20-12-2024-K01-7837.dw.png","584","305","598","338","533","415","589","393","680","369","565","495","557","566","571","539","622","560","628","529","683","556","728","539","773","548","596","632","654","650","727","714","754","758","790","753","453","208"
"NL-0059-20-12-2024-K01-7838.dw.png","514","332","531","351","484","447","539","416","625","366","540","531","545","604","554","570","612","580","608","544","671","553","717","526","761","523","599","656","664","664","763","716","794","748","828","727","362","271"
"NL-0059-20-12-2024-K01-7839.dw.png","456","304","478","323","444","422","492","381","573","324","508","491","525","563","531","530","588","532","580","497","640","498","679","465","722","457","587","607","650","605","744","634","780","662","811","643","297","271"
"NL-0059-20-12-2024-K01-7840.dw.png","239","670","269","682","272","783","299","727","345","646","347","816","389","879","383","846","445","831","417","792","472","776","492","730","524","705","467","901","519","876","615","870","657","883","682","858","63","690"
"NL-0059-20-12-2024-K01-7841.dw.png","260","513","276","538","218","618","277","598","362","562","262","705","259","781","275","748","327","763","328","724","386","744","432","724","472","724","305","841","366","854","453","915","477","950","511","935","109","430"
"NL-0059-20-12-2024-K01-7842.dw.png","264","503","277","525","215","605","273","581","365","556","253","689","245","770","262","739","317","761","319","723","375","743","422","725","463","730","291","838","352","856","430","914","454","954","488","942","114","415"
"NL-0059-20-12-2024-K01-7843.dw.png","254","572","271","594","223","689","276","658","361","610","268","763","268","843","281","810","341","829","340","783","395","800","437","774","481","775","319","903","380","916","465","968","490","999","524","984","98","496"
"NL-0059-20-12-2024-K01-7844.dw.png","259","561","279","581","233","676","288","642","366","589","293","753","305","829","314","797","365","797","363","763","424","772","464","744","505","739","359","881","422","886","515","927","548","961","579","946","97","507"
"NL-0059-20-12-2024-K01-7845.dw.png","248","501","262","523","202","609","258","584","346","554","241","695","230","763","247","735","303","763","305","722","359","742","405","721","444","726","272","829","330","843","411","910","431","944","464","933","105","407"
"NL-0059-20-12-2024-K01-7846.dw.png","256","567","275","589","229","681","283","642","366","597","290","765","296","835","306","804","369","818","360","768","420","782","459","759","501","754","354","893","414","898","506","949","535","982","566","969","91","501"
"NL-0059-20-12-2024-K01-7847.dw.png","500","307","520","332","475","427","526","390","605","338","527","496","537","575","546","544","603","551","601","512","661","525","704","501","749","496","591","627","654","632","746","673","782","707","816","694","340","243"
"NL-0059-20-12-2024-K01-7848.dw.png","512","296","529","316","479","410","536","384","621","331","532","494","537","568","547","538","608","556","604","511","665","523","710","498","755","496","593","626","654","634","749","683","777","713","812","696","359","231"
"NL-0059-20-12-2024-K01-7849.dw.png","273","499","282","522","205","589","270","580","363","565","230","682","209","759","231","730","282","760","291","723","346","750","393","740","434","753","243","832","302","858","369","925","387","971","422","962","136","391"
"NL-0059-20-12-2024-K01-7850.dw.png","552","221","544","248","440","260","499","285","580","334","406","346","342","395","377","383","399","434","426","415","451","470","496","491","518","529","324","469","353","527","361","626","348","668","383","681","511","54"
"NL-0059-20-12-2024-K01-7851.dw.png","589","232","573","259","467","242","518","282","590","346","415","313","349","339","381","341","390","395","423","384","430","446","472","476","491","514","311","409","324","461","304","570","284","607","305","637","604","60"
"NL-0059-20-12-2024-K01-7852.dw.png","563","223","551","251","445","246","500","282","575","338","401","326","336","359","371","356","388","409","418","394","428","451","468","477","486","516","308","430","328","489","322","579","302","623","328","649","556","50"
"NL-0059-20-12-2024-K01-7853.dw.png","239","592","259","608","221","706","275","669","351","610","289","778","305","853","311","816","365","811","361","784","422","782","461","750","505","744","367","900","433","897","528","928","566","959","596","937","68","554"
"NL-0059-20-12-2024-K01-7854.dw.png","545","267","532","291","434","276","480","321","555","378","380","361","309","400","347","393","356","457","394","431","409","488","448","518","467","557","282","465","305","529","298","633","280","672","311","695","542","94"
"NL-0059-20-12-2024-K01-7855.dw.png","252","637","277","652","265","758","303","708","367","640","336","813","359","880","361","847","419","840","404","804","466","798","496","764","539","750","420","914","488","904","586","925","630","951","656","925","83","623"
"NL-0059-20-12-2024-K01-7856.dw.png","608","230","590","251","490","224","537","269","594","347","427","290","348","312","387","315","382","379","426","362","426","427","461","464","474","509","305","380","313","442","281","548","255","584","279","614","639","61"
"NL-0059-20-12-2024-K01-7857.dw.png","922","495","899","516","800","476","833","528","892","608","723","537","652","548","686","555","679","611","713","605","706","667","732","706","739","752","604","602","603","662","560","755","530","788","540","825","976","335"
"NL-0059-20-12-2024-K01-7858.dw.png","462","319","480","349","425","434","479","398","566","364","470","514","468","588","481","556","536","568","537","530","599","554","643","530","683","531","515","644","576","655","665","712","690","744","726","736","312","235"
"NL-0059-20-12-2024-K01-7859.dw.png","469","323","488","347","443","439","494","397","575","351","500","517","509","590","518","559","575","564","570","526","633","539","675","511","719","505","566","644","628","648","721","693","753","723","788","705","308","257"
"NL-0059-20-12-2024-K01-7860.dw.png","316","371","346","356","427","421","398","364","371","270","512","386","586","396","559","378","579","325","547","320","568","261","551","213","555","170","649","354","668","295","738","210","769","191","765","151","218","511"
"NL-0059-20-12-2024-K01-7861.dw.png","554","307","568","334","502","424","564","404","659","364","543","517","536","588","552","558","607","579","611","540","670","562","717","539","764","541","577","651","641","670","726","739","745","769","786","761","410","214"
"NL-0059-20-12-2024-K01-7862.dw.png","222","550","241","574","191","661","247","621","329","581","248","741","256","818","266","784","325","790","320","751","383","765","424","739","466","734","313","876","375","880","465","927","494","958","527","941","51","482"
"NL-0059-20-12-2024-K01-7863.dw.png","270","523","284","552","217","628","277","600","368","580","251","712","239","788","258","761","312","783","318","750","376","772","422","754","463","761","280","858","338","876","419","949","437","983","475","978","125","424"
"NL-0059-20-12-2024-K01-7864.dw.png","269","507","284","532","217","617","280","599","372","566","257","710","246","784","263","753","320","774","325","735","382","759","427","736","470","739","286","849","351","871","429","942","447","974","485","964","119","411"
"NL-0059-20-12-2024-K01-7865.dw.png","245","563","263","588","214","679","271","642","351","597","270","761","273","833","286","801","347","813","342","769","408","785","450","757","491","753","332","893","395","897","494","950","519","979","554","965","74","495"
"NL-0059-20-12-2024-K01-7866.dw.png","250","538","267","560","213","648","271","623","356","581","263","729","263","811","278","776","332","788","332","752","393","767","436","743","481","744","314","871","379","881","466","935","494","972","528","956","91","467"
"NL-0060-20-12-2024-K02-7871.dw.png","536","337","550","361","498","450","551","421","640","382","543","531","542","598","554","568","608","588","609","550","666","569","709","544","756","538","590","656","646","668","739","728","768","763","806","754","393","249"
"NL-0060-20-12-2024-K02-7873.dw.png","244","526","259","549","199","630","260","607","344","574","243","721","233","793","252","765","307","785","313","753","370","764","416","743","458","740","279","859","341","873","429","942","449","971","485","963","92","434"
"NL-0060-20-12-2024-K02-7874.dw.png","266","499","281","528","211","598","280","577","366","553","252","691","243","767","257","734","318","767","323","721","379","741","424","722","466","721","285","832","344","852","424","917","446","955","484","947","121","401"
"NL-0060-20-12-2024-K02-7875.dw.png","231","564","253","584","214","673","265","633","345","586","278","745","294","821","299","788","361","791","352","754","413","757","450","726","491","713","351","866","413","868","513","906","545","932","578","915","65","515"
"NL-0060-20-12-2024-K02-7876.dw.png","269","493","284","526","212","586","278","580","370","561","250","682","239","761","257","732","311","754","320","718","370","746","414","727","458","730","276","825","330","847","410","919","429","955","468","952","134","394"
"NL-0060-20-12-2024-K02-7877.dw.png","256","501","273","531","209","602","269","588","359","559","249","685","244","764","260","737","315","755","322","717","374","742","420","723","463","725","284","827","342","847","425","910","451","953","486","942","111","405"
"NL-0060-20-12-2024-K02-7879.dw.png","258","525","277","552","217","622","276","605","362","572","262","703","262","784","275","754","330","768","333","732","388","754","431","733","474","731","305","843","364","859","451","919","476","955","510","940","111","436"
"NL-0060-20-12-2024-K02-7881.dw.png","548","314","566","343","507","420","564","397","658","366","552","499","556","575","566","546","620","560","623","527","681","546","726","522","774","524","602","634","659","647","750","706","778","741","815","730","405","230"
"NL-0060-20-12-2024-K02-7882.dw.png","605","340","616","371","541","437","604","425","701","410","569","529","555","604","572","576","626","602","635","573","688","598","737","582","784","590","587","668","645","694","721","767","742","809","780","810","480","227"
"NL-0060-20-12-2024-K02-7883.dw.png","229","589","248","610","204","705","258","671","339","620","258","776","266","852","275","821","339","834","334","792","391","800","429","768","474","761","324","911","385","914","478","961","508","992","542","974","65","517"
"NL-0060-20-12-2024-K02-7884.dw.png","214","609","236","629","194","722","246","679","329","630","258","792","272","868","278","833","342","840","337","805","395","804","430","770","473","758","336","919","395","916","486","950","524","984","557","967","43","561"
"NL-0060-20-12-2024-K02-7885.dw.png","594","224","575","246","477","215","522","262","577","334","413","280","342","299","373","304","372","363","406","355","407","416","445","451","464","488","295","361","299","425","267","526","240","561","259","592","641","52"
"NL-0060-20-12-2024-K02-7886.dw.png","296","544","312","564","257","649","314","621","397","582","302","726","302","798","314","768","373","785","374","749","429","761","470","736","516","731","351","860","410","872","499","930","524","961","560","949","141","452"
"NL-0060-20-12-2024-K02-7887.dw.png","258","564","277","583","227","673","284","636","365","592","284","756","291","829","298","797","357","814","356","767","414","781","455","754","495","746","345","889","401","895","490","946","522","986","558","979","97","496"
"NL-0060-20-12-2024-K02-7889.dw.png","251","548","269","571","215","652","271","623","356","587","265","732","270","808","279","777","338","794","338","757","395","769","434","747","476","742","315","864","374","876","466","937","494","973","530","967","91","471"
"NL-0060-20-12-2024-K02-7890.dw.png","261","509","275","540","212","613","270","586","360","568","248","690","240","771","256","743","310","760","315","726","370","747","414","728","458","733","281","834","339","853","414","914","438","956","473","945","118","411"
"NL-0060-20-12-2024-K02-7891.dw.png","564","314","581","343","519","427","578","405","669","369","562","516","557","584","571","559","628","583","630","541","685","560","731","537","778","535","603","648","662","666","748","725","773","759","811","750","426","230"
"NL-0060-20-12-2024-K02-7892.dw.png","552","368","563","397","488","470","551","455","647","435","515","561","501","632","517","606","570","637","582","601","634","625","683","613","727","621","535","700","588","727","662","799","685","844","722","843","428","251"
"NL-0060-20-12-2024-K02-7893.dw.png","223","566","244","588","197","678","252","646","332","597","254","754","258","827","270","797","331","808","327","765","386","778","424","748","468","739","316","886","377","891","473","938","502","971","535","954","59","497"
"NL-0060-20-12-2024-K02-7894.dw.png","249","554","265","575","213","665","268","632","354","592","259","741","259","818","270","784","335","809","333","762","387","775","429","749","474","746","305","875","372","889","459","943","486","977","520","964","92","463"
"NL-0060-20-12-2024-K02-7895.dw.png","638","249","618","267","522","223","560","276","607","355","451","276","376","282","409","291","393","355","434","352","427","409","456","449","464","492","320","337","314","400","261","497","231","528","247","560","711","85"
"NL-0060-20-12-2024-K02-7896.dw.png","258","544","276","568","213","646","275","615","361","590","257","731","253","804","265","772","328","801","330","752","386","770","429","747","471","745","296","866","359","882","442","940","464","975","501","966","109","457"
"NL-0060-20-12-2024-K02-7897.dw.png","254","525","275","553","220","632","277","597","362","564","272","713","273","788","286","759","346","780","344","737","401","750","441","723","483","718","323","845","383","858","470","912","501","948","534","937","97","451"
"NL-0060-20-12-2024-K02-7898.dw.png","245","536","260","560","198","647","257","620","345","585","236","727","230","801","245","772","306","796","309","753","366","774","410","754","455","752","276","866","336","884","422","949","446","988","483","978","95","433"
"NL-0060-20-12-2024-K02-7899.dw.png","255","581","275","600","230","688","284","645","363","602","297","763","313","838","319","804","381","814","373","777","430","779","464","746","506","735","368","883","428","886","523","928","556","956","589","943","85","530"
"NL-0060-20-12-2024-K02-7900.dw.png","238","556","256","579","202","666","258","629","345","593","250","742","250","817","263","788","321","804","323","760","379","777","420","751","467","747","300","877","358","888","450","948","477","980","511","965","81","477"
"NL-0060-20-12-2024-K02-7901.dw.png","218","581","239","602","189","690","247","660","329","610","246","769","250","841","262","809","326","826","322","784","380","794","417","764","461","755","307","900","369","907","462","952","494","985","526","973","58","524"
"NL-0060-20-12-2024-K02-7902.dw.png","241","535","257","562","194","645","257","613","346","582","237","730","229","805","243","773","307","800","311","756","367","770","412","747","456","746","274","869","338","886","421","942","445","981","484","973","83","441"
"NL-0060-20-12-2024-K02-7904.dw.png","226","536","244","565","183","641","241","617","330","590","223","720","217","800","233","770","287","786","293","752","347","774","391","754","433","755","257","862","315","881","396","943","421","981","455","973","83","440"
"NL-0060-20-12-2024-K02-7905.dw.png","249","493","260","522","183","594","247","580","340","563","210","683","191","753","211","727","267","764","278","721","330","753","379","740","424","746","226","831","283","858","358","937","376","980","414","974","117","367"
"NL-0061-20-12-2024-K03-7906.dw.png","900","533","878","551","783","502","824","555","868","642","704","554","635","554","667","566","653","623","691","621","679","684","704","732","713","776","579","606","571","669","519","767","487","797","496","835","973","375"
"NL-0061-20-12-2024-K03-7907.dw.png","495","319","510","346","449","428","507","405","596","367","493","516","488","587","502","557","557","581","560","543","620","562","665","544","710","540","531","650","588","666","673","726","695","757","733","746","352","232"
"NL-0061-20-12-2024-K03-7908.dw.png","238","589","257","611","209","708","264","657","349","616","271","790","274","855","284","820","348","837","344","796","406","801","446","772","490","763","330","910","396","914","490","958","524","991","557","971","61","532"
"NL-0061-20-12-2024-K03-7909.dw.png","225","570","254","589","229","692","270","637","338","573","295","747","320","824","320","784","385","787","371","745","432","740","467","704","507","691","382","862","446","850","540","870","577","895","607","868","52","550"
"NL-0061-20-12-2024-K03-7910.dw.png","238","562","259","586","215","683","266","645","344","595","269","753","275","826","285","793","343","807","339","765","396","775","438","749","478","745","327","880","387","884","477","932","509","966","541","948","73","508"
"NL-0061-20-12-2024-K03-7911.dw.png","242","534","259","557","199","649","259","613","349","582","241","730","233","801","249","769","307","792","312","753","370","771","415","749","455","751","275","862","338","876","425","941","444","968","481","959","84","448"
"NL-0061-20-12-2024-K03-7912.dw.png","265","534","278","562","206","634","270","611","360","592","236","717","222","793","239","759","291","787","302","749","353","778","401","764","443","772","254","855","311","877","386","953","404","989","442","979","120","427"
"NL-0061-20-12-2024-K03-7913.dw.png","230","501","244","528","175","609","236","588","328","564","210","699","197","773","215","739","270","769","277","729","334","753","381","735","423","742","233","836","298","861","371","921","390","956","428","948","88","406"
"NL-0061-20-12-2024-K03-7914.dw.png","244","552","262","575","212","664","268","638","350","585","265","744","269","816","279","782","338","798","337","765","397","768","439","746","481","740","322","873","381","881","475","934","502","963","538","952","80","481"
"NL-0061-20-12-2024-K03-7915.dw.png","233","534","250","558","194","648","253","619","337","576","245","732","246","804","258","772","313","787","315","751","373","762","416","738","458","738","295","863","353","871","438","923","464","955","497","940","74","472"
"NL-0061-20-12-2024-K03-7916.dw.png","510","265","532","290","488","384","540","350","623","293","548","462","557","536","563","497","624","511","620","477","686","483","729","452","777","446","614","587","675","589","771","626","807","659","846","640","353","210"
"NL-0061-20-12-2024-K03-7917.dw.png","506","345","524","368","473","461","526","425","607","376","518","532","520","606","531","572","588","595","586","553","645","568","688","544","732","541","564","657","621","664","712","719","737","748","776","737","354","277"
"NL-0061-20-12-2024-K03-7918.dw.png","213","567","228","587","168","670","229","646","320","608","215","763","209","836","225","799","284","822","286","791","345","799","392","775","436","775","261","901","318","909","404","964","428","997","467","989","54","487"
"NL-0061-20-12-2024-K03-7919.dw.png","229","551","253","579","207","668","259","633","338","585","261","741","264","810","276","778","332","790","329","755","387","763","429","737","470","734","319","868","379","872","466","918","498","952","531","937","71","504"
"NL-0061-20-12-2024-K03-7920.dw.png","230","559","251","579","208","670","263","629","343","577","279","746","295","818","301","786","360","787","353","750","413","749","450","720","490","707","353","864","412","862","511","898","539","920","571","899","56","516"
"NL-0061-20-12-2024-K03-7921.dw.png","266","555","282","582","222","670","281","640","368","601","262","751","257","827","271","795","327","819","329","773","387","795","431","777","476","780","298","887","357","903","441","967","466","1002","503","990","113","481"
"NL-0061-20-12-2024-K03-7922.dw.png","238","575","257","596","214","688","268","649","345","599","274","763","284","839","292","805","354","825","348","779","404","784","446","755","487","748","337","890","395","893","489","938","523","971","556","955","73","523"
"NL-0061-20-12-2024-K03-7923.dw.png","232","557","252","577","205","669","259","633","342","587","259","741","264","817","275","782","335","794","334","762","395","766","437","736","479","730","318","870","383","876","478","922","504","949","541","936","62","494"
"NL-0061-20-12-2024-K03-7924.dw.png","229","556","250","583","194","672","252","634","338","596","244","751","243","818","255","789","317","813","318","768","377","781","420","757","461","755","295","880","357","890","446","946","476","980","509","964","66","485"
"NL-0061-20-12-2024-K03-7925.dw.png","249","528","265","553","203","640","263","612","353","576","242","721","231","794","249","759","304","783","309","747","367","769","413","750","455","752","273","856","332","869","414","935","437","971","474","964","96","433"
"NL-0061-20-12-2024-K03-7926.dw.png","528","283","550","307","509","410","557","360","639","304","563","478","571","548","581","518","637","525","633","484","696","496","741","465","785","458","625","596","685","598","788","646","815","671","854","655","365","227"
"NL-0061-20-12-2024-K03-7928.dw.png","220","585","241","611","188","695","245","662","329","618","243","769","246","850","258","812","318","828","316","785","375","796","417","770","461","767","299","903","362","907","452","954","482","986","516","969","56","530"
"NL-0061-20-12-2024-K03-7929.dw.png","539","644","567","628","643","694","616","632","592","543","734","651","811","660","776","644","803","587","765","582","780","524","762","478","767","435","873","618","887","557","949","476","983","452","972","415","460","797"
"NL-0061-20-12-2024-K03-7930.dw.png","251","534","266","559","204","636","263","611","351","584","245","723","236","797","252","760","310","788","314","752","371","770","418","751","458","755","279","862","342","878","423","937","445","970","482","959","98","443"
"NL-0061-20-12-2024-K03-7931.dw.png","237","546","255","576","191","648","253","625","340","595","237","732","231","809","247","778","301","798","306","759","362","779","405","759","449","759","276","871","331","881","414","940","442","981","478","970","84","454"
"NL-0061-20-12-2024-K03-7932.dw.png","243","516","254","544","176","613","243","595","335","579","204","703","182","776","204","743","257","782","268","742","324","770","373","757","417","768","215","846","277","872","346","942","363","976","404","971","102","408"
"NL-0061-20-12-2024-K03-7933.dw.png","252","531","268","559","203","646","265","615","357","585","241","727","230","804","249","771","307","794","312","756","372","779","416","762","459","762","273","868","335","888","417","956","436","987","477","980","93","437"
"NL-0061-20-12-2024-K03-7934.dw.png","243","548","263","575","212","672","265","621","349","587","263","750","263","818","275","785","335","803","333","761","391","773","434","750","474","747","313","874","374","884","463","936","491","970","525","952","77","480"
"NL-0061-20-12-2024-K03-7935.dw.png","250","488","262","514","187","587","251","568","341","550","216","679","196","744","215","718","267","749","277","712","332","735","383","726","422","731","228","816","284","839","356","914","374","956","411","951","113","377"
"NL-0062-20-12-2024-K04-7936.dw.png","530","296","545","316","496","414","551","371","637","321","551","493","558","566","567","534","625","545","622","507","686","520","728","492","775","484","614","622","674","629","762","672","794","704","833","691","370","229"
"NL-0062-20-12-2024-K04-7937.dw.png","514","273","535","295","494","397","546","358","626","298","555","470","568","540","573","509","636","523","629","484","692","489","734","460","778","449","623","591","684","595","782","637","816","667","852","654","355","226"
"NL-0062-20-12-2024-K04-7938.dw.png","239","557","258","580","212","678","263","634","346","587","260","745","264","823","274","790","335","803","333","760","392","773","436","751","478","746","314","878","375","889","470","939","496","967","530","954","79","494"
"NL-0062-20-12-2024-K04-7939.dw.png","229","582","250","603","212","704","265","663","338","606","275","778","284","848","291","814","355","825","347","785","408","787","446","755","487","745","341","898","405","901","503","944","532","970","566","954","59","532"
"NL-0062-20-12-2024-K04-7940.dw.png","232","535","250","558","203","655","256","620","337","570","250","724","256","801","265","768","321","781","318","742","379","754","424","733","464","727","307","861","361","867","450","917","477","952","512","938","71","464"
"NL-0062-20-12-2024-K04-7941.dw.png","259","563","273","583","216","672","275","637","362","601","266","754","266","833","279","800","336","815","337","775","398","793","443","774","485","770","312","889","373","904","463","958","488","992","526","983","95","486"
"NL-0062-20-12-2024-K04-7942.dw.png","230","565","248","589","191","681","249","643","340","607","239","762","242","840","252","805","314","824","313","783","373","797","415","778","458","773","288","896","349","909","437","965","464","1000","499","989","68","490"
"NL-0062-20-12-2024-K04-7943.dw.png","254","538","271","562","210","646","269","619","358","581","254","732","248","808","264","776","323","798","324","757","383","778","427","753","472","750","296","873","359","887","443","949","465","982","503","973","98","450"
"NL-0062-20-12-2024-K04-7944.dw.png","276","488","284","514","204","580","270","569","364","555","225","676","201","743","224","718","272","747","285","716","334","746","381","739","421","748","225","812","279","843","341","924","353","961","389","959","154","365"
"NL-0062-20-12-2024-K04-7945.dw.png","255","549","268","572","204","658","264","631","352","598","242","742","229","813","248","786","302","805","307","775","362","791","407","778","449","778","266","875","325","895","402","957","422","995","460","993","108","462"
"NL-0062-20-12-2024-K04-7946.dw.png","600","318","611","343","534","420","596","408","695","383","561","516","545","589","563","559","615","600","625","558","681","587","731","577","778","585","575","655","631","685","705","758","726","802","765","803","471","200"
"NL-0062-20-12-2024-K04-7947.dw.png","602","385","609","416","524","477","586","472","680","462","537","566","509","631","532","607","576","642","594","605","640","642","689","640","732","653","530","697","580","729","640","814","655","857","693","863","496","254"
"NL-0062-20-12-2024-K04-7948.dw.png","235","543","251","566","191","655","252","630","339","588","233","735","225","811","241","775","299","796","304","760","361","775","408","754","451","755","271","874","329","886","414","949","438","983","477","969","79","458"
"NL-0062-20-12-2024-K04-7949.dw.png","234","555","252","577","200","667","257","629","341","587","249","739","253","814","263","781","323","793","321","754","380","767","422","742","466","736","302","870","364","875","446","922","478","959","512","945","72","482"
"NL-0062-20-12-2024-K04-7950.dw.png","527","662","550","650","634","714","605","654","582","562","719","679","798","689","767","672","796","617","751","611","776","554","764","510","767","467","861","652","882","594","947","518","985","497","980","458","435","812"
"NL-0062-20-12-2024-K04-7951.dw.png","231","574","250","601","191","682","251","656","335","616","240","768","235","838","250","807","305","823","308","790","365","805","408","782","449","780","278","898","335","912","423","975","446","1007","481","993","82","501"
"NL-0062-20-12-2024-K04-7952.dw.png","633","249","611","267","524","219","558","274","598","358","446","272","374","275","404","287","391","347","428","343","421","402","449","439","455","483","323","323","314","387","264","477","231","507","244","542","699","89"
"NL-0062-20-12-2024-K04-7953.dw.png","233","579","251","603","193","682","253","659","338","617","240","762","240","838","252","803","310","817","312","787","370","796","412","772","455","769","286","896","344","904","431","961","461","1000","495","988","74","504"
"NL-0062-20-12-2024-K04-7954.dw.png","523","636","548","622","630","688","609","625","576","533","718","650","790","661","758","643","782","589","740","583","764","526","745","479","744","435","856","620","881","557","945","479","980","456","970","419","428","788"
"NL-0062-20-12-2024-K04-7955.dw.png","235","540","251","564","195","652","252","618","342","583","242","733","239","811","252","778","312","799","310","755","369","773","414","754","456","750","283","868","342","882","425","937","451","975","488","968","78","461"
"NL-0062-20-12-2024-K04-7956.dw.png","272","871","263","846","341","772","282","781","187","806","319","670","337","607","318","631","268","599","258","631","203","602","154","613","109","609","307","538","251","508","173","421","156","384","119","382","393","993"
"NL-0062-20-12-2024-K04-7957.dw.png","517","310","535","337","480","428","536","402","629","355","527","512","524","581","538","550","596","565","596","528","656","543","701","520","749","519","572","638","635","649","723","702","750","735","790","725","363","233"
"NL-0062-20-12-2024-K04-7959.dw.png","218","576","238","599","184","691","242","657","325","608","238","776","236","844","250","810","310","823","310","787","370","796","411","769","452","765","287","899","350","909","445","963","473","996","506","977","56","505"
"NL-0062-20-12-2024-K04-7960.dw.png","276","539","289","561","224","638","286","624","373","594","264","732","255","808","272","777","325","805","330","767","388","786","431","770","472","772","295","874","349","894","426","956","448","994","487","989","133","442"
"NL-0062-20-12-2024-K04-7961.dw.png","232","536","247","560","180","639","243","623","333","592","222","730","213","806","231","777","288","804","295","767","352","787","397","771","437","769","255","875","315","899","398","964","418","1001","456","993","83","438"
"NL-0062-20-12-2024-K04-7963.dw.png","255","586","273","607","227","699","282","662","362","612","283","771","290","843","299","810","360","820","356","780","413","789","453","760","496","755","345","897","404","899","494","944","527","976","560","961","89","530"
"NL-0062-20-12-2024-K04-7964.dw.png","231","614","253","633","213","726","267","687","341","632","276","794","290","867","295","833","355","838","347","796","408","802","446","772","485","761","347","913","407","912","493","948","533","980","565","963","66","570"
"NL-0062-20-12-2024-K04-7965.dw.png","235","601","252","619","210","711","263","674","337","622","269","785","277","858","285","823","344","838","338","793","395","801","434","774","469","764","332","912","389","915","478","958","508","989","540","978","69","540"
"NL-0062-20-12-2024-K04-7966.dw.png","248","577","267","597","218","690","275","653","360","604","277","769","282","842","291","807","353","821","349","778","412","787","454","759","495","750","335","896","401","903","497","949","528","980","563","964","80","510"
"NL-0062-20-12-2024-K04-7967.dw.png","240","554","255","576","193","659","255","632","346","595","240","749","237","827","251","791","306","805","309","771","370","789","416","768","459","766","283","889","342","899","426","958","453","999","489","985","81","469"
"NL-0063-20-12-2024-K05-7972.dw.png","535","277","549","301","486","384","546","362","634","328","528","472","524","548","540","521","594","547","598","504","654","526","699","505","743","505","568","609","626","628","710","687","734","720","771","712","395","199"
"NL-0063-20-12-2024-K05-7973.dw.png","239","497","251","522","183","611","245","579","334","553","218","701","205","771","224","742","279","767","285","728","340","751","386","736","430","740","242","838","303","859","379","929","398","964","435","959","96","398"
"NL-0063-20-12-2024-K05-7974.dw.png","239","585","256","605","200","690","260","663","337","620","258","781","260","850","272","821","330","837","328","798","386","809","425","784","464","776","312","909","372","917","463","973","488","1002","520","988","79","509"
"NL-0063-20-12-2024-K05-7977.dw.png","233","540","253","562","204","647","259","619","339","574","264","731","268","804","280","773","336","784","335","750","392","760","431","733","473","728","318","858","379","867","472","920","499","949","532","934","75","482"
"NL-0063-20-12-2024-K05-7978.dw.png","252","526","266","550","200","626","263","607","351","577","247","719","241","795","257","766","314","788","317","750","374","768","417","747","459","745","286","860","346","877","429","940","451","971","488","960","97","435"
"NL-0063-20-12-2024-K05-7979.dw.png","262","504","274","530","203","596","266","582","357","566","236","689","224","767","241","737","292","768","301","728","354","754","397","742","440","749","257","829","311","853","386","929","403","966","439","960","121","397"
"NL-0063-20-12-2024-K05-7980.dw.png","230","564","249","586","194","670","254","651","335","603","249","756","255","836","264","800","326","826","321","781","379","791","422","766","463","762","305","894","361","901","456","961","481","991","515","977","73","494"
"NL-0063-20-12-2024-K05-7981.dw.png","530","296","548","319","501","414","553","379","637","331","557","496","565","567","574","537","630","550","628","516","685","525","728","498","775","491","616","622","675","628","768","676","798","706","832","691","377","228"
"NL-0063-20-12-2024-K05-7982.dw.png","521","297","538","323","476","406","534","384","621","344","522","493","521","568","533","541","588","563","587","519","647","536","692","518","735","517","568","627","623","640","704","695","729","726","765","718","376","211"
"NL-0063-20-12-2024-K05-7983.dw.png","236","537","254","564","193","639","254","618","342","586","245","733","243","809","257","777","313","795","313","754","374","772","416","750","458","748","287","867","351","883","437","938","464","972","498","958","86","461"
"NL-0063-20-12-2024-K05-7984.dw.png","244","536","260","562","195","637","257","619","345","585","245","730","242","806","257","776","312","793","314","758","375","774","417","749","460","751","288","870","347","882","437","942","461","973","497","962","92","453"
"NL-0063-20-12-2024-K05-7985.dw.png","256","556","273","579","218","673","275","633","359","596","267","757","266","834","278","800","338","817","337","775","392","790","437","767","482","767","309","888","372","902","461","960","483","989","519","976","105","488"
"NL-0063-20-12-2024-K05-7986.dw.png","260","516","270","545","199","610","262","590","350","580","232","705","216","782","236","754","286","786","293","744","348","771","392","755","434","760","249","848","305","871","376","949","397","991","434","986","125","413"
"NL-0063-20-12-2024-K05-7987.dw.png","255","520","268","552","194","611","258","601","348","585","225","710","209","786","227","755","279","793","288","750","340","779","385","767","426","774","239","852","297","881","366","958","384","994","419","993","122","417"
"NL-0063-20-12-2024-K05-7988.dw.png","277","448","291","474","229","553","290","533","379","503","274","643","269","721","283","691","338","715","341","678","400","697","440","677","484","678","311","783","369","801","452","866","474","899","509","888","131","360"
"NL-0063-20-12-2024-K05-7989.dw.png","246","565","262","586","210","680","264","646","349","603","259","762","258","835","272","805","329","825","328","783","385","793","426","770","466","764","306","894","367","907","455","963","478","993","511","978","89","490"
"NL-0063-20-12-2024-K05-7990.dw.png","254","531","270","558","209","636","267","607","355","582","255","726","251","798","266","771","322","792","323","753","383","772","424","751","465","751","296","860","356","878","440","941","465","976","500","964","103","448"
"NL-0063-20-12-2024-K05-7991.dw.png","484","288","505","308","467","409","518","370","596","312","533","485","550","559","557","527","616","535","610","499","672","503","710","469","756","456","608","607","671","609","780","649","815","675","849","657","325","241"
"NL-0063-20-12-2024-K05-7992.dw.png","490","313","511","331","484","441","526","391","600","331","550","509","565","574","570","544","630","548","621","514","678","512","717","481","761","469","623","620","689","620","787","652","819","676","851","659","329","272"
"NL-0063-20-12-2024-K05-7993.dw.png","240","577","258","601","205","682","262","652","345","613","261","769","265","843","276","810","333","823","332","783","392","798","432","769","473","764","316","900","375","907","468","958","497","991","531","976","82","514"
"NL-0063-20-12-2024-K05-7994.dw.png","235","572","258","597","210","683","265","647","347","606","273","764","284","839","293","807","350","818","347","780","407","789","444","763","485","756","335","889","397","895","490","942","520","973","552","958","70","523"
"NL-0063-20-12-2024-K05-7995.dw.png","248","577","266","600","218","688","270","656","351","612","274","768","279","846","292","815","351","830","347","787","407","798","444","771","485","764","333","901","394","906","484","953","520","991","551","976","87","512"
"NL-0063-20-12-2024-K05-7996.dw.png","257","532","276","560","215","637","278","617","363","579","264","719","266","797","277","766","335","780","337","743","395","761","438","739","481","736","314","860","371","871","458","928","488","966","523","954","100","449"
"NL-0063-20-12-2024-K05-7997.dw.png","269","549","284","576","219","644","280","627","368","600","264","737","260","816","275","784","329","808","331","764","387","786","429","766","469","766","302","877","362","893","438","950","463","987","497","973","125","463"
"NL-0063-20-12-2024-K05-7998.dw.png","248","574","265","594","217","698","272","660","353","611","269","776","271","849","283","815","339","829","337","786","392","799","433","775","476","774","321","905","381","912","467","964","491","997","525","987","86","509"
"NL-0063-20-12-2024-K05-7999.dw.png","250","544","266","568","205","650","263","616","351","591","251","737","245","813","260","783","317","803","319","766","378","782","422","760","463","758","292","876","352","893","441","956","466","989","500","974","99","462"
"NL-0063-20-12-2024-K05-8001.dw.png","233","523","246","545","184","624","244","601","333","574","227","715","217","787","235","757","290","779","294","745","352","767","395","745","439","744","258","851","317","868","404","938","426","972","464","963","86","434"
"NL-0063-20-12-2024-K05-8002.dw.png","247","524","265","548","205","625","265","604","350","571","257","713","256","793","271","763","326","783","328","746","385","762","424","738","467","735","307","855","363","868","449","926","476","960","510","947","97","449"
"NL-0063-20-12-2024-K05-8003.dw.png","222","632","248","647","224","746","270","696","338","631","306","805","337","877","339","843","401","837","388","802","448","792","478","753","516","734","409","913","472","900","579","918","613","936","639","908","46","628"
"NL-0063-20-12-2024-K05-8004.dw.png","228","562","248","583","203","683","253","638","333","588","258","757","263","831","274","799","336","812","331","772","393","776","430","745","473","737","321","887","382","890","483","941","508","966","541","950","58","499"
"NL-0064-04-24-2024-K01-9743.dw.png","359","458","377","479","326","563","381","535","460","494","370","635","372","710","384","678","445","699","444","657","498","673","540","647","582","646","424","768","487","777","572","826","598","856","631","842","206","388"
"NL-0064-04-24-2024-K01-9744.dw.png","472","482","499","464","585","519","551","462","513","382","661","471","728","471","698","460","717","398","680","399","692","343","668","301","665","259","790","416","797","356","848","272","884","242","872","206","404","631"
"NL-0064-04-24-2024-K01-9745.dw.png","401","479","418","505","354","573","415","557","502","529","395","661","390","738","404","707","461","737","465","699","518","715","562","691","603","694","431","802","489","818","568","884","593","922","627","913","255","390"
"NL-0064-04-24-2024-K01-9746.dw.png","358","396","371","419","311","490","372","472","460","446","351","569","350","648","362","618","422","646","423","605","479","624","523","601","563","601","390","707","453","727","535","791","557","821","591","809","211","307"
"NL-0064-04-24-2024-K01-9747.dw.png","408","522","435","506","513","567","487","509","461","422","598","525","671","529","640","516","665","461","626","458","646","403","622","359","623","318","731","488","749","430","810","350","845","326","836","290","323","666"
"NL-0064-04-24-2024-K01-9748.dw.png","379","406","396","433","342","521","400","496","481","454","389","598","391","672","402","644","461","665","461","625","516","637","558","612","599","610","438","730","500","745","584","796","612","830","646","814","230","325"
"NL-0064-04-24-2024-K01-9751.dw.png","346","471","362","497","303","582","360","547","447","524","344","661","339","732","354","702","413","726","416","687","472","706","517","684","557","685","384","795","448","808","528","866","554","903","590","886","200","386"
"NL-0064-04-24-2024-K01-9752.dw.png","370","450","384","479","320","553","379","530","462","503","353","637","343","703","358","678","413","706","420","666","472","688","518","671","557","672","380","770","440","793","514","864","534","898","568","891","233","357"
"NL-0064-04-24-2024-K01-9753.dw.png","436","523","462","509","539","577","517","514","493","425","620","542","702","550","669","534","692","478","659","471","679","416","661","371","668","330","764","509","785","445","845","374","885","349","877","315","339","668"
"NL-0064-04-24-2024-K01-9754.dw.png","350","449","362","473","293","547","355","530","435","505","325","627","311","697","328","670","383","700","390","664","443","686","488","669","524","671","346","761","407","786","477","854","496","892","531","883","209","342"
"NL-0064-04-24-2024-K01-9755.dw.png","430","415","445","439","383","514","444","495","529","460","425","600","422","674","435","644","494","667","496","631","554","648","597","627","639","623","468","738","527","751","613","815","638","852","674","843","286","323"
"NL-0064-04-24-2024-K01-9756.dw.png","440","505","466","489","539","552","521","489","492","400","631","505","705","506","676","493","694","439","662","435","676","379","653","337","652","294","765","463","782","403","841","324","880","296","866","261","357","649"
"NL-0064-04-24-2024-K01-9757.dw.png","398","391","413","423","347","503","408","484","497","457","385","587","377","667","393","634","447","660","452","623","507","643","555","624","597","628","417","728","478","753","557","817","581","855","618","847","256","292"
"NL-0064-04-24-2024-K01-9758.dw.png","400","497","428","487","500","561","481","496","466","408","581","535","652","553","626","534","660","479","626","469","649","418","637","372","646","332","721","517","744","459","811","392","855","371","850","336","283","633"
"NL-0064-04-24-2024-K01-9759.dw.png","407","406","420","435","354","509","416","497","501","469","389","596","381","672","397","645","449","676","455","631","508","655","554","639","595","643","417","733","476","757","553","826","576","862","613","856","272","311"
"NL-0064-04-24-2024-K01-9760.dw.png","443","525","471","508","550","563","531","505","493","422","627","517","707","515","674","502","697","447","655","448","674","391","649","348","650","305","764","470","782","410","838","323","874","293","862","259","362","671"
"NL-0064-04-24-2024-K01-9761.dw.png","408","401","419","425","347","491","411","472","496","462","376","575","361","643","378","616","430","649","440","608","489","637","535","621","574","625","395","709","450","733","518","802","539","843","572","838","275","291"
"NL-0064-04-24-2024-K01-9762.dw.png","399","364","411","389","346","469","409","450","498","416","383","560","373","629","389","602","448","627","452","582","506","602","551","582","594","586","412","690","474","709","551","771","569","800","606","788","261","260"
"NL-0064-04-24-2024-K01-9763.dw.png","327","451","345","474","293","555","350","524","430","487","346","636","347","708","359","678","417","696","417","660","472","668","513","640","552","637","396","765","457","776","544","829","568","860","601","849","173","382"
"NL-0064-04-24-2024-K01-9764.dw.png","385","417","397","445","323","518","388","499","479","479","352","603","338","679","356","651","412","685","420","644","474","671","521","659","559","662","373","747","431","771","504","844","523","885","558","883","248","307"
"NL-0064-04-24-2024-K01-9765.dw.png","412","557","440","541","527","598","492","541","460","458","605","556","673","561","645","546","666","488","629","486","645","430","625","387","625","344","738","511","752","449","806","371","842","345","832","310","329","706"
"NL-0064-04-24-2024-K01-9766.dw.png","394","559","422","544","502","609","478","549","453","461","586","571","662","577","630","563","658","504","612","501","636","446","619","401","622","358","720","539","741","474","799","400","836","375","823","338","299","702"
"NL-0064-04-24-2024-K01-9767.dw.png","396","423","408","450","344","525","403","504","490","484","382","609","371","682","387","654","440","678","446","643","497","667","541","649","581","654","409","746","465","767","543","835","566","870","599","862","253","327"
"NL-0064-04-24-2024-K01-9768.dw.png","450","572","477","553","563","605","539","547","496","467","637","555","720","548","686","539","707","477","665","480","682","419","654","377","650","335","780","496","790","433","841","343","873","314","855","279","381","729"
"NL-0064-04-24-2024-K01-9769.dw.png","800","380","771","396","694","338","722","397","751","482","617","381","540","378","572","392","549","452","588","453","572","508","598","553","602","594","480","426","464","491","405","574","371","600","383","632","884","227"
"NL-0064-04-24-2024-K01-9770.dw.png","404","390","418","414","356","492","416","474","502","433","398","574","397","647","408","621","467","643","469","607","524","621","566","600","606","599","441","709","499","721","581","781","606","817","638","805","254","301"
"NL-0064-04-24-2024-K01-9771.dw.png","407","494","434","481","503","545","493","482","455","395","594","504","667","508","636","495","666","436","622","434","641","378","620","335","618","292","729","465","741","408","801","327","838","302","831","264","311","637"
"NL-0064-04-24-2024-K01-9772.dw.png","430","390","442","420","375","486","433","474","523","457","404","568","390","641","408","615","461","644","469","610","520","638","567","622","605","626","429","713","485","738","557","808","578","846","613","839","301","281"
"NL-0064-04-24-2024-K01-9773.dw.png","426","499","444","523","390","604","447","574","525","538","437","679","440","750","451","722","510","739","511","704","566","716","608","693","647","688","494","815","556","826","639","873","667","905","700","892","275","431"
"NL-0065-04-24-2024-K02-9774.dw.png","382","306","396","331","333","419","390","387","480","363","370","499","359","574","378","544","431","568","436","527","491","551","537","531","581","540","403","640","464","659","546","728","568","763","608","762","241","215"
"NL-0065-04-24-2024-K02-9775.dw.png","383","457","396","482","332","570","389","538","479","515","369","650","359","724","378","695","431","719","436","679","492","702","537","682","581","691","403","790","464","810","546","880","567","913","606","913","242","366"
"NL-0065-04-24-2024-K02-9776.dw.png","383","457","396","482","333","570","390","538","479","515","370","651","359","726","377","694","431","719","435","679","491","703","537","683","581","692","401","790","463","811","545","880","566","913","606","913","242","366"
"NL-0065-04-24-2024-K02-9777.dw.png","378","445","399","472","346","548","402","526","487","486","403","632","409","704","417","671","476","689","474","656","532","666","570","634","612","629","464","763","521","769","614","822","641","850","677","838","223","377"
"NL-0065-04-24-2024-K02-9778.dw.png","374","404","386","437","311","492","374","487","466","479","338","584","318","663","339","639","390","672","400","635","451","664","498","654","539","665","353","738","406","763","476","837","493","875","529","873","245","285"
"NL-0065-04-24-2024-K02-9779.dw.png","430","418","439","448","363","505","425","501","519","493","388","603","368","675","389","652","438","685","448","651","498","683","546","673","587","685","399","748","451","778","521","863","536","899","575","904","308","300"
"NL-0065-04-24-2024-K02-9780.dw.png","368","438","383","460","326","542","382","514","467","479","369","623","364","692","379","660","433","679","436","647","491","660","535","638","577","644","410","751","472","766","557","827","579","858","615","844","221","350"
"NL-0065-04-24-2024-K02-9781.dw.png","362","435","374","461","303","531","367","516","456","496","338","622","326","689","342","661","394","691","402","655","455","680","502","664","544","672","363","759","419","783","499","856","518","891","555","884","218","328"
"NL-0065-04-24-2024-K02-9782.dw.png","400","446","411","468","342","542","402","523","493","504","370","628","354","700","372","670","423","697","433","666","488","691","535","679","579","689","389","768","442","786","521","866","542","908","581","903","268","341"
"NL-0065-04-24-2024-K02-9783.dw.png","407","418","419","445","343","512","407","495","499","486","370","604","352","672","370","644","422","680","433","639","485","671","535","660","578","671","383","744","439","773","518","858","536","895","574","895","270","300"
"NL-0065-04-24-2024-K02-9784.dw.png","384","423","394","452","321","517","382","510","476","496","347","610","330","684","349","659","400","696","410","658","460","686","507","674","549","685","359","752","417","782","488","863","505","900","544","899","256","311"
"NL-0065-04-24-2024-K02-9785.dw.png","409","431","419","460","347","532","405","515","502","502","371","611","357","687","374","659","424","688","433","653","485","685","534","673","575","684","389","756","443","780","518","858","537","896","573","893","278","324"
"NL-0065-04-24-2024-K02-9787.dw.png","406","433","423","459","366","526","423","511","506","476","413","613","411","679","423","651","479","671","481","642","538","657","577","634","620","634","461","743","516","755","602","813","627","845","663","838","260","347"
"NL-0065-04-24-2024-K02-9788.dw.png","373","448","389","475","328","548","387","531","475","501","373","639","368","710","380","677","438","707","439","669","496","687","539","661","582","662","413","774","470","790","555","850","578","883","614","874","223","351"
"NL-0065-04-24-2024-K02-9789.dw.png","362","433","381","456","335","550","386","508","468","467","385","621","392","697","402","664","463","683","457","639","519","653","559","625","606","619","448","755","509","764","606","812","640","849","676","834","202","362"
"NL-0065-04-24-2024-K02-9790.dw.png","449","554","472","535","547","587","520","531","482","450","627","533","697","527","664","518","675","461","644","462","656","405","627","366","621","326","752","475","760","415","809","323","840","294","827","261","374","715"
"NL-0065-04-24-2024-K02-9791.dw.png","436","544","457","529","546","581","514","528","481","441","624","538","700","541","669","527","687","470","651","469","669","409","644","367","645","324","762","493","776","431","831","345","866","318","858","280","354","698"
"NL-0065-04-24-2024-K02-9792.dw.png","503","568","529","555","595","616","585","560","560","470","680","581","755","590","725","574","751","520","714","517","741","462","717","420","721","376","823","549","842","492","911","412","947","389","943","352","403","708"
"NL-0065-04-24-2024-K02-9793.dw.png","329","442","347","459","309","565","358","525","439","474","361","635","370","709","379","675","433","678","432","649","495","655","538","628","581","622","426","763","485","764","583","811","620","847","656","832","162","383"
"NL-0065-04-24-2024-K02-9794.dw.png","345","437","363","463","304","535","363","519","447","484","353","622","352","695","365","664","421","685","422","648","478","666","517","640","559","636","399","755","459","769","545","828","569","858","603","847","197","355"
"NL-0065-04-24-2024-K02-9795.dw.png","389","437","409","456","371","552","419","509","496","460","428","619","436","689","446","656","504","670","498","627","557","637","597","607","640","601","494","741","557","746","661","791","692","819","725","803","227","385"
"NL-0065-04-24-2024-K02-9796.dw.png","476","528","500","510","587","560","558","504","511","425","662","511","742","497","707","489","713","435","684","435","702","372","680","333","672","285","802","439","807","382","863","283","900","246","887","213","408","688"
"NL-0065-04-24-2024-K02-9797.dw.png","294","510","312","537","261","622","316","590","400","552","312","701","314","773","325","741","383","754","382","720","438","734","477","703","519","699","362","829","427","843","516","900","543","932","580","922","134","434"
"NL-0065-04-24-2024-K02-9798.dw.png","293","500","310","524","254","600","313","583","398","543","305","685","309","766","319","730","377","748","376","709","434","725","476","697","519","693","359","823","421","835","511","890","537","921","571","909","138","421"
"NL-0065-04-24-2024-K02-9799.dw.png","343","472","360","498","307","577","362","557","443","515","351","656","349","727","362","696","414","709","417","676","471","693","511","665","555","665","396","787","451","796","534","848","561","884","598","875","196","394"
"NL-0065-04-24-2024-K02-9800.dw.png","446","530","472","516","540","582","527","523","505","435","626","548","704","557","674","541","701","489","662","483","689","430","674","388","680","345","770","519","789","465","859","386","892","366","887","332","343","665"
"NL-0065-04-24-2024-K02-9801.dw.png","339","428","355","450","297","544","354","507","444","473","346","628","344","705","358","673","415","695","415","653","473","666","517","643","561","644","391","764","455","781","546","843","567","868","602","856","185","347"
"NL-0065-04-24-2024-K02-9802.dw.png","410","459","419","487","342","550","403","543","495","530","360","638","338","707","359","681","407","718","417","684","470","716","515","707","555","721","364","779","416","811","482","892","497","933","534","934","284","342"
"NL-0065-04-24-2024-K02-9803.dw.png","419","517","445","502","521","568","494","508","470","421","610","529","679","539","652","523","672","470","635","465","659","409","643","362","648","319","741","500","761","441","828","360","870","334","863","296","322","660"
"NL-0065-04-24-2024-K02-9804.dw.png","447","541","472","524","552","578","527","523","493","436","636","531","709","530","680","518","694","462","662","461","679","404","651","364","647","320","773","479","786","421","843","331","879","301","869","266","363","692"
"NL-0066-04-24-2024-K03-9808.dw.png","420","427","438","450","388","536","446","506","530","463","449","619","458","691","467","660","526","673","522","636","581","644","624","615","666","608","519","746","577","753","675","797","700","822","736","806","270","370"
"NL-0066-04-24-2024-K03-9809.dw.png","495","610","521","595","596","653","579","596","543","510","677","609","756","609","727","596","748","539","710","538","731","479","711","437","710","395","820","560","836","500","891","421","932","392","924","357","407","761"
"NL-0066-04-24-2024-K03-9810.dw.png","441","540","465","526","540","582","516","527","485","446","617","542","689","545","657","533","679","479","641","478","662","424","638","382","637","341","750","499","761","444","815","363","843","342","836","306","356","678"
"NL-0066-04-24-2024-K03-9811.dw.png","427","524","455","511","522","580","507","517","485","428","612","542","679","554","655","536","672","483","652","478","671","419","652","373","654","331","746","513","767","457","837","373","871","353","864","318","327","666"
"NL-0066-04-24-2024-K03-9812.dw.png","482","560","509","542","586","593","563","537","520","455","669","537","742","532","710","523","726","464","687","466","701","410","672","370","665","325","801","477","809","417","851","334","884","302","872","267","418","712"
"NL-0066-04-24-2024-K03-9813.dw.png","487","552","512","536","590","588","567","533","528","452","671","539","746","536","712","526","723","473","695","472","710","414","684","375","678","332","803","488","817","426","867","342","902","313","890","280","407","698"
"NL-0066-04-24-2024-K03-9814.dw.png","447","568","471","552","553","608","535","550","490","468","639","559","710","555","684","545","701","491","666","491","677","436","650","395","646","353","768","510","780","455","832","368","867","341","859","305","373","708"
"NL-0066-04-24-2024-K03-9815.dw.png","575","709","561","681","621","603","565","630","480","655","582","523","584","447","571","477","517","452","515","490","462","472","416","495","375","494","544","388","489","370","405","305","380","265","346","276","713","803"
"NL-0066-04-24-2024-K03-9816.dw.png","331","484","341","512","271","580","332","563","419","543","302","674","289","743","305","718","355","746","365","701","418","730","465","716","509","719","323","811","378","833","454","906","472","940","507","938","200","375"
"NL-0066-04-24-2024-K03-9817.dw.png","426","460","453","449","528","515","515","459","488","371","615","485","687","497","661","479","688","430","652","424","681","370","665","321","671","280","757","458","779","406","845","333","887","310","886","273","326","588"
"NL-0066-04-24-2024-K03-9818.dw.png","389","457","408","480","360","570","415","535","500","493","419","652","428","720","435","690","492","692","493","673","554","675","597","645","640","639","485","775","543","781","649","835","677","861","710","846","229","389"
"NL-0066-04-24-2024-K03-9819.dw.png","582","711","564","689","604","597","554","632","472","677","548","524","536","450","531","488","473","479","478","512","415","502","378","533","335","543","478","400","421","397","325","355","290","322","259","341","738","778"
"NL-0066-04-24-2024-K03-9820.dw.png","734","360","713","380","617","350","655","395","708","469","548","409","479","425","511","429","503","488","537","481","536","535","569","572","581","615","431","485","432","541","391","640","366","673","383","704","787","206"
"NL-0066-04-24-2024-K03-9821.dw.png","319","436","342","458","308","551","358","513","425","454","378","623","398","689","401","659","459","661","449","625","507","622","541","589","580","571","462","733","519","728","616","756","647","778","677","759","153","391"
"NL-0066-04-24-2024-K03-9822.dw.png","503","564","523","545","616","577","581","529","523","460","688","513","755","496","728","492","733","434","697","442","696","389","660","354","647","315","801","437","800","383","835","283","858","253","843","222","454","716"
"NL-0066-04-24-2024-K03-9823.dw.png","322","491","341","521","284","596","344","572","429","536","337","679","342","757","351","724","411","741","410","701","469","720","512","694","557","687","397","819","458","830","545","875","574","908","612","899","170","409"
"NL-0066-04-24-2024-K03-9824.dw.png","299","512","321","531","293","623","338","583","408","526","359","686","380","757","383","725","441","728","430","691","486","690","522","657","561","644","443","798","497","794","599","827","632","851","663","831","141","471"
"NL-0066-04-24-2024-K03-9825.dw.png","357","419","374","445","322","524","377","502","456","458","371","601","374","672","384","641","439","661","439","624","492","638","532","609","573","603","423","728","481","740","563","790","587","816","620","804","212","340"
"NL-0066-04-24-2024-K03-9826.dw.png","348","493","368","513","334","607","380","567","450","513","398","679","412","746","418","715","473","721","463","682","525","688","561","658","603","646","471","796","531","796","629","834","659","860","691","847","192","446"
"NL-0066-04-24-2024-K03-9827.dw.png","362","434","381","458","336","540","388","512","466","466","393","616","401","688","409","654","465","667","461","635","519","645","558","613","601","603","456","741","516","748","608","794","636","822","672","811","214","369"
"NL-0066-04-24-2024-K03-9828.dw.png","345","502","364","523","320","606","373","580","447","531","377","679","392","757","398","727","454","735","450","700","510","710","549","683","590","676","451","813","507","815","598","857","631","889","664","875","194","445"
"NL-0066-04-24-2024-K03-9829.dw.png","341","525","361","551","312","634","368","599","449","562","370","713","374","780","385","751","443","760","441","734","502","736","539","704","580","696","428","833","491","841","591","891","617","916","650","902","185","463"
"NL-0066-04-24-2024-K03-9830.dw.png","492","572","525","554","600","617","574","557","546","469","686","570","755","575","727","559","752","501","719","499","733","443","707","397","705","355","820","523","835","467","899","374","930","350","918","317","403","721"
"NL-0066-04-24-2024-K03-9831.dw.png","331","426","345","455","281","524","342","512","429","482","325","617","320","688","333","657","389","682","391","649","446","667","488","645","531","644","365","752","420","767","501","829","522","859","557","850","192","325"
"NL-0066-04-24-2024-K03-9832.dw.png","342","458","356","487","286","553","352","537","442","519","331","653","323","721","340","693","396","719","399","689","458","706","504","686","548","688","370","789","425","807","512","877","533","907","571","903","199","359"
"NL-0066-04-24-2024-K03-9833.dw.png","345","465","359","495","290","565","354","545","443","522","331","657","322","727","338","700","393","721","398","695","457","713","503","690","545","692","369","797","421","813","509","886","530","918","565","907","197","366"
"NL-0066-04-24-2024-K03-9834.dw.png","411","556","441","537","513","595","492","538","461","455","602","549","673","547","641","538","656","486","630","485","644","425","621","382","617","340","731","502","743","449","803","361","830","339","822","304","325","698"
"NL-0066-04-24-2024-K03-9835.dw.png","361","436","379","463","324","544","382","514","464","476","373","625","373","695","386","665","443","683","440","642","496","659","539","635","581","635","417","749","480","762","564","817","588","846","621","835","209","370"
"NL-0066-04-24-2024-K03-9836.dw.png","303","481","323","507","278","593","331","563","409","519","333","667","341","742","350","710","409","723","405","688","461","697","500","669","541","661","396","796","451","800","549","850","578","879","611","865","149","410"
"NL-0066-04-24-2024-K03-9837.dw.png","339","392","352","421","283","484","343","479","429","454","316","585","302","653","321","625","371","654","378","621","428","643","473","623","518","626","337","717","392","741","465","811","481","846","516","844","212","288"
"NL-0066-04-24-2024-K03-9838.dw.png","349","437","368","462","315","540","370","520","450","477","368","623","371","696","382","667","438","682","436","647","496","664","536","637","580","635","424","757","484","768","571","817","600","852","636","843","196","361"
"NL-0067-04-24-2024-K04-9579.dw.png","487","293","504","320","448","408","506","379","591","339","496","493","495","563","508","532","562","550","563","511","618","531","661","506","703","504","537","616","597","627","680","683","706","715","743","703","339","225"
"NL-0067-04-24-2024-K04-9580.dw.png","524","348","538","378","478","461","533","433","620","403","515","541","509","614","522","587","574","604","580","569","634","588","679","574","722","576","551","676","606","692","687","754","707","783","745","775","391","270"
"NL-0067-04-24-2024-K04-9581.dw.png","380","452","399","479","347","562","403","536","483","494","396","643","397","713","408","682","465","701","465","661","518","673","561","648","601","646","444","766","501","777","591","833","616","862","650","850","233","389"
"NL-0067-04-24-2024-K04-9582.dw.png","380","451","399","478","346","562","402","535","483","493","396","642","396","713","407","681","464","700","465","660","518","673","561","648","602","645","442","765","501","777","591","833","616","862","651","849","233","388"
"NL-0067-04-24-2024-K04-9583.dw.png","294","426","313","452","257","537","318","506","401","469","311","619","314","691","325","662","384","679","383","638","440","650","481","626","521","620","362","748","423","756","507","806","532","835","566","821","133","358"
"NL-0067-04-24-2024-K04-9584.dw.png","254","454","278","478","244","569","290","528","367","479","305","634","323","706","326","674","385","680","375","642","434","643","468","612","509","602","378","748","435","745","527","778","556","799","587","780","93","413"
"NL-0067-04-24-2024-K04-9585.dw.png","300","490","319","515","264","595","323","570","404","534","318","678","320","748","330","717","386","733","386","698","439","710","478","685","518","682","365","802","425","814","505","860","530","889","563","873","149","428"
"NL-0067-04-24-2024-K04-9586.dw.png","302","464","320","488","267","578","329","547","409","502","324","660","329","733","340","699","399","715","395","675","452","685","491","656","534","653","375","783","442","792","525","839","553","869","585","852","142","405"
"NL-0067-04-24-2024-K04-9587.dw.png","440","596","465","579","548","633","523","577","479","497","624","590","695","593","668","579","684","523","652","521","663","465","641","423","637","384","753","546","767","487","822","402","851","381","841","347","371","743"
"NL-0067-04-24-2024-K04-9588.dw.png","319","456","336","483","278","562","337","543","422","506","324","649","320","719","334","686","390","709","391","667","446","684","487","662","529","662","365","777","425","791","506","844","530","876","565","864","172","387"
"NL-0067-04-24-2024-K04-9589.dw.png","314","439","330","463","277","545","333","520","416","484","322","621","329","701","336","669","392","685","389","645","448","664","488","640","527","639","374","757","430","767","513","822","535","848","569","836","167","367"
"NL-0067-04-24-2024-K04-9590.dw.png","423","331","441","358","392","448","445","411","528","375","441","525","446","598","455","568","509","580","507","546","565","558","608","535","649","530","494","652","549","661","640","711","666","739","700","727","278","260"
"NL-0067-04-24-2024-K04-9591.dw.png","505","417","517","448","445","515","505","505","596","481","472","604","457","672","474","649","525","681","533","645","585","671","629","660","671","669","486","736","542","763","611","836","630","872","665","871","384","319"
"NL-0067-04-24-2024-K04-9592.dw.png","215","572","233","599","175","681","236","652","319","610","225","760","227","838","239","805","300","826","296","781","355","795","396","767","436","766","275","896","341","904","425","959","449","986","481","968","54","511"
"NL-0067-04-24-2024-K04-9593.dw.png","306","461","322","488","258","564","320","554","410","515","305","655","304","732","317","700","371","718","374","684","429","698","471","676","515","678","347","790","408","807","489","864","515","898","548","884","162","379"
"NL-0067-04-24-2024-K04-9594.dw.png","282","474","299","501","237","577","301","562","388","523","288","666","289","747","303","715","362","733","362","697","418","709","461","684","501","683","338","807","404","821","484","872","512","909","545","894","129","398"
"NL-0067-04-24-2024-K04-9595.dw.png","304","500","319","527","256","600","317","586","400","552","296","682","290","757","305","728","359","752","364","711","417","731","461","712","501","711","328","816","388","835","464","896","486","929","521","920","161","419"
"NL-0067-04-24-2024-K04-9596.dw.png","285","426","299","456","230","533","292","513","387","491","260","611","248","696","267","663","326","692","335","648","391","679","444","659","484","664","289","766","356","785","428","847","450","886","488","874","140","328"
"NL-0067-04-24-2024-K04-9597.dw.png","303","468","319","498","259","577","319","564","407","520","306","666","305","741","318","708","372","726","373","684","428","700","470","678","515","679","349","798","410","812","491","864","518","898","552","884","156","391"
"NL-0067-04-24-2024-K04-9598.dw.png","314","475","329","504","260","574","323","561","413","535","301","664","291","738","308","710","359","734","366","692","415","712","461","696","501","700","329","801","386","820","456","882","477","914","513","902","176","391"
"NL-0067-04-24-2024-K04-9599.dw.png","305","463","318","489","255","564","314","558","403","520","291","653","285","731","300","700","350","718","356","687","410","705","454","686","498","689","323","792","381","810","459","874","483","913","517","901","166","372"
"NL-0067-04-24-2024-K04-9600.dw.png","423","387","441","412","387","505","445","483","533","432","439","590","443","666","453","631","509","646","509","607","567","620","608","595","655","594","488","718","550","730","641","784","670","817","704","801","270","320"
"NL-0067-04-24-2024-K04-9601.dw.png","473","375","485","401","419","476","481","452","568","429","459","571","452","640","466","610","520","634","523","595","577","617","620","598","664","603","486","697","547","717","623","782","646","817","680","805","333","284"
"NL-0067-04-24-2024-K04-9602.dw.png","268","478","284","507","221","583","283","565","368","534","265","669","261","745","274","714","329","729","333","697","388","712","431","693","472","694","300","801","362","817","440","871","464","904","498","891","118","397"
"NL-0067-04-24-2024-K04-9603.dw.png","282","463","302","487","248","570","306","542","386","502","299","652","302","723","313","693","370","706","371","677","429","685","469","660","508","654","351","780","413","790","502","842","526","870","559","858","131","391"
"NL-0067-04-24-2024-K04-9604.dw.png","357","442","362","478","278","518","340","528","431","528","288","618","255","684","281","660","322","695","338","669","383","703","430","701","467","718","272","753","318","787","371","872","380","914","418","914","253","318"
"NL-0067-04-24-2024-K04-9605.dw.png","317","466","327","497","250","553","315","555","408","534","280","655","266","733","282","703","333","733","343","695","395","720","440","708","484","715","296","797","351","820","422","895","441","930","479","923","185","362"
"NL-0067-04-24-2024-K04-9606.dw.png","364","446","377","475","305","547","368","530","457","511","338","635","327","708","343","679","394","704","401","672","453","695","498","680","539","686","362","772","414","792","486","860","507","900","543","895","232","346"
"NL-0067-04-24-2024-K04-9607.dw.png","392","552","425","545","479","626","478","564","465","473","568","615","640","643","615","621","656","573","618","557","653","511","648","464","659","425","709","622","744","571","826","513","857","504","862","467","266","663"
"NL-0067-04-24-2024-K04-9608.dw.png","386","401","392","434","307","488","373","488","463","487","320","586","289","651","314","628","359","665","375","630","421","664","468","658","509","671","310","724","362","758","416","838","426","874","463","877","276","278"
"NL-0068-04-24-2024-K05-9545.dw.png","491","362","505","387","441","460","501","446","602","419","481","550","481","629","492","600","549","625","552","586","611","606","660","584","702","584","522","692","581","710","668","777","692","812","727","796","349","273"
"NL-0068-04-24-2024-K05-9546.dw.png","444","320","461","349","404","433","460","409","556","379","444","512","446","597","458","561","511","577","515","550","574","567","622","544","664","546","485","652","548","669","629","725","655","758","692","748","299","235"
"NL-0068-04-24-2024-K05-9547.dw.png","242","509","260","530","210","618","268","583","356","543","272","699","285","782","293","751","354","766","349","721","412","730","454","699","494","693","338","835","400","839","495","888","521","914","557","900","74","450"
"NL-0068-04-24-2024-K05-9548.dw.png","511","603","539","585","617","646","597","585","558","501","699","600","776","605","746","589","757","536","728","532","743","477","722","436","720","391","835","560","848","501","905","420","937","395","926","359","441","754"
"NL-0068-04-24-2024-K05-9549.dw.png","289","520","308","547","256","635","312","604","397","565","304","716","304","784","315","755","371","773","372","733","429","747","476","723","516","720","352","843","409","852","496","906","524","941","560","928","137","453"
"NL-0068-04-24-2024-K05-9550.dw.png","276","463","291","492","223","559","288","545","384","527","267","658","264","740","278","709","332","729","336","691","395","711","441","691","482","695","304","799","362","817","443","878","464","913","503","905","135","376"
"NL-0068-04-24-2024-K05-9551.dw.png","331","458","345","489","274","552","336","542","424","521","307","639","293","712","310","685","362","710","369","675","419","698","464","683","503","688","327","775","384","797","454","863","471","894","506","887","199","362"
"NL-0068-04-24-2024-K05-9552.dw.png","335","462","350","486","292","573","347","544","442","521","326","649","322","731","336","696","392","716","398","684","457","710","507","691","547","693","364","794","422","810","508","882","529","913","565","902","191","372"
"NL-0068-04-24-2024-K05-9553.dw.png","325","415","341","442","280","516","341","500","430","468","322","607","317","684","332","654","389","681","392","637","449","658","493","635","535","637","359","745","420","761","499","818","521","852","557","841","180","330"
"NL-0068-04-24-2024-K05-9554.dw.png","283","459","296","489","226","562","288","544","386","527","256","644","245","726","263","693","321","726","327","685","384","714","435","697","476","705","284","794","344","815","417","882","440","923","478","912","138","351"
"NL-0068-04-24-2024-K05-9555.dw.png","509","373","523","401","458","477","516","455","608","432","489","559","480","633","495","605","550","632","556","595","611","623","659","608","701","613","519","700","577","724","654","792","681","835","716","830","375","278"
"NL-0068-04-24-2024-K05-9556.dw.png","490","376","502","400","436","469","498","458","589","431","475","563","470","637","484","613","540","641","545","599","600","619","648","601","686","600","512","701","566","717","645","778","666","811","702","802","352","282"
"NL-0068-04-24-2024-K05-9557.dw.png","294","522","314","545","266","630","323","599","408","556","326","709","340","787","350","757","408","769","403","729","464","739","503","707","543","702","395","843","456","845","544","886","575","918","610","901","135","468"
"NL-0068-04-24-2024-K05-9558.dw.png","306","477","324","504","270","586","325","559","418","527","311","663","311","747","324","709","380","720","383","696","446","712","493","686","533","688","357","806","422","815","501","870","529","908","566","895","153","399"
"NL-0068-04-24-2024-K05-9559.dw.png","287","486","310","512","265","601","318","562","400","520","322","677","331","751","339","723","400","736","396","693","453","701","499","678","539","670","384","803","442","808","541","857","571","887","606","874","130","427"
"NL-0068-04-24-2024-K05-9560.dw.png","290","485","314","510","268","591","325","560","410","515","334","671","348","748","357","717","416","721","411","690","472","690","510","657","548","648","406","797","470","798","560","837","590","862","623","845","127","440"
"NL-0068-04-24-2024-K05-9561.dw.png","277","523","299","545","252","630","311","602","395","554","320","710","340","787","345","756","405","761","399","727","459","726","497","692","534","682","399","836","458","835","557","873","587","899","616","875","115","482"
"NL-0068-04-24-2024-K05-9562.dw.png","319","491","336","519","278","598","335","570","425","545","319","681","316","753","329","724","386","741","388","711","446","729","494","708","535","707","361","817","422","831","504","889","531","926","566","920","174","408"
"NL-0068-04-24-2024-K05-9563.dw.png","284","420","299","448","230","511","293","498","388","485","268","607","262","688","278","660","335","685","340","652","397","672","444","654","485","656","303","757","360","771","438","835","462","874","499","863","141","318"
"NL-0068-04-24-2024-K05-9564.dw.png","314","528","335","553","276","626","338","605","429","572","334","714","341","794","350","761","411","780","408","739","467","754","508","727","551","724","394","853","452","861","538","911","568","946","602","934","162","459"
"NL-0068-04-24-2024-K05-9565.dw.png","421","346","437","372","377","458","437","430","529","395","422","543","420","618","434","586","492","604","494","572","555","585","602","562","645","562","467","677","529","689","616","748","642","781","679","774","271","269"
"NL-0068-04-24-2024-K05-9566.dw.png","423","394","440","421","381","497","441","476","532","446","429","585","434","666","444","637","502","653","502","622","560","635","605","611","646","609","479","726","538","738","624","795","650","830","685","816","275","321"
"NL-0068-04-24-2024-K05-9567.dw.png","286","505","302","531","239","609","301","582","392","558","287","700","287","784","301","750","360","773","362","735","422","752","467","724","508","726","335","847","396","860","480","917","506","950","542","941","134","422"
"NL-0068-04-24-2024-K05-9568.dw.png","328","484","348","511","290","588","349","560","439","532","341","672","343","748","355","718","416","739","415","700","472","710","515","688","556","685","392","808","455","817","546","879","573","911","608","900","181","411"
"NL-0068-04-24-2024-K05-9569.dw.png","320","521","338","542","286","626","346","605","433","563","344","713","352","788","362","754","421","768","418","735","477","742","518","709","557","703","404","842","469","850","557","896","586","926","618","910","166","455"
"NL-0068-04-24-2024-K05-9570.dw.png","304","431","324","460","268","538","329","516","420","483","328","630","333","704","344","673","404","692","402","657","461","664","502","637","543","631","386","762","447","770","534","819","563","850","596","835","148","360"
"NL-0068-04-24-2024-K05-9571.dw.png","313","528","333","553","286","641","339","607","425","568","339","716","347","795","358","765","416","779","416","743","475","753","516","722","555","718","399","853","459","860","554","909","581","940","614","926","158","463"
"NL-0068-04-24-2024-K05-9572.dw.png","292","481","310","507","251","579","313","558","402","528","305","668","309","749","320","718","378","737","377","700","438","714","479","684","521","680","357","807","418","817","501","868","532","901","566","886","141","405"
"NL-0068-04-24-2024-K05-9573.dw.png","282","475","305","500","257","586","312","548","399","508","318","665","327","734","336","706","397","715","394","680","453","687","496","658","536","650","387","791","449","796","542","839","575","870","605","857","115","420"
"NL-0068-04-24-2024-K05-9574.dw.png","271","446","290","472","234","555","294","529","388","494","293","647","301","722","311","694","370","706","367","670","426","679","470","651","509","647","353","783","414","789","503","843","533","874","565","859","110","375"
"NL-0069-04-24-2024-K06-9613.dw.png","451","413","467","436","414","521","471","499","553","454","458","595","459","666","470","634","529","652","530","617","586","634","626","612","670","611","509","724","569","735","654","789","686","828","720","821","303","326"
"NL-0069-04-24-2024-K06-9614.dw.png","453","364","467","390","411","476","465","445","550","413","452","561","449","628","462","603","519","631","518","588","574","604","620","583","659","583","496","692","551","707","639","770","662","803","698","796","312","274"
"NL-0069-04-24-2024-K06-9615.dw.png","298","491","314","510","268","603","321","566","407","526","321","680","323","745","335","718","394","734","391","694","449","701","493","672","535","667","379","801","439","806","526","853","563","890","596","874","141","427"
"NL-0069-04-24-2024-K06-9616.dw.png","294","496","313","522","264","613","318","578","399","540","313","687","318","757","328","728","387","743","385","710","442","718","483","690","527","687","370","814","431","823","522","873","552","905","586","893","137","424"
"NL-0069-04-24-2024-K06-9617.dw.png","317","459","332","487","270","552","332","539","414","505","317","640","314","713","328","685","384","709","385","669","443","689","485","669","524","672","364","775","418","790","501","847","527","880","559","870","170","378"
"NL-0069-04-24-2024-K06-9618.dw.png","323","463","337","492","272","567","331","550","423","523","308","655","298","721","315","692","370","717","375","682","430","703","477","683","521","690","343","789","401","807","484","877","504","906","539","904","183","366"
"NL-0069-04-24-2024-K06-9619.dw.png","330","498","346","521","297","607","348","574","431","540","341","681","343","753","355","727","413","748","413","706","468","722","511","697","553","694","394","813","451","825","541","881","571","916","603","903","183","415"
"NL-0069-04-24-2024-K06-9620.dw.png","296","505","314","533","259","621","316","588","406","549","307","704","304","765","317","739","383","759","381","720","439","730","484","699","526","699","360","827","422","838","515","895","537","919","575","914","143","430"
"NL-0069-04-24-2024-K06-9622.dw.png","362","399","375","428","308","502","370","475","458","453","348","589","341","657","356","628","410","655","415","617","470","637","516","619","559","622","383","716","440","735","525","802","544","831","581","827","220","298"
"NL-0069-04-24-2024-K06-9623.dw.png","500","368","509","394","434","472","495","456","593","439","460","560","446","627","463","601","516","638","525","604","578","628","626","614","668","623","480","697","535","723","609","800","627","841","664","838","376","252"
"NL-0069-04-24-2024-K06-9624.dw.png","386","499","411","482","498","535","464","479","429","391","575","487","650","481","624","470","643","410","602","412","616","352","594","309","590","270","711","428","722","372","780","277","812","250","801","216","302","649"
"NL-0069-04-24-2024-K06-9625.dw.png","277","459","295","488","241","573","296","537","380","506","288","650","290","722","301","692","361","718","358","676","416","688","458","664","497","660","344","784","395","792","488","849","512","876","546","868","127","391"
"NL-0069-04-24-2024-K06-9626.dw.png","456","571","486","560","557","632","542","572","528","481","643","607","713","627","691","606","720","555","684","547","712","496","699","448","710","407","784","591","807","540","887","465","925","448","921","413","344","698"
"NL-0069-04-24-2024-K06-9627.dw.png","735","320","705","338","629","280","654","336","686","423","543","327","471","328","499","340","482","395","518","396","502","453","527","497","528","538","410","379","398","431","336","522","303","549","311","587","820","176"
"NL-0069-04-24-2024-K06-9628.dw.png","324","423","336","448","267","519","328","503","415","480","298","601","284","675","301","650","356","684","362","645","415","666","462","652","503","659","321","741","376","762","453","835","473","868","508","865","191","309"
"NL-0069-04-24-2024-K06-9629.dw.png","578","788","564","762","627","686","568","707","476","727","587","598","593","526","577","551","523","528","519","560","464","542","419","563","375","559","547","460","489","441","408","382","382","343","347","349","720","889"
"NL-0069-04-24-2024-K06-9630.dw.png","800","329","775","345","687","290","725","346","752","434","611","338","534","340","559","352","539","409","586","409","569","469","593","513","592","551","473","392","460","445","400","542","372","565","383","599","874","177"
"NL-0069-04-24-2024-K06-9631.dw.png","348","447","359","474","291","551","352","529","443","512","323","637","311","712","328","686","380","716","388","675","440","698","490","683","529","687","349","781","404","806","480","872","500","910","534","904","209","349"
"NL-0069-04-24-2024-K06-9632.dw.png","351","420","364","450","293","517","359","502","450","478","332","610","323","681","340","656","396","687","400","645","460","671","505","653","547","658","369","751","421","770","504","840","528","877","564","873","211","317"
"NL-0069-04-24-2024-K06-9633.dw.png","856","437","825","454","741","400","766","455","805","544","662","442","596","440","623","452","605","509","638","511","622","568","646","614","645","659","533","492","522","547","464","638","434","662","440","701","934","293"
"NL-0069-04-24-2024-K06-9634.dw.png","497","424","505","451","430","519","491","504","583","492","452","602","434","669","453","645","505","678","512","653","563","678","610","669","652","679","465","740","518","769","587","852","604","893","641","895","376","303"
"NL-0069-04-24-2024-K06-9635.dw.png","342","424","351","454","278","514","340","502","434","489","302","607","285","671","303","647","356","681","366","648","418","675","466","661","505","671","320","743","371","766","445","843","461","877","497","877","215","309"
"NL-0069-04-24-2024-K06-9636.dw.png","331","417","348","443","294","523","351","493","435","461","349","607","353","679","364","651","424","671","421","631","480","642","522","615","558","612","408","739","465","748","558","800","585","830","618","821","177","344"
"NL-0069-04-24-2024-K06-9637.dw.png","465","576","492","562","569","622","544","565","519","477","653","580","725","586","698","571","724","514","684","512","702","456","680","412","682","369","790","538","806","480","868","395","905","368","896","333","371","721"
"NL-0069-04-24-2024-K06-9638.dw.png","269","536","284","564","227","646","283","616","372","586","270","727","267","801","282","772","340","795","341","757","398","772","442","747","484","747","318","867","380","880","466","938","491","969","526","960","118","449"
"NL-0069-04-24-2024-K06-9639.dw.png","361","452","369","481","291","546","352","538","445","524","309","632","287","704","309","682","355","719","367","681","418","712","466","703","503","713","316","778","363","804","431","889","445","922","480","923","248","334"
"NL-0069-04-24-2024-K06-9640.dw.png","422","551","452","543","515","620","505","555","492","463","614","597","672","617","649","596","680","545","648","535","678","482","664","433","676","391","744","584","771","532","848","462","888","446","893","409","305","674"
"NL-0069-04-24-2024-K06-9641.dw.png","397","549","429","544","475","630","475","563","482","471","572","617","637","645","615","622","661","575","622","560","662","512","657","466","671","428","711","622","747","575","834","514","869","503","870","468","258","656"
"NL-0069-04-24-2024-K06-9642.dw.png","363","394","371","423","297","486","356","476","443","466","316","573","296","639","315","615","362","655","374","617","420","648","465","641","503","652","326","710","372","735","440","815","454","850","486","851","246","273"
"NL-0070-04-24-2024-K08-9197.dw.png","308","353","338","339","416","401","395","343","362","250","499","360","573","364","544","350","563","296","534","294","552","236","531","191","534","148","641","316","655","263","711","183","753","154","746","117","221","491"
"NL-0070-04-24-2024-K08-9198.dw.png","581","327","593","353","527","443","587","405","682","382","561","525","554","594","569","566","625","592","632","548","686","575","733","559","781","563","597","661","656","683","734","743","762","789","801","782","446","227"
"NL-0070-04-24-2024-K08-9199.dw.png","227","544","245","569","192","648","248","624","331","582","236","720","242","800","251","770","307","787","309","746","366","762","409","739","447","737","291","862","346","875","432","929","461","965","495","956","74","466"
"NL-0070-04-24-2024-K08-9200.dw.png","224","548","245","577","186","659","246","624","330","587","239","741","240","812","253","781","314","805","313","762","371","774","412","748","451","743","296","877","356","889","440","942","473","980","507","966","68","475"
"NL-0070-04-24-2024-K08-9201.dw.png","236","541","251","568","188","650","251","619","341","590","238","735","236","809","249","776","310","801","311","763","366","778","413","751","454","748","288","876","347","889","433","946","461","982","496","969","77","454"
"NL-0070-04-24-2024-K08-9202.dw.png","227","532","241","561","170","629","235","613","323","590","212","719","206","792","220","763","275","788","281","752","334","771","380","750","422","752","252","863","306","878","382","939","410","982","443","974","78","442"
"NL-0070-04-24-2024-K08-9203.dw.png","257","529","270","554","207","631","266","604","355","583","245","721","239","796","252","765","306","788","311","749","367","769","413","751","453","753","278","860","333","878","414","950","436","988","470","979","119","444"
"NL-0070-04-24-2024-K08-9204.dw.png","239","544","252","570","184","648","246","630","337","602","223","733","214","807","230","776","285","805","290","763","343","786","389","766","432","769","257","874","313","892","393","959","419","1001","455","999","95","450"
"NL-0070-04-24-2024-K08-9205.dw.png","248","512","258","541","182","611","247","594","341","577","211","700","195","774","215","743","267","772","276","729","327","764","374","754","418","764","232","850","287","874","353","944","371","987","409","981","119","398"
"NL-0070-04-24-2024-K08-9206.dw.png","239","488","257","512","207","602","260","571","345","530","255","671","262","752","269","715","329","735","328","700","383","711","424","682","468","679","313","809","369","819","457","871","488","908","523","897","79","419"
"NL-0070-04-24-2024-K08-9207.dw.png","509","276","529","301","488","397","538","358","620","301","546","469","557","540","563","506","621","518","617","481","677","486","718","455","764","449","615","591","674","595","768","637","804","668","841","657","355","229"
"NL-0070-04-24-2024-K08-9208.dw.png","563","311","579","342","512","423","576","398","672","367","556","509","554","583","566","552","626","576","626","534","690","560","740","539","787","542","603","649","660","663","752","728","779","765","818","754","416","224"
"NL-0070-04-24-2024-K08-9209.dw.png","209","557","226","583","168","670","227","632","314","595","219","745","223","820","234","785","297","807","293","763","351","780","395","751","438","748","277","879","338","889","428","943","459","979","492","965","44","484"
"NL-0070-04-24-2024-K08-9210.dw.png","214","610","238","627","216","731","257","673","330","615","287","790","314","860","315","827","370","820","361","782","421","781","458","744","491","728","381","899","438","892","547","922","580","943","608","922","41","594"
"NL-0070-04-24-2024-K08-9211.dw.png","208","582","234","605","195","696","245","652","320","598","262","765","283","839","288","805","347","808","340","768","401","772","436","741","476","729","357","893","412","887","507","922","545","952","575","931","38","544"
"NL-0070-04-24-2024-K08-9212.dw.png","233","594","253","617","210","706","262","673","342","624","266","773","281","853","286","817","345","833","340","787","395","798","434","766","478","759","340","907","396","910","482","947","522","985","555","970","72","538"
"NL-0070-04-24-2024-K08-9213.dw.png","221","574","242","602","180","676","243","646","329","614","237","762","240","835","250","804","311","824","311","780","368","793","409","766","449","761","294","896","356","907","439","952","471","990","506","974","64","503"
"NL-0070-04-24-2024-K08-9214.dw.png","216","568","235","596","176","675","236","638","326","610","226","749","230","827","239","794","299","814","300","771","359","790","403","765","446","763","282","886","341","897","429","950","462","989","496","974","56","496"
"NL-0070-04-24-2024-K08-9215.dw.png","253","518","270","544","212","633","272","597","361","561","261","712","260","785","275","755","334","779","333","733","391","751","436","727","480","729","314","852","372","863","459","922","488","957","524","942","93","438"
"NL-0070-04-24-2024-K08-9216.dw.png","252","475","268","503","207","583","268","560","358","523","256","668","256","745","269","710","326","728","326","690","384","708","428","689","471","688","306","808","361","818","444","874","475","914","512","907","97","394"
"NL-0070-04-24-2024-K08-9217.dw.png","529","308","547","334","489","418","546","394","638","352","537","502","542","575","553","548","609","567","608","526","671","540","718","514","761","510","595","639","650","647","742","700","774","735","812","721","383","232"
"NL-0070-04-24-2024-K08-9218.dw.png","510","300","530","327","481","417","532","376","620","336","527","483","538","564","544","532","603","550","601","505","661","520","703","497","749","493","590","618","647","628","740","677","773","712","808","698","359","230"
"NL-0070-04-24-2024-K08-9219.dw.png","226","546","243","570","188","660","245","621","334","588","236","740","237","814","248","782","303","793","305","751","363","773","410","753","449","752","285","872","340","881","429","942","456","978","492","967","72","483"
"NL-0070-04-24-2024-K08-9220.dw.png","226","566","247","587","206","692","255","640","335","596","255","759","262","828","269","797","335","818","332","769","387","781","427","755","467","747","322","888","378","891","462","932","495","964","530","951","64","506"
"NL-0070-04-24-2024-K08-9221.dw.png","223","558","243","582","198","674","251","636","335","592","256","745","265","816","272","784","335","799","331","764","386","769","425","739","465","731","324","873","382","878","470","922","504","955","535","940","63","502"
"NL-0070-04-24-2024-K08-9222.dw.png","235","553","254","577","205","667","261","634","347","588","263","745","268","818","279","785","338","798","335","759","392","769","434","741","478","737","329","879","386","883","473","931","506","965","541","951","74","488"
"NL-0070-04-24-2024-K08-9224.dw.png","236","559","258","586","203","673","262","633","350","597","263","753","268","827","279","796","340","814","336","766","397","781","439","752","480","746","326","887","388","893","476","944","509","980","545","966","73","495"
"NL-0070-04-24-2024-K08-9225.dw.png","243","543","264","567","213","649","270","620","357","581","273","732","280","804","290","773","348","788","345","749","404","758","445","726","485","721","339","862","393","865","482","911","516","944","549","928","83","482"
"NL-0070-04-24-2024-K08-9226.dw.png","220","521","237","549","173","627","235","596","329","570","215","706","213","787","226","752","282","775","286","732","343","756","389","737","433","739","254","844","311","861","396","925","421","964","458","953","66","426"
"NL-0070-04-24-2024-K08-9227.dw.png","224","539","238","562","177","649","236","612","328","587","218","733","214","807","226","775","282","796","288","757","344","777","392","755","432","756","254","866","311","883","399","954","424","989","460","982","77","454"
"NL-0070-04-24-2024-K08-9228.dw.png","576","691","599","667","697","704","653","655","599","575","765","639","839","626","803","617","808","559","770","565","778","507","747","470","740","426","887","562","894","497","933","406","962","373","945","339","532","859"
"NL-0071-04-24-2024-K09-9519.dw.png","533","328","548","358","486","435","545","412","633","375","530","521","529","596","541","570","594","590","598","552","654","570","701","553","748","556","570","655","628","677","720","742","747","778","782","769","392","236"
"NL-0071-04-24-2024-K09-9520.dw.png","884","433","859","455","761","419","803","466","859","543","695","476","626","490","652","497","641","557","686","548","680","608","709","646","721","686","573","551","566","611","527","704","493","745","511","775","936","270"
"NL-0071-04-24-2024-K09-9521.dw.png","676","255","649","272","566","212","593","273","630","361","484","257","408","255","439","268","421","325","454","329","440","387","461","432","466","472","346","300","326","365","265","449","228","474","237","511","766","100"
"NL-0071-04-24-2024-K09-9522.dw.png","250","499","270","526","218","610","272","578","357","541","270","689","278","765","287","735","348","753","342","710","399","721","439","695","479","687","329","821","392","836","476","886","506","921","537","907","90","420"
"NL-0071-04-24-2024-K09-9524.dw.png","283","487","301","514","248","597","304","560","383","521","298","676","299","746","310","716","364","734","364","690","422","706","463","684","509","680","347","805","409","820","495","872","523","905","556","895","128","407"
"NL-0071-04-24-2024-K09-9525.dw.png","737","261","711","280","627","226","656","283","695","365","546","274","471","274","499","287","478","343","526","342","509","397","528","439","528","482","413","321","396","378","336","465","302","492","312","525","815","110"
"NL-0071-04-24-2024-K09-9526.dw.png","275","447","294","472","242","556","298","532","376","487","290","630","293","703","304","674","361","692","358","653","418","667","461","645","499","637","345","761","401","773","489","821","517","856","548","839","124","365"
"NL-0071-04-24-2024-K09-9527.dw.png","287","459","305","488","249","571","307","538","392","507","298","652","302","727","311","697","371","720","368","669","422","687","462","666","504","661","346","782","407","801","483","852","514","891","549","882","132","378"
"NL-0071-04-24-2024-K09-9528.dw.png","314","430","330","457","266","533","329","515","416","484","311","623","309","694","320","667","381","694","382","650","439","669","482","651","522","650","355","759","413","780","496","841","523","878","557","870","162","331"
"NL-0071-04-24-2024-K09-9529.dw.png","512","331","528","361","469","445","525","420","615","382","510","526","508","597","520","571","577","597","578","553","633","571","679","550","722","547","551","658","610","680","695","740","724","780","758","771","366","237"
"NL-0071-04-24-2024-K09-9530.dw.png","469","346","490","368","448","463","500","426","582","371","512","538","526","608","531","574","593","592","584","548","647","558","686","528","734","518","585","658","645","662","746","705","783","736","816","721","311","291"
"NL-0071-04-24-2024-K09-9531.dw.png","276","500","295","528","247","611","299","581","381","541","295","688","301","765","310","733","365","743","364","708","422","723","462","694","503","690","349","816","409","829","501","881","527","913","560","901","120","427"
"NL-0071-04-24-2024-K09-9532.dw.png","278","479","299","508","256","596","307","561","385","516","312","666","323","741","330","710","387","722","382","684","439","693","476","661","516","652","377","792","437","799","529","843","558","873","587","856","121","418"
"NL-0071-04-24-2024-K09-9534.dw.png","273","493","290","518","238","601","292","568","378","540","288","686","291","761","301","731","358","752","356","705","414","723","456","701","496","696","337","819","396","838","486","896","512","930","546","925","119","414"
"NL-0071-04-24-2024-K09-9535.dw.png","313","452","336","478","288","564","342","528","424","488","345","638","356","712","364","682","425","702","418","656","473","663","512","637","552","630","409","766","470","778","560","825","595","861","626","847","157","382"
"NL-0071-04-24-2024-K09-9536.dw.png","287","409","306","434","264","520","316","493","389","440","315","589","323","661","333","634","393","653","384","607","443","619","482","593","520","582","378","715","436","724","530","772","555","796","586","781","130","337"
"NL-0071-04-24-2024-K09-9537.dw.png","327","398","346","424","297","509","354","478","436","435","355","582","366","658","374","629","435","646","428","600","485","610","523","584","567","576","422","710","481","719","567","761","604","797","637","781","165","329"
"NL-0071-04-24-2024-K09-9538.dw.png","349","429","366","458","311","541","366","515","449","479","354","620","353","690","367","664","418","681","419","646","475","660","518","637","559","635","399","755","455","768","536","823","561","859","596","850","205","344"
"NL-0071-04-24-2024-K09-9539.dw.png","272","484","286","514","218","588","281","565","371","541","257","677","248","748","264","723","315","741","321","706","376","727","420","706","464","709","284","811","340","832","422","897","443","934","478","926","132","387"
"NL-0071-04-24-2024-K09-9540.dw.png","236","588","260","608","238","708","278","658","350","598","305","764","331","838","332","804","388","801","377","768","437","763","469","727","508","712","391","879","455","876","553","900","586","922","615","901","66","563"
"NL-0071-04-24-2024-K09-9541.dw.png","643","664","622","640","668","548","614","586","531","635","612","477","601","399","594","431","528","415","537","464","477","457","439","482","395","492","545","343","481","334","389","289","356","256","322","271","811","724"
"NL-0071-04-24-2024-K09-9542.dw.png","278","493","299","520","251","611","305","572","385","526","303","687","308","754","318","726","378","744","373","701","430","706","473","676","514","670","362","811","424","818","513","863","541","894","574","879","115","432"
"NL-0071-04-24-2024-K09-9543.dw.png","288","424","308","455","257","541","311","506","397","471","305","613","315","692","321","660","380","680","379","638","437","652","476","627","517","621","363","750","422","763","507","811","540","851","573","840","130","352"
"NL-0071-04-24-2024-K09-9544.dw.png","335","478","353","504","299","590","356","553","444","520","349","671","353","744","362","712","424","735","419","684","479","703","521","680","564","675","404","806","464","823","551","877","584","916","619","905","176","394"
"NL-0072-04-24-2024-K10-9643.dw.png","430","404","448","430","395","514","451","480","530","441","446","595","448","666","458","638","515","656","513","616","572","630","613","608","657","604","493","721","553","738","643","795","673","830","706","817","284","327"
"NL-0072-04-24-2024-K10-9644.dw.png","440","413","455","439","396","520","454","493","536","462","437","597","434","670","447","639","500","658","504","630","560","651","604","635","643","632","478","730","532","743","614","803","639","837","675","835","299","328"
"NL-0072-04-24-2024-K10-9647.dw.png","294","480","313","499","273","590","323","553","398","503","329","661","341","733","347","697","405","708","403","675","462","682","500","654","543","646","399","786","456","786","548","829","583","860","616","845","131","424"
"NL-0072-04-24-2024-K10-9648.dw.png","733","326","711","345","625","302","658","353","699","427","551","356","478","368","511","375","502","429","530","427","521","487","546","526","554","561","425","422","419","479","371","571","339","602","352","634","798","171"
"NL-0072-04-24-2024-K10-9649.dw.png","337","494","353","520","298","603","354","572","436","537","344","678","342","749","355","721","410","747","411","711","468","728","508","706","545","703","387","810","444","822","529","884","552","917","588","915","189","421"
"NL-0072-04-24-2024-K10-9650.dw.png","315","472","333","493","285","580","340","549","422","507","337","654","342","728","351","696","408","711","408","676","466","688","504","661","544","656","393","784","452","795","542","846","569","876","605","865","158","409"
"NL-0072-04-24-2024-K10-9651.dw.png","331","441","348","467","282","542","346","523","435","492","330","631","328","703","340","674","397","698","399","657","452","672","495","650","539","648","371","762","431","778","515","836","536","866","572","856","186","353"
"NL-0072-04-24-2024-K10-9652.dw.png","362","430","376","452","317","540","376","509","460","478","360","622","358","690","371","663","424","680","425","646","481","668","523","652","560","649","400","749","455","765","536","825","556","855","592","852","216","344"
"NL-0072-04-24-2024-K10-9653.dw.png","389","434","415","453","386","549","432","502","504","444","461","613","487","681","488","649","546","646","532","609","593","607","626","572","667","556","552","720","611","711","713","736","749","758","781","738","221","409"
"NL-0072-04-24-2024-K10-9654.dw.png","382","427","400","445","359","541","411","508","483","454","413","609","422","678","430","647","485","653","483","626","542","631","581","603","619","593","476","729","532","733","625","775","651","799","686","790","229","379"
"NL-0072-04-24-2024-K10-9655.dw.png","329","478","344","499","284","580","343","556","427","525","330","663","329","737","341","707","392","723","394","694","449","707","493","686","535","685","372","796","425","808","510","870","533","901","569","896","183","403"
"NL-0072-04-24-2024-K10-9656.dw.png","353","464","367","487","306","565","365","538","448","517","343","643","338","714","353","686","404","708","409","673","464","700","505","685","544","687","380","774","433","792","512","856","535","892","569","889","214","377"
"NL-0072-04-24-2024-K10-9657.dw.png","294","503","314","529","267","617","321","586","406","541","318","688","328","770","338","737","399","755","393","710","452","723","494","694","536","688","383","826","448","837","539","885","569","919","603","906","132","426"
"NL-0072-04-24-2024-K10-9658.dw.png","323","465","338","494","276","565","334","545","422","526","313","643","311","726","325","693","377","712","382","676","435","700","480","683","522","682","356","787","411","800","494","862","521","900","554","890","184","377"
"NL-0072-04-24-2024-K10-9659.dw.png","341","431","351","458","275","525","339","514","433","502","302","619","287","696","305","666","356","703","367","666","420","694","468","685","506","691","318","767","373","790","442","868","458","908","494","910","205","318"
"NL-0072-04-24-2024-K10-9660.dw.png","349","498","366","518","314","603","371","570","452","532","369","685","375","757","385","727","443","743","440","701","500","715","541","693","578","686","425","810","483","817","578","871","603","898","637","889","194","433"
"NL-0072-04-24-2024-K10-9661.dw.png","317","491","336","516","285","598","341","564","426","528","340","674","349","754","358","721","419","739","416","694","472","709","512","684","555","680","401","807","461","816","550","867","583","903","619","893","159","428"
"NL-0072-04-24-2024-K10-9662.dw.png","326","532","345","549","309","641","360","602","433","553","369","709","383","779","389","748","451","757","442","715","500","723","538","690","575","679","445","828","500","826","596","860","630","888","661","872","166","495"
"NL-0072-04-24-2024-K10-9663.dw.png","457","429","464","458","383","505","445","506","533","509","397","596","371","668","393","643","437","679","451","645","495","684","541","679","580","692","395","740","445","768","500","852","513","895","547","898","350","308"
"NL-0072-04-24-2024-K10-9664.dw.png","782","408","761","425","670","378","712","430","750","510","596","429","532","431","560","443","542","499","577","496","565","553","588","593","595","632","477","482","467","540","419","627","390","652","398","686","844","257"
"NL-0072-04-24-2024-K10-9665.dw.png","482","605","507","590","591","648","563","591","531","502","667","606","746","608","714","596","734","539","697","537","718","476","698","436","697","394","806","564","821","503","882","420","919","393","913","358","392","761"
"NL-0072-04-24-2024-K10-9666.dw.png","395","413","401","438","318","502","381","495","474","489","332","589","306","657","329","631","373","667","386","633","434","670","483","663","523","676","329","724","375","752","438","838","449","872","485","878","281","293"
"NL-0072-04-24-2024-K10-9667.dw.png","418","438","422","464","332","509","395","514","485","524","330","601","295","666","321","642","362","688","378","664","421","701","469","704","505","722","305","740","350","781","394","870","401","919","439","927","324","296"
"NL-0072-04-24-2024-K10-9668.dw.png","363","457","375","480","308","562","367","533","455","510","336","641","324","714","341","684","393","712","400","678","453","707","499","694","541","696","355","776","415","802","488","874","508","910","545","912","232","356"
"NL-0072-04-24-2024-K10-9669.dw.png","320","407","337","430","287","519","342","487","424","452","337","593","342","669","352","637","407","652","409","625","466","640","507","617","545","609","392","728","446","735","536","792","561","821","595","812","167","328"
"NL-0072-04-24-2024-K10-9670.dw.png","338","457","354","484","296","556","353","536","441","514","340","645","335","720","350","688","405","706","407","674","462","694","506","671","545","668","379","778","436","792","515","849","541","887","576","881","198","373"
"NL-0072-04-24-2024-K10-9671.dw.png","350","427","359","460","283","514","345","512","435","504","308","601","290","679","308","652","356","680","367","645","413","680","460","669","500","676","319","743","371","768","440","847","455","883","492","885","229","318"
"NL-0072-04-24-2024-K10-9672.dw.png","382","459","391","488","314","556","376","546","468","543","338","646","318","718","337","692","386","727","398","685","446","722","493","713","534","721","349","790","399","817","463","891","480","931","516","934","260","347"
"NL-0072-04-24-2024-K10-9673.dw.png","317","501","333","521","283","611","338","575","419","535","332","685","335","759","345","724","402","740","402","703","458","720","500","698","537","691","385","816","443","824","530","877","556","908","589","898","155","431"
"NL-0072-04-24-2024-K10-9674.dw.png","329","445","347","472","285","540","345","524","428","494","329","622","329","702","341","667","393","689","396","650","452","673","494","656","537","655","373","757","429","767","512","824","538","859","572","850","181","362"
"NL-0073-04-24-2024-K11-9676.dw.png","449","415","466","445","412","524","465","498","549","465","454","601","454","672","466","644","519","661","521","627","576","645","619","625","659","625","500","731","554","744","634","799","663","839","700","831","309","336"
"NL-0073-04-24-2024-K11-9677.dw.png","494","396","502","425","429","496","488","481","579","469","452","582","433","654","452","628","499","657","509","624","560","656","608","646","648","654","466","725","514","750","581","825","598","871","634","872","377","283"
"NL-0073-04-24-2024-K11-9678.dw.png","336","476","347","504","280","588","338","565","427","547","309","667","295","740","313","714","364","742","376","700","424","728","471","718","510","721","332","809","386","831","465","907","482","943","518","939","211","366"
"NL-0073-04-24-2024-K11-9679.dw.png","516","620","535","599","630","634","592","585","537","509","698","572","773","556","741","549","755","488","708","499","716","440","683","401","672","364","821","497","824","439","860","345","890","310","875","277","469","784"
"NL-0073-04-24-2024-K11-9680.dw.png","477","604","503","586","586","637","554","584","519","503","658","590","731","588","702","577","721","519","686","519","698","465","675","425","671","386","791","537","803","480","855","398","889","371","880","337","398","754"
"NL-0073-04-24-2024-K11-9681.dw.png","376","404","382","432","303","485","364","490","457","483","321","584","298","655","320","631","363","664","375","635","422","669","469","664","508","674","322","726","371","757","431","843","446","885","481","890","263","274"
"NL-0073-04-24-2024-K11-9682.dw.png","439","501","463","492","546","560","512","502","497","416","620","539","688","556","662","539","703","488","663","477","688","428","678","382","685","343","758","525","789","472","864","405","902","388","905","353","326","625"
"NL-0073-04-24-2024-K11-9683.dw.png","356","431","369","459","307","536","366","506","449","477","350","621","346","691","358","663","411","689","411","642","466","661","508","643","552","646","386","752","442","770","524","829","548","865","580","853","217","345"
"NL-0073-04-24-2024-K11-9684.dw.png","382","418","395","447","327","532","386","513","476","484","359","622","343","690","361","663","415","695","424","650","475","676","524","666","564","672","383","761","437","782","520","857","539","892","574","889","251","307"
"NL-0073-04-24-2024-K11-9685.dw.png","556","772","540","746","602","669","542","689","453","721","560","579","565","504","552","535","497","513","492","548","437","527","389","547","347","545","524","444","467","424","389","366","361","324","323","330","697","866"
"NL-0073-04-24-2024-K11-9686.dw.png","471","409","483","433","418","513","477","494","570","469","456","605","447","677","463","649","513","678","521","637","576","664","623","648","664","652","484","741","540","763","617","829","643","871","680","867","335","314"
"NL-0073-04-24-2024-K11-9687.dw.png","381","430","403","447","389","553","427","506","494","442","454","612","476","680","479","651","542","653","528","610","585","608","621","575","659","560","543","724","605","718","710","744","745","766","774","745","218","392"
"NL-0073-04-24-2024-K11-9688.dw.png","307","514","324","538","274","626","329","595","409","552","322","701","325","773","336","743","392","761","393","724","446","733","490","712","529","707","375","830","432","839","515","891","543","924","579","914","157","437"
"NL-0073-04-24-2024-K11-9689.dw.png","355","445","370","475","309","556","368","532","455","500","349","640","345","713","359","685","417","707","420","675","476","690","521","671","563","673","391","776","447","790","532","854","557","892","591","878","210","355"
"NL-0073-04-24-2024-K11-9690.dw.png","339","461","357","486","307","577","362","546","445","505","355","658","358","730","369","701","425","715","426","676","484","695","527","673","569","674","407","787","461","793","553","856","581","890","614","877","185","389"
"NL-0073-04-24-2024-K11-9691.dw.png","359","426","372","453","306","533","366","511","458","486","342","619","332","695","348","667","403","698","410","659","464","684","512","667","555","669","374","765","429","784","507","854","530","893","566","887","221","328"
"NL-0073-04-24-2024-K11-9692.dw.png","347","461","362","485","309","576","364","546","447","509","350","655","348","724","360","695","420","719","421","674","475","695","519","677","560","676","395","787","457","805","546","866","569","896","604","887","204","371"
"NL-0073-04-24-2024-K11-9693.dw.png","338","451","355","477","304","559","355","534","435","494","346","630","345","704","358","674","411","691","413","664","466","675","508","651","548","649","392","762","447","774","527","829","552","863","588","857","194","372"
"NL-0073-04-24-2024-K11-9694.dw.png","354","469","369","497","315","584","368","553","453","520","354","656","351","730","364","701","419","724","420","682","475","705","518","685","558","685","395","793","451","806","532","867","556","904","590","897","210","379"
"NL-0073-04-24-2024-K11-9695.dw.png","347","464","359","492","291","559","352","550","441","527","327","652","318","726","335","699","385","722","393","693","445","716","488","702","528","706","358","797","408","816","482","886","503","927","540","921","215","363"
"NL-0073-04-24-2024-K11-9696.dw.png","439","404","453","427","402","516","453","489","534","446","441","589","437","660","451","632","506","653","506","619","560","631","603","608","644","607","482","723","541","737","617","791","642","830","680","826","295","323"
"NL-0073-04-24-2024-K11-9697.dw.png","429","397","457","390","528","470","521","410","507","314","616","456","680","483","656","460","700","412","658","396","697","350","693","301","702","261","756","458","791","404","878","338","918","324","922","287","297","502"
"NL-0073-04-24-2024-K11-9699.dw.png","356","448","371","475","311","556","370","532","456","504","349","643","344","711","358","684","416","712","419","659","473","688","518","671","559","672","389","777","449","796","534","861","555","892","592","886","214","349"
"NL-0073-04-24-2024-K11-9700.dw.png","364","443","374","468","305","540","365","526","455","505","336","633","323","703","341","675","392","709","400","671","452","699","497","685","538","692","356","770","412","794","483","865","505","907","542","904","230","331"
"NL-0073-04-24-2024-K11-9701.dw.png","317","498","332","519","287","621","335","578","417","535","324","683","329","764","341","733","397","753","396","707","448","724","492","706","534","703","376","823","434","836","514","887","543","922","578","911","161","424"
"NL-0073-04-24-2024-K11-9702.dw.png","353","510","367","535","310","625","367","595","458","566","350","708","347","786","362","752","415","767","420","739","477","754","521","735","563","739","392","847","449","860","533","929","557","966","593","955","203","427"
"NL-0073-04-24-2024-K11-9703.dw.png","350","460","362","488","302","572","359","543","450","519","337","653","327","725","344","697","399","724","404","681","457","705","503","689","547","690","368","787","426","807","504","874","528","913","567","908","211","365"
"NL-0073-04-24-2024-K11-9704.dw.png","341","486","357","513","301","597","358","572","443","535","344","676","341","750","354","720","409","739","411","701","466","717","510","700","549","701","386","812","443","826","523","881","550","921","586","913","196","401"
"NL-0073-04-24-2024-K11-9705.dw.png","386","472","395","498","323","576","383","556","476","543","345","659","323","730","345","705","393","739","404","701","455","731","506","721","546","730","353","804","404","828","473","913","490","957","528","959","259","360"
"NL-0073-04-24-2024-K11-9706.dw.png","341","422","350","446","270","523","332","509","426","488","286","603","263","676","284","653","333","693","348","650","392","683","438","679","477","689","289","750","338","780","401","859","414","896","449","896","219","299"
"NL-0074-04-24-2024-K12-8660.dw.png","601","322","615","352","550","433","608","409","701","376","588","519","584","589","598","564","652","589","656","556","714","571","761","556","806","553","629","660","681","676","769","742","794","778","832","771","466","227"
"NL-0074-04-24-2024-K12-8661.dw.png","606","320","618","351","546","424","607","409","704","387","575","514","564","582","578","556","631","580","639","553","695","574","743","558","788","563","600","651","649","670","727","737","749","776","788","776","481","224"
"NL-0074-04-24-2024-K12-8662.dw.png","229","565","248","585","202","682","256","642","336","597","258","759","265","831","275","799","327","798","328","777","389","781","429","751","469","744","319","885","376","888","469","932","498","963","533","951","68","497"
"NL-0074-04-24-2024-K12-8663.dw.png","222","562","239","587","186","681","242","642","331","602","235","760","236","831","249","802","307","818","308","784","368","795","411","773","452","767","289","896","345","904","442","964","466","994","500","982","65","482"
"NL-0074-04-24-2024-K12-8664.dw.png","217","568","237","590","188","690","244","652","328","609","238","765","241","842","253","806","311","821","311","785","369","793","408","771","451","768","291","900","353","906","437","955","467","991","502","977","64","502"
"NL-0074-04-24-2024-K12-8665.dw.png","223","554","244","576","199","676","252","630","338","588","256","751","262","823","271","788","332","802","330","766","390","771","430","746","475","741","319","879","378","883","472","928","502","960","539","949","57","491"
"NL-0074-04-24-2024-K12-8666.dw.png","225","514","236","537","164","620","229","592","322","573","192","709","175","781","195","752","250","774","259","745","317","768","364","753","405","757","209","845","269","869","343","941","359","976","399","975","83","408"
"NL-0074-04-24-2024-K12-8667.dw.png","227","538","244","559","194","649","250","619","331","574","247","734","247","805","260","774","317","787","315","750","378","764","419","738","460","733","297","863","359","871","447","921","476","955","512","944","69","460"
"NL-0074-04-24-2024-K12-8668.dw.png","238","566","258","592","202","675","260","643","345","607","254","757","254","828","268","798","328","816","328","779","386","790","427","763","467","758","310","894","369","902","456","953","480","983","516","971","81","490"
"NL-0074-04-24-2024-K12-8670.dw.png","536","316","553","339","503","428","555","397","642","352","551","506","554","576","563","542","616","550","618","526","679","534","721","508","767","504","601","627","654","631","751","683","785","717","821","705","386","249"
"NL-0074-04-24-2024-K12-8671.dw.png","210","574","229","600","171","685","228","653","319","616","219","767","221","840","231","805","286","815","289","789","350","798","392","775","436","773","263","895","325","906","412","962","441","998","478","984","50","497"
"NL-0074-04-24-2024-K12-8672.dw.png","254","527","267","558","194","624","257","607","351","591","228","716","213","792","233","764","284","784","293","755","349","779","396","764","439","767","253","864","306","882","381","951","403","994","440","991","121","425"
"NL-0074-04-24-2024-K12-8673.dw.png","232","569","249","589","199","685","254","647","336","600","250","761","254","836","265","804","321","810","321","783","384","793","425","766","465","760","304","892","364","899","454","949","483","985","518","972","74","501"
"NL-0074-04-24-2024-K12-8674.dw.png","217","543","236","567","184","659","240","623","327","582","238","739","242","814","253","782","311","793","314","764","373","770","414","746","454","740","297","875","355","882","444","930","474","966","510","953","54","476"
"NL-0074-04-24-2024-K12-8675.dw.png","249","562","266","585","209","668","267","640","356","606","255","753","256","826","267","791","326","810","327","778","387","794","431","772","471","769","300","887","362","899","448","958","472","990","509","980","97","480"
"NL-0074-04-24-2024-K12-8676.dw.png","226","545","241","571","171","643","235","622","330","594","212","735","203","815","219","777","276","798","283","763","341","780","385","764","428","765","241","872","302","890","383","955","407","992","443","982","74","452"
"NL-0074-04-24-2024-K12-8677.dw.png","589","687","609","667","706","712","667","659","617","581","779","658","855","650","822","641","834","582","796","583","805","525","776","485","768","446","911","595","919","533","964","444","996","414","984","379","532","854"
"NL-0074-04-24-2024-K12-8678.dw.png","228","603","250","626","206","717","259","677","341","627","263","783","277","860","283","824","343","832","339","798","400","804","438","776","480","769","330","908","388","910","488","955","519","984","552","970","62","556"
"NL-0074-04-24-2024-K12-8679.dw.png","530","292","549","313","504","417","557","373","642","322","557","491","562","557","572","527","631","540","628","503","689","510","732","481","781","478","617","612","675","618","771","662","804","694","842","682","377","228"
"NL-0074-04-24-2024-K12-8680.dw.png","919","504","902","522","795","483","842","533","898","613","721","541","652","551","682","559","675","617","706","614","707","676","734","718","745","762","601","607","598","665","560","760","531","793","545","830","978","348"
"NL-0074-04-24-2024-K12-8681.dw.png","249","565","264","584","206","673","265","640","353","608","254","762","252","834","266","804","321","819","324","787","383","798","427","778","467","774","297","895","356","906","441","961","467","995","503","985","99","476"
"NL-0074-04-24-2024-K12-8682.dw.png","214","566","231","588","179","684","234","645","320","603","227","758","230","836","242","803","298","812","299","786","359","793","402","769","442","763","281","895","341","904","424","953","450","985","487","973","57","491"
"NL-0074-04-24-2024-K12-8683.dw.png","231","544","248","570","187","651","249","621","338","589","233","735","230","809","244","776","302","797","304","762","362","778","406","760","445","758","275","869","331","883","420","950","443","981","478","976","78","465"
"NL-0074-04-24-2024-K12-8684.dw.png","209","547","224","569","167","656","226","627","311","593","209","736","202","815","218","778","275","800","281","764","336","781","380","758","420","757","250","880","307","890","394","954","418","986","454","978","54","465"
"NL-0074-04-24-2024-K12-8685.dw.png","206","567","226","589","174","682","233","644","319","600","227","757","228","830","242","799","302","817","301","775","360","783","401","761","446","759","280","888","342","896","429","943","462","980","497","966","45","496"
"NL-0074-04-24-2024-K12-8686.dw.png","216","569","231","594","170","677","230","643","317","613","210","752","204","826","219","795","276","814","280","784","335","799","379","782","418","780","246","884","307","901","384","961","406","993","442","987","68","484"
"NL-0074-04-24-2024-K12-8687.dw.png","252","517","264","541","199","619","257","595","347","570","230","698","217","775","235","742","289","765","294","734","348","759","391","741","432","746","252","835","310","855","382","919","405","961","439","955","114","425"
"NL-0074-04-24-2024-K12-8688.dw.png","222","552","242","577","192","668","247","629","338","592","246","745","254","827","264","794","325","810","324","772","383","779","425","753","467","748","307","884","370","896","461","943","492","978","529","963","58","481"
"NL-0074-04-24-2024-K12-8690.dw.png","198","556","214","578","155","667","213","638","298","602","194","742","188","814","203","783","262","800","267","765","321","785","364","761","406","764","236","880","295","891","373","943","396","977","429","968","46","475"
"NL-0075-04-24-2024-K13-9708.dw.png","463","412","479","434","423","516","482","492","567","448","475","595","478","668","489","640","551","661","547","618","608","633","652","607","694","604","528","725","590","737","686","793","714","826","748","809","310","339"
"NL-0075-04-24-2024-K13-9709.dw.png","419","428","434","455","376","538","433","511","515","479","419","625","414","695","428","667","486","691","487","652","545","672","589","651","630","648","460","759","519","774","600","834","630","875","665","866","276","333"
"NL-0075-04-24-2024-K13-9710.dw.png","305","475","317","505","249","585","308","556","397","541","280","675","264","740","284","718","335","751","342","706","397","733","441","718","481","717","303","814","359","839","433","913","456","958","492","954","175","364"
"NL-0075-04-24-2024-K13-9711.dw.png","289","485","301","517","224","575","293","573","383","552","260","681","247","752","264","730","320","754","325","718","380","739","427","723","469","725","284","822","341","846","419","913","439","951","474","947","161","375"
"NL-0075-04-24-2024-K13-9713.dw.png","311","448","324","477","256","549","317","531","404","514","289","637","280","711","296","689","350","717","354","673","407","696","451","679","492","682","319","779","374","802","447","874","469","914","502","904","172","348"
"NL-0075-04-24-2024-K13-9714.dw.png","470","589","495","578","569","644","555","581","526","494","665","603","733","612","705","597","732","542","697","539","714","483","697","436","696","397","799","571","818","516","884","433","915","412","911","375","369","729"
"NL-0075-04-24-2024-K13-9715.dw.png","320","427","335","457","276","543","332","511","417","483","314","622","308","692","323","665","377","687","379","643","435","667","479","648","520","646","352","755","407","771","485","833","514","874","548","866","177","336"
"NL-0075-04-24-2024-K13-9716.dw.png","316","458","327","487","260","556","319","549","407","520","294","650","283","722","299","697","350","721","355","685","412","710","455","694","497","696","317","781","376","807","449","876","472","914","507","914","182","356"
"NL-0075-04-24-2024-K13-9717.dw.png","344","453","355","477","293","564","350","536","437","504","329","649","319","717","334","688","390","719","394","675","448","699","494","679","536","679","359","783","416","804","496","871","518","911","553","906","203","344"
"NL-0075-04-24-2024-K13-9718.dw.png","474","423","491","449","431","535","493","510","574","471","477","619","475","688","488","659","549","685","550","648","610","661","656","637","697","632","524","752","587","769","673","826","702","863","738","851","324","339"
"NL-0075-04-24-2024-K13-9719.dw.png","478","429","486","457","416","530","475","506","565","495","442","614","425","679","444","657","497","694","503","651","555","683","602","668","645","674","459","750","517","780","590","858","608","897","644","895","356","308"
"NL-0075-04-24-2024-K13-9720.dw.png","311","489","328","517","272","602","328","574","412","538","316","680","313","752","328","725","384","744","384","705","440","721","484","699","525","696","362","816","420","828","503","886","533","925","569","916","162","405"
"NL-0075-04-24-2024-K13-9721.dw.png","335","478","350","506","287","583","346","557","428","528","323","666","312","736","329","708","385","738","388","695","444","720","488","701","529","704","354","802","410","820","489","888","512","928","548","924","196","377"
"NL-0075-04-24-2024-K13-9722.dw.png","487","563","512","547","588","605","567","545","533","462","672","556","746","559","717","546","735","492","697","491","717","432","696","390","692","349","799","517","818","456","881","368","916","342","906","308","405","710"
"NL-0075-04-24-2024-K13-9723.dw.png","335","488","352","512","297","602","351","565","436","535","343","681","342","748","354","721","410","742","409","699","466","717","510","691","553","692","387","808","446","822","530","879","556","915","591","900","188","414"
"NL-0075-04-24-2024-K13-9724.dw.png","342","449","356","477","293","552","353","532","440","499","336","643","330","711","344","683","399","709","402","673","456","686","500","668","541","667","373","775","425","787","507","851","529","884","564","876","199","359"
"NL-0075-04-24-2024-K13-9725.dw.png","335","448","345","478","274","539","333","535","423","517","303","629","284","701","303","677","351","703","359","669","411","703","455","692","497","696","314","763","366","793","434","868","453","911","487","914","209","339"
"NL-0075-04-24-2024-K13-9726.dw.png","317","483","336","509","281","587","339","559","422","527","337","675","342","749","352","720","410","738","406","699","466","709","506","680","547","673","393","806","451","816","543","866","574","900","608","890","171","405"
"NL-0075-04-24-2024-K13-9727.dw.png","303","417","321","445","264","534","321","500","407","470","311","615","312","685","323","657","379","675","378","633","439","652","482","629","522","626","359","743","416","758","503","814","530","847","565","837","152","337"
"NL-0075-04-24-2024-K13-9728.dw.png","420","405","428","433","351","501","413","484","501","479","373","588","352","652","372","629","420","663","430","626","481","660","528","651","568","660","379","723","431","749","497","834","512","876","547","875","305","281"
"NL-0075-04-24-2024-K13-9729.dw.png","410","404","429","424","389","519","437","479","516","433","444","587","455","658","462","631","520","641","514","601","575","612","614","581","654","574","508","708","567","716","660","762","694","795","726","779","256","351"
"NL-0075-04-24-2024-K13-9730.dw.png","326","486","336","509","274","590","332","564","417","540","312","678","302","744","318","716","376","747","377","703","432","725","477","706","518","703","344","810","404","831","485","899","507","934","540","928","182","387"
"NL-0075-04-24-2024-K13-9731.dw.png","294","454","310","480","250","561","308","538","395","504","294","643","292","718","305","691","361","715","362","669","420","689","463","669","507","670","339","780","396","796","477","854","506","895","539","884","148","366"
"NL-0075-04-24-2024-K13-9732.dw.png","319","466","336","493","276","571","338","549","420","514","325","658","324","730","337","702","396","722","397","688","455","699","499","676","539","673","369","790","433","809","518","867","545","902","579","892","169","376"
"NL-0075-04-24-2024-K13-9733.dw.png","296","483","310","507","256","599","309","562","392","529","295","676","290","742","304","718","362","746","361","695","421","719","462","696","503","693","336","804","394","825","480","885","505","921","538","908","148","391"
"NL-0075-04-24-2024-K13-9734.dw.png","338","462","353","488","292","569","352","547","436","515","333","654","328","729","343","700","401","727","404","691","458","707","502","686","542","683","373","795","433","816","512","877","537","914","572","907","191","366"
"NL-0075-04-24-2024-K13-9735.dw.png","334","446","352","471","296","557","353","526","436","489","344","631","347","702","357","675","413","691","413","656","472","672","513","649","557","648","395","762","451","773","539","832","568","867","602","855","180","375"
"NL-0075-04-24-2024-K13-9736.dw.png","358","448","372","478","302","548","365","533","449","509","335","638","321","707","338","683","394","716","401","678","453","702","499","687","539","692","358","775","416","800","489","870","510","912","546","909","226","340"
"NL-0075-04-24-2024-K13-9737.dw.png","344","458","355","483","295","568","350","535","431","512","328","648","320","711","334","685","391","719","392","674","449","698","492","678","534","677","359","777","421","800","495","861","518","901","554","895","205","355"
"NL-0075-04-24-2024-K13-9738.dw.png","350","465","364","490","306","576","362","547","448","515","348","656","342","727","356","700","415","730","414","677","473","700","515","678","559","679","386","788","444","806","526","868","551","904","587","893","203","379"
"NL-0076-04-24-2024-K14-0072.dw.png","433","757","421","730","486","655","427","676","339","697","451","566","458","497","444","523","390","499","385","526","333","508","288","526","246","521","418","430","368","410","290","342","270","306","233","305","561","853"
"NL-0076-04-24-2024-K14-0073.dw.png","421","427","439","452","391","532","441","505","521","465","437","602","445","681","452","648","505","660","507","625","560","642","602","619","644","617","492","731","543","739","634","790","665","826","701","819","276","364"
"NL-0076-04-24-2024-K14-0074.dw.png","374","441","387","469","324","547","382","523","470","503","360","633","352","707","368","679","417","700","423","670","475","694","521","681","563","684","389","769","443","787","519","856","544","900","579","897","242","347"
"NL-0076-04-24-2024-K14-0075.dw.png","449","602","476","589","553","653","531","594","508","507","633","617","707","625","677","609","695","559","671","553","693","498","675","453","677","414","770","587","788","533","853","458","893","436","887","402","347","738"
"NL-0076-04-24-2024-K14-0076.dw.png","290","538","315","551","302","653","337","599","399","534","371","700","404","766","403","735","454","724","449","705","505","692","533","651","570","632","469","801","525","789","627","808","663","828","690","806","122","529"
"NL-0076-04-24-2024-K14-0077.dw.png","287","512","309","535","265","622","320","583","402","541","324","694","340","767","345","735","406","745","402","713","460","720","500","691","540","685","398","819","456","823","553","869","584","897","617","885","125","462"
"NL-0076-04-24-2024-K14-0078.dw.png","307","473","323","502","260","573","323","554","410","529","301","658","299","737","312","706","367","730","372","692","427","716","469","698","509","700","341","798","401","818","479","883","503","921","537","915","167","384"
"NL-0076-04-24-2024-K14-0079.dw.png","323","441","332","467","259","537","321","517","408","509","285","628","267","696","287","669","332","691","340","671","392","698","438","686","476","692","296","763","347","790","410","867","425","903","460","902","202","328"
"NL-0076-04-24-2024-K14-0080.dw.png","323","466","331","493","255","558","319","541","409","537","276","647","257","713","276","690","325","718","335","689","384","721","431","713","470","721","286","789","335","814","395","890","410","929","445","928","198","346"
"NL-0076-04-24-2024-K14-0081.dw.png","360","458","371","491","297","560","361","535","448","526","324","647","308","717","326","688","376","723","386","685","435","716","482","703","520","711","340","788","392","812","458","886","476","923","509","923","231","341"
"NL-0076-04-24-2024-K14-0082.dw.png","798","474","774","490","680","435","725","490","754","580","607","480","530","481","561","493","550","549","578","553","562","612","582","658","584","701","471","530","456","590","389","686","356","713","366","749","875","323"
"NL-0076-04-24-2024-K14-0083.dw.png","471","427","483","457","410","521","475","508","566","495","439","610","427","686","444","656","496","684","506","657","557","686","605","676","645","685","461","754","516","781","588","859","609","902","646","900","344","317"
"NL-0076-04-24-2024-K14-0084.dw.png","309","493","325","522","272","600","325","565","409","538","317","677","317","754","331","724","384","741","384","703","441","724","485","702","525","699","363","812","421","827","508","887","533","921","568","914","158","406"
"NL-0076-04-24-2024-K14-0085.dw.png","275","535","295","558","252","646","304","613","381","566","307","712","323","793","329","759","386","771","382","730","441","743","478","715","518","706","375","839","431","842","522","886","559","922","591","910","116","484"
"NL-0076-04-24-2024-K14-0086.dw.png","578","763","566","741","629","666","570","678","482","709","587","575","592","503","578","532","527","510","523","541","468","521","426","540","386","538","552","440","500","422","421","360","400","326","364","334","713","856"
"NL-0076-04-24-2024-K14-0087.dw.png","489","608","514","593","599","650","570","591","535","502","679","602","754","600","723","589","745","530","706","530","720","473","697","431","696","389","815","553","827","493","882","412","921","383","910","349","406","765"
"NL-0076-04-24-2024-K14-0088.dw.png","311","459","322","485","252","558","313","539","404","522","282","645","269","720","288","690","336","714","345","691","401","716","446","701","488","708","301","784","355","809","428","882","448","922","485","917","184","352"
"NL-0076-04-24-2024-K14-0089.dw.png","311","468","324","493","257","569","317","554","406","530","290","649","282","729","297","699","350","726","359","691","410","716","456","703","496","707","322","796","373","813","451","883","474","925","508","924","178","372"
"NL-0076-04-24-2024-K14-0090.dw.png","402","456","420","479","379","567","427","536","505","487","432","635","445","709","449","676","505","688","501","657","559","665","597","638","636","631","489","756","549","766","644","815","671","843","706","834","254","395"
"NL-0076-04-24-2024-K14-0091.dw.png","430","411","448","435","398","517","452","487","533","451","448","595","457","670","465","640","520","655","521","619","576","637","618","614","661","610","506","726","560","736","652","791","684","831","717","823","284","343"
"NL-0076-04-24-2024-K14-0092.dw.png","300","468","317","500","259","580","315","549","400","523","298","657","296","736","310","705","363","724","367","689","422","713","463","694","508","697","338","794","393","809","475","876","499","912","535","907","157","379"
"NL-0076-04-24-2024-K14-0093.dw.png","275","487","299","508","265","607","310","560","387","511","327","674","346","747","350","713","399","706","398","687","460","687","496","651","535","640","401","789","457","787","554","825","587","854","618","835","109","446"
"NL-0076-04-24-2024-K14-0094.dw.png","433","578","457","564","543","620","515","565","486","483","619","581","692","584","663","571","673","524","655","519","670","462","650","419","649","380","749","546","765","491","827","414","864","389","860","356","343","720"
"NL-0076-04-24-2024-K14-0095.dw.png","761","338","740","354","652","300","686","354","719","439","578","343","501","342","532","356","517","409","551","411","533","467","556","510","556","553","445","385","430","446","372","526","335","555","344","590","838","193"
"NL-0076-04-24-2024-K14-0096.dw.png","737","330","710","344","633","276","659","339","686","430","550","313","476","304","505","322","483","376","509","380","492","437","510","485","508","524","415","344","397","398","327","481","295","500","299","536","833","188"
"NL-0076-04-24-2024-K14-0097.dw.png","332","465","347","490","286","565","343","543","430","517","325","649","322","724","334","694","384","710","389","683","447","707","490","688","531","692","360","781","411","797","495","866","517","902","553","896","196","376"
"NL-0076-04-24-2024-K14-0098.dw.png","322","442","341","473","287","550","341","520","424","491","333","627","331","703","343","669","397","691","398","659","455","674","498","652","538","650","376","760","436","775","517","829","541","861","575","853","172","353"
"NL-0076-04-24-2024-K14-0099.dw.png","310","464","329","489","275","565","333","537","419","498","331","643","343","726","350","691","408","704","407","671","465","685","506","659","547","654","392","778","456","788","545","838","574","871","607","859","151","394"
"NL-0076-04-24-2024-K14-0100.dw.png","355","435","365","462","292","519","353","512","440","494","320","613","306","682","325","655","371","682","380","658","433","680","478","670","515","673","338","745","388","771","455","843","472","875","507","876","233","323"
"NL-0076-04-24-2024-K14-0101.dw.png","323","431","338","461","272","536","331","514","422","490","309","623","303","699","318","670","369","696","375","661","430","682","475","666","516","667","341","763","398","785","474","856","494","888","530","886","183","328"
"NL-0077-04-24-2024-K15-0102.dw.png","486","439","493","465","417","524","478","516","569","512","435","616","413","689","432","665","476","699","488","667","535","697","581","688","620","700","437","757","486","788","545","862","561","912","593","913","373","320"
"NL-0077-04-24-2024-K15-0103.dw.png","451","422","464","445","400","529","461","499","551","477","436","619","428","685","443","655","496","680","501","652","560","672","607","654","645","658","467","746","521","764","606","833","630","873","666","871","307","323"
"NL-0077-04-24-2024-K15-0104.dw.png","327","492","340","517","274","589","335","576","427","551","311","678","305","755","319","723","374","750","380","720","434","739","480","721","523","725","340","817","398","837","483","913","503","947","541","945","188","391"
"NL-0077-04-24-2024-K15-0105.dw.png","341","466","353","490","285","566","347","550","440","525","322","657","313","734","328","701","381","729","387","694","443","719","491","704","533","709","347","796","405","819","488","896","510","934","548","936","202","365"
"NL-0077-04-24-2024-K15-0106.dw.png","481","570","509","556","579","626","566","562","539","471","672","587","743","596","716","580","752","525","704","519","728","464","709","417","710","377","811","557","836","500","910","415","944","394","936","361","378","715"
"NL-0077-04-24-2024-K15-0107.dw.png","278","537","302","558","269","653","317","608","394","552","338","720","356","791","361","760","422","768","411","725","472","727","507","691","546","677","417","837","476","836","578","869","613","893","642","876","109","501"
"NL-0077-04-24-2024-K15-0108.dw.png","288","505","310","526","269","615","320","581","399","529","332","691","353","768","356","733","407","736","407","716","464","718","501","687","540","676","407","816","460","823","557","865","593","899","625","887","123","449"
"NL-0077-04-24-2024-K15-0109.dw.png","324","466","341","490","285","577","344","553","434","507","335","663","337","739","349","705","408","730","410","688","467","703","512","681","558","683","388","801","449","814","541","873","568","907","602","893","159","387"
"NL-0077-04-24-2024-K15-0110.dw.png","698","282","679","303","581","271","618","317","674","390","513","332","442","347","476","352","476","405","494","404","496","461","527","498","538","535","396","404","395","457","355","560","328","591","341","624","745","119"
"NL-0077-04-24-2024-K15-0111.dw.png","299","532","314","553","258","639","315","607","400","574","301","717","302","795","314","764","367","782","367","748","425","764","470","742","511","740","348","858","404","872","487","932","512","966","546","955","150","443"
"NL-0077-04-24-2024-K15-0112.dw.png","427","424","448","441","415","539","470","502","540","431","490","610","514","680","515","645","579","652","569","615","627","612","666","577","712","567","581","725","639","721","752","756","788","781","817","758","258","396"
"NL-0077-04-24-2024-K15-0113.dw.png","278","546","297","568","247","651","302","615","383","579","302","727","311","800","320","769","376","785","373","748","431","756","475","729","511","724","366","857","420","864","516","914","541","939","572","924","118","474"
"NL-0077-04-24-2024-K15-0114.dw.png","272","521","295","541","259","638","309","598","384","542","323","706","339","778","344","746","405","754","399","720","456","722","492","688","533","676","401","826","459","826","559","863","591","892","620","872","107","472"
"NL-0077-04-24-2024-K15-0115.dw.png","548","725","536","697","604","624","544","642","455","664","569","532","581","460","564","487","512","451","506","492","453","466","407","478","366","476","541","386","490","364","408","287","389","252","353","258","684","835"
"NL-0077-04-24-2024-K15-0116.dw.png","309","491","328","516","269","592","328","565","415","538","320","678","322","752","333","722","389","745","392","710","447","724","489","704","530","699","372","816","426","829","516","887","544","922","577","909","155","404"
"NL-0077-04-24-2024-K15-0117.dw.png","683","304","659","325","567","281","604","336","659","412","495","341","422","351","453","358","441","419","479","414","473","473","504","513","511","552","369","410","366","465","317","569","290","598","305","630","737","135"
"NL-0077-04-24-2024-K15-0118.dw.png","599","701","578","680","623","586","568","618","488","672","564","509","555","442","547","473","485","457","488","493","430","486","389","512","344","515","492","383","440","381","340","333","309","304","278","321","764","756"
"NL-0077-04-24-2024-K15-0119.dw.png","488","584","514","566","600","623","572","565","533","479","684","575","760","572","730","562","753","502","715","503","726","446","699","402","695","362","818","524","833","467","895","374","920","353","910","319","418","732"
"NL-0077-04-24-2024-K15-0120.dw.png","588","713","571","694","618","606","565","643","484","680","567","535","560","459","550","492","496","481","495","504","439","498","399","526","358","531","510","407","453","398","367","350","335","313","302","326","740","773"
"NL-0077-04-24-2024-K15-0121.dw.png","262","518","279","539","231","633","287","597","371","554","283","711","287","788","299","753","357","771","357","735","416","746","459","720","499","718","338","844","398","855","496","910","520","937","557","928","97","450"
"NL-0077-04-24-2024-K15-0122.dw.png","718","284","700","299","615","247","648","305","680","397","528","301","445","301","489","315","472","374","501","373","489","434","518","478","523","521","398","344","385","413","335","504","299","532","307","570","785","122"
"NL-0077-04-24-2024-K15-0123.dw.png","296","532","316","556","274","647","325","609","407","565","328","719","341","799","350","769","407","778","403","746","461","750","503","724","544","716","397","855","453","860","548","911","578","943","609","925","131","471"
"NL-0077-04-24-2024-K15-0124.dw.png","279","504","297","531","243","617","298","585","386","551","289","694","289","769","302","739","356","757","356","726","413","738","454","711","496","709","338","832","395","841","476","897","505","936","539","927","124","429"
"NL-0077-04-24-2024-K15-0125.dw.png","498","634","524","617","607","675","584","616","548","527","694","627","769","629","740","614","761","557","722","557","741","497","722","453","717","410","835","578","847","520","908","431","940","405","931","369","408","788"
"NL-0077-04-24-2024-K15-0126.dw.png","263","490","277","511","215","600","274","568","362","538","252","681","244","753","261","722","310","740","316","718","374","733","419","714","460","718","285","815","336","832","422","900","443","934","479","929","114","399"
"NL-0077-04-24-2024-K15-0127.dw.png","341","431","355","453","296","534","356","516","444","479","345","624","344","697","357","667","412","692","415","656","469","667","513","650","556","652","394","765","447","775","535","841","558","875","593","866","186","350"
"NL-0077-04-24-2024-K15-0128.dw.png","377","462","398","485","357","575","409","540","488","488","417","649","429","720","437","690","500","706","490","669","549","672","586","638","625","629","487","773","548","778","643","821","673","850","704","834","219","409"
"NL-0078-04-24-2024-K16-0129.dw.png","453","760","440","734","497","651","441","675","349","706","457","566","463","494","448","523","391","492","388","538","329","515","285","532","243","527","419","428","358","409","273","340","248","303","215","311","599","841"
"NL-0078-04-24-2024-K16-0130.dw.png","743","420","724","439","633","403","664","450","716","528","560","461","486","476","515","483","502","543","541","537","531","597","561","635","572","677","433","532","423","597","377","699","345","733","363","763","800","264"
"NL-0078-04-24-2024-K16-0131.dw.png","339","477","354","505","294","581","353","552","439","528","336","667","330","737","345","712","402","742","404","696","458","716","500","695","542","697","374","801","434","819","513","880","537","916","572","909","198","389"
"NL-0078-04-24-2024-K16-0132.dw.png","500","599","527","579","611","629","586","573","537","488","692","573","766","566","736","554","753","494","714","497","722","440","697","400","691","357","821","513","832","448","880","357","915","325","901","292","426","758"
"NL-0078-04-24-2024-K16-0133.dw.png","621","685","601","666","636","569","587","609","510","664","575","497","557","424","554","456","491","442","498","484","442","481","404","511","365","520","500","376","443","374","352","336","318","304","284","316","786","736"
"NL-0078-04-24-2024-K16-0134.dw.png","696","290","674","306","590","252","613","310","656","396","508","304","432","305","462","320","446","374","479","376","470","432","491","474","497","518","375","355","362","416","305","506","271","535","282","569","776","140"
"NL-0078-04-24-2024-K16-0135.dw.png","303","499","317","525","251","600","313","585","402","551","289","693","280","761","295","734","353","769","360","720","412","743","457","726","497","730","320","826","380","848","458","906","482","944","517","936","162","407"
"NL-0078-04-24-2024-K16-0136.dw.png","317","467","326","491","251","567","313","558","411","539","275","666","258","736","276","707","326","751","341","703","390","736","439","728","479","738","289","811","339","838","410","917","426","961","461","960","185","353"
"NL-0078-04-24-2024-K16-0137.dw.png","734","324","705","337","629","272","647","329","674","419","545","304","474","292","497","311","465","365","506","371","485","423","500","468","496","511","399","335","379","391","313","463","275","484","280","521","836","191"
"NL-0078-04-24-2024-K16-0138.dw.png","707","303","683","315","599","248","629","309","650","403","518","281","445","270","472","287","441","341","482","350","454","404","464","450","461","490","377","308","357","360","279","442","236","464","239","500","818","160"
"NL-0078-04-24-2024-K16-0139.dw.png","415","473","443","460","521","521","495","467","470","376","596","489","664","499","640","482","668","429","633","422","654","366","641","323","643","281","735","457","758","404","830","323","864","303","859","266","310","610"
"NL-0078-04-24-2024-K16-0140.dw.png","467","446","480","471","420","556","476","530","568","499","458","642","451","713","465","684","521","717","526","674","581","695","625","679","669","682","493","781","547","796","626","862","654","908","692","907","326","347"
"NL-0078-04-24-2024-K16-0141.dw.png","337","436","350","463","285","548","344","520","437","492","317","628","308","700","324","673","379","705","386","658","437","685","485","672","524","677","347","767","399","787","477","853","499","897","535","892","196","328"
"NL-0078-04-24-2024-K16-0142.dw.png","812","351","789","359","720","289","732","346","742","438","627","310","557","291","581","310","548","359","583","369","549","417","560","463","552","500","492","317","461","369","374","436","337","450","332","482","938","229"
"NL-0078-04-24-2024-K16-0143.dw.png","367","469","386","494","343","586","392","553","476","507","393","662","400","735","408","704","465","720","464","679","520","694","562","670","605","667","454","793","510","802","598","848","632","886","665","876","215","393"
"NL-0078-04-24-2024-K16-0144.dw.png","338","459","350","484","293","570","348","545","438","511","332","658","323","724","339","700","394","725","400","687","455","709","499","693","542","697","368","795","422","814","505","879","527","918","562","917","196","360"
"NL-0078-04-24-2024-K16-0146.dw.png","320","484","332","512","264","590","326","560","415","543","294","672","281","739","299","712","353","755","362","705","413","731","459","721","499","727","320","811","374","831","444","901","464","943","500","942","180","380"
"NL-0078-04-24-2024-K16-0147.dw.png","384","456","389","485","302","536","363","543","461","540","310","633","278","700","303","678","346","722","364","684","410","719","458","720","497","736","297","778","347","817","400","904","409","943","445","949","284","320"
"NL-0078-04-24-2024-K16-0148.dw.png","506","617","530","603","617","666","589","605","560","510","712","623","782","631","755","614","784","558","737","552","757","495","740","450","745","407","852","584","871","525","936","443","974","419","967","383","409","768"
"NL-0078-04-24-2024-K16-0149.dw.png","397","445","414","467","362","553","421","528","505","484","418","634","425","709","436","680","493","695","492","661","551","670","592","647","635","643","480","769","540","779","631","832","660","868","695","857","249","376"
"NL-0078-04-24-2024-K16-0150.dw.png","402","457","414","482","349","552","409","535","501","518","385","637","381","720","394","689","452","723","457","678","510","704","554","684","595","690","422","786","477","804","556","870","580","913","613","904","262","366"
"NL-0078-04-24-2024-K16-0151.dw.png","307","483","321","511","258","589","319","564","408","534","300","678","294","750","308","721","368","751","373","708","428","727","473","708","514","709","336","813","395","831","481","895","505","930","542","923","159","391"
"NL-0078-04-24-2024-K16-0152.dw.png","318","502","336","524","293","625","344","580","428","534","344","694","352","770","361","736","423","760","418","711","476","724","517","700","558","695","407","825","461","831","553","882","585","917","618","906","152","434"
"NL-0078-04-24-2024-K16-0153.dw.png","296","490","310","515","251","601","308","572","395","544","289","677","285","755","299","727","355","759","358","712","413","733","455","718","495","722","329","821","382","837","462","902","486","943","520","937","147","396"
"NL-0078-04-24-2024-K16-0154.dw.png","313","512","331","537","278","617","333","586","419","551","326","699","332","776","341","746","401","765","400","725","458","740","499","715","541","710","379","835","441","849","533","912","558","940","591","932","158","438"
"NL-0078-04-24-2024-K16-0155.dw.png","245","545","264","565","227","658","281","624","361","568","292","730","308","805","312","770","377","786","368","743","422","744","460","715","500","706","365","852","425","854","514","890","550","925","581","911","74","499"
"NL-0078-04-24-2024-K16-0156.dw.png","335","518","348","543","289","619","346","595","435","571","329","703","326","785","341","753","398","781","401","739","457","761","500","739","541","741","372","851","431","865","513","931","537","968","571","958","189","433"
"NL-0078-04-24-2024-K16-0157.dw.png","332","510","341","538","268","614","329","595","424","577","297","705","279","780","301","751","352","783","361","742","414","770","461","761","506","769","314","853","371","877","442","952","462","995","499","994","202","406"
"NL-0078-04-24-2024-K16-0158.dw.png","304","495","317","523","249","595","312","571","404","555","286","681","278","762","294","733","350","761","357","722","411","748","455","728","495","733","320","831","378","853","454","916","476","957","511","947","163","399"
"NL-0078-04-24-2024-K16-0160.dw.png","264","580","292","594","290","696","323","643","383","567","374","745","412","810","406","775","468","769","448","730","504","715","528","676","567","655","484","838","539","821","638","826","682","846","709","822","89","584"
"NL-0079-04-24-2024-K17-0162.dw.png","441","408","456","433","398","515","454","492","541","460","439","599","433","669","447","644","502","672","506","626","560","648","603","631","645","628","481","739","539","757","617","819","644","856","677","847","298","315"
"NL-0079-04-24-2024-K17-0163.dw.png","420","458","432","484","361","552","421","546","514","525","388","637","374","717","391","688","444","718","452","678","506","713","551","702","592","709","407","784","464","811","531","882","550","928","588","932","295","345"
"NL-0079-04-24-2024-K17-0164.dw.png","348","457","361","484","289","556","350","538","440","520","320","648","308","727","324","700","377","729","383","691","438","716","486","703","528","705","345","798","403","824","477","897","495","933","533","928","220","347"
"NL-0079-04-24-2024-K17-0165.dw.png","364","457","368","492","281","547","349","536","439","538","292","640","263","710","286","684","333","728","348","686","394","724","443","721","484","733","283","783","333","819","393","912","403","952","441","957","260","322"
"NL-0079-04-24-2024-K17-0166.dw.png","313","485","332","509","286","605","337","565","414","520","338","678","349","755","356","726","412","736","408","699","469","712","512","686","551","677","403","815","462","825","556","877","580","904","616","891","159","415"
"NL-0079-04-24-2024-K17-0167.dw.png","347","427","356","451","281","516","343","511","434","499","305","607","287","684","306","657","359","685","369","652","420","688","465","677","506","686","322","755","377","784","441","858","458","898","492","901","221","304"
"NL-0079-04-24-2024-K17-0168.dw.png","442","557","471","553","521","638","523","576","526","485","612","632","683","663","662","640","699","599","662","581","707","538","708","490","727","447","760","647","799","602","887","549","935","539","938","503","306","656"
"NL-0079-04-24-2024-K17-0169.dw.png","458","564","486","551","553","620","533","558","520","469","646","584","720","595","693","579","721","524","681","519","704","465","689","422","690","380","789","553","806","501","875","425","914","402","909","367","357","696"
"NL-0079-04-24-2024-K17-0170.dw.png","305","473","314","499","240","572","300","557","389","543","260","656","240","729","259","706","308","739","320","700","369","733","413","724","453","729","269","800","319","830","382","913","399","954","434","951","183","348"
"NL-0079-04-24-2024-K17-0171.dw.png","501","435","510","468","429","528","492","520","585","514","446","620","424","690","443","668","489","711","505","667","553","703","601","698","641","705","450","768","502","799","566","885","582","928","617","927","388","310"
"NL-0079-04-24-2024-K17-0172.dw.png","527","417","534","445","449","507","513","496","604","492","464","599","440","667","458","649","506","682","518","650","566","688","618","684","659","694","464","748","510","783","573","871","585","911","623","915","422","292"
"NL-0079-04-24-2024-K17-0173.dw.png","329","461","341","488","273","558","336","542","422","515","308","642","301","724","315","695","373","725","376","679","431","704","477","688","517","689","345","794","400","813","479","877","500","912","536","907","193","355"
"NL-0079-04-24-2024-K17-0174.dw.png","313","463","335","487","289","576","345","547","426","496","349","650","365","728","368","693","433","704","426","664","489","676","527","646","567","635","423","780","486","781","583","826","616","857","650","844","153","402"
"NL-0079-04-24-2024-K17-0175.dw.png","308","520","331","539","299","635","347","594","421","534","362","699","385","776","387","742","450","745","440","707","502","714","538","680","575","669","453","825","512","821","608","856","645","886","678","870","143","476"
"NL-0079-04-24-2024-K17-0176.dw.png","575","717","562","689","629","619","569","640","484","659","598","533","607","456","592","483","539","455","533","494","479","469","433","483","394","483","569","384","513","361","439","293","418","255","380","259","703","820"
"NL-0079-04-24-2024-K17-0177.dw.png","508","599","533","584","612","640","593","584","553","501","692","598","766","601","736","588","756","533","715","532","742","474","718","431","716","388","829","554","844","494","902","410","941","381","932","346","418","739"
"NL-0079-04-24-2024-K17-0178.dw.png","332","471","347","499","280","582","339","558","429","533","316","670","303","738","320","713","376","745","380","699","434","726","481","712","522","712","344","809","404","833","479","908","500","946","538","943","194","361"
"NL-0079-04-24-2024-K17-0179.dw.png","703","297","674","312","601","245","622","306","643","394","516","279","438","269","466","284","436","340","481","344","458","397","472","442","468","482","369","309","349","362","281","440","243","460","250","495","799","163"
"NL-0079-04-24-2024-K17-0180.dw.png","465","607","494","596","566","671","549","608","536","517","654","646","729","663","704","645","733","593","694","584","722","533","710","486","718","445","800","630","827","575","900","506","939","490","937","454","347","733"
"NL-0079-04-24-2024-K17-0181.dw.png","781","414","751","430","673","371","697","427","728","514","597","409","518","406","548","419","524","476","565","476","537","535","554","578","557","619","453","451","434","509","369","590","332","613","338","648","870","276"
"NL-0079-04-24-2024-K17-0182.dw.png","428","446","456","436","525","510","508","449","491","359","615","485","688","503","662","484","698","434","652","426","686","373","675","325","681","283","763","469","789","416","865","346","902","330","900","292","309","564"
"NL-0079-04-24-2024-K17-0183.dw.png","479","557","504","539","587","590","561","538","521","458","658","547","735","547","707","533","731","478","682","480","706","425","685","384","683","339","799","494","811","440","865","357","902","328","894","292","398","698"
"NL-0079-04-24-2024-K17-0184.dw.png","317","517","339","537","298","624","349","592","422","541","354","692","368","770","375","741","429","749","424","709","483","722","524","694","568","685","428","826","482","831","575","872","611","907","645","890","162","450"
"NL-0079-04-24-2024-K17-0185.dw.png","531","606","554","587","648","630","613","581","569","503","718","581","792","575","765","565","780","509","736","512","750","455","725","414","715","375","851","521","860","463","913","371","946","339","930","308","463","763"
"NL-0079-04-24-2024-K17-0186.dw.png","622","721","605","694","663","615","607","638","522","673","623","537","629","461","613","484","558","465","555","512","500","483","455","503","411","502","579","392","518","372","441","314","413","275","378","284","767","808"
"NL-0079-04-24-2024-K17-0187.dw.png","327","473","339","500","273","573","331","557","419","532","304","658","292","734","307","710","359","740","367","690","417","725","464","713","508","717","328","806","384","832","455","903","475","943","512","936","203","359"
"NL-0079-04-24-2024-K17-0188.dw.png","744","344","716","353","638","277","657","340","671","430","551","298","484","278","506","297","467","348","510","361","475","411","484","459","480","498","407","308","374","365","288","431","250","446","251","484","869","222"
"NL-0079-04-24-2024-K17-0189.dw.png","309","500","326","523","275","609","329","579","411","543","320","683","320","754","331","725","389","751","390","708","443","721","484","700","523","694","369","814","424","823","509","882","536","917","569","905","159","423"
"NL-0079-04-24-2024-K17-0190.dw.png","332","495","344","520","276","591","336","578","421","551","308","674","296","750","311","724","364","750","368","710","422","736","465","720","507","725","332","817","387","840","461","910","480","947","515","942","200","397"
"NL-0079-04-24-2024-K17-0191.dw.png","343","464","358","491","293","568","354","545","440","519","333","652","327","727","341","699","398","727","401","682","456","706","503","691","542","688","373","798","430","815","509","877","535","918","571","908","198","361"
"NL-0080-04-24-2024-K18-0194.dw.png","421","415","447","402","518","468","507","408","477","319","611","431","684","439","656","424","675","372","644","365","671","310","650","263","654","219","749","400","770","344","833","264","877","238","872","201","319","550"
"NL-0080-04-24-2024-K18-0195.dw.png","492","422","504","448","440","518","499","507","588","478","476","612","469","686","483","656","535","675","542","644","596","672","643","651","687","655","506","749","563","771","642","833","668","876","705","872","358","320"
"NL-0080-04-24-2024-K18-0196.dw.png","429","460","445","492","381","567","438","539","527","518","420","654","415","729","429","704","483","730","486","691","544","715","587","697","632","697","456","795","512","818","597","891","620","928","656","928","297","369"
"NL-0080-04-24-2024-K18-0197.dw.png","286","461","303","486","252","573","306","546","388","504","298","649","300","725","311","693","366","705","368","679","425","693","467","667","509","664","349","785","406","795","491","848","519","884","554","876","138","382"
"NL-0080-04-24-2024-K18-0198.dw.png","413","488","426","520","361","588","418","571","504","553","390","673","378","745","395","719","445","745","452","711","503","741","548","723","589","727","413","814","466","836","537","906","559","947","595","949","290","392"
"NL-0080-04-24-2024-K18-0199.dw.png","351","456","362","488","291","558","351","537","439","526","319","645","302","717","322","693","372","722","379","687","432","719","477","705","520","707","335","785","389","814","459","889","479","931","513","934","224","351"
"NL-0080-04-24-2024-K18-0200.dw.png","310","483","322","514","248","578","309","562","395","550","275","668","260","740","279","718","331","739","338","713","391","742","436","727","476","730","294","808","349","835","419","911","437","952","471","951","185","374"
"NL-0080-04-24-2024-K18-0201.dw.png","339","437","355","460","302","541","357","522","441","481","349","621","352","702","364","668","418","685","419","652","478","669","520","646","563","641","398","757","456","771","542","824","574","862","609","853","197","346"
"NL-0080-04-24-2024-K18-0202.dw.png","345","467","358","495","292","559","351","551","440","527","325","647","314","725","331","699","383","721","390","689","444","714","487","694","529","697","354","795","407","813","483","880","506","920","542","917","212","363"
"NL-0080-04-24-2024-K18-0203.dw.png","333","498","344","526","273","593","332","583","423","559","301","682","287","755","304","728","356","755","364","720","417","748","464","731","506","736","321","823","374","848","449","922","468","959","504","960","205","388"
"NL-0080-04-24-2024-K18-0204.dw.png","339","486","356","514","297","586","355","564","438","533","342","673","338","741","352","715","406","733","408","697","463","718","506","698","546","694","383","802","437","816","524","881","548","914","581","907","203","395"
"NL-0080-04-24-2024-K18-0205.dw.png","435","438","452","464","397","544","453","518","535","478","442","620","443","695","456","665","512","686","511","648","568","667","610","641","654","639","495","755","550","769","635","818","665","856","699","847","291","359"
"NL-0080-04-24-2024-K18-0206.dw.png","402","424","422","451","373","528","428","501","504","462","428","610","431","679","442","654","498","666","497","630","554","644","595","618","638","612","483","734","535","742","634","795","668","834","702","822","257","349"
"NL-0080-04-24-2024-K18-0207.dw.png","338","469","354","495","297","571","353","547","436","513","342","657","341","726","353","700","409","715","411","686","467","699","509","674","551","673","387","787","444","799","528","853","555","885","591","876","191","380"
"NL-0080-04-24-2024-K18-0208.dw.png","594","693","569","674","595","572","553","627","482","687","524","512","501","443","498","474","440","480","452","516","389","517","356","553","314","570","434","402","376","410","271","379","233","354","201","374","764","719"
"NL-0080-04-24-2024-K18-0209.dw.png","294","462","314","489","261","569","317","544","397","502","315","653","321","727","332","700","389","712","387","679","443","691","484","663","523","655","373","784","431","793","519","844","549","877","580","867","144","386"
"NL-0080-04-24-2024-K18-0210.dw.png","313","468","330","498","267","575","328","553","417","521","312","665","308","739","323","714","381","732","383","696","441","712","486","690","528","688","356","802","413","817","499","880","522","913","560","909","167","374"
"NL-0080-04-24-2024-K18-0211.dw.png","438","606","465","589","551","639","517","587","484","506","632","591","703","590","676","578","686","524","658","522","673","465","647","425","641","384","761","540","774","483","827","398","858","373","848","340","355","755"
"NL-0080-04-24-2024-K18-0212.dw.png","317","474","334","500","274","570","333","546","417","520","320","660","317","732","330","703","388","726","389","690","444","710","485","683","527","683","362","794","419","808","495","863","523","901","557","895","174","390"
"NL-0080-04-24-2024-K18-0213.dw.png","330","470","345","500","281","570","340","548","428","526","321","658","315","733","329","705","385","726","388","693","445","714","488","695","532","695","353","793","412","814","494","877","520","918","556","913","188","375"
"NL-0080-04-24-2024-K18-0214.dw.png","286","493","300","519","243","583","298","563","378","539","285","673","280","742","294","715","346","735","348","700","401","720","440","703","479","699","323","802","377","818","452","878","476","917","510","913","154","411"
"NL-0080-04-24-2024-K18-0215.dw.png","464","446","473","477","401","542","461","528","545","514","425","629","408","697","425","675","478","705","487","672","536","700","583","689","622","694","438","766","491","793","565","875","583","913","617","917","351","331"
"NL-0080-04-24-2024-K18-0216.dw.png","462","437","472","469","404","535","460","522","546","503","430","620","415","689","431","667","480","692","489","661","537","692","584","678","624","685","448","757","495","781","569","861","586","896","619","899","352","324"
"NL-0080-04-24-2024-K18-0217.dw.png","357","442","371","471","306","544","366","523","454","501","344","632","338","711","353","685","406","707","412","678","466","700","510","681","552","679","377","777","431","800","511","871","533","909","568","906","223","340"
"NL-0080-04-24-2024-K18-0218.dw.png","328","490","341","516","280","595","337","571","425","544","319","681","313","751","328","724","381","744","385","714","441","736","486","717","528","716","356","817","408","834","492","898","516","935","552","935","189","396"
"NL-0080-04-24-2024-K18-0219.dw.png","322","468","343","497","293","579","346","548","428","513","348","661","355","738","365","710","421","721","416","681","474","697","513","672","554","664","405","791","464","801","551","853","581","886","614","875","173","405"
"NL-0080-04-24-2024-K18-0220.dw.png","315","520","339","547","294","626","345","590","424","555","356","704","371","781","379","751","433","754","427","721","488","733","524","701","565","691","429","834","485","835","575","877","612","910","646","899","163","465"
"NL-0080-04-24-2024-K18-0221.dw.png","505","627","523","607","620","642","582","594","530","518","690","585","760","573","730","566","729","513","703","514","709","455","677","416","667","378","810","517","815","459","857","362","886","329","875","297","443","788"
"NL-0080-04-24-2024-K18-0222.dw.png","278","513","301","541","254","624","306","591","386","549","311","701","317","770","328","744","388","758","383","719","441","730","479","700","519","689","371","825","432","834","523","881","552","910","586","902","122","449"
"NL-0080-04-24-2024-K18-0223.dw.png","287","516","304","547","244","619","302","597","385","567","287","703","285","778","298","751","353","766","357","736","408","754","452","729","492","726","332","841","386","854","469","915","492","947","525","938","146","428"
"NL-0081-04-24-2024-K19-0281.dw.png","444","444","460","469","407","547","461","527","545","487","450","626","453","706","464","675","517","684","519","660","578","672","620","649","662","649","502","764","557","776","648","834","677","871","710","858","303","360"
"NL-0081-04-24-2024-K19-0282.dw.png","456","449","464","475","390","548","454","524","544","517","412","637","394","702","412","677","461","706","470","682","521","706","569","697","608","707","421","772","472","799","539","880","556","922","591","919","334","336"
"NL-0081-04-24-2024-K19-0283.dw.png","308","500","329","521","293","620","340","573","419","525","353","694","362","762","370","730","428","735","423","700","482","703","520","674","560","669","421","814","480","813","573","856","601","881","633","864","145","452"
"NL-0081-04-24-2024-K19-0284.dw.png","319","485","337","505","288","599","345","562","425","515","342","674","350","751","358","719","418","732","415","692","474","703","515","675","558","670","402","808","462","812","554","866","585","900","620","889","159","412"
"NL-0081-04-24-2024-K19-0285.dw.png","341","470","360","494","314","582","366","544","448","507","363","656","369","732","377","697","436","710","434","679","493","686","534","664","574","660","416","785","478","794","567","845","595","878","630","866","184","398"
"NL-0081-04-24-2024-K19-0286.dw.png","365","449","381","479","318","556","376","532","463","506","356","639","351","719","365","687","417","702","421","672","476","694","520","673","561","677","392","778","446","797","522","857","548","898","583","889","229","355"
"NL-0081-04-24-2024-K19-0287.dw.png","318","416","334","442","281","529","335","499","422","468","322","606","320","688","333","652","388","666","393","639","449","653","491","630","532","632","367","747","427","759","507","815","533","850","568","840","173","342"
"NL-0081-04-24-2024-K19-0288.dw.png","536","753","527","725","602","659","540","676","451","684","584","571","608","508","586","533","537","496","527","529","479","500","429","510","392","501","581","435","527","406","466","327","450","284","417","281","652","880"
"NL-0081-04-24-2024-K19-0289.dw.png","378","441","389","466","322","542","382","518","471","500","349","628","335","703","352","672","405","696","413","664","467","691","515","677","554","688","369","772","428","793","498","865","518","907","554","901","251","331"
"NL-0081-04-24-2024-K19-0290.dw.png","359","417","373","445","310","528","368","499","455","478","344","609","337","679","352","650","406","670","411","640","465","661","510","644","548","647","377","746","430","761","509","830","530","867","565","861","219","323"
"NL-0081-04-24-2024-K19-0291.dw.png","462","442","476","464","414","549","473","525","564","492","453","633","447","708","462","679","518","705","523","655","577","684","624","665","669","671","489","773","548","794","630","856","654","892","691","888","316","358"
"NL-0081-04-24-2024-K19-0292.dw.png","449","440","461","463","406","550","459","519","551","495","441","625","435","703","450","672","504","685","508","659","566","679","611","658","655","664","479","770","537","783","618","844","645","887","682","877","312","356"
"NL-0081-04-24-2024-K19-0294.dw.png","264","535","284","554","247","644","297","613","371","556","307","719","323","792","330","764","386","763","383","732","439","737","474","705","515","694","381","842","439","847","533","883","568","911","599","893","104","478"
"NL-0081-04-24-2024-K19-0296.dw.png","285","504","307","528","268","621","317","583","401","539","325","691","341","773","346","737","408","746","402","703","462","713","501","682","542","678","393","821","461","824","554","866","585","893","618","874","125","448"
"NL-0081-04-24-2024-K19-0297.dw.png","306","505","329","521","308","626","347","569","419","514","375","684","398","751","398","720","458","717","446","682","505","679","542","646","581","635","464","795","523","790","620","817","659","845","688","825","137","476"
"NL-0081-04-24-2024-K19-0298.dw.png","507","605","531","584","615","629","586","574","537","498","694","571","771","557","739","551","745","493","712","496","719","439","687","401","680","360","825","502","827","446","873","350","904","316","885","284","446","764"
"NL-0081-04-24-2024-K19-0299.dw.png","310","495","330","516","293","611","342","573","421","524","351","681","365","753","371","723","431","730","425","694","483","700","521","665","559","655","426","807","484","806","572","839","605","866","637","848","153","443"
"NL-0081-04-24-2024-K19-0300.dw.png","354","447","369","475","309","564","366","528","453","499","349","646","342","718","356","689","414","710","415","669","472","689","517","673","557","674","386","781","446","798","525","863","551","901","585","895","211","356"
"NL-0081-04-24-2024-K19-0301.dw.png","371","399","392","422","354","514","404","479","480","429","411","586","425","661","433","631","490","640","484","598","544","611","581","580","623","572","482","712","536","714","633","757","666","788","699","770","218","343"
"NL-0081-04-24-2024-K19-0302.dw.png","422","429","443","458","395","539","444","504","527","474","446","619","450","688","461","661","515","672","514","644","569","655","608","628","651","623","499","745","557","757","643","809","675","845","710","837","282","359"
"NL-0081-04-24-2024-K19-0303.dw.png","290","527","308","544","271","644","320","599","400","554","327","715","336","787","344","755","403","761","399","725","459","730","496","702","537","694","393","839","456","841","541","880","574","913","609","899","127","476"
"NL-0081-04-24-2024-K19-0304.dw.png","327","451","344","476","289","566","344","535","433","498","331","643","332","725","344","690","402","709","403","670","461","687","507","665","548","667","378","784","441","797","523","853","549","888","585","877","176","373"
"NL-0081-04-24-2024-K19-0305.dw.png","299","516","317","536","269","618","323","590","403","549","317","692","325","772","335","740","391","752","391","716","447","730","486","704","529","700","376","828","434","836","518","886","550","923","586","913","148","441"
"NL-0081-04-24-2024-K19-0306.dw.png","325","484","341","507","290","593","343","562","424","528","330","667","327","737","339","709","395","726","397","694","452","709","496","690","535","691","374","801","431","814","516","875","542","910","575","904","181","401"
"NL-0081-04-24-2024-K19-0307.dw.png","308","508","330","531","288","619","338","584","414","535","343","689","358","768","365","737","426","750","420","710","479","720","515","689","555","676","415","818","473","825","568","872","598","901","633","894","152","450"
"NL-0081-04-24-2024-K19-0308.dw.png","334","476","346","504","279","578","338","553","425","535","307","658","292","729","309","704","363","734","370","692","422","718","470","706","508","711","328","797","383","820","457","891","476","929","511","925","200","371"
"NL-0081-04-24-2024-K19-0309.dw.png","363","454","372","480","294","548","359","532","450","522","314","638","290","709","314","685","367","717","378","680","431","711","482","702","522","710","324","787","380","817","446","889","465","937","504","935","240","330"
"NL-0081-04-24-2024-K19-0310.dw.png","338","466","353","491","292","576","351","543","438","516","329","660","319","725","335","696","389","716","394","687","449","704","495","684","535","688","361","787","419","805","499","869","521","903","554","894","198","377"
"NL-0081-04-24-2024-K19-0312.dw.png","329","476","343","502","278","573","338","559","426","534","314","666","305","741","320","713","373","731","379","702","436","725","480","702","522","705","344","805","397","823","478","896","500","932","538","929","194","376"
"NL-0081-04-24-2024-K19-0313.dw.png","482","562","511","546","588","608","561","548","532","461","670","568","740","575","713","560","734","505","700","500","717","444","696","398","700","357","802","533","817","477","890","388","924","365","915","332","396","707"
"NL-0082-04-24-2024-K20-0259.dw.png","427","448","441","475","371","549","434","532","526","507","409","647","397","715","414","690","467","722","475","674","528","701","575","690","619","699","435","783","493","806","569","877","592","921","629","919","292","338"
"NL-0082-04-24-2024-K20-0260.dw.png","473","450","487","478","418","550","479","535","573","512","453","646","444","722","461","694","517","725","524","679","578","708","625","695","669","700","484","788","544","816","626","893","648","936","684","934","333","341"
"NL-0082-04-24-2024-K20-0261.dw.png","297","480","316","502","270","602","323","567","411","517","325","688","331","759","339","728","396","738","395","707","454","713","499","691","543","686","381","816","443","827","532","876","563","912","597","903","137","402"
"NL-0082-04-24-2024-K20-0262.dw.png","326","469","342","492","285","586","342","560","431","516","328","676","324","743","337","715","392","732","396","704","452","717","497","697","541","696","368","804","423","819","509","879","536","919","573","918","177","373"
"NL-0082-04-24-2024-K20-0263.dw.png","300","502","320","530","265","620","322","589","405","544","313","700","314","773","325","744","383","759","385","724","443","738","486","715","527","711","366","836","423","847","515","903","541","937","575","926","140","421"
"NL-0082-04-24-2024-K20-0264.dw.png","540","622","558","599","657","632","613","583","556","507","728","562","800","543","768","539","770","480","729","489","728","430","696","392","682","353","845","480","843","420","879","319","906","284","885","254","499","795"
"NL-0082-04-24-2024-K20-0265.dw.png","520","608","545","587","629","640","607","577","557","497","715","579","788","574","757","564","781","498","732","502","746","443","723","400","720","359","851","515","857","454","907","362","944","329","932","296","442","781"
"NL-0082-04-24-2024-K20-0266.dw.png","306","500","327","522","284","616","338","579","420","528","347","693","361","766","368","735","428","744","424","710","482","712","523","683","562","672","420","819","480","822","573","862","610","894","640","879","136","437"
"NL-0082-04-24-2024-K20-0267.dw.png","313","476","331","499","278","592","336","560","424","516","330","677","335","749","344","719","404","735","403","700","461","709","504","685","548","682","381","804","440","814","531","868","557","899","594","891","151","400"
"NL-0082-04-24-2024-K20-0268.dw.png","353","451","369","479","305","559","367","539","457","503","347","648","344","720","356","691","418","722","420","678","477","696","523","678","566","678","390","786","447","800","534","863","560","901","596","892","205","347"
"NL-0082-04-24-2024-K20-0269.dw.png","482","432","490","462","410","527","474","517","573","509","429","628","409","698","428","672","476","709","488","676","539","707","587","700","630","713","434","766","485","796","550","881","566","925","602","929","368","301"
"NL-0082-04-24-2024-K20-0270.dw.png","415","417","441","439","413","538","458","492","533","431","479","602","504","676","504","641","567","647","557","610","620","610","657","578","703","565","567","718","624","714","732","750","771","777","803","759","248","377"
"NL-0082-04-24-2024-K20-0271.dw.png","302","490","314","520","241","597","304","574","397","559","272","691","255","767","276","734","329","763","338","727","392","757","444","742","487","747","295","842","352","864","434","947","454","990","490","985","161","373"
"NL-0082-04-24-2024-K20-0272.dw.png","310","489","325","518","251","590","317","580","411","553","288","692","275","766","293","739","349","769","358","727","412","754","460","741","502","747","316","839","373","860","451","934","473","976","508","970","166","372"
"NL-0082-04-24-2024-K20-0273.dw.png","328","455","343","487","279","565","338","543","426","512","317","650","309","723","324","694","379","719","383","684","437","703","482","686","523","688","351","786","405","802","484","867","509","908","541","900","181","355"
"NL-0082-04-24-2024-K20-0274.dw.png","436","520","466","508","529","585","524","519","505","424","638","553","714","569","688","551","722","497","673","486","703","436","692","387","701","342","781","537","808","478","887","403","925","383","920","347","317","658"
"NL-0082-04-24-2024-K20-0275.dw.png","353","444","367","473","300","549","359","530","450","505","336","640","326","713","342","685","395","710","401","674","456","700","501","686","545","690","367","783","419","799","498","864","524","908","558","904","214","331"
"NL-0082-04-24-2024-K20-0276.dw.png","425","579","451","566","530","633","513","571","488","476","634","595","703","605","671","589","688","538","668","532","689","474","673","428","677","383","767","567","786","514","858","434","898","413","897","377","316","721"
"NL-0082-04-24-2024-K20-0277.dw.png","465","550","491","536","574","601","542","540","521","448","661","563","732","569","705","554","729","500","696","495","715","441","700","397","702","353","795","530","816","473","884","392","922","370","918","334","365","693"
"NL-0082-04-24-2024-K20-0278.dw.png","328","478","342","506","271","581","337","559","428","532","311","675","301","744","316","714","371","741","378","705","432","723","479","709","523","709","340","810","397","831","474","895","496","938","531","931","177","373"
"NL-0083-05-07-2024-K01-8367.dw.png","883","451","864","478","766","453","811","497","885","561","708","525","643","550","673","553","680","615","715","599","723","662","762","694","781","732","606","622","615","683","600","787","583","823","609","849","902","282"
"NL-0083-05-07-2024-K01-8368.dw.png","490","306","509","329","469","430","518","386","601","340","524","498","537","573","545","545","607","556","598","514","659","520","698","489","738","481","594","624","657","626","750","666","780","692","814","676","332","244"
"NL-0083-05-07-2024-K01-8369.dw.png","204","581","224","607","174","697","226","659","309","620","225","769","232","849","242","816","301","824","299","789","359","799","397","774","438","768","284","904","345","909","436","960","463","989","496","974","42","507"
"NL-0083-05-07-2024-K01-8370.dw.png","554","231","541","257","435","247","493","284","563","349","385","328","317","365","350","361","364","421","402","402","413","460","456","488","479","521","286","437","308","496","296","597","278","636","306","660","548","56"
"NL-0083-05-07-2024-K01-8371.dw.png","538","230","521","261","424","252","474","288","545","346","378","331","312","372","348","365","366","416","391","405","404","465","443","488","467","522","284","441","305","502","305","594","285","637","313","659","527","61"
"NL-0083-05-07-2024-K01-8372.dw.png","498","641","530","632","591","713","581","648","571","555","686","692","758","715","731","693","759","642","730","632","761","580","752","533","758","495","829","688","861","630","941","566","975","554","974","517","378","765"
"NL-0083-05-07-2024-K01-8373.dw.png","572","221","549","248","467","212","502","260","554","331","405","276","323","301","360","306","371","353","395","350","394","410","427","442","443","478","282","364","291","421","270","502","242","542","264","571","602","57"
"NL-0083-05-07-2024-K01-8374.dw.png","216","580","239","608","187","688","242","654","327","620","240","767","244","844","257","812","310","810","310","789","370","800","410","774","451","765","298","902","360","906","440","950","472","988","506","973","56","518"
"NL-0083-05-07-2024-K01-8375.dw.png","651","226","626","245","539","193","574","248","607","338","463","242","385","244","420","257","419","312","438","314","428","375","453","415","453","461","329","292","317","360","273","443","233","472","249","505","717","66"
"NL-0083-05-07-2024-K01-8376.dw.png","585","298","599","330","533","414","592","383","687","357","568","500","560","569","575","541","628","554","634","531","692","550","740","535","786","538","599","631","659","651","740","708","762","747","800","737","443","205"
"NL-0083-05-07-2024-K01-8377.dw.png","545","340","560","370","495","442","553","425","646","404","525","520","518","593","532","568","589","597","595","559","648","582","693","568","735","570","556","658","614","679","691","741","714","777","749","772","412","241"
"NL-0083-05-07-2024-K01-8378.dw.png","557","684","587","666","665","730","636","668","604","581","751","682","825","682","798","669","812","610","776","608","791","553","767","511","763","472","886","636","899","573","953","491","985","468","971","434","479","836"
"NL-0083-05-07-2024-K01-8379.dw.png","232","559","250","589","194","679","248","642","338","614","236","752","238","838","250","803","310","828","309","784","365","798","406","774","446","770","286","896","345","907","426","964","452","999","485","983","81","476"
"NL-0083-05-07-2024-K01-8380.dw.png","218","594","240","614","203","709","252","663","332","614","269","776","289","853","292","817","356","823","344","782","401","784","437","749","475","739","350","897","412","890","504","922","539","950","566","925","52","554"
"NL-0083-05-07-2024-K01-8381.dw.png","239","557","256","587","193","663","253","636","338","607","236","747","232","822","247","792","305","808","304","762","364","789","406","769","444","769","275","878","344","893","419","946","443","980","477","969","90","474"
"NL-0083-05-07-2024-K01-8382.dw.png","215","565","234","595","173","664","232","640","315","614","218","746","216","827","232","793","285","807","288","775","344","795","386","770","423","768","264","886","326","898","399","947","427","985","462","975","66","491"
"NL-0083-05-07-2024-K01-8383.dw.png","235","515","251","546","187","618","247","596","337","576","222","695","214","773","230","745","288","774","295","732","347","755","392","740","434","743","257","843","318","862","396","924","416","958","452","950","89","415"
"NL-0083-05-07-2024-K01-8384.dw.png","246","483","254","506","177","575","240","560","332","554","195","664","170","734","193","709","242","742","255","708","305","742","352","735","389","746","198","806","250","835","312","914","326","958","360","958","122","362"
"NL-0083-05-07-2024-K01-8385.dw.png","263","508","276","532","209","606","272","592","362","565","247","694","240","775","256","744","311","767","318","728","370","756","413","737","458","740","279","841","336","858","415","925","437","964","473","950","119","408"
"NL-0083-05-07-2024-K01-8386.dw.png","487","297","507","318","470","419","517","376","596","318","528","487","542","559","548","529","608","535","602","499","665","502","703","472","746","461","599","606","660","608","761","649","794","674","827","657","326","245"
"NL-0083-05-07-2024-K01-8387.dw.png","502","323","522","350","470","432","525","403","614","364","518","504","527","581","533","550","596","569","594","531","650","542","692","517","736","514","577","636","636","644","725","691","755","723","791","712","351","253"
"NL-0083-05-07-2024-K01-8388.dw.png","228","544","243","567","188","654","244","618","334","591","233","730","236","812","245","777","306","796","305","756","362","772","404","748","447","748","283","872","343","878","428","933","455","970","490","955","72","462"
"NL-0083-05-07-2024-K01-8389.dw.png","231","597","253","620","204","710","262","675","343","627","262","786","273","863","281","830","345","844","340","802","399","810","438","780","479","771","330","919","395","923","482","962","515","996","547","977","65","538"
"NL-0083-05-07-2024-K01-8391.dw.png","246","514","260","543","190","615","252","595","338","573","226","708","215","781","232","753","287","778","290","739","344","758","387","741","425","742","250","842","313","863","382","921","401","958","435","949","109","422"
"NL-0083-05-07-2024-K01-8392.dw.png","233","514","250","540","191","625","249","592","336","562","234","709","230","782","244","751","298","770","302","733","358","750","401","730","440","730","274","841","332","856","408","911","430","944","465","930","86","427"
"NL-0083-05-07-2024-K01-8393.dw.png","238","567","257","590","211","677","265","636","345","599","268","751","278","826","287","794","346","805","341","763","397","776","434","749","476","743","329","875","390","882","476","923","508","955","537","936","80","505"
"NL-0083-05-07-2024-K01-8394.dw.png","222","543","239","570","179","645","237","621","324","587","224","726","222","804","236","773","294","792","296","754","350","773","390","752","433","751","271","868","329","880","408","935","433","972","466","955","71","455"
"NL-0083-05-07-2024-K01-8395.dw.png","248","481","259","511","184","577","247","561","343","550","212","669","197","745","216","717","269","744","278","713","333","740","376","727","417","730","227","813","288","841","358","912","377","953","412","949","114","358"
"NL-0083-05-07-2024-K01-8396.dw.png","619","214","593","236","498","189","539","242","580","327","427","243","349","247","384","258","387","315","410","317","400","377","425","417","432","461","293","302","287","367","249","454","215","484","233","515","674","49"
"NL-0083-05-07-2024-K01-8397.dw.png","235","530","251","559","185","632","248","609","337","587","225","718","218","798","236","767","293","788","296","749","356","772","397","751","440","755","261","860","326","875","403","937","426","976","462","970","91","442"
"NL-0084-05-07-2024-K02-8333.dw.png","357","454","378","473","345","561","391","521","462","465","406","622","423","690","427","659","482","663","472","627","533","631","565","603","604","593","474","731","533","729","624","761","658","786","687","767","200","409"
"NL-0084-05-07-2024-K02-8334.dw.png","409","350","434","375","395","463","444","424","525","376","458","534","477","604","482","574","539","578","530","542","590","544","626","513","669","503","532","647","589","647","688","678","725","707","755","688","249","302"
"NL-0084-05-07-2024-K02-8335.dw.png","215","561","233","586","179","666","234","635","318","601","227","743","227","815","240","785","294","796","297","768","356","778","400","757","440","753","277","874","336","885","425","938","455","969","488","956","60","493"
"NL-0084-05-07-2024-K02-8336.dw.png","251","526","265","549","197","629","260","606","347","576","233","719","220","789","238","762","293","779","298","753","357","771","404","754","442","754","258","855","320","878","399","944","420","982","457","981","108","429"
"NL-0084-05-07-2024-K02-8337.dw.png","267","510","282","538","219","611","279","585","366","561","262","702","257","774","272","746","326","764","328","733","386","751","432","727","474","727","305","842","360","858","440","916","462","951","499","941","117","416"
"NL-0084-05-07-2024-K02-8338.dw.png","257","549","271","574","211","651","271","627","360","594","256","739","252","813","266","783","320","800","324","766","383","779","425","762","466","760","294","872","352","884","437","945","463","984","498","978","106","453"
"NL-0084-05-07-2024-K02-8339.dw.png","239","561","258","591","198","667","256","637","344","616","242","746","243","828","255","796","310","816","312","776","368","795","409","773","451","772","284","885","344","898","426","954","453","992","488","980","92","481"
"NL-0084-05-07-2024-K02-8340.dw.png","229","554","248","582","188","660","248","627","337","602","236","742","235","818","249","787","306","803","308","766","365","780","406","760","448","757","282","877","343","887","430","943","456","979","491","967","74","470"
"NL-0084-05-07-2024-K02-8341.dw.png","254","515","267","539","194","613","259","594","349","572","227","705","212","775","231","747","285","763","291","744","350","767","395","752","436","752","246","840","306","867","380","934","401","975","437","967","115","406"
"NL-0084-05-07-2024-K02-8343.dw.png","580","367","585","397","500","450","563","450","656","443","509","545","481","605","504","585","549","626","563","597","612","632","662","628","701","643","500","678","551","716","612","802","624","847","661","849","480","225"
"NL-0084-05-07-2024-K02-8344.dw.png","439","338","455","361","409","446","461","410","543","371","460","519","466","591","477","565","534","577","531","543","588","549","628","523","671","515","517","642","577","650","665","695","696","726","732","714","290","265"
"NL-0084-05-07-2024-K02-8345.dw.png","277","489","290","517","219","590","281","569","371","549","247","675","230","744","250","719","304","747","312","714","368","736","413","722","454","726","265","812","322","836","397","908","419","951","456","948","142","387"
"NL-0084-05-07-2024-K02-8346.dw.png","261","481","272","514","196","571","261","562","352","558","221","667","199","738","221","712","271","739","280","709","333","740","379","729","420","738","228","807","284","834","351","909","368","951","404","948","130","361"
"NL-0084-05-07-2024-K02-8347.dw.png","269","517","282","544","216","616","276","597","366","579","251","696","240","779","259","749","311","770","316","737","374","763","418","746","460","746","277","840","336","860","414","925","435","964","473","956","130","413"
"NL-0084-05-07-2024-K02-8348.dw.png","267","535","286","562","231","642","287","612","370","585","277","719","277","794","291","768","344","780","345","749","404","762","444","740","484","734","322","852","380","863","466","917","494","953","526","941","118","454"
"NL-0084-05-07-2024-K02-8349.dw.png","565","681","592","661","676","715","640","658","612","569","754","662","833","656","800","645","807","590","781","590","791","529","767","489","758","449","888","608","897","545","947","459","982","429","969","395","491","836"
"NL-0084-05-07-2024-K02-8350.dw.png","248","520","260","546","191","612","252","595","342","579","218","691","201","766","221","737","273","767","283","735","337","759","383","745","422","751","236","831","292","855","368","928","388","968","423","966","118","417"
"NL-0084-05-07-2024-K02-8351.dw.png","244","564","264","587","218","674","271","639","350","594","270","742","273","813","284","783","341","791","340","761","401","769","442","742","482","736","326","867","386","873","480","919","510","949","544","932","85","504"
"NL-0084-05-07-2024-K02-8353.dw.png","478","364","494","391","436","466","493","444","581","411","479","553","474","620","487","592","539","609","541","573","599","591","640","574","684","574","516","678","573","691","655","751","680","784","716","779","337","278"
"NL-0084-05-07-2024-K02-8354.dw.png","355","337","384","329","441","406","437","346","430","253","533","390","598","412","575","392","598","347","580","337","611","284","605","239","619","198","666","387","697","340","780","275","815","260","816","223","244","450"
"NL-0084-05-07-2024-K02-8355.dw.png","237","522","254","546","195","629","254","598","341","567","234","703","230","780","245","747","299","771","305","727","361","750","407","731","445","732","272","842","329","857","418","924","442","959","477","952","86","439"
"NL-0084-05-07-2024-K02-8356.dw.png","227","543","244","570","183","648","242","618","330","594","224","732","218","805","234","777","288","794","291","761","347","779","390","760","431","759","259","868","320","884","399","944","422","981","456","969","80","455"
"NL-0084-05-07-2024-K02-8357.dw.png","244","527","260","551","200","630","259","599","349","574","240","707","233","781","249","752","305","775","310","738","368","754","413","734","454","735","277","846","337","862","426","927","448","960","485","953","93","439"
"NL-0084-05-07-2024-K02-8358.dw.png","229","503","244","529","182","604","242","575","330","555","218","677","211","753","227","723","282","748","287","709","343","729","388","712","429","717","253","816","311","833","394","900","416","934","452","930","81","415"
"NL-0084-05-07-2024-K02-8360.dw.png","240","540","256","560","197","643","257","619","344","583","242","729","240","800","253","769","307","783","309","753","369","766","410","743","450","740","282","856","339","868","424","926","450","960","485","952","88","459"
"NL-0084-05-07-2024-K02-8361.dw.png","247","535","267","560","213","642","269","609","359","575","260","712","261","789","273","758","332","779","334","734","395","748","437","727","478","726","308","845","370","855","466","914","496","948","530","935","87","457"
"NL-0084-05-07-2024-K02-8362.dw.png","259","513","275","545","209","615","270","590","359","574","247","700","238","774","254","747","308","767","314","731","371","755","413","740","454","740","275","835","335","854","415","919","439","958","473","943","116","421"
"NL-0084-05-07-2024-K02-8363.dw.png","266","449","276","479","199","536","264","525","354","519","220","623","197","692","220","668","269","702","282","666","332","699","380","691","419","700","226","763","280","793","347","871","363","910","399","910","141","333"
"NL-0084-05-07-2024-K02-8364.dw.png","299","452","309","485","230","546","295","528","383","532","249","632","228","705","247","679","297","710","308","682","357","712","402","705","442","713","252","774","303","802","364","876","380","923","415","923","179","328"
"NL-0085-05-07-2024-K03-8301.dw.png","590","334","603","363","537","434","597","411","693","389","580","520","575","598","590","568","644","591","649","555","704","577","753","557","800","556","622","666","673","677","760","740","789","783","827","778","452","239"
"NL-0085-05-07-2024-K03-8302.dw.png","329","313","357","301","426","369","405","309","383","215","514","336","594","344","564","329","595","276","553","269","580","214","561","165","566","120","659","308","679","253","742","176","784","149","776","112","221","449"
"NL-0085-05-07-2024-K03-8303.dw.png","213","567","231","594","176","681","233","646","322","608","224","759","227","839","239","803","299","816","302","782","361","796","403","769","446","766","284","904","345","907","429","950","461","989","497","975","51","499"
"NL-0085-05-07-2024-K03-8304.dw.png","224","575","244","604","190","684","250","654","329","610","242","760","248","832","258","803","320","821","315","781","374","792","416","767","456","758","300","890","359","899","452","952","480","989","513","973","58","515"
"NL-0085-05-07-2024-K03-8305.dw.png","242","621","266","640","238","741","281","685","353","630","299","795","327","874","332","841","392","838","384","808","445","802","480","767","519","751","397","922","457","915","560","942","596","965","626","946","67","597"
"NL-0085-05-07-2024-K03-8306.dw.png","231","565","249","586","198","672","252","634","340","600","246","746","254","828","265","796","327","814","324","776","383","786","426","758","467","754","308","886","371","897","462","943","489","973","523","958","71","495"
"NL-0085-05-07-2024-K03-8307.dw.png","219","548","236","573","179","653","237","623","324","594","223","734","224","814","235","777","295","798","296","759","354","778","398","752","439","754","271","874","335","885","410","933","442","975","478","964","66","467"
"NL-0085-05-07-2024-K03-8308.dw.png","255","465","263","494","188","560","250","544","341","537","212","650","191","722","212","698","262","736","273","688","323","725","371","714","412","723","222","795","276","825","344","898","360","943","397","941","125","346"
"NL-0085-05-07-2024-K03-8309.dw.png","245","550","264","577","206","653","265","625","349","589","252","733","252","809","267","778","326","799","325","758","386","775","430","751","469","744","302","870","364","882","454","938","485","979","518","967","82","473"
"NL-0085-05-07-2024-K03-8310.dw.png","234","515","247","545","177","616","239","597","331","578","212","698","200","781","220","749","272","776","281","739","334","763","381","746","422","751","241","849","302","869","373","929","397","975","433","968","94","422"
"NL-0085-05-07-2024-K03-8311.dw.png","554","357","566","383","506","459","562","429","652","407","544","542","542","622","556","595","608","612","611","579","669","600","715","580","761","581","584","683","641","701","725","760","755","802","791","794","415","261"
"NL-0085-05-07-2024-K03-8312.dw.png","236","504","250","529","188","602","247","573","335","553","228","685","225","768","240","739","293","756","297","722","353","742","398","723","440","723","266","830","324","846","404","906","431","946","465","937","86","406"
"NL-0085-05-07-2024-K03-8313.dw.png","235","556","250","581","187","654","246","624","334","600","224","733","219","809","235","784","292","806","294","770","351","788","396","766","436","769","269","880","323","892","402","950","427","989","461","979","80","456"
"NL-0085-05-07-2024-K03-8314.dw.png","222","547","242","568","201","663","250","614","331","572","258","729","275","806","285","778","344","786","338","748","398","755","438","724","479","714","338","860","398","861","491","898","524","927","556","910","54","500"
"NL-0085-05-07-2024-K03-8315.dw.png","234","575","252","601","200","688","254","650","337","614","250","763","257","844","268","813","327","831","324","793","383","804","424","775","466","769","312","907","370","913","461","964","492","998","525","981","72","499"
"NL-0085-05-07-2024-K03-8316.dw.png","238","692","266","696","294","792","302","725","339","637","381","806","445","855","430","826","484","793","452","770","503","734","512","685","536","651","526","856","573","816","665","786","713","787","726","753","77","765"
"NL-0085-05-07-2024-K03-8317.dw.png","226","559","247","583","206","670","257","632","338","587","267","739","289","820","293","781","352","787","347","754","406","758","443","727","483","718","349","866","409","862","496","894","537","929","568","909","59","518"
"NL-0085-05-07-2024-K03-8318.dw.png","234","544","250","568","194","651","250","616","336","584","242","734","242","811","255","781","311","801","310","759","369","776","414","752","456","748","293","875","351","888","437","942","467","980","501","968","81","462"
"NL-0085-05-07-2024-K03-8319.dw.png","548","663","575","644","654","701","626","642","591","556","733","652","813","645","778","635","795","575","754","575","764","518","742","477","740","436","872","593","875","530","917","453","956","418","940","384","485","818"
"NL-0085-05-07-2024-K03-8320.dw.png","523","680","552","664","628","723","596","667","576","578","716","679","792","682","764","667","787","613","743","611","766","556","743","511","741","468","859","635","872","579","930","493","971","464","959","430","431","834"
"NL-0085-05-07-2024-K03-8321.dw.png","491","308","506","337","443","420","502","384","593","358","479","495","478","572","492","548","549","574","551","534","608","555","656","536","695","537","524","639","583","656","662","715","687","751","722","744","345","214"
"NL-0085-05-07-2024-K03-8322.dw.png","518","338","534","365","477","451","533","415","618","381","524","532","525","601","537","575","592","590","594","561","650","575","694","552","738","551","578","666","634","679","716","731","744","765","780","757","375","263"
"NL-0085-05-07-2024-K03-8323.dw.png","880","547","852","563","769","504","798","561","833","650","684","551","609","551","637","563","615","620","659","621","638","678","663","725","665","770","547","601","533","657","478","747","436","782","446","818","964","401"
"NL-0085-05-07-2024-K03-8324.dw.png","217","511","231","538","163","605","226","583","316","564","205","703","194","774","211","747","265","771","271","736","326","755","372","734","414","736","234","842","291","860","373","927","396","965","432","956","68","413"
"NL-0085-05-07-2024-K03-8325.dw.png","221","594","246","617","207","707","257","667","335","615","273","777","293","855","299","822","357","826","351","786","406","788","443","754","485","740","354","903","413","902","512","934","550","965","581","945","47","550"
"NL-0085-05-07-2024-K03-8326.dw.png","233","628","258","648","227","740","272","694","341","638","296","801","320","875","323","842","382","841","371","805","431","802","464","764","501","750","392","920","445","910","544","935","584","961","614","940","60","600"
"NL-0085-05-07-2024-K03-8327.dw.png","218","570","235","597","174","674","233","636","318","612","221","755","218","829","233","799","289","823","292","788","347","803","391","777","431","776","270","895","324","907","402","962","430","1000","466","993","63","487"
"NL-0085-05-07-2024-K03-8328.dw.png","244","633","269","653","235","749","284","700","352","639","308","811","332","883","335","850","395","847","385","812","446","808","479","770","517","754","404","928","464","921","558","942","595","965","624","943","66","604"
"NL-0085-05-07-2024-K03-8329.dw.png","640","667","655","644","758","665","701","626","640","555","812","597","884","571","851","567","856","501","815","516","808","458","767","426","751","390","924","504","916","440","939","338","962","304","943","275","628","836"
"NL-0085-05-07-2024-K03-8330.dw.png","223","504","237","532","172","601","233","577","321","553","212","689","203","765","221","738","277","763","281","721","336","743","382","722","422","722","247","835","303","852","384","909","411","953","443","942","75","403"
"NL-0086-05-07-2024-K04-8264.dw.png","536","331","549","361","479","441","538","418","631","392","508","524","497","603","513","569","566","597","573","561","629","593","676","580","721","585","533","666","588","689","667","761","691","804","729","802","401","226"
"NL-0086-05-07-2024-K04-8265.dw.png","480","323","496","351","430","424","494","407","587","373","477","513","482","592","492","565","552","589","553","546","617","570","663","549","707","544","527","656","588","671","680","731","709","765","746","758","328","231"
"NL-0086-05-07-2024-K04-8268.dw.png","241","502","256","528","191","606","254","582","343","552","236","693","230","769","248","744","305","765","309","735","369","753","414","735","455","734","275","833","333","853","422","919","448","956","485","953","83","405"
"NL-0086-05-07-2024-K04-8269.dw.png","629","219","605","240","524","189","551","245","603","321","445","244","368","251","401","261","388","318","426","317","415","373","443","413","450","450","315","302","308","359","266","447","232","478","240","511","695","52"
"NL-0086-05-07-2024-K04-8270.dw.png","231","523","243","545","171","623","235","603","326","580","200","714","188","788","206","761","257","787","266","753","322","776","371","765","411","768","222","856","273","878","352","949","375","993","411","986","91","413"
"NL-0086-05-07-2024-K04-8271.dw.png","218","553","233","578","172","657","230","627","319","601","211","738","206","817","221","785","275","805","280","769","336","790","380","771","423","771","247","878","303","892","386","955","412","994","448","987","68","470"
"NL-0086-05-07-2024-K04-8272.dw.png","230","546","245","568","186","646","243","627","327","589","225","727","221","805","236","776","289","792","293","759","350","780","393","760","434","760","264","866","316","880","398","935","427","976","463","970","77","448"
"NL-0086-05-07-2024-K04-8273.dw.png","239","492","251","523","175","592","238","578","334","560","203","679","188","763","206","730","258","758","269","720","325","760","373","747","416","751","218","829","272","851","353","937","371","978","410","974","103","375"
"NL-0086-05-07-2024-K04-8274.dw.png","251","509","264","541","192","607","254","590","344","574","221","693","206","777","225","746","277","771","286","737","344","764","390","751","432","760","239","843","296","868","372","940","390","980","429","982","113","396"
"NL-0086-05-07-2024-K04-8275.dw.png","657","710","644","681","719","610","653","625","553","645","683","511","695","433","678","462","620","430","611","464","555","441","505","458","461","454","657","359","600","336","518","259","496","216","457","217","805","819"
"NL-0086-05-07-2024-K04-8276.dw.png","554","328","569","357","498","431","562","410","661","382","537","519","529","593","544","565","600","590","606","560","668","578","717","562","763","565","570","658","628","679","715","749","740","784","780","781","415","232"
"NL-0086-05-07-2024-K04-8277.dw.png","518","299","538","325","486","420","540","377","629","334","533","493","539","572","549","539","608","550","607","514","668","530","716","504","764","497","591","627","651","638","747","687","779","723","818","713","358","230"
"NL-0086-05-07-2024-K04-8278.dw.png","229","557","248","586","189","666","248","637","334","603","238","746","241","828","252","794","310","808","309","769","371","787","413","762","455","763","289","886","351","898","437","951","464","985","501","975","71","466"
"NL-0086-05-07-2024-K04-8279.dw.png","236","533","255","554","203","640","260","611","342","563","257","724","262","797","272","766","332","780","330","739","389","753","432","728","471","721","308","850","369","860","460","907","492","942","527","929","74","462"
"NL-0086-05-07-2024-K04-8280.dw.png","241","506","254","531","184","609","245","586","335","566","216","698","206","773","223","745","276","768","281","730","338","759","385","742","425","745","243","839","297","859","380","931","401","971","437","966","100","395"
"NL-0086-05-07-2024-K04-8281.dw.png","239","524","251","547","181","621","244","602","335","577","215","709","206","785","221","754","275","774","281","747","339","768","386","752","427","753","244","850","296","866","380","934","404","975","440","970","92","416"
"NL-0086-05-07-2024-K04-8282.dw.png","259","532","276","559","221","640","277","613","364","578","267","721","269","800","281","767","336","781","338","746","397","766","438","744","482","740","314","859","376","870","462","925","492","964","528","954","101","445"
"NL-0086-05-07-2024-K04-8283.dw.png","252","502","265","528","197","601","258","581","350","563","231","690","218","768","235","740","290","763","298","736","354","759","400","743","442","746","257","840","311","862","390","932","412","975","447","970","107","400"
"NL-0086-05-07-2024-K04-8284.dw.png","250","516","268","541","211","626","269","596","351","561","260","715","258","788","272","758","324","770","326","739","384","752","427","730","465","724","303","849","356","860","443","918","469","954","503","946","99","437"
"NL-0086-05-07-2024-K04-8285.dw.png","271","496","284","523","211","594","277","577","372","559","245","685","232","763","250","739","307","766","314","733","373","755","421","739","463","744","272","838","329","860","408","931","429","970","466","967","130","397"
"NL-0086-05-07-2024-K04-8286.dw.png","425","286","450","305","424","411","470","361","547","295","500","477","525","546","528","517","589","512","579","477","646","473","684","435","726","417","591","586","651","579","767","603","808","627","841","606","258","259"
"NL-0086-05-07-2024-K04-8287.dw.png","415","304","440","318","431","424","467","375","527","293","503","474","534","543","532","511","590","502","576","465","641","460","671","421","714","399","603","578","659","565","769","579","816","602","847","577","246","292"
"NL-0086-05-07-2024-K04-8288.dw.png","220","584","244","609","195","700","252","665","333","611","256","776","267","855","275","820","333","822","329","786","394","796","434","768","478","759","321","908","386","912","484","954","518","988","551","965","50","530"
"NL-0086-05-07-2024-K04-8289.dw.png","276","534","291","565","222","642","283","619","375","592","255","727","244","805","261","772","315","797","323","760","379","791","425","774","470","775","278","869","338","894","420","968","442","1006","481","1001","131","435"
"NL-0086-05-07-2024-K04-8290.dw.png","226","546","242","567","186","652","245","619","329","583","237","735","242","813","252","784","312","802","308","751","368","769","411","746","453","740","289","870","348","880","435","928","463","960","499","948","66","468"
"NL-0086-05-07-2024-K04-8291.dw.png","243","532","260","558","196","636","257","612","348","580","239","725","235","800","248","772","308","790","313","762","377","776","421","757","463","759","276","862","337","878","430","949","454","983","492","973","93","435"
"NL-0086-05-07-2024-K04-8292.dw.png","262","539","280","564","225","645","283","616","368","576","274","720","278","801","290","766","347","777","348","748","407","762","449","736","490","731","328","858","387","866","476","918","508","956","544","942","99","466"
"NL-0086-05-07-2024-K04-8293.dw.png","251","519","267","548","206","633","264","602","353","573","247","718","242","795","257","765","313","779","315","745","375","770","421","747","465","744","285","861","345","877","432","943","460","988","496","978","95","434"
"NL-0086-05-07-2024-K04-8294.dw.png","266","532","286","557","237","648","290","613","375","568","288","720","297","800","305","766","365","782","364","742","425","760","466","733","509","726","348","857","408","864","504","918","535","951","571","939","102","461"
"NL-0086-05-07-2024-K04-8296.dw.png","235","544","255","570","199","656","257","623","345","583","247","733","251","813","263","778","321","792","322","756","382","773","425","747","467","742","299","869","359","879","449","932","478","964","514","952","70","476"
"NL-0087-05-07-2024-K06-8232.dw.png","299","336","331","315","403","380","383","316","350","223","499","329","569","328","539","317","560","258","520","256","537","196","514","150","510","102","631","279","639","222","695","128","726","100","715","62","220","476"
"NL-0087-05-07-2024-K06-8233.dw.png","455","327","476","353","433","445","485","409","571","358","491","520","505","595","510","560","570","569","568","542","632","547","671","518","718","508","562","646","623","650","723","695","758","728","796","712","296","266"
"NL-0087-05-07-2024-K06-8234.dw.png","499","366","517","394","464","481","518","454","606","413","509","562","513","640","523","606","578","618","581","589","643","605","687","581","735","579","560","698","621","709","711","765","742","800","781","788","353","283"
"NL-0087-05-07-2024-K06-8235.dw.png","228","545","250","575","184","643","250","624","340","595","237","739","236","812","248","781","308","801","310","760","368","777","412","755","455","750","283","873","342","883","431","939","457","971","493","960","77","465"
"NL-0087-05-07-2024-K06-8236.dw.png","236","606","260","625","226","721","274","677","350","623","289","782","311","863","316","827","370","821","367","794","428","796","466","764","505","749","374","908","435","904","538","941","571","965","602","945","70","573"
"NL-0087-05-07-2024-K06-8237.dw.png","234","493","249","527","172","586","239","578","335","566","205","690","190","764","209","735","261","763","274","719","326","750","373","737","418","741","223","829","282","855","356","925","374","962","413","958","104","384"
"NL-0087-05-07-2024-K06-8238.dw.png","247","562","264","587","208","675","264","635","356","607","254","757","249","830","263","796","321","809","325","782","385","795","428","772","473","768","299","895","357","904","446","965","472","999","510","988","90","476"
"NL-0087-05-07-2024-K06-8239.dw.png","677","649","659","625","723","551","661","577","570","601","682","467","687","386","672","421","618","403","611","433","553","415","510","435","467","436","645","324","583","305","500","242","477","211","440","218","823","734"
"NL-0087-05-07-2024-K06-8240.dw.png","230","536","247","562","188","649","247","617","338","584","234","735","227","810","243","777","299","790","302","764","361","776","406","753","452","751","272","875","332","887","417","950","441","985","480","972","78","446"
"NL-0087-05-07-2024-K06-8241.dw.png","270","468","280","500","200","565","263","555","357","547","221","658","200","735","221","704","269","730","281","704","333","740","384","728","425","736","226","806","281","840","347","922","363","963","402","961","149","335"
"NL-0087-05-07-2024-K06-8243.dw.png","547","289","562","316","496","402","558","375","658","348","540","490","534","566","550","537","610","562","613","526","675","544","726","522","769","520","581","631","641","647","731","711","753","741","795","734","398","204"
"NL-0087-05-07-2024-K06-8244.dw.png","526","340","542","363","487","452","543","426","633","383","535","537","537","611","548","579","604","593","607","562","666","577","715","548","759","543","584","670","648","683","738","738","764","768","805","758","374","258"
"NL-0087-05-07-2024-K06-8245.dw.png","224","541","240","571","173","649","234","620","323","596","212","732","207","816","222","783","277","799","283","770","342","790","387","770","429","770","251","882","308","899","392","964","415","997","450","994","73","437"
"NL-0087-05-07-2024-K06-8246.dw.png","234","568","252","593","185","676","252","650","337","609","233","761","231","839","246","806","308","826","312","789","372","808","416","782","454","777","280","905","344","917","431","974","456","1006","492","999","71","489"
"NL-0087-05-07-2024-K06-8247.dw.png","236","526","249","554","172","613","242","601","337","589","210","712","198","789","217","762","272","782","279","748","336","774","383","756","428","761","237","860","300","886","375","955","395","990","435","986","92","421"
"NL-0087-05-07-2024-K06-8248.dw.png","227","544","245","566","192","657","250","628","334","585","243","735","246","815","257","780","318","797","318","762","380","775","423","747","463","740","299","877","365","889","455","940","482","970","517","953","66","458"
"NL-0087-05-07-2024-K06-8249.dw.png","510","664","540","644","615","708","590","646","563","554","708","657","784","657","756","644","776","588","731","586","752","527","731","484","725","440","844","614","857","556","917","467","952","440","943","404","425","817"
"NL-0087-05-07-2024-K06-8250.dw.png","232","550","251","577","191","659","251","630","339","594","240","738","242","820","255","788","310","795","313","769","374","782","420","759","459","753","290","880","355","892","447","953","471","981","505","967","72","478"
"NL-0087-05-07-2024-K06-8251.dw.png","240","535","260","559","206","649","266","612","349","569","265","729","273","801","285","772","341","773","340","743","400","749","444","720","487","712","328","856","391","862","480","904","510","936","547","921","74","468"
"NL-0087-05-07-2024-K06-8253.dw.png","533","371","547","400","482","478","542","447","632","424","522","563","515","632","530","604","585","626","590","591","646","611","695","594","740","592","560","697","617","714","701","779","727","817","765","808","393","277"
"NL-0087-05-07-2024-K06-8254.dw.png","509","368","526","395","467","480","525","445","612","409","511","559","508","628","522","601","579","616","579","587","640","598","682","577","725","571","555","687","611","700","703","762","733","803","769","796","366","282"
"NL-0087-05-07-2024-K06-8255.dw.png","218","538","235","570","169","652","232","618","322","590","212","733","204","805","220","775","281","799","284","760","343","778","388","756","431","755","254","875","316","890","398","949","423","986","460","979","61","452"
"NL-0087-05-07-2024-K06-8256.dw.png","243","527","262","555","199","631","262","608","354","576","248","722","248","798","261","763","318","781","321","744","383","762","428","738","471","734","298","859","355","868","443","924","470","956","507","945","86","440"
"NL-0087-05-07-2024-K06-8257.dw.png","270","543","286","571","228","655","287","629","372","586","273","731","269","810","285","778","342","792","346","757","404","776","448","754","488","747","319","875","383","886","468","943","490","970","526","963","114","459"
"NL-0087-05-07-2024-K06-8258.dw.png","700","252","671","267","600","195","617","260","638","352","509","236","433","229","463","246","446","301","468","307","449","363","470","409","467","450","368","270","344","333","285","408","245","434","254","469","794","110"
"NL-0087-05-07-2024-K06-8259.dw.png","281","523","295","550","233","628","291","604","385","577","273","718","266","793","282","764","338","783","343","754","401","772","446","750","488","746","308","861","366","879","454","949","476","982","515","980","138","422"
"NL-0087-05-07-2024-K06-8260.dw.png","651","244","626","264","546","209","578","266","613","356","465","260","389","264","422","276","404","335","437","336","427","396","451","439","458","480","330","315","322","375","263","469","230","499","239","534","729","86"
"NL-0087-05-07-2024-K06-8261.dw.png","268","526","282","553","218","631","278","604","370","580","258","722","250","797","266","763","320","784","325","760","385","779","431","760","473","758","293","868","349","884","432","952","455","988","493","982","122","427"
"NL-0087-05-07-2024-K06-8262.dw.png","248","483","260","514","179","573","247","566","343","561","208","674","191","747","209","718","262","754","272","715","326","745","373","734","416","743","220","812","278","840","347","914","366","958","404","954","113","371"
"NL-0087-05-07-2024-K06-8263.dw.png","373","328","407","320","468","398","462","335","453","234","563","377","641","397","613","378","644","326","613","316","648","258","635","209","647","161","706","370","739","314","824","237","860","221","864","179","257","449"
"NL-0088-05-07-2024-K07-8175.dw.png","492","288","511","314","459","404","517","376","602","327","511","485","516","555","524","525","583","548","582","503","641","515","684","493","727","489","564","611","623","621","709","666","739","698","774","688","341","228"
"NL-0088-05-07-2024-K07-8176.dw.png","495","288","516","308","478","410","527","362","613","307","540","475","562","555","566","519","624","517","618","486","685","488","727","456","773","443","622","600","686","596","791","629","824","653","860","634","327","244"
"NL-0088-05-07-2024-K07-8177.dw.png","229","516","242","539","177","618","237","592","323","572","209","694","201","774","216","742","266","768","271","735","327","760","369","747","413","752","238","839","290","859","367","932","388","972","422","969","92","422"
"NL-0088-05-07-2024-K07-8178.dw.png","211","615","229","630","194","731","243","682","320","635","255","795","270","870","274","830","330","836","329","805","387","809","425","778","463","769","324","913","384","911","480","948","513","977","546","961","36","574"
"NL-0088-05-07-2024-K07-8179.dw.png","214","575","235","604","175","683","235","647","325","617","224","759","229","837","238","802","299","823","300","781","357","795","401","773","442","768","276","895","338","904","430","961","455","993","491","986","55","508"
"NL-0088-05-07-2024-K07-8180.dw.png","218","588","235","610","185","698","239","656","326","622","237","776","244","858","254","823","313","832","310","791","372","807","416","781","457","772","298","915","361","918","453","965","480","997","514","982","54","526"
"NL-0088-05-07-2024-K07-8181.dw.png","247","517","259","542","188","618","250","589","343","579","219","696","207","781","226","748","281","774","288","738","344","765","392","749","432","752","244","846","305","867","384","938","401","969","439","966","103","420"
"NL-0088-05-07-2024-K07-8182.dw.png","212","547","230","573","171","659","230","634","317","601","219","744","220","823","231","784","288","806","290","771","347","790","390","767","431","763","267","882","323","895","408","951","437","991","471","984","58","470"
"NL-0088-05-07-2024-K07-8183.dw.png","494","638","527","628","587","708","579","645","576","550","674","689","744","713","719","691","756","642","719","627","757","579","749","531","758","491","817","688","851","632","933","568","981","551","987","516","376","760"
"NL-0088-05-07-2024-K07-8184.dw.png","242","514","253","546","180","610","244","586","334","580","207","691","192","769","210","739","263","766","272","734","323","765","370","750","409","752","225","835","281","859","354","938","371","974","407","972","103","404"
"NL-0088-05-07-2024-K07-8185.dw.png","468","328","490","352","452","449","498","403","585","361","509","519","523","588","530","557","590","570","582","530","645","538","688","509","729","498","585","642","649","647","749","687","783","715","816","701","307","272"
"NL-0088-05-07-2024-K07-8186.dw.png","479","277","503","302","463","392","513","349","591","298","526","462","548","537","551","503","611","507","603","470","667","478","702","443","745","428","605","582","665","581","767","614","806","643","836","625","316","235"
"NL-0088-05-07-2024-K07-8187.dw.png","226","587","243","611","193","696","246","654","332","623","241","768","247","846","257","811","314","820","314","785","374","805","414","775","452","766","296","903","358","910","449","960","475","989","509","977","62","525"
"NL-0088-05-07-2024-K07-8188.dw.png","268","515","279","543","206","616","270","593","362","581","235","701","219","775","238","745","290","782","299","744","353","769","398","762","440","767","255","849","308","872","383","953","400","991","436","990","127","420"
"NL-0088-05-07-2024-K07-8189.dw.png","596","245","578","269","484","238","530","283","584","359","424","303","354","325","388","325","387","387","420","379","419","442","455","476","470","514","310","386","315","448","285","553","260","589","277","620","626","72"
"NL-0088-05-07-2024-K07-8190.dw.png","211","574","229","595","183","691","235","651","317","613","236","766","243","842","250","803","309","814","308","787","367","797","408","770","450","766","294","898","354","905","446","954","478","992","510","978","47","515"
"NL-0088-05-07-2024-K07-8191.dw.png","618","227","597","247","504","200","543","255","588","342","429","261","359","270","395","277","384","337","415","336","409","394","437","434","444","477","308","326","303","389","258","484","227","516","238","549","670","57"
"NL-0088-05-07-2024-K07-8192.dw.png","242","547","261","568","212","653","269","617","353","583","274","734","281","808","290","774","346","785","343","752","403","760","441","736","480","729","329","859","391","863","480","914","509","944","539","931","82","499"
"NL-0088-05-07-2024-K07-8193.dw.png","248","548","268","573","218","665","274","625","362","587","272","742","282","822","290","788","347","798","345","759","404","772","446","741","491","734","334","877","394","883","491","934","519","964","555","947","83","491"
"NL-0088-05-07-2024-K07-8194.dw.png","225","540","247","561","203","657","257","613","338","569","263","729","278","800","282","769","343","781","338","741","398","748","437","725","476","715","333","853","389","855","486","900","514","927","547","912","61","492"
"NL-0088-05-07-2024-K07-8195.dw.png","447","296","466","322","417","411","471","381","557","338","469","489","476","562","484","527","542","545","541","510","598","523","641","497","687","494","529","618","587","625","677","672","711","708","746","696","295","234"
"NL-0088-05-07-2024-K07-8196.dw.png","608","345","617","369","542","446","602","433","700","412","566","527","550","601","569","571","619","602","628","563","683","599","735","584","779","593","583","668","640","695","717","769","735","806","775","803","482","244"
"NL-0088-05-07-2024-K07-8197.dw.png","225","535","237","560","165","628","229","613","320","595","197","717","183","790","202","759","254","781","260","751","314","781","359","764","398","769","218","857","275","876","344","945","363","987","398","982","80","435"
"NL-0088-05-07-2024-K07-8198.dw.png","248","541","269","568","211","652","272","618","361","584","262","727","266","802","277","768","338","788","337","746","396","758","439","733","480","732","318","860","381","869","471","919","498","948","532","938","90","478"
"NL-0088-05-07-2024-K07-8199.dw.png","230","532","247","555","190","651","250","615","340","576","240","731","244","808","255","776","314","797","312","749","371","761","416","738","459","733","289","862","353","877","446","938","471","966","507","952","65","461"
"NL-0088-05-07-2024-K07-8200.dw.png","250","491","260","519","185","593","250","572","342","567","213","688","196","756","215","724","265","756","273","728","326","756","373","742","414","750","225","826","281","850","350","925","370","971","405","973","115","388"
"NL-0088-05-07-2024-K07-8201.dw.png","235","540","248","563","181","640","242","618","331","595","218","724","208","797","226","766","277","795","283","752","339","778","386","761","424","760","250","864","309","883","388","946","407","976","444","971","89","446"
"NL-0088-05-07-2024-K07-8202.dw.png","260","504","275","531","206","605","269","582","358","561","246","700","238","767","254","741","305","763","310","722","364","748","412","736","454","737","277","833","333","849","412","919","430","949","465","941","121","406"
"NL-0088-05-07-2024-K07-8203.dw.png","262","519","274","546","205","619","266","595","361","581","238","702","232","790","247","756","299","775","306","742","365","768","412","753","454","757","269","856","331","876","409","945","427","979","464","971","119","422"
"NL-0088-05-07-2024-K07-8204.dw.png","248","503","260","533","185","601","249","579","344","571","211","682","194","756","213","726","265","757","276","718","329","748","377","738","419","746","227","826","286","852","355","926","374","970","410","974","112","396"
"NL-0089-05-07-2024-K08-8140.dw.png","542","296","559","322","512","421","561","373","653","341","560","496","563","569","576","540","634","553","633","521","691","529","734","500","779","496","617","628","675","634","767","686","796","717","832","702","394","228"
"NL-0089-05-07-2024-K08-8141.dw.png","504","302","523","328","478","420","529","386","611","339","529","496","535","567","546","537","603","550","601","513","659","524","702","496","745","490","587","618","645","627","739","674","771","706","807","693","356","241"
"NL-0089-05-07-2024-K08-8142.dw.png","242","555","264","578","218","666","273","629","356","586","277","742","286","814","294","781","356","797","349","749","411","764","450","737","490","730","343","869","398","869","496","918","524","948","559","937","81","502"
"NL-0089-05-07-2024-K08-8143.dw.png","236","541","252","565","197","656","251","613","340","588","239","735","236","804","251","773","308","798","311","762","367","775","410","751","451","749","283","869","342","881","428","944","451","976","485","963","85","462"
"NL-0089-05-07-2024-K08-8144.dw.png","244","507","258","535","195","616","255","588","342","563","232","693","224","767","240","736","294","759","300","725","356","743","401","724","441","727","267","830","322","846","404","908","426","942","461","933","97","420"
"NL-0089-05-07-2024-K08-8145.dw.png","253","532","271","555","221","642","274","604","362","573","269","719","273","795","284","764","341","775","342","744","398","755","439","727","479","725","324","855","380","859","471","916","497","947","530","935","97","466"
"NL-0089-05-07-2024-K08-8146.dw.png","252","491","267","521","198","598","260","569","355","553","234","682","222","757","242","728","296","755","304","718","359","737","404","721","448","726","265","827","323","843","402","912","425","953","462","949","103","395"
"NL-0089-05-07-2024-K08-8147.dw.png","250","534","267","558","209","642","266","610","359","580","253","725","249","800","266","766","322","784","325","751","386","764","430","741","472","741","298","860","357","870","443","929","471","968","508","959","93","456"
"NL-0089-05-07-2024-K08-8148.dw.png","273","492","287","516","225","601","284","565","375","548","262","681","257","755","272","728","329","751","335","718","389","735","432","714","473","716","301","823","359","838","436","900","461","940","494","927","125","405"
"NL-0089-05-07-2024-K08-8149.dw.png","273","562","292","585","247","676","296","637","378","594","295","743","299","819","312","789","369","802","366","759","423","772","464","745","506","737","358","878","415","883","509","934","538","965","571","948","114","495"
"NL-0089-05-07-2024-K08-8150.dw.png","476","319","501","343","465","438","513","394","597","339","530","509","544","577","549","543","608","548","604","517","666","519","708","486","752","475","607","624","664","622","772","661","806","685","842","669","312","268"
"NL-0089-05-07-2024-K08-8151.dw.png","493","323","512","349","468","452","516","399","609","364","518","523","524","597","534","565","595","579","593","540","653","551","695","523","741","516","580","654","638","659","736","709","765","739","802","728","336","261"
"NL-0089-05-07-2024-K08-8152.dw.png","224","565","245","593","194","678","248","638","334","603","250","755","257","830","266","795","325","806","322","774","383","781","422","753","464","746","312","887","368","888","462","936","496","971","531","960","64","500"
"NL-0089-05-07-2024-K08-8153.dw.png","248","542","265","566","212","652","266","619","350","580","256","726","253","801","268","772","323","785","325","748","381","763","426","743","468","742","308","864","365","874","451","933","479","970","513","958","90","466"
"NL-0089-05-07-2024-K08-8154.dw.png","238","526","251","550","192","634","248","609","339","575","230","712","222","784","239","756","294","779","298","737","354","756","400","735","442","737","267","850","328","863","409","926","432","957","467","948","90","440"
"NL-0089-05-07-2024-K08-8155.dw.png","263","486","270","519","190","585","253","565","349","560","206","669","181","740","205","712","255","751","267","722","320","747","370","739","412","751","208","821","264","849","332","933","345","973","383","971","141","357"
"NL-0089-05-07-2024-K08-8156.dw.png","641","229","619","248","523","202","569","254","606","341","450","257","375","263","409","274","401","333","437","332","426","391","456","432","462","472","321","317","315","380","272","469","236","503","250","536","703","64"
"NL-0089-05-07-2024-K08-8157.dw.png","639","234","613","250","521","200","560","251","595","335","449","242","377","237","407","253","397","305","428","308","410","367","434","410","436","452","311","291","303","347","243","436","209","462","219","496","716","80"
"NL-0089-05-07-2024-K08-8158.dw.png","672","255","646","271","563","216","593","270","626","356","483","259","411","254","440","268","422","323","463","326","446","380","467","423","469","463","349","301","334","360","280","441","247","465","257","498","749","109"
"NL-0089-05-07-2024-K08-8159.dw.png","504","301","522","327","482","421","528","385","613","338","532","495","536","567","548","536","603","546","601","509","659","519","701","492","746","484","588","618","647","625","742","670","774","701","809","688","356","229"
"NL-0089-05-07-2024-K08-8160.dw.png","473","323","494","349","445","438","500","405","592","367","505","523","510","595","522","564","578","573","576","541","636","550","677","520","724","515","565","652","626","657","720","707","749","737","786","724","321","264"
"NL-0089-05-07-2024-K08-8161.dw.png","228","553","245","577","187","665","245","630","340","601","233","746","230","823","247","788","304","805","307","772","370","785","414","762","458","762","282","884","344","892","432","947","461","981","497","970","67","477"
"NL-0089-05-07-2024-K08-8162.dw.png","586","683","605","664","707","696","659","651","606","572","773","637","844","627","813","617","822","558","779","565","785","504","753","465","742","425","898","565","897","501","938","403","965","372","952","338","533","851"
"NL-0089-05-07-2024-K08-8163.dw.png","244","508","258","535","197","624","253","589","348","567","235","703","226","780","244","748","297","770","301","735","359","752","402","733","446","734","269","843","327","859","411","923","435","963","470","959","90","413"
"NL-0089-05-07-2024-K08-8164.dw.png","660","215","634","239","539","201","581","248","626","329","469","260","390","275","424","282","421","338","452","335","450","395","477","431","486","473","341","330","341","388","296","485","264","521","277","556","712","50"
"NL-0089-05-07-2024-K08-8165.dw.png","252","525","268","553","209","634","267","610","357","581","250","719","243","797","260","764","314","788","318","746","373","767","419","746","462","749","290","861","347","876","429","938","455","976","491","968","106","441"
"NL-0089-05-07-2024-K08-8166.dw.png","226","557","244","579","189","663","248","634","336","593","240","743","243","819","254","786","314","802","315","770","374","780","415","756","456","754","297","881","353","885","443","941","469","972","503","962","64","496"
"NL-0089-05-07-2024-K08-8167.dw.png","227","552","245","579","189","659","246","630","337","598","236","738","236","823","251","785","308","807","311","769","366","784","409","758","451","757","286","887","345","895","433","957","457","989","491","978","70","478"
"NL-0089-05-07-2024-K08-8168.dw.png","250","506","265","532","199","613","262","583","356","560","240","695","233","767","249","737","309","762","313","727","373","745","417","726","460","726","278","833","337","845","425","913","446","947","484","941","93","417"
"NL-0089-05-07-2024-K08-8169.dw.png","261","530","281","558","232","641","288","614","379","574","285","722","287","800","300","764","359","786","357","746","416","757","458","731","503","728","339","857","395","864","488","919","520","954","555","942","105","462"
"NL-0090-05-07-2024-K09-8107.dw.png","494","294","514","321","464","411","519","379","611","333","521","489","533","569","542","537","601","547","599","514","659","520","704","489","750","485","590","624","655","630","754","679","781","704","818","689","333","233"
"NL-0090-05-07-2024-K09-8108.dw.png","547","310","563","336","504","414","563","388","656","355","553","500","553","571","565","542","625","556","624","520","684","538","731","512","778","508","603","633","665","643","754","691","783","724","820","717","396","230"
"NL-0090-05-07-2024-K09-8109.dw.png","214","546","231","572","173","654","231","625","323","595","219","735","216","812","233","782","287","797","290","755","346","775","389","752","433","748","266","878","326","889","409","942","435","977","469","966","56","466"
"NL-0090-05-07-2024-K09-8110.dw.png","679","242","656","257","572","200","596","257","634","345","486","241","413","237","444","251","420","312","461","313","447","372","468","417","472","458","351","282","337","347","280","429","245","455","256","491","761","86"
"NL-0090-05-07-2024-K09-8111.dw.png","623","238","600","257","509","204","545","260","586","342","433","254","356","262","387","271","375","329","416","328","403","384","427","428","428","471","300","312","291","375","238","472","215","494","231","527","690","75"
"NL-0090-05-07-2024-K09-8112.dw.png","228","576","251","600","204","687","258","648","343","605","267","765","275","837","286","806","346","814","340","772","399","780","441","750","483","739","337","892","400","893","490","935","525","966","559","952","58","521"
"NL-0090-05-07-2024-K09-8113.dw.png","252","549","273","573","226","657","281","630","359","580","282","729","296","812","304","780","362","789","356","751","415","756","454","728","496","722","356","870","415","872","506","915","536","944","570","933","88","491"
"NL-0090-05-07-2024-K09-8114.dw.png","272","544","287","569","227","647","285","625","372","595","269","733","266","808","279","776","333","796","335","758","391","777","435","757","477","757","308","868","366","882","449","945","473","979","506","972","123","457"
"NL-0090-05-07-2024-K09-8115.dw.png","244","511","260","539","196","621","257","598","345","568","236","706","231","786","246","755","303","777","308","735","361","757","407","740","450","742","273","849","334","866","416","930","439","964","476","957","93","420"
"NL-0090-05-07-2024-K09-8116.dw.png","261","550","277","574","218","645","276","627","361","592","263","728","265","814","278","780","332","797","333","762","388","777","432","756","474","756","312","873","373","885","453","945","480","980","513","972","109","468"
"NL-0090-05-07-2024-K09-8117.dw.png","547","338","563","366","498","441","559","424","645","391","541","528","539","606","552","577","609","596","611","558","667","582","712","562","759","563","581","663","643","680","726","739","755","774","793","767","402","258"
"NL-0090-05-07-2024-K09-8118.dw.png","574","325","587","355","521","432","579","405","672","382","553","514","546","589","561","562","614","583","619","548","674","571","724","552","769","555","587","656","646","678","725","742","748","779","785","774","436","226"
"NL-0090-05-07-2024-K09-8119.dw.png","211","534","230","562","168","648","226","619","316","586","212","726","211","805","224","776","281","797","282","762","341","775","385","751","426","748","258","870","316","883","401","943","422","972","457","962","60","453"
"NL-0090-05-07-2024-K09-8120.dw.png","236","559","254","585","200","673","254","636","337","604","245","744","248","824","260","792","316","801","319","769","373","784","417","759","458","757","299","884","360","892","451","947","473","974","508","964","76","487"
"NL-0090-05-07-2024-K09-8121.dw.png","669","646","647","620","699","537","644","571","563","605","648","460","641","383","630","413","575","408","575","440","517","426","475","451","433","457","587","323","526","319","440","275","408","242","375","256","828","710"
"NL-0090-05-07-2024-K09-8122.dw.png","210","569","232","593","185","685","239","648","323","600","244","761","254","838","263","806","323","812","318","775","377","781","420","750","463","745","315","894","376","896","471","941","500","970","534","954","41","513"
"NL-0090-05-07-2024-K09-8123.dw.png","232","606","257","628","221","722","269","682","346","626","290","792","309","868","315","834","370","834","365","805","427","805","461","768","500","754","373","917","433","912","535","948","565","970","596","950","58","562"
"NL-0090-05-07-2024-K09-8124.dw.png","652","233","628","252","543","203","572","256","616","341","463","254","387","259","420","269","406","328","446","323","435","380","461","424","468","463","329","312","323","373","278","455","243","486","252","521","722","74"
"NL-0090-05-07-2024-K09-8125.dw.png","660","252","634","269","552","211","577","271","617","358","469","261","384","264","421","274","406","331","440","332","423","393","448","436","452","481","323","313","316","374","256","461","223","487","234","525","744","91"
"NL-0090-05-07-2024-K09-8126.dw.png","648","228","620","248","542","195","567","249","608","330","464","243","389","244","418","257","398","313","440","312","427","368","454","410","458","451","323","297","316","357","264","440","231","468","242","500","717","72"
"NL-0090-05-07-2024-K09-8127.dw.png","524","334","542","359","488","447","542","416","629","379","536","524","542","600","552","569","606","579","607","545","666","563","710","541","757","535","593","657","654","664","743","712","774","744","812","734","374","265"
"NL-0090-05-07-2024-K09-8128.dw.png","492","293","511","315","472","409","521","371","606","316","533","484","548","557","554","524","614","530","607","489","667","495","707","463","755","449","607","608","670","605","762","635","800","667","836","652","331","244"
"NL-0090-05-07-2024-K09-8129.dw.png","669","229","643","244","553","183","588","240","612","334","474","222","399","215","428","231","411","287","447","292","427","347","446","394","447","438","331","259","318","319","252","402","216","425","224","460","760","78"
"NL-0090-05-07-2024-K09-8130.dw.png","544","672","570","654","662","707","628","651","585","564","739","656","820","651","787","640","799","583","766","582","775","522","748","480","743","435","880","598","887","538","944","444","971","422","957","385","472","835"
"NL-0090-05-07-2024-K09-8131.dw.png","682","236","656","249","571","185","601","243","621","339","493","219","419","208","444","226","422","281","467","287","443","341","461","388","458","432","352","248","332","310","267","390","238","407","244","443","778","92"
"NL-0090-05-07-2024-K09-8132.dw.png","247","488","260","515","191","595","251","572","344","549","222","675","209","751","225","723","282","749","290","711","344","735","392","716","433","718","248","825","305","843","380","907","400","946","435","938","101","391"
"NL-0090-05-07-2024-K09-8133.dw.png","251","538","268","567","206","643","265","619","354","586","250","722","248","804","262","773","319","788","322","753","379","772","424","749","466","748","299","872","359","885","446","949","467","978","503","970","96","455"
"NL-0090-05-07-2024-K09-8134.dw.png","277","551","297","578","243","658","299","626","382","590","294","736","299","814","313","784","366","791","367","764","425","774","468","749","509","745","358","877","416","883","506","937","535","970","570","960","118","484"
"NL-0090-05-07-2024-K09-8135.dw.png","243","562","263","585","217","673","271","644","349","599","271","747","281","827","290","793","348","802","346","769","404","778","443","751","486","744","335","881","401","885","488","929","519","960","554","945","78","504"
"NL-0090-05-07-2024-K09-8136.dw.png","244","540","264","561","217","659","273","624","355","572","275","733","285","812","295","779","355","790","351","752","411","756","453","725","494","716","338","863","401","866","502","916","528","942","564","924","75","479"
"NL-0091-05-07-2024-K10-8436.dw.png","466","310","491","331","458","428","506","384","584","324","530","496","553","565","554","532","617","536","608","501","670","500","706","464","748","446","615","607","676","602","779","629","819","655","854","639","297","272"
"NL-0091-05-07-2024-K10-8437.dw.png","911","457","892","482","792","460","841","500","907","573","736","528","669","554","703","554","708","609","737","600","742","665","780","701","800","738","631","618","641","680","625","781","602","821","627","852","937","293"
"NL-0091-05-07-2024-K10-8438.dw.png","206","557","224","581","173","664","229","628","319","594","227","742","236","828","246","795","306","806","304","770","366","781","409","754","450","748","290","885","348","889","451","948","477","980","512","967","41","492"
"NL-0091-05-07-2024-K10-8439.dw.png","226","556","243","583","185","671","243","637","336","606","236","750","235","825","249","795","308","818","309","772","368","788","412","763","452","763","284","886","346","897","435","953","460","980","495","967","62","476"
"NL-0091-05-07-2024-K10-8440.dw.png","220","580","241","607","191","695","247","664","329","617","247","774","245","839","258","807","321","823","316","784","376","798","415","765","453","757","306","899","364","901","453","949","479","977","513","964","65","510"
"NL-0091-05-07-2024-K10-8441.dw.png","229","586","248","608","202","703","260","663","345","614","269","783","278","854","286","820","349","827","344","793","406","796","447","765","487","757","336","907","401","909","504","958","533","986","566","970","55","527"
"NL-0091-05-07-2024-K10-8442.dw.png","227","567","249","594","188","672","253","646","346","608","247","759","249","836","262","802","325","815","327","782","390","795","432","767","475","762","305","898","371","907","466","963","493","993","531","982","60","492"
"NL-0091-05-07-2024-K10-8443.dw.png","234","568","255","594","198","673","257","640","349","610","252","759","254","835","266","802","327","818","328","781","390","795","435","771","475","768","306","895","368","905","464","964","493","998","531","989","77","490"
"NL-0091-05-07-2024-K10-8444.dw.png","254","542","269","569","209","652","267","621","359","598","251","734","245","809","260","779","317","807","322","765","378","782","420","763","461","765","289","874","344","886","430","953","454","988","490","979","99","449"
"NL-0091-05-07-2024-K10-8445.dw.png","233","555","257","582","208","663","264","627","352","586","273","743","284","818","293","784","353","791","348","759","410","761","452","730","489","725","347","874","404","871","502","916","532","943","566","927","69","511"
"NL-0091-05-07-2024-K10-8446.dw.png","533","286","552","308","503","398","557","363","644","315","556","468","563","543","572","509","632","523","629","485","692","497","736","472","781","467","622","597","680","598","774","639","812","672","848","654","372","227"
"NL-0091-05-07-2024-K10-8447.dw.png","541","322","557","348","500","434","558","403","651","367","550","518","557","599","568","570","624","582","624","546","686","562","731","540","776","537","604","656","663","668","761","730","790","763","826","753","392","244"
"NL-0091-05-07-2024-K10-8449.dw.png","240","546","260","575","199","656","263","628","354","595","254","745","251","820","266","786","328","805","331","770","392","784","437","757","478","755","303","880","368","892","458","946","484","977","524","967","77","470"
"NL-0091-05-07-2024-K10-8450.dw.png","224","534","240","560","171","627","236","612","329","588","214","721","209","803","223","769","280","789","286","758","345","779","394","759","432","760","251","865","308","881","394","950","416","985","453","974","76","445"
"NL-0091-05-07-2024-K10-8451.dw.png","231","566","254","592","200","674","258","643","343","597","256","748","264","826","276","794","336","802","333","768","396","774","436","747","478","740","319","881","384","885","472","929","506","965","541","946","61","490"
"NL-0091-05-07-2024-K10-8452.dw.png","235","511","250","540","175","602","242","593","334","575","212","697","200","776","218","748","276","776","285","740","338","765","383","749","425","752","241","848","298","870","377","941","399","980","436","978","91","408"
"NL-0091-05-07-2024-K10-8453.dw.png","246","527","263","556","197","635","259","612","352","583","239","722","233","798","248","766","305","787","309","751","371","775","416","756","458","754","275","860","336","877","420","939","447","980","485","976","93","431"
"NL-0091-05-07-2024-K10-8454.dw.png","219","549","236","574","180","662","235","630","328","603","224","744","221","817","234","787","290","808","295","772","351","785","394","760","435","762","265","877","325","891","407","949","438","991","473","978","60","461"
"NL-0091-05-07-2024-K10-8455.dw.png","230","502","247","536","179","611","241","589","339","571","217","701","203","775","224","747","282","777","288","744","347","764","395","745","438","748","247","849","308","871","389","939","412","978","450","975","80","402"
"NL-0091-05-07-2024-K10-8456.dw.png","498","317","523","346","472","422","529","397","614","349","537","503","550","577","556","542","615","550","615","525","675","526","716","496","760","486","608","628","670","628","767","667","803","698","839","683","345","260"
"NL-0091-05-07-2024-K10-8458.dw.png","213","544","234","573","181","658","236","625","330","595","231","736","232","813","245","781","302","797","305","768","363","775","404","751","444","749","282","870","341","881","430","937","459","971","492","955","51","469"
"NL-0091-05-07-2024-K10-8459.dw.png","209","607","233","628","201","722","248","680","326","624","272","789","288","857","294","825","353","828","346","794","402","788","434","754","473","742","350","901","411","895","505","924","542","950","572","930","33","568"
"NL-0091-05-07-2024-K10-8461.dw.png","214","625","242","649","200","735","253","695","337","648","271","807","289","881","295","848","359","854","353","818","415","817","450","784","489","774","353","931","415","927","518","962","551","986","582","964","42","585"
"NL-0091-05-07-2024-K10-8462.dw.png","239","604","263","626","235","725","277","676","356","626","300","787","317","858","320","823","380","829","374","795","430","793","464","760","502","751","374","903","433","899","530","932","569","961","599","940","66","565"
"NL-0091-05-07-2024-K10-8463.dw.png","224","527","240","556","173","627","236","613","329","584","215","721","207","798","224","768","279","786","284","755","342","775","387","757","431","755","248","860","308","877","391","941","414","977","452","971","77","426"
"NL-0091-05-07-2024-K10-8464.dw.png","232","518","250","550","179","613","246","599","342","577","226","708","218","787","235","754","295","779","301","748","358","763","404","740","446","742","263","852","325","867","412","932","436","967","473","960","80","430"
"NL-0091-05-07-2024-K10-8465.dw.png","238","582","265","607","221","692","276","658","359","606","290","767","305","843","311","808","376","816","371","782","434","784","471","750","508","738","365","894","431","894","534","933","566","958","599","942","66","535"
"NL-0091-05-07-2024-K10-8466.dw.png","228","643","254","661","225","759","273","712","347","649","300","820","324","896","329","861","384","852","379","826","441","815","476","777","513","761","387","934","453","925","558","952","593","973","624","952","53","624"
"NL-0091-05-07-2024-K10-8467.dw.png","222","606","249","626","208","718","265","680","347","622","281","787","302","864","307","828","373","831","367","800","430","795","465","759","504","746","368","912","433","905","539","941","569","963","604","946","47","572"
"NL-0092-05-07-2024-K11-8402.dw.png","937","527","913","548","822","502","851","555","903","643","740","558","671","563","705","571","691","633","728","629","721","692","749","735","754","777","617","617","614","677","565","776","541","804","555","839","991","375"
"NL-0092-05-07-2024-K11-8403.dw.png","615","314","627","343","555","416","617","399","715","373","583","504","569","577","587","548","639","567","649","545","706","576","758","558","802","566","601","641","659","667","742","747","761","783","800","781","487","199"
"NL-0092-05-07-2024-K11-8405.dw.png","216","598","238","619","195","709","248","671","332","618","254","777","268","860","277","825","338","832","332","787","394","799","435","770","475","764","326","911","389","913","489","958","524","988","557","973","39","543"
"NL-0092-05-07-2024-K11-8406.dw.png","216","580","238","605","189","694","245","656","331","617","244","769","250","846","262","814","323","825","320","793","380","798","422","770","461","764","305","903","364","909","461","964","488","994","522","976","54","519"
"NL-0092-05-07-2024-K11-8407.dw.png","237","510","251","535","187","611","248","594","343","567","226","699","222","785","236","749","290","769","295","733","353","754","401","737","442","738","259","847","320","865","400","931","421","965","458","956","88","417"
"NL-0092-05-07-2024-K11-8408.dw.png","219","567","239","589","195","676","246","639","332","599","251","753","264","833","272","798","328","803","328","777","388","782","427","752","466","746","317","886","381","891","476","938","506","970","539","951","56","501"
"NL-0092-05-07-2024-K11-8409.dw.png","218","558","234","580","178","665","235","631","322","599","224","745","221","822","236","793","293","812","295","776","355","788","400","767","440","763","271","888","328","901","418","961","442","992","477","982","64","480"
"NL-0092-05-07-2024-K11-8410.dw.png","223","571","244","593","202","690","253","646","336","599","257","758","267","837","276","801","332","802","331","768","392","776","434","743","476","737","323","888","383","886","485","935","514","960","546","941","53","519"
"NL-0092-05-07-2024-K11-8411.dw.png","222","607","244","628","201","720","254","686","335","634","258","796","263","865","272","832","331","839","330","807","389","811","428","782","467","777","317","918","379","921","467","964","496","991","529","977","58","551"
"NL-0092-05-07-2024-K11-8412.dw.png","483","304","505","328","457","418","512","385","596","335","519","502","528","575","539","545","597","551","595","519","660","527","703","495","744","484","588","632","649","634","754","680","786","709","824","695","324","235"
"NL-0092-05-07-2024-K11-8413.dw.png","554","312","572","338","513","419","573","397","656","353","564","507","567","580","579","548","631","559","635","531","697","547","740","523","782","517","614","636","670","645","767","704","792","733","828","725","407","233"
"NL-0092-05-07-2024-K11-8414.dw.png","220","517","235","549","164","622","227","604","328","588","201","712","190","793","208","762","263","781","268","752","332","779","380","762","421","764","232","863","291","877","372","950","397","993","434","989","74","412"
"NL-0092-05-07-2024-K11-8415.dw.png","236","488","246","516","167","578","230","578","328","566","186","680","164","748","185","720","236","751","248","727","302","758","353","748","388","761","190","824","244","851","312","939","324","973","360","973","116","373"
"NL-0092-05-07-2024-K11-8416.dw.png","229","548","244","570","187","651","247","631","334","593","234","738","227","811","245","779","295","793","302","765","358","782","403","759","443","760","272","870","329","886","418","950","442","983","477","975","79","466"
"NL-0092-05-07-2024-K11-8417.dw.png","247","523","262","549","201","622","260","602","352","575","239","703","235","786","250","757","303","772","308","735","365","763","410","745","451","749","279","854","335","868","417","936","440","972","477","967","95","426"
"NL-0092-05-07-2024-K11-8418.dw.png","203","608","224","624","196","724","241","679","320","622","265","796","284","871","289","836","349","836","341","802","403","799","441","763","479","751","344","914","406","908","511","945","545","972","578","953","34","575"
"NL-0092-05-07-2024-K11-8419.dw.png","206","584","223","604","174","696","231","665","315","617","230","779","233","853","246","822","303","831","300","795","363","804","407","778","447","770","283","906","345","914","437","963","466","995","502","981","50","520"
"NL-0092-05-07-2024-K11-8420.dw.png","234","536","248","561","183","640","243","621","337","589","222","728","210","806","229","772","282","781","287","764","350","785","397","765","438","766","252","872","317","889","396","955","421","992","460","985","87","430"
"NL-0092-05-07-2024-K11-8421.dw.png","226","554","243","578","183","649","243","628","332","595","230","736","230","813","242","781","300","793","304","767","361","779","403","752","445","749","277","876","337","889","425","946","447","976","484","968","75","469"
"NL-0092-05-07-2024-K11-8422.dw.png","646","332","657","364","574","429","642","423","740","404","597","528","578","603","597","574","651","604","661","580","719","609","774","595","819","602","607","670","663","698","744","786","761","821","804","824","524","216"
"NL-0092-05-07-2024-K11-8423.dw.png","521","292","543","315","508","415","556","376","636","317","566","486","575","553","584","523","643","528","637","494","702","500","743","469","786","460","633","605","694","605","798","647","827","670","862","655","366","241"
"NL-0092-05-07-2024-K11-8424.dw.png","209","552","228","576","174","661","232","626","322","589","230","745","233","822","246","787","301","795","303","768","363","778","406","752","448","748","284","878","346","888","432","936","462","971","496","961","47","482"
"NL-0092-05-07-2024-K11-8425.dw.png","222","556","240","582","185","673","244","638","329","601","235","756","234","828","246","795","302","804","303","770","365","788","406","764","448","762","282","886","343","893","426","948","453","981","491","967","63","478"
"NL-0092-05-07-2024-K11-8426.dw.png","223","598","245","622","193","703","252","671","333","633","248","780","257","861","266","827","325","838","323","799","383","810","421","781","459","777","309","917","368","919","457","968","487","1001","520","983","65","543"
"NL-0092-05-07-2024-K11-8427.dw.png","232","568","248","589","195","677","254","646","347","608","249","758","256","840","266","804","323","816","321","778","383","793","425","767","471","762","307","898","369","903","461","958","489","989","523","976","71","505"
"NL-0092-05-07-2024-K11-8428.dw.png","233","544","247","568","182","644","245","617","339","596","224","733","220","814","235","786","293","802","296","771","355","790","401","771","442","771","263","885","320","897","408","968","428","999","464","994","76","449"
"NL-0092-05-07-2024-K11-8430.dw.png","213","561","233","588","177","673","235","647","325","602","225","750","224","830","238","792","296","805","301","778","361","790","404","763","449","758","276","889","337","897","430","954","453","982","490","973","48","489"
"NL-0092-05-07-2024-K11-8431.dw.png","225","556","243","582","182","652","245","633","335","601","234","743","231","818","246","788","305","808","308","774","366","787","410","764","451","764","280","882","342","895","429","953","455","986","493","980","67","475"
"NL-0092-05-07-2024-K11-8433.dw.png","630","208","605","228","523","175","549","234","595","322","444","230","364","239","402","247","394","306","418","306","413","369","443","410","451","453","310","292","304","356","252","454","226","480","238","517","698","43"
"NL-0092-05-07-2024-K11-8434.dw.png","668","220","640","241","554","182","587","243","620","331","470","235","394","236","428","250","408","310","449","309","433","370","458","412","460","451","338","281","325","348","267","434","235","460","247","497","736","59"
"NL-0093-05-07-2024-K12-8502.dw.png","297","372","326","351","406","409","381","347","337","251","489","349","567","344","534","332","548","268","513","269","524","203","494","158","488","111","624","286","631","219","678","117","706","85","691","46","222","535"
"NL-0093-05-07-2024-K12-8503.dw.png","587","296","602","330","531","403","595","385","690","357","570","497","565","575","579","545","636","569","640","524","699","545","746","523","792","526","606","636","668","654","752","715","775","748","815","741","450","218"
"NL-0093-05-07-2024-K12-8504.dw.png","212","530","231","558","173","646","232","611","319","570","219","721","219","802","234","772","296","793","293","747","353","764","396","738","436","733","271","865","334","879","420","930","445","961","476","946","50","451"
"NL-0093-05-07-2024-K12-8506.dw.png","223","546","240","571","180","651","239","619","327","592","228","735","227","808","241","782","297","802","299","759","354","772","397","750","437","748","274","870","329","880","413","933","439","966","473","949","71","471"
"NL-0093-05-07-2024-K12-8507.dw.png","242","530","257","555","194","634","255","602","346","578","236","723","232","801","247","770","308","792","308","753","366","768","411","747","451","747","277","867","340","878","415","932","439","970","475","963","93","450"
"NL-0093-05-07-2024-K12-8508.dw.png","647","238","625","255","538","197","572","254","608","341","468","236","389","233","422","246","399","309","443","310","427","368","449","410","448","452","330","280","315","345","261","427","228","452","242","485","725","85"
"NL-0093-05-07-2024-K12-8509.dw.png","271","497","282","526","204","585","270","568","360","565","228","682","210","757","230","732","282","765","295","722","345","755","392","745","431","754","241","831","299","858","363","929","382","974","418","969","142","383"
"NL-0093-05-07-2024-K12-8510.dw.png","223","543","243","568","189","654","246","616","330","583","246","737","251","812","262","781","319","793","318","753","375","764","417","738","456","733","301","868","359","874","449","925","478","957","511","941","66","474"
"NL-0093-05-07-2024-K12-8511.dw.png","235","545","256","569","207","658","263","619","344","580","269","738","278","811","287","780","345","791","341","751","398","761","436","734","479","725","332","870","388","871","480","916","505","942","540","924","75","489"
"NL-0093-05-07-2024-K12-8512.dw.png","915","338","906","368","805","380","866","403","950","446","773","472","718","528","748","515","774","566","800","544","827","599","873","617","906","647","703","606","735","655","751","753","746","792","778","815","879","183"
"NL-0093-05-07-2024-K12-8513.dw.png","224","499","236","525","164","599","229","581","323","563","200","695","187","770","206","740","263","763","269","730","326","751","371","730","414","733","228","841","288","859","362","922","384","961","420","953","79","406"
"NL-0093-05-07-2024-K12-8514.dw.png","213","604","239","629","201","721","255","683","327","624","270","790","287","865","294","830","354","830","346","795","403","791","436","756","477","744","344","907","407","900","504","931","538","954","567","931","52","577"
"NL-0093-05-07-2024-K12-8515.dw.png","229","529","244","559","176","639","238","613","329","588","212","728","204","804","221","776","275","795","281","760","335","779","380","762","422","765","242","867","299","887","377","952","398","987","434","980","84","441"
"NL-0093-05-07-2024-K12-8516.dw.png","225","530","242","556","176","635","240","606","329","583","222","726","219","804","234","772","291","793","294","756","352","772","395","751","436","752","267","869","325","883","403","940","431","983","467","969","77","445"
"NL-0093-05-07-2024-K12-8517.dw.png","231","518","244","545","174","615","237","590","328","579","207","703","194","779","211","751","265","777","273","739","327","763","372","749","413","754","231","845","288","865","359","930","381","972","416","964","89","416"
"NL-0093-05-07-2024-K12-8518.dw.png","228","549","245","574","185","659","245","626","334","596","228","739","227","819","242","789","302","809","303","764","360","784","406","761","448","758","278","887","338","900","422","954","447","989","483","974","71","465"
"NL-0093-05-07-2024-K12-8519.dw.png","230","552","249","574","199","661","254","625","340","586","253","739","261","820","272","786","331","794","328","760","387","768","426","737","468","733","311","872","378","879","463","922","491","952","523","935","65","494"
"NL-0093-05-07-2024-K12-8520.dw.png","560","303","576","332","514","406","575","381","661","349","561","497","561","569","573","541","629","556","629","526","689","541","731","519","776","515","609","632","662","643","749","700","770","727","809","721","420","225"
"NL-0093-05-07-2024-K12-8521.dw.png","521","302","543","328","493","414","548","379","635","335","552","494","564","569","573","539","630","548","627","513","688","522","729","492","775","484","620","623","678","628","773","670","812","708","845","688","370","243"
"NL-0093-05-07-2024-K12-8522.dw.png","202","587","221","610","170","699","229","668","311","615","227","775","236","856","247","823","308","830","302","790","365","803","404","770","444","762","292","912","359","917","448","960","474","989","509","972","37","533"
"NL-0093-05-07-2024-K12-8523.dw.png","211","659","239","675","224","776","265","726","328","654","306","831","342","904","340","868","399","859","383","824","439","810","469","770","506","751","409","936","473","921","568","932","609","952","637","928","40","656"
"NL-0093-05-07-2024-K12-8524.dw.png","222","638","248","651","227","745","272","700","335","632","306","801","341","875","341","841","398","831","389","804","444","793","473","753","507","736","414","912","469","898","567","914","610","937","633","911","49","636"
"NL-0093-05-07-2024-K12-8525.dw.png","213","627","240","646","212","749","257","691","327","634","290","812","316","883","318","850","380","847","368","811","426","804","458","767","496","748","381","923","442","916","542","940","575","958","603","934","43","610"
"NL-0093-05-07-2024-K12-8526.dw.png","227","553","247","577","190","666","248","628","336","593","245","749","252","827","261","797","318","808","317","768","376","782","420","754","461","751","303","885","361","893","447","943","478","981","512","964","68","478"
"NL-0093-05-07-2024-K12-8527.dw.png","247","538","265","567","204","640","261","619","350","590","245","723","241","805","257","777","310","793","315","756","370","781","413","762","455","762","287","872","340","884","417","942","446","987","481","977","103","449"
"NL-0093-05-07-2024-K12-8528.dw.png","247","552","265","575","207","661","269","635","353","591","261","749","262","824","275","791","334","806","334","767","390","780","432","758","475","758","309","879","373","892","458","946","485","979","521","967","92","484"
"NL-0093-05-07-2024-K12-8529.dw.png","276","551","293","577","229","654","293","631","383","604","280","747","278","823","293","793","350","812","350","771","407","789","450","766","492","765","327","886","386","900","470","958","497","993","533","981","124","469"
"NL-0093-05-07-2024-K12-8530.dw.png","226","525","243","553","181","636","244","607","334","570","228","726","224","802","241","770","302","793","303","751","363","765","407","743","451","743","275","870","339","879","421","937","446","972","482","962","70","451"
"NL-0093-05-07-2024-K12-8531.dw.png","226","519","241","547","169","611","237","602","333","577","212","714","204","793","221","760","277","783","281","742","337","762","383","740","426","745","243","854","305","872","383","932","403","966","441","960","78","435"
"NL-0094-05-07-2024-K13-8471.dw.png","669","320","678","353","603","429","660","417","761","398","624","517","604","589","624","567","673","604","686","556","734","595","785","583","828","592","634","663","686","693","754","765","776","813","813","813","548","217"
"NL-0094-05-07-2024-K13-8472.dw.png","568","322","587","349","528","433","587","403","673","365","579","514","582","592","595","562","653","581","653","544","714","562","756","538","800","532","634","651","696","665","786","717","816","754","851","743","420","250"
"NL-0094-05-07-2024-K13-8473.dw.png","206","549","223","573","163","652","225","631","313","593","209","737","210","822","224","789","281","805","283","767","341","789","385","764","426","762","255","882","318","898","403","957","424","990","458","979","44","473"
"NL-0094-05-07-2024-K13-8474.dw.png","210","623","233","640","205","742","255","698","329","635","280","806","306","882","309","849","370","847","357","813","417","805","451","766","487","750","372","928","437","921","530","946","566","972","595","949","35","595"
"NL-0094-05-07-2024-K13-8475.dw.png","632","648","647","621","746","639","695","596","624","537","797","563","870","525","838","526","829","466","796","480","788","421","748","393","729","357","904","458","894","395","912","290","930","258","907","230","629","825"
"NL-0094-05-07-2024-K13-8476.dw.png","215","569","236","590","187","679","247","651","331","596","251","757","265","836","274","805","335","811","331","775","389","778","429","749","470","739","327","891","389","896","482","934","508","959","542","945","46","515"
"NL-0094-05-07-2024-K13-8477.dw.png","511","679","540","665","621","734","594","669","570","575","710","694","789","702","760","685","778","628","740","624","767","567","745","519","748","479","855","663","877","602","943","520","977","501","967","462","412","828"
"NL-0094-05-07-2024-K13-8478.dw.png","226","526","240","553","172","636","235","605","327","583","212","723","202","793","219","763","276","787","281","747","338","772","386","751","427","752","242","863","305","886","381","948","404","989","442","980","73","427"
"NL-0094-05-07-2024-K13-8479.dw.png","217","564","236","586","185","680","244","647","326","597","244","759","251","837","262","806","323","820","319","780","378","787","417","760","459","753","307","897","368","904","454","949","481","980","515","967","51","501"
"NL-0094-05-07-2024-K13-8480.dw.png","438","262","465","282","448","391","489","340","559","265","523","450","551","520","553","490","614","483","598","446","661","439","694","398","734","376","614","555","681","548","787","565","827","587","859","565","276","250"
"NL-0094-05-07-2024-K13-8481.dw.png","908","571","880","588","790","532","826","587","863","677","713","578","637","578","668","591","649","648","685","649","669","707","698","753","702","797","577","628","563","689","509","774","476","800","486","837","978","425"
"NL-0094-05-07-2024-K13-8482.dw.png","233","522","248","550","181","627","245","609","336","576","224","717","216","792","233","766","293","786","296","751","352","769","398","750","439","746","261","861","322","880","409","948","428","978","464","972","83","429"
"NL-0094-05-07-2024-K13-8483.dw.png","239","497","252","528","181","596","243","585","333","559","215","689","197","761","219","735","270","760","279","723","328","750","376","733","417","737","237","835","291","856","362","927","380","960","416","953","103","399"
"NL-0094-05-07-2024-K13-8484.dw.png","219","523","233","549","170","634","228","616","318","579","206","719","196","796","213","770","271","795","275","750","330","776","376","756","415","755","240","868","300","890","374","950","398","988","434","979","76","431"
"NL-0094-05-07-2024-K13-8485.dw.png","248","503","260","534","183","601","246","592","339","573","210","691","192","769","213","742","263","769","273","733","325","765","375","750","413","758","224","842","278","868","348","937","365","980","402","978","116","389"
"NL-0094-05-07-2024-K13-8486.dw.png","221","583","245","607","210","708","258","668","334","610","269","774","283","847","290","817","348","823","341","782","402","792","440","761","477","749","339","899","405","904","492","942","528","974","557","951","56","538"
"NL-0094-05-07-2024-K13-8487.dw.png","211","563","229","588","172","674","232","642","322","604","225","757","228","834","241","806","301","821","300","779","356","791","399","764","440","761","281","899","342","909","429","959","453","990","485","974","50","485"
"NL-0094-05-07-2024-K13-8488.dw.png","235","482","244","518","159","575","229","570","325","563","184","676","163","752","185","727","238","763","248","720","299","752","349","740","387","745","193","828","248","856","314","936","327","972","364","964","105","363"
"NL-0094-05-07-2024-K13-8489.dw.png","225","569","243","594","182","678","243","650","330","613","230","760","229","839","242","808","300","823","302","794","363","803","407","781","449","781","277","902","337","914","422","967","449","1002","485","989","71","491"
"NL-0094-05-07-2024-K13-8490.dw.png","522","290","541","311","497","406","553","378","636","318","557","481","571","559","578","527","636","531","633","503","692","505","734","470","777","462","632","614","693","616","781","652","817","684","854","667","361","230"
"NL-0094-05-07-2024-K13-8491.dw.png","470","921","444","898","467","796","426","846","352","912","395","734","369","664","363","693","311","702","320","732","260","737","226","776","183","795","297","619","239","628","142","608","103","584","70","605","629","943"
"NL-0094-05-07-2024-K13-8492.dw.png","211","529","229","558","164","637","226","612","316","585","207","720","202","802","219","772","278","794","280","757","337","775","381","748","421","749","248","869","309","886","390","947","413","982","449","974","58","446"
"NL-0094-05-07-2024-K13-8493.dw.png","214","539","233","569","168","646","231","626","319","591","217","734","214","811","229","784","284","801","286","763","343","781","386","760","428","759","262","879","319","894","398","953","423","991","457","980","63","457"
"NL-0094-05-07-2024-K13-8494.dw.png","212","544","229","572","165","647","227","631","314","593","213","733","212","818","227","787","281","803","285","767","340","785","384","762","426","760","259","884","320","900","399","956","425","994","460","982","60","458"
"NL-0094-05-07-2024-K13-8495.dw.png","240","509","252","535","178","608","242","600","335","574","208","702","189","780","209","756","263","785","271","745","326","773","374","754","414","760","223","851","281","877","352","949","368","985","406","981","96","400"
"NL-0094-05-07-2024-K13-8496.dw.png","225","542","243","570","191","657","246","628","331","588","238","734","237","809","252","783","310","801","309","759","366","777","409","752","448","746","288","873","349","887","433","940","463","975","496","960","70","472"
"NL-0094-05-07-2024-K13-8497.dw.png","208","575","228","599","176","686","236","664","319","611","234","769","242","849","254","819","313","827","310","793","368","797","408","770","450","761","297","907","359","913","449","959","475","987","511","975","47","519"
"NL-0094-05-07-2024-K13-8498.dw.png","221","488","233","515","157","582","222","570","317","555","188","677","170","759","191","729","245","757","254","725","310","750","361","730","400","734","205","829","262","856","337","931","353","969","390","965","86","371"
"NL-0094-05-07-2024-K13-8499.dw.png","258","565","280","585","236","671","294","645","371","590","302","748","320","827","327","797","384","799","378","763","439","769","477","735","515","725","382","883","443","884","537","920","568","947","599","929","94","514"
"NL-0094-05-07-2024-K13-8500.dw.png","537","661","564","644","644","704","619","643","586","553","731","653","809","656","778","641","798","582","752","583","774","525","751","484","751","439","877","607","891","545","945","463","979","439","974","403","458","816"
"NL-0095-10-18-2024-K01-0350.dw.png","441","439","453","465","386","541","447","522","537","498","419","628","409","702","426","676","480","704","486","666","545","693","590","678","634","684","449","772","505","790","588","869","612","910","650","910","307","334"
"NL-0095-10-18-2024-K01-0351.dw.png","457","451","470","478","407","556","466","533","555","503","445","641","442","721","456","693","510","721","514","678","572","700","617","682","660","689","484","783","538","802","624","874","649","910","685","904","320","357"
"NL-0095-10-18-2024-K01-0352.dw.png","317","446","331","477","256","550","321","534","412","511","287","643","273","719","290","688","340","719","349","674","406","706","453","691","496","698","303","780","360","804","431","869","451","911","491","913","186","335"
"NL-0095-10-18-2024-K01-0353.dw.png","372","414","383","446","310","519","370","507","465","491","337","610","322","686","341","661","391","688","401","653","453","684","499","669","541","677","352","754","407","781","478","861","495","901","533","899","248","303"
"NL-0095-10-18-2024-K01-0354.dw.png","355","452","370","479","313","570","370","539","456","502","351","646","349","724","362","693","415","712","418","669","477","695","521","675","565","676","388","784","447","799","526","857","552","898","591","896","211","362"
"NL-0095-10-18-2024-K01-0355.dw.png","345","420","357","451","284","528","347","508","434","487","312","622","297","690","315","666","366","696","374","659","430","685","475","673","514","677","328","755","380","778","452","854","472","899","508","900","223","313"
"NL-0095-10-18-2024-K01-0356.dw.png","759","332","735","348","648","294","677","351","719","440","571","341","496","344","525","356","511","414","548","412","533","472","558","515","561","557","434","397","426","455","372","542","340","568","351","603","839","183"
"NL-0095-10-18-2024-K01-0357.dw.png","354","451","364","481","289","551","352","534","445","519","317","643","301","720","320","694","372","725","381","683","437","716","486","706","526","713","335","794","393","819","464","888","487","942","525","943","225","330"
"NL-0095-10-18-2024-K01-0358.dw.png","346","442","361","464","305","548","362","529","446","488","347","627","344","703","358","672","415","696","417","656","473","675","516","653","560","654","390","765","444","776","533","845","557","876","593","867","203","355"
"NL-0095-10-18-2024-K01-0359.dw.png","356","446","370","475","302","549","363","535","457","506","338","641","329","718","346","690","400","716","405","681","462","703","508","684","549","691","364","781","423","807","502","878","524","914","561","910","221","343"
"NL-0095-10-18-2024-K01-0360.dw.png","448","478","479","467","547","537","533","476","512","383","641","506","712","518","687","501","719","449","676","441","706","387","689","339","695","299","781","484","808","426","885","350","921","332","915","295","342","608"
"NL-0095-10-18-2024-K01-0361.dw.png","454","444","465","469","396","546","455","537","545","503","425","636","413","706","431","683","482","715","489","676","543","702","589","688","629","697","447","776","502","803","576","877","597","919","632","918","329","337"
"NL-0095-10-18-2024-K01-0362.dw.png","383","422","391","454","313","514","373","512","472","502","333","612","311","681","331","658","380","698","393","661","444","691","493","682","531","693","337","752","389","790","455","871","469","908","505","914","264","295"
"NL-0095-10-18-2024-K01-0363.dw.png","427","557","459","546","529","624","513","560","497","470","628","598","693","617","671","596","704","545","669","534","696","483","684","432","690","395","763","584","792","532","871","460","911","443","911","407","308","684"
"NL-0095-10-18-2024-K01-0364.dw.png","397","433","410","465","339","530","404","521","493","501","377","628","368","706","384","678","437","701","442","665","494","689","540","675","580","681","402","767","460","788","531","856","553","897","589","894","265","331"
"NL-0095-10-18-2024-K01-0365.dw.png","378","427","388","457","317","528","377","514","470","493","346","615","333","693","350","664","399","695","407","658","461","685","505","672","547","679","366","757","416","781","490","858","509","898","546","895","249","319"
"NL-0095-10-18-2024-K01-0366.dw.png","357","439","369","464","304","548","364","522","454","495","338","638","328","704","343","678","400","706","404","661","463","689","511","671","551","675","367","772","424","791","507","858","526","890","563","886","221","336"
"NL-0095-10-18-2024-K01-0367.dw.png","321","448","335","476","269","555","329","532","416","508","302","639","293","713","308","684","362","709","366","668","423","695","469","680","509","685","332","777","389","799","462","862","480","895","515","889","184","353"
"NL-0095-10-18-2024-K01-0368.dw.png","355","452","367","478","297","554","359","541","448","510","332","646","322","718","337","692","391","722","397","684","451","712","498","695","536","697","359","788","413","808","488","883","509","923","544","925","218","343"
"NL-0095-10-18-2024-K01-0369.dw.png","367","424","375","454","298","525","359","511","455","502","318","616","299","689","319","663","367","697","378","659","430","691","477","681","516","691","326","760","380","787","443","864","461","908","497","909","250","303"
"NL-0095-10-18-2024-K01-0370.dw.png","408","424","430","443","401","547","447","505","520","440","464","614","484","685","489","655","553","663","540","619","607","622","646","586","683","575","549","735","611","733","721","770","749","791","780","770","248","379"
"NL-0095-10-18-2024-K01-0371.dw.png","370","449","391","469","358","567","405","524","479","471","419","634","438","711","441","676","502","684","494","645","555","652","591","621","635","611","494","757","556","758","659","800","694","829","728","814","211","403"
"NL-0095-10-18-2024-K01-0372.dw.png","322","457","332","486","260","558","322","542","410","526","286","651","270","719","289","694","342","724","350","692","404","715","449","704","488","708","303","786","357","811","431","887","448","926","482","929","198","349"
"NL-0095-10-18-2024-K01-0373.dw.png","319","452","338","478","287","567","343","538","428","497","340","649","347","725","357","693","413","705","412","670","471","685","511","661","551","656","399","784","458","791","544","845","576","884","609","872","170","381"
"NL-0095-10-18-2024-K01-0374.dw.png","351","456","367","483","304","558","365","541","452","510","349","648","347","727","362","695","415","714","418","680","473","702","515","680","559","682","390","787","449","800","526","860","552","899","588","892","209","371"
"NL-0095-10-18-2024-K01-0375.dw.png","324","465","342","487","290","574","347","544","425","501","341","656","346","728","356","701","418","718","415","679","474","690","516","663","555","657","392","783","455","793","546","844","573","877","608","870","171","389"
"NL-0095-10-18-2024-K01-0378.dw.png","334","425","345","451","277","529","337","505","429","486","307","614","295","686","313","661","367","691","373","649","428","678","475","661","517","667","327","751","389","778","464","848","485","888","523","887","198","315"
"NL-0095-10-18-2024-K01-0379.dw.png","315","460","328","482","268","573","328","549","422","511","313","660","307","733","322","702","383","732","382","683","443","704","488","683","533","684","354","796","417","812","505","878","529","914","566","902","166","367"
"NL-0095-10-18-2024-K01-0380.dw.png","361","436","376","460","317","538","377","516","464","484","363","625","363","703","378","674","435","691","435","661","492","673","533","648","577","649","411","766","470","777","553","837","582","874","618","864","216","345"
"NL-0095-10-18-2024-K01-0381.dw.png","330","443","344","469","282","552","340","534","434","503","317","635","307","702","324","675","381","706","387","667","444","690","489","671","530","674","351","772","409","793","487","857","507","889","546","890","186","348"
"NL-0096-10-18-2024-K02-0386.dw.png","425","439","445","460","400","547","454","512","531","458","459","623","470","692","476","659","543","682","532","633","593","645","632","610","678","603","526","742","590","748","685","792","715","820","753","806","268","387"
"NL-0096-10-18-2024-K02-0387.dw.png","437","437","454","466","399","543","455","523","542","488","445","629","450","711","459","678","516","698","517","660","574","682","617","658","664","660","494","771","552","786","642","848","673","886","710","877","294","353"
"NL-0096-10-18-2024-K02-0388.dw.png","328","485","349","514","295","596","355","571","438","522","353","685","358","756","365","724","434","747","427","697","488","715","530","686","575","683","413","819","477","826","565","881","593","911","629","897","165","418"
"NL-0096-10-18-2024-K02-0389.dw.png","320","448","344","477","304","570","355","533","431","481","365","644","377","710","384","679","448","695","439","653","499","663","535","631","580","621","439","763","501","769","595","808","628","838","661","822","156","404"
"NL-0096-10-18-2024-K02-0390.dw.png","362","457","378","485","319","570","377","538","471","507","364","657","361","725","374","698","437","727","435","677","496","701","543","680","588","682","410","793","475","810","565","873","592","907","630","899","209","365"
"NL-0096-10-18-2024-K02-0391.dw.png","347","457","364","488","304","559","363","544","450","514","351","646","353","729","366","698","422","719","422","687","479","705","523","682","568","680","403","796","459","808","547","868","575","905","611","891","199","370"
"NL-0096-10-18-2024-K02-0392.dw.png","348","497","364","522","311","609","365","580","452","544","350","685","350","762","363","732","419","751","420","710","477","734","521","711","566","709","397","825","454","837","542","904","564","935","602","923","200","420"
"NL-0096-10-18-2024-K02-0393.dw.png","332","473","348","501","293","583","349","558","434","522","334","665","334","745","345","709","400","729","400","693","461","718","503","693","546","692","380","807","436","820","515","877","545","922","580","916","186","393"
"NL-0096-10-18-2024-K02-0394.dw.png","332","466","349","496","294","578","349","553","436","512","338","656","337","733","350","702","410","730","408","687","466","709","508","686","552","684","389","799","444","812","530","873","559","915","595","910","176","386"
"NL-0096-10-18-2024-K02-0395.dw.png","341","465","357","499","295","578","353","557","441","523","335","661","329","734","344","706","403","735","405","694","460","713","503","691","549","693","375","801","436","822","515","883","538","916","574","910","195","378"
"NL-0096-10-18-2024-K02-0396.dw.png","370","466","388","490","349","581","396","546","473","506","400","652","407","726","418","697","473","704","470","668","529","687","566","657","608","649","462","781","526","791","614","836","646","869","679","855","219","398"
"NL-0096-10-18-2024-K02-0397.dw.png","353","478","376","493","365","593","404","548","464","475","438","645","473","714","471","684","533","682","515","644","575","637","605","597","643","577","539","751","602","741","702","758","744","780","775","758","186","461"
"NL-0096-10-18-2024-K02-0398.dw.png","537","628","556","605","653","633","611","588","551","514","719","564","782","548","753","543","766","473","718","491","720","429","686","394","672","354","833","481","830","417","864","314","885","285","867","251","494","800"
"NL-0096-10-18-2024-K02-0399.dw.png","441","561","466","545","545","598","527","543","485","457","620","556","703","554","673","540","691","486","656","485","674","427","650","382","651","337","760","510","778","448","840","360","869","338","864","299","352","710"
"NL-0096-10-18-2024-K02-0400.dw.png","325","428","344","456","300","553","351","513","433","469","351","626","357","698","366","665","426","687","421","642","480","655","519","628","566","627","409","753","470","763","560","810","587","841","621","826","171","366"
"NL-0096-10-18-2024-K02-0401.dw.png","342","443","357","473","293","549","355","519","444","495","337","641","329","706","344","676","405","712","404","659","460","684","504","662","551","664","371","767","434","786","514","850","538","883","575","876","193","357"
"NL-0096-10-18-2024-K02-0402.dw.png","329","453","344","480","287","560","344","536","436","502","329","645","329","718","341","689","398","713","398","673","456","695","497","670","538","670","373","780","433","797","515","857","539","897","574","890","182","364"
"NL-0096-10-18-2024-K02-0403.dw.png","313","493","326","516","263","596","323","576","412","546","302","678","300","760","313","729","372","749","374","718","431","740","475","717","518","719","340","820","406","842","486","906","511","944","547","932","164","394"
"NL-0096-10-18-2024-K02-0404.dw.png","315","454","331","486","267","567","328","541","419","514","307","654","302","726","318","698","377","729","380","687","435","707","481","687","527","691","350","796","408","817","493","886","514","919","551","911","168","372"
"NL-0096-10-18-2024-K02-0405.dw.png","295","488","313","516","261","597","316","573","400","532","308","677","313","754","323","722","384","743","382","702","438","723","477","696","521","691","365","816","425","826","503","878","535","920","570","910","137","411"
"NL-0096-10-18-2024-K02-0406.dw.png","389","451","407","472","374","575","420","528","496","472","429","637","445","716","451","683","511","686","503","648","565","655","603","623","645","612","502","762","564","763","664","805","698","835","731","818","228","404"
"NL-0096-10-18-2024-K02-0407.dw.png","409","447","427","470","389","567","435","523","513","479","441","637","450","707","458","677","516","687","511","653","571","668","609","636","652","629","508","764","566","769","656","816","692","853","726","841","255","389"
"NL-0096-10-18-2024-K02-0408.dw.png","724","316","695","333","618","275","638","335","677","419","534","323","455","324","487","337","468","395","504","395","484","453","508","498","512","541","389","376","378","431","319","520","284","548","297","584","811","164"
"NL-0096-10-18-2024-K02-0409.dw.png","333","476","350","505","297","591","352","561","434","523","341","670","341","746","352","717","409","735","408","692","467","719","509","696","554","695","388","808","448","822","529","878","557","919","594","913","180","402"
"NL-0096-10-18-2024-K02-0411.dw.png","364","427","381","454","327","539","382","514","465","473","369","611","368","687","381","655","443","685","440","643","499","656","541","630","584","629","418","749","476","759","562","815","588","847","623","832","217","346"
"NL-0096-10-18-2024-K02-0412.dw.png","353","453","369","483","311","561","368","530","453","500","353","642","353","721","365","688","423","716","423","674","481","701","524","677","565","675","400","786","457","801","537","863","565","907","600","899","200","373"
"NL-0096-10-18-2024-K02-0413.dw.png","329","485","344","514","287","599","343","569","436","540","328","684","323","754","336","725","398","757","397","703","456","730","502","712","549","715","369","823","429","839","516","905","539","938","578","929","178","390"
"NL-0096-10-18-2024-K02-0414.dw.png","344","455","358","486","291","556","352","544","437","510","325","645","313","717","330","691","384","716","389","681","446","704","491","684","532","684","350","778","407","803","488","874","508","909","547","904","209","358"
"NL-0096-10-18-2024-K02-0415.dw.png","324","462","335","490","265","566","323","546","416","529","290","647","273","727","293","699","343","727","353","692","406","722","450","709","494","718","306","797","360","826","436","909","452","945","489","944","193","351"
"NL-0096-10-18-2024-K02-0416.dw.png","278","470","292","502","229","574","288","556","377","531","268","659","261","739","278","708","332","736","335","698","393","724","437","703","482","703","308","810","365","828","446","891","469","930","506","924","133","372"
"NL-0097-10-18-2024-K03-0420.dw.png","277","523","303","542","286","632","325","589","389","524","355","682","389","755","387","720","447","721","431","679","488","677","516","640","556","622","458","791","513","781","609","799","652","820","679","798","110","507"
"NL-0097-10-18-2024-K03-0421.dw.png","288","459","313","477","290","574","335","534","402","467","360","640","380","705","383","674","443","680","429","636","487","634","522","602","562","592","441","746","497","741","592","767","628","792","659","774","121","423"
"NL-0097-10-18-2024-K03-0422.dw.png","287","477","310","496","286","591","330","549","396","486","352","655","370","719","374","690","432","694","422","651","480","654","514","623","552","613","434","765","486","758","581","787","617","812","645","795","129","437"
"NL-0097-10-18-2024-K03-0423.dw.png","290","459","310","480","281","578","324","539","401","486","336","644","352","718","357","685","413","689","408","655","466","658","502","629","545","619","407","766","461","768","562","808","596","837","629","820","129","402"
"NL-0097-10-18-2024-K03-0424.dw.png","314","489","331","512","285","602","337","570","424","529","335","680","340","753","349","722","408","743","405","694","463","712","505","685","548","684","388","812","448","820","539","874","568","909","603","900","160","419"
"NL-0097-10-18-2024-K03-0425.dw.png","330","470","347","496","298","576","349","547","436","516","344","649","348","729","359","697","413","714","412","675","470","693","510","667","553","667","397","788","450","794","539","850","568","886","602","874","184","396"
"NL-0097-10-18-2024-K03-0426.dw.png","355","463","375","488","334","577","383","541","463","496","385","647","394","722","401","689","458","696","457","666","514","675","552","650","597","644","446","775","503","781","593","828","622","857","654","841","203","394"
"NL-0097-10-18-2024-K03-0427.dw.png","319","470","340","495","296","576","346","544","423","500","348","643","359","719","368","689","424","702","421","667","476","676","514","649","555","643","413","775","470","781","558","826","590","860","622","843","167","413"
"NL-0097-10-18-2024-K03-0428.dw.png","332","469","350","491","305","577","354","547","434","502","351","649","359","725","367","694","422","706","422","668","478","681","518","655","560","653","407","777","459","783","550","833","584","871","619","859","180","396"
"NL-0097-10-18-2024-K03-0429.dw.png","763","331","746","353","647","329","689","373","752","442","583","392","514","411","544","416","540","475","584","465","580","524","608","559","620","602","467","474","471","528","439","626","414","661","431","692","802","169"
"NL-0097-10-18-2024-K03-0430.dw.png","345","457","371","480","347","576","389","532","461","477","416","639","441","708","443","679","498","673","490","644","548","639","580","603","617","589","508","751","562","745","659","771","694","794","721","774","188","427"
"NL-0097-10-18-2024-K03-0431.dw.png","460","545","479","523","578","539","534","502","472","427","638","471","705","448","674","445","673","391","641","400","635","341","599","310","583","268","746","386","740","330","769","223","796","183","775","155","443","703"
"NL-0097-10-18-2024-K03-0432.dw.png","376","434","400","459","367","551","413","515","484","457","425","612","443","685","446","653","506","662","496","622","555","628","592","598","635","588","508","737","566","737","655","768","690","796","721","780","218","392"
"NL-0097-10-18-2024-K03-0433.dw.png","436","585","457","563","551","601","512","554","463","473","620","543","696","527","664","521","672","461","637","466","645","405","613","368","603","326","746","470","749","409","787","316","818","281","803","246","381","743"
"NL-0097-10-18-2024-K03-0434.dw.png","282","502","307","518","291","619","332","575","397","507","360","676","389","746","389","711","444","706","433","671","490","668","522","631","563","616","454","786","514","776","609","794","647","815","676","794","113","471"
"NL-0097-10-18-2024-K03-0435.dw.png","270","514","292","533","260","627","306","589","386","533","323","693","343","766","347","733","401","736","395","704","452","704","488","671","530","661","404","814","459","810","557","847","591","874","623","857","110","478"
"NL-0097-10-18-2024-K03-0436.dw.png","315","483","332","508","286","592","338","563","421","522","336","669","344","745","353","715","404","723","406","691","462","702","501","675","545","672","395","803","446","809","533","856","568","894","602","881","165","415"
"NL-0097-10-18-2024-K03-0437.dw.png","330","471","353","493","326","590","367","542","440","490","389","658","407","727","409","694","464","690","458","660","518","661","553","629","594","618","464","772","521","768","621","801","652","826","682","806","170","426"
"NL-0097-10-18-2024-K03-0438.dw.png","323","469","346","490","310","583","359","542","441","490","376","652","397","727","400","695","459","695","455","671","517","668","553","634","595","623","454","774","518","773","615","806","654","836","688","819","161","416"
"NL-0097-10-18-2024-K03-0439.dw.png","317","454","336","476","294","572","345","536","425","489","346","650","352","719","361","688","415","701","415","664","473","673","515","651","555","648","404","772","455","778","545","826","573","855","608","845","167","388"
"NL-0097-10-18-2024-K03-0440.dw.png","372","450","394","469","372","567","412","525","482","464","436","629","455","694","458","664","514","667","507","634","562","630","595","596","636","586","514","738","573","735","675","770","709","794","739","775","215","412"
"NL-0097-10-18-2024-K03-0441.dw.png","419","443","440","465","402","565","449","519","533","475","458","633","471","704","479","675","539","683","534","644","592","650","632","622","678","617","533","760","591","761","692","804","726","833","763","822","258","385"
"NL-0097-10-18-2024-K03-0442.dw.png","278","448","299","468","270","567","314","521","390","473","331","637","344","707","351","678","409","686","402","646","461","655","498","623","536","614","404","757","457","759","554","798","581","823","613","809","118","401"
"NL-0097-10-18-2024-K03-0443.dw.png","285","489","305","508","274","600","318","560","392","508","332","664","350","740","354","706","412","714","405","671","462","676","499","645","539","636","410","788","465","784","558","817","599","850","629","831","121","438"
"NL-0097-10-18-2024-K03-0444.dw.png","305","526","334","542","333","638","364","590","418","517","404","679","442","746","439","714","495","706","476","671","534","661","557","621","593","599","514","776","565","760","668","770","710","789","738","766","146","531"
"NL-0097-10-18-2024-K03-0445.dw.png","266","503","293","519","284","619","321","570","379","500","359","673","387","734","386","706","448","703","429","662","485","655","516","620","553","602","458","771","510","759","613","776","650","795","676","773","100","486"
"NL-0097-10-18-2024-K03-0446.dw.png","290","492","315","512","283","605","330","559","405","511","350","670","372","740","376","710","435","709","430","681","488","677","524","646","563","633","437","786","495","781","590","810","629","836","662","818","125","446"
"NL-0097-10-18-2024-K03-0447.dw.png","278","484","301","501","276","591","319","546","392","489","351","654","380","724","380","691","438","686","430","657","489","650","519","612","558","595","445","762","506","753","601","771","642","794","670","773","109","461"
"NL-0097-10-18-2024-K03-0448.dw.png","275","483","300","499","283","602","323","553","386","487","351","659","374","723","376","694","436","697","420","652","482","650","512","617","551","605","441","764","492","755","588","775","624","796","654","777","111","457"
"NL-0097-10-18-2024-K03-0449.dw.png","332","472","353","496","318","584","365","552","442","500","374","652","391","731","396","697","450","697","447","667","506","673","544","643","587","636","446","778","503","780","603","821","635","849","666","832","179","413"
"NL-0098-10-18-2024-K04-0454.dw.png","350","451","373","467","351","569","391","518","462","459","419","633","444","707","446","673","500","670","491","632","556","634","594","605","635","588","502","747","566","743","674","776","712","802","746","784","189","426"
"NL-0098-10-18-2024-K04-0455.dw.png","377","465","398","483","368","575","413","537","485","481","428","642","445","715","450","682","502","684","495","649","556","652","595","624","635","610","499","758","558","760","660","797","699","828","733","811","222","416"
"NL-0098-10-18-2024-K04-0458.dw.png","293","478","313","496","284","589","328","550","401","495","344","655","361","730","366","697","419","698","412","663","473","666","512","637","551","624","414","772","474","773","575","809","613","839","645","822","131","427"
"NL-0098-10-18-2024-K04-0459.dw.png","241","554","265","574","232","674","277","626","359","574","292","736","313","817","319","785","383","795","372","749","435","753","472","721","512","708","371","865","437","868","543","907","582","939","613","921","74","507"
"NL-0098-10-18-2024-K04-0460.dw.png","287","507","307","525","271","619","319","581","399","530","330","689","347","767","355","738","411","746","406","706","468","713","509","685","551","671","407","823","468","829","572","874","609","910","641","894","128","449"
"NL-0098-10-18-2024-K04-0461.dw.png","297","475","315","492","281","588","328","551","405","501","335","660","348","734","354","699","413","712","405","670","468","679","507","651","549","641","402","784","464","788","559","828","595","862","630","846","138","421"
"NL-0098-10-18-2024-K04-0462.dw.png","323","514","343","535","309","627","355","590","431","541","363","696","377","769","382","736","440","745","434","709","494","715","532","684","572","672","432","820","491","820","587","862","623","893","656","874","170","456"
"NL-0098-10-18-2024-K04-0463.dw.png","314","516","337","535","302","625","351","591","426","533","364","694","388","776","394","744","451","747","442","706","505","712","545","682","586","670","448","823","513","827","623","870","660","901","691","882","152","466"
"NL-0098-10-18-2024-K04-0464.dw.png","332","472","353","504","306","593","356","552","444","511","353","668","359","744","368","711","428","729","425","679","482","699","523","675","569","671","406","798","468","809","559","861","590","897","625","883","175","402"
"NL-0098-10-18-2024-K04-0465.dw.png","270","526","292","546","255","642","304","602","382","550","315","709","332","790","340","759","402","769","393","724","457","729","496","702","537","689","396","842","458","845","563","889","602","924","635","909","102","470"
"NL-0098-10-18-2024-K04-0466.dw.png","267","526","290","546","253","642","302","602","380","550","314","710","332","792","338","760","401","770","393","725","457","731","496","703","537","690","393","844","458","848","563","892","602","928","636","912","101","469"
"NL-0098-10-18-2024-K04-0467.dw.png","350","525","371","546","331","642","383","602","465","551","391","717","404","790","412","758","470","765","464","727","524","733","563","704","604","699","455","840","524","847","617","893","647","920","678","901","191","479"
"NL-0098-10-18-2024-K04-0468.dw.png","353","455","371","483","323","569","377","537","464","496","373","649","377","727","388","695","441","705","440","663","497","684","542","661","585","660","420","777","481","790","575","847","605","885","641","872","202","389"
"NL-0098-10-18-2024-K04-0469.dw.png","275","529","296","549","263","642","309","602","384","551","321","708","338","784","343","750","400","759","390","716","450","723","490","697","527","683","396","833","452","831","543","866","586","902","617","885","112","484"
"NL-0098-10-18-2024-K04-0470.dw.png","713","291","695","311","597","277","636","326","693","404","523","340","450","355","484","362","477","421","517","413","509","474","543","511","551","554","402","414","402","476","364","574","332","611","354","642","758","124"
"NL-0098-10-18-2024-K04-0471.dw.png","272","540","297","556","274","658","317","610","386","545","342","717","371","793","372","760","437","763","423","721","485","714","518","681","559","662","438","836","500","831","615","862","652","886","682","867","103","511"
"NL-0098-10-18-2024-K04-0472.dw.png","287","496","310","517","279","616","326","574","404","517","341","683","357","759","364","725","423","732","414","691","476","698","515","668","557","657","416","808","477","807","578","849","616","880","647","859","123","451"
"NL-0098-10-18-2024-K04-0473.dw.png","243","462","267","483","230","581","280","535","361","484","297","654","317","733","321","700","386","713","375","668","436","671","473","641","516","627","376","783","437","784","539","825","575","857","606","838","75","415"
"NL-0098-10-18-2024-K04-0474.dw.png","299","490","320","511","284","605","332","570","411","511","343","679","355","752","362","722","421","729","413","688","472","693","512","664","555","656","410","804","473","806","569","852","600","881","633","864","136","438"
"NL-0098-10-18-2024-K04-0475.dw.png","265","518","288","538","258","634","301","586","377","540","316","698","332","773","337","738","398","748","388","709","448","710","486","679","524","665","393","822","451","819","545","853","583","885","616","866","105","473"
"NL-0098-10-18-2024-K04-0476.dw.png","261","469","277","492","220","578","276","551","366","522","260","658","259","743","273","711","329","735","332","688","390","713","437","699","479","697","303","806","365","826","455","898","481","939","515","929","115","373"
"NL-0098-10-18-2024-K04-0477.dw.png","242","528","266","548","233","642","279","601","355","551","295","711","311","786","316","753","374","761","365","724","424","724","461","694","499","682","368","831","425","829","518","865","557","899","588","880","83","487"
"NL-0098-10-18-2024-K04-0478.dw.png","273","512","295","534","256","623","308","589","385","538","320","699","336","772","342","740","398","745","391","709","449","713","486","683","527","676","392","821","452","821","545","858","580","886","609","864","115","470"
"NL-0098-10-18-2024-K04-0479.dw.png","299","460","321","479","293","574","338","541","412","478","354","640","379","720","380","684","440","691","431","652","493","654","529","620","571","609","443","766","500","764","610","801","648","830","679","811","137","413"
"NL-0098-10-18-2024-K04-0480.dw.png","322","414","339","436","294","526","347","499","433","450","346","603","356","682","363","649","419","660","417","623","476","636","519","612","563","609","404","735","466","744","558","797","588","829","622","813","166","346"
"NL-0098-10-18-2024-K04-0481.dw.png","304","457","328","478","299","573","343","533","421","477","364","644","383","717","389","684","442","686","433","650","491","654","530","623","573","612","438","760","497","757","597","796","633","825","662","808","144","417"
"NL-0098-10-18-2024-K04-0482.dw.png","284","423","307","445","272","540","321","499","399","442","336","613","352","684","357","652","416","659","405","613","467","623","506","593","547","583","406","730","470","733","568","770","603","799","632","779","117","381"
"NL-0098-10-18-2024-K04-0483.dw.png","305","448","325","469","291","567","339","529","419","475","350","643","360","715","370","685","426","691","419","651","477","661","518","632","559","624","416","766","478","770","571","811","607","845","639","827","144","403"
"NL-0098-10-18-2024-K04-0484.dw.png","472","590","496","569","587","610","549","560","500","476","665","552","739","542","707","534","716","478","672","483","688","422","663","381","655","337","790","488","799","425","845","331","879","298","862","266","412","749"
"NL-0098-10-18-2024-K04-0485.dw.png","740","328","719","345","624","307","662","354","707","437","548","360","479","368","509","378","497","433","535","430","521","487","548","527","554","570","424","419","416","479","365","573","336","603","352","636","797","173"
"NL-0099-10-18-2024-K05-0517.dw.png","284","440","308","461","282","563","327","517","398","461","344","629","364","701","366","666","425","666","416","632","479","637","519","603","561","592","426","747","482","742","589","778","620","801","652","781","122","396"
"NL-0099-10-18-2024-K05-0518.dw.png","787","303","765","327","664","292","708","341","765","419","595","356","524","370","554","377","547","437","594","428","581","490","615","530","625","573","475","434","473","488","434","590","406","624","427","656","836","136"
"NL-0099-10-18-2024-K05-0519.dw.png","310","529","332","549","294","639","346","604","417","549","356","711","371","784","379","754","436","760","427","720","486","722","522","690","560","679","431","832","491","831","577","862","613","892","644","874","152","489"
"NL-0099-10-18-2024-K05-0520.dw.png","309","486","335","504","317","600","355","555","421","489","382","655","411","729","411","696","468","693","455","656","514","654","546","617","586","601","478","768","535","759","635","783","674","806","701","784","150","467"
"NL-0099-10-18-2024-K05-0521.dw.png","299","484","323","506","294","602","338","562","409","502","350","662","370","739","374","707","432","712","422","669","485","678","525","646","566","636","430","787","486","785","590","821","623","848","653","827","137","439"
"NL-0099-10-18-2024-K05-0522.dw.png","465","571","488","549","587","585","544","539","495","461","654","531","732","514","697","511","708","454","669","461","677","400","646","361","638","318","781","461","785","404","827","307","856","275","836","244","411","725"
"NL-0099-10-18-2024-K05-0523.dw.png","327","473","346","492","310","592","359","549","440","502","370","667","383","737","388","704","448","713","439","673","500","676","542","647","587","642","436","787","500","791","598","834","630","864","665","844","165","413"
"NL-0099-10-18-2024-K05-0524.dw.png","749","290","725","311","629","272","671","321","716","401","560","326","487","337","518","346","508","403","544","400","537","459","568","501","574","543","436","393","431","454","390","550","357","584","371","617","805","133"
"NL-0099-10-18-2024-K05-0526.dw.png","315","470","334","488","304","588","352","548","421","487","368","652","383","720","388","689","447","696","436","658","497","661","533","626","571","616","443","768","499","765","598","799","632","827","663","808","158","425"
"NL-0099-10-18-2024-K05-0527.dw.png","557","581","575","563","668","600","632","550","581","479","740","542","808","533","777","524","782","470","750","475","756","416","724","379","716","342","859","477","859","422","903","324","933","291","917","260","501","730"
"NL-0099-10-18-2024-K05-0528.dw.png","288","484","309","501","289","608","329","555","404","500","353","669","371","736","376","705","434","706","422","664","484","669","521","634","563","625","437","780","491","775","593","805","629","834","661","813","126","447"
"NL-0099-10-18-2024-K05-0529.dw.png","513","619","531","595","626","615","583","574","520","511","680","554","750","530","719","526","721","466","684","479","683","417","647","386","632","347","793","463","784","407","809","307","830","273","806","246","485","784"
"NL-0099-10-18-2024-K05-0530.dw.png","377","482","399","499","374","600","415","554","490","496","431","659","452","737","456","703","515","707","505","668","568","673","606","641","646","628","515","785","573","783","682","823","716","850","748","828","218","443"
"NL-0099-10-18-2024-K05-0531.dw.png","686","344","669","366","572","341","615","384","674","454","513","404","441","427","473","430","469","492","505","481","508","536","545","571","554","611","395","493","399","552","371","649","350","681","374","709","723","183"
"NL-0099-10-18-2024-K05-0532.dw.png","315","481","335","503","300","591","347","554","425","502","356","656","369","729","377","698","437","705","428","667","491","672","528","640","571","631","427","777","488","775","585","814","616","841","646","818","152","439"
"NL-0099-10-18-2024-K05-0533.dw.png","754","332","731","352","638","308","675","359","716","441","560","363","488","371","517","381","507","435","548","431","533","491","560","535","563","579","434","426","430","481","380","581","349","613","370","644","826","187"
"NL-0099-10-18-2024-K05-0534.dw.png","301","486","323","514","276","599","330","572","412","525","332","679","343","759","353","727","408","736","405","699","465","709","505","683","546","678","393","810","453","818","540","861","575","900","607","886","147","422"
"NL-0099-10-18-2024-K05-0535.dw.png","678","293","657","314","562","280","598","329","648","407","486","344","411","357","446","363","439","421","470","416","468","478","496","518","506","557","362","410","359","473","319","567","287","603","303","635","719","136"
"NL-0099-10-18-2024-K05-0536.dw.png","279","497","300","514","273","613","317","569","391","513","335","677","356","750","358","717","420","723","410","688","470","687","505","652","545","641","416","797","474","795","575","827","609","854","640","836","116","451"
"NL-0099-10-18-2024-K05-0537.dw.png","287","525","311","545","279","640","325","600","397","540","342","704","363","775","364","744","430","750","416","708","480","711","517","676","557","662","425","821","485","818","584","848","620","875","653","853","119","479"
"NL-0099-10-18-2024-K05-0538.dw.png","290","532","316","553","288","650","332","605","406","547","352","718","373","791","375","758","434","761","423","716","485","726","524","694","563","683","432","836","490","835","599","878","632","903","661","882","130","499"
"NL-0099-10-18-2024-K05-0539.dw.png","335","439","351","463","301","552","355","513","439","480","349","625","354","702","363","669","417","684","416","645","477","665","518","639","560","637","403","757","458","764","550","820","579","850","611","839","185","360"
"NL-0099-10-18-2024-K05-0540.dw.png","645","294","629","319","526","301","575","343","643","402","466","375","398","401","431","401","431","462","472","444","475","510","515","540","531","577","356","474","367","528","347","630","325","668","345","696","668","130"
"NL-0099-10-18-2024-K05-0541.dw.png","318","521","340","543","305","637","352","592","430","543","365","701","385","776","391","746","454","755","443","710","505","715","542","681","583","671","448","825","509","822","608","856","642","884","673","865","156","476"
"NL-0099-10-18-2024-K05-0542.dw.png","307","472","328","490","299","587","342","548","411","487","357","647","377","720","380","687","439","694","430","661","488","661","524","627","563","619","436","764","491","762","588","798","622","825","652","808","151","423"
"NL-0099-10-18-2024-K05-0543.dw.png","317","527","339","547","309","642","355","603","429","549","376","716","398","790","398","754","453","752","451","730","512","727","549","695","589","681","455","836","509","833","612","870","651","901","682","884","161","492"
"NL-0099-10-18-2024-K05-0544.dw.png","494","596","516","575","610","615","575","564","523","489","683","557","757","548","726","538","738","480","701","484","709","427","675","388","669","348","813","487","816","432","860","335","889","304","874","271","433","749"
"NL-0099-10-18-2024-K05-0545.dw.png","594","752","575","728","617","631","568","671","485","717","569","563","562","491","553","519","493","503","498","541","439","530","396","559","355","562","511","436","453","425","359","375","332","346","298","358","746","825"
"NL-0100-10-18-2024-K06-0547.dw.png","492","616","519","594","605","641","576","588","529","508","684","587","752","585","721","575","731","520","702","519","713","462","686","420","680","378","809","532","816","475","869","381","902","350","891","318","434","760"
"NL-0100-10-18-2024-K06-0548.dw.png","506","606","528","586","611","634","586","578","540","501","688","578","757","569","726","561","743","504","706","508","716","450","685","410","679","370","811","515","818","461","864","365","893","335","878","303","445","754"
"NL-0100-10-18-2024-K06-0549.dw.png","258","508","279","532","233","619","286","584","371","547","290","698","295","762","305","734","359","746","360","718","416","726","460","696","500","691","349","821","402","825","503","884","530","916","563","907","107","447"
"NL-0100-10-18-2024-K06-0550.dw.png","308","475","332","496","301","590","350","554","422","493","371","660","388","724","394","695","449","698","443","664","500","666","535","632","576","620","451","771","506","768","610","808","644","833","676","814","151","442"
"NL-0100-10-18-2024-K06-0551.dw.png","701","264","678","292","587","260","624","309","684","380","519","332","451","354","483","356","484","412","513","406","515","461","550","496","563","537","408","417","413","473","385","574","356","616","375","643","729","107"
"NL-0100-10-18-2024-K06-0552.dw.png","289","491","313","512","279","603","328","566","400","510","346","673","363","740","366","706","426","715","418","680","476","684","510","645","550","634","423","787","481","786","582","822","616","847","648","829","134","449"
"NL-0100-10-18-2024-K06-0553.dw.png","618","745","594","721","630","625","582","664","509","722","570","559","558","493","551","523","495","520","499","550","439","548","404","578","363","588","496","444","440","444","348","407","308","373","277","390","777","788"
"NL-0100-10-18-2024-K06-0554.dw.png","293","498","320","520","293","613","339","572","407","509","367","681","388","746","390","714","448","716","436","676","495","676","530","640","571","625","455","788","508","779","616","809","653","834","683","814","130","478"
"NL-0100-10-18-2024-K06-0555.dw.png","530","635","550","606","645","637","603","585","537","518","706","563","773","537","743","534","742","473","710","482","703","424","665","391","649","351","815","468","810","412","833","308","857","266","835","239","512","804"
"NL-0100-10-18-2024-K06-0556.dw.png","242","552","269","571","241","668","288","624","358","565","312","733","332","798","336","768","394","763","386","733","445","728","480","693","519","676","397","841","455","837","554","863","592","888","623","868","77","531"
"NL-0100-10-18-2024-K06-0557.dw.png","275","433","297","459","251","551","306","521","388","469","306","628","314","699","326","668","380","676","379","647","436","652","475","622","520","618","369","753","430","757","517","804","548","835","582","825","121","381"
"NL-0100-10-18-2024-K06-0558.dw.png","499","596","522","575","618","619","588","563","533","483","697","557","765","548","733","540","738","484","712","486","717","424","687","384","681","340","822","488","823","426","869","333","903","298","889","264","452","752"
"NL-0100-10-18-2024-K06-0559.dw.png","294","526","322","544","296","639","342","594","412","530","374","703","401","769","402","738","457","731","443","693","503","691","538","653","579","640","469","808","524","797","634","823","672","848","701","826","132","508"
"NL-0100-10-18-2024-K06-0560.dw.png","251","474","278","498","246","594","297","557","374","492","315","661","334","729","338","698","400","699","395","667","453","665","489","630","531","614","399","776","460","770","562","803","599","829","630","811","83","439"
"NL-0100-10-18-2024-K06-0561.dw.png","744","243","726","267","633","236","677","283","732","358","564","314","500","335","533","337","530","395","564","386","567","442","601","474","617","517","461","396","467","453","438","556","408","596","423","629","777","76"
"NL-0100-10-18-2024-K06-0562.dw.png","278","519","309","533","300","624","338","580","389","505","385","670","416","726","414","696","468","686","448","653","503","640","526","598","563","575","488","751","540","734","641","738","678","752","705","728","125","531"
"NL-0100-10-18-2024-K06-0563.dw.png","510","594","526","567","622","581","578","540","504","485","677","502","736","475","706","475","698","420","668","434","656","377","617","346","597","310","767","409","752","355","769","248","788","210","766","181","510","755"
"NL-0100-10-18-2024-K06-0564.dw.png","309","536","336","545","337","641","375","594","422","514","423","685","461","743","456","715","514","701","493","667","548","649","572","607","607","584","537","768","598","751","697","750","741","763","763","739","144","547"
"NL-0100-10-18-2024-K06-0565.dw.png","346","478","367","502","320","585","375","556","450","510","377","660","383","729","392","699","452","715","447","675","505","684","544","653","582","645","441","785","500","790","593","836","626","867","657","852","196","419"
"NL-0100-10-18-2024-K06-0566.dw.png","709","296","683","314","599","255","619","312","659","398","515","296","451","288","475","304","454","358","491","363","469","417","492","465","493","507","382","335","372","388","304","476","266","502","271","536","787","157"
"NL-0100-10-18-2024-K06-0567.dw.png","339","438","361","459","320","550","375","521","452","464","389","630","401","700","406","664","463","673","458","643","516","643","553","607","599","598","457","748","514","747","617","790","647","816","683","799","180","402"
"NL-0100-10-18-2024-K06-0568.dw.png","321","503","344","526","301","611","354","583","429","531","360","686","370","755","379","727","436","737","433","703","488","706","530","679","570","671","425","807","482","811","580","859","616","892","648","879","166","452"
"NL-0100-10-18-2024-K06-0569.dw.png","309","463","332","489","290","578","341","544","422","495","353","654","364","721","371","690","427","697","423","667","482","672","521","640","563","629","423","775","481","775","580","823","613","854","647","836","153","408"
"NL-0100-10-18-2024-K06-0570.dw.png","308","488","325","511","268","601","325","574","410","533","313","683","311","748","323","723","379","743","381","707","437","720","482","698","527","701","356","814","415","829","499","887","526","923","564","914","164","411"
"NL-0100-10-18-2024-K06-E0549.dw.png","258","508","280","532","233","619","287","584","371","547","291","698","296","765","306","735","359","746","359","719","416","726","460","697","500","691","349","820","402","826","503","883","531","916","563","907","107","447"
"NL-0101-10-18-2024-K07-0571.dw.png","641","281","625","303","533","272","576","320","628","390","464","345","396","364","426","368","424","427","470","414","466","473","498","507","508","545","354","426","358","489","331","585","305","620","324","650","675","118"
"NL-0101-10-18-2024-K07-0572.dw.png","300","488","320","513","269","599","328","568","414","529","326","685","331","756","339","723","400","744","398","697","457","714","499","690","542","688","388","817","445","824","539","877","567","907","602","894","145","422"
"NL-0101-10-18-2024-K07-0573.dw.png","288","497","309","516","264","599","321","572","400","524","332","685","345","758","351","727","410","738","403","693","462","700","500","672","539","667","405","809","460","810","554","849","585","878","616","862","130","446"
"NL-0101-10-18-2024-K07-0574.dw.png","499","617","520","594","606","638","575","582","525","503","680","573","755","558","725","552","737","490","686","498","697","440","668","401","660","360","805","500","810","436","846","341","873","312","856","279","452","780"
"NL-0101-10-18-2024-K07-0575.dw.png","684","276","667","295","572","265","606","314","662","388","506","322","433","337","464","344","458","402","494","398","490","455","521","492","531","531","386","394","382","456","346","550","316","587","332","618","736","114"
"NL-0101-10-18-2024-K07-0576.dw.png","515","586","539","566","619","617","591","559","554","477","705","561","774","557","746","548","763","488","716","490","732","432","705","390","703","351","834","502","843","445","896","350","930","322","917","287","452","738"
"NL-0101-10-18-2024-K07-0577.dw.png","344","508","364","528","324","616","375","586","451","535","380","690","392","759","398","730","455","735","452","703","511","710","550","679","591","670","450","813","512","820","603","858","637","886","668","865","187","444"
"NL-0101-10-18-2024-K07-0578.dw.png","337","476","354","494","308","582","364","556","446","511","363","659","367","731","379","703","438","720","436","681","495","692","536","669","576","664","424","791","485","803","575","851","605","882","639","871","182","407"
"NL-0101-10-18-2024-K07-0579.dw.png","694","325","678","350","586","326","631","371","689","440","521","405","457","431","487","431","485","494","530","476","533","534","568","566","581","603","418","497","426","557","405","659","383","696","406","725","714","166"
"NL-0101-10-18-2024-K07-0580.dw.png","668","266","659","292","560","287","609","328","683","383","508","384","450","421","480","416","491","476","525","455","545","507","586","533","609","565","425","501","444","549","446","656","431","699","457","722","657","103"
"NL-0101-10-18-2024-K07-0581.dw.png","301","497","323","514","297","609","346","569","416","506","368","671","389","746","391","709","461","721","447","677","506","678","540","641","581","628","452","787","522","786","619","816","656","839","687","817","131","461"
"NL-0101-10-18-2024-K07-0583.dw.png","281","511","299","529","258","619","313","589","391","537","318","695","326","765","334","731","398","746","391","702","449","714","490","684","533","676","385","820","452","825","541","865","571","892","606","878","119","457"
"NL-0101-10-18-2024-K07-0584.dw.png","716","311","699","333","608","304","650","352","705","423","542","377","474","397","504","402","500","461","543","448","544","505","577","539","591","578","430","466","435","524","407","624","388","654","409","682","747","149"
"NL-0101-10-18-2024-K07-0585.dw.png","599","728","575","707","617","622","560","649","487","706","551","550","539","477","532","508","470","493","478","540","421","531","383","559","342","568","481","426","413","417","320","379","286","349","255","366","759","778"
"NL-0101-10-18-2024-K07-0586.dw.png","335","443","350","470","286","542","347","531","437","503","320","630","311","704","327","678","382","704","389","665","441","688","488","672","528","677","353","773","410","798","487","861","510","899","545","896","198","347"
"NL-0101-10-18-2024-K07-0587.dw.png","691","297","671","318","584","283","619","332","676","405","517","346","448","363","478","368","474","428","509","421","508","478","543","513","554","551","403","426","404","484","374","581","352","614","372","643","739","133"
"NL-0101-10-18-2024-K07-0588.dw.png","713","311","691","332","603","294","633","345","689","417","536","349","463","362","492","371","482","428","524","422","515","479","543","517","551","557","410","426","404","486","367","575","335","613","353","642","771","152"
"NL-0101-10-18-2024-K07-0589.dw.png","612","724","593","701","638","617","587","648","510","691","586","541","580","473","571","502","515","490","516","530","458","514","418","544","377","550","525","416","467","408","371","364","343","338","310","355","766","800"
"NL-0101-10-18-2024-K07-0590.dw.png","544","627","555","601","651","610","605","569","534","511","702","524","764","489","733","493","722","437","686","457","673","399","632","376","611","341","791","418","774","363","782","259","797","221","771","197","549","786"
"NL-0101-10-18-2024-K07-0591.dw.png","307","528","327","545","295","640","344","599","417","544","361","709","375","776","381","748","444","759","434","716","492","715","527","683","566","672","441","827","499","827","600","862","631","888","661","867","149","487"
"NL-0101-10-18-2024-K07-0592.dw.png","713","275","692","295","609","249","639","301","681","380","536","304","464","310","494","319","479","377","517","376","508","431","537","472","543","511","411","365","401","424","360","517","335","544","351","577","781","116"
"NL-0101-10-18-2024-K07-0593.dw.png","596","756","576","733","622","646","568","678","488","721","569","569","563","501","554","528","493","511","495","549","439","544","399","568","360","575","504","442","447","435","356","388","329","358","295","368","746","820"
"NL-0101-10-18-2024-K07-0594.dw.png","726","293","707","315","611","284","648","333","707","406","541","347","472","359","504","365","492","427","539","418","529","476","560","516","570","554","419","422","414","488","381","579","353","615","371","644","777","131"
"NL-0101-10-18-2024-K07-0595.dw.png","323","495","343","519","294","599","350","573","436","531","349","676","359","757","369","725","428","740","423","698","481","712","520","684","565","679","414","813","472","820","565","871","600","908","633","894","171","434"
"NL-0101-10-18-2024-K07-0596.dw.png","339","492","356","511","303","600","361","576","444","536","350","686","346","754","361","729","417","753","418","707","473","727","519","706","557","703","392","816","457","838","542","896","569","929","600","922","196","406"
"NL-0101-10-18-2024-K07-0597.dw.png","708","294","690","315","599","280","628","331","686","404","527","342","455","355","487","361","476","421","516","415","511","471","541","508","549","544","406","415","398","477","363","567","334","600","350","631","763","134"
"NL-0101-10-18-2024-K07-0598.dw.png","715","282","701","305","606","281","642","329","710","396","545","355","476","382","505","383","511","441","542","434","547","491","579","525","597","561","436","449","440","514","418","610","396","649","417","677","739","114"
"NL-0101-10-18-2024-K07-0599.dw.png","287","485","307","504","270","585","320","560","398","509","327","650","347","731","352","697","410","708","404","671","457","672","494","639","534","632","404","778","458","778","559","820","594","849","623","832","135","438"
"NL-0101-10-18-2024-K07-0600.dw.png","280","531","305","549","274","638","323","599","393","544","350","708","372","776","374","746","434","749","421","703","480","706","515","674","554","661","439","821","497","817","599","844","636","868","664","844","117","502"
"NL-0101-10-18-2024-K07-0601.dw.png","692","323","672","341","585","296","616","351","659","432","511","350","435","357","467","366","447","430","487","425","476","482","504","521","511","564","378","415","369","478","321","565","289","599","302","634","760","168"
"NL-0102-10-18-2024-K08-0605.dw.png","324","495","348","516","320","613","364","568","441","508","385","676","407","752","409","712","473","719","461","680","521","679","556","640","598","628","475","796","537","788","638","819","672","844","704","826","158","457"
"NL-0102-10-18-2024-K08-0606.dw.png","325","517","346","538","317","637","362","591","435","533","382","701","398","772","402","735","464","742","454","706","513","702","546","666","588","656","460","817","523","811","618","841","651","866","684","850","164","488"
"NL-0102-10-18-2024-K08-0607.dw.png","283","493","308","508","304","616","336","564","397","491","374","666","407","735","405","700","464","695","448","661","506","648","535","606","573","585","482","770","537","752","643","769","681","788","711","766","117","482"
"NL-0102-10-18-2024-K08-0608.dw.png","304","506","331","520","330","632","361","567","423","495","413","681","451","749","445","712","516","707","490","665","553","650","580","605","617","579","531","779","590","758","703","766","743","781","770","755","130","512"
"NL-0102-10-18-2024-K08-0609.dw.png","455","581","475","555","578","576","530","534","466","466","641","504","712","483","674","482","678","420","639","434","636","374","598","340","581","299","752","415","740","359","770","253","790","217","770","186","432","743"
"NL-0102-10-18-2024-K08-0610.dw.png","711","332","692","360","591","342","646","380","708","450","537","414","466","445","500","444","503","505","536","491","545","550","585","582","601","623","427","516","440","572","419","679","399","716","422","745","721","171"
"NL-0102-10-18-2024-K08-0611.dw.png","318","515","343","531","330","642","368","580","437","512","411","702","441","769","440","736","509","735","488","692","549","679","581","637","619","619","510","804","569","787","680","806","712","823","741","799","140","507"
"NL-0102-10-18-2024-K08-0612.dw.png","325","535","347","553","324","660","367","610","436","546","392","722","414","797","415","757","479","763","467","726","527","721","560","684","603","668","482","841","542","831","645","863","681","888","713","868","158","508"
"NL-0102-10-18-2024-K08-0613.dw.png","737","293","716","316","613","284","656","334","715","410","543","352","471","368","506","372","497","437","536","425","537","487","575","524","586","566","426","431","430","491","394","593","368","627","385","660","775","127"
"NL-0102-10-18-2024-K08-0614.dw.png","772","310","749","334","647","302","693","350","747","428","579","363","507","377","543","383","528","448","569","439","567","501","603","539","614","580","455","444","461","501","421","606","398","635","414","669","820","149"
"NL-0102-10-18-2024-K08-0615.dw.png","695","297","676","325","574","304","624","347","693","412","512","380","444","403","480","404","476","472","516","454","524","516","564","549","581","590","403","475","413","539","392","640","368","677","390","707","717","128"
"NL-0102-10-18-2024-K08-0616.dw.png","683","287","666","317","563","305","620","341","690","406","508","385","444","414","478","412","483","474","516","458","533","515","575","545","594","584","410","484","426","543","412","649","394","686","419","712","690","119"
"NL-0102-10-18-2024-K08-0617.dw.png","700","291","678","314","581","276","625","328","680","404","507","344","432","362","464","366","456","434","494","425","495","485","528","523","539","561","384","422","385","486","350","581","322","615","340","645","740","122"
"NL-0102-10-18-2024-K08-0618.dw.png","692","300","676","328","575","316","624","355","697","415","523","390","453","423","488","420","489","489","526","469","539","529","581","557","601","596","418","498","434","556","420","662","401","703","425","731","698","135"
"NL-0102-10-18-2024-K08-0620.dw.png","775","294","755","322","652","306","698","346","770","412","594","376","523","402","559","403","560","463","590","452","600","512","640","544","656","584","482","476","495","530","474","633","453","670","473","700","795","132"
"NL-0102-10-18-2024-K08-0621.dw.png","746","312","730","338","618","326","677","361","744","428","562","398","490","425","526","426","530","488","563","475","574","536","617","568","638","608","452","500","465","562","445","670","425","705","449","735","759","146"
"NL-0102-10-18-2024-K08-0622.dw.png","739","296","725","321","615","312","674","347","745","413","563","388","493","419","526","419","526","488","569","465","581","526","624","555","645","594","460","489","475","550","458","660","438","696","463","727","749","126"
"NL-0102-10-18-2024-K08-0623.dw.png","689","334","669","358","563","334","615","376","679","451","500","405","428","426","463","431","460","496","498","482","502","544","541","579","556","622","381","497","391","561","358","669","334","703","357","736","717","164"
"NL-0102-10-18-2024-K08-0624.dw.png","511","596","533","574","640","607","590","561","537","480","710","548","784","536","747","529","758","468","717","476","721","412","689","374","681","329","835","472","835","411","878","308","904","277","885","245","467","760"
"NL-0102-10-18-2024-K08-0625.dw.png","329","476","353","499","317","595","366","550","442","495","379","660","395","732","400","698","466","707","455","667","515","667","551","631","592","622","462","779","519","775","623","812","652","837","685","819","170","439"
"NL-0102-10-18-2024-K08-0626.dw.png","688","308","671","332","560","314","616","356","685","426","501","385","431","406","470","408","468","475","504","462","511","524","551","557","566","599","389","480","402","539","375","646","353","682","376","712","704","138"
"NL-0102-10-18-2024-K08-0627.dw.png","668","276","650","302","549","278","598","324","661","394","490","350","417","375","452","377","454","440","487","428","494","489","536","521","552","560","375","442","386","503","362","609","341","643","362","676","689","109"
"NL-0102-10-18-2024-K08-0628.dw.png","664","332","645","359","540","347","595","384","666","449","485","422","414","452","452","450","451","521","495","498","506","559","546","588","569","627","377","524","396","587","378","693","356","734","380","762","666","165"
"NL-0102-10-18-2024-K08-0629.dw.png","716","303","691","328","591","294","640","342","693","423","526","356","450","372","487","378","473","446","512","437","515","496","550","533","561","575","401","437","404","499","368","601","343","633","358","666","754","139"
"NL-0102-10-18-2024-K08-0630.dw.png","276","516","303","534","287","640","325","586","395","520","360","698","386","769","389","734","449","729","438","698","498","687","528","645","570","627","462","810","519","794","627","818","663","838","694","815","108","501"
"NL-0102-10-18-2024-K08-0631.dw.png","616","718","591","696","624","603","575","642","500","700","557","534","535","458","533","496","473","490","482","526","420","526","384","561","342","572","468","409","410","415","315","386","278","358","246","376","775","751"
"NL-0102-10-18-2024-K08-0632.dw.png","348","526","371","550","335","649","383","604","459","547","391","715","401","788","409","752","473","768","465","729","525","730","563","696","604","687","463","841","524","841","619","882","651","911","687","896","191","484"
"NL-0102-10-18-2024-K08-0633.dw.png","683","298","668","323","556","308","611","348","685","413","500","380","428","407","464","408","467","470","504","453","515","514","556","549","572","591","388","477","403","536","380","642","358","677","383","705","698","129"
"NL-0102-10-18-2024-K08-0634.dw.png","281","515","306","535","281","637","325","587","399","525","351","703","371","772","372","734","438","741","425","703","485","698","518","661","561","647","437","814","494","804","600","836","634","861","666","842","116","481"
"NL-0102-10-18-2024-K08-0635.dw.png","690","273","667","299","562","269","617","313","673","391","500","331","427","349","461","353","450","420","494","408","495","469","531","506","542","548","377","419","381","477","347","580","320","612","339","643","721","104"
"NL-0103-10-18-2024-K09-0664.dw.png","295","493","317","512","286","605","333","568","405","508","354","676","375","750","376","715","435","720","427","686","488","688","524","652","563","638","438","796","492","795","591","827","628","854","658","835","127","448"
"NL-0103-10-18-2024-K09-0665.dw.png","698","282","682","307","585","285","627","327","687","393","519","359","451","384","483","385","485","438","518","429","518","489","555","522","569","561","410","449","415","507","385","614","362","650","383","676","732","120"
"NL-0103-10-18-2024-K09-0666.dw.png","738","310","716","337","622","305","660","354","719","430","554","374","481","397","513","399","510","460","542","454","546","513","578","550","590","590","434","461","434","520","401","626","376","662","391","696","779","144"
"NL-0103-10-18-2024-K09-0667.dw.png","753","328","732","350","641","315","671","364","727","436","568","371","498","382","528","391","521","446","552","443","542","500","572","539","579","577","446","435","439","497","395","587","365","622","376","655","809","172"
"NL-0103-10-18-2024-K09-0668.dw.png","292","494","316","512","301","623","340","574","407","502","371","683","398","753","397","717","451","715","443","685","498","676","531","635","570","620","457","790","519","784","619","810","650","829","680","810","126","470"
"NL-0103-10-18-2024-K09-0669.dw.png","602","758","584","737","627","640","575","675","486","717","573","562","567","490","560","526","500","507","502","541","440","530","398","556","355","560","519","436","457","423","356","368","329","338","290","345","762","837"
"NL-0103-10-18-2024-K09-0671.dw.png","322","447","341","470","294","559","346","526","429","488","341","629","346","709","357","676","411","693","411","654","469","672","510","649","552","647","395","765","454","777","543","829","573","862","606","851","171","379"
"NL-0103-10-18-2024-K09-0672.dw.png","337","461","358","481","324","577","372","543","449","487","385","646","403","721","407","688","460","688","457","660","521","666","558","634","600","623","463","772","522","771","623","812","659","842","692","828","171","413"
"NL-0103-10-18-2024-K09-0673.dw.png","758","317","737","336","643","290","674","344","719","432","564","347","490","355","521","364","506","424","542","422","534","483","560","525","564","567","434","409","425","470","372","571","341","600","350","637","831","155"
"NL-0103-10-18-2024-K09-0675.dw.png","266","522","291","543","257","637","304","592","376","539","325","707","345","778","349","747","407","750","398","710","459","713","494","678","533","666","410","825","465","823","573","857","607","882","637","864","100","483"
"NL-0103-10-18-2024-K09-0676.dw.png","639","706","616","683","650","584","603","622","526","678","592","515","581","447","574","478","514","470","520","505","457","500","420","531","378","541","520","395","461","392","361","350","327","323","295","338","805","763"
"NL-0103-10-18-2024-K09-0677.dw.png","304","482","331","502","308","599","349","554","420","492","378","660","406","733","405","696","464","696","452","659","515","659","547","621","588","608","466","769","531","765","636","788","675","811","702","789","136","453"
"NL-0103-10-18-2024-K09-0678.dw.png","753","317","729","338","629","303","671","350","730","426","561","363","490","380","517","387","506","447","548","437","544","499","574","536","584","578","436","442","433","501","395","599","367","632","384","663","809","155"
"NL-0103-10-18-2024-K09-0679.dw.png","350","426","372","450","328","547","379","510","462","464","379","615","389","691","398","658","455","673","455","637","511","647","552","617","596","613","442","746","503","757","602","809","635","842","670","829","196","368"
"NL-0103-10-18-2024-K09-0680.dw.png","356","451","375","477","329","571","380","537","467","496","382","649","389","725","399","694","453","703","453","673","513","684","555","657","598","652","440","780","497","792","593","842","626","876","660","865","202","378"
"NL-0103-10-18-2024-K09-0681.dw.png","334","438","354","458","319","551","367","517","451","468","377","623","391","698","396","662","456","674","452","636","514","648","551","618","594","610","447","750","507","754","613","800","644","827","679","815","172","375"
"NL-0103-10-18-2024-K09-0682.dw.png","365","500","384","518","353","615","402","582","478","517","417","684","437","760","440","722","495","725","492","697","551","695","584","660","629","650","495","805","555","804","656","841","686","863","719","847","200","451"
"NL-0103-10-18-2024-K09-0683.dw.png","332","424","348","447","299","542","351","515","437","475","343","622","341","696","353","661","403","674","406","654","464","667","510","641","553","641","386","754","441","766","531","831","554","863","592","860","182","340"
"NL-0103-10-18-2024-K09-0684.dw.png","741","296","728","323","627","316","675","353","750","408","577","398","518","429","547","426","554","484","589","467","599","524","642","548","662","584","488","499","502","554","491","659","476","697","496","727","740","131"
"NL-0103-10-18-2024-K09-0685.dw.png","611","745","591","720","629","619","583","662","498","709","576","548","565","468","557","507","502","497","503","524","446","521","404","553","361","558","512","415","452","411","355","358","328","331","292","340","775","813"
"NL-0103-10-18-2024-K09-0686.dw.png","320","430","344","457","302","551","354","518","441","468","360","630","369","705","377","670","437","683","436","649","497","656","541","628","583","624","425","760","489","770","593","821","619","848","654","834","157","367"
"NL-0103-10-18-2024-K09-0688.dw.png","585","770","566","746","614","659","560","690","474","731","559","577","551","502","543","535","488","523","488","557","429","544","388","570","343","573","502","448","443","439","353","389","321","358","287","372","743","843"
"NL-0103-10-18-2024-K09-0689.dw.png","625","730","604","711","638","611","590","652","514","705","575","540","563","472","557","502","496","490","504","530","443","523","407","557","365","568","511","424","446","420","350","383","314","352","279","368","784","777"
"NL-0103-10-18-2024-K09-0690.dw.png","266","437","291","462","251","556","301","512","382","465","319","639","334","707","339","674","400","682","392","643","456","648","495","616","536","606","392","757","455","761","560","800","591","828","623","810","101","383"
"NL-0103-10-18-2024-K09-0691.dw.png","288","444","313","463","293","568","337","522","408","456","368","632","394","704","396","669","451","666","442","634","500","627","533","588","576","573","457","743","517","736","622","762","659","784","688","764","117","415"
"NL-0103-10-18-2024-K09-0692.dw.png","784","332","764","356","664","327","705","373","767","444","595","393","530","407","561","413","556","470","593","461","590","521","625","557","638","596","483","470","484","526","448","627","423","661","436","695","824","170"
"NL-0103-10-18-2024-K09-0693.dw.png","294","421","317","442","284","539","332","503","407","446","347","609","361","682","369","648","425","654","421","625","481","631","515","596","558","585","421","732","482","733","573","769","613","804","646","790","125","365"
"NL-0103-10-18-2024-K09-0694.dw.png","343","472","367","497","334","590","380","553","452","497","394","659","407","730","414","698","466","701","465","676","523","679","561","648","601","636","463","778","518","782","614","821","650","852","682","835","184","426"
"NL-0103-10-18-2024-K09-0695.dw.png","400","577","426","558","511","617","489","557","451","464","595","569","674","567","640","556","661","497","624","496","640","437","618","392","619","350","733","519","750","460","808","371","840","347","835","309","318","729"
"NL-0103-10-18-2024-K09-0696.dw.png","765","263","744","289","650","255","692","304","746","383","582","326","508","351","542","352","542","411","576","405","574","465","609","500","620","542","466","413","467","472","437","574","413","608","431","639","806","88"
"NL-0104-10-18-2024-K10-0725.dw.png","725","283","704","301","617","259","645","308","692","386","545","307","473","314","503","323","491","378","530","374","518","431","544","470","549","510","421","364","414","422","368","507","338","536","350","569","789","129"
"NL-0104-10-18-2024-K10-0726.dw.png","722","267","704","289","611","259","650","306","707","379","542","328","474","348","500","355","496","414","535","402","533","462","567","496","579","536","429","412","430","470","394","570","369","607","386","637","759","104"
"NL-0104-10-18-2024-K10-0727.dw.png","775","329","757","348","662","314","704","362","755","439","593","378","524","395","554","400","552","457","580","452","578","511","609","545","622","589","476","455","474","517","439","611","413","644","423","680","824","166"
"NL-0104-10-18-2024-K10-0728.dw.png","308","442","326","457","302","561","344","514","414","455","360","622","378","691","382","661","439","662","430","626","490","630","526","597","567","588","438","736","493","732","591","766","628","795","656","776","145","402"
"NL-0104-10-18-2024-K10-0729.dw.png","319","495","335","512","295","607","344","567","423","523","347","680","354","747","362","718","419","728","417","694","475","702","515","674","555","669","409","800","464","805","558","853","589","883","622","871","161","432"
"NL-0104-10-18-2024-K10-0730.dw.png","322","467","345","488","306","580","357","545","434","491","373","656","390","727","395","697","452","704","445","668","500","668","538","638","579","629","452","776","503","774","603","814","633","841","665","826","167","422"
"NL-0104-10-18-2024-K10-0731.dw.png","493","568","518","549","597","601","569","544","533","462","674","549","747","540","720","532","732","476","693","479","710","423","685","383","684","341","802","491","814","431","860","349","893","317","881","283","426","720"
"NL-0104-10-18-2024-K10-0732.dw.png","319","492","337","509","303","601","350","565","428","514","365","673","385","747","389","714","444","716","441","692","501","692","535","660","577","649","443","795","503","798","600","838","633","865","667","853","163","441"
"NL-0104-10-18-2024-K10-0733.dw.png","295","474","316","493","286","582","331","541","407","487","352","650","376","724","380","694","438","694","428","659","488","658","519","624","563","611","437","769","500","765","591","792","630","820","661","802","131","437"
"NL-0104-10-18-2024-K10-0734.dw.png","734","295","717","317","614","293","657","340","718","414","549","361","479","383","510","387","510","449","547","435","547","498","582","536","594","578","434","448","437","508","409","611","383","648","401","682","768","134"
"NL-0104-10-18-2024-K10-0735.dw.png","320","444","336","464","288","551","340","519","425","484","337","628","341","697","351","667","407","680","407","654","464","664","503","641","547","637","391","755","449","768","536","820","563","850","598","842","169","365"
"NL-0104-10-18-2024-K10-0736.dw.png","361","411","377","432","328","519","382","487","461","446","374","591","376","659","387","631","443","651","442","606","496","624","537","600","578","599","423","712","477","721","561","774","592","809","624","798","210","340"
"NL-0104-10-18-2024-K10-0737.dw.png","802","336","784","354","688","321","729","368","782","442","620","383","551","398","581","404","576","459","608","454","606","511","633","546","644","587","503","457","500","514","465","606","439","638","457","668","851","174"
"NL-0104-10-18-2024-K10-0738.dw.png","731","321","714","342","626","309","662","357","716","426","554","378","487","395","517","400","517","453","551","446","547","505","577","538","590","575","442","455","441","514","413","606","388","638","407","668","770","162"
"NL-0104-10-18-2024-K10-0739.dw.png","764","365","741","382","659","335","692","387","732","467","580","386","512","392","536","402","527","455","565","455","551","510","576","552","578","592","458","441","451","498","398","587","368","615","376","649","839","212"
"NL-0104-10-18-2024-K10-0740.dw.png","793","330","775","346","683","304","719","354","760","436","612","356","538","365","568","372","559","429","588","427","580","485","606","521","611","567","484","420","475","479","428","566","398","596","407","630","865","176"
"NL-0104-10-18-2024-K10-0741.dw.png","291","417","312","436","276","524","326","490","400","436","339","596","359","669","364","641","430","655","418","613","474","613","510","581","549","571","423","720","482","721","569","751","607","782","636","766","127","365"
"NL-0104-10-18-2024-K10-0742.dw.png","771","301","752","324","658","290","698","339","757","412","592","360","522","382","550","386","547","445","586","434","584","492","616","527","628","568","476","450","478","503","448","596","421","633","440","662","813","133"
"NL-0104-10-18-2024-K10-0743.dw.png","329","448","347","468","306","553","354","520","429","470","355","619","368","696","376","667","432","676","428","636","485","648","522","619","564","613","421","747","476","748","568","793","599","823","632","811","172","390"
"NL-0104-10-18-2024-K10-0744.dw.png","344","474","364","494","317","583","374","553","453","502","380","667","392","736","398","709","457","717","454","681","510","684","551","659","589","652","446","788","505","793","596","838","624","865","658","851","188","415"
"NL-0104-10-18-2024-K10-0745.dw.png","294","484","316","499","294","595","338","553","402","490","365","657","388","718","387","689","446","689","438","658","494","652","526","619","561","603","455","760","511","754","605","775","640","796","668","777","133","460"
"NL-0104-10-18-2024-K10-0746.dw.png","765","284","750","305","654","283","697","325","755","396","589","355","526","376","556","378","557","438","587","430","590","486","625","517","642","556","486","440","490","501","466","598","444","634","458","667","793","121"
"NL-0104-10-18-2024-K10-0747.dw.png","340","463","362","479","344","573","383","525","449","463","419","632","452","698","449","667","510","664","497","632","554","623","581","586","620","566","516","730","575","724","680","742","714","760","746","743","178","448"
"NL-0104-10-18-2024-K10-0748.dw.png","660","727","638","708","675","616","623","647","550","707","611","544","593","473","590","504","530","496","536","534","481","533","443","563","401","570","533","424","477","424","387","393","352","363","321","381","820","775"
"NL-0104-10-18-2024-K10-0749.dw.png","298","490","320","505","288","604","332","560","406","505","347","668","367","741","372","709","424","709","417","676","477","679","513","648","555","638","425","786","479","784","578","822","614","850","644","833","129","445"
"NL-0104-10-18-2024-K10-0749_1.dw.png","719","299","703","318","605","290","650","333","704","408","541","348","470","368","500","372","500","425","533","419","530","478","560","515","570","555","424","425","425","479","387","579","358","615","375","645","764","131"
"NL-0104-10-18-2024-K10-0750.dw.png","342","542","360","561","314","646","371","618","449","574","376","729","386","799","394","768","449","781","445","743","502","751","541","729","581","721","440","852","496","860","584","901","617","933","648","916","190","487"
"NL-0104-10-18-2024-K10-0751.dw.png","731","326","712","349","623","319","659","365","719","436","557","386","484","409","514","413","508","474","546","462","544","522","581","556","594","595","440","473","441","533","409","632","382","670","398","701","768","162"
"NL-0104-10-18-2024-K10-0752.dw.png","269","454","293","474","266","565","310","526","380","470","332","627","356","697","359","666","412","664","405","638","461","634","490","600","532","587","420","741","473","736","564","762","602","788","631","771","112","425"
"NL-0104-10-18-2024-K10-0753.dw.png","761","285","743","308","641","280","682","329","744","399","575","349","505","373","536","374","533","433","569","424","573","481","606","516","620","554","461","435","463","493","434","589","411","623","428","653","794","120"
"NL-0104-10-18-2024-K10-0754.dw.png","754","283","737","302","638","268","677","315","726","393","565","326","498","338","528","344","523","398","557","393","551","451","579","488","586","527","452","389","443","452","406","538","378","569","390","602","803","127"
"NL-0105-10-18-2024-K11-0756.dw.png","321","481","343","507","299","595","351","559","428","507","358","666","370","740","380","711","437","716","431","677","487","682","526","652","566","640","430","792","486","794","583","838","612","863","643","846","158","424"
"NL-0105-10-18-2024-K11-0757.dw.png","320","481","341","506","298","595","350","559","428","506","357","668","371","740","379","712","436","717","430","678","487","683","525","652","566","640","428","793","486","796","584","841","613","865","643","849","157","423"
"NL-0105-10-18-2024-K11-0758.dw.png","275","488","299","508","270","601","316","559","387","501","341","665","362","736","364","704","426","712","413","669","471","671","504","637","545","621","424","778","482","777","583","807","618","831","649","815","109","451"
"NL-0105-10-18-2024-K11-0759.dw.png","298","518","318","540","275","630","330","597","408","541","340","702","355","776","359","743","423","749","415","712","478","720","517","688","557","676","420","830","478","828","579","870","612","901","646","886","134","457"
"NL-0105-10-18-2024-K11-0760.dw.png","348","427","372","450","347","550","385","500","461","449","405","612","424","684","429","655","484","661","473","617","533","625","569","590","612","580","487","733","538","732","637","767","674","796","706","778","193","385"
"NL-0105-10-18-2024-K11-0761.dw.png","335","424","358","449","314","545","367","503","448","456","372","621","384","695","391","664","455","682","447","628","507","643","550","613","591","605","442","751","503","758","601","802","633","831","665","813","171","358"
"NL-0105-10-18-2024-K11-0762.dw.png","274","433","298","457","257","549","311","506","386","456","327","623","343","692","348","662","410","672","400","629","463","636","502","603","543","592","401","738","462","742","562","780","599","810","635","799","101","374"
"NL-0105-10-18-2024-K11-0764.dw.png","730","306","706","331","608","296","646","346","710","421","535","364","467","380","496","386","495","443","536","433","527","495","563","531","577","572","419","440","420","502","384","599","355","637","371","671","776","139"
"NL-0105-10-18-2024-K11-0765.dw.png","731","310","707","330","612","283","647","338","695","420","535","335","467","341","494","351","473","411","520","408","509","467","534","512","541","553","405","399","395","455","343","554","314","581","325","617","806","149"
"NL-0105-10-18-2024-K11-0765_1.dw.png","310","477","330","502","283","596","337","562","419","513","335","674","341","742","350","715","411","736","408","689","466","700","511","675","552","667","396","804","454","813","553","866","579","895","616","884","148","403"
"NL-0105-10-18-2024-K11-0766.dw.png","758","333","733","351","641","301","670","354","718","439","564","349","493","351","520","362","496","424","546","422","529","481","553","527","556","568","430","404","416","466","356","561","325","586","335","622","841","176"
"NL-0105-10-18-2024-K11-0767.dw.png","285","512","311","532","284","636","329","585","401","524","357","705","379","774","381","743","445","748","429","694","491","698","529","665","569","652","443","819","505","818","610","851","647","878","680","858","113","479"
"NL-0105-10-18-2024-K11-0768.dw.png","239","494","266","508","268","613","293","551","354","475","350","654","393","716","386","685","446","671","419","633","478","616","501","569","536","544","467","741","520","719","628","720","668","732","693","705","62","509"
"NL-0105-10-18-2024-K11-0769.dw.png","716","281","692","305","600","267","644","315","694","390","532","331","462","347","492","354","483","413","524","405","520","464","554","502","566","543","413","407","413","465","374","568","345","604","363","637","770","109"
"NL-0105-10-18-2024-K11-0770.dw.png","749","309","722","332","632","287","666","341","718","418","558","344","484","356","515","363","500","424","546","419","533","479","560","522","566","563","429","416","423","470","374","574","344","606","359","639","809","146"
"NL-0105-10-18-2024-K11-0771.dw.png","322","516","344","537","306","629","355","588","436","537","372","703","388","775","396","748","458","759","447","712","508","718","544","687","586","676","447","826","507","828","607","870","644","900","678","890","152","470"
"NL-0105-10-18-2024-K11-0772.dw.png","286","490","307","515","263","602","314","569","393","521","317","673","326","748","335","718","394","735","390","689","445","701","484","674","527","668","380","802","437","808","532","860","562","892","596","880","127","428"
"NL-0105-10-18-2024-K11-0773.dw.png","298","478","321","506","275","597","327","556","413","513","332","672","343","748","351","719","417","739","407","687","469","703","509","674","551","666","395","803","461","814","559","865","592","898","627","888","134","414"
"NL-0105-10-18-2024-K11-0774.dw.png","287","456","308","481","260","567","316","543","400","492","319","649","326","722","337","694","398","713","394","674","451","684","492","654","536","645","381","780","439","790","538","847","565","874","599","862","127","390"
"NL-0105-10-18-2024-K11-0775.dw.png","737","314","711","335","619","288","661","341","708","422","540","347","471","353","501","363","490","421","533","417","520","478","545","518","552","563","413","413","410","467","362","563","332","594","346","629","802","152"
"NL-0105-10-18-2024-K11-0776.dw.png","558","712","536","687","577","590","527","631","447","687","517","518","504","450","497","478","437","463","446","517","386","505","346","536","303","548","443","393","386","389","287","346","254","320","221","335","722","763"
"NL-0105-10-18-2024-K11-0777.dw.png","648","275","640","305","536","319","597","340","680","384","502","403","443","450","477","438","494","496","530","470","552","527","596","551","624","584","426","528","450","578","458","692","447","734","479","755","621","98"
"NL-0105-10-18-2024-K11-0778.dw.png","310","507","328","536","277","622","332","590","421","549","327","703","333","780","344","750","401","770","400","724","459","739","500","711","543","709","382","838","438","847","530","904","560","937","597","929","155","435"
"NL-0105-10-18-2024-K11-0779.dw.png","656","268","636","294","541","264","581","311","646","383","475","334","403","354","434","359","425","427","471","412","473","471","507","506","521","548","355","426","363","482","334","582","308","621","329","653","688","94"
"NL-0105-10-18-2024-K11-0780.dw.png","328","510","349","534","306","628","358","590","443","541","366","704","376","777","383","745","443","757","434","707","496","722","536","692","579","681","433","832","491","837","591","887","622","917","658","902","167","455"
"NL-0105-10-18-2024-K11-0781.dw.png","604","724","582","701","629","617","573","646","494","700","566","543","551","467","545","499","484","488","488","526","429","518","390","550","348","559","490","413","434","412","335","368","301","337","266","350","770","790"
"NL-0105-10-18-2024-K11-0782.dw.png","291","504","313","527","272","619","325","587","405","530","332","696","344","772","353","740","410","745","403","708","466","718","503","685","547","675","405","828","468","831","563","874","596","906","631","892","123","441"
"NL-0105-10-18-2024-K11-0783.dw.png","696","291","676","315","583","279","622","330","684","398","517","343","447","360","478","365","471","428","509","420","507","480","540","518","555","557","397","425","395","487","360","586","335","617","349","650","753","120"
"NL-0105-10-18-2024-K11-0784.dw.png","278","524","304","546","270","643","320","602","395","542","340","712","358","782","365","751","425","758","410","712","472","715","506","681","547","669","424","829","483","824","582","860","617","889","649","872","107","487"
"NL-0105-10-18-2024-K11-0785.dw.png","275","514","299","538","260","636","310","593","386","536","321","703","336","776","342","746","406","759","395","706","455","714","494","682","535","672","395","826","454","828","556","869","589","898","624","885","106","463"
"NL-0105-10-18-2024-K11-0786.dw.png","623","224","602","251","504","223","546","272","613","341","443","293","370","318","403","320","398","384","445","369","446","427","482","463","498","501","325","385","330","443","303","546","283","576","304","606","649","52"
"NL-0105-10-18-2024-K11-8757.dw.png","929","491","907","512","809","468","847","521","901","608","726","531","650","545","681","552","676","606","719","601","709","664","738","704","749","752","602","597","596","660","551","760","518","794","538","830","980","337"
"NL-0105-10-18-2024-K11-8758.dw.png","493","323","513","346","470","444","524","403","608","353","529","520","542","591","548","562","610","572","605","532","666","538","709","508","751","498","596","639","658","644","762","689","791","714","827","700","339","275"
"NL-0105-10-18-2024-K11-8759.dw.png","538","663","560","646","645","700","620","642","579","557","725","649","802","646","772","633","785","574","747","575","761","516","733","474","727","432","859","593","868","531","916","442","948","416","933","380","471","818"
"NL-0105-10-18-2024-K11-8760.dw.png","643","231","625","251","530","214","568","266","620","347","453","285","387","295","418","304","407","368","452","357","449","416","483","452","498","494","339","361","344","420","310","515","281","550","299","584","684","65"
"NL-0105-10-18-2024-K11-8761.dw.png","205","639","228","656","199","760","249","707","322","647","273","824","297","898","299","864","364","861","350","820","413","813","448","777","486","763","357","933","425","927","530","952","563","973","595","949","34","624"
"NL-0105-10-18-2024-K11-8762.dw.png","223","633","245","649","217","751","261","701","336","643","287","813","309","885","311","849","376","855","363","813","422","809","453","768","494","752","377","927","435","917","539","947","569","967","601","945","53","614"
"NL-0105-10-18-2024-K11-8763.dw.png","237","584","254","601","212","698","267","661","346","613","275","775","284","850","293","815","356","828","350","788","410","796","450","764","490","755","347","907","409","911","503","952","534","981","569","967","72","538"
"NL-0105-10-18-2024-K11-8764.dw.png","227","577","245","601","193","692","251","651","338","619","245","770","251","850","262","818","320","828","320","788","380","802","422","773","466","770","302","904","366","915","457","966","484","996","521","982","71","518"
"NL-0105-10-18-2024-K11-8765.dw.png","606","669","622","647","721","676","682","624","614","557","784","602","853","581","818","578","821","511","780","527","775","467","737","436","721","395","892","512","883","450","906","350","929","313","903","285","582","845"
"NL-0105-10-18-2024-K11-8766.dw.png","535","322","551","349","489","434","550","417","644","371","539","530","538","606","551","577","606","598","605","553","666","570","714","547","762","545","582","664","642","677","735","741","761","777","800","767","392","242"
"NL-0105-10-18-2024-K11-8767.dw.png","903","608","878","618","797","547","812","607","841","708","707","579","634","566","663","582","632","636","672","644","644","701","661","752","655","800","567","604","544","662","477","738","438","762","438","802","1000","476"
"NL-0105-10-18-2024-K11-8768.dw.png","676","218","652","236","560","184","601","239","639","329","473","242","397","245","428","256","415","316","459","313","447","373","475","414","481","456","344","293","333","356","280","449","242","479","257","514","739","54"
"NL-0105-10-18-2024-K11-8769.dw.png","219","549","238","568","197","663","249","630","329","578","251","737","255","811","266","777","331","796","326","754","384","764","424","732","468","726","316","868","379","873","466","916","494","945","530","934","57","490"
"NL-0105-10-18-2024-K11-8770.dw.png","525","674","554","656","638","719","605","656","576","569","725","674","799","680","768","665","792","608","748","607","764","547","744","501","746","460","850","638","872","573","931","492","965","468","959","431","441","822"
"NL-0105-10-18-2024-K11-8771.dw.png","250","526","262","550","194","621","256","604","347","583","229","707","216","784","235","754","288","779","296","741","349","768","395","750","440","756","259","854","318","873","392","938","413","975","450","973","110","435"
"NL-0105-10-18-2024-K11-8772.dw.png","535","661","561","639","656","683","614","631","572","549","735","627","809","620","780","611","790","552","748","557","761","495","733","453","723","411","859","564","871","511","925","410","955","383","942","350","476","815"
"NL-0105-10-18-2024-K11-8773.dw.png","535","667","564","654","645","721","620","658","596","567","729","686","807","697","779","680","808","625","762","617","783","562","769","515","770","473","866","655","890","599","960","519","993","497","985","462","441","810"
"NL-0105-10-18-2024-K11-8773_1.dw.png","240","535","254","565","185","645","248","620","340","596","221","728","209","805","227","780","282","808","290","762","345","783","393","769","432","770","249","871","307","889","388","959","409","993","445","985","97","442"
"NL-0105-10-18-2024-K11-8774.dw.png","232","524","246","550","179","632","242","615","333","582","218","723","205","797","224","767","283","795","288","757","344","777","390","759","435","758","254","871","312","888","391","951","413","988","450","982","85","434"
"NL-0105-10-18-2024-K11-8775.dw.png","219","510","230","538","155","611","224","593","320","577","191","708","175","779","195","754","252","783","259","738","316","761","365","747","406","752","215","845","275","868","353","940","372","976","409","967","77","416"
"NL-0105-10-18-2024-K11-8776.dw.png","908","576","878","593","794","530","821","590","858","683","705","573","632","568","662","583","638","639","678","642","664","700","681","749","680","794","576","610","560","668","494","759","461","783","467","822","986","436"
"NL-0105-10-18-2024-K11-8777.dw.png","261","880","253","853","330","780","268","790","170","808","306","686","326","620","305","645","252","607","242","643","189","616","140","630","93","621","289","546","235","523","160","448","142","412","102","409","385","982"
"NL-0105-10-18-2024-K11-8778.dw.png","230","541","248","560","208","657","260","622","337","569","265","727","277","805","285","771","341","782","337","742","396","750","435","720","476","712","328","853","390","857","483","902","514","935","545","915","68","490"
"NL-0105-10-18-2024-K11-8783.dw.png","553","685","579","670","669","731","630","670","604","581","750","689","825","695","797","678","811","623","774","617","789","560","766","514","765","473","875","649","900","586","962","497","991","475","980","439","476","836"
"NL-0106-10-18-2024-K12-8780.dw.png","206","591","223","610","174","703","231","674","317","624","233","784","238","857","249","825","312","843","308","798","365","806","406","780","451","772","299","915","358","917","449","963","479","993","515","983","44","534"
"NL-0106-10-18-2024-K12-8781.dw.png","657","705","649","679","731","615","663","622","567","631","709","518","733","449","711","471","658","433","645","472","595","443","546","457","504","445","703","371","645","345","580","265","566","228","530","224","786","820"
"NL-0106-10-18-2024-K12-8782.dw.png","221","609","249","635","216","733","263","685","336","631","280","801","298","875","302","844","362","843","354","805","415","806","452","770","488","757","358","920","419","920","518","953","549","978","581","960","58","571"
"NL-0106-10-18-2024-K12-8784.dw.png","233","513","249","547","182","624","245","603","336","572","221","712","212","788","227","761","284","782","289","742","346","760","394","740","434","741","251","851","311","870","393","934","413","970","449","961","91","426"
"NL-0106-10-18-2024-K12-8785.dw.png","681","207","656","221","582","152","598","216","628","306","488","191","413","179","442","197","422","252","455","259","437","316","455","362","452","403","350","218","329","280","259","359","221","380","225","416","765","65"
"NL-0106-10-18-2024-K12-8786.dw.png","238","547","257","574","200","660","260","623","347","589","250","742","253","815","264","786","323","803","323","762","383","775","429","749","471","745","302","874","358","883","457","941","480","972","517","962","82","475"
"NL-0107-19-16-2024-K01-5670.dw.png","379","439","389","466","310","540","375","527","465","502","332","631","308","691","329","668","382","713","395","669","447","701","501","693","539","700","339","770","394","801","465","876","484","920","520","920","251","316"
"NL-0107-19-16-2024-K01-5671.dw.png","371","393","381","421","304","484","367","472","452","462","326","578","305","643","323","621","371","652","381","619","430","651","478","643","515","647","332","711","383","742","444","815","460","854","494","856","251","276"
"NL-0107-19-16-2024-K01-5672.dw.png","329","422","344","447","282","530","344","508","429","476","325","622","319","688","333","664","391","688","393","653","450","667","495","649","536","649","366","754","425","771","502","825","527","861","563","854","192","327"
"NL-0107-19-16-2024-K01-5674.dw.png","329","452","348","475","303","573","354","535","431","489","349","645","347","714","360","685","418","705","415","661","472","675","518","652","558","649","400","777","460","786","542","834","572","870","608","859","181","375"
"NL-0107-19-16-2024-K01-5675.dw.png","287","478","313","498","283","598","334","557","401","495","354","667","370","732","375","702","437","703","428","668","485","666","519","632","557","618","441","779","495","771","586","795","625","823","657","806","125","441"
"NL-0107-19-16-2024-K01-5677.dw.png","339","466","356","487","313","585","364","544","441","496","365","661","363","722","376","697","434","713","430","667","487","681","532","654","572","647","416","780","481","791","566","838","597","871","631","862","185","397"
"NL-0107-19-16-2024-K01-5678.dw.png","715","289","692","313","603","271","636","326","690","398","524","336","457","347","486","356","475","418","509","411","513","466","543","507","554","546","404","410","403","469","371","558","342","594","360","625","769","133"
"NL-0107-19-16-2024-K01-5679.dw.png","382","394","392","423","318","500","380","477","470","469","339","589","317","649","338","627","386","663","398","622","447","651","497","642","536","652","346","720","400","750","465","820","484","863","518","864","261","273"
"NL-0107-19-16-2024-K01-5680.dw.png","316","427","333","456","276","539","333","517","417","482","321","626","318","695","331","670","389","694","389","656","443","670","487","649","527","647","367","760","423","773","502","825","529","861","563","853","177","337"
"NL-0107-19-16-2024-K01-5681.dw.png","344","424","357","449","293","527","351","502","437","481","325","612","318","688","333","661","386","688","392","647","446","675","489","662","530","664","358","754","412","779","487","848","511","892","544","879","206","310"
"NL-0107-19-16-2024-K01-5682.dw.png","332","412","341","439","264","504","327","495","419","489","283","601","260","662","281","638","329","676","341","645","389","676","441","664","482","671","287","734","337","765","403","844","417","884","453","893","214","285"
"NL-0107-19-16-2024-K01-5683.dw.png","339","413","352","445","280","513","344","505","436","485","313","613","298","678","316","655","372","691","378","652","432","674","479","660","521","667","338","754","392","776","462","840","482","880","519","876","211","303"
"NL-0107-19-16-2024-K01-5684.dw.png","318","474","338","499","294","592","347","552","425","511","347","670","349","736","361","711","419","727","416","689","473","699","515","673","554","666","399","791","461","805","551","858","577","888","612","876","168","411"
"NL-0107-19-16-2024-K01-5685.dw.png","269","514","290","535","251","634","302","593","378","538","308","710","309","772","321","743","383","757","376","714","434","720","477","690","518","681","369","829","432","835","519","874","554","909","589","898","108","448"
"NL-0107-19-16-2024-K01-5686.dw.png","346","463","359","495","291","571","353","552","443","529","326","662","313","732","330","707","386","739","391","700","445","719","493","704","534","708","355","806","412","825","482","886","505","926","543","921","213","360"
"NL-0107-19-16-2024-K01-5687.dw.png","324","527","340","550","284","635","341","605","427","575","329","718","325","791","338","762","396","782","397","749","453","763","497","739","539","735","368","849","428","865","516","925","542","961","576","949","177","443"
"NL-0107-19-16-2024-K01-5688.dw.png","338","454","352","479","288","559","348","531","434","509","323","649","306","707","326","685","381","715","386","673","442","693","490","676","533","678","351","781","410","802","488","865","510","903","546","899","199","345"
"NL-0107-19-16-2024-K01-5689.dw.png","374","412","386","440","316","519","377","493","465","473","341","601","320","662","342","640","394","677","404","637","455","662","503","649","544","657","357","737","414","762","482","833","502","874","537","874","245","293"
"NL-0107-19-16-2024-K01-5690.dw.png","342","430","360","454","305","544","361","509","443","470","350","623","343","687","358","660","416","684","415","640","472","656","521","634","563","632","392","752","454","765","536","820","561","852","596","847","187","341"
"NL-0107-19-16-2024-K01-5691.dw.png","321","445","338","468","285","563","344","529","431","490","333","646","329","711","344","684","403","706","402","661","460","674","503","651","549","649","380","773","442","787","526","841","552","875","588","868","169","362"
"NL-0107-19-16-2024-K01-5692.dw.png","438","589","464","576","544","639","514","583","497","496","630","605","697","617","673","600","699","550","665","545","688","491","671","445","671","404","761","580","786","526","855","450","895","429","893","395","336","725"
"NL-0107-19-16-2024-K01-5693.dw.png","323","428","341","453","290","541","344","509","423","475","336","619","333","684","347","661","401","680","400","643","456","659","498","636","536","630","379","742","437","759","517","811","542","842","575","835","179","352"
"NL-0107-19-16-2024-K01-5694.dw.png","354","498","371","517","329","611","381","574","460","529","388","689","393","756","403","729","463","744","458","707","518","714","558","687","598","676","447","810","509","819","604","868","635","899","669","891","197","438"
"NL-0107-19-16-2024-K01-5695.dw.png","328","438","346","463","284","542","346","515","427","484","326","628","315","690","331","665","390","693","391","643","446","665","494","647","536","647","359","754","423","774","500","831","526","869","562","865","179","338"
"NL-0107-19-16-2024-K01-5696.dw.png","353","431","367","456","307","534","364","514","446","485","343","621","333","691","349","664","402","692","406","655","460","677","505","661","545","659","371","752","429","776","508","845","529","879","563","875","215","334"
"NL-0107-19-16-2024-K01-5697.dw.png","352","484","367","507","311","599","367","567","451","529","354","678","345","747","362","719","419","742","420","700","479","719","526","696","569","694","393","810","457","830","539","884","571","927","608","922","204","394"
"NL-0107-19-16-2024-K01-5698.dw.png","339","436","354","460","297","544","353","510","434","486","334","619","327","689","344","664","399","688","400","651","454","671","499","650","539","649","370","749","431","769","508","828","534","864","567","859","193","342"
"NL-0107-19-16-2024-K01-5699.dw.png","335","500","353","522","304","614","358","576","437","534","351","691","346","757","361","730","420","751","417","707","474","719","519","696","561","692","399","822","462","835","545","887","573","921","608","911","184","423"
"NL-0107-19-16-2024-K01-5700.dw.png","353","420","367","448","302","529","360","500","447","479","334","612","319","678","338","658","391","691","394","645","450","669","493","655","533","654","356","745","414","770","488","840","507","875","542","873","215","317"
"NL-0107-19-16-2024-K01-5701.dw.png","329","471","345","494","281","577","344","555","430","519","324","664","312","728","330","701","386","728","390","686","447","705","495","686","536","687","359","797","419","815","500","874","523","908","559","901","183","379"
"NL-0108-19-16-2024-K02-5703.dw.png","365","377","378","408","313","475","371","460","462","445","347","563","335","638","354","610","402","631","410","603","461","628","505","616","546","622","371","699","422","723","498","793","520","832","555","829","236","270"
"NL-0108-19-16-2024-K02-5704.dw.png","320","415","338","445","282","523","338","492","423","466","326","604","325","678","337","650","391","666","393","630","448","650","490","632","532","631","372","738","425","751","506","810","533","846","567","835","178","335"
"NL-0108-19-16-2024-K02-5705.dw.png","355","435","371","457","311","542","372","512","458","479","356","626","357","695","368","666","424","684","427","652","484","670","527","647","570","646","404","755","452","763","544","827","573","865","607","853","204","350"
"NL-0108-19-16-2024-K02-5706.dw.png","357","439","370","466","307","543","366","511","455","504","343","628","334","701","350","674","405","705","410","657","465","691","511","676","551","680","380","777","434","797","512","860","532","893","568","889","220","341"
"NL-0108-19-16-2024-K02-5708.dw.png","308","417","325","444","265","520","323","500","410","470","309","610","307","684","321","656","371","669","376","640","433","661","477","643","519","642","351","745","404","759","488","822","513","860","548","850","160","320"
"NL-0108-19-16-2024-K02-5709.dw.png","330","452","345","482","281","560","342","537","434","515","321","650","314","723","328","693","385","726","389","675","445","704","489","691","531","694","356","790","415","813","492","877","512","909","548","904","182","356"
"NL-0108-19-16-2024-K02-5710.dw.png","362","467","378","494","319","569","375","544","458","519","360","654","355","722","368","697","423","724","424","677","479","701","520","685","560","687","400","787","452","805","532","862","557","899","592","888","226","376"
"NL-0108-19-16-2024-K02-5711.dw.png","362","419","371","445","298","509","360","503","446","490","320","605","300","673","320","649","366","676","377","642","425","677","473","666","511","677","326","736","378","766","441","845","455","881","492","875","240","305"
"NL-0108-19-16-2024-K02-5712.dw.png","350","439","360","464","287","541","350","522","438","499","314","630","299","698","317","672","367","705","377","665","428","699","471","690","512","696","333","768","383","792","452","870","469","913","505","906","223","316"
"NL-0108-19-16-2024-K02-5713.dw.png","332","460","343","483","275","554","336","532","425","519","306","639","293","712","311","687","362","713","371","672","423","702","467","690","508","699","329","780","383","802","458","875","477","914","512","909","198","352"
"NL-0108-19-16-2024-K02-5714.dw.png","376","440","388","471","320","536","380","516","466","507","350","623","338","695","354","672","403","702","411","666","461","698","505","686","545","693","372","767","422","791","492","864","511","901","547","898","251","333"
"NL-0108-19-16-2024-K02-5715.dw.png","344","456","356","481","287","549","349","529","433","511","319","630","309","701","325","675","375","712","384","662","435","699","479","689","518","695","347","771","398","791","470","860","492","901","527","894","208","344"
"NL-0108-19-16-2024-K02-5716.dw.png","376","452","387","474","326","548","382","535","468","504","357","634","347","702","362","676","410","700","418","669","472","689","516","675","557","680","381","768","434","790","511","861","529","899","565","889","240","344"
"NL-0108-19-16-2024-K02-5717.dw.png","383","442","400","466","350","546","404","523","485","481","397","626","402","703","413","672","464","682","464","649","525","666","567","644","609","639","449","757","508","770","598","825","626","857","659","844","235","360"
"NL-0108-19-16-2024-K02-5718.dw.png","299","435","317","466","258","539","314","514","404","493","299","621","297","697","311","666","363","683","369","652","424","674","466","657","510","659","339","759","395","778","475","836","504","877","538","868","156","346"
"NL-0108-19-16-2024-K02-5719.dw.png","337","471","351","495","296","577","352","548","432","518","335","656","332","725","345","695","396","726","400","677","449","704","492","689","533","691","373","786","423","800","502","865","525","899","557","893","196","387"
"NL-0108-19-16-2024-K02-5720.dw.png","344","438","359","463","303","548","362","514","447","481","350","626","349","698","361","667","416","693","418","649","473","672","517","655","558","655","395","759","448","771","534","833","560","870","596","863","190","350"
"NL-0108-19-16-2024-K02-5721.dw.png","341","498","359","524","302","604","358","571","444","544","344","679","344","757","356","728","411","750","414","706","468","731","510","713","550","715","391","819","443","832","523","886","549","925","586","918","190","414"
"NL-0108-19-16-2024-K02-5722.dw.png","347","454","361","478","298","550","359","537","449","505","342","639","340","718","354","687","404","701","408","667","465","688","509","671","553","672","380","775","436","789","520","853","545","890","581","882","200","362"
"NL-0108-19-16-2024-K02-5723.dw.png","365","488","380","511","323","585","381","560","459","530","367","669","366","746","379","714","430","730","431","698","489","718","530","698","570","697","410","805","461","817","539","873","567","913","601","901","224","413"
"NL-0108-19-16-2024-K02-5724.dw.png","361","473","376","503","313","577","371","550","457","529","349","661","345","734","357","702","410","723","415","684","471","708","512","691","554","694","384","793","440","811","517","874","543","913","578","903","225","379"
"NL-0108-19-16-2024-K02-5725.dw.png","357","486","373","514","312","592","369","563","454","538","353","676","348","751","362","724","413","738","416","705","472","726","515","712","557","712","391","814","444","831","525","894","553","934","587","925","220","397"
"NL-0108-19-16-2024-K02-5727.dw.png","315","452","332","480","273","555","332","531","418","507","314","634","313","712","326","683","380","710","384","665","437","691","479","674","519","677","356","777","410","794","487","852","510","888","547","881","172","365"
"NL-0108-19-16-2024-K02-5728.dw.png","349","434","363","460","299","529","359","517","442","490","335","617","329","693","345","664","392","681","398","653","455","676","499","660","541","661","366","754","421","772","499","840","521","875","557","870","214","333"
"NL-0108-19-16-2024-K02-5729.dw.png","368","390","384","414","326","498","384","466","469","438","369","581","366","651","380","623","434","643","436","602","489","622","532","603","572","603","409","709","466","724","546","781","570","814","603","803","224","304"
"NL-0108-19-16-2024-K02-5730.dw.png","370","393","384","416","320","493","381","470","467","442","360","582","353","650","369","625","422","647","427","613","482","636","523","620","565","620","398","717","452","738","528","801","551","838","584","825","235","284"
"NL-0108-19-16-2024-K02-5731.dw.png","358","384","370","411","304","482","363","468","449","447","335","571","324","641","340","616","387","637","394","604","447","633","492","620","533","625","355","703","407","725","482","799","500","832","534","829","226","274"
"NL-0108-19-16-2024-K02-5732.dw.png","322","410","339","439","272","510","336","483","424","461","316","601","310","672","325","645","378","663","381","629","437","648","480","632","522","634","356","738","409","751","489","812","513","846","548","838","176","318"
"NL-0108-19-16-2024-K02-5735.dw.png","341","437","356","460","295","536","356","519","439","485","340","628","336","701","350","673","405","697","405","653","460","673","504","654","545","657","376","756","434","772","512","832","536","866","572","855","197","354"
"NL-0108-19-16-2024-K02-5737.dw.png","352","441","368","466","308","539","368","513","456","489","353","625","352","696","363","665","419","691","422","649","478","670","521","652","560","653","397","757","454","771","533","823","557","855","593","844","202","353"
"NL-0109-19-16-2024-K03-5738.dw.png","344","491","359","511","315","598","365","566","444","527","364","669","372","746","382","716","437","727","439","694","491","703","531","679","571","672","425","802","485","810","569","857","605","897","635","883","195","416"
"NL-0109-19-16-2024-K03-5739.dw.png","336","433","359","457","314","546","367","509","444","464","374","623","383","690","391","663","449","672","446","638","502","640","539","610","582","604","440","741","497","744","586","783","618","813","651","798","187","378"
"NL-0109-19-16-2024-K03-5740.dw.png","332","404","352","431","301","520","355","485","436","445","349","595","354","665","363","639","424","656","423","613","476","623","519","601","559","599","407","724","466","731","551","781","577","812","611","799","180","334"
"NL-0109-19-16-2024-K03-5741.dw.png","328","431","346","458","295","551","350","516","433","478","341","627","340","695","353","671","410","690","410","646","462","659","505","637","549","637","388","755","449","766","531","820","556","854","589","841","184","361"
"NL-0109-19-16-2024-K03-5742.dw.png","779","349","749","366","670","304","695","364","725","449","585","345","515","341","537","356","515","414","559","417","540","468","560","514","558","557","451","388","434","448","380","526","342","552","350","586","865","209"
"NL-0109-19-16-2024-K03-5743.dw.png","362","444","374","471","308","538","366","524","452","502","339","620","329","695","346","668","398","693","407","655","455","682","499","668","537","672","365","758","427","783","493","841","517","884","550","878","234","334"
"NL-0109-19-16-2024-K03-5744.dw.png","355","417","373","444","311","523","371","502","456","468","354","605","352","679","365","652","421","676","425","634","479","655","523","635","566","638","398","744","459","763","536","817","563","856","598","848","218","332"
"NL-0109-19-16-2024-K03-5745.dw.png","348","459","365","485","306","563","363","544","442","506","346","642","341","712","355","685","410","708","415","672","464","687","508","666","548","669","387","777","443","791","520","843","545","878","578","866","213","376"
"NL-0109-19-16-2024-K03-5746.dw.png","368","405","380","435","305","505","370","485","456","470","333","595","319","661","335","637","388","674","399","626","447","653","494","643","533","651","352","730","406","753","473","818","493","861","525","857","242","302"
"NL-0109-19-16-2024-K03-5747.dw.png","354","369","364","394","298","478","356","454","440","434","326","557","314","625","330","604","383","633","392","595","438","617","483","602","524","608","349","690","404","715","470","775","493","819","526","815","230","260"
"NL-0109-19-16-2024-K03-5748.dw.png","367","369","381","398","313","480","372","457","462","433","344","562","333","633","350","611","404","639","413","603","464","625","509","609","552","618","371","702","430","725","502","788","526","834","561","829","234","268"
"NL-0109-19-16-2024-K03-5749.dw.png","384","382","396","415","323","484","387","472","474","451","352","577","337","646","354","625","407","653","416","615","465","641","513","631","553","639","370","716","427","744","492","809","513","852","547","851","260","275"
"NL-0109-19-16-2024-K03-5750.dw.png","363","399","375","429","304","508","365","486","452","464","329","588","314","660","331","637","383","665","392","625","441","651","488","638","528","647","348","730","405","755","467","817","486","861","521","854","242","292"
"NL-0109-19-16-2024-K03-5751.dw.png","340","483","346","511","272","573","331","568","418","553","290","659","268","728","290","703","338","734","349","706","393","736","438","724","475","734","296","800","347","829","403","901","420","949","455","948","228","364"
"NL-0109-19-16-2024-K03-5752.dw.png","324","466","339","491","281","574","337","547","425","520","321","653","317","732","332","704","389","724","392","685","447","708","489","688","530","689","365","797","425","813","502","873","532","918","565","907","180","372"
"NL-0109-19-16-2024-K03-5753.dw.png","312","413","328","438","279","521","328","494","409","460","320","592","322","671","335","640","386","652","387","623","440","637","479","616","520","613","366","725","428","739","500","790","533","831","565","821","171","330"
"NL-0109-19-16-2024-K03-5754.dw.png","348","410","362","440","293","511","355","495","442","469","326","599","314","667","331","644","386","673","394","634","443","653","491","636","532","642","356","738","412","756","482","816","505","856","539","851","217","306"
"NL-0109-19-16-2024-K03-5755.dw.png","287","502","309","528","263","618","317","584","395","538","316","691","324","761","333","732","394","747","389","703","446","712","485","684","527","681","382","816","441","820","527","863","557","892","590","879","136","444"
"NL-0109-19-16-2024-K03-5756.dw.png","323","463","341","486","291","573","345","544","424","503","339","650","342","722","354","694","410","711","410","675","463","686","503","663","545","661","390","777","450","791","530","839","560","876","592","864","179","392"
"NL-0109-19-16-2024-K03-5757.dw.png","301","466","314","492","251","572","311","551","394","518","288","657","278","722","296","697","352","727","356","682","407","701","451","681","491","685","321","786","379","803","452","860","476","899","509","891","168","372"
"NL-0109-19-16-2024-K03-5758.dw.png","399","439","410","464","348","543","403","520","490","496","378","619","366","692","384","663","435","689","442","658","493","681","538","665","580","668","408","762","463","780","536","847","560","893","593","886","270","333"
"NL-0109-19-16-2024-K03-5759.dw.png","387","435","402","460","352","548","402","517","485","484","395","624","393","692","407","664","462","686","463","649","516","663","556","643","597","641","443","753","499","762","578","817","611","859","643","848","250","357"
"NL-0109-19-16-2024-K03-5760.dw.png","394","452","409","481","343","556","404","535","488","506","382","642","377","713","391","689","448","712","452","669","503","689","545","671","588","676","418","775","479","792","553","849","578","888","613","883","262","367"
"NL-0109-19-16-2024-K03-5761.dw.png","423","534","454","516","535","577","504","520","473","431","615","536","683","542","659","527","685","471","640","467","657","414","634","370","636","326","747","496","761","436","816","359","853","333","846","297","344","673"
"NL-0109-19-16-2024-K03-5762.dw.png","379","435","396","463","339","542","398","519","476","483","383","625","380","691","393","664","449","687","452","648","504","661","548","639","589","642","429","752","485","762","566","816","594","853","626","840","245","359"
"NL-0109-19-16-2024-K03-5763.dw.png","755","327","731","341","650","285","670","339","704","426","572","325","493","322","527","336","510","390","537","394","520","447","543","491","543","531","430","369","418","427","361","503","320","531","332","563","844","184"
"NL-0109-19-16-2024-K03-5764.dw.png","314","406","325","433","260","507","316","493","405","469","290","587","279","661","296","631","349","660","356","626","405","652","448","637","487","642","317","730","373","749","440","813","463","858","497","855","186","301"
"NL-0109-19-16-2024-K03-5765.dw.png","377","443","393","472","331","556","390","525","475","496","371","642","364","710","379","684","434","703","438","662","492","683","535","663","578","669","405","769","466","787","538","844","564","885","600","874","236","357"
"NL-0109-19-16-2024-K03-5766.dw.png","319","497","335","523","283","604","336","580","415","538","329","678","328","755","343","720","398","738","398","703","448","713","487","691","529","689","378","809","440","820","512","869","543","907","576","895","176","419"
"NL-0109-19-16-2024-K03-5767.dw.png","325","479","341","506","280","586","338","556","419","529","318","661","314","732","327","706","382","728","386","690","437","706","479","689","519","694","359","794","414","808","487","864","512","904","545","897","192","394"
"NL-0110-19-16-2024-K04-5770.dw.png","346","478","363","503","309","586","365","554","446","520","357","667","362","740","372","712","428","726","426","695","484","702","527","681","566","678","406","795","465","808","554","863","580","897","614","889","195","404"
"NL-0110-19-16-2024-K04-5771.dw.png","348","444","357","472","287","544","345","531","436","508","314","630","302","705","318","679","370","715","377","678","430","703","475","691","514","694","336","779","387","804","458","877","476","917","510","918","216","328"
"NL-0110-19-16-2024-K04-5772.dw.png","347","454","365","479","319","565","371","532","451","493","365","637","370","712","381","686","438","704","437","667","492","676","536","653","575","648","422","773","479","782","570","837","595","868","630","864","197","374"
"NL-0110-19-16-2024-K04-5773.dw.png","359","441","374","464","320","549","377","518","466","491","369","629","375","711","384","681","440","693","440","662","500","679","542","657","587","655","425","774","482","786","573","846","599","879","637","871","209","352"
"NL-0110-19-16-2024-K04-5774.dw.png","367","453","382","476","329","555","384","536","471","503","377","644","377","715","389","688","441","702","443","673","502","685","544","662","584","661","427","776","483","788","571","850","596","878","631","869","222","367"
"NL-0110-19-16-2024-K04-5775.dw.png","350","409","366","437","311","525","366","492","454","462","355","609","359","685","368","657","424","671","425","635","483","652","529","634","569","631","404","744","462","761","548","821","573","857","607","849","200","315"
"NL-0110-19-16-2024-K04-5776.dw.png","359","398","374","425","318","503","376","485","458","448","363","588","364","664","374","637","429","655","431","625","487","637","530","618","570","615","406","724","462","741","547","804","567","833","603","827","215","306"
"NL-0110-19-16-2024-K04-5777.dw.png","357","430","371","454","314","533","372","511","458","485","359","626","356","697","371","673","426","693","428","658","483","673","527","652","569","650","407","766","462","778","548","840","570","868","604","857","212","338"
"NL-0110-19-16-2024-K04-5778.dw.png","359","470","374","495","318","577","374","553","459","519","359","658","358","733","371","706","425","722","426","689","482","704","527","683","569","684","405","797","463","813","546","875","571","910","605","903","214","386"
"NL-0110-19-16-2024-K04-5779.dw.png","346","466","358","490","301","570","356","545","442","518","339","653","336","725","350","700","404","726","407","688","461","708","504","685","545","685","382","792","436","807","520","878","540","911","575","907","203","377"
"NL-0110-19-16-2024-K04-5780.dw.png","361","478","378","503","331","593","383","562","464","524","378","666","385","746","395","715","447","727","448","702","505","712","547","688","587","685","437","810","493","821","581","876","609","911","644","904","215","400"
"NL-0110-19-16-2024-K04-5781.dw.png","365","498","378","517","329","601","384","576","465","542","375","683","378","754","390","729","443","742","443","712","500","724","543","700","582","694","426","816","485","829","575","889","599","918","632","905","216","416"
"NL-0110-19-16-2024-K04-5782.dw.png","580","822","563","794","622","711","564","739","477","767","578","626","576","553","564","580","509","560","507","596","451","582","407","600","365","601","531","490","470","473","391","415","367","382","330","389","729","911"
"NL-0110-19-16-2024-K04-5783.dw.png","756","350","734","366","647","315","673","369","716","455","573","360","499","362","528","373","508","433","544","433","533","488","555","530","557","571","434","416","425","471","373","554","338","582","349","615","829","197"
"NL-0110-19-16-2024-K04-5784.dw.png","361","463","382","488","335","573","391","545","470","501","393","651","406","729","413","699","472","713","468","675","526","685","567","657","608","651","467","791","527","799","617","845","648","876","680","862","205","402"
"NL-0110-19-16-2024-K04-5785.dw.png","369","405","386","432","335","518","389","484","473","452","381","598","385","673","395","646","452","661","452","630","508","641","549","620","588","617","430","732","491","747","574","805","599","838","633","836","218","322"
"NL-0110-19-16-2024-K04-5786.dw.png","504","382","521","407","473","498","526","469","609","424","520","572","525","648","535","616","593","634","590","600","650","612","694","586","740","579","582","712","640","719","735","775","762","804","799","795","357","304"
"NL-0110-19-16-2024-K04-5787.dw.png","350","385","372","405","338","505","388","460","467","407","404","574","425","646","428","615","492","622","482","583","542","584","579","551","622","539","489","695","550","693","646","727","681","755","715","739","179","338"
"NL-0110-19-16-2024-K04-5788.dw.png","377","364","400","382","382","486","419","431","496","376","449","542","478","612","479","582","535","577","527","551","585","544","617","508","658","491","549","659","607","652","704","676","743","701","775","684","213","338"
"NL-0110-19-16-2024-K04-5789.dw.png","420","356","438","376","391","459","447","432","532","388","449","538","464","615","470","584","526","590","525","562","583","567","624","536","665","527","519","665","576","667","675","715","704","742","735","726","261","292"
"NL-0110-19-16-2024-K04-5790.dw.png","437","349","454","374","398","456","456","433","541","397","449","543","451","616","461","592","518","607","519","576","574","586","618","566","659","564","503","681","555","692","638","742","667","778","700","770","290","269"
"NL-0110-19-16-2024-K04-5791.dw.png","410","395","427","417","377","504","431","472","513","432","426","581","434","655","444","630","500","645","497","606","554","615","596","591","637","587","486","716","545","727","632","781","656","808","692","799","257","316"
"NL-0110-19-16-2024-K04-5792.dw.png","437","337","454","360","404","453","459","416","543","374","454","528","462","603","470","573","533","593","528","554","589","564","632","539","678","533","520","667","575","672","668","722","699","754","734","743","285","262"
"NL-0110-19-16-2024-K04-5793.dw.png","460","314","476","343","416","428","474","402","563","369","458","513","458","589","470","561","524","580","526","545","587","565","635","544","677","543","506","657","563","673","647","733","670","764","706","758","317","224"
"NL-0110-19-16-2024-K04-5794.dw.png","455","368","467","395","402","470","460","453","546","429","436","556","428","633","443","608","495","636","500","599","551","621","596","607","638","611","470","711","520","726","591","789","613","832","647","832","321","262"
"NL-0110-19-16-2024-K04-5795.dw.png","407","363","422","384","375","469","427","442","511","404","425","549","434","624","443","596","495","608","494","577","553","589","593","560","635","553","485","680","538","686","630","737","656","766","690","753","258","293"
"NL-0110-19-16-2024-K04-5796.dw.png","451","347","459","374","384","444","443","428","537","424","405","533","385","604","405","580","452","606","460","588","512","611","560","600","601","609","415","680","467","708","531","781","547","820","583","827","336","222"
"NL-0110-19-16-2024-K04-5797.dw.png","398","373","418","394","374","490","424","445","506","409","426","566","434","638","442","611","499","620","496","587","555","595","597","572","639","565","487","696","548","706","637","751","666","781","699","768","244","299"
"NL-0110-19-16-2024-K04-5798.dw.png","403","375","419","400","365","487","419","457","505","424","406","571","407","643","418","617","474","634","476","604","533","619","579","596","619","595","454","708","512","724","597","787","621","821","654","816","258","285"
"NL-0110-19-16-2024-K04-5799.dw.png","412","337","429","360","381","453","433","417","519","375","428","530","434","602","443","573","502","593","499","555","556","564","599","540","639","534","485","661","543","672","632","724","655","753","688","745","259","262"
"NL-0111-19-16-2024-K05-6619.dw.png","290","471","310","495","262","592","317","551","400","511","320","671","329","743","338","712","398","724","396","692","455","698","497","674","538","667","384","799","446","808","538","853","567","886","602","874","136","415"
"NL-0111-19-16-2024-K05-6620.dw.png","261","479","281","498","247","594","293","558","370","505","300","659","315","734","322","703","381","712","376","680","434","685","471","653","511","644","373","785","435","790","529","833","560","861","591","847","102","428"
"NL-0111-19-16-2024-K05-6621.dw.png","352","512","370","526","343","627","386","586","455","527","399","690","416","762","419","729","476","734","473","703","532","705","568","672","605","663","477","810","533","810","636","850","669","878","700","860","198","470"
"NL-0111-19-16-2024-K05-6622.dw.png","253","494","272","514","227","614","283","578","357","527","284","692","292","766","300","733","363","751","357","706","416","714","458","687","497","677","347","821","409","827","500","871","532","904","565","888","96","437"
"NL-0111-19-16-2024-K05-6623.dw.png","211","484","233","499","219","607","259","559","323","494","286","663","311","731","311","698","370","699","361","668","416","662","452","626","487","612","376","773","431","767","535","794","567","816","595","796","48","464"
"NL-0111-19-16-2024-K05-6624.dw.png","477","605","502","591","591","651","554","593","528","505","674","607","749","608","722","595","740","539","708","536","722","478","702","431","698","395","813","561","830","503","886","417","921","392","915","357","394","748"
"NL-0111-19-16-2024-K05-6625.dw.png","264","545","289","569","254","668","301","621","375","569","314","733","332","806","337","778","401","791","389","739","447","750","486","717","523","710","396","860","452","862","554","902","581","927","610","905","102","505"
"NL-0111-19-16-2024-K05-6626.dw.png","350","399","360","424","288","507","350","483","441","468","320","597","307","669","323","643","378","674","386","640","440","664","490","653","527","657","345","744","400","767","477","841","495","880","532","878","220","291"
"NL-0111-19-16-2024-K05-6627.dw.png","341","406","359","432","312","522","362","486","441","451","362","598","368","670","376","639","430","655","428","621","484","633","528","605","565","601","419","729","477","738","564","788","592","817","625","808","196","334"
"NL-0111-19-16-2024-K05-6628.dw.png","345","429","362","455","307","539","362","512","445","471","352","622","355","694","365","664","422","681","422","650","479","661","521","637","563","634","401","754","460","766","543","815","573","851","609","841","197","345"
"NL-0111-19-16-2024-K05-6629.dw.png","377","358","388","385","315","462","377","437","465","425","347","556","334","626","350","599","404","629","410","596","464","620","512","609","550","613","370","697","428","724","500","789","520","828","555","826","245","248"
"NL-0111-19-16-2024-K05-6631.dw.png","350","401","356","427","276","498","339","486","431","479","292","586","268","657","288","635","334","671","348","634","395","669","445","661","482","672","290","730","343","767","402","844","414","883","450","883","242","277"
"NL-0111-19-16-2024-K05-6632.dw.png","789","302","768","316","668","264","705","322","745","404","588","317","515","323","540","332","520","394","565","390","547","449","569","494","576","530","452","374","438","437","391","523","356","551","364","585","866","149"
"NL-0111-19-16-2024-K05-6633.dw.png","339","406","353","430","289","522","349","493","440","466","324","605","317","679","331","649","385","670","391","640","448","662","496","642","539","645","358","746","415","766","497","835","518","869","555","862","198","315"
"NL-0111-19-16-2024-K05-6634.dw.png","292","468","313","490","271","591","321","544","404","502","329","663","340","737","349","707","407","716","405","683","462","688","505","661","542","655","395","792","456","797","553","842","582","872","617","865","133","410"
"NL-0111-19-16-2024-K05-6635.dw.png","302","439","320","462","264","542","324","518","404","478","315","626","316","701","328","673","384","689","384","649","440","666","481","640","521","636","365","760","424","773","506","823","535","861","570","851","151","359"
"NL-0111-19-16-2024-K05-6636.dw.png","291","454","306","477","249","565","307","531","398","501","300","647","302","722","315","694","375","714","374","672","434","691","479","671","518","669","355","786","416","799","503","852","530","886","565","878","133","378"
"NL-0111-19-16-2024-K05-6637.dw.png","271","430","287","453","230","542","288","508","376","484","276","625","276","702","289","673","344","693","348","655","404","674","449","650","488","648","321","763","378","779","467","842","490","877","524","866","121","350"
"NL-0111-19-16-2024-K05-6638.dw.png","321","434","336","460","279","543","334","522","417","485","319","620","317","694","330","665","386","695","388","647","438","670","482","649","520","651","365","757","418","773","499","829","521","859","554","853","184","353"
"NL-0111-19-16-2024-K05-6639.dw.png","348","439","362","465","300","553","359","520","447","497","342","638","337","711","352","685","409","707","413","673","470","693","515","673","556","673","385","780","445","799","528","860","551","895","586","890","205","346"
"NL-0111-19-16-2024-K05-6640.dw.png","319","473","327","491","262","567","320","553","410","528","292","656","279","733","296","706","350","733","357","701","411","728","459","715","496","721","316","804","372","826","445","893","466","939","501","936","195","373"
"NL-0111-19-16-2024-K05-6641.dw.png","346","411","361","440","297","520","356","495","442","465","338","610","331","679","345","648","399","671","402","642","457","661","503","638","545","639","375","746","431","763","509","824","535","864","572","858","203","311"
"NL-0111-19-16-2024-K05-6642.dw.png","319","459","334","483","277","566","334","538","418","504","320","655","317","725","329","692","383","713","385","682","443","697","488","676","526","674","357","783","415","798","497","858","524","899","560","892","170","365"
"NL-0111-19-16-2024-K05-6643.dw.png","331","487","344","509","287","602","344","565","432","537","334","685","335","759","347","731","404","753","406","714","462","732","508","709","545","704","383","825","441","840","526","896","553","930","585","922","185","403"
"NL-0112-19-16-2024-K06-6644.dw.png","339","472","357","497","304","579","358","550","440","517","350","657","352","728","364","700","419","718","421","683","477","697","519","674","561","670","404","789","459","801","545","853","575","889","607","878","192","391"
"NL-0112-19-16-2024-K06-6645.dw.png","323","443","341","475","283","550","340","526","425","496","326","634","323","705","336","679","393","708","397","668","448","685","491","667","533","664","368","772","421","789","502","852","527","888","563","879","182","347"
"NL-0112-19-16-2024-K06-6646.dw.png","310","426","330","452","276","530","333","500","415","462","328","607","334","680","344","654","401","673","399","627","452","643","494","622","535","617","384","739","438","748","525","796","551","827","584","810","159","353"
"NL-0112-19-16-2024-K06-6647.dw.png","323","369","341","398","284","477","341","452","425","422","327","562","326","631","338","606","393","628","394","590","450","605","492","583","532","582","373","694","424","707","508","759","533","793","565","781","184","288"
"NL-0112-19-16-2024-K06-6648.dw.png","325","409","342","437","284","518","342","488","428","460","329","602","327","673","340","646","395","667","398","632","455","652","500","630","539","629","372","735","428","752","515","815","539","848","574","841","177","321"
"NL-0112-19-16-2024-K06-6649.dw.png","346","468","362","493","308","577","362","546","445","512","349","647","349","718","360","689","413","708","417","676","470","691","514","670","552","669","395","778","447","793","532","848","556","881","591","875","196","391"
"NL-0112-19-16-2024-K06-6650.dw.png","307","437","328","465","276","543","333","516","416","483","330","623","338","693","346","665","404","683","402","648","458","659","498","635","535","632","394","755","443","763","535","814","559","839","590","825","159","369"
"NL-0112-19-16-2024-K06-6651.dw.png","313","448","332","477","273","555","332","531","421","504","320","638","319","709","333","682","391","706","392","662","445","676","488","658","528","658","366","771","425","784","509","842","534","875","567","867","161","367"
"NL-0112-19-16-2024-K06-6652.dw.png","352","457","369","481","315","558","373","533","456","499","366","640","370","713","380","685","439","700","439","664","495","679","536","658","580","655","422","773","480","786","567","840","595","875","628","862","204","381"
"NL-0112-19-16-2024-K06-6653.dw.png","328","469","346","493","290","576","348","550","431","514","340","661","339","730","351","704","409","724","409","683","468","700","512","679","550","672","390","791","447","806","534","857","563","890","597","879","180","387"
"NL-0112-19-16-2024-K06-6654.dw.png","791","321","767","339","674","294","716","343","749","423","604","338","538","340","563","350","550","404","578","406","570","461","592","503","595","542","481","390","468","444","420","528","387","556","395","589","862","171"
"NL-0112-19-16-2024-K06-6655.dw.png","318","406","339","439","284","514","340","489","427","454","335","597","338","665","348","640","406","659","408","623","461","634","502","615","542","615","392","728","441","736","533","795","564","830","594","819","165","319"
"NL-0112-19-16-2024-K06-6656.dw.png","400","446","416","476","363","556","414","526","497","497","403","635","404","707","414","680","467","701","470","663","523","682","565","664","604","663","449","770","500","788","586","848","608","878","642","867","266","352"
"NL-0112-19-16-2024-K06-6657.dw.png","358","490","377","516","332","598","380","565","457","529","381","674","386","742","395","716","452","735","448","688","503","706","542","681","582","675","439","801","492","814","585","863","614","894","645","881","215","423"
"NL-0112-19-16-2024-K06-6658.dw.png","333","406","349","441","283","505","343","484","428","470","318","593","310","662","324","640","380","669","385","625","434","649","479","633","518","640","355","734","404","751","484","816","506","849","537","842","198","308"
"NL-0112-19-16-2024-K06-6659.dw.png","486","545","515","531","584","594","562","535","544","449","666","558","739","566","716","551","741","499","708","492","726","440","710","397","712","358","811","521","831","472","896","395","931","375","923","342","394","674"
"NL-0112-19-16-2024-K06-6660.dw.png","339","412","356","440","294","510","353","491","435","466","332","592","326","664","341","641","392","658","398","635","452","649","495","631","535","632","371","734","420","748","498","810","521","845","556","839","198","318"
"NL-0112-19-16-2024-K06-6661.dw.png","315","430","330","459","272","540","328","515","414","492","307","621","300","689","314","666","367","690","372","658","424","676","468","661","505","661","341","760","391","780","471","846","488","877","521","871","182","338"
"NL-0112-19-16-2024-K06-6662.dw.png","334","462","349","486","290","553","348","529","430","509","332","637","331","706","343","680","395","701","399","666","453","686","495","670","533","668","375","767","425","780","511","842","534","874","566","865","193","373"
"NL-0112-19-16-2024-K06-6663.dw.png","309","398","328","423","284","506","333","474","412","439","333","580","339","649","349","625","401","638","401","607","455","614","492","591","528","587","392","711","442","719","527","769","548","792","582","781","164","325"
"NL-0112-19-16-2024-K06-6664.dw.png","302","453","321","481","270","560","324","528","408","494","321","638","324","707","335","681","391","694","390","658","445","669","484","648","526","645","375","764","428","772","516","821","544","854","576","840","156","375"
"NL-0112-19-16-2024-K06-6665.dw.png","325","442","342","468","288","544","344","525","431","495","337","625","340","703","351","673","404","690","405","658","462","674","504","654","546","653","390","766","443","779","532","835","556","866","587","854","187","366"
"NL-0112-19-16-2024-K06-6666.dw.png","824","340","801","357","712","307","743","361","780","443","634","354","565","356","590","368","574","423","611","424","594","481","617","526","623","566","502","409","488","463","436","552","407","577","418","610","908","194"
"NL-0112-19-16-2024-K06-6667.dw.png","402","378","404","406","317","453","378","457","463","467","316","542","280","601","302","586","339","629","358","601","398","637","443","640","476","655","289","675","327","715","368","800","372","840","403","847","320","239"
"NL-0112-19-16-2024-K06-6668.dw.png","331","388","349","418","293","499","349","468","434","441","338","579","340","654","352","627","407","648","408","610","464","626","506","602","544","599","390","717","439","730","527","787","551","816","584","806","191","309"
"NL-0112-19-16-2024-K06-6669.dw.png","321","388","341","415","290","503","344","469","425","433","335","580","339","651","349","624","408","643","408","601","463","616","504","595","544","594","389","712","442","724","531","777","554","806","587","793","178","322"
"NL-0112-19-16-2024-K06-6670.dw.png","365","439","374","466","304","537","363","519","451","509","329","622","311","690","330","668","378","698","388","664","440","693","483","685","526","691","347","769","393","792","463","866","481","907","517","903","247","321"
"NL-0112-19-16-2024-K06-6671.dw.png","445","595","469","578","552","632","523","572","487","488","640","576","708","569","682","562","699","500","661","502","671","444","647","403","643","363","767","516","777","459","825","370","856","343","848","308","371","745"
"NL-0112-19-16-2024-K06-6672.dw.png","358","416","363","447","280","495","340","495","427","503","285","581","252","649","274","630","316","667","332","640","378","678","422","678","458","693","267","725","309","762","360","850","368","892","401","897","269","283"
"NL-0112-19-16-2024-K06-6673.dw.png","313","468","326","492","263","564","323","539","410","521","299","649","293","719","306","692","358","717","365","681","420","708","466","694","505","696","335","788","385","808","465","873","485","908","521","900","175","370"
"NL-0113-19-16-2024-K07-6674.dw.png","866","366","852","389","746","384","790","421","872","474","695","455","637","482","667","478","670","541","703","527","715","585","756","614","776","649","601","557","613","611","603","713","589","747","613","774","888","208"
"NL-0113-19-16-2024-K07-6675.dw.png","847","463","826","474","745","410","766","468","791","557","656","446","592","437","617","451","593","504","626","511","603","565","625","611","626","652","522","481","504","535","441","615","410","636","415","672","950","333"
"NL-0113-19-16-2024-K07-6676.dw.png","435","376","451","396","408","492","458","460","540","410","457","560","462","627","471","598","530","614","528","579","586","587","627","557","670","552","520","684","575","690","663","730","690","756","726","745","285","307"
"NL-0113-19-16-2024-K07-6677.dw.png","462","312","475","341","410","424","467","410","554","376","440","505","428","570","445","545","498","575","505","537","556","565","602","545","641","550","470","643","524","662","593","722","613","757","649","751","336","210"
"NL-0113-19-16-2024-K07-6678.dw.png","456","329","471","356","414","440","470","423","554","381","453","517","451","587","464","559","517","577","520","541","576","564","619","541","661","542","499","651","556","663","630","714","661","755","697","747","317","242"
"NL-0113-19-16-2024-K07-6679.dw.png","462","355","476","375","421","467","474","441","562","399","460","550","456","613","468","587","524","604","528","577","587","594","635","569","675","564","507","681","562","695","649","752","676","788","712","777","322","262"
"NL-0113-19-16-2024-K07-6680.dw.png","481","329","494","353","435","443","489","408","575","387","468","520","460","588","474","560","530","596","536","550","587","574","635","555","672","559","508","658","557","673","632","728","662","774","699","767","347","233"
"NL-0113-19-16-2024-K07-6681.dw.png","467","362","479","387","414","472","471","458","561","419","445","556","437","618","450","594","503","623","510","585","565","609","613","593","653","595","479","689","531","709","611","775","628","804","665","797","339","253"
"NL-0113-19-16-2024-K07-6682.dw.png","587","362","594","389","515","455","576","448","674","441","534","547","513","613","532","591","579","627","591","586","642","624","692","616","732","626","545","689","590","712","660","794","678","838","714","838","482","245"
"NL-0113-19-16-2024-K07-6683.dw.png","860","418","842","441","745","415","786","460","853","528","684","486","623","504","652","509","652","568","684","558","687","616","726","648","741","689","578","577","583","635","562","732","538","771","559","800","894","257"
"NL-0113-19-16-2024-K07-6684.dw.png","833","352","818","374","714","366","760","403","833","462","659","435","600","460","630","459","635","517","668","504","675","562","716","596","732","624","561","533","574","581","558","685","538","726","563","752","855","186"
"NL-0113-19-16-2024-K07-6685.dw.png","392","532","404","513","512","524","469","485","392","422","571","452","630","426","601","428","590","373","562","382","554","321","514","288","496","250","668","354","659","301","674","197","693","162","667","131","367","696"
"NL-0113-19-16-2024-K07-6686.dw.png","854","419","829","442","730","403","762","454","823","527","663","458","597","468","625","475","616","535","652","528","645","587","678","627","685","667","539","536","541","588","505","676","473","714","492","746","911","266"
"NL-0113-19-16-2024-K07-6687.dw.png","858","537","833","551","742","495","774","548","807","636","668","533","604","528","631","541","607","595","643","599","622","654","643","701","643","742","537","576","520","630","464","716","433","742","438","777","951","400"
"NL-0113-19-16-2024-K07-6688.dw.png","332","452","353","435","450","477","415","427","365","345","523","426","595","419","567","410","578","353","535","355","551","295","522","252","515","210","653","360","657","306","704","210","737","178","721","145","257","600"
"NL-0114-19-16-2024-K08-6689.dw.png","296","471","313","493","263","577","319","553","396","505","312","654","314","724","325","690","385","710","385","675","442","688","482","662","518","655","367","781","426","787","521","844","545","873","578","861","142","400"
"NL-0114-19-16-2024-K08-6690.dw.png","492","332","501","354","431","435","488","421","584","388","456","525","442","592","458","567","509","604","519","566","571","591","618","580","663","585","478","670","530","696","602","768","620","803","656","799","367","216"
"NL-0114-19-16-2024-K08-6691.dw.png","530","346","537","366","461","451","522","425","614","410","480","538","461","601","480","575","526","610","540","571","588","601","638","597","679","606","491","674","539","700","610","779","628","820","665","819","417","221"
"NL-0114-19-16-2024-K08-6692.dw.png","555","384","563","412","484","476","544","465","636","460","500","561","473","627","495","606","541","646","557","608","600","647","651","637","692","650","504","706","550","737","616","820","631","865","666","869","457","257"
"NL-0114-19-16-2024-K08-6693.dw.png","524","309","535","334","464","416","523","404","616","370","490","505","475","571","491","544","547","578","555","544","611","573","660","557","697","559","516","646","568","665","650","747","666","778","704","780","399","201"
"NL-0114-19-16-2024-K08-6694.dw.png","458","300","476","325","428","419","480","388","557","342","474","493","478","563","486","534","545","558","543","508","599","530","641","503","681","501","533","626","588","635","677","685","708","720","743","711","319","212"
"NL-0114-19-16-2024-K08-6695.dw.png","529","347","540","368","473","454","531","432","625","406","499","539","488","608","503","583","561","612","570","575","625","602","676","589","718","590","529","679","581","701","672","783","693","819","730","816","400","239"
"NL-0114-19-16-2024-K08-6696.dw.png","558","330","565","355","484","434","546","415","639","404","498","526","477","592","495","569","544","610","560","568","607","600","656","596","699","607","504","668","550","696","621","781","636","820","674","823","448","202"
"NL-0114-19-16-2024-K08-6697.dw.png","876","458","858","475","760","430","794","483","842","562","685","476","616","480","645","489","626","549","663","549","650","607","675","648","680","691","558","533","547","591","496","683","459","715","471","753","952","305"
"NL-0114-19-16-2024-K08-6698.dw.png","594","351","601","374","520","459","577","441","673","423","530","539","506","602","526","580","574","623","591","581","636","620","684","619","727","632","530","681","577","711","643","802","656","847","693","853","488","218"
"NL-0114-19-16-2024-K08-6699.dw.png","629","353","631","378","539","425","602","432","696","436","533","516","496","578","520","557","561","601","584","569","621","616","670","623","709","640","507","657","545","694","593","790","600","833","637","837","554","205"
"NL-0114-19-16-2024-K08-6700.dw.png","582","332","590","364","508","422","572","418","664","410","522","520","501","587","520","565","569","602","583","570","632","604","679","596","721","604","531","667","577","697","641","774","659","826","695","829","480","202"
"NL-0114-19-16-2024-K08-6701.dw.png","551","370","560","393","493","484","548","460","641","429","518","565","505","634","521","609","571","643","580","601","632","628","682","618","725","622","543","710","591","733","668","808","686","845","722","844","430","268"
"NL-0114-19-16-2024-K08-6702.dw.png","826","440","808","459","713","423","746","476","808","548","640","485","575","500","602","505","590","570","630","562","626","621","660","658","672","697","524","565","523","620","482","728","455","762","469","796","882","284"
"NL-0114-19-16-2024-K08-6703.dw.png","880","437","863","461","751","434","796","479","864","550","690","488","621","505","649","511","641","576","675","568","678","628","712","669","727","707","572","572","570","634","534","735","510","767","530","799","936","272"
"NL-0114-19-16-2024-K08-6704.dw.png","428","434","447","450","417","547","467","513","540","452","482","617","508","689","509","658","572","667","562","629","617","630","655","599","697","585","575","738","629","738","739","775","766","796","797","776","270","387"
"NL-0114-19-16-2024-K08-6705.dw.png","464","353","475","376","409","455","466","444","554","412","437","539","429","611","443","584","497","622","504","582","554","605","602","590","639","592","469","683","520","703","599","778","618","811","654","809","339","247"
"NL-0114-19-16-2024-K08-6706.dw.png","524","361","535","384","466","465","527","443","617","420","496","551","485","617","500","594","556","628","564","594","620","619","667","603","703","604","524","688","578","713","662","790","681","823","715","816","396","250"
"NL-0114-19-16-2024-K08-6707.dw.png","869","464","851","482","751","441","779","494","836","572","670","497","599","508","628","515","615","574","645","573","639","634","668","674","680","717","541","568","536","622","482","723","447","759","457","796","944","313"
"NL-0114-19-16-2024-K08-6708.dw.png","826","489","805","504","711","455","740","508","790","589","640","498","574","497","598","509","568","570","616","569","603","622","627","664","631","701","511","551","497","608","445","692","414","718","425","752","901","348"
"NL-0114-19-16-2024-K08-6709.dw.png","810","485","788","504","697","459","721","511","771","589","622","507","551","515","580","523","563","582","598","581","586","643","610","684","618","723","492","571","482","626","425","730","393","760","403","793","884","337"
"NL-0114-19-16-2024-K08-6710.dw.png","465","326","485","350","440","449","494","414","577","360","493","523","504","597","512","567","575","582","572","543","630","548","674","518","715","508","566","654","626","658","726","703","759","735","793","717","310","256"
"NL-0114-19-16-2024-K08-6711.dw.png","488","355","508","379","463","463","514","436","594","385","515","539","529","613","536","586","594","591","595","566","652","577","693","545","734","537","590","671","643","677","750","730","783","760","816","746","335","285"
"NL-0114-19-16-2024-K08-6712.dw.png","852","494","836","509","735","465","770","520","821","600","654","521","585","531","614","538","602","597","641","595","628","657","658","701","665","743","531","587","522","644","467","752","438","782","452","819","916","344"
"NL-0114-19-16-2024-K08-6713.dw.png","508","350","520","373","456","460","512","438","600","406","484","540","473","605","488","577","543","612","551","573","604","602","651","583","690","585","515","680","571","704","652","781","668","812","704","808","379","238"
"NL-0114-19-16-2024-K08-6714.dw.png","555","375","567","397","504","482","560","455","652","428","535","562","526","626","540","600","594","622","599","599","655","619","705","599","746","602","568","697","620","716","704","785","726","818","763","816","432","268"
"NL-0114-19-16-2024-K08-6715.dw.png","348","506","366","488","470","527","439","476","380","399","544","475","614","466","587","456","600","397","571","398","578","339","550","297","538","262","671","410","681","354","739","252","769","225","761","192","261","661"
"NL-0114-19-16-2024-K08-6716.dw.png","477","312","490","332","440","432","489","399","571","358","476","503","475","579","486","547","543","575","547","533","599","553","643","536","685","534","524","645","574","658","668","723","693","756","727","745","342","225"
"NL-0114-19-16-2024-K08-6717.dw.png","444","301","460","323","413","418","463","379","546","341","457","488","461","562","471","533","535","556","533","517","590","534","632","507","671","501","515","623","575","636","671","693","696","724","729","716","287","219"
"NL-0114-19-16-2024-K08-6718.dw.png","399","421","422","435","411","537","446","489","509","424","482","592","512","661","512","631","571","626","560","593","617","587","648","547","681","526","584","697","638","691","752","711","783","727","815","707","235","402"
"NL-0115-19-16-2024-K09-7583.dw.png","563","300","577","326","516","414","572","384","668","349","552","491","548","566","562","542","616","554","620","528","679","541","729","519","772","522","593","631","647","643","742","713","764","745","801","733","419","211"
"NL-0115-19-16-2024-K09-7584.dw.png","491","314","510","340","453","432","512","400","603","360","505","520","506","590","519","562","580","582","578","540","640","556","685","531","730","526","558","650","626","667","712","718","741","753","779","742","337","240"
"NL-0115-19-16-2024-K09-7585.dw.png","272","494","284","522","209","592","276","577","369","560","244","690","229","763","248","742","302","766","309","726","364","753","413","735","453","746","269","837","320","858","398","936","418","972","454","967","135","386"
"NL-0115-19-16-2024-K09-7586.dw.png","269","491","280","518","203","594","270","577","369","564","232","687","218","769","235","738","290","766","299","733","357","756","408","742","451","751","252","839","310","866","387","944","405","979","445","975","125","376"
"NL-0115-19-16-2024-K09-7587.dw.png","244","547","259","570","202","654","260","627","347","591","248","741","248","817","262","788","318","802","319","770","377","778","422","749","461","745","296","875","359","890","449","946","472","975","506","961","84","469"
"NL-0115-19-16-2024-K09-7588.dw.png","256","544","269","566","211","653","270","625","360","589","253","736","254","814","266","785","323","804","326","769","385","783","431","761","473","762","298","878","356","894","446","952","471","990","508","981","102","450"
"NL-0115-19-16-2024-K09-7589.dw.png","237","529","254","558","188","640","251","616","338","583","230","730","224","803","238","776","295","795","300","760","357","777","403","754","442","756","267","870","325","889","407","950","428","982","463","969","88","436"
"NL-0115-19-16-2024-K09-7590.dw.png","506","332","522","356","469","451","524","420","614","373","513","528","514","601","527","573","581","589","582","550","639","566","686","541","728","539","563","661","618","671","712","727","742","763","776","750","355","255"
"NL-0115-19-16-2024-K09-7591.dw.png","460","333","475","360","417","442","475","414","567","382","465","534","464","607","476","576","532","598","533","561","591","574","637","552","678","552","508","665","569","682","650","733","676","768","713","763","315","249"
"NL-0115-19-16-2024-K09-7592.dw.png","692","254","669","272","580","220","612","278","651","366","503","274","426","279","456","290","436","355","475","352","466","411","492","452","496","493","364","335","355","398","303","490","272","518","287","552","756","88"
"NL-0115-19-16-2024-K09-7593.dw.png","248","537","272","560","235","656","285","614","359","557","305","731","321","799","326","767","384","768","377","731","437","733","477","703","516","692","380","843","443","845","544","882","576","910","606","888","75","496"
"NL-0115-19-16-2024-K09-7594.dw.png","296","510","311","533","251","613","311","589","398","551","298","699","300","772","310","744","371","766","370","722","427","736","471","717","512","718","346","833","408","851","497","912","522","943","553","925","137","433"
"NL-0115-19-16-2024-K09-7595.dw.png","287","519","302","545","236","622","298","599","385","566","279","713","275","785","289","755","343","774","346","738","404","755","451","738","492","739","316","845","375","863","458","928","480","962","517","952","134","431"
"NL-0115-19-16-2024-K09-7596.dw.png","264","547","284","570","236","656","294","625","376","576","293","733","306","813","312","779","378","796","373","758","433","760","473","731","515","727","365","871","426","876","519","920","551","954","588","941","90","478"
"NL-0115-19-16-2024-K09-7597.dw.png","266","545","284","566","236","660","293","628","374","577","292","742","300","813","310","785","369","799","368","760","423","765","465","735","503","727","354","868","415","878","509","925","534","951","567","937","103","482"
"NL-0115-19-16-2024-K09-7598.dw.png","471","326","491","347","451","448","504","407","583","350","509","521","521","589","530","565","590","573","581","529","643","534","685","502","726","492","578","642","640","647","735","686","765","713","800","695","309","270"
"NL-0115-19-16-2024-K09-7599.dw.png","861","560","830","573","760","503","777","566","802","661","659","543","586","536","613","552","591","606","626","610","605","669","620","719","617","763","526","575","502","637","433","720","397","743","403","781","952","420"
"NL-0115-19-16-2024-K09-7600.dw.png","223","603","243","622","201","720","258","682","337","627","268","799","283","873","289","841","350","848","344","812","403","809","445","774","482","763","341","922","407","925","502","960","534","988","566","970","51","554"
"NL-0115-19-16-2024-K09-7601.dw.png","263","537","281","563","224","649","283","618","366","575","273","733","275","808","286","774","344","792","344","753","405","767","449","744","489","742","324","866","385","877","480","940","499","966","535","953","102","460"
"NL-0115-19-16-2024-K09-7602.dw.png","245","531","266","550","230","642","282","606","361","548","297","712","317","787","321","755","383","759","375","725","435","721","472","689","514","679","383","837","441","835","537","865","572","893","606","878","71","487"
"NL-0115-19-16-2024-K09-7603.dw.png","259","609","285","626","260","723","307","680","367","611","340","786","366","851","367","819","422","814","410","779","470","773","504","740","540","723","430","887","492","880","589","900","629","925","657","902","92","597"
"NL-0115-19-16-2024-K09-7604.dw.png","262","567","283","590","241","682","294","643","375","590","302","761","315","836","321","803","383","811","379","776","442","776","482","745","524","736","371","888","438","893","536","932","568","964","603","946","92","508"
"NL-0115-19-16-2024-K09-7605.dw.png","650","257","625","275","541","216","566","278","609","368","451","268","377","270","406","283","385","345","428","344","419","406","443","452","445","494","312","324","300","388","245","479","212","507","224","543","725","96"
"NL-0115-19-16-2024-K09-7606.dw.png","660","253","634","270","549","207","574","272","608","361","457","257","385","256","413","270","401","327","433","329","422","389","448","435","451","476","324","306","308","369","253","460","222","485","235","519","742","96"
"NL-0115-19-16-2024-K09-7607.dw.png","259","524","272","552","199","623","265","606","359","583","235","721","226","797","243","766","297","797","303","754","361","777","409","760","451","762","261","860","319","883","401","959","419","995","456","986","112","426"
"NL-0116-19-16-2024-K10-7700.dw.png","491","310","513","335","475","433","524","395","609","339","531","503","540","575","549","543","611","552","607","521","667","521","711","492","754","481","598","625","663","628","766","672","795","698","830","680","330","262"
"NL-0116-19-16-2024-K10-7701.dw.png","527","356","541","383","481","468","539","439","630","406","521","549","515","617","530","589","588","618","588","579","649","598","696","577","741","574","564","685","625","702","710","763","734","798","773","793","388","262"
"NL-0116-19-16-2024-K10-7702.dw.png","239","505","253","530","188","609","252","590","341","561","230","704","223","773","237","745","294","767","301","727","354","751","401","732","443","734","266","840","318","858","405","924","427","960","464","951","90","415"
"NL-0116-19-16-2024-K10-7703.dw.png","265","490","276","517","195","579","264","570","361","560","218","672","197","740","217","716","269","750","282","708","338","748","384","744","423","755","227","819","282","845","350","926","367","970","400","969","141","378"
"NL-0116-19-16-2024-K10-7704.dw.png","496","648","522","637","607","702","579","644","557","553","684","670","757","683","729","666","762","611","718","603","743","549","729","500","730","462","825","646","848","590","923","507","959","488","950","452","393","791"
"NL-0116-19-16-2024-K10-7705.dw.png","222","493","239","519","181","606","237","579","323","543","221","684","214","751","228","724","284","744","287","710","342","729","386","711","428","712","260","820","317","836","397","896","425","936","460","933","73","411"
"NL-0116-19-16-2024-K10-7706.dw.png","259","513","273","538","204","608","267","594","354","567","242","710","232","776","247","747","302","765","308","742","365","760","411","745","448","743","272","843","327","864","404","932","427","972","462","967","120","419"
"NL-0116-19-16-2024-K10-7707.dw.png","665","236","634","255","560","195","582","255","615","344","468","247","394","246","425","259","413","314","443","316","427","379","446","422","451","460","331","295","318","354","258","440","219","468","226","504","749","82"
"NL-0116-19-16-2024-K10-7708.dw.png","218","573","234","598","175","683","233","647","321","612","224","768","223","837","236","807","296","827","294","786","353","799","396","778","437","772","275","901","334","912","422","965","451","1002","484","988","59","494"
"NL-0116-19-16-2024-K10-7709.dw.png","650","231","625","251","544","193","572","256","609","343","456","254","384","260","411","270","395","332","438","329","426","389","450","431","458","472","324","316","317","372","264","470","234","498","248","531","717","72"
"NL-0116-19-16-2024-K10-7710.dw.png","311","457","334","431","434","464","392","413","326","339","510","388","572","373","542","369","546","305","506","316","506","254","471","216","452","177","617","308","614","245","640","141","664","105","642","74","280","619"
"NL-0116-19-16-2024-K10-7711.dw.png","418","376","437","396","408","495","452","449","524","390","468","558","485","626","488","593","549","604","541","565","599","567","637","536","679","523","546","673","601","672","706","708","740","733","771","715","259","334"
"NL-0116-19-16-2024-K10-7712.dw.png","229","535","246","561","195","652","248","610","337","580","242","727","243","799","255","766","313","781","310","747","369","760","411","736","453","732","293","858","351","866","437","919","470","958","502","946","71","464"
"NL-0116-19-16-2024-K10-7713.dw.png","230","551","246","579","187","661","248","639","336","603","238","752","235","822","248","791","305","812","306","773","364","789","405","763","446","759","281","881","341","893","426","949","453","985","486","973","77","473"
"NL-0116-19-16-2024-K10-7714.dw.png","249","561","268","582","225","672","281","638","356","583","287","749","296","820","303","785","367","802","358","761","417","767","454","736","491","723","356","874","414","875","506","914","537","945","567","928","83","505"
"NL-0116-19-16-2024-K10-7715.dw.png","260","571","282","601","233","685","287","652","367","610","291","768","295","837","306","803","360","811","357","777","418","792","459","763","500","756","350","892","406","893","502","944","537","981","568","966","105","508"
"NL-0116-19-16-2024-K10-7716.dw.png","663","241","639","258","555","202","582","262","621","346","478","251","400","251","436","263","411","322","452","323","438","381","459","423","463","465","341","300","332","359","271","452","238","476","251","510","741","86"
"NL-0116-19-16-2024-K10-7717.dw.png","616","232","591","251","503","203","538","258","578","344","420","263","350","268","383","278","371","338","408","336","398","395","431","435","439","475","293","325","288","386","241","478","208","508","221","541","680","69"
"NL-0116-19-16-2024-K10-7718.dw.png","294","527","305","554","232","621","296","606","389","593","262","713","247","781","266","753","318","781","323","750","379","774","427","757","468","763","282","850","335","871","411","946","431","985","466","978","159","415"
"NL-0116-19-16-2024-K10-7719.dw.png","283","475","296","505","223","582","285","561","376","545","250","668","236","739","254","709","303","731","312","704","368","730","416","720","455","727","271","810","324","828","396","904","416","949","451","946","151","367"
"NL-0116-19-16-2024-K10-7720.dw.png","894","357","881","388","776","395","832","424","914","467","733","485","680","521","709","515","730","570","759","550","777","608","825","631","856","660","661","593","684","644","693","753","680","803","708","826","881","197"
"NL-0116-19-16-2024-K10-7721.dw.png","276","461","286","492","206","560","274","546","365","535","231","658","213","722","233","697","285","727","294","695","347","726","396","718","434","726","248","800","301","822","370","903","387","946","421","944","146","342"
"NL-0116-19-16-2024-K10-7722.dw.png","232","550","250","574","204","668","258","633","342","590","258","748","262","820","272","784","332","802","329","767","388","779","427","747","465","740","311","874","374","881","464","934","494","967","525","953","77","483"
"NL-0116-19-16-2024-K10-7723.dw.png","233","566","256","591","212","676","266","646","346","595","279","754","290","821","298","789","354","792","351","763","408","764","446","734","487","724","351","872","410","872","501","908","536","937","568","919","65","517"
"NL-0116-19-16-2024-K10-7724.dw.png","231","532","247","562","179","629","243","613","332","584","226","733","221","802","235","774","291","788","294","754","353","778","400","760","437","758","264","868","322","883","403","946","428","986","464","978","92","438"
"NL-0116-19-16-2024-K10-7725.dw.png","257","519","268","547","192","613","255","597","348","583","218","705","199","772","219","744","272","780","283","739","336","772","382","757","423","761","233","846","290","871","360","949","378","990","415","990","130","406"
"NL-0116-19-16-2024-K10-7726.dw.png","639","712","629","682","707","614","644","625","549","639","684","521","704","453","684","477","633","441","620","483","572","449","523","461","479","454","677","379","623","351","555","271","539","232","502","233","764","833"
"NL-0116-19-16-2024-K10-7727.dw.png","690","254","663","274","578","217","607","278","649","361","494","268","425","266","455","279","431","343","477","341","464","399","488","442","493","482","365","320","351","380","302","470","271","498","287","531","759","100"
"NL-0116-19-16-2024-K10-7728.dw.png","881","578","851","592","770","526","794","583","821","675","689","556","620","545","649","562","614","614","656","620","629","675","645","720","637","767","554","584","528","642","460","719","421","741","421","779","980","449"
"NL-0116-19-16-2024-K10-7729.dw.png","485","326","506","354","455","433","511","409","596","367","512","516","517","582","527","553","584","562","585","537","643","545","686","518","725","514","570","636","635","646","725","692","753","720","790","712","338","264"
"NL-0117-19-16-2024-K11-6559.dw.png","258","478","273","502","218","579","273","558","356","526","261","658","259","734","272","709","326","731","329","698","379","709","420","686","459","684","304","795","355","808","437","868","459","904","493","895","113","392"
"NL-0117-19-16-2024-K11-6560.dw.png","269","504","287","529","232","612","292","590","375","547","280","694","281","769","293","739","354","754","354","720","409","731","450","706","488","702","332","828","391","839","474","886","502","921","535","908","109","426"
"NL-0117-19-16-2024-K11-6561.dw.png","294","430","311","455","260","541","314","509","394","475","305","619","305","689","317","665","373","685","372","647","428","661","469","641","505","637","353","749","408","766","485","815","512","852","544","844","147","355"
"NL-0117-19-16-2024-K11-6562.dw.png","323","416","341","442","289","525","342","487","423","461","337","601","340","674","350","642","403","657","404","625","460","643","499","621","538","618","390","730","444","738","529","790","558","823","589","813","164","335"
"NL-0117-19-16-2024-K11-6563.dw.png","315","412","332","442","264","522","329","505","421","473","306","614","299","689","315","664","373","689","378","653","434","670","479","651","521","650","347","760","403","779","482","840","508","882","543","875","165","314"
"NL-0117-19-16-2024-K11-6564.dw.png","316","441","331","466","275","550","330","528","411","491","315","633","312","703","324","674","376","692","378","663","431","678","475","660","512","658","351","760","403","779","484","843","507","880","540","873","175","351"
"NL-0117-19-16-2024-K11-6565.dw.png","325","404","343","429","287","515","347","487","431","448","338","598","341","669","350","643","410","661","411","622","468","637","508","614","548","611","389","726","447","741","534","794","560","826","593","814","163","321"
"NL-0117-19-16-2024-K11-6566.dw.png","312","503","328","528","273","606","329","577","413","546","316","684","320","760","331","734","388","751","390","720","445","735","486","716","526","713","367","823","425","840","512","901","537","934","572","930","162","417"
"NL-0117-19-16-2024-K11-6567.dw.png","471","577","495","560","571","614","546","558","510","479","650","567","724","565","698","553","714","501","681","500","696","445","671","403","667","364","783","518","796","466","856","380","887","356","882","321","386","723"
"NL-0117-19-16-2024-K11-6568.dw.png","311","451","329","473","286","560","338","533","414","484","340","637","352","712","359","682","414","696","410","658","464","665","503","642","539","636","401","765","456","773","543","820","569","849","602","839","161","380"
"NL-0117-19-16-2024-K11-6569.dw.png","317","460","334","485","277","563","333","536","413","503","318","639","319","713","330","681","384","701","386","668","439","685","481","664","518","664","365","772","416","785","499","841","524","877","554","866","162","382"
"NL-0117-19-16-2024-K11-6570.dw.png","279","475","297","501","240","581","301","557","388","516","287","658","291","736","302","705","360","722","361","692","418","700","458","678","498","675","341","795","396","806","479","857","504","888","538","879","118","399"
"NL-0117-19-16-2024-K11-6571.dw.png","287","463","299","492","236","567","291","550","376","525","268","654","258","724","273","699","324","721","330","693","380","712","422","696","462","695","293","787","348","813","419","876","439","914","470","910","155","361"
"NL-0117-19-16-2024-K11-6572.dw.png","313","415","328","440","281","523","331","492","408","451","326","595","330","667","342","640","395","656","394","622","448","633","486","608","523","602","380","724","435","734","519","787","545","818","578","810","163","334"
"NL-0117-19-16-2024-K11-6573.dw.png","382","409","395","434","334","512","392","486","480","463","372","599","367","673","381","647","435","671","439","636","494","658","538","640","578","641","409","740","464","759","546","825","566","859","602","857","242","307"
"NL-0117-19-16-2024-K11-6574.dw.png","297","488","313","513","256","590","314","566","398","534","301","673","300","748","313","721","368","741","369","704","424","719","466","699","507","697","347","811","402","825","488","890","510","923","545","914","157","403"
"NL-0117-19-16-2024-K11-6575.dw.png","311","439","327","465","273","548","329","519","414","488","318","627","320","706","332","679","386","698","389","663","443","680","484","658","524","655","366","766","421","782","503","841","530","879","562","871","165","357"
"NL-0117-19-16-2024-K11-6576.dw.png","349","423","368","449","320","529","373","502","452","460","374","606","380","677","389","651","444","667","441","632","496","640","536","613","576","608","433","734","485","739","578","794","604","822","638","814","200","348"
"NL-0117-19-16-2024-K11-6577.dw.png","329","499","351","524","308","614","359","580","437","532","359","687","369","764","378","735","436","747","431","712","490","718","528","691","567","683","422","818","480","828","571","875","599","906","632","895","176","441"
"NL-0117-19-16-2024-K11-6578.dw.png","344","473","360","497","309","585","364","554","448","516","358","665","360","736","370","707","425","721","425","688","483","699","523","672","562","666","406","790","467","803","551","853","579","885","611","873","192","393"
"NL-0117-19-16-2024-K11-6579.dw.png","369","448","385","473","334","556","389","533","467","490","380","634","380","703","393","678","447","696","448","658","502","672","540","647","581","644","433","763","487","774","572","825","601","861","632","851","225","371"
"NL-0117-19-16-2024-K11-6580.dw.png","361","431","376","454","324","538","377","508","458","473","368","616","368","682","380","659","437","680","437","645","491","659","536","638","575","632","419","745","474","760","561","813","587","844","619","833","219","344"
"NL-0117-19-16-2024-K11-6581.dw.png","813","322","789","340","703","293","739","344","775","422","628","343","560","348","588","358","572","414","602","411","593","464","615","503","620","542","503","400","495","453","443","539","412","564","426","595","887","170"
"NL-0117-19-16-2024-K11-6582.dw.png","351","417","369","438","325","519","376","489","450","448","377","590","387","661","394","631","449","645","445","610","498","623","536","594","575","591","440","713","492","718","579","763","608","793","639","780","202","351"
"NL-0117-19-16-2024-K11-6583.dw.png","393","600","414","580","507","619","470","567","420","490","579","558","652","539","624","534","626","479","598","482","604","423","576","385","564","345","704","480","708","424","745","329","772","298","762","264","335","759"
"NL-0117-19-16-2024-K11-6585.dw.png","286","464","306","483","271","573","318","531","391","484","328","640","341","707","347","679","403","683","401","655","458","660","495","631","534","620","399","757","457","762","551","801","582","827","614","817","130","404"
"NL-0117-19-16-2024-K11-6586.dw.png","272","461","292","481","257","568","305","532","376","482","316","638","333","709","338","680","393","688","384","652","442","653","477","623","517","614","389","758","443","757","536","795","568","822","599","807","113","408"
"NL-0117-19-16-2024-K11-6587.dw.png","679","301","663","326","573","311","621","345","680","409","525","377","457","411","486","410","491","467","524","452","532","509","572","535","588","571","425","477","437","532","423","628","402","669","424","696","694","137"
"NL-0118-19-16-2024-K12-7738.dw.png","523","330","538","353","482","437","537","414","626","377","525","517","526","590","537","560","591","574","594","548","652","566","695","540","738","536","574","651","633","665","723","724","750","757","785","751","384","248"
"NL-0118-19-16-2024-K12-7739.dw.png","427","339","443","355","414","449","460","412","539","359","478","518","501","589","503","559","558","557","553","528","612","530","650","496","690","485","566","635","620","633","726","663","758","685","788","669","269","286"
"NL-0118-19-16-2024-K12-7740.dw.png","216","568","233","589","181","671","238","646","326","607","234","749","239","826","249","794","306","805","307","773","365","789","407","760","446","755","293","884","351","892","443","947","468","974","501","962","62","494"
"NL-0118-19-16-2024-K12-7741.dw.png","234","565","252","591","196","670","255","655","338","607","245","756","243","825","257","797","313","814","314","777","370","793","414","768","455","765","292","889","352","903","437","960","461","988","495","976","85","486"
"NL-0118-19-16-2024-K12-7742.dw.png","215","588","228","605","173","688","227","662","314","625","213","762","213","837","224","804","281","828","283","788","340","808","383","787","422","783","263","900","319","911","400","966","424","997","456","985","66","504"
"NL-0118-19-16-2024-K12-7743.dw.png","221","613","242","636","205","727","254","689","332","636","263","796","275","868","282","837","341","840","336","806","395","809","429","777","471","768","335","920","400","921","493","959","523","985","554","967","60","564"
"NL-0118-19-16-2024-K12-7744.dw.png","231","570","248","593","190","675","251","653","339","608","242","761","243","835","255","806","315","821","316","784","375","799","418","773","461","771","296","897","357","906","448","962","470","988","504","974","75","499"
"NL-0118-19-16-2024-K12-7745.dw.png","626","205","599","222","526","161","544","221","580","310","442","206","367","202","396","216","381","274","418","276","401","332","425","375","427","416","305","249","289","312","235","393","202","417","214","451","704","57"
"NL-0118-19-16-2024-K12-7746.dw.png","222","609","241","629","201","718","249","680","332","639","257","785","271","861","278","829","336","833","333","802","390","809","425","777","464","765","330","912","388","913","483","952","513","977","545","963","68","557"
"NL-0118-19-16-2024-K12-7747.dw.png","939","476","918","496","822","461","862","508","920","585","754","524","678","546","712","548","708","608","742","599","741","656","777","695","790","734","636","605","635","665","606","761","584","793","599","828","982","320"
"NL-0118-19-16-2024-K12-7748.dw.png","453","288","473","308","431","394","482","364","556","310","491","468","508","541","512","508","569","517","563","483","619","487","659","456","696","447","561","586","621","590","709","625","744","655","775","639","299","231"
"NL-0118-19-16-2024-K12-7749.dw.png","216","561","234","589","177","672","233","647","320","607","221","751","218","827","232","795","291","818","290","775","347","790","389","767","432","764","266","887","332","901","411","954","436","985","471","979","68","487"
"NL-0118-19-16-2024-K12-7750.dw.png","235","582","255","600","218","697","271","654","351","604","287","766","307","842","311","808","373","814","366","775","423","778","457","744","497","730","368","889","433","887","524","917","554","941","587","926","70","546"
"NL-0118-19-16-2024-K12-7751.dw.png","235","594","258","617","215","698","267","670","344","619","277","773","289","843","296","812","355","821","351","789","407","792","445","761","482","750","349","894","407","898","501","937","530","963","562","950","73","541"
"NL-0118-19-16-2024-K12-7752.dw.png","216","561","234","588","178","664","236","644","325","610","224","746","229","826","239","793","298","809","297","781","358","794","398","767","438","768","278","886","337","896","428","959","453","990","485","977","62","483"
"NL-0118-19-16-2024-K12-7753.dw.png","215","544","231","569","168","649","227","624","316","594","209","729","209","809","219","774","276","792","279","762","339","781","380","759","419","760","254","871","311","885","400","952","420","980","453","968","68","453"
"NL-0118-19-16-2024-K12-7754.dw.png","240","579","258","602","206","684","260","658","343","612","254","760","258","836","269","805","324","813","324","784","380","796","422","767","462","761","310","894","369","903","460","956","484","984","519","973","84","502"
"NL-0118-19-16-2024-K12-7755.dw.png","674","673","660","648","722","570","664","596","578","620","685","490","692","418","678","450","623","426","619","460","566","441","522","460","482","462","654","358","594","339","521","277","501","242","465","249","816","765"
"NL-0118-19-16-2024-K12-7756.dw.png","245","533","264","561","209","645","265","621","354","581","252","721","252","798","263","765","325","786","325","747","381","758","424","736","464","735","304","860","364","871","447","923","474","958","510","949","100","454"
"NL-0118-19-16-2024-K12-7757.dw.png","423","295","447","314","419","412","467","374","532","299","492","477","517","543","517","512","569","504","563","477","626","475","659","437","699","419","578","582","638","577","744","601","777","620","809","598","262","258"
"NL-0118-19-16-2024-K12-7758.dw.png","284","908","271","877","338","801","281","819","187","851","305","718","315","649","299","678","244","651","240","689","186","666","137","687","93","684","275","586","214","566","134","505","112","470","74","473","413","1004"
"NL-0118-19-16-2024-K12-7759.dw.png","215","589","235","616","182","699","239","669","325","631","239","782","245","856","255","825","314","835","311","799","369","810","409","784","450","776","301","913","361","919","453","967","479","996","514","986","62","525"
"NL-0118-19-16-2024-K12-7760.dw.png","213","635","237","658","201","746","248","711","317","656","264","815","283","884","287","855","346","859","335","820","391","822","423","787","457","775","341","931","399","930","489","960","521","985","552","968","58","597"
"NL-0118-19-16-2024-K12-7761.dw.png","580","211","562","237","462","209","503","259","574","329","401","282","329","308","363","307","365","374","402","362","410","419","445","452","462","488","288","377","296","443","271","545","251","577","267","607","601","45"
"NL-0118-19-16-2024-K12-7762.dw.png","217","610","236","631","191","717","243","683","326","643","245","787","257","862","263","827","320","834","318","805","380","815","416","782","455","776","314","915","370","917","468","961","497","989","529","976","60","549"
"NL-0118-19-16-2024-K12-7763.dw.png","225","655","251","673","230","770","275","726","335","657","302","824","335","894","334","865","391","856","380","826","435","813","464","773","497","754","400","929","459","920","560","937","591","954","619","934","59","646"
"NL-0118-19-16-2024-K12-7764.dw.png","218","587","242","609","208","695","256","664","327","607","273","763","289","831","294","800","352","802","346","771","402","770","435","735","471","722","352","879","412","875","504","903","535","927","564","912","57","543"
"NL-0118-19-16-2024-K12-7765.dw.png","227","561","245","589","190","673","247","649","336","606","239","754","243","829","252","795","313","809","311","776","371","788","413","763","454","759","294","886","360","897","447","949","475","982","510","973","80","486"
"NL-0118-19-16-2024-K12-7766.dw.png","218","592","237","613","189","701","244","668","329","627","242","775","251","852","259","818","318","828","315","792","377","807","417","778","456","771","306","907","366","913","466","966","492","992","523","977","57","524"
"NL-0118-19-16-2024-K12-7767.dw.png","231","536","243","565","172","637","231","621","320","596","202","726","188","795","205","769","259","791","265","762","316","779","360","762","399","766","226","865","280","885","348","948","367","985","403","984","99","430"
"NL-0119-19-16-2024-K13-7772.dw.png","449","304","472","325","443","433","487","382","560","323","505","500","517","565","524","536","584","541","578","503","637","508","678","475","719","462","581","614","641","614","740","648","774","675","808","662","288","257"
"NL-0119-19-16-2024-K13-7773.dw.png","486","312","503","327","462","432","512","385","593","334","521","511","528","575","537","544","593","549","589","520","653","522","697","487","739","475","585","625","646","629","742","665","777","696","815","684","328","249"
"NL-0119-19-16-2024-K13-7774.dw.png","203","563","218","582","161","677","220","642","308","600","208","759","206","835","221","803","276","810","279","787","339","796","386","770","428","767","253","896","312","904","396","955","427","993","463","985","46","489"
"NL-0119-19-16-2024-K13-7775.dw.png","225","539","244","561","185","648","245","613","330","578","232","729","229","806","244","775","304","799","304","754","360","771","405","748","446","745","277","870","339","884","422","943","449","979","482","969","72","453"
"NL-0119-19-16-2024-K13-7776.dw.png","221","599","246","617","215","717","261","667","331","610","280","782","294","848","301","816","358","816","353","785","410","783","448","752","485","739","354","893","413","890","506","921","544","951","574","935","55","562"
"NL-0119-19-16-2024-K13-7777.dw.png","205","631","228","648","197","742","242","699","314","643","264","808","281","877","287","847","342","844","335","810","392","813","427","777","466","766","341","922","403","918","494","946","530","976","559","964","46","597"
"NL-0119-19-16-2024-K13-7778.dw.png","216","556","233","577","175","672","235","636","323","597","220","756","217","833","233","802","292","821","293","786","354","797","403","775","445","773","265","897","325","910","418","971","443","1004","476","995","58","478"
"NL-0119-19-16-2024-K13-7779.dw.png","251","501","265","526","194","607","259","583","353","562","227","700","214","770","232","739","291","768","298","735","354","756","404","738","444","744","252","838","312","864","392","937","413","974","450","972","106","399"
"NL-0119-19-16-2024-K13-7780.dw.png","230","505","242","530","173","616","233","593","326","564","204","700","190","769","208","743","261","771","269","736","322","758","370","743","410","746","228","842","283","863","353","931","374","975","408","972","95","407"
"NL-0119-19-16-2024-K13-7781.dw.png","225","559","242","583","189","676","245","643","329","606","236","758","234","830","248","802","304","816","305","780","362","796","406","770","447","769","283","891","344","906","425","957","452","994","486","989","74","482"
"NL-0119-19-16-2024-K13-7782.dw.png","526","305","542","332","483","420","539","387","628","353","523","502","519","575","533","549","588","568","591","532","647","549","693","529","737","529","563","638","620","653","702","711","731","752","766","748","387","216"
"NL-0119-19-16-2024-K13-7783.dw.png","516","313","537","335","495","433","544","391","626","341","549","504","561","576","569","546","630","561","625","524","682","527","725","497","769","490","620","631","679","635","776","675","809","706","843","694","361","259"
"NL-0119-19-16-2024-K13-7784.dw.png","235","562","249","583","194","667","249","641","336","606","236","750","231","821","246","792","300","814","302","779","358","794","400","773","440","771","273","882","328","897","407","953","436","994","470","987","91","487"
"NL-0119-19-16-2024-K13-7785.dw.png","229","546","245","569","187","660","244","636","332","592","228","738","223","814","238","784","295","809","299","770","354","782","399","761","441","761","269","878","326","894","409","953","434","991","468","979","78","464"
"NL-0119-19-16-2024-K13-7786.dw.png","504","632","534","618","619","689","587","624","569","535","704","656","779","666","747","651","784","595","741","586","764","534","746","485","754","445","850","628","870","574","941","493","980","472","975","436","409","774"
"NL-0119-19-16-2024-K13-7787.dw.png","245","503","260","523","206","611","263","582","347","549","250","693","248","768","262","736","316","746","318","724","377","737","421","714","464","711","294","828","351","839","436","892","466","935","499","925","93","416"
"NL-0119-19-16-2024-K13-7788.dw.png","259","502","271","526","201","608","264","577","353","563","230","689","216","761","235","731","289","760","296","727","349","753","397","735","437","738","253","831","309","853","383","924","402","962","439","962","120","396"
"NL-0119-19-16-2024-K13-7789.dw.png","260","532","274","555","207","637","269","604","358","585","241","721","230","791","246","762","302","789","309","757","364","777","410","760","451","763","268","861","327","880","404","950","428","991","464","989","119","432"
"NL-0119-19-16-2024-K13-7791.dw.png","507","285","528","309","483","402","532","355","614","310","536","476","542","549","554","519","608","530","606","495","665","505","708","478","752","469","597","605","656","614","748","661","784","696","817","686","352","213"
"NL-0119-19-16-2024-K13-7792.dw.png","581","333","593","365","526","450","583","422","677","396","554","532","542","597","558","571","608","601","615","571","671","592","721","574","767","582","575","664","629","687","707","757","728","797","766","797","457","230"
"NL-0119-19-16-2024-K13-7793.dw.png","210","536","225","559","158","643","222","616","312","586","196","727","188","803","203","770","259","789","265","761","320","780","370","760","411","765","227","864","284","881","362","945","387","989","422","986","62","451"
"NL-0119-19-16-2024-K13-7795.dw.png","238","547","251","567","182","654","247","626","337","599","219","743","207","814","225","786","282","807","285","777","344","790","392","772","432","771","246","879","306","898","384","959","406","998","444","994","92","455"
"NL-0119-19-16-2024-K13-7796.dw.png","505","655","527","641","619","707","587","644","556","554","704","666","776","677","751","658","770","602","735","599","754","539","737","490","736","451","842","633","863","572","923","494","964","469","957","434","411","804"
"NL-0119-19-16-2024-K13-7797.dw.png","239","500","251","521","185","606","249","580","337","549","224","692","215","764","232","734","286","756","291","722","348","742","394","723","435","724","254","826","312","843","387","902","412","944","448","941","94","406"
"NL-0119-19-16-2024-K13-7798.dw.png","229","615","253","630","230","736","275","685","348","629","303","803","322","873","327","840","380","831","377","808","437","803","471","761","510","745","390","919","445","912","548","937","585","964","617","947","56","587"
"NL-0119-19-16-2024-K13-7799.dw.png","224","546","240","569","181","662","241","626","327","592","224","743","218","812","233","782","295","805","295","766","355","780","401","755","441","753","269","879","329","892","414","945","437","980","471","972","71","459"
"NL-0119-19-16-2024-K13-7800.dw.png","227","568","246","593","189","677","249","647","329","609","236","761","234","834","248","803","306","824","309","789","364","800","410","777","450","778","282","896","340","910","426","965","453","1002","487","991","74","500"
"NL-0119-19-16-2024-K13-7801.dw.png","220","540","237","560","181","654","240","614","328","583","225","732","222","804","234","769","296","794","298","757","355","769","399","744","440","742","268","864","331","877","412","932","439","969","473","961","63","464"
"NL-0119-19-16-2024-K13-7803.dw.png","239","542","258","566","206","655","261","621","346","580","253","733","253","811","268","781","324","797","325","757","379","770","422","746","464","742","301","871","362","882","443","937","474","976","506","964","86","471"
"NL-0119-19-16-2024-K13-7804.dw.png","267","499","278","520","208","601","272","581","365","552","242","691","227","762","245","737","303","767","309","736","365","753","415","737","455","736","264","829","323","856","400","924","420","964","455","962","125","399"
"NL-0120-19-16-2024-K14-7806.dw.png","878","552","854","563","765","500","792","557","819","651","681","536","613","527","637","543","619","594","648","598","627","658","647","704","642","748","550","568","530","621","459","707","425","729","431","766","974","421"
"NL-0120-19-16-2024-K14-7807.dw.png","457","334","478","356","446","457","492","414","568","354","509","523","528","593","532","564","586","565","581","538","641","537","678","505","720","496","587","640","643","642","746","680","778","705","812","691","301","289"
"NL-0120-19-16-2024-K14-7808.dw.png","240","517","265","539","229","636","280","592","356","538","296","700","314","771","318","739","379","737","371","706","431","706","467","671","508","658","380","818","443","812","536","841","569","867","600","849","64","475"
"NL-0120-19-16-2024-K14-7809.dw.png","263","576","283","597","242","689","296","657","374","602","305","762","323","839","327","806","380","810","376","778","435","781","472","748","512","742","379","889","432","891","532","936","562","962","593","944","104","535"
"NL-0120-19-16-2024-K14-7810.dw.png","258","530","280","553","236","642","287","602","371","562","294","715","299","779","311","754","373","765","366","726","427","733","467","702","504","694","360","833","420","836","516","881","545","906","579","890","92","471"
"NL-0120-19-16-2024-K14-7811.dw.png","229","530","250","550","216","646","262","608","335","553","274","711","288","780","294","753","352","760","345","722","403","724","440","695","480","684","349","831","401","831","499","871","531","898","563","881","64","478"
"NL-0120-19-16-2024-K14-7812.dw.png","575","652","596","627","687","662","644","615","593","542","754","593","823","572","792","568","799","509","761","519","761","459","733","424","719","384","866","516","866","452","900","355","929","315","912","285","540","821"
"NL-0120-19-16-2024-K14-7813.dw.png","276","426","287","453","214","528","277","513","370","496","243","620","226","691","245","666","295","704","304","666","356","693","404","678","445","686","261","766","309","790","383","871","398","907","434","907","147","314"
"NL-0120-19-16-2024-K14-7814.dw.png","235","591","253","613","207","702","260","670","338","621","260","785","262","851","273","818","336","842","333","802","386","806","426","776","466","772","313","904","374","912","457","952","489","987","521","974","81","529"
"NL-0120-19-16-2024-K14-7815.dw.png","322","331","347","319","428","386","411","326","376","233","514","350","589","355","562","341","591","283","552","278","576","224","559","175","563","129","654","313","674","256","740","170","781","143","776","105","227","471"
"NL-0120-19-16-2024-K14-7816.dw.png","605","353","612","380","534","456","595","442","693","422","556","549","537","611","556","592","604","623","615","592","668","620","720","610","762","620","565","681","618","715","694","802","709","840","746","844","486","227"
"NL-0120-19-16-2024-K14-7817.dw.png","222","564","240","587","198","683","246","645","329","602","248","758","253","824","263","798","316","808","315","774","371","783","412","756","453","753","300","876","358","888","446","936","473","967","507","957","66","510"
"NL-0120-19-16-2024-K14-7818.dw.png","244","541","264","561","226","656","277","619","354","566","286","724","303","801","309","768","370","778","362","741","418","744","456","716","496","709","360","848","419","848","511","887","544","916","575","897","78","498"
"NL-0120-19-16-2024-K14-7819.dw.png","253","507","270","531","214","613","273","582","361","547","263","692","266","766","278","739","338","759","339","720","397","732","441","709","485","709","320","829","376","838","468","895","494","923","530","909","89","427"
"NL-0120-19-16-2024-K14-7820.dw.png","231","567","249","591","194","681","254","651","339","605","248","760","253","834","263","805","322","819","321","781","379","789","422","762","461","757","303","890","363","904","453","955","480","989","516","978","71","493"
"NL-0120-19-16-2024-K14-7821.dw.png","256","584","276","604","239","698","286","658","362","610","294","769","302","836","310","807","362","814","361","783","416","787","455","759","494","754","353","887","407","893","499","938","527","966","559","952","101","535"
"NL-0120-19-16-2024-K14-7822.dw.png","241","576","262","593","228","686","279","645","351","588","295","751","315","823","320","792","382","796","373","757","430","757","464","723","502","710","380","867","434","859","533","891","567","916","599","896","72","549"
"NL-0120-19-16-2024-K14-7823.dw.png","541","338","553","361","489","442","546","428","640","390","524","533","517","605","532","575","584","598","591","569","650","592","698","572","743","576","555","667","612","687","699","759","720","792","760","788","405","245"
"NL-0120-19-16-2024-K14-7824.dw.png","463","320","482","346","436","442","489","406","570","353","488","514","496","585","505","559","561","566","560","538","617","544","660","516","702","508","548","640","604","651","700","701","725","726","763","715","309","247"
"NL-0120-19-16-2024-K14-7825.dw.png","238","531","248","551","182","632","244","612","333","583","219","725","209","798","224","770","276","792","281","757","337","781","383","761","423","766","245","865","300","889","378","961","397","993","432","988","97","428"
"NL-0120-19-16-2024-K14-7826.dw.png","254","540","263","564","195","627","258","616","345","591","227","719","214","797","232","763","285","790","291","763","347","782","394","764","434","768","249","862","306","881","383","953","399","986","438","985","109","438"
"NL-0120-19-16-2024-K14-7827.dw.png","232","568","253","589","219","686","263","644","338","594","274","754","284","820","291","790","346","800","343","766","399","769","436","738","475","729","339","869","393","873","488","914","515","939","547","924","70","523"
"NL-0120-19-16-2024-K14-7828.dw.png","244","551","259","576","196","656","258","630","347","599","242","744","238","820","253","790","312","812","313","769","369","789","415","771","458","770","287","884","347","898","434","964","456","996","493","987","90","466"
"NL-0120-19-16-2024-K14-7829.dw.png","219","572","237","592","189","685","245","651","326","601","242","762","247","835","258","805","319","820","315","781","377","790","419","760","458","755","302","891","362","897","456","943","484","972","519","960","57","507"
"NL-0120-19-16-2024-K14-7830.dw.png","247","563","269","583","226","674","279","638","356","589","285","748","297","821","303","788","365","801","362","767","420","775","459","741","498","732","353","876","410","879","509","926","536","955","572","945","82","511"
"NL-0120-19-16-2024-K14-7831.dw.png","262","522","278","548","215","625","276","606","367","577","256","712","250","785","265","758","322","774","326","746","385","763","430","742","471","742","294","851","354","867","435","927","464","969","502","964","115","431"
"NL-0120-19-16-2024-K14-7832.dw.png","234","526","251","551","197","639","252","608","337","572","241","719","238","789","251","759","304","778","307","743","362","760","407","738","446","739","280","847","335","859","419","919","441","953","476","944","85","453"
"NL-0120-19-16-2024-K14-7833.dw.png","227","565","244","586","201","670","252","640","329","594","254","746","258","819","268","784","322","795","322","767","378","776","418","747","458","742","308","870","364","876","451","925","480","957","516","948","68","510"
"NL-0120-19-16-2024-K14-7834.dw.png","250","540","271","561","232","652","285","615","365","564","296","722","316","799","320","765","385","773","376","733","439","740","476","709","518","698","379","848","439","845","543","887","574","913","609","898","78","496"
"NL-0120-19-16-2024-K14-7835.dw.png","283","488","298","514","238","594","294","568","380","543","273","673","267","742","281","712","332","734","337","704","390","724","435","704","474","708","305","802","359","821","434","883","454","920","488","912","141","401"
"NL-0121-19-16-2024-K20-9903.dw.png","423","438","441","461","389","549","444","521","527","480","434","627","437","701","450","674","505","687","508","659","564","671","608","652","652","649","487","764","548","777","638","835","666","870","698","859","276","365"
"NL-0121-19-16-2024-K20-9904.dw.png","381","416","406","436","381","535","424","490","497","430","449","598","473","666","475","635","534","636","524","600","583","598","621","563","664","552","534","708","601","705","705","733","743","760","774","740","227","385"
"NL-0121-19-16-2024-K20-9905.dw.png","628","275","613","300","507","291","563","329","635","396","454","375","390","410","422","406","436","464","466","450","482","508","523","539","542","578","359","478","374","545","365","650","348","687","374","715","626","109"
"NL-0121-19-16-2024-K20-9906.dw.png","520","627","543","606","638","646","604","595","554","514","717","584","787","568","758","564","768","501","728","508","735","450","707","410","702","365","841","515","850","448","887","355","917","323","900","286","467","789"
"NL-0121-19-16-2024-K20-9907.dw.png","468","552","487","536","575","586","550","532","509","447","657","539","730","536","702","525","719","464","680","464","694","407","672","365","671","322","787","488","802","426","855","332","882","307","870","272","403","698"
"NL-0121-19-16-2024-K20-9908.dw.png","327","476","345","501","295","592","349","562","435","522","343","669","345","746","357","714","414","727","414","694","472","711","515","688","559","686","396","807","456","820","543","873","569","902","606","896","180","406"
"NL-0121-19-16-2024-K20-9909.dw.png","630","638","607","616","642","521","592","556","514","615","578","448","560","375","555","407","497","406","501","438","444","435","405","465","361","473","504","326","439","323","341","283","308","257","275","274","788","684"
"NL-0121-19-16-2024-K20-9910.dw.png","255","571","281","589","263","688","306","647","370","577","342","752","368","817","368","785","430","781","417","747","476","740","510","706","548","689","438","857","503","848","602","867","639","886","667","864","91","556"
"NL-0121-19-16-2024-K20-9911.dw.png","316","526","335","547","296","646","347","610","428","553","351","717","363","796","371","761","431","772","428","737","491","744","535","713","575","707","424","850","485","856","587","901","617","928","652","913","157","472"
"NL-0121-19-16-2024-K20-9912.dw.png","299","524","321","546","279","634","332","598","412","554","340","710","358","784","361","751","423","761","418","723","476","730","512","702","555","692","411","833","471","840","568","882","600","912","635","896","139","474"
"NL-0121-19-16-2024-K20-9913.dw.png","772","447","743","458","670","389","683","448","709","539","579","419","507","404","534","424","509","474","540","483","513","537","526","587","518","632","436","439","410","497","329","577","292","597","293","635","881","322"
"NL-0121-19-16-2024-K20-9914.dw.png","387","425","405","451","354","521","411","511","491","463","407","610","414","683","422","651","482","668","482","633","537","646","579","623","620","619","466","741","525","753","619","802","644","834","679","820","248","352"
"NL-0121-19-16-2024-K20-9915.dw.png","311","475","329","501","282","584","335","563","419","517","330","662","332","739","344","710","400","721","400","687","456","703","499","681","544","679","386","802","442","813","532","866","560","899","597","890","165","415"
"NL-0121-19-16-2024-K20-9916.dw.png","308","510","323","532","274","624","327","596","411","551","317","701","317","774","329","739","388","760","390","724","448","737","493","715","534","714","363","831","428","844","517","904","544","938","583","932","158","439"
"NL-0121-19-16-2024-K20-9917.dw.png","305","490","325","515","279","603","333","576","416","524","333","681","341","756","350","724","414","737","409","694","470","710","512","685","552","677","396","812","461","822","560","871","589","902","623","886","153","425"
"NL-0121-19-16-2024-K20-9918.dw.png","747","306","725","328","629","299","665","346","725","421","559","367","488","386","521","390","518","448","551","440","551","499","583","539","593","582","441","450","443","509","410","611","384","645","402","678","784","149"
"NL-0121-19-16-2024-K20-9919.dw.png","290","482","311","506","271","597","325","571","403","513","336","672","352","747","359","715","416","720","412","689","469","691","508","665","552","658","409","796","474","801","568","842","601","869","632","851","134","431"
"NL-0121-19-16-2024-K20-9920.dw.png","369","461","389","486","344","589","395","552","485","505","396","665","400","737","411","708","469","720","467","685","529","695","572","670","618","670","452","795","516","809","613","865","639","895","675","880","216","398"
"NL-0121-19-16-2024-K20-9921.dw.png","342","449","364","472","327","566","377","536","452","478","385","640","398","710","403","678","464","684","458","646","516","655","554","629","599","623","452","757","513","762","608","804","641","833","674","817","190","409"
"NL-0121-19-16-2024-K20-9922.dw.png","353","459","370","485","319","565","371","544","452","507","365","637","369","716","379","684","434","700","433","669","486","681","523","656","564","658","411","769","472","785","552","836","580","872","614","865","211","387"
"NL-0121-19-16-2024-K20-9923.dw.png","419","434","441","459","395","548","449","523","531","465","449","628","459","704","469","671","526","675","525","646","587","656","630","634","677","630","511","758","577","771","677","822","706","851","742","837","269","372"
"NL-0121-19-16-2024-K20-9924.dw.png","493","452","504","478","436","564","492","539","584","521","459","649","445","714","461","688","514","716","521","689","575","717","623","704","664","713","476","784","530","813","605","892","624","933","661","937","368","349"
"NL-0121-19-16-2024-K20-9925.dw.png","284","488","296","518","227","589","289","579","387","557","263","687","254","766","271","734","325","760","332","724","387","750","437","736","480","744","293","835","352","859","434","932","451","963","489","957","148","388"
"NL-0121-19-16-2024-K20-9926.dw.png","306","525","323","550","265","623","324","612","410","570","307","711","303","782","316","756","377","778","377","734","433","755","478","737","522","739","351","848","410","863","496","924","518","953","554","944","161","448"
"NL-0121-19-16-2024-K20-9927.dw.png","742","326","711","344","634","287","647","344","693","429","550","329","470","327","501","342","482","399","509","402","495","460","514","505","515","546","407","375","390","434","325","525","290","551","302","584","827","186"
"NL-0121-19-16-2024-K20-9928.dw.png","297","531","314","557","260","645","316","621","407","585","307","734","307","808","320","778","374","789","375","755","434","774","480","753","524","754","353","870","416","888","503","946","526","974","563","964","152","452"
"NL-0121-19-16-2024-K20-9929.dw.png","331","449","349","474","294","555","352","535","436","492","342","638","344","712","356","685","414","698","415","661","473","681","518","662","560","659","395","774","454","790","547","846","573","878","608","865","184","367"
"NL-0121-19-16-2024-K20-9930.dw.png","589","811","567","782","614","692","562","716","479","766","566","615","563","538","552","571","494","560","493","596","435","578","392","599","346","604","517","485","452","470","356","416","329","389","295","408","735","880"
"NL-0121-19-16-2024-K20-9931.dw.png","320","438","335","465","276","547","334","527","424","495","313","632","308","707","321","679","380","698","384","664","440","683","483","667","527","670","347","768","410","789","491","850","512","881","548","874","181","358"
"NL-0121-19-16-2024-K20-9932.dw.png","743","361","715","379","632","325","654","381","697","466","547","370","470","374","502","384","484","440","524","441","506","500","525","542","529","585","413","419","399","478","340","566","306","594","318","631","818","215"
"NL-0122-19-16-2024-K22-9937.dw.png","440","453","455","475","403","555","457","526","538","488","449","633","450","705","461","675","516","690","518","654","575","671","618","649","658","649","500","765","557","778","642","832","670","864","703","851","294","378"
"NL-0122-19-16-2024-K22-9938.dw.png","327","490","344","514","287","601","343","567","427","531","331","677","329","755","342","723","396","737","399","703","456","722","502","698","543","700","377","818","433","831","518","889","544","923","580","912","172","408"
"NL-0122-19-16-2024-K22-9939.dw.png","324","498","338","526","270","602","332","586","424","559","310","697","299","767","317","737","371","757","376","729","430","748","476","730","521","735","341","838","399","858","474","919","498","959","535","956","181","403"
"NL-0122-19-16-2024-K22-9940.dw.png","304","509","324","537","267","620","326","589","412","552","320","703","324","776","336","746","394","764","393","721","451","735","493","707","533","700","380","840","440","850","528","896","554","925","589","911","147","438"
"NL-0122-19-16-2024-K22-9941.dw.png","338","510","357","539","301","621","360","592","446","554","354","708","358","781","366","748","429","767","428","728","486","741","527","715","571","709","411","844","473","852","558","902","588","938","624","923","179","428"
"NL-0122-19-16-2024-K22-9942.dw.png","351","468","365","499","299","577","361","552","455","531","339","663","332","739","347","711","404","733","410","691","466","717","510","700","553","702","377","808","434","827","513","888","537","925","572","916","203","373"
"NL-0122-19-16-2024-K22-9943.dw.png","460","584","494","569","563","644","544","576","530","480","669","603","740","616","712","598","745","539","699","533","726","475","708","427","712","384","817","569","835","514","905","434","938","414","934","375","352","728"
"NL-0122-19-16-2024-K22-9944.dw.png","299","495","319","519","262","598","323","570","409","533","321","692","326","766","336","734","393","745","391","706","449","721","492","692","534","690","375","823","440","834","520","877","547","907","582","894","138","427"
"NL-0122-19-16-2024-K22-9945.dw.png","307","478","324","499","277","591","333","558","417","512","336","676","342","751","353","719","411","730","406","690","466","703","509","673","550","666","398","810","462","818","549","862","575","890","610","875","146","418"
"NL-0122-19-16-2024-K22-9946.dw.png","424","530","437","503","540","508","491","470","409","416","585","434","650","399","619","402","607","342","570","360","562","296","523","267","502","229","681","325","666","263","673","162","689","119","662","93","425","698"
"NL-0122-19-16-2024-K22-9947.dw.png","782","469","765","486","667","446","710","494","765","573","596","503","521","516","553","522","543","580","586","575","576","637","606","678","613","718","468","575","464","633","426","724","396","758","411","794","841","307"
"NL-0122-19-16-2024-K22-9948.dw.png","303","548","323","568","275","662","330","628","413","577","332","741","341","820","351","788","407","791","405","755","466","767","507","738","552","733","397","875","458","880","550","926","580","957","615","941","142","491"
"NL-0122-19-16-2024-K22-9949.dw.png","313","478","329","509","265","586","327","565","417","535","310","677","308","750","321","721","375","734","379","706","436","722","481","703","523","703","353","815","413","832","489","884","517","925","552","918","162","394"
"NL-0122-19-16-2024-K22-9950.dw.png","285","475","303","500","237","583","303","564","393","530","287","678","287","752","299","722","359","747","360","699","418","719","462","694","503","693","335","819","395","833","478","886","504","922","540","910","131","395"
"NL-0122-19-16-2024-K22-9951.dw.png","589","766","575","732","646","666","581","686","487","699","604","567","615","496","599","523","543","501","536","538","482","512","436","530","393","528","576","429","517","409","438","345","417","309","380","318","734","862"
"NL-0122-19-16-2024-K22-9952.dw.png","709","331","688","351","592","305","633","361","675","447","507","372","439","380","467","389","457","450","501","443","489","503","521","543","529","588","377","444","371","508","333","593","302","626","319","660","764","169"
"NL-0122-19-16-2024-K22-9953.dw.png","347","466","365","493","312","581","366","549","455","511","362","662","362","734","374","706","433","719","431","680","490","700","532","674","580","669","415","798","475","808","562","859","591","894","628","883","191","385"
"NL-0122-19-16-2024-K22-9954.dw.png","378","428","392","454","325","537","384","510","476","482","360","619","350","689","365","665","420","686","427","649","482","675","530","657","569","662","389","756","443","775","526","845","547","878","583","874","239","327"
"NL-0122-19-16-2024-K22-9955.dw.png","761","385","736","409","648","366","689","418","732","501","569","434","496","449","527","455","523","518","563","511","554","573","585","614","594","659","440","516","438","578","402","679","379","709","397","746","810","220"
"NL-0122-19-16-2024-K22-9956.dw.png","471","446","482","474","408","539","470","532","564","511","432","628","414","699","433","673","484","695","494","663","547","694","596","683","639","695","449","773","505","795","575","865","593","904","630","900","346","337"
"NL-0122-19-16-2024-K22-9957.dw.png","354","459","370","490","306","567","365","537","453","513","347","651","341","725","355","698","412","719","416","680","472","702","520","683","560","684","388","795","444","813","527","872","550","908","586","900","208","361"
"NL-0122-19-16-2024-K22-9958.dw.png","306","501","331","522","299","626","349","587","423","519","369","701","384","769","390","736","452","738","442","699","507","703","544","668","589","655","452","821","516","817","616","850","647","873","684","858","135","455"
"NL-0122-19-16-2024-K22-9959.dw.png","276","496","307","516","294","618","330","563","395","494","370","670","404","740","401","707","458","695","446","661","504","653","535","613","573","596","482","776","538","761","632","771","674","792","699","767","104","494"
"NL-0122-19-16-2024-K22-9961.dw.png","329","488","347","518","286","605","346","579","437","541","330","690","326","765","342","735","401","755","403","716","461","737","506","715","548","715","376","834","438","851","520","905","545","939","583","931","181","404"
"NL-0122-19-16-2024-K22-9962.dw.png","295","460","319","488","267","577","327","546","409","498","331","661","337","730","347","702","410","716","404","672","463","681","504","650","544","641","400","792","461","797","551","837","584","868","617","853","133","409"
"NL-0122-19-16-2024-K22-9963.dw.png","286","556","305","574","264","668","316","631","396","577","322","740","333","815","341","784","405","793","398","745","459","758","499","729","541","721","398","873","460","874","553","913","586","945","619","927","114","490"
"NL-0122-19-16-2024-K22-9965.dw.png","486","609","510","593","592","653","569","593","528","502","687","602","757","606","726","592","744","533","707","531","725","473","697","428","695","384","822","556","838","491","888","410","920","384","911","348","397","764"
"NL-0122-19-16-2024-K22-9966.dw.png","312","542","335","568","280","653","339","615","424","577","342","739","350","813","361","784","422","793","418","751","478","764","519","732","561","726","411","873","478","881","562","918","594","950","627","929","149","485"
"NL-0122-19-16-2024-K22-9967.dw.png","285","493","304","514","271","614","318","579","390","516","325","678","338","749","344","719","404","727","398","689","456","698","495","668","533","661","399","801","455","803","546","841","580","869","612","855","126","441"
"NL-0122-19-16-2024-K22-9968.dw.png","561","698","546","675","607","593","549","618","459","649","564","506","567","422","552","455","495","436","494","476","434","451","387","473","347","474","518","352","457","334","371","271","350","240","311","247","713","782"
"NL-0122-19-16-2024-K22-9969.dw.png","386","409","395","439","314","509","379","496","476","494","332","612","310","682","332","654","379","694","395","650","443","686","491","680","531","694","336","759","391","793","451","868","464","907","501","910","263","286"
"NL-0123-19-16-2024-K23-0001.dw.png","674","299","659","324","557","312","605","349","684","407","510","377","442","407","474","407","477","468","521","449","525","509","564","538","582","577","407","470","420","536","403","638","386","674","410","701","690","124"
"NL-0123-19-16-2024-K23-0002.dw.png","485","587","511","569","605","619","572","566","526","486","678","572","748","571","719","560","728","505","701","503","711","448","684","406","684","367","802","526","814","466","866","380","897","355","887","322","407","743"
"NL-0123-19-16-2024-K23-0003.dw.png","677","254","659","274","563","245","596","293","658","359","497","307","428","324","462","328","452","388","493","380","488","435","518","471","530","509","381","389","384","437","348","536","321","569","339","598","715","90"
"NL-0123-19-16-2024-K23-0004.dw.png","239","518","256","540","207","630","261","602","349","556","261","707","272","782","278","751","341","771","336","727","392","737","434","711","474","706","328","839","388","850","485","900","508","923","537","906","80","452"
"NL-0123-19-16-2024-K23-0005.dw.png","486","826","473","795","538","703","483","730","387","764","506","621","519","552","501","580","452","554","445","591","392","568","345","582","302","574","482","484","427","465","354","401","332","360","295","364","619","927"
"NL-0123-19-16-2024-K23-0006.dw.png","304","485","322","506","280","598","333","570","413","512","340","675","354","752","360","718","422","731","414","688","473","695","511","666","552","657","414","805","471","807","568","849","598","877","628","855","140","421"
"NL-0123-19-16-2024-K23-9972.dw.png","469","429","485","452","437","548","489","520","572","471","485","627","489","700","499","670","560","690","557","653","615","661","659","637","700","632","539","757","602","773","696","829","726","862","760","849","322","355"
"NL-0123-19-16-2024-K23-9973.dw.png","338","466","351","491","294","586","347","551","435","516","328","660","322","730","337","701","392","730","395","687","453","704","497","685","539","683","366","796","426","814","507","875","531","909","565","900","192","367"
"NL-0123-19-16-2024-K23-9974.dw.png","731","300","705","315","613","262","643","315","683","403","532","305","465","305","496","317","484","369","511","371","499","426","521","467","521","509","408","352","400","407","349","487","310","515","320","547","811","151"
"NL-0123-19-16-2024-K23-9975.dw.png","296","441","310","467","258","547","309","525","390","488","296","624","293","700","307","667","358","692","361","653","413","670","454","650","493","649","335","755","390","769","464","824","489","859","522","847","148","350"
"NL-0123-19-16-2024-K23-9976.dw.png","311","469","326","493","274","582","329","555","410","509","321","664","320","734","332","701","389","723","388","680","444","695","484","674","523","668","366","790","430","804","513","858","538","890","570","877","154","380"
"NL-0123-19-16-2024-K23-9977.dw.png","294","454","305","484","234","554","296","542","388","514","266","642","253","715","271","686","323","716","332","682","380","703","425","688","465","691","289","783","346","811","412","872","429","907","463","902","159","342"
"NL-0123-19-16-2024-K23-9978.dw.png","309","462","323","489","263","573","320","549","409","513","303","651","302","731","315","699","373","730","375","685","430","701","473","685","516","683","347","793","406","811","490","871","514","907","548","895","159","370"
"NL-0123-19-16-2024-K23-9979.dw.png","474","580","501","566","601","619","565","567","522","476","679","578","751","583","717","568","738","515","706","514","719","456","698","413","700","368","810","541","825","479","886","398","930","369","921","335","391","730"
"NL-0123-19-16-2024-K23-9980.dw.png","453","572","477","560","569","619","543","565","502","479","650","584","716","594","684","578","711","526","674","524","695","466","677","423","679","380","781","554","799","496","859","423","906","397","900","361","361","714"
"NL-0123-19-16-2024-K23-9981.dw.png","410","433","429","457","395","559","438","518","517","463","446","627","452","693","460","660","518","677","512","640","572","649","614","625","654","618","507","746","565","750","656","795","691","830","724","818","257","373"
"NL-0123-19-16-2024-K23-9982.dw.png","441","434","452","456","392","535","448","517","537","489","427","620","421","690","434","664","488","697","492","658","543","676","588","660","629","666","461","757","515","781","595","849","616","881","648","873","310","343"
"NL-0123-19-16-2024-K23-9983.dw.png","667","260","656","292","558","297","616","322","694","361","525","377","468","419","496","417","515","469","549","446","568","502","608","524","633","554","449","495","475","547","482","644","470","690","502","706","646","95"
"NL-0123-19-16-2024-K23-9984.dw.png","263","579","287","596","264","695","305","645","369","581","332","750","357","822","360","789","420","789","404","745","464","748","496","710","535","695","424","863","484","856","584","877","622","901","649","877","87","545"
"NL-0123-19-16-2024-K23-9985.dw.png","254","566","279","575","294","681","318","622","354","536","378","714","424","771","414","740","477","723","452","690","500","664","519","621","544","592","498","787","558","761","656","751","697","759","713","730","81","592"
"NL-0123-19-16-2024-K23-9986.dw.png","556","647","573","622","677","635","629","598","559","536","730","568","797","543","765","541","765","478","729","491","720","435","681","404","662","369","836","473","827","410","844","310","865","274","838","251","535","818"
"NL-0123-19-16-2024-K23-9987.dw.png","237","586","263","605","243","711","288","664","352","590","316","767","344","838","343","803","410","806","395","763","451","754","484","715","520","695","416","878","477","866","580","886","616","907","645","885","62","574"
"NL-0123-19-16-2024-K23-9988.dw.png","632","267","617","292","506","287","561","317","638","383","454","358","386","390","421","388","427","445","461","429","471","488","511","519","528","558","351","456","363","515","350","614","325","660","352","684","643","95"
"NL-0123-19-16-2024-K23-9989.dw.png","271","530","290","549","259","643","302","606","379","551","316","709","331","778","337","751","397","763","389","723","444","724","481","694","519","686","393","831","449","832","545","869","574","893","601","876","113","481"
"NL-0123-19-16-2024-K23-9990.dw.png","285","520","305","539","269","636","317","596","393","538","328","700","343","770","349","740","410","746","403","710","462","710","501","680","539","667","402","816","462","813","556","847","590","874","622","857","114","467"
"NL-0123-19-16-2024-K23-9991.dw.png","503","774","482","759","500","654","463","703","401","771","434","595","411","529","410","562","353","561","365","601","306","599","273","636","235","648","351","490","290","493","193","469","156","445","128","466","668","802"
"NL-0123-19-16-2024-K23-9992.dw.png","428","424","443","448","386","530","442","517","522","470","426","610","423","682","436","653","490","681","493","642","545","660","588","639","627","639","467","746","524","762","602","818","628","859","662","854","290","340"
"NL-0123-19-16-2024-K23-9993.dw.png","454","570","482","561","562","635","541","575","521","481","650","608","716","626","690","607","727","555","686","545","713","493","705","447","711","407","790","591","815","539","890","467","931","448","928","415","338","697"
"NL-0123-19-16-2024-K23-9994.dw.png","272","501","290","524","240","614","293","580","377","536","293","691","298","758","307","729","369","750","365","710","425","718","465","691","503","684","350","815","412","822","499","868","530","901","561","886","114","420"
"NL-0123-19-16-2024-K23-9995.dw.png","262","512","282","535","243","638","291","598","374","542","302","712","310","783","318","750","377","760","372","725","434","731","472","705","513","697","366","839","428","841","519","884","557","922","588","904","97","451"
"NL-0123-19-16-2024-K23-9996.dw.png","663","276","648","302","536","291","592","327","667","393","479","371","414","398","448","398","454","460","487","445","500","502","538","533","557","570","377","467","392","531","376","630","352","673","376","701","667","102"
"NL-0124-19-16-2024-K24-0007.dw.png","424","453","442","473","395","553","448","529","523","483","448","632","456","704","464","674","519","688","517","655","575","666","613","640","657","633","509","758","562","767","653","818","687","855","721","843","273","382"
"NL-0124-19-16-2024-K24-0008.dw.png","434","439","449","462","396","551","452","528","535","479","439","633","436","699","449","670","508","693","510","658","567","671","612","653","652","653","479","755","539","769","625","827","651","862","688","858","284","362"
"NL-0124-19-16-2024-K24-0009.dw.png","329","445","336","471","251","545","319","535","417","527","275","641","254","713","275","689","326","721","338","690","390","721","441","712","482","720","281","790","338","820","405","894","421","936","458","938","202","326"
"NL-0124-19-16-2024-K24-0010.dw.png","259","510","273","536","211","610","271","584","357","559","253","688","250","767","265","735","317","758","322","725","376","745","418","727","460","733","291","827","348","844","422","902","450","942","485","934","114","421"
"NL-0124-19-16-2024-K24-0011.dw.png","611","713","594","686","654","608","594","630","506","665","609","522","614","444","598","477","541","451","538","493","478","470","435","493","392","493","568","381","509","367","420","300","393","262","355","271","763","795"
"NL-0124-19-16-2024-K24-0012.dw.png","717","302","695","323","605","282","641","335","694","414","533","343","458","360","496","364","480","428","523","419","513","480","541","518","547","558","409","417","406","477","367","568","335","603","350","636","770","132"
"NL-0124-19-16-2024-K24-0013.dw.png","318","482","335","506","282","591","338","557","417","521","331","673","331","744","342","714","401","737","400","693","460","713","500","688","543","683","379","804","442","820","527","874","556","914","593","906","165","400"
"NL-0124-19-16-2024-K24-0014.dw.png","308","469","325","496","271","580","326","549","411","519","317","657","319","731","330","700","382","717","385","684","440","704","481","682","521","684","363","790","418","801","498","855","527","894","561","885","160","392"
"NL-0124-19-16-2024-K24-0015.dw.png","313","481","324","508","255","571","314","561","399","543","283","663","270","739","287","712","339","745","347","713","398","737","442","721","482","727","307","812","357","835","428","908","449","954","483","949","183","372"
"NL-0124-19-16-2024-K24-0016.dw.png","290","544","310","563","272","662","321","619","399","569","335","735","348","805","354","771","416","785","406","738","468","748","506","719","543","711","405","855","463","857","562","898","595","928","630","916","127","502"
"NL-0124-19-16-2024-K24-0017.dw.png","717","339","700","358","603","330","645","373","704","440","541","386","472","401","504","408","490","470","536","456","530","515","556","550","566","587","425","464","425","522","392","610","359","648","376","677","765","176"
"NL-0124-19-16-2024-K24-0018.dw.png","389","427","408","451","359","532","413","504","493","460","413","609","424","684","433","653","487","670","483","628","541","642","581","619","621","617","473","736","525","743","612","788","647","826","680","817","238","354"
"NL-0124-19-16-2024-K24-0019.dw.png","352","415","371","432","347","528","388","488","454","427","411","594","427","660","431","629","492","637","482","597","538","599","573","571","611","556","491","705","548","702","641","729","679","757","709","740","190","375"
"NL-0124-19-16-2024-K24-0020.dw.png","327","487","347","509","309","599","359","570","434","512","368","670","382","743","389","710","443","721","437","683","495","690","531","663","574","660","434","790","490","793","583","832","617","864","648","853","170","426"
"NL-0124-19-16-2024-K24-0021.dw.png","298","463","315","487","267","574","320","547","401","502","314","650","317","728","328","697","386","716","387","676","443","689","484","664","523","663","368","784","421","794","510","846","537","879","572","870","143","390"
"NL-0124-19-16-2024-K24-0022.dw.png","296","504","317","526","268","611","324","582","402","536","326","698","334","771","343","742","402","754","400","715","460","727","499","699","542","692","389","829","446","835","539","881","574","919","609","907","135","433"
"NL-0124-19-16-2024-K24-0023.dw.png","290","495","306","514","263","606","313","568","388","520","311","673","316","743","327","713","385","733","380","687","437","702","475","680","512","673","370","798","425","802","508","846","540","880","571","870","133","430"
"NL-0124-19-16-2024-K24-0024.dw.png","300","497","318","518","270","601","326","575","404","527","329","682","338","757","348","726","403","740","400","703","457","713","496","689","535","680","389","810","448","817","536","865","569","903","605","894","143","431"
"NL-0124-19-16-2024-K24-0025.dw.png","717","312","693","323","620","257","640","317","664","406","528","294","452","287","481","302","455","356","496","361","470","416","482","461","482","503","385","327","366","383","298","459","254","484","257","521","821","170"
"NL-0124-19-16-2024-K24-0026.dw.png","667","293","649","315","547","291","589","333","648","406","482","358","408","380","440","382","440","438","474","430","475","490","512","527","524","565","363","442","364","504","332","604","311","635","332","665","704","135"
"NL-0124-19-16-2024-K24-0027.dw.png","793","443","768","460","685","408","705","466","754","548","607","456","532","461","562","471","539","530","581","529","563","589","589","631","591","673","475","510","465","566","407","660","373","688","383","724","862","299"
"NL-0124-19-16-2024-K24-0028.dw.png","362","472","383","488","361","584","402","540","468","482","426","643","449","716","451","680","510","687","500","651","561","651","594","617","629","604","512","757","566","755","671","784","710","810","739","790","199","443"
"NL-0124-19-16-2024-K24-0029.dw.png","412","523","438","513","505","587","496","523","478","434","599","560","672","577","644","559","675","509","632","497","672","447","660","402","669","361","737","548","765","496","845","423","884","406","886","369","298","650"
"NL-0124-19-16-2024-K24-0030.dw.png","359","384","368","415","293","481","352","471","445","459","314","569","294","645","314","617","359","655","371","617","418","652","464","643","502","658","320","714","368","742","428","818","444","867","479","868","242","265"
"NL-0124-19-16-2024-K24-0031.dw.png","339","417","347","442","269","503","333","495","422","488","293","603","273","675","294","647","339","679","350","648","398","677","445","669","482","684","301","743","349","768","411","844","428","888","464","886","224","295"
"NL-0124-19-16-2024-K24-0032.dw.png","294","459","314","482","263","564","322","536","404","491","326","646","335","721","344","688","403","703","398","661","458","676","497","649","541","648","388","774","448","779","536","824","570","857","605","846","133","390"
"NL-0124-19-16-2024-K24-0033.dw.png","497","619","515","601","612","635","574","590","520","518","682","581","749","571","720","563","732","504","688","510","700","453","677","416","668","377","801","514","805","455","842","369","876","333","859","302","436","778"
"NL-0124-19-16-2024-K24-0034.dw.png","352","449","362","479","287","541","346","533","435","524","307","640","288","713","307","689","354","720","365","686","415","717","460","709","500","721","316","788","364","816","430","892","447","935","482","938","236","333"
"NL-0124-19-16-2024-K24-0035.dw.png","320","457","330","484","258","552","320","537","410","517","290","646","275","718","294","691","345","721","353","684","403","709","448","697","490","702","308","784","361","808","431","878","450","921","487","922","188","348"
"NL-0124-19-16-2024-K24-0036.dw.png","695","310","674","328","590","276","615","332","656","415","507","329","430","334","464","343","445","400","485","399","470","457","495","497","496","540","374","384","365","439","312","529","280","558","290","592","763","155"
"NL-0125-19-16-2024-K25-0038.dw.png","388","438","408","459","375","562","419","515","501","466","436","628","452","702","458","672","515","676","512","648","573","649","613","621","650","613","509","751","569","756","670","796","707","831","742","821","230","396"
"NL-0125-19-16-2024-K25-0039.dw.png","335","478","353","496","311","597","361","553","443","511","371","670","382","743","389","714","448","726","443","683","502","693","544","670","581","661","440","798","500","805","590","845","623","877","656","864","179","423"
"NL-0125-19-16-2024-K25-0040.dw.png","273","545","294","563","263","661","308","613","386","564","331","726","353","799","355","767","417","770","409","737","467","732","504","696","541","684","420","848","477","844","581","879","614","905","643","883","107","514"
"NL-0125-19-16-2024-K25-0041.dw.png","302","481","319","502","271","597","323","558","407","520","317","668","321","744","332","711","389","728","389","691","444","705","488","679","528","677","369","800","429","812","518","866","548","901","580","891","149","415"
"NL-0125-19-16-2024-K25-0042.dw.png","682","296","663","320","560","300","611","339","672","415","500","371","429","399","458","401","466","460","496","449","502","512","543","544","559","581","386","469","394","526","367","638","343","671","364","703","702","130"
"NL-0125-19-16-2024-K25-0043.dw.png","260","513","283","526","277","637","311","579","379","512","358","691","390","757","388","725","456","722","437","682","497","673","530","634","563","613","466","795","525","779","629","791","668","811","697","788","90","507"
"NL-0125-19-16-2024-K25-0044.dw.png","670","263","657","286","548","279","604","311","672","377","497","356","429","391","461","388","471","447","503","432","514","493","551","523","571","558","394","463","406","523","395","626","373","666","395","693","676","95"
"NL-0125-19-16-2024-K25-0045.dw.png","287","465","307","484","272","588","320","541","400","492","337","659","351","727","358","698","418","704","412","671","472","676","512","648","549","636","416","782","473","784","569","821","602","853","633","839","124","418"
"NL-0125-19-16-2024-K25-0046.dw.png","488","409","497","436","420","503","480","494","572","483","442","595","423","671","442","645","490","679","504","640","549","677","598","670","637","678","455","747","505","775","572","849","590","895","626","894","375","299"
"NL-0125-19-16-2024-K25-0047.dw.png","410","413","425","432","376","525","430","498","516","456","423","603","428","679","439","647","495","664","496","633","554","644","596","617","639","616","478","737","538","751","628","805","659","843","693","832","260","343"
"NL-0125-19-16-2024-K25-0048.dw.png","328","443","349","462","314","557","363","517","438","466","378","625","401","700","404","671","465","675","456","637","517","640","556","604","591","593","465","750","524","750","627","784","657","808","687","789","170","403"
"NL-0125-19-16-2024-K25-0049.dw.png","316","468","338","490","301","586","348","544","425","497","361","657","376","728","379","697","441","708","432","666","494","676","533","643","570","635","435","781","494","786","591","827","624","857","654","841","160","424"
"NL-0125-19-16-2024-K25-0050.dw.png","330","435","347","459","297","547","350","519","432","477","348","621","355","697","363","665","420","685","419","644","473","660","515","637","554","634","406","756","461","764","551","814","579","847","611","835","182","372"
"NL-0125-19-16-2024-K25-0051.dw.png","314","418","330","442","278","526","330","499","414","464","326","606","330","680","340","649","394","668","393","632","449","647","492","621","532","619","377","737","434","750","521","805","545","832","578","824","170","337"
"NL-0125-19-16-2024-K25-0052.dw.png","294","448","313","467","271","569","322","522","405","479","330","639","343","712","350","682","410","691","405","654","466","664","508","640","546","631","399","764","458","769","554","813","585","844","617","830","133","392"
"NL-0125-19-16-2024-K25-0053.dw.png","295","469","314","487","274","581","326","548","403","497","334","658","347","730","352","699","415","711","409","671","466","678","506","649","543","638","408","785","466","786","559","828","592","858","624","843","135","417"
"NL-0125-19-16-2024-K25-0054.dw.png","293","518","313","535","283","633","329","594","400","535","341","695","358","769","365","736","420","741","414","705","470","707","506","676","545","666","417","816","476","817","565","849","601","878","632","862","135","480"
"NL-0125-19-16-2024-K25-0055.dw.png","282","517","299","538","251","638","305","598","391","556","304","715","312","793","321","762","382","777","379","736","439","748","481","724","520","718","364","851","427","861","516","910","545","943","580","933","124","457"
"NL-0125-19-16-2024-K25-0056.dw.png","453","384","461","410","394","475","448","463","536","448","414","556","398","632","415","606","462","638","474","605","521","633","566","624","606","632","429","700","477","726","549","804","566","841","599","838","341","262"
"NL-0125-19-16-2024-K25-0057.dw.png","533","801","511","783","534","678","496","730","419","784","468","616","446","546","443","576","384","575","393","612","332","611","293","644","256","658","379","499","319","504","218","475","179","447","147","463","693","832"
"NL-0125-19-16-2024-K25-0058.dw.png","547","780","532","762","578","664","526","696","443","741","530","589","525","518","516","547","457","528","457","563","400","551","359","575","320","579","474","459","417","444","323","385","299","356","267","370","701","845"
"NL-0125-19-16-2024-K25-0059.dw.png","306","455","326","481","275","570","329","540","412","498","329","652","336","728","344","697","406","723","401","673","456","692","500","665","541","662","390","790","448","800","536","852","563","884","595","870","149","385"
"NL-0125-19-16-2024-K25-0060.dw.png","290","472","308","490","266","588","318","553","398","509","316","659","328","738","336","705","392","714","391","681","449","693","491","664","531","659","382","794","439","801","533","848","563","879","598","866","138","414"
"NL-0125-19-16-2024-K25-0061.dw.png","668","273","653","299","556","289","604","322","671","384","506","364","441","397","472","395","479","451","509","435","522","494","564","523","581","556","406","470","418","526","406","629","390","664","413","688","671","108"
"NL-0125-19-16-2024-K25-0062.dw.png","640","267","626","289","519","277","575","313","641","381","464","356","397","392","428","390","441","449","471","437","482","497","522","527","542","562","358","470","374","528","364","630","342","670","365","698","643","94"
"NL-0125-19-16-2024-K25-0063.dw.png","503","630","516","605","621","611","563","580","497","515","670","536","739","500","704","504","693","447","660","463","652","403","611","374","593","338","770","431","757","372","769","274","790","230","767","203","504","794"
"NL-0125-19-16-2024-K25-0064.dw.png","292","553","316","568","299","667","340","622","401","553","373","725","404","794","401","758","461","755","448","722","509","715","540","676","575","659","473","829","531","819","633","837","675","861","704","841","130","546"
"NL-0125-19-16-2024-K25-0065.dw.png","261","433","283","456","247","552","294","517","370","464","304","620","319","694","325","662","383","674","376","630","432","643","471","618","511","612","378","746","434","750","524","785","560","816","590","801","111","385"
"NL-0125-19-16-2024-K25-0067.dw.png","288","524","306","545","258","638","313","609","394","559","314","722","319","800","332","772","388","783","387","745","444","758","488","733","529","729","377","865","429","875","530","934","560","967","593","955","126","449"
"NL-0125-19-16-2024-K25-0068.dw.png","737","287","720","302","627","252","660","308","698","391","556","294","479","298","512","309","493","366","536","366","519","424","540","467","541","507","419","349","407","406","350","496","319","521","331","554","819","133"
"NL-0125-19-16-2024-K25-0071.dw.png","341","443","347","467","269","533","328","527","422","527","279","621","256","702","278","673","320","711","335","672","383","712","429","712","468","728","279","775","328","805","388","890","401","938","434","938","235","306"
"NL-0126-19-16-2024-K26-7424.dw.png","564","331","579","356","513","446","573","416","668","382","547","522","545","605","557","569","614","597","619","559","679","583","727","566","773","570","584","663","639","684","731","754","753","789","794","785","415","237"
"NL-0126-19-16-2024-K26-7425.dw.png","545","326","561","352","501","444","558","411","652","381","539","520","536","600","549","566","603","587","608","555","669","577","717","559","759","559","576","657","632","674","725","742","749","776","788","773","400","238"
"NL-0126-19-16-2024-K26-7426.dw.png","233","534","245","559","175","635","236","618","328","597","203","715","192","802","209","767","261","789","269","762","324","790","370","777","411","783","224","867","278","892","356","970","376","1010","413","1009","94","433"
"NL-0126-19-16-2024-K26-7427.dw.png","227","596","247","614","214","713","262","668","336","619","271","776","288","855","291","817","348","822","347","793","405","797","443","769","481","761","344","904","397","905","497","946","526","971","560","959","56","550"
"NL-0126-19-16-2024-K26-7428.dw.png","215","555","233","577","181","667","235","632","318","597","224","738","228","817","239","785","295","799","297","767","353","784","395","764","435","763","272","872","328","887","413","942","444","982","480","972","57","482"
"NL-0126-19-16-2024-K26-7429.dw.png","220","543","234","566","173","650","232","622","322","595","208","726","200","808","216","774","270","797","276","762","331","785","377","769","417","771","237","868","293","887","372","951","395","991","432","987","75","451"
"NL-0126-19-16-2024-K26-7431.dw.png","224","577","239","594","196","681","248","652","326","610","244","749","250","824","261","793","314","808","313","773","374","788","414","769","452","765","298","879","352","888","442","938","467","968","500","959","71","517"
"NL-0126-19-16-2024-K26-7432.dw.png","250","523","262","548","194","632","254","600","344","587","224","708","209","786","228","754","280","784","290","749","342","779","389","766","430","769","247","855","300","878","377","950","398","990","434","985","107","422"
"NL-0126-19-16-2024-K26-7433.dw.png","232","539","252","562","205","659","260","616","348","574","259","732","268","809","275","773","336","787","335","748","397","761","442","735","482","729","321","863","384","873","480","920","505","946","542","937","62","484"
"NL-0126-19-16-2024-K26-7434.dw.png","518","273","535","295","491","391","541","352","627","307","540","462","550","539","559","507","613","513","612","483","677","495","718","469","760","463","601","589","659","597","759","645","788","674","824","663","363","210"
"NL-0126-19-16-2024-K26-7435.dw.png","945","427","930","452","824","443","878","476","950","537","772","512","705","547","741","540","750","596","778","585","788","647","826","680","845","716","675","607","686","666","676","769","657","809","677","839","954","265"
"NL-0126-19-16-2024-K26-7436.dw.png","196","601","216","622","173","719","227","679","311","630","229","791","241","870","247","833","308","843","304","806","364","814","405","787","446","779","290","917","353","925","449","968","479","999","512","984","29","548"
"NL-0126-19-16-2024-K26-7437.dw.png","613","246","594","267","499","233","537","281","592","354","432","293","358","308","393","313","386","371","422","365","413","426","442","462","453","500","308","365","304","423","264","518","234","551","245","585","655","79"
"NL-0126-19-16-2024-K26-7438.dw.png","220","558","239","586","182","671","240","639","326","604","228","747","230","829","241","792","298","805","300","774","359","792","404","770","442","767","274","885","334","900","422","952","447","985","484","976","55","487"
"NL-0126-19-16-2024-K26-7439.dw.png","705","228","677","244","593","181","621","238","642","329","508","217","432","210","466","225","440","279","479","284","450","342","464","387","461","429","368","246","351","301","282","385","241","408","243","444","803","84"
"NL-0126-19-16-2024-K26-7440.dw.png","227","559","245","585","194","676","247","639","332","600","239","748","245","830","254","793","310","808","312","775","370","791","413","767","455","766","290","886","349","898","436","954","464","989","500","980","71","489"
"NL-0126-19-16-2024-K26-7441.dw.png","601","222","580","245","483","213","533","256","582","335","424","269","346","289","381","293","378","352","410","347","406","410","438","446","449","484","298","350","298","407","263","507","234","541","249","574","640","53"
"NL-0126-19-16-2024-K26-7442.dw.png","241","499","254","526","188","613","246","581","340","561","218","690","209","774","225","740","278","767","285","727","341","759","387","746","429","750","245","839","299","864","380","937","399","973","437","973","99","397"
"NL-0126-19-16-2024-K26-7443.dw.png","478","863","458","846","486","747","443","792","369","846","429","689","408","615","405","649","349","645","356","677","294","674","258","705","213","714","347","569","294","572","194","540","156","511","125","527","641","904"
"NL-0126-19-16-2024-K26-7444.dw.png","500","331","519","354","472","449","524","414","613","370","522","523","531","603","536","563","596","580","595","546","657","559","702","530","744","527","579","653","639","664","738","715","764","743","804","738","349","264"
"NL-0126-19-16-2024-K26-7445.dw.png","245","499","256","527","187","603","246","580","337","562","212","682","199","765","216","732","268","760","276","725","330","754","376","742","418","750","230","827","284","855","358","928","377","971","414","971","107","397"
"NL-0126-19-16-2024-K26-7446.dw.png","218","636","243","652","226","759","262","704","334","641","291","813","322","889","318","849","378","848","368","814","431","809","465","774","504","760","379","925","441","921","546","944","580","967","613","949","38","616"
"NL-0126-19-16-2024-K26-7447.dw.png","235","572","254","592","212","691","264","648","346","606","263","760","275","842","282","806","339","817","336","779","398","795","439","769","480","764","326","897","386","906","477","953","507","985","544","977","75","511"
"NL-0126-19-16-2024-K26-7448.dw.png","239","522","253","548","188","633","248","604","335","575","225","718","217","793","232","759","286","785","292","748","348","772","393","758","435","761","254","854","310","874","392","940","416","980","451","974","91","427"
"NL-0126-19-16-2024-K26-7449.dw.png","238","486","246","505","179","562","234","567","320","539","203","644","183","720","204","689","246","717","254","694","308","724","350","718","387","729","210","786","257","810","323","889","337","939","371","938","117","373"
"NL-0126-19-16-2024-K26-7450.dw.png","210","491","226","525","158","598","217","575","309","561","191","678","181","756","196","729","250","755","258","725","310","747","355","735","396","739","218","826","267","844","350","924","370","963","405","956","74","394"
"NL-0126-19-16-2024-K26-7451.dw.png","222","581","239","603","189","679","243","660","320","619","231","754","230","829","244","796","293","809","297","783","353","798","393","779","431","780","275","888","328","899","409","953","436","991","470","986","81","508"
"NL-0126-19-16-2024-K26-7452.dw.png","214","543","230","571","164","651","224","625","316","604","200","738","193","817","207","784","262","808","268","772","325","798","370","785","413","787","229","882","283","900","365","967","385","1006","423","1003","71","447"
"NL-0126-19-16-2024-K26-7453.dw.png","206","571","222","591","176","672","230","644","315","605","228","750","236","830","246","795","299","804","300","774","364","790","404","765","443","759","286","885","344","894","436","946","467","984","502","972","50","501"
"NL-0126-19-16-2024-K26-7454.dw.png","610","235","593","257","493","234","541","275","598","344","434","296","359","318","397","319","396","375","431","368","426","428","456","463","467","501","318","374","321","429","289","527","260","563","275","596","641","65"
