file,sample,latitude,longitude,date,resolution,notes
NO-0001-AkM21-222-6-0R.dw.png,NO-0001,58.55548,6.52619,2021,,
NO-0001-AkM21-222-6-10R.dw.png,NO-0001,58.55548,6.52619,2021,,
NO-0001-AkM21-222-6-11R.dw.png,NO-0001,58.55548,6.52619,2021,,
NO-0001-AkM21-222-6-12R.dw.png,NO-0001,58.55548,6.52619,2021,,
NO-0001-AkM21-222-6-13R.dw.png,NO-0001,58.55548,6.52619,2021,,
NO-0001-AkM21-222-6-14R.dw.png,NO-0001,58.55548,6.52619,2021,,
NO-0001-AkM21-222-6-15R.dw.png,NO-0001,58.55548,6.52619,2021,,
NO-0001-AkM21-222-6-16R.dw.png,NO-0001,58.55548,6.52619,2021,,
NO-0001-AkM21-222-6-17R.dw.png,NO-0001,58.55548,6.52619,2021,,
NO-0001-AkM21-222-6-18R.dw.png,NO-0001,58.55548,6.52619,2021,,
NO-0001-AkM21-222-6-19R.dw.png,NO-0001,58.55548,6.52619,2021,,
NO-0001-AkM21-222-6-1R.dw.png,NO-0001,58.55548,6.52619,2021,,
NO-0001-AkM21-222-6-20R.dw.png,NO-0001,58.55548,6.52619,2021,,
NO-0001-AkM21-222-6-22R.dw.png,NO-0001,58.55548,6.52619,2021,,
NO-0001-AkM21-222-6-23R.dw.png,NO-0001,58.55548,6.52619,2021,,
NO-0001-AkM21-222-6-24R.dw.png,NO-0001,58.55548,6.52619,2021,,
NO-0001-AkM21-222-6-25R.dw.png,NO-0001,58.55548,6.52619,2021,,
NO-0001-AkM21-222-6-26R.dw.png,NO-0001,58.55548,6.52619,2021,,
NO-0001-AkM21-222-6-27R.dw.png,NO-0001,58.55548,6.52619,2021,,
NO-0001-AkM21-222-6-28R.dw.png,NO-0001,58.55548,6.52619,2021,,
NO-0001-AkM21-222-6-29R.dw.png,NO-0001,58.55548,6.52619,2021,,
NO-0001-AkM21-222-6-2R.dw.png,NO-0001,58.55548,6.52619,2021,,
NO-0001-AkM21-222-6-3R.dw.png,NO-0001,58.55548,6.52619,2021,,
NO-0001-AkM21-222-6-4R.dw.png,NO-0001,58.55548,6.52619,2021,,
NO-0001-AkM21-222-6-5R.dw.png,NO-0001,58.55548,6.52619,2021,,
NO-0001-AkM21-222-6-6R.dw.png,NO-0001,58.55548,6.52619,2021,,
NO-0001-AkM21-222-6-7R.dw.png,NO-0001,58.55548,6.52619,2021,,
NO-0001-AkM21-222-6-8R.dw.png,NO-0001,58.55548,6.52619,2021,,
NO-0001-AkM21-222-6-9R.dw.png,NO-0001,58.55548,6.52619,2021,,
NO-0002-AkM21-230-5-0R.dw.png,NO-0002,58.55548,6.52619,2021,,
NO-0002-AkM21-230-5-10R.dw.png,NO-0002,58.55548,6.52619,2021,,
NO-0002-AkM21-230-5-11R.dw.png,NO-0002,58.55548,6.52619,2021,,
NO-0002-AkM21-230-5-12R.dw.png,NO-0002,58.55548,6.52619,2021,,
NO-0002-AkM21-230-5-13R.dw.png,NO-0002,58.55548,6.52619,2021,,
NO-0002-AkM21-230-5-14R.dw.png,NO-0002,58.55548,6.52619,2021,,
NO-0002-AkM21-230-5-15R.dw.png,NO-0002,58.55548,6.52619,2021,,
NO-0002-AkM21-230-5-16R.dw.png,NO-0002,58.55548,6.52619,2021,,
NO-0002-AkM21-230-5-17R.dw.png,NO-0002,58.55548,6.52619,2021,,
NO-0002-AkM21-230-5-18R.dw.png,NO-0002,58.55548,6.52619,2021,,
NO-0002-AkM21-230-5-19R.dw.png,NO-0002,58.55548,6.52619,2021,,
NO-0002-AkM21-230-5-1R.dw.png,NO-0002,58.55548,6.52619,2021,,
NO-0002-AkM21-230-5-20R.dw.png,NO-0002,58.55548,6.52619,2021,,
NO-0002-AkM21-230-5-21R.dw.png,NO-0002,58.55548,6.52619,2021,,
NO-0002-AkM21-230-5-22R.dw.png,NO-0002,58.55548,6.52619,2021,,
NO-0002-AkM21-230-5-23R.dw.png,NO-0002,58.55548,6.52619,2021,,
NO-0002-AkM21-230-5-24R.dw.png,NO-0002,58.55548,6.52619,2021,,
NO-0002-AkM21-230-5-25R.dw.png,NO-0002,58.55548,6.52619,2021,,
NO-0002-AkM21-230-5-26R.dw.png,NO-0002,58.55548,6.52619,2021,,
NO-0002-AkM21-230-5-2R.dw.png,NO-0002,58.55548,6.52619,2021,,
NO-0002-AkM21-230-5-3R.dw.png,NO-0002,58.55548,6.52619,2021,,
NO-0002-AkM21-230-5-4R.dw.png,NO-0002,58.55548,6.52619,2021,,
NO-0002-AkM21-230-5-5R.dw.png,NO-0002,58.55548,6.52619,2021,,
NO-0002-AkM21-230-5-6R.dw.png,NO-0002,58.55548,6.52619,2021,,
NO-0002-AkM21-230-5-7R.dw.png,NO-0002,58.55548,6.52619,2021,,
NO-0002-AkM21-230-5-8R.dw.png,NO-0002,58.55548,6.52619,2021,,
NO-0002-AkM21-230-5-9R.dw.png,NO-0002,58.55548,6.52619,2021,,
NO-0003-AL11-205-2020-0R.dw.png,NO-0003,58.5288734,8.6431798,2020,,
NO-0003-AL11-205-2020-10R.dw.png,NO-0003,58.5288734,8.6431798,2020,,
NO-0003-AL11-205-2020-11R.dw.png,NO-0003,58.5288734,8.6431798,2020,,
NO-0003-AL11-205-2020-12R.dw.png,NO-0003,58.5288734,8.6431798,2020,,
NO-0003-AL11-205-2020-13R.dw.png,NO-0003,58.5288734,8.6431798,2020,,
NO-0003-AL11-205-2020-14R.dw.png,NO-0003,58.5288734,8.6431798,2020,,
NO-0003-AL11-205-2020-15R.dw.png,NO-0003,58.5288734,8.6431798,2020,,
NO-0003-AL11-205-2020-16R.dw.png,NO-0003,58.5288734,8.6431798,2020,,
NO-0003-AL11-205-2020-17R.dw.png,NO-0003,58.5288734,8.6431798,2020,,
NO-0003-AL11-205-2020-18R.dw.png,NO-0003,58.5288734,8.6431798,2020,,
NO-0003-AL11-205-2020-19R.dw.png,NO-0003,58.5288734,8.6431798,2020,,
NO-0003-AL11-205-2020-1R.dw.png,NO-0003,58.5288734,8.6431798,2020,,
NO-0003-AL11-205-2020-20R.dw.png,NO-0003,58.5288734,8.6431798,2020,,
NO-0003-AL11-205-2020-21R.dw.png,NO-0003,58.5288734,8.6431798,2020,,
NO-0003-AL11-205-2020-22R.dw.png,NO-0003,58.5288734,8.6431798,2020,,
NO-0003-AL11-205-2020-23R.dw.png,NO-0003,58.5288734,8.6431798,2020,,
NO-0003-AL11-205-2020-24R.dw.png,NO-0003,58.5288734,8.6431798,2020,,
NO-0003-AL11-205-2020-25R.dw.png,NO-0003,58.5288734,8.6431798,2020,,
NO-0003-AL11-205-2020-2R.dw.png,NO-0003,58.5288734,8.6431798,2020,,
NO-0003-AL11-205-2020-3R.dw.png,NO-0003,58.5288734,8.6431798,2020,,
NO-0003-AL11-205-2020-4R.dw.png,NO-0003,58.5288734,8.6431798,2020,,
NO-0003-AL11-205-2020-5R.dw.png,NO-0003,58.5288734,8.6431798,2020,,
NO-0003-AL11-205-2020-6R.dw.png,NO-0003,58.5288734,8.6431798,2020,,
NO-0003-AL11-205-2020-7R.dw.png,NO-0003,58.5288734,8.6431798,2020,,
NO-0003-AL11-205-2020-8R.dw.png,NO-0003,58.5288734,8.6431798,2020,,
NO-0003-AL11-205-2020-9R.dw.png,NO-0003,58.5288734,8.6431798,2020,,
NO-0004-AL11-240-2020-0R.dw.png,NO-0004,58.5288734,8.6431798,2020,,
NO-0004-AL11-240-2020-10R.dw.png,NO-0004,58.5288734,8.6431798,2020,,
NO-0004-AL11-240-2020-11R.dw.png,NO-0004,58.5288734,8.6431798,2020,,
NO-0004-AL11-240-2020-12R.dw.png,NO-0004,58.5288734,8.6431798,2020,,
NO-0004-AL11-240-2020-13R.dw.png,NO-0004,58.5288734,8.6431798,2020,,
NO-0004-AL11-240-2020-14R.dw.png,NO-0004,58.5288734,8.6431798,2020,,
NO-0004-AL11-240-2020-15R.dw.png,NO-0004,58.5288734,8.6431798,2020,,
NO-0004-AL11-240-2020-16R.dw.png,NO-0004,58.5288734,8.6431798,2020,,
NO-0004-AL11-240-2020-17R.dw.png,NO-0004,58.5288734,8.6431798,2020,,
NO-0004-AL11-240-2020-18R.dw.png,NO-0004,58.5288734,8.6431798,2020,,
NO-0004-AL11-240-2020-19R.dw.png,NO-0004,58.5288734,8.6431798,2020,,
NO-0004-AL11-240-2020-1R.dw.png,NO-0004,58.5288734,8.6431798,2020,,
NO-0004-AL11-240-2020-20R.dw.png,NO-0004,58.5288734,8.6431798,2020,,
NO-0004-AL11-240-2020-21R.dw.png,NO-0004,58.5288734,8.6431798,2020,,
NO-0004-AL11-240-2020-22R.dw.png,NO-0004,58.5288734,8.6431798,2020,,
NO-0004-AL11-240-2020-23R.dw.png,NO-0004,58.5288734,8.6431798,2020,,
NO-0004-AL11-240-2020-2R.dw.png,NO-0004,58.5288734,8.6431798,2020,,
NO-0004-AL11-240-2020-3R.dw.png,NO-0004,58.5288734,8.6431798,2020,,
NO-0004-AL11-240-2020-4R.dw.png,NO-0004,58.5288734,8.6431798,2020,,
NO-0004-AL11-240-2020-5R.dw.png,NO-0004,58.5288734,8.6431798,2020,,
NO-0004-AL11-240-2020-6R.dw.png,NO-0004,58.5288734,8.6431798,2020,,
NO-0004-AL11-240-2020-7R.dw.png,NO-0004,58.5288734,8.6431798,2020,,
NO-0004-AL11-240-2020-8R.dw.png,NO-0004,58.5288734,8.6431798,2020,,
NO-0004-AL11-240-2020-9R.dw.png,NO-0004,58.5288734,8.6431798,2020,,
NO-0005-AL11-304-2020-0R.dw.png,NO-0005,58.5288734,8.6431798,2020,,
NO-0005-AL11-304-2020-10R.dw.png,NO-0005,58.5288734,8.6431798,2020,,
NO-0005-AL11-304-2020-11R.dw.png,NO-0005,58.5288734,8.6431798,2020,,
NO-0005-AL11-304-2020-12R.dw.png,NO-0005,58.5288734,8.6431798,2020,,
NO-0005-AL11-304-2020-13R.dw.png,NO-0005,58.5288734,8.6431798,2020,,
NO-0005-AL11-304-2020-14R.dw.png,NO-0005,58.5288734,8.6431798,2020,,
NO-0005-AL11-304-2020-15R.dw.png,NO-0005,58.5288734,8.6431798,2020,,
NO-0005-AL11-304-2020-16R.dw.png,NO-0005,58.5288734,8.6431798,2020,,
NO-0005-AL11-304-2020-17R.dw.png,NO-0005,58.5288734,8.6431798,2020,,
NO-0005-AL11-304-2020-18R.dw.png,NO-0005,58.5288734,8.6431798,2020,,
NO-0005-AL11-304-2020-19R.dw.png,NO-0005,58.5288734,8.6431798,2020,,
NO-0005-AL11-304-2020-1R.dw.png,NO-0005,58.5288734,8.6431798,2020,,
NO-0005-AL11-304-2020-20R.dw.png,NO-0005,58.5288734,8.6431798,2020,,
NO-0005-AL11-304-2020-21R.dw.png,NO-0005,58.5288734,8.6431798,2020,,
NO-0005-AL11-304-2020-22R.dw.png,NO-0005,58.5288734,8.6431798,2020,,
NO-0005-AL11-304-2020-23R.dw.png,NO-0005,58.5288734,8.6431798,2020,,
NO-0005-AL11-304-2020-24R.dw.png,NO-0005,58.5288734,8.6431798,2020,,
NO-0005-AL11-304-2020-25R.dw.png,NO-0005,58.5288734,8.6431798,2020,,
NO-0005-AL11-304-2020-26R.dw.png,NO-0005,58.5288734,8.6431798,2020,,
NO-0005-AL11-304-2020-27R.dw.png,NO-0005,58.5288734,8.6431798,2020,,
NO-0005-AL11-304-2020-2R.dw.png,NO-0005,58.5288734,8.6431798,2020,,
NO-0005-AL11-304-2020-3R.dw.png,NO-0005,58.5288734,8.6431798,2020,,
NO-0005-AL11-304-2020-4R.dw.png,NO-0005,58.5288734,8.6431798,2020,,
NO-0005-AL11-304-2020-5R.dw.png,NO-0005,58.5288734,8.6431798,2020,,
NO-0005-AL11-304-2020-6R.dw.png,NO-0005,58.5288734,8.6431798,2020,,
NO-0005-AL11-304-2020-7R.dw.png,NO-0005,58.5288734,8.6431798,2020,,
NO-0005-AL11-304-2020-8R.dw.png,NO-0005,58.5288734,8.6431798,2020,,
NO-0005-AL11-304-2020-9R.dw.png,NO-0005,58.5288734,8.6431798,2020,,
NO-0006-AL11-313-2020-0R.dw.png,NO-0006,58.5288734,8.6431798,2020,,
NO-0006-AL11-313-2020-10R.dw.png,NO-0006,58.5288734,8.6431798,2020,,
NO-0006-AL11-313-2020-11R.dw.png,NO-0006,58.5288734,8.6431798,2020,,
NO-0006-AL11-313-2020-12R.dw.png,NO-0006,58.5288734,8.6431798,2020,,
NO-0006-AL11-313-2020-13R.dw.png,NO-0006,58.5288734,8.6431798,2020,,
NO-0006-AL11-313-2020-14R.dw.png,NO-0006,58.5288734,8.6431798,2020,,
NO-0006-AL11-313-2020-15R.dw.png,NO-0006,58.5288734,8.6431798,2020,,
NO-0006-AL11-313-2020-16R.dw.png,NO-0006,58.5288734,8.6431798,2020,,
NO-0006-AL11-313-2020-17R.dw.png,NO-0006,58.5288734,8.6431798,2020,,
NO-0006-AL11-313-2020-18R.dw.png,NO-0006,58.5288734,8.6431798,2020,,
NO-0006-AL11-313-2020-19R.dw.png,NO-0006,58.5288734,8.6431798,2020,,
NO-0006-AL11-313-2020-1R.dw.png,NO-0006,58.5288734,8.6431798,2020,,
NO-0006-AL11-313-2020-20R.dw.png,NO-0006,58.5288734,8.6431798,2020,,
NO-0006-AL11-313-2020-21R.dw.png,NO-0006,58.5288734,8.6431798,2020,,
NO-0006-AL11-313-2020-22R.dw.png,NO-0006,58.5288734,8.6431798,2020,,
NO-0006-AL11-313-2020-23R.dw.png,NO-0006,58.5288734,8.6431798,2020,,
NO-0006-AL11-313-2020-24R.dw.png,NO-0006,58.5288734,8.6431798,2020,,
NO-0006-AL11-313-2020-25R.dw.png,NO-0006,58.5288734,8.6431798,2020,,
NO-0006-AL11-313-2020-26R.dw.png,NO-0006,58.5288734,8.6431798,2020,,
NO-0006-AL11-313-2020-2R.dw.png,NO-0006,58.5288734,8.6431798,2020,,
NO-0006-AL11-313-2020-3R.dw.png,NO-0006,58.5288734,8.6431798,2020,,
NO-0006-AL11-313-2020-4R.dw.png,NO-0006,58.5288734,8.6431798,2020,,
NO-0006-AL11-313-2020-5R.dw.png,NO-0006,58.5288734,8.6431798,2020,,
NO-0006-AL11-313-2020-6R.dw.png,NO-0006,58.5288734,8.6431798,2020,,
NO-0006-AL11-313-2020-7R.dw.png,NO-0006,58.5288734,8.6431798,2020,,
NO-0006-AL11-313-2020-9R.dw.png,NO-0006,58.5288734,8.6431798,2020,,
NO-0007-AL11-382-2020-0R.dw.png,NO-0007,58.5288734,8.6431798,2020,,
NO-0007-AL11-382-2020-10R.dw.png,NO-0007,58.5288734,8.6431798,2020,,
NO-0007-AL11-382-2020-11R.dw.png,NO-0007,58.5288734,8.6431798,2020,,
NO-0007-AL11-382-2020-12R.dw.png,NO-0007,58.5288734,8.6431798,2020,,
NO-0007-AL11-382-2020-13R.dw.png,NO-0007,58.5288734,8.6431798,2020,,
NO-0007-AL11-382-2020-14R.dw.png,NO-0007,58.5288734,8.6431798,2020,,
NO-0007-AL11-382-2020-15R.dw.png,NO-0007,58.5288734,8.6431798,2020,,
NO-0007-AL11-382-2020-16R.dw.png,NO-0007,58.5288734,8.6431798,2020,,
NO-0007-AL11-382-2020-17R.dw.png,NO-0007,58.5288734,8.6431798,2020,,
NO-0007-AL11-382-2020-18R.dw.png,NO-0007,58.5288734,8.6431798,2020,,
NO-0007-AL11-382-2020-19R.dw.png,NO-0007,58.5288734,8.6431798,2020,,
NO-0007-AL11-382-2020-1R.dw.png,NO-0007,58.5288734,8.6431798,2020,,
NO-0007-AL11-382-2020-20R.dw.png,NO-0007,58.5288734,8.6431798,2020,,
NO-0007-AL11-382-2020-21R.dw.png,NO-0007,58.5288734,8.6431798,2020,,
NO-0007-AL11-382-2020-22R.dw.png,NO-0007,58.5288734,8.6431798,2020,,
NO-0007-AL11-382-2020-23R.dw.png,NO-0007,58.5288734,8.6431798,2020,,
NO-0007-AL11-382-2020-24R.dw.png,NO-0007,58.5288734,8.6431798,2020,,
NO-0007-AL11-382-2020-2R.dw.png,NO-0007,58.5288734,8.6431798,2020,,
NO-0007-AL11-382-2020-3R.dw.png,NO-0007,58.5288734,8.6431798,2020,,
NO-0007-AL11-382-2020-4R.dw.png,NO-0007,58.5288734,8.6431798,2020,,
NO-0007-AL11-382-2020-5R.dw.png,NO-0007,58.5288734,8.6431798,2020,,
NO-0007-AL11-382-2020-6R.dw.png,NO-0007,58.5288734,8.6431798,2020,,
NO-0007-AL11-382-2020-7R.dw.png,NO-0007,58.5288734,8.6431798,2020,,
NO-0007-AL11-382-2020-8R.dw.png,NO-0007,58.5288734,8.6431798,2020,,
NO-0007-AL11-382-2020-9R.dw.png,NO-0007,58.5288734,8.6431798,2020,,
NO-0008-AL21-144-B-0R.dw.png,NO-0008,58.58677,8.59222,2021,,
NO-0008-AL21-144-B-2R.dw.png,NO-0008,58.58677,8.59222,2021,,
NO-0008-AL21-144-B-4R.dw.png,NO-0008,58.58677,8.59222,2021,,
NO-0008-AL21-144-B-5R.dw.png,NO-0008,58.58677,8.59222,2021,,
NO-0008-AL21-144-B-6R.dw.png,NO-0008,58.58677,8.59222,2021,,
NO-0009-ALV21-5-0R.dw.png,NO-0009,58.27104,6.70826,2021,,
NO-0009-ALV21-5-10R.dw.png,NO-0009,58.27104,6.70826,2021,,
NO-0009-ALV21-5-11R.dw.png,NO-0009,58.27104,6.70826,2021,,
NO-0009-ALV21-5-12R.dw.png,NO-0009,58.27104,6.70826,2021,,
NO-0009-ALV21-5-13R.dw.png,NO-0009,58.27104,6.70826,2021,,
NO-0009-ALV21-5-14R.dw.png,NO-0009,58.27104,6.70826,2021,,
NO-0009-ALV21-5-15R.dw.png,NO-0009,58.27104,6.70826,2021,,
NO-0009-ALV21-5-16R.dw.png,NO-0009,58.27104,6.70826,2021,,
NO-0009-ALV21-5-17R.dw.png,NO-0009,58.27104,6.70826,2021,,
NO-0009-ALV21-5-18R.dw.png,NO-0009,58.27104,6.70826,2021,,
NO-0009-ALV21-5-19R.dw.png,NO-0009,58.27104,6.70826,2021,,
NO-0009-ALV21-5-1R.dw.png,NO-0009,58.27104,6.70826,2021,,
NO-0009-ALV21-5-20R.dw.png,NO-0009,58.27104,6.70826,2021,,
NO-0009-ALV21-5-21R.dw.png,NO-0009,58.27104,6.70826,2021,,
NO-0009-ALV21-5-22R.dw.png,NO-0009,58.27104,6.70826,2021,,
NO-0009-ALV21-5-23R.dw.png,NO-0009,58.27104,6.70826,2021,,
NO-0009-ALV21-5-24R.dw.png,NO-0009,58.27104,6.70826,2021,,
NO-0009-ALV21-5-25R.dw.png,NO-0009,58.27104,6.70826,2021,,
NO-0009-ALV21-5-26R.dw.png,NO-0009,58.27104,6.70826,2021,,
NO-0009-ALV21-5-27R.dw.png,NO-0009,58.27104,6.70826,2021,,
NO-0009-ALV21-5-2R.dw.png,NO-0009,58.27104,6.70826,2021,,
NO-0009-ALV21-5-3R.dw.png,NO-0009,58.27104,6.70826,2021,,
NO-0009-ALV21-5-4R.dw.png,NO-0009,58.27104,6.70826,2021,,
NO-0009-ALV21-5-5R.dw.png,NO-0009,58.27104,6.70826,2021,,
NO-0009-ALV21-5-6R.dw.png,NO-0009,58.27104,6.70826,2021,,
NO-0009-ALV21-5-7R.dw.png,NO-0009,58.27104,6.70826,2021,,
NO-0009-ALV21-5-8R.dw.png,NO-0009,58.27104,6.70826,2021,,
NO-0009-ALV21-5-9R.dw.png,NO-0009,58.27104,6.70826,2021,,
NO-0010-ALV21-6A-0R.dw.png,NO-0010,58.27104,6.70826,2021,,
NO-0010-ALV21-6A-10R.dw.png,NO-0010,58.27104,6.70826,2021,,
NO-0010-ALV21-6A-11R.dw.png,NO-0010,58.27104,6.70826,2021,,
NO-0010-ALV21-6A-12R.dw.png,NO-0010,58.27104,6.70826,2021,,
NO-0010-ALV21-6A-13R.dw.png,NO-0010,58.27104,6.70826,2021,,
NO-0010-ALV21-6A-14R.dw.png,NO-0010,58.27104,6.70826,2021,,
NO-0010-ALV21-6A-15R.dw.png,NO-0010,58.27104,6.70826,2021,,
NO-0010-ALV21-6A-16R.dw.png,NO-0010,58.27104,6.70826,2021,,
NO-0010-ALV21-6A-17R.dw.png,NO-0010,58.27104,6.70826,2021,,
NO-0010-ALV21-6A-18R.dw.png,NO-0010,58.27104,6.70826,2021,,
NO-0010-ALV21-6A-19R.dw.png,NO-0010,58.27104,6.70826,2021,,
NO-0010-ALV21-6A-1R.dw.png,NO-0010,58.27104,6.70826,2021,,
NO-0010-ALV21-6A-20R.dw.png,NO-0010,58.27104,6.70826,2021,,
NO-0010-ALV21-6A-21R.dw.png,NO-0010,58.27104,6.70826,2021,,
NO-0010-ALV21-6A-22R.dw.png,NO-0010,58.27104,6.70826,2021,,
NO-0010-ALV21-6A-23R.dw.png,NO-0010,58.27104,6.70826,2021,,
NO-0010-ALV21-6A-24R.dw.png,NO-0010,58.27104,6.70826,2021,,
NO-0010-ALV21-6A-25R.dw.png,NO-0010,58.27104,6.70826,2021,,
NO-0010-ALV21-6A-2R.dw.png,NO-0010,58.27104,6.70826,2021,,
NO-0010-ALV21-6A-3R.dw.png,NO-0010,58.27104,6.70826,2021,,
NO-0010-ALV21-6A-4R.dw.png,NO-0010,58.27104,6.70826,2021,,
NO-0010-ALV21-6A-5R.dw.png,NO-0010,58.27104,6.70826,2021,,
NO-0010-ALV21-6A-6R.dw.png,NO-0010,58.27104,6.70826,2021,,
NO-0010-ALV21-6A-7R.dw.png,NO-0010,58.27104,6.70826,2021,,
NO-0010-ALV21-6A-8R.dw.png,NO-0010,58.27104,6.70826,2021,,
NO-0010-ALV21-6A-9R.dw.png,NO-0010,58.27104,6.70826,2021,,
NO-0011-ALV21-8-0R.dw.png,NO-0011,58.27104,6.70826,2021,,
NO-0011-ALV21-8-10R.dw.png,NO-0011,58.27104,6.70826,2021,,
NO-0011-ALV21-8-11R.dw.png,NO-0011,58.27104,6.70826,2021,,
NO-0011-ALV21-8-12R.dw.png,NO-0011,58.27104,6.70826,2021,,
NO-0011-ALV21-8-13R.dw.png,NO-0011,58.27104,6.70826,2021,,
NO-0011-ALV21-8-14R.dw.png,NO-0011,58.27104,6.70826,2021,,
NO-0011-ALV21-8-15R.dw.png,NO-0011,58.27104,6.70826,2021,,
NO-0011-ALV21-8-16R.dw.png,NO-0011,58.27104,6.70826,2021,,
NO-0011-ALV21-8-17R.dw.png,NO-0011,58.27104,6.70826,2021,,
NO-0011-ALV21-8-18R.dw.png,NO-0011,58.27104,6.70826,2021,,
NO-0011-ALV21-8-19R.dw.png,NO-0011,58.27104,6.70826,2021,,
NO-0011-ALV21-8-1R.dw.png,NO-0011,58.27104,6.70826,2021,,
NO-0011-ALV21-8-20R.dw.png,NO-0011,58.27104,6.70826,2021,,
NO-0011-ALV21-8-21R.dw.png,NO-0011,58.27104,6.70826,2021,,
NO-0011-ALV21-8-22R.dw.png,NO-0011,58.27104,6.70826,2021,,
NO-0011-ALV21-8-23R.dw.png,NO-0011,58.27104,6.70826,2021,,
NO-0011-ALV21-8-24R.dw.png,NO-0011,58.27104,6.70826,2021,,
NO-0011-ALV21-8-25R.dw.png,NO-0011,58.27104,6.70826,2021,,
NO-0011-ALV21-8-26R.dw.png,NO-0011,58.27104,6.70826,2021,,
NO-0011-ALV21-8-2R.dw.png,NO-0011,58.27104,6.70826,2021,,
NO-0011-ALV21-8-3R.dw.png,NO-0011,58.27104,6.70826,2021,,
NO-0011-ALV21-8-4R.dw.png,NO-0011,58.27104,6.70826,2021,,
NO-0011-ALV21-8-5R.dw.png,NO-0011,58.27104,6.70826,2021,,
NO-0011-ALV21-8-6R.dw.png,NO-0011,58.27104,6.70826,2021,,
NO-0011-ALV21-8-7R.dw.png,NO-0011,58.27104,6.70826,2021,,
NO-0011-ALV21-8-8R.dw.png,NO-0011,58.27104,6.70826,2021,,
NO-0011-ALV21-8-9R.dw.png,NO-0011,58.27104,6.70826,2021,,
NO-0012-AMa21-P1-0R.dw.png,NO-0012,62.81608,6.8395,2021,,
NO-0012-AMa21-P1-10R.dw.png,NO-0012,62.81608,6.8395,2021,,
NO-0012-AMa21-P1-11R.dw.png,NO-0012,62.81608,6.8395,2021,,
NO-0012-AMa21-P1-12R.dw.png,NO-0012,62.81608,6.8395,2021,,
NO-0012-AMa21-P1-13R.dw.png,NO-0012,62.81608,6.8395,2021,,
NO-0012-AMa21-P1-14R.dw.png,NO-0012,62.81608,6.8395,2021,,
NO-0012-AMa21-P1-15R.dw.png,NO-0012,62.81608,6.8395,2021,,
NO-0012-AMa21-P1-16R.dw.png,NO-0012,62.81608,6.8395,2021,,
NO-0012-AMa21-P1-17R.dw.png,NO-0012,62.81608,6.8395,2021,,
NO-0012-AMa21-P1-18R.dw.png,NO-0012,62.81608,6.8395,2021,,
NO-0012-AMa21-P1-19R.dw.png,NO-0012,62.81608,6.8395,2021,,
NO-0012-AMa21-P1-1R.dw.png,NO-0012,62.81608,6.8395,2021,,
NO-0012-AMa21-P1-20R.dw.png,NO-0012,62.81608,6.8395,2021,,
NO-0012-AMa21-P1-21R.dw.png,NO-0012,62.81608,6.8395,2021,,
NO-0012-AMa21-P1-22R.dw.png,NO-0012,62.81608,6.8395,2021,,
NO-0012-AMa21-P1-23R.dw.png,NO-0012,62.81608,6.8395,2021,,
NO-0012-AMa21-P1-24R.dw.png,NO-0012,62.81608,6.8395,2021,,
NO-0012-AMa21-P1-25R.dw.png,NO-0012,62.81608,6.8395,2021,,
NO-0012-AMa21-P1-26R.dw.png,NO-0012,62.81608,6.8395,2021,,
NO-0012-AMa21-P1-27R.dw.png,NO-0012,62.81608,6.8395,2021,,
NO-0012-AMa21-P1-28R.dw.png,NO-0012,62.81608,6.8395,2021,,
NO-0012-AMa21-P1-29R.dw.png,NO-0012,62.81608,6.8395,2021,,
NO-0012-AMa21-P1-2R.dw.png,NO-0012,62.81608,6.8395,2021,,
NO-0012-AMa21-P1-3R.dw.png,NO-0012,62.81608,6.8395,2021,,
NO-0012-AMa21-P1-4R.dw.png,NO-0012,62.81608,6.8395,2021,,
NO-0012-AMa21-P1-5R.dw.png,NO-0012,62.81608,6.8395,2021,,
NO-0012-AMa21-P1-6R.dw.png,NO-0012,62.81608,6.8395,2021,,
NO-0012-AMa21-P1-7R.dw.png,NO-0012,62.81608,6.8395,2021,,
NO-0012-AMa21-P1-8R.dw.png,NO-0012,62.81608,6.8395,2021,,
NO-0012-AMa21-P1-9R.dw.png,NO-0012,62.81608,6.8395,2021,,
NO-0013-ATN21-P1-0R.dw.png,NO-0013,62.81608,6.8395,2021,,
NO-0013-ATN21-P1-10R.dw.png,NO-0013,62.81608,6.8395,2021,,
NO-0013-ATN21-P1-11R.dw.png,NO-0013,62.81608,6.8395,2021,,
NO-0013-ATN21-P1-12R.dw.png,NO-0013,62.81608,6.8395,2021,,
NO-0013-ATN21-P1-13R.dw.png,NO-0013,62.81608,6.8395,2021,,
NO-0013-ATN21-P1-14R.dw.png,NO-0013,62.81608,6.8395,2021,,
NO-0013-ATN21-P1-15R.dw.png,NO-0013,62.81608,6.8395,2021,,
NO-0013-ATN21-P1-16R.dw.png,NO-0013,62.81608,6.8395,2021,,
NO-0013-ATN21-P1-17R.dw.png,NO-0013,62.81608,6.8395,2021,,
NO-0013-ATN21-P1-18R.dw.png,NO-0013,62.81608,6.8395,2021,,
NO-0013-ATN21-P1-19R.dw.png,NO-0013,62.81608,6.8395,2021,,
NO-0013-ATN21-P1-1R.dw.png,NO-0013,62.81608,6.8395,2021,,
NO-0013-ATN21-P1-20R.dw.png,NO-0013,62.81608,6.8395,2021,,
NO-0013-ATN21-P1-21R.dw.png,NO-0013,62.81608,6.8395,2021,,
NO-0013-ATN21-P1-22R.dw.png,NO-0013,62.81608,6.8395,2021,,
NO-0013-ATN21-P1-23R.dw.png,NO-0013,62.81608,6.8395,2021,,
NO-0013-ATN21-P1-24R.dw.png,NO-0013,62.81608,6.8395,2021,,
NO-0013-ATN21-P1-25R.dw.png,NO-0013,62.81608,6.8395,2021,,
NO-0013-ATN21-P1-26R.dw.png,NO-0013,62.81608,6.8395,2021,,
NO-0013-ATN21-P1-27R.dw.png,NO-0013,62.81608,6.8395,2021,,
NO-0013-ATN21-P1-2R.dw.png,NO-0013,62.81608,6.8395,2021,,
NO-0013-ATN21-P1-3R.dw.png,NO-0013,62.81608,6.8395,2021,,
NO-0013-ATN21-P1-4R.dw.png,NO-0013,62.81608,6.8395,2021,,
NO-0013-ATN21-P1-5R.dw.png,NO-0013,62.81608,6.8395,2021,,
NO-0013-ATN21-P1-6R.dw.png,NO-0013,62.81608,6.8395,2021,,
NO-0013-ATN21-P1-7R.dw.png,NO-0013,62.81608,6.8395,2021,,
NO-0013-ATN21-P1-8R.dw.png,NO-0013,62.81608,6.8395,2021,,
NO-0013-ATN21-P1-9R.dw.png,NO-0013,62.81608,6.8395,2021,,
NO-0014-BTo21-10-0R.dw.png,NO-0014,58.38045,6.32715,2021,,
NO-0014-BTo21-10-10R.dw.png,NO-0014,58.38045,6.32715,2021,,
NO-0014-BTo21-10-11R.dw.png,NO-0014,58.38045,6.32715,2021,,
NO-0014-BTo21-10-12R.dw.png,NO-0014,58.38045,6.32715,2021,,
NO-0014-BTo21-10-13R.dw.png,NO-0014,58.38045,6.32715,2021,,
NO-0014-BTo21-10-14R.dw.png,NO-0014,58.38045,6.32715,2021,,
NO-0014-BTo21-10-15R.dw.png,NO-0014,58.38045,6.32715,2021,,
NO-0014-BTo21-10-16R.dw.png,NO-0014,58.38045,6.32715,2021,,
NO-0014-BTo21-10-18R.dw.png,NO-0014,58.38045,6.32715,2021,,
NO-0014-BTo21-10-19R.dw.png,NO-0014,58.38045,6.32715,2021,,
NO-0014-BTo21-10-1R.dw.png,NO-0014,58.38045,6.32715,2021,,
NO-0014-BTo21-10-20R.dw.png,NO-0014,58.38045,6.32715,2021,,
NO-0014-BTo21-10-21R.dw.png,NO-0014,58.38045,6.32715,2021,,
NO-0014-BTo21-10-22R.dw.png,NO-0014,58.38045,6.32715,2021,,
NO-0014-BTo21-10-23R.dw.png,NO-0014,58.38045,6.32715,2021,,
NO-0014-BTo21-10-24R.dw.png,NO-0014,58.38045,6.32715,2021,,
NO-0014-BTo21-10-25R.dw.png,NO-0014,58.38045,6.32715,2021,,
NO-0014-BTo21-10-2R.dw.png,NO-0014,58.38045,6.32715,2021,,
NO-0014-BTo21-10-3R.dw.png,NO-0014,58.38045,6.32715,2021,,
NO-0014-BTo21-10-4R.dw.png,NO-0014,58.38045,6.32715,2021,,
NO-0014-BTo21-10-5R.dw.png,NO-0014,58.38045,6.32715,2021,,
NO-0014-BTo21-10-6R.dw.png,NO-0014,58.38045,6.32715,2021,,
NO-0014-BTo21-10-7R.dw.png,NO-0014,58.38045,6.32715,2021,,
NO-0014-BTo21-10-8R.dw.png,NO-0014,58.38045,6.32715,2021,,
NO-0014-BTo21-10-9R.dw.png,NO-0014,58.38045,6.32715,2021,,
NO-0015-BTo21-10A-0R.dw.png,NO-0015,58.38045,6.32715,2021,,
NO-0015-BTo21-10A-10R.dw.png,NO-0015,58.38045,6.32715,2021,,
NO-0015-BTo21-10A-11R.dw.png,NO-0015,58.38045,6.32715,2021,,
NO-0015-BTo21-10A-12R.dw.png,NO-0015,58.38045,6.32715,2021,,
NO-0015-BTo21-10A-13R.dw.png,NO-0015,58.38045,6.32715,2021,,
NO-0015-BTo21-10A-14R.dw.png,NO-0015,58.38045,6.32715,2021,,
NO-0015-BTo21-10A-15R.dw.png,NO-0015,58.38045,6.32715,2021,,
NO-0015-BTo21-10A-16R.dw.png,NO-0015,58.38045,6.32715,2021,,
NO-0015-BTo21-10A-17R.dw.png,NO-0015,58.38045,6.32715,2021,,
NO-0015-BTo21-10A-18R.dw.png,NO-0015,58.38045,6.32715,2021,,
NO-0015-BTo21-10A-19R.dw.png,NO-0015,58.38045,6.32715,2021,,
NO-0015-BTo21-10A-1R.dw.png,NO-0015,58.38045,6.32715,2021,,
NO-0015-BTo21-10A-20R.dw.png,NO-0015,58.38045,6.32715,2021,,
NO-0015-BTo21-10A-21R.dw.png,NO-0015,58.38045,6.32715,2021,,
NO-0015-BTo21-10A-22R.dw.png,NO-0015,58.38045,6.32715,2021,,
NO-0015-BTo21-10A-23R.dw.png,NO-0015,58.38045,6.32715,2021,,
NO-0015-BTo21-10A-24R.dw.png,NO-0015,58.38045,6.32715,2021,,
NO-0015-BTo21-10A-25R.dw.png,NO-0015,58.38045,6.32715,2021,,
NO-0015-BTo21-10A-26R.dw.png,NO-0015,58.38045,6.32715,2021,,
NO-0015-BTo21-10A-2R.dw.png,NO-0015,58.38045,6.32715,2021,,
NO-0015-BTo21-10A-3R.dw.png,NO-0015,58.38045,6.32715,2021,,
NO-0015-BTo21-10A-4R.dw.png,NO-0015,58.38045,6.32715,2021,,
NO-0015-BTo21-10A-5R.dw.png,NO-0015,58.38045,6.32715,2021,,
NO-0015-BTo21-10A-6R.dw.png,NO-0015,58.38045,6.32715,2021,,
NO-0015-BTo21-10A-7R.dw.png,NO-0015,58.38045,6.32715,2021,,
NO-0015-BTo21-10A-8R.dw.png,NO-0015,58.38045,6.32715,2021,,
NO-0015-BTo21-10A-9R.dw.png,NO-0015,58.38045,6.32715,2021,,
NO-0016-BTo21-5-0R.dw.png,NO-0016,58.38045,6.32715,2021,,
NO-0016-BTo21-5-10R.dw.png,NO-0016,58.38045,6.32715,2021,,
NO-0016-BTo21-5-11R.dw.png,NO-0016,58.38045,6.32715,2021,,
NO-0016-BTo21-5-12R.dw.png,NO-0016,58.38045,6.32715,2021,,
NO-0016-BTo21-5-13R.dw.png,NO-0016,58.38045,6.32715,2021,,
NO-0016-BTo21-5-14R.dw.png,NO-0016,58.38045,6.32715,2021,,
NO-0016-BTo21-5-15R.dw.png,NO-0016,58.38045,6.32715,2021,,
NO-0016-BTo21-5-16R.dw.png,NO-0016,58.38045,6.32715,2021,,
NO-0016-BTo21-5-17R.dw.png,NO-0016,58.38045,6.32715,2021,,
NO-0016-BTo21-5-18R.dw.png,NO-0016,58.38045,6.32715,2021,,
NO-0016-BTo21-5-19R.dw.png,NO-0016,58.38045,6.32715,2021,,
NO-0016-BTo21-5-1R.dw.png,NO-0016,58.38045,6.32715,2021,,
NO-0016-BTo21-5-20R.dw.png,NO-0016,58.38045,6.32715,2021,,
NO-0016-BTo21-5-21R.dw.png,NO-0016,58.38045,6.32715,2021,,
NO-0016-BTo21-5-22R.dw.png,NO-0016,58.38045,6.32715,2021,,
NO-0016-BTo21-5-23R.dw.png,NO-0016,58.38045,6.32715,2021,,
NO-0016-BTo21-5-24R.dw.png,NO-0016,58.38045,6.32715,2021,,
NO-0016-BTo21-5-25R.dw.png,NO-0016,58.38045,6.32715,2021,,
NO-0016-BTo21-5-2R.dw.png,NO-0016,58.38045,6.32715,2021,,
NO-0016-BTo21-5-3R.dw.png,NO-0016,58.38045,6.32715,2021,,
NO-0016-BTo21-5-4R.dw.png,NO-0016,58.38045,6.32715,2021,,
NO-0016-BTo21-5-5R.dw.png,NO-0016,58.38045,6.32715,2021,,
NO-0016-BTo21-5-6R.dw.png,NO-0016,58.38045,6.32715,2021,,
NO-0016-BTo21-5-7R.dw.png,NO-0016,58.38045,6.32715,2021,,
NO-0016-BTo21-5-8R.dw.png,NO-0016,58.38045,6.32715,2021,,
NO-0016-BTo21-5-9R.dw.png,NO-0016,58.38045,6.32715,2021,,
NO-0017-BTo21-8-0R.dw.png,NO-0017,58.38045,6.32715,2021,,
NO-0017-BTo21-8-10R.dw.png,NO-0017,58.38045,6.32715,2021,,
NO-0017-BTo21-8-11R.dw.png,NO-0017,58.38045,6.32715,2021,,
NO-0017-BTo21-8-12R.dw.png,NO-0017,58.38045,6.32715,2021,,
NO-0017-BTo21-8-13R.dw.png,NO-0017,58.38045,6.32715,2021,,
NO-0017-BTo21-8-14R.dw.png,NO-0017,58.38045,6.32715,2021,,
NO-0017-BTo21-8-15R.dw.png,NO-0017,58.38045,6.32715,2021,,
NO-0017-BTo21-8-16R.dw.png,NO-0017,58.38045,6.32715,2021,,
NO-0017-BTo21-8-17R.dw.png,NO-0017,58.38045,6.32715,2021,,
NO-0017-BTo21-8-18R.dw.png,NO-0017,58.38045,6.32715,2021,,
NO-0017-BTo21-8-19R.dw.png,NO-0017,58.38045,6.32715,2021,,
NO-0017-BTo21-8-20R.dw.png,NO-0017,58.38045,6.32715,2021,,
NO-0017-BTo21-8-21R.dw.png,NO-0017,58.38045,6.32715,2021,,
NO-0017-BTo21-8-22R.dw.png,NO-0017,58.38045,6.32715,2021,,
NO-0017-BTo21-8-23R.dw.png,NO-0017,58.38045,6.32715,2021,,
NO-0017-BTo21-8-24R.dw.png,NO-0017,58.38045,6.32715,2021,,
NO-0017-BTo21-8-25R.dw.png,NO-0017,58.38045,6.32715,2021,,
NO-0017-BTo21-8-26R.dw.png,NO-0017,58.38045,6.32715,2021,,
NO-0017-BTo21-8-2R.dw.png,NO-0017,58.38045,6.32715,2021,,
NO-0017-BTo21-8-3R.dw.png,NO-0017,58.38045,6.32715,2021,,
NO-0017-BTo21-8-4R.dw.png,NO-0017,58.38045,6.32715,2021,,
NO-0017-BTo21-8-5R.dw.png,NO-0017,58.38045,6.32715,2021,,
NO-0017-BTo21-8-6R.dw.png,NO-0017,58.38045,6.32715,2021,,
NO-0017-BTo21-8-7R.dw.png,NO-0017,58.38045,6.32715,2021,,
NO-0017-BTo21-8-8R.dw.png,NO-0017,58.38045,6.32715,2021,,
NO-0017-BTo21-8-9R.dw.png,NO-0017,58.38045,6.32715,2021,,
NO-0018-GAN21-10-0R.dw.png,NO-0018,58.12852,7.09873,2021,,
NO-0018-GAN21-10-10R.dw.png,NO-0018,58.12852,7.09873,2021,,
NO-0018-GAN21-10-11R.dw.png,NO-0018,58.12852,7.09873,2021,,
NO-0018-GAN21-10-12R.dw.png,NO-0018,58.12852,7.09873,2021,,
NO-0018-GAN21-10-13R.dw.png,NO-0018,58.12852,7.09873,2021,,
NO-0018-GAN21-10-14R.dw.png,NO-0018,58.12852,7.09873,2021,,
NO-0018-GAN21-10-15R.dw.png,NO-0018,58.12852,7.09873,2021,,
NO-0018-GAN21-10-16R.dw.png,NO-0018,58.12852,7.09873,2021,,
NO-0018-GAN21-10-17R.dw.png,NO-0018,58.12852,7.09873,2021,,
NO-0018-GAN21-10-18R.dw.png,NO-0018,58.12852,7.09873,2021,,
NO-0018-GAN21-10-19R.dw.png,NO-0018,58.12852,7.09873,2021,,
NO-0018-GAN21-10-1R.dw.png,NO-0018,58.12852,7.09873,2021,,
NO-0018-GAN21-10-20R.dw.png,NO-0018,58.12852,7.09873,2021,,
NO-0018-GAN21-10-21R.dw.png,NO-0018,58.12852,7.09873,2021,,
NO-0018-GAN21-10-22R.dw.png,NO-0018,58.12852,7.09873,2021,,
NO-0018-GAN21-10-23R.dw.png,NO-0018,58.12852,7.09873,2021,,
NO-0018-GAN21-10-24R.dw.png,NO-0018,58.12852,7.09873,2021,,
NO-0018-GAN21-10-25R.dw.png,NO-0018,58.12852,7.09873,2021,,
NO-0018-GAN21-10-26R.dw.png,NO-0018,58.12852,7.09873,2021,,
NO-0018-GAN21-10-27R.dw.png,NO-0018,58.12852,7.09873,2021,,
NO-0018-GAN21-10-28R.dw.png,NO-0018,58.12852,7.09873,2021,,
NO-0018-GAN21-10-29R.dw.png,NO-0018,58.12852,7.09873,2021,,
NO-0018-GAN21-10-2R.dw.png,NO-0018,58.12852,7.09873,2021,,
NO-0018-GAN21-10-3R.dw.png,NO-0018,58.12852,7.09873,2021,,
NO-0018-GAN21-10-4R.dw.png,NO-0018,58.12852,7.09873,2021,,
NO-0018-GAN21-10-5R.dw.png,NO-0018,58.12852,7.09873,2021,,
NO-0018-GAN21-10-6R.dw.png,NO-0018,58.12852,7.09873,2021,,
NO-0018-GAN21-10-7R.dw.png,NO-0018,58.12852,7.09873,2021,,
NO-0018-GAN21-10-8R.dw.png,NO-0018,58.12852,7.09873,2021,,
NO-0018-GAN21-10-9R.dw.png,NO-0018,58.12852,7.09873,2021,,
NO-0019-GAN21-49-0R.dw.png,NO-0019,58.12852,7.09873,2021,,
NO-0019-GAN21-49-10R.dw.png,NO-0019,58.12852,7.09873,2021,,
NO-0019-GAN21-49-11R.dw.png,NO-0019,58.12852,7.09873,2021,,
NO-0019-GAN21-49-12R.dw.png,NO-0019,58.12852,7.09873,2021,,
NO-0019-GAN21-49-13R.dw.png,NO-0019,58.12852,7.09873,2021,,
NO-0019-GAN21-49-14R.dw.png,NO-0019,58.12852,7.09873,2021,,
NO-0019-GAN21-49-15R.dw.png,NO-0019,58.12852,7.09873,2021,,
NO-0019-GAN21-49-16R.dw.png,NO-0019,58.12852,7.09873,2021,,
NO-0019-GAN21-49-17R.dw.png,NO-0019,58.12852,7.09873,2021,,
NO-0019-GAN21-49-18R.dw.png,NO-0019,58.12852,7.09873,2021,,
NO-0019-GAN21-49-19R.dw.png,NO-0019,58.12852,7.09873,2021,,
NO-0019-GAN21-49-1R.dw.png,NO-0019,58.12852,7.09873,2021,,
NO-0019-GAN21-49-20R.dw.png,NO-0019,58.12852,7.09873,2021,,
NO-0019-GAN21-49-21R.dw.png,NO-0019,58.12852,7.09873,2021,,
NO-0019-GAN21-49-22R.dw.png,NO-0019,58.12852,7.09873,2021,,
NO-0019-GAN21-49-23R.dw.png,NO-0019,58.12852,7.09873,2021,,
NO-0019-GAN21-49-24R.dw.png,NO-0019,58.12852,7.09873,2021,,
NO-0019-GAN21-49-25R.dw.png,NO-0019,58.12852,7.09873,2021,,
NO-0019-GAN21-49-26R.dw.png,NO-0019,58.12852,7.09873,2021,,
NO-0019-GAN21-49-27R.dw.png,NO-0019,58.12852,7.09873,2021,,
NO-0019-GAN21-49-28R.dw.png,NO-0019,58.12852,7.09873,2021,,
NO-0019-GAN21-49-29R.dw.png,NO-0019,58.12852,7.09873,2021,,
NO-0019-GAN21-49-2R.dw.png,NO-0019,58.12852,7.09873,2021,,
NO-0019-GAN21-49-3R.dw.png,NO-0019,58.12852,7.09873,2021,,
NO-0019-GAN21-49-4R.dw.png,NO-0019,58.12852,7.09873,2021,,
NO-0019-GAN21-49-5R.dw.png,NO-0019,58.12852,7.09873,2021,,
NO-0019-GAN21-49-6R.dw.png,NO-0019,58.12852,7.09873,2021,,
NO-0019-GAN21-49-7R.dw.png,NO-0019,58.12852,7.09873,2021,,
NO-0019-GAN21-49-8R.dw.png,NO-0019,58.12852,7.09873,2021,,
NO-0019-GAN21-49-9R.dw.png,NO-0019,58.12852,7.09873,2021,,
NO-0020-GT21-237-B-0R.dw.png,NO-0020,58.37745,8.60297,2021,,
NO-0020-GT21-237-B-10R.dw.png,NO-0020,58.37745,8.60297,2021,,
NO-0020-GT21-237-B-11R.dw.png,NO-0020,58.37745,8.60297,2021,,
NO-0020-GT21-237-B-12R.dw.png,NO-0020,58.37745,8.60297,2021,,
NO-0020-GT21-237-B-13R.dw.png,NO-0020,58.37745,8.60297,2021,,
NO-0020-GT21-237-B-14R.dw.png,NO-0020,58.37745,8.60297,2021,,
NO-0020-GT21-237-B-15R.dw.png,NO-0020,58.37745,8.60297,2021,,
NO-0020-GT21-237-B-16R.dw.png,NO-0020,58.37745,8.60297,2021,,
NO-0020-GT21-237-B-17R.dw.png,NO-0020,58.37745,8.60297,2021,,
NO-0020-GT21-237-B-18R.dw.png,NO-0020,58.37745,8.60297,2021,,
NO-0020-GT21-237-B-19R.dw.png,NO-0020,58.37745,8.60297,2021,,
NO-0020-GT21-237-B-1R.dw.png,NO-0020,58.37745,8.60297,2021,,
NO-0020-GT21-237-B-20R.dw.png,NO-0020,58.37745,8.60297,2021,,
NO-0020-GT21-237-B-21R.dw.png,NO-0020,58.37745,8.60297,2021,,
NO-0020-GT21-237-B-22R.dw.png,NO-0020,58.37745,8.60297,2021,,
NO-0020-GT21-237-B-23R.dw.png,NO-0020,58.37745,8.60297,2021,,
NO-0020-GT21-237-B-24R.dw.png,NO-0020,58.37745,8.60297,2021,,
NO-0020-GT21-237-B-25R.dw.png,NO-0020,58.37745,8.60297,2021,,
NO-0020-GT21-237-B-26R.dw.png,NO-0020,58.37745,8.60297,2021,,
NO-0020-GT21-237-B-2R.dw.png,NO-0020,58.37745,8.60297,2021,,
NO-0020-GT21-237-B-3R.dw.png,NO-0020,58.37745,8.60297,2021,,
NO-0020-GT21-237-B-4R.dw.png,NO-0020,58.37745,8.60297,2021,,
NO-0020-GT21-237-B-5R.dw.png,NO-0020,58.37745,8.60297,2021,,
NO-0020-GT21-237-B-6R.dw.png,NO-0020,58.37745,8.60297,2021,,
NO-0020-GT21-237-B-7R.dw.png,NO-0020,58.37745,8.60297,2021,,
NO-0020-GT21-237-B-8R.dw.png,NO-0020,58.37745,8.60297,2021,,
NO-0020-GT21-237-B-9R.dw.png,NO-0020,58.37745,8.60297,2021,,
NO-0021-GT21-238-B-0R.dw.png,NO-0021,58.37745,8.60297,2021,,
NO-0021-GT21-238-B-10R.dw.png,NO-0021,58.37745,8.60297,2021,,
NO-0021-GT21-238-B-11R.dw.png,NO-0021,58.37745,8.60297,2021,,
NO-0021-GT21-238-B-12R.dw.png,NO-0021,58.37745,8.60297,2021,,
NO-0021-GT21-238-B-13R.dw.png,NO-0021,58.37745,8.60297,2021,,
NO-0021-GT21-238-B-14R.dw.png,NO-0021,58.37745,8.60297,2021,,
NO-0021-GT21-238-B-15R.dw.png,NO-0021,58.37745,8.60297,2021,,
NO-0021-GT21-238-B-18R.dw.png,NO-0021,58.37745,8.60297,2021,,
NO-0021-GT21-238-B-19R.dw.png,NO-0021,58.37745,8.60297,2021,,
NO-0021-GT21-238-B-1R.dw.png,NO-0021,58.37745,8.60297,2021,,
NO-0021-GT21-238-B-21R.dw.png,NO-0021,58.37745,8.60297,2021,,
NO-0021-GT21-238-B-22R.dw.png,NO-0021,58.37745,8.60297,2021,,
NO-0021-GT21-238-B-23R.dw.png,NO-0021,58.37745,8.60297,2021,,
NO-0021-GT21-238-B-24R.dw.png,NO-0021,58.37745,8.60297,2021,,
NO-0021-GT21-238-B-25R.dw.png,NO-0021,58.37745,8.60297,2021,,
NO-0021-GT21-238-B-26R.dw.png,NO-0021,58.37745,8.60297,2021,,
NO-0021-GT21-238-B-27R.dw.png,NO-0021,58.37745,8.60297,2021,,
NO-0021-GT21-238-B-3R.dw.png,NO-0021,58.37745,8.60297,2021,,
NO-0021-GT21-238-B-4R.dw.png,NO-0021,58.37745,8.60297,2021,,
NO-0021-GT21-238-B-6R.dw.png,NO-0021,58.37745,8.60297,2021,,
NO-0021-GT21-238-B-7R.dw.png,NO-0021,58.37745,8.60297,2021,,
NO-0021-GT21-238-B-8R.dw.png,NO-0021,58.37745,8.60297,2021,,
NO-0021-GT21-238-B-9R.dw.png,NO-0021,58.37745,8.60297,2021,,
NO-0022-GW21-P2-0R.dw.png,NO-0022,62.81608,6.8395,2021,,
NO-0022-GW21-P2-10R.dw.png,NO-0022,62.81608,6.8395,2021,,
NO-0022-GW21-P2-11R.dw.png,NO-0022,62.81608,6.8395,2021,,
NO-0022-GW21-P2-12R.dw.png,NO-0022,62.81608,6.8395,2021,,
NO-0022-GW21-P2-13R.dw.png,NO-0022,62.81608,6.8395,2021,,
NO-0022-GW21-P2-14R.dw.png,NO-0022,62.81608,6.8395,2021,,
NO-0022-GW21-P2-15R.dw.png,NO-0022,62.81608,6.8395,2021,,
NO-0022-GW21-P2-16R.dw.png,NO-0022,62.81608,6.8395,2021,,
NO-0022-GW21-P2-17R.dw.png,NO-0022,62.81608,6.8395,2021,,
NO-0022-GW21-P2-18R.dw.png,NO-0022,62.81608,6.8395,2021,,
NO-0022-GW21-P2-19R.dw.png,NO-0022,62.81608,6.8395,2021,,
NO-0022-GW21-P2-1R.dw.png,NO-0022,62.81608,6.8395,2021,,
NO-0022-GW21-P2-20R.dw.png,NO-0022,62.81608,6.8395,2021,,
NO-0022-GW21-P2-21R.dw.png,NO-0022,62.81608,6.8395,2021,,
NO-0022-GW21-P2-22R.dw.png,NO-0022,62.81608,6.8395,2021,,
NO-0022-GW21-P2-23R.dw.png,NO-0022,62.81608,6.8395,2021,,
NO-0022-GW21-P2-24R.dw.png,NO-0022,62.81608,6.8395,2021,,
NO-0022-GW21-P2-25R.dw.png,NO-0022,62.81608,6.8395,2021,,
NO-0022-GW21-P2-26R.dw.png,NO-0022,62.81608,6.8395,2021,,
NO-0022-GW21-P2-2R.dw.png,NO-0022,62.81608,6.8395,2021,,
NO-0022-GW21-P2-3R.dw.png,NO-0022,62.81608,6.8395,2021,,
NO-0022-GW21-P2-4R.dw.png,NO-0022,62.81608,6.8395,2021,,
NO-0022-GW21-P2-5R.dw.png,NO-0022,62.81608,6.8395,2021,,
NO-0022-GW21-P2-6R.dw.png,NO-0022,62.81608,6.8395,2021,,
NO-0022-GW21-P2-7R.dw.png,NO-0022,62.81608,6.8395,2021,,
NO-0022-GW21-P2-8R.dw.png,NO-0022,62.81608,6.8395,2021,,
NO-0022-GW21-P2-9R.dw.png,NO-0022,62.81608,6.8395,2021,,
NO-0023-HFU21-P4-708-2018-0R.dw.png,NO-0023,60.70775,8.38261,2018,,
NO-0023-HFU21-P4-708-2018-10R.dw.png,NO-0023,60.70775,8.38261,2018,,
NO-0023-HFU21-P4-708-2018-11R.dw.png,NO-0023,60.70775,8.38261,2018,,
NO-0023-HFU21-P4-708-2018-12R.dw.png,NO-0023,60.70775,8.38261,2018,,
NO-0023-HFU21-P4-708-2018-13R.dw.png,NO-0023,60.70775,8.38261,2018,,
NO-0023-HFU21-P4-708-2018-14R.dw.png,NO-0023,60.70775,8.38261,2018,,
NO-0023-HFU21-P4-708-2018-15R.dw.png,NO-0023,60.70775,8.38261,2018,,
NO-0023-HFU21-P4-708-2018-16R.dw.png,NO-0023,60.70775,8.38261,2018,,
NO-0023-HFU21-P4-708-2018-17R.dw.png,NO-0023,60.70775,8.38261,2018,,
NO-0023-HFU21-P4-708-2018-18R.dw.png,NO-0023,60.70775,8.38261,2018,,
NO-0023-HFU21-P4-708-2018-19R.dw.png,NO-0023,60.70775,8.38261,2018,,
NO-0023-HFU21-P4-708-2018-1R.dw.png,NO-0023,60.70775,8.38261,2018,,
NO-0023-HFU21-P4-708-2018-21R.dw.png,NO-0023,60.70775,8.38261,2018,,
NO-0023-HFU21-P4-708-2018-22R.dw.png,NO-0023,60.70775,8.38261,2018,,
NO-0023-HFU21-P4-708-2018-23R.dw.png,NO-0023,60.70775,8.38261,2018,,
NO-0023-HFU21-P4-708-2018-24R.dw.png,NO-0023,60.70775,8.38261,2018,,
NO-0023-HFU21-P4-708-2018-25R.dw.png,NO-0023,60.70775,8.38261,2018,,
NO-0023-HFU21-P4-708-2018-26R.dw.png,NO-0023,60.70775,8.38261,2018,,
NO-0023-HFU21-P4-708-2018-2R.dw.png,NO-0023,60.70775,8.38261,2018,,
NO-0023-HFU21-P4-708-2018-3R.dw.png,NO-0023,60.70775,8.38261,2018,,
NO-0023-HFU21-P4-708-2018-4R.dw.png,NO-0023,60.70775,8.38261,2018,,
NO-0023-HFU21-P4-708-2018-5R.dw.png,NO-0023,60.70775,8.38261,2018,,
NO-0023-HFU21-P4-708-2018-6R.dw.png,NO-0023,60.70775,8.38261,2018,,
NO-0023-HFU21-P4-708-2018-7R.dw.png,NO-0023,60.70775,8.38261,2018,,
NO-0023-HFU21-P4-708-2018-8R.dw.png,NO-0023,60.70775,8.38261,2018,,
NO-0023-HFU21-P4-708-2018-9R.dw.png,NO-0023,60.70775,8.38261,2018,,
NO-0024-HM11-417-2020-10R.dw.png,NO-0024,59.5613751,10.4236856,2020,,
NO-0024-HM11-417-2020-11R.dw.png,NO-0024,59.5613751,10.4236856,2020,,
NO-0024-HM11-417-2020-12R.dw.png,NO-0024,59.5613751,10.4236856,2020,,
NO-0024-HM11-417-2020-13R.dw.png,NO-0024,59.5613751,10.4236856,2020,,
NO-0024-HM11-417-2020-14R.dw.png,NO-0024,59.5613751,10.4236856,2020,,
NO-0024-HM11-417-2020-15R.dw.png,NO-0024,59.5613751,10.4236856,2020,,
NO-0024-HM11-417-2020-16R.dw.png,NO-0024,59.5613751,10.4236856,2020,,
NO-0024-HM11-417-2020-17R.dw.png,NO-0024,59.5613751,10.4236856,2020,,
NO-0024-HM11-417-2020-18R.dw.png,NO-0024,59.5613751,10.4236856,2020,,
NO-0024-HM11-417-2020-1R.dw.png,NO-0024,59.5613751,10.4236856,2020,,
NO-0024-HM11-417-2020-20R.dw.png,NO-0024,59.5613751,10.4236856,2020,,
NO-0024-HM11-417-2020-21R.dw.png,NO-0024,59.5613751,10.4236856,2020,,
NO-0024-HM11-417-2020-22R.dw.png,NO-0024,59.5613751,10.4236856,2020,,
NO-0024-HM11-417-2020-23R.dw.png,NO-0024,59.5613751,10.4236856,2020,,
NO-0024-HM11-417-2020-24R.dw.png,NO-0024,59.5613751,10.4236856,2020,,
NO-0024-HM11-417-2020-25R.dw.png,NO-0024,59.5613751,10.4236856,2020,,
NO-0024-HM11-417-2020-26R.dw.png,NO-0024,59.5613751,10.4236856,2020,,
NO-0024-HM11-417-2020-27R.dw.png,NO-0024,59.5613751,10.4236856,2020,,
NO-0024-HM11-417-2020-28R.dw.png,NO-0024,59.5613751,10.4236856,2020,,
NO-0024-HM11-417-2020-29R.dw.png,NO-0024,59.5613751,10.4236856,2020,,
NO-0024-HM11-417-2020-2R.dw.png,NO-0024,59.5613751,10.4236856,2020,,
NO-0024-HM11-417-2020-3R.dw.png,NO-0024,59.5613751,10.4236856,2020,,
NO-0024-HM11-417-2020-4R.dw.png,NO-0024,59.5613751,10.4236856,2020,,
NO-0024-HM11-417-2020-5R.dw.png,NO-0024,59.5613751,10.4236856,2020,,
NO-0024-HM11-417-2020-6R.dw.png,NO-0024,59.5613751,10.4236856,2020,,
NO-0024-HM11-417-2020-7R.dw.png,NO-0024,59.5613751,10.4236856,2020,,
NO-0024-HM11-417-2020-8R.dw.png,NO-0024,59.5613751,10.4236856,2020,,
NO-0024-HM11-417-2020-9R.dw.png,NO-0024,59.5613751,10.4236856,2020,,
NO-0025-HPT21-Flord-2-0R.dw.png,NO-0025,58.38045,6.32715,2021,,
NO-0025-HPT21-Flord-2-10R.dw.png,NO-0025,58.38045,6.32715,2021,,
NO-0025-HPT21-Flord-2-11R.dw.png,NO-0025,58.38045,6.32715,2021,,
NO-0025-HPT21-Flord-2-12R.dw.png,NO-0025,58.38045,6.32715,2021,,
NO-0025-HPT21-Flord-2-13R.dw.png,NO-0025,58.38045,6.32715,2021,,
NO-0025-HPT21-Flord-2-14R.dw.png,NO-0025,58.38045,6.32715,2021,,
NO-0025-HPT21-Flord-2-15R.dw.png,NO-0025,58.38045,6.32715,2021,,
NO-0025-HPT21-Flord-2-16R.dw.png,NO-0025,58.38045,6.32715,2021,,
NO-0025-HPT21-Flord-2-17R.dw.png,NO-0025,58.38045,6.32715,2021,,
NO-0025-HPT21-Flord-2-18R.dw.png,NO-0025,58.38045,6.32715,2021,,
NO-0025-HPT21-Flord-2-19R.dw.png,NO-0025,58.38045,6.32715,2021,,
NO-0025-HPT21-Flord-2-1R.dw.png,NO-0025,58.38045,6.32715,2021,,
NO-0025-HPT21-Flord-2-20R.dw.png,NO-0025,58.38045,6.32715,2021,,
NO-0025-HPT21-Flord-2-21R.dw.png,NO-0025,58.38045,6.32715,2021,,
NO-0025-HPT21-Flord-2-22R.dw.png,NO-0025,58.38045,6.32715,2021,,
NO-0025-HPT21-Flord-2-23R.dw.png,NO-0025,58.38045,6.32715,2021,,
NO-0025-HPT21-Flord-2-24R.dw.png,NO-0025,58.38045,6.32715,2021,,
NO-0025-HPT21-Flord-2-25R.dw.png,NO-0025,58.38045,6.32715,2021,,
NO-0025-HPT21-Flord-2-2R.dw.png,NO-0025,58.38045,6.32715,2021,,
NO-0025-HPT21-Flord-2-3R.dw.png,NO-0025,58.38045,6.32715,2021,,
NO-0025-HPT21-Flord-2-4R.dw.png,NO-0025,58.38045,6.32715,2021,,
NO-0025-HPT21-Flord-2-5R.dw.png,NO-0025,58.38045,6.32715,2021,,
NO-0025-HPT21-Flord-2-6R.dw.png,NO-0025,58.38045,6.32715,2021,,
NO-0025-HPT21-Flord-2-7R.dw.png,NO-0025,58.38045,6.32715,2021,,
NO-0025-HPT21-Flord-2-8R.dw.png,NO-0025,58.38045,6.32715,2021,,
NO-0025-HPT21-Flord-2-9R.dw.png,NO-0025,58.38045,6.32715,2021,,
NO-0026-HPT21-Myd-1-0R.dw.png,NO-0026,58.38045,6.32715,2021,,
NO-0026-HPT21-Myd-1-10R.dw.png,NO-0026,58.38045,6.32715,2021,,
NO-0026-HPT21-Myd-1-12R.dw.png,NO-0026,58.38045,6.32715,2021,,
NO-0026-HPT21-Myd-1-13R.dw.png,NO-0026,58.38045,6.32715,2021,,
NO-0026-HPT21-Myd-1-14R.dw.png,NO-0026,58.38045,6.32715,2021,,
NO-0026-HPT21-Myd-1-15R.dw.png,NO-0026,58.38045,6.32715,2021,,
NO-0026-HPT21-Myd-1-16R.dw.png,NO-0026,58.38045,6.32715,2021,,
NO-0026-HPT21-Myd-1-17R.dw.png,NO-0026,58.38045,6.32715,2021,,
NO-0026-HPT21-Myd-1-18R.dw.png,NO-0026,58.38045,6.32715,2021,,
NO-0026-HPT21-Myd-1-19R.dw.png,NO-0026,58.38045,6.32715,2021,,
NO-0026-HPT21-Myd-1-1R.dw.png,NO-0026,58.38045,6.32715,2021,,
NO-0026-HPT21-Myd-1-20R.dw.png,NO-0026,58.38045,6.32715,2021,,
NO-0026-HPT21-Myd-1-21R.dw.png,NO-0026,58.38045,6.32715,2021,,
NO-0026-HPT21-Myd-1-22R.dw.png,NO-0026,58.38045,6.32715,2021,,
NO-0026-HPT21-Myd-1-23R.dw.png,NO-0026,58.38045,6.32715,2021,,
NO-0026-HPT21-Myd-1-24R.dw.png,NO-0026,58.38045,6.32715,2021,,
NO-0026-HPT21-Myd-1-25R.dw.png,NO-0026,58.38045,6.32715,2021,,
NO-0026-HPT21-Myd-1-26R.dw.png,NO-0026,58.38045,6.32715,2021,,
NO-0026-HPT21-Myd-1-2R.dw.png,NO-0026,58.38045,6.32715,2021,,
NO-0026-HPT21-Myd-1-3R.dw.png,NO-0026,58.38045,6.32715,2021,,
NO-0026-HPT21-Myd-1-4R.dw.png,NO-0026,58.38045,6.32715,2021,,
NO-0026-HPT21-Myd-1-5R.dw.png,NO-0026,58.38045,6.32715,2021,,
NO-0026-HPT21-Myd-1-6R.dw.png,NO-0026,58.38045,6.32715,2021,,
NO-0026-HPT21-Myd-1-7R.dw.png,NO-0026,58.38045,6.32715,2021,,
NO-0026-HPT21-Myd-1-8R.dw.png,NO-0026,58.38045,6.32715,2021,,
NO-0026-HPT21-Myd-1-9R.dw.png,NO-0026,58.38045,6.32715,2021,,
NO-0027-HPT21-Myd-2-0R.dw.png,NO-0027,58.38045,6.32715,2021,,
NO-0027-HPT21-Myd-2-10R.dw.png,NO-0027,58.38045,6.32715,2021,,
NO-0027-HPT21-Myd-2-11R.dw.png,NO-0027,58.38045,6.32715,2021,,
NO-0027-HPT21-Myd-2-12R.dw.png,NO-0027,58.38045,6.32715,2021,,
NO-0027-HPT21-Myd-2-13R.dw.png,NO-0027,58.38045,6.32715,2021,,
NO-0027-HPT21-Myd-2-14R.dw.png,NO-0027,58.38045,6.32715,2021,,
NO-0027-HPT21-Myd-2-15R.dw.png,NO-0027,58.38045,6.32715,2021,,
NO-0027-HPT21-Myd-2-16R.dw.png,NO-0027,58.38045,6.32715,2021,,
NO-0027-HPT21-Myd-2-17R.dw.png,NO-0027,58.38045,6.32715,2021,,
NO-0027-HPT21-Myd-2-18R.dw.png,NO-0027,58.38045,6.32715,2021,,
NO-0027-HPT21-Myd-2-19R.dw.png,NO-0027,58.38045,6.32715,2021,,
NO-0027-HPT21-Myd-2-1R.dw.png,NO-0027,58.38045,6.32715,2021,,
NO-0027-HPT21-Myd-2-20R.dw.png,NO-0027,58.38045,6.32715,2021,,
NO-0027-HPT21-Myd-2-21R.dw.png,NO-0027,58.38045,6.32715,2021,,
NO-0027-HPT21-Myd-2-22R.dw.png,NO-0027,58.38045,6.32715,2021,,
NO-0027-HPT21-Myd-2-23R.dw.png,NO-0027,58.38045,6.32715,2021,,
NO-0027-HPT21-Myd-2-24R.dw.png,NO-0027,58.38045,6.32715,2021,,
NO-0027-HPT21-Myd-2-25R.dw.png,NO-0027,58.38045,6.32715,2021,,
NO-0027-HPT21-Myd-2-26R.dw.png,NO-0027,58.38045,6.32715,2021,,
NO-0027-HPT21-Myd-2-2R.dw.png,NO-0027,58.38045,6.32715,2021,,
NO-0027-HPT21-Myd-2-3R.dw.png,NO-0027,58.38045,6.32715,2021,,
NO-0027-HPT21-Myd-2-4R.dw.png,NO-0027,58.38045,6.32715,2021,,
NO-0027-HPT21-Myd-2-5R.dw.png,NO-0027,58.38045,6.32715,2021,,
NO-0027-HPT21-Myd-2-6R.dw.png,NO-0027,58.38045,6.32715,2021,,
NO-0027-HPT21-Myd-2-7R.dw.png,NO-0027,58.38045,6.32715,2021,,
NO-0027-HPT21-Myd-2-8R.dw.png,NO-0027,58.38045,6.32715,2021,,
NO-0027-HPT21-Myd-2-9R.dw.png,NO-0027,58.38045,6.32715,2021,,
NO-0028-HPT21-N1-0R.dw.png,NO-0028,58.38045,6.32715,2021,,
NO-0028-HPT21-N1-10R.dw.png,NO-0028,58.38045,6.32715,2021,,
NO-0028-HPT21-N1-12R.dw.png,NO-0028,58.38045,6.32715,2021,,
NO-0028-HPT21-N1-13R.dw.png,NO-0028,58.38045,6.32715,2021,,
NO-0028-HPT21-N1-14R.dw.png,NO-0028,58.38045,6.32715,2021,,
NO-0028-HPT21-N1-15R.dw.png,NO-0028,58.38045,6.32715,2021,,
NO-0028-HPT21-N1-16R.dw.png,NO-0028,58.38045,6.32715,2021,,
NO-0028-HPT21-N1-17R.dw.png,NO-0028,58.38045,6.32715,2021,,
NO-0028-HPT21-N1-18R.dw.png,NO-0028,58.38045,6.32715,2021,,
NO-0028-HPT21-N1-19R.dw.png,NO-0028,58.38045,6.32715,2021,,
NO-0028-HPT21-N1-1R.dw.png,NO-0028,58.38045,6.32715,2021,,
NO-0028-HPT21-N1-20R.dw.png,NO-0028,58.38045,6.32715,2021,,
NO-0028-HPT21-N1-21R.dw.png,NO-0028,58.38045,6.32715,2021,,
NO-0028-HPT21-N1-22R.dw.png,NO-0028,58.38045,6.32715,2021,,
NO-0028-HPT21-N1-23R.dw.png,NO-0028,58.38045,6.32715,2021,,
NO-0028-HPT21-N1-24R.dw.png,NO-0028,58.38045,6.32715,2021,,
NO-0028-HPT21-N1-25R.dw.png,NO-0028,58.38045,6.32715,2021,,
NO-0028-HPT21-N1-2R.dw.png,NO-0028,58.38045,6.32715,2021,,
NO-0028-HPT21-N1-3R.dw.png,NO-0028,58.38045,6.32715,2021,,
NO-0028-HPT21-N1-4R.dw.png,NO-0028,58.38045,6.32715,2021,,
NO-0028-HPT21-N1-5R.dw.png,NO-0028,58.38045,6.32715,2021,,
NO-0028-HPT21-N1-6R.dw.png,NO-0028,58.38045,6.32715,2021,,
NO-0028-HPT21-N1-7R.dw.png,NO-0028,58.38045,6.32715,2021,,
NO-0028-HPT21-N1-8R.dw.png,NO-0028,58.38045,6.32715,2021,,
NO-0028-HPT21-N1-9R.dw.png,NO-0028,58.38045,6.32715,2021,,
NO-0029-HPT21-N2-0R.dw.png,NO-0029,58.38045,6.32715,2021,,
NO-0029-HPT21-N2-10R.dw.png,NO-0029,58.38045,6.32715,2021,,
NO-0029-HPT21-N2-11R.dw.png,NO-0029,58.38045,6.32715,2021,,
NO-0029-HPT21-N2-12R.dw.png,NO-0029,58.38045,6.32715,2021,,
NO-0029-HPT21-N2-13R.dw.png,NO-0029,58.38045,6.32715,2021,,
NO-0029-HPT21-N2-16R.dw.png,NO-0029,58.38045,6.32715,2021,,
NO-0029-HPT21-N2-17R.dw.png,NO-0029,58.38045,6.32715,2021,,
NO-0029-HPT21-N2-18R.dw.png,NO-0029,58.38045,6.32715,2021,,
NO-0029-HPT21-N2-19R.dw.png,NO-0029,58.38045,6.32715,2021,,
NO-0029-HPT21-N2-1R.dw.png,NO-0029,58.38045,6.32715,2021,,
NO-0029-HPT21-N2-20R.dw.png,NO-0029,58.38045,6.32715,2021,,
NO-0029-HPT21-N2-21R.dw.png,NO-0029,58.38045,6.32715,2021,,
NO-0029-HPT21-N2-23R.dw.png,NO-0029,58.38045,6.32715,2021,,
NO-0029-HPT21-N2-24R.dw.png,NO-0029,58.38045,6.32715,2021,,
NO-0029-HPT21-N2-25R.dw.png,NO-0029,58.38045,6.32715,2021,,
NO-0029-HPT21-N2-3R.dw.png,NO-0029,58.38045,6.32715,2021,,
NO-0029-HPT21-N2-4R.dw.png,NO-0029,58.38045,6.32715,2021,,
NO-0029-HPT21-N2-5R.dw.png,NO-0029,58.38045,6.32715,2021,,
NO-0029-HPT21-N2-6R.dw.png,NO-0029,58.38045,6.32715,2021,,
NO-0029-HPT21-N2-7R.dw.png,NO-0029,58.38045,6.32715,2021,,
NO-0029-HPT21-N2-8R.dw.png,NO-0029,58.38045,6.32715,2021,,
NO-0029-HPT21-N2-9R.dw.png,NO-0029,58.38045,6.32715,2021,,
NO-0030-HTP21-F1-0R.dw.png,NO-0030,58.38045,6.32715,2021,,
NO-0030-HTP21-F1-10R.dw.png,NO-0030,58.38045,6.32715,2021,,
NO-0030-HTP21-F1-11R.dw.png,NO-0030,58.38045,6.32715,2021,,
NO-0030-HTP21-F1-12R.dw.png,NO-0030,58.38045,6.32715,2021,,
NO-0030-HTP21-F1-13R.dw.png,NO-0030,58.38045,6.32715,2021,,
NO-0030-HTP21-F1-14R.dw.png,NO-0030,58.38045,6.32715,2021,,
NO-0030-HTP21-F1-15R.dw.png,NO-0030,58.38045,6.32715,2021,,
NO-0030-HTP21-F1-16R.dw.png,NO-0030,58.38045,6.32715,2021,,
NO-0030-HTP21-F1-17R.dw.png,NO-0030,58.38045,6.32715,2021,,
NO-0030-HTP21-F1-18R.dw.png,NO-0030,58.38045,6.32715,2021,,
NO-0030-HTP21-F1-19R.dw.png,NO-0030,58.38045,6.32715,2021,,
NO-0030-HTP21-F1-1R.dw.png,NO-0030,58.38045,6.32715,2021,,
NO-0030-HTP21-F1-20R.dw.png,NO-0030,58.38045,6.32715,2021,,
NO-0030-HTP21-F1-21R.dw.png,NO-0030,58.38045,6.32715,2021,,
NO-0030-HTP21-F1-22R.dw.png,NO-0030,58.38045,6.32715,2021,,
NO-0030-HTP21-F1-23R.dw.png,NO-0030,58.38045,6.32715,2021,,
NO-0030-HTP21-F1-24R.dw.png,NO-0030,58.38045,6.32715,2021,,
NO-0030-HTP21-F1-25R.dw.png,NO-0030,58.38045,6.32715,2021,,
NO-0030-HTP21-F1-26R.dw.png,NO-0030,58.38045,6.32715,2021,,
NO-0030-HTP21-F1-2R.dw.png,NO-0030,58.38045,6.32715,2021,,
NO-0030-HTP21-F1-3R.dw.png,NO-0030,58.38045,6.32715,2021,,
NO-0030-HTP21-F1-4R.dw.png,NO-0030,58.38045,6.32715,2021,,
NO-0030-HTP21-F1-5R.dw.png,NO-0030,58.38045,6.32715,2021,,
NO-0030-HTP21-F1-6R.dw.png,NO-0030,58.38045,6.32715,2021,,
NO-0030-HTP21-F1-7R.dw.png,NO-0030,58.38045,6.32715,2021,,
NO-0030-HTP21-F1-8R.dw.png,NO-0030,58.38045,6.32715,2021,,
NO-0030-HTP21-F1-9R.dw.png,NO-0030,58.38045,6.32715,2021,,
NO-0031-JB21-3-160-2018-0R.dw.png,NO-0031,58.7692488,8.4816255,2018,,
NO-0031-JB21-3-160-2018-10R.dw.png,NO-0031,58.7692488,8.4816255,2018,,
NO-0031-JB21-3-160-2018-11R.dw.png,NO-0031,58.7692488,8.4816255,2018,,
NO-0031-JB21-3-160-2018-12R.dw.png,NO-0031,58.7692488,8.4816255,2018,,
NO-0031-JB21-3-160-2018-13R.dw.png,NO-0031,58.7692488,8.4816255,2018,,
NO-0031-JB21-3-160-2018-14R.dw.png,NO-0031,58.7692488,8.4816255,2018,,
NO-0031-JB21-3-160-2018-15R.dw.png,NO-0031,58.7692488,8.4816255,2018,,
NO-0031-JB21-3-160-2018-16R.dw.png,NO-0031,58.7692488,8.4816255,2018,,
NO-0031-JB21-3-160-2018-17R.dw.png,NO-0031,58.7692488,8.4816255,2018,,
NO-0031-JB21-3-160-2018-18R.dw.png,NO-0031,58.7692488,8.4816255,2018,,
NO-0031-JB21-3-160-2018-19R.dw.png,NO-0031,58.7692488,8.4816255,2018,,
NO-0031-JB21-3-160-2018-1R.dw.png,NO-0031,58.7692488,8.4816255,2018,,
NO-0031-JB21-3-160-2018-20R.dw.png,NO-0031,58.7692488,8.4816255,2018,,
NO-0031-JB21-3-160-2018-21R.dw.png,NO-0031,58.7692488,8.4816255,2018,,
NO-0031-JB21-3-160-2018-22R.dw.png,NO-0031,58.7692488,8.4816255,2018,,
NO-0031-JB21-3-160-2018-23R.dw.png,NO-0031,58.7692488,8.4816255,2018,,
NO-0031-JB21-3-160-2018-24R.dw.png,NO-0031,58.7692488,8.4816255,2018,,
NO-0031-JB21-3-160-2018-25R.dw.png,NO-0031,58.7692488,8.4816255,2018,,
NO-0031-JB21-3-160-2018-26R.dw.png,NO-0031,58.7692488,8.4816255,2018,,
NO-0031-JB21-3-160-2018-27R.dw.png,NO-0031,58.7692488,8.4816255,2018,,
NO-0031-JB21-3-160-2018-2R.dw.png,NO-0031,58.7692488,8.4816255,2018,,
NO-0031-JB21-3-160-2018-3R.dw.png,NO-0031,58.7692488,8.4816255,2018,,
NO-0031-JB21-3-160-2018-4R.dw.png,NO-0031,58.7692488,8.4816255,2018,,
NO-0031-JB21-3-160-2018-5R.dw.png,NO-0031,58.7692488,8.4816255,2018,,
NO-0031-JB21-3-160-2018-6R.dw.png,NO-0031,58.7692488,8.4816255,2018,,
NO-0031-JB21-3-160-2018-7R.dw.png,NO-0031,58.7692488,8.4816255,2018,,
NO-0031-JB21-3-160-2018-8R.dw.png,NO-0031,58.7692488,8.4816255,2018,,
NO-0031-JB21-3-160-2018-9R.dw.png,NO-0031,58.7692488,8.4816255,2018,,
NO-0032-JB21-4-131-2018-0R.dw.png,NO-0032,58.7692488,8.4816255,2018,,
NO-0032-JB21-4-131-2018-10R.dw.png,NO-0032,58.7692488,8.4816255,2018,,
NO-0032-JB21-4-131-2018-12R.dw.png,NO-0032,58.7692488,8.4816255,2018,,
NO-0032-JB21-4-131-2018-13R.dw.png,NO-0032,58.7692488,8.4816255,2018,,
NO-0032-JB21-4-131-2018-15R.dw.png,NO-0032,58.7692488,8.4816255,2018,,
NO-0032-JB21-4-131-2018-16R.dw.png,NO-0032,58.7692488,8.4816255,2018,,
NO-0032-JB21-4-131-2018-17R.dw.png,NO-0032,58.7692488,8.4816255,2018,,
NO-0032-JB21-4-131-2018-18R.dw.png,NO-0032,58.7692488,8.4816255,2018,,
NO-0032-JB21-4-131-2018-19R.dw.png,NO-0032,58.7692488,8.4816255,2018,,
NO-0032-JB21-4-131-2018-1R.dw.png,NO-0032,58.7692488,8.4816255,2018,,
NO-0032-JB21-4-131-2018-20R.dw.png,NO-0032,58.7692488,8.4816255,2018,,
NO-0032-JB21-4-131-2018-21R.dw.png,NO-0032,58.7692488,8.4816255,2018,,
NO-0032-JB21-4-131-2018-22R.dw.png,NO-0032,58.7692488,8.4816255,2018,,
NO-0032-JB21-4-131-2018-23R.dw.png,NO-0032,58.7692488,8.4816255,2018,,
NO-0032-JB21-4-131-2018-24R.dw.png,NO-0032,58.7692488,8.4816255,2018,,
NO-0032-JB21-4-131-2018-25R.dw.png,NO-0032,58.7692488,8.4816255,2018,,
NO-0032-JB21-4-131-2018-26R.dw.png,NO-0032,58.7692488,8.4816255,2018,,
NO-0032-JB21-4-131-2018-27R.dw.png,NO-0032,58.7692488,8.4816255,2018,,
NO-0032-JB21-4-131-2018-28R.dw.png,NO-0032,58.7692488,8.4816255,2018,,
NO-0032-JB21-4-131-2018-29R.dw.png,NO-0032,58.7692488,8.4816255,2018,,
NO-0032-JB21-4-131-2018-2R.dw.png,NO-0032,58.7692488,8.4816255,2018,,
NO-0032-JB21-4-131-2018-3R.dw.png,NO-0032,58.7692488,8.4816255,2018,,
NO-0032-JB21-4-131-2018-4R.dw.png,NO-0032,58.7692488,8.4816255,2018,,
NO-0032-JB21-4-131-2018-5R.dw.png,NO-0032,58.7692488,8.4816255,2018,,
NO-0032-JB21-4-131-2018-6R.dw.png,NO-0032,58.7692488,8.4816255,2018,,
NO-0032-JB21-4-131-2018-7R.dw.png,NO-0032,58.7692488,8.4816255,2018,,
NO-0032-JB21-4-131-2018-8R.dw.png,NO-0032,58.7692488,8.4816255,2018,,
NO-0032-JB21-4-131-2018-9R.dw.png,NO-0032,58.7692488,8.4816255,2018,,
NO-0033-JMN21-245-0R.dw.png,NO-0033,59.30793,11.03763,2021,,
NO-0033-JMN21-245-11R.dw.png,NO-0033,59.30793,11.03763,2021,,
NO-0033-JMN21-245-12R.dw.png,NO-0033,59.30793,11.03763,2021,,
NO-0033-JMN21-245-13R.dw.png,NO-0033,59.30793,11.03763,2021,,
NO-0033-JMN21-245-14R.dw.png,NO-0033,59.30793,11.03763,2021,,
NO-0033-JMN21-245-15R.dw.png,NO-0033,59.30793,11.03763,2021,,
NO-0033-JMN21-245-16R.dw.png,NO-0033,59.30793,11.03763,2021,,
NO-0033-JMN21-245-17R.dw.png,NO-0033,59.30793,11.03763,2021,,
NO-0033-JMN21-245-18R.dw.png,NO-0033,59.30793,11.03763,2021,,
NO-0033-JMN21-245-19R.dw.png,NO-0033,59.30793,11.03763,2021,,
NO-0033-JMN21-245-1R.dw.png,NO-0033,59.30793,11.03763,2021,,
NO-0033-JMN21-245-20R.dw.png,NO-0033,59.30793,11.03763,2021,,
NO-0033-JMN21-245-21R.dw.png,NO-0033,59.30793,11.03763,2021,,
NO-0033-JMN21-245-22R.dw.png,NO-0033,59.30793,11.03763,2021,,
NO-0033-JMN21-245-23R.dw.png,NO-0033,59.30793,11.03763,2021,,
NO-0033-JMN21-245-24R.dw.png,NO-0033,59.30793,11.03763,2021,,
NO-0033-JMN21-245-25R.dw.png,NO-0033,59.30793,11.03763,2021,,
NO-0033-JMN21-245-26R.dw.png,NO-0033,59.30793,11.03763,2021,,
NO-0033-JMN21-245-27R.dw.png,NO-0033,59.30793,11.03763,2021,,
NO-0033-JMN21-245-2R.dw.png,NO-0033,59.30793,11.03763,2021,,
NO-0033-JMN21-245-3R.dw.png,NO-0033,59.30793,11.03763,2021,,
NO-0033-JMN21-245-4R.dw.png,NO-0033,59.30793,11.03763,2021,,
NO-0033-JMN21-245-6R.dw.png,NO-0033,59.30793,11.03763,2021,,
NO-0033-JMN21-245-7R.dw.png,NO-0033,59.30793,11.03763,2021,,
NO-0033-JMN21-245-8R.dw.png,NO-0033,59.30793,11.03763,2021,,
NO-0033-JMN21-245-9R.dw.png,NO-0033,59.30793,11.03763,2021,,
NO-0034-JMN78-470-2018-0R.dw.png,NO-0034,59.30793,11.03763,2021,,
NO-0034-JMN78-470-2018-10R.dw.png,NO-0034,59.30793,11.03763,2021,,
NO-0034-JMN78-470-2018-11R.dw.png,NO-0034,59.30793,11.03763,2021,,
NO-0034-JMN78-470-2018-12R.dw.png,NO-0034,59.30793,11.03763,2021,,
NO-0034-JMN78-470-2018-13R.dw.png,NO-0034,59.30793,11.03763,2021,,
NO-0034-JMN78-470-2018-14R.dw.png,NO-0034,59.30793,11.03763,2021,,
NO-0034-JMN78-470-2018-15R.dw.png,NO-0034,59.30793,11.03763,2021,,
NO-0034-JMN78-470-2018-16R.dw.png,NO-0034,59.30793,11.03763,2021,,
NO-0034-JMN78-470-2018-17R.dw.png,NO-0034,59.30793,11.03763,2021,,
NO-0034-JMN78-470-2018-18R.dw.png,NO-0034,59.30793,11.03763,2021,,
NO-0034-JMN78-470-2018-19R.dw.png,NO-0034,59.30793,11.03763,2021,,
NO-0034-JMN78-470-2018-1R.dw.png,NO-0034,59.30793,11.03763,2021,,
NO-0034-JMN78-470-2018-20R.dw.png,NO-0034,59.30793,11.03763,2021,,
NO-0034-JMN78-470-2018-21R.dw.png,NO-0034,59.30793,11.03763,2021,,
NO-0034-JMN78-470-2018-22R.dw.png,NO-0034,59.30793,11.03763,2021,,
NO-0034-JMN78-470-2018-23R.dw.png,NO-0034,59.30793,11.03763,2021,,
NO-0034-JMN78-470-2018-24R.dw.png,NO-0034,59.30793,11.03763,2021,,
NO-0034-JMN78-470-2018-25R.dw.png,NO-0034,59.30793,11.03763,2021,,
NO-0034-JMN78-470-2018-26R.dw.png,NO-0034,59.30793,11.03763,2021,,
NO-0034-JMN78-470-2018-27R.dw.png,NO-0034,59.30793,11.03763,2021,,
NO-0034-JMN78-470-2018-28R.dw.png,NO-0034,59.30793,11.03763,2021,,
NO-0034-JMN78-470-2018-29R.dw.png,NO-0034,59.30793,11.03763,2021,,
NO-0034-JMN78-470-2018-2R.dw.png,NO-0034,59.30793,11.03763,2021,,
NO-0034-JMN78-470-2018-3R.dw.png,NO-0034,59.30793,11.03763,2021,,
NO-0034-JMN78-470-2018-4R.dw.png,NO-0034,59.30793,11.03763,2021,,
NO-0034-JMN78-470-2018-5R.dw.png,NO-0034,59.30793,11.03763,2021,,
NO-0034-JMN78-470-2018-6R.dw.png,NO-0034,59.30793,11.03763,2021,,
NO-0034-JMN78-470-2018-7R.dw.png,NO-0034,59.30793,11.03763,2021,,
NO-0034-JMN78-470-2018-8R.dw.png,NO-0034,59.30793,11.03763,2021,,
NO-0034-JMN78-470-2018-9R.dw.png,NO-0034,59.30793,11.03763,2021,,
NO-0035-JOV21-2-2020-0R.dw.png,NO-0035,58.7121042,8.3381219,2020,,
NO-0035-JOV21-2-2020-10R.dw.png,NO-0035,58.7121042,8.3381219,2020,,
NO-0035-JOV21-2-2020-11R.dw.png,NO-0035,58.7121042,8.3381219,2020,,
NO-0035-JOV21-2-2020-12R.dw.png,NO-0035,58.7121042,8.3381219,2020,,
NO-0035-JOV21-2-2020-13R.dw.png,NO-0035,58.7121042,8.3381219,2020,,
NO-0035-JOV21-2-2020-14R.dw.png,NO-0035,58.7121042,8.3381219,2020,,
NO-0035-JOV21-2-2020-15R.dw.png,NO-0035,58.7121042,8.3381219,2020,,
NO-0035-JOV21-2-2020-16R.dw.png,NO-0035,58.7121042,8.3381219,2020,,
NO-0035-JOV21-2-2020-17R.dw.png,NO-0035,58.7121042,8.3381219,2020,,
NO-0035-JOV21-2-2020-18R.dw.png,NO-0035,58.7121042,8.3381219,2020,,
NO-0035-JOV21-2-2020-19R.dw.png,NO-0035,58.7121042,8.3381219,2020,,
NO-0035-JOV21-2-2020-1R.dw.png,NO-0035,58.7121042,8.3381219,2020,,
NO-0035-JOV21-2-2020-20R.dw.png,NO-0035,58.7121042,8.3381219,2020,,
NO-0035-JOV21-2-2020-21R.dw.png,NO-0035,58.7121042,8.3381219,2020,,
NO-0035-JOV21-2-2020-22R.dw.png,NO-0035,58.7121042,8.3381219,2020,,
NO-0035-JOV21-2-2020-23R.dw.png,NO-0035,58.7121042,8.3381219,2020,,
NO-0035-JOV21-2-2020-24R.dw.png,NO-0035,58.7121042,8.3381219,2020,,
NO-0035-JOV21-2-2020-25R.dw.png,NO-0035,58.7121042,8.3381219,2020,,
NO-0035-JOV21-2-2020-26R.dw.png,NO-0035,58.7121042,8.3381219,2020,,
NO-0035-JOV21-2-2020-27R.dw.png,NO-0035,58.7121042,8.3381219,2020,,
NO-0035-JOV21-2-2020-2R.dw.png,NO-0035,58.7121042,8.3381219,2020,,
NO-0035-JOV21-2-2020-3R.dw.png,NO-0035,58.7121042,8.3381219,2020,,
NO-0035-JOV21-2-2020-4R.dw.png,NO-0035,58.7121042,8.3381219,2020,,
NO-0035-JOV21-2-2020-5R.dw.png,NO-0035,58.7121042,8.3381219,2020,,
NO-0035-JOV21-2-2020-6R.dw.png,NO-0035,58.7121042,8.3381219,2020,,
NO-0035-JOV21-2-2020-7R.dw.png,NO-0035,58.7121042,8.3381219,2020,,
NO-0035-JOV21-2-2020-8R.dw.png,NO-0035,58.7121042,8.3381219,2020,,
NO-0035-JOV21-2-2020-9R.dw.png,NO-0035,58.7121042,8.3381219,2020,,
NO-0036-KIS20-53-0R.dw.png,NO-0036,58.7321169,5.6339466,2021,,
NO-0036-KIS20-53-10R.dw.png,NO-0036,58.7321169,5.6339466,2021,,
NO-0036-KIS20-53-12R.dw.png,NO-0036,58.7321169,5.6339466,2021,,
NO-0036-KIS20-53-13R.dw.png,NO-0036,58.7321169,5.6339466,2021,,
NO-0036-KIS20-53-14R.dw.png,NO-0036,58.7321169,5.6339466,2021,,
NO-0036-KIS20-53-15R.dw.png,NO-0036,58.7321169,5.6339466,2021,,
NO-0036-KIS20-53-16R.dw.png,NO-0036,58.7321169,5.6339466,2021,,
NO-0036-KIS20-53-17R.dw.png,NO-0036,58.7321169,5.6339466,2021,,
NO-0036-KIS20-53-18R.dw.png,NO-0036,58.7321169,5.6339466,2021,,
NO-0036-KIS20-53-19R.dw.png,NO-0036,58.7321169,5.6339466,2021,,
NO-0036-KIS20-53-1R.dw.png,NO-0036,58.7321169,5.6339466,2021,,
NO-0036-KIS20-53-20R.dw.png,NO-0036,58.7321169,5.6339466,2021,,
NO-0036-KIS20-53-21R.dw.png,NO-0036,58.7321169,5.6339466,2021,,
NO-0036-KIS20-53-22R.dw.png,NO-0036,58.7321169,5.6339466,2021,,
NO-0036-KIS20-53-23R.dw.png,NO-0036,58.7321169,5.6339466,2021,,
NO-0036-KIS20-53-24R.dw.png,NO-0036,58.7321169,5.6339466,2021,,
NO-0036-KIS20-53-25R.dw.png,NO-0036,58.7321169,5.6339466,2021,,
NO-0036-KIS20-53-26R.dw.png,NO-0036,58.7321169,5.6339466,2021,,
NO-0036-KIS20-53-27R.dw.png,NO-0036,58.7321169,5.6339466,2021,,
NO-0036-KIS20-53-2R.dw.png,NO-0036,58.7321169,5.6339466,2021,,
NO-0036-KIS20-53-3R.dw.png,NO-0036,58.7321169,5.6339466,2021,,
NO-0036-KIS20-53-4R.dw.png,NO-0036,58.7321169,5.6339466,2021,,
NO-0036-KIS20-53-5R.dw.png,NO-0036,58.7321169,5.6339466,2021,,
NO-0036-KIS20-53-6R.dw.png,NO-0036,58.7321169,5.6339466,2021,,
NO-0036-KIS20-53-7R.dw.png,NO-0036,58.7321169,5.6339466,2021,,
NO-0036-KIS20-53-8R.dw.png,NO-0036,58.7321169,5.6339466,2021,,
NO-0036-KIS20-53-9R.dw.png,NO-0036,58.7321169,5.6339466,2021,,
NO-0037-KJS21-T2101-2019-0R.dw.png,NO-0037,58.32136,8.56239,2019,,
NO-0037-KJS21-T2101-2019-10R.dw.png,NO-0037,58.32136,8.56239,2019,,
NO-0037-KJS21-T2101-2019-11R.dw.png,NO-0037,58.32136,8.56239,2019,,
NO-0037-KJS21-T2101-2019-12R.dw.png,NO-0037,58.32136,8.56239,2019,,
NO-0037-KJS21-T2101-2019-13R.dw.png,NO-0037,58.32136,8.56239,2019,,
NO-0037-KJS21-T2101-2019-14R.dw.png,NO-0037,58.32136,8.56239,2019,,
NO-0037-KJS21-T2101-2019-15R.dw.png,NO-0037,58.32136,8.56239,2019,,
NO-0037-KJS21-T2101-2019-16R.dw.png,NO-0037,58.32136,8.56239,2019,,
NO-0037-KJS21-T2101-2019-17R.dw.png,NO-0037,58.32136,8.56239,2019,,
NO-0037-KJS21-T2101-2019-18R.dw.png,NO-0037,58.32136,8.56239,2019,,
NO-0037-KJS21-T2101-2019-19R.dw.png,NO-0037,58.32136,8.56239,2019,,
NO-0037-KJS21-T2101-2019-1R.dw.png,NO-0037,58.32136,8.56239,2019,,
NO-0037-KJS21-T2101-2019-20R.dw.png,NO-0037,58.32136,8.56239,2019,,
NO-0037-KJS21-T2101-2019-21R.dw.png,NO-0037,58.32136,8.56239,2019,,
NO-0037-KJS21-T2101-2019-22R.dw.png,NO-0037,58.32136,8.56239,2019,,
NO-0037-KJS21-T2101-2019-23R.dw.png,NO-0037,58.32136,8.56239,2019,,
NO-0037-KJS21-T2101-2019-24R.dw.png,NO-0037,58.32136,8.56239,2019,,
NO-0037-KJS21-T2101-2019-25R.dw.png,NO-0037,58.32136,8.56239,2019,,
NO-0037-KJS21-T2101-2019-26R.dw.png,NO-0037,58.32136,8.56239,2019,,
NO-0037-KJS21-T2101-2019-28R.dw.png,NO-0037,58.32136,8.56239,2019,,
NO-0037-KJS21-T2101-2019-2R.dw.png,NO-0037,58.32136,8.56239,2019,,
NO-0037-KJS21-T2101-2019-3R.dw.png,NO-0037,58.32136,8.56239,2019,,
NO-0037-KJS21-T2101-2019-4R.dw.png,NO-0037,58.32136,8.56239,2019,,
NO-0037-KJS21-T2101-2019-5R.dw.png,NO-0037,58.32136,8.56239,2019,,
NO-0037-KJS21-T2101-2019-6R.dw.png,NO-0037,58.32136,8.56239,2019,,
NO-0037-KJS21-T2101-2019-7R.dw.png,NO-0037,58.32136,8.56239,2019,,
NO-0037-KJS21-T2101-2019-8R.dw.png,NO-0037,58.32136,8.56239,2019,,
NO-0037-KJS21-T2101-2019-9R.dw.png,NO-0037,58.32136,8.56239,2019,,
NO-0038-KLY55-24-2020-0R.dw.png,NO-0038,58.8450732,5.7176745,2020,,
NO-0038-KLY55-24-2020-10R.dw.png,NO-0038,58.8450732,5.7176745,2020,,
NO-0038-KLY55-24-2020-11R.dw.png,NO-0038,58.8450732,5.7176745,2020,,
NO-0038-KLY55-24-2020-12R.dw.png,NO-0038,58.8450732,5.7176745,2020,,
NO-0038-KLY55-24-2020-13R.dw.png,NO-0038,58.8450732,5.7176745,2020,,
NO-0038-KLY55-24-2020-14R.dw.png,NO-0038,58.8450732,5.7176745,2020,,
NO-0038-KLY55-24-2020-15R.dw.png,NO-0038,58.8450732,5.7176745,2020,,
NO-0038-KLY55-24-2020-16R.dw.png,NO-0038,58.8450732,5.7176745,2020,,
NO-0038-KLY55-24-2020-17R.dw.png,NO-0038,58.8450732,5.7176745,2020,,
NO-0038-KLY55-24-2020-18R.dw.png,NO-0038,58.8450732,5.7176745,2020,,
NO-0038-KLY55-24-2020-19R.dw.png,NO-0038,58.8450732,5.7176745,2020,,
NO-0038-KLY55-24-2020-1R.dw.png,NO-0038,58.8450732,5.7176745,2020,,
NO-0038-KLY55-24-2020-20R.dw.png,NO-0038,58.8450732,5.7176745,2020,,
NO-0038-KLY55-24-2020-21R.dw.png,NO-0038,58.8450732,5.7176745,2020,,
NO-0038-KLY55-24-2020-22R.dw.png,NO-0038,58.8450732,5.7176745,2020,,
NO-0038-KLY55-24-2020-23R.dw.png,NO-0038,58.8450732,5.7176745,2020,,
NO-0038-KLY55-24-2020-24R.dw.png,NO-0038,58.8450732,5.7176745,2020,,
NO-0038-KLY55-24-2020-25R.dw.png,NO-0038,58.8450732,5.7176745,2020,,
NO-0038-KLY55-24-2020-26R.dw.png,NO-0038,58.8450732,5.7176745,2020,,
NO-0038-KLY55-24-2020-27R.dw.png,NO-0038,58.8450732,5.7176745,2020,,
NO-0038-KLY55-24-2020-28R.dw.png,NO-0038,58.8450732,5.7176745,2020,,
NO-0038-KLY55-24-2020-2R.dw.png,NO-0038,58.8450732,5.7176745,2020,,
NO-0038-KLY55-24-2020-3R.dw.png,NO-0038,58.8450732,5.7176745,2020,,
NO-0038-KLY55-24-2020-4R.dw.png,NO-0038,58.8450732,5.7176745,2020,,
NO-0038-KLY55-24-2020-5R.dw.png,NO-0038,58.8450732,5.7176745,2020,,
NO-0038-KLY55-24-2020-6R.dw.png,NO-0038,58.8450732,5.7176745,2020,,
NO-0038-KLY55-24-2020-7R.dw.png,NO-0038,58.8450732,5.7176745,2020,,
NO-0038-KLY55-24-2020-8R.dw.png,NO-0038,58.8450732,5.7176745,2020,,
NO-0038-KLY55-24-2020-9R.dw.png,NO-0038,58.8450732,5.7176745,2020,,
NO-0039-KLY55-69-2020-0R.dw.png,NO-0039,58.8450732,5.7176745,2020,,
NO-0039-KLY55-69-2020-10R.dw.png,NO-0039,58.8450732,5.7176745,2020,,
NO-0039-KLY55-69-2020-11R.dw.png,NO-0039,58.8450732,5.7176745,2020,,
NO-0039-KLY55-69-2020-12R.dw.png,NO-0039,58.8450732,5.7176745,2020,,
NO-0039-KLY55-69-2020-13R.dw.png,NO-0039,58.8450732,5.7176745,2020,,
NO-0039-KLY55-69-2020-14R.dw.png,NO-0039,58.8450732,5.7176745,2020,,
NO-0039-KLY55-69-2020-15R.dw.png,NO-0039,58.8450732,5.7176745,2020,,
NO-0039-KLY55-69-2020-16R.dw.png,NO-0039,58.8450732,5.7176745,2020,,
NO-0039-KLY55-69-2020-17R.dw.png,NO-0039,58.8450732,5.7176745,2020,,
NO-0039-KLY55-69-2020-18R.dw.png,NO-0039,58.8450732,5.7176745,2020,,
NO-0039-KLY55-69-2020-19R.dw.png,NO-0039,58.8450732,5.7176745,2020,,
NO-0039-KLY55-69-2020-1R.dw.png,NO-0039,58.8450732,5.7176745,2020,,
NO-0039-KLY55-69-2020-20R.dw.png,NO-0039,58.8450732,5.7176745,2020,,
NO-0039-KLY55-69-2020-21R.dw.png,NO-0039,58.8450732,5.7176745,2020,,
NO-0039-KLY55-69-2020-22R.dw.png,NO-0039,58.8450732,5.7176745,2020,,
NO-0039-KLY55-69-2020-23R.dw.png,NO-0039,58.8450732,5.7176745,2020,,
NO-0039-KLY55-69-2020-24R.dw.png,NO-0039,58.8450732,5.7176745,2020,,
NO-0039-KLY55-69-2020-25R.dw.png,NO-0039,58.8450732,5.7176745,2020,,
NO-0039-KLY55-69-2020-26R.dw.png,NO-0039,58.8450732,5.7176745,2020,,
NO-0039-KLY55-69-2020-27R.dw.png,NO-0039,58.8450732,5.7176745,2020,,
NO-0039-KLY55-69-2020-28R.dw.png,NO-0039,58.8450732,5.7176745,2020,,
NO-0039-KLY55-69-2020-2R.dw.png,NO-0039,58.8450732,5.7176745,2020,,
NO-0039-KLY55-69-2020-3R.dw.png,NO-0039,58.8450732,5.7176745,2020,,
NO-0039-KLY55-69-2020-4R.dw.png,NO-0039,58.8450732,5.7176745,2020,,
NO-0039-KLY55-69-2020-5R.dw.png,NO-0039,58.8450732,5.7176745,2020,,
NO-0039-KLY55-69-2020-6R.dw.png,NO-0039,58.8450732,5.7176745,2020,,
NO-0039-KLY55-69-2020-7R.dw.png,NO-0039,58.8450732,5.7176745,2020,,
NO-0039-KLY55-69-2020-8R.dw.png,NO-0039,58.8450732,5.7176745,2020,,
NO-0039-KLY55-69-2020-9R.dw.png,NO-0039,58.8450732,5.7176745,2020,,
NO-0040-LAK20-201-Esp-K-0R.dw.png,NO-0040,60.70775,8.38261,2018,,
NO-0040-LAK20-201-Esp-K-1R.dw.png,NO-0040,60.70775,8.38261,2018,,
NO-0040-LAK20-201-Esp-K-2R.dw.png,NO-0040,60.70775,8.38261,2018,,
NO-0040-LAK20-201-Esp-K-3R.dw.png,NO-0040,60.70775,8.38261,2018,,
NO-0040-LAK20-201-Esp-K-4R.dw.png,NO-0040,60.70775,8.38261,2018,,
NO-0040-LAK20-201-Esp-K-5R.dw.png,NO-0040,60.70775,8.38261,2018,,
NO-0040-LAK20-201-Esp-K-6R.dw.png,NO-0040,60.70775,8.38261,2018,,
NO-0041-LSo21-P1-0R.dw.png,NO-0041,62.81608,6.8395,2021,,
NO-0041-LSo21-P1-10R.dw.png,NO-0041,62.81608,6.8395,2021,,
NO-0041-LSo21-P1-11R.dw.png,NO-0041,62.81608,6.8395,2021,,
NO-0041-LSo21-P1-12R.dw.png,NO-0041,62.81608,6.8395,2021,,
NO-0041-LSo21-P1-13R.dw.png,NO-0041,62.81608,6.8395,2021,,
NO-0041-LSo21-P1-14R.dw.png,NO-0041,62.81608,6.8395,2021,,
NO-0041-LSo21-P1-15R.dw.png,NO-0041,62.81608,6.8395,2021,,
NO-0041-LSo21-P1-16R.dw.png,NO-0041,62.81608,6.8395,2021,,
NO-0041-LSo21-P1-17R.dw.png,NO-0041,62.81608,6.8395,2021,,
NO-0041-LSo21-P1-18R.dw.png,NO-0041,62.81608,6.8395,2021,,
NO-0041-LSo21-P1-19R.dw.png,NO-0041,62.81608,6.8395,2021,,
NO-0041-LSo21-P1-1R.dw.png,NO-0041,62.81608,6.8395,2021,,
NO-0041-LSo21-P1-20R.dw.png,NO-0041,62.81608,6.8395,2021,,
NO-0041-LSo21-P1-21R.dw.png,NO-0041,62.81608,6.8395,2021,,
NO-0041-LSo21-P1-22R.dw.png,NO-0041,62.81608,6.8395,2021,,
NO-0041-LSo21-P1-23R.dw.png,NO-0041,62.81608,6.8395,2021,,
NO-0041-LSo21-P1-24R.dw.png,NO-0041,62.81608,6.8395,2021,,
NO-0041-LSo21-P1-25R.dw.png,NO-0041,62.81608,6.8395,2021,,
NO-0041-LSo21-P1-26R.dw.png,NO-0041,62.81608,6.8395,2021,,
NO-0041-LSo21-P1-27R.dw.png,NO-0041,62.81608,6.8395,2021,,
NO-0041-LSo21-P1-28R.dw.png,NO-0041,62.81608,6.8395,2021,,
NO-0041-LSo21-P1-2R.dw.png,NO-0041,62.81608,6.8395,2021,,
NO-0041-LSo21-P1-3R.dw.png,NO-0041,62.81608,6.8395,2021,,
NO-0041-LSo21-P1-4R.dw.png,NO-0041,62.81608,6.8395,2021,,
NO-0041-LSo21-P1-5R.dw.png,NO-0041,62.81608,6.8395,2021,,
NO-0041-LSo21-P1-6R.dw.png,NO-0041,62.81608,6.8395,2021,,
NO-0041-LSo21-P1-7R.dw.png,NO-0041,62.81608,6.8395,2021,,
NO-0041-LSo21-P1-8R.dw.png,NO-0041,62.81608,6.8395,2021,,
NO-0041-LSo21-P1-9R.dw.png,NO-0041,62.81608,6.8395,2021,,
NO-0042-LSo21-P2-Sn-0R.dw.png,NO-0042,62.81608,6.8395,2021,,
NO-0042-LSo21-P2-Sn-10R.dw.png,NO-0042,62.81608,6.8395,2021,,
NO-0042-LSo21-P2-Sn-11R.dw.png,NO-0042,62.81608,6.8395,2021,,
NO-0042-LSo21-P2-Sn-12R.dw.png,NO-0042,62.81608,6.8395,2021,,
NO-0042-LSo21-P2-Sn-13R.dw.png,NO-0042,62.81608,6.8395,2021,,
NO-0042-LSo21-P2-Sn-14R.dw.png,NO-0042,62.81608,6.8395,2021,,
NO-0042-LSo21-P2-Sn-15R.dw.png,NO-0042,62.81608,6.8395,2021,,
NO-0042-LSo21-P2-Sn-16R.dw.png,NO-0042,62.81608,6.8395,2021,,
NO-0042-LSo21-P2-Sn-17R.dw.png,NO-0042,62.81608,6.8395,2021,,
NO-0042-LSo21-P2-Sn-18R.dw.png,NO-0042,62.81608,6.8395,2021,,
NO-0042-LSo21-P2-Sn-19R.dw.png,NO-0042,62.81608,6.8395,2021,,
NO-0042-LSo21-P2-Sn-1R.dw.png,NO-0042,62.81608,6.8395,2021,,
NO-0042-LSo21-P2-Sn-20R.dw.png,NO-0042,62.81608,6.8395,2021,,
NO-0042-LSo21-P2-Sn-21R.dw.png,NO-0042,62.81608,6.8395,2021,,
NO-0042-LSo21-P2-Sn-22R.dw.png,NO-0042,62.81608,6.8395,2021,,
NO-0042-LSo21-P2-Sn-23R.dw.png,NO-0042,62.81608,6.8395,2021,,
NO-0042-LSo21-P2-Sn-24R.dw.png,NO-0042,62.81608,6.8395,2021,,
NO-0042-LSo21-P2-Sn-25R.dw.png,NO-0042,62.81608,6.8395,2021,,
NO-0042-LSo21-P2-Sn-26R.dw.png,NO-0042,62.81608,6.8395,2021,,
NO-0042-LSo21-P2-Sn-27R.dw.png,NO-0042,62.81608,6.8395,2021,,
NO-0042-LSo21-P2-Sn-28R.dw.png,NO-0042,62.81608,6.8395,2021,,
NO-0042-LSo21-P2-Sn-29R.dw.png,NO-0042,62.81608,6.8395,2021,,
NO-0042-LSo21-P2-Sn-2R.dw.png,NO-0042,62.81608,6.8395,2021,,
NO-0042-LSo21-P2-Sn-3R.dw.png,NO-0042,62.81608,6.8395,2021,,
NO-0042-LSo21-P2-Sn-4R.dw.png,NO-0042,62.81608,6.8395,2021,,
NO-0042-LSo21-P2-Sn-5R.dw.png,NO-0042,62.81608,6.8395,2021,,
NO-0042-LSo21-P2-Sn-6R.dw.png,NO-0042,62.81608,6.8395,2021,,
NO-0042-LSo21-P2-Sn-7R.dw.png,NO-0042,62.81608,6.8395,2021,,
NO-0042-LSo21-P2-Sn-8R.dw.png,NO-0042,62.81608,6.8395,2021,,
NO-0042-LSo21-P2-Sn-9R.dw.png,NO-0042,62.81608,6.8395,2021,,
NO-0043-MD16-01-k-0R.dw.png,NO-0043,60.14265,11.86567,2021,,
NO-0043-MD16-01-k-10R.dw.png,NO-0043,60.14265,11.86567,2021,,
NO-0043-MD16-01-k-11R.dw.png,NO-0043,60.14265,11.86567,2021,,
NO-0043-MD16-01-k-12R.dw.png,NO-0043,60.14265,11.86567,2021,,
NO-0043-MD16-01-k-14R.dw.png,NO-0043,60.14265,11.86567,2021,,
NO-0043-MD16-01-k-15R.dw.png,NO-0043,60.14265,11.86567,2021,,
NO-0043-MD16-01-k-16R.dw.png,NO-0043,60.14265,11.86567,2021,,
NO-0043-MD16-01-k-17R.dw.png,NO-0043,60.14265,11.86567,2021,,
NO-0043-MD16-01-k-18R.dw.png,NO-0043,60.14265,11.86567,2021,,
NO-0043-MD16-01-k-19R.dw.png,NO-0043,60.14265,11.86567,2021,,
NO-0043-MD16-01-k-1R.dw.png,NO-0043,60.14265,11.86567,2021,,
NO-0043-MD16-01-k-20R.dw.png,NO-0043,60.14265,11.86567,2021,,
NO-0043-MD16-01-k-22R.dw.png,NO-0043,60.14265,11.86567,2021,,
NO-0043-MD16-01-k-23R.dw.png,NO-0043,60.14265,11.86567,2021,,
NO-0043-MD16-01-k-24R.dw.png,NO-0043,60.14265,11.86567,2021,,
NO-0043-MD16-01-k-25R.dw.png,NO-0043,60.14265,11.86567,2021,,
NO-0043-MD16-01-k-26R.dw.png,NO-0043,60.14265,11.86567,2021,,
NO-0043-MD16-01-k-27R.dw.png,NO-0043,60.14265,11.86567,2021,,
NO-0043-MD16-01-k-28R.dw.png,NO-0043,60.14265,11.86567,2021,,
NO-0043-MD16-01-k-29R.dw.png,NO-0043,60.14265,11.86567,2021,,
NO-0043-MD16-01-k-2R.dw.png,NO-0043,60.14265,11.86567,2021,,
NO-0043-MD16-01-k-3R.dw.png,NO-0043,60.14265,11.86567,2021,,
NO-0043-MD16-01-k-4R.dw.png,NO-0043,60.14265,11.86567,2021,,
NO-0043-MD16-01-k-5R.dw.png,NO-0043,60.14265,11.86567,2021,,
NO-0043-MD16-01-k-6R.dw.png,NO-0043,60.14265,11.86567,2021,,
NO-0043-MD16-01-k-7R.dw.png,NO-0043,60.14265,11.86567,2021,,
NO-0043-MD16-01-k-8R.dw.png,NO-0043,60.14265,11.86567,2021,,
NO-0043-MD16-01-k-9R.dw.png,NO-0043,60.14265,11.86567,2021,,
NO-0044-MD-JM-04-2018-0R.dw.png,NO-0044,60.14265,11.86567,2021,,
NO-0044-MD-JM-04-2018-10R.dw.png,NO-0044,60.14265,11.86567,2021,,
NO-0044-MD-JM-04-2018-11R.dw.png,NO-0044,60.14265,11.86567,2021,,
NO-0044-MD-JM-04-2018-12R.dw.png,NO-0044,60.14265,11.86567,2021,,
NO-0044-MD-JM-04-2018-13R.dw.png,NO-0044,60.14265,11.86567,2021,,
NO-0044-MD-JM-04-2018-14R.dw.png,NO-0044,60.14265,11.86567,2021,,
NO-0044-MD-JM-04-2018-15R.dw.png,NO-0044,60.14265,11.86567,2021,,
NO-0044-MD-JM-04-2018-16R.dw.png,NO-0044,60.14265,11.86567,2021,,
NO-0044-MD-JM-04-2018-17R.dw.png,NO-0044,60.14265,11.86567,2021,,
NO-0044-MD-JM-04-2018-18R.dw.png,NO-0044,60.14265,11.86567,2021,,
NO-0044-MD-JM-04-2018-19R.dw.png,NO-0044,60.14265,11.86567,2021,,
NO-0044-MD-JM-04-2018-1R.dw.png,NO-0044,60.14265,11.86567,2021,,
NO-0044-MD-JM-04-2018-20R.dw.png,NO-0044,60.14265,11.86567,2021,,
NO-0044-MD-JM-04-2018-21R.dw.png,NO-0044,60.14265,11.86567,2021,,
NO-0044-MD-JM-04-2018-22R.dw.png,NO-0044,60.14265,11.86567,2021,,
NO-0044-MD-JM-04-2018-23R.dw.png,NO-0044,60.14265,11.86567,2021,,
NO-0044-MD-JM-04-2018-24R.dw.png,NO-0044,60.14265,11.86567,2021,,
NO-0044-MD-JM-04-2018-25R.dw.png,NO-0044,60.14265,11.86567,2021,,
NO-0044-MD-JM-04-2018-26R.dw.png,NO-0044,60.14265,11.86567,2021,,
NO-0044-MD-JM-04-2018-27R.dw.png,NO-0044,60.14265,11.86567,2021,,
NO-0044-MD-JM-04-2018-2R.dw.png,NO-0044,60.14265,11.86567,2021,,
NO-0044-MD-JM-04-2018-3R.dw.png,NO-0044,60.14265,11.86567,2021,,
NO-0044-MD-JM-04-2018-4R.dw.png,NO-0044,60.14265,11.86567,2021,,
NO-0044-MD-JM-04-2018-5R.dw.png,NO-0044,60.14265,11.86567,2021,,
NO-0044-MD-JM-04-2018-6R.dw.png,NO-0044,60.14265,11.86567,2021,,
NO-0044-MD-JM-04-2018-7R.dw.png,NO-0044,60.14265,11.86567,2021,,
NO-0044-MD-JM-04-2018-8R.dw.png,NO-0044,60.14265,11.86567,2021,,
NO-0044-MD-JM-04-2018-9R.dw.png,NO-0044,60.14265,11.86567,2021,,
NO-0045-MLJ21-P1-0R.dw.png,NO-0045,62.81608,6.8395,2021,,
NO-0045-MLJ21-P1-10R.dw.png,NO-0045,62.81608,6.8395,2021,,
NO-0045-MLJ21-P1-11R.dw.png,NO-0045,62.81608,6.8395,2021,,
NO-0045-MLJ21-P1-12R.dw.png,NO-0045,62.81608,6.8395,2021,,
NO-0045-MLJ21-P1-13R.dw.png,NO-0045,62.81608,6.8395,2021,,
NO-0045-MLJ21-P1-14R.dw.png,NO-0045,62.81608,6.8395,2021,,
NO-0045-MLJ21-P1-15R.dw.png,NO-0045,62.81608,6.8395,2021,,
NO-0045-MLJ21-P1-16R.dw.png,NO-0045,62.81608,6.8395,2021,,
NO-0045-MLJ21-P1-17R.dw.png,NO-0045,62.81608,6.8395,2021,,
NO-0045-MLJ21-P1-18R.dw.png,NO-0045,62.81608,6.8395,2021,,
NO-0045-MLJ21-P1-19R.dw.png,NO-0045,62.81608,6.8395,2021,,
NO-0045-MLJ21-P1-1R.dw.png,NO-0045,62.81608,6.8395,2021,,
NO-0045-MLJ21-P1-20R.dw.png,NO-0045,62.81608,6.8395,2021,,
NO-0045-MLJ21-P1-21R.dw.png,NO-0045,62.81608,6.8395,2021,,
NO-0045-MLJ21-P1-22R.dw.png,NO-0045,62.81608,6.8395,2021,,
NO-0045-MLJ21-P1-24R.dw.png,NO-0045,62.81608,6.8395,2021,,
NO-0045-MLJ21-P1-25R.dw.png,NO-0045,62.81608,6.8395,2021,,
NO-0045-MLJ21-P1-26R.dw.png,NO-0045,62.81608,6.8395,2021,,
NO-0045-MLJ21-P1-27R.dw.png,NO-0045,62.81608,6.8395,2021,,
NO-0045-MLJ21-P1-28R.dw.png,NO-0045,62.81608,6.8395,2021,,
NO-0045-MLJ21-P1-2R.dw.png,NO-0045,62.81608,6.8395,2021,,
NO-0045-MLJ21-P1-3R.dw.png,NO-0045,62.81608,6.8395,2021,,
NO-0045-MLJ21-P1-4R.dw.png,NO-0045,62.81608,6.8395,2021,,
NO-0045-MLJ21-P1-5R.dw.png,NO-0045,62.81608,6.8395,2021,,
NO-0045-MLJ21-P1-6R.dw.png,NO-0045,62.81608,6.8395,2021,,
NO-0045-MLJ21-P1-7R.dw.png,NO-0045,62.81608,6.8395,2021,,
NO-0045-MLJ21-P1-8R.dw.png,NO-0045,62.81608,6.8395,2021,,
NO-0045-MLJ21-P1-9R.dw.png,NO-0045,62.81608,6.8395,2021,,
NO-0046-MSa21-K1-0R.dw.png,NO-0046,60.70775,8.38261,2018,,
NO-0046-MSa21-K1-10R.dw.png,NO-0046,60.70775,8.38261,2018,,
NO-0046-MSa21-K1-11R.dw.png,NO-0046,60.70775,8.38261,2018,,
NO-0046-MSa21-K1-12R.dw.png,NO-0046,60.70775,8.38261,2018,,
NO-0046-MSa21-K1-13R.dw.png,NO-0046,60.70775,8.38261,2018,,
NO-0046-MSa21-K1-14R.dw.png,NO-0046,60.70775,8.38261,2018,,
NO-0046-MSa21-K1-15R.dw.png,NO-0046,60.70775,8.38261,2018,,
NO-0046-MSa21-K1-16R.dw.png,NO-0046,60.70775,8.38261,2018,,
NO-0046-MSa21-K1-17R.dw.png,NO-0046,60.70775,8.38261,2018,,
NO-0046-MSa21-K1-18R.dw.png,NO-0046,60.70775,8.38261,2018,,
NO-0046-MSa21-K1-19R.dw.png,NO-0046,60.70775,8.38261,2018,,
NO-0046-MSa21-K1-1R.dw.png,NO-0046,60.70775,8.38261,2018,,
NO-0046-MSa21-K1-20R.dw.png,NO-0046,60.70775,8.38261,2018,,
NO-0046-MSa21-K1-21R.dw.png,NO-0046,60.70775,8.38261,2018,,
NO-0046-MSa21-K1-22R.dw.png,NO-0046,60.70775,8.38261,2018,,
NO-0046-MSa21-K1-23R.dw.png,NO-0046,60.70775,8.38261,2018,,
NO-0046-MSa21-K1-24R.dw.png,NO-0046,60.70775,8.38261,2018,,
NO-0046-MSa21-K1-25R.dw.png,NO-0046,60.70775,8.38261,2018,,
NO-0046-MSa21-K1-26R.dw.png,NO-0046,60.70775,8.38261,2018,,
NO-0046-MSa21-K1-27R.dw.png,NO-0046,60.70775,8.38261,2018,,
NO-0046-MSa21-K1-2R.dw.png,NO-0046,60.70775,8.38261,2018,,
NO-0046-MSa21-K1-3R.dw.png,NO-0046,60.70775,8.38261,2018,,
NO-0046-MSa21-K1-4R.dw.png,NO-0046,60.70775,8.38261,2018,,
NO-0046-MSa21-K1-5R.dw.png,NO-0046,60.70775,8.38261,2018,,
NO-0046-MSa21-K1-6R.dw.png,NO-0046,60.70775,8.38261,2018,,
NO-0046-MSa21-K1-7R.dw.png,NO-0046,60.70775,8.38261,2018,,
NO-0046-MSa21-K1-8R.dw.png,NO-0046,60.70775,8.38261,2018,,
NO-0046-MSa21-K1-9R.dw.png,NO-0046,60.70775,8.38261,2018,,
NO-0047-ND21-15-0R.dw.png,NO-0047,58.28876,6.54962,2021,,
NO-0047-ND21-15-10R.dw.png,NO-0047,58.28876,6.54962,2021,,
NO-0047-ND21-15-11R.dw.png,NO-0047,58.28876,6.54962,2021,,
NO-0047-ND21-15-12R.dw.png,NO-0047,58.28876,6.54962,2021,,
NO-0047-ND21-15-13R.dw.png,NO-0047,58.28876,6.54962,2021,,
NO-0047-ND21-15-14R.dw.png,NO-0047,58.28876,6.54962,2021,,
NO-0047-ND21-15-15R.dw.png,NO-0047,58.28876,6.54962,2021,,
NO-0047-ND21-15-16R.dw.png,NO-0047,58.28876,6.54962,2021,,
NO-0047-ND21-15-17R.dw.png,NO-0047,58.28876,6.54962,2021,,
NO-0047-ND21-15-18R.dw.png,NO-0047,58.28876,6.54962,2021,,
NO-0047-ND21-15-19R.dw.png,NO-0047,58.28876,6.54962,2021,,
NO-0047-ND21-15-1R.dw.png,NO-0047,58.28876,6.54962,2021,,
NO-0047-ND21-15-20R.dw.png,NO-0047,58.28876,6.54962,2021,,
NO-0047-ND21-15-21R.dw.png,NO-0047,58.28876,6.54962,2021,,
NO-0047-ND21-15-22R.dw.png,NO-0047,58.28876,6.54962,2021,,
NO-0047-ND21-15-23R.dw.png,NO-0047,58.28876,6.54962,2021,,
NO-0047-ND21-15-24R.dw.png,NO-0047,58.28876,6.54962,2021,,
NO-0047-ND21-15-25R.dw.png,NO-0047,58.28876,6.54962,2021,,
NO-0047-ND21-15-26R.dw.png,NO-0047,58.28876,6.54962,2021,,
NO-0047-ND21-15-2R.dw.png,NO-0047,58.28876,6.54962,2021,,
NO-0047-ND21-15-3R.dw.png,NO-0047,58.28876,6.54962,2021,,
NO-0047-ND21-15-4R.dw.png,NO-0047,58.28876,6.54962,2021,,
NO-0047-ND21-15-5R.dw.png,NO-0047,58.28876,6.54962,2021,,
NO-0047-ND21-15-6R.dw.png,NO-0047,58.28876,6.54962,2021,,
NO-0047-ND21-15-7R.dw.png,NO-0047,58.28876,6.54962,2021,,
NO-0047-ND21-15-8R.dw.png,NO-0047,58.28876,6.54962,2021,,
NO-0047-ND21-15-9R.dw.png,NO-0047,58.28876,6.54962,2021,,
NO-0048-ND21-3-0R.dw.png,NO-0048,58.28876,6.54962,2021,,
NO-0048-ND21-3-10R.dw.png,NO-0048,58.28876,6.54962,2021,,
NO-0048-ND21-3-11R.dw.png,NO-0048,58.28876,6.54962,2021,,
NO-0048-ND21-3-12R.dw.png,NO-0048,58.28876,6.54962,2021,,
NO-0048-ND21-3-13R.dw.png,NO-0048,58.28876,6.54962,2021,,
NO-0048-ND21-3-14R.dw.png,NO-0048,58.28876,6.54962,2021,,
NO-0048-ND21-3-15R.dw.png,NO-0048,58.28876,6.54962,2021,,
NO-0048-ND21-3-16R.dw.png,NO-0048,58.28876,6.54962,2021,,
NO-0048-ND21-3-17R.dw.png,NO-0048,58.28876,6.54962,2021,,
NO-0048-ND21-3-18R.dw.png,NO-0048,58.28876,6.54962,2021,,
NO-0048-ND21-3-19R.dw.png,NO-0048,58.28876,6.54962,2021,,
NO-0048-ND21-3-1R.dw.png,NO-0048,58.28876,6.54962,2021,,
NO-0048-ND21-3-20R.dw.png,NO-0048,58.28876,6.54962,2021,,
NO-0048-ND21-3-21R.dw.png,NO-0048,58.28876,6.54962,2021,,
NO-0048-ND21-3-22R.dw.png,NO-0048,58.28876,6.54962,2021,,
NO-0048-ND21-3-23R.dw.png,NO-0048,58.28876,6.54962,2021,,
NO-0048-ND21-3-24R.dw.png,NO-0048,58.28876,6.54962,2021,,
NO-0048-ND21-3-25R.dw.png,NO-0048,58.28876,6.54962,2021,,
NO-0048-ND21-3-26R.dw.png,NO-0048,58.28876,6.54962,2021,,
NO-0048-ND21-3-27R.dw.png,NO-0048,58.28876,6.54962,2021,,
NO-0048-ND21-3-28R.dw.png,NO-0048,58.28876,6.54962,2021,,
NO-0048-ND21-3-29R.dw.png,NO-0048,58.28876,6.54962,2021,,
NO-0048-ND21-3-2R.dw.png,NO-0048,58.28876,6.54962,2021,,
NO-0048-ND21-3-3R.dw.png,NO-0048,58.28876,6.54962,2021,,
NO-0048-ND21-3-4R.dw.png,NO-0048,58.28876,6.54962,2021,,
NO-0048-ND21-3-5R.dw.png,NO-0048,58.28876,6.54962,2021,,
NO-0048-ND21-3-6R.dw.png,NO-0048,58.28876,6.54962,2021,,
NO-0048-ND21-3-7R.dw.png,NO-0048,58.28876,6.54962,2021,,
NO-0048-ND21-3-8R.dw.png,NO-0048,58.28876,6.54962,2021,,
NO-0048-ND21-3-9R.dw.png,NO-0048,58.28876,6.54962,2021,,
NO-0049-ND21-4-0R.dw.png,NO-0049,58.28876,6.54962,2021,,
NO-0049-ND21-4-10R.dw.png,NO-0049,58.28876,6.54962,2021,,
NO-0049-ND21-4-11R.dw.png,NO-0049,58.28876,6.54962,2021,,
NO-0049-ND21-4-12R.dw.png,NO-0049,58.28876,6.54962,2021,,
NO-0049-ND21-4-13R.dw.png,NO-0049,58.28876,6.54962,2021,,
NO-0049-ND21-4-14R.dw.png,NO-0049,58.28876,6.54962,2021,,
NO-0049-ND21-4-15R.dw.png,NO-0049,58.28876,6.54962,2021,,
NO-0049-ND21-4-16R.dw.png,NO-0049,58.28876,6.54962,2021,,
NO-0049-ND21-4-17R.dw.png,NO-0049,58.28876,6.54962,2021,,
NO-0049-ND21-4-18R.dw.png,NO-0049,58.28876,6.54962,2021,,
NO-0049-ND21-4-19R.dw.png,NO-0049,58.28876,6.54962,2021,,
NO-0049-ND21-4-20R.dw.png,NO-0049,58.28876,6.54962,2021,,
NO-0049-ND21-4-21R.dw.png,NO-0049,58.28876,6.54962,2021,,
NO-0049-ND21-4-22R.dw.png,NO-0049,58.28876,6.54962,2021,,
NO-0049-ND21-4-23R.dw.png,NO-0049,58.28876,6.54962,2021,,
NO-0049-ND21-4-24R.dw.png,NO-0049,58.28876,6.54962,2021,,
NO-0049-ND21-4-25R.dw.png,NO-0049,58.28876,6.54962,2021,,
NO-0049-ND21-4-27R.dw.png,NO-0049,58.28876,6.54962,2021,,
NO-0049-ND21-4-28R.dw.png,NO-0049,58.28876,6.54962,2021,,
NO-0049-ND21-4-2R.dw.png,NO-0049,58.28876,6.54962,2021,,
NO-0049-ND21-4-3R.dw.png,NO-0049,58.28876,6.54962,2021,,
NO-0049-ND21-4-4R.dw.png,NO-0049,58.28876,6.54962,2021,,
NO-0049-ND21-4-5R.dw.png,NO-0049,58.28876,6.54962,2021,,
NO-0049-ND21-4-6R.dw.png,NO-0049,58.28876,6.54962,2021,,
NO-0049-ND21-4-7R.dw.png,NO-0049,58.28876,6.54962,2021,,
NO-0049-ND21-4-8R.dw.png,NO-0049,58.28876,6.54962,2021,,
NO-0049-ND21-4-9R.dw.png,NO-0049,58.28876,6.54962,2021,,
NO-0050-ND21-9-0R.dw.png,NO-0050,58.28876,6.54962,2021,,
NO-0050-ND21-9-10R.dw.png,NO-0050,58.28876,6.54962,2021,,
NO-0050-ND21-9-11R.dw.png,NO-0050,58.28876,6.54962,2021,,
NO-0050-ND21-9-12R.dw.png,NO-0050,58.28876,6.54962,2021,,
NO-0050-ND21-9-13R.dw.png,NO-0050,58.28876,6.54962,2021,,
NO-0050-ND21-9-14R.dw.png,NO-0050,58.28876,6.54962,2021,,
NO-0050-ND21-9-15R.dw.png,NO-0050,58.28876,6.54962,2021,,
NO-0050-ND21-9-16R.dw.png,NO-0050,58.28876,6.54962,2021,,
NO-0050-ND21-9-17R.dw.png,NO-0050,58.28876,6.54962,2021,,
NO-0050-ND21-9-18R.dw.png,NO-0050,58.28876,6.54962,2021,,
NO-0050-ND21-9-19R.dw.png,NO-0050,58.28876,6.54962,2021,,
NO-0050-ND21-9-1R.dw.png,NO-0050,58.28876,6.54962,2021,,
NO-0050-ND21-9-20R.dw.png,NO-0050,58.28876,6.54962,2021,,
NO-0050-ND21-9-21R.dw.png,NO-0050,58.28876,6.54962,2021,,
NO-0050-ND21-9-22R.dw.png,NO-0050,58.28876,6.54962,2021,,
NO-0050-ND21-9-23R.dw.png,NO-0050,58.28876,6.54962,2021,,
NO-0050-ND21-9-24R.dw.png,NO-0050,58.28876,6.54962,2021,,
NO-0050-ND21-9-25R.dw.png,NO-0050,58.28876,6.54962,2021,,
NO-0050-ND21-9-26R.dw.png,NO-0050,58.28876,6.54962,2021,,
NO-0050-ND21-9-2R.dw.png,NO-0050,58.28876,6.54962,2021,,
NO-0050-ND21-9-3R.dw.png,NO-0050,58.28876,6.54962,2021,,
NO-0050-ND21-9-4R.dw.png,NO-0050,58.28876,6.54962,2021,,
NO-0050-ND21-9-5R.dw.png,NO-0050,58.28876,6.54962,2021,,
NO-0050-ND21-9-6R.dw.png,NO-0050,58.28876,6.54962,2021,,
NO-0050-ND21-9-7R.dw.png,NO-0050,58.28876,6.54962,2021,,
NO-0050-ND21-9-8R.dw.png,NO-0050,58.28876,6.54962,2021,,
NO-0050-ND21-9-9R.dw.png,NO-0050,58.28876,6.54962,2021,,
NO-0051-OM21-K6-0R.dw.png,NO-0051,60.70775,8.38261,2018,,
NO-0051-OM21-K6-10R.dw.png,NO-0051,60.70775,8.38261,2018,,
NO-0051-OM21-K6-11R.dw.png,NO-0051,60.70775,8.38261,2018,,
NO-0051-OM21-K6-12R.dw.png,NO-0051,60.70775,8.38261,2018,,
NO-0051-OM21-K6-13R.dw.png,NO-0051,60.70775,8.38261,2018,,
NO-0051-OM21-K6-14R.dw.png,NO-0051,60.70775,8.38261,2018,,
NO-0051-OM21-K6-15R.dw.png,NO-0051,60.70775,8.38261,2018,,
NO-0051-OM21-K6-16R.dw.png,NO-0051,60.70775,8.38261,2018,,
NO-0051-OM21-K6-17R.dw.png,NO-0051,60.70775,8.38261,2018,,
NO-0051-OM21-K6-18R.dw.png,NO-0051,60.70775,8.38261,2018,,
NO-0051-OM21-K6-19R.dw.png,NO-0051,60.70775,8.38261,2018,,
NO-0051-OM21-K6-1R.dw.png,NO-0051,60.70775,8.38261,2018,,
NO-0051-OM21-K6-20R.dw.png,NO-0051,60.70775,8.38261,2018,,
NO-0051-OM21-K6-21R.dw.png,NO-0051,60.70775,8.38261,2018,,
NO-0051-OM21-K6-22R.dw.png,NO-0051,60.70775,8.38261,2018,,
NO-0051-OM21-K6-23R.dw.png,NO-0051,60.70775,8.38261,2018,,
NO-0051-OM21-K6-24R.dw.png,NO-0051,60.70775,8.38261,2018,,
NO-0051-OM21-K6-25R.dw.png,NO-0051,60.70775,8.38261,2018,,
NO-0051-OM21-K6-26R.dw.png,NO-0051,60.70775,8.38261,2018,,
NO-0051-OM21-K6-27R.dw.png,NO-0051,60.70775,8.38261,2018,,
NO-0051-OM21-K6-28R.dw.png,NO-0051,60.70775,8.38261,2018,,
NO-0051-OM21-K6-29R.dw.png,NO-0051,60.70775,8.38261,2018,,
NO-0051-OM21-K6-2R.dw.png,NO-0051,60.70775,8.38261,2018,,
NO-0051-OM21-K6-3R.dw.png,NO-0051,60.70775,8.38261,2018,,
NO-0051-OM21-K6-4R.dw.png,NO-0051,60.70775,8.38261,2018,,
NO-0051-OM21-K6-5R.dw.png,NO-0051,60.70775,8.38261,2018,,
NO-0051-OM21-K6-6R.dw.png,NO-0051,60.70775,8.38261,2018,,
NO-0051-OM21-K6-7R.dw.png,NO-0051,60.70775,8.38261,2018,,
NO-0051-OM21-K6-8R.dw.png,NO-0051,60.70775,8.38261,2018,,
NO-0051-OM21-K6-9R.dw.png,NO-0051,60.70775,8.38261,2018,,
NO-0052-OOV21-K3-0R.dw.png,NO-0052,60.72017,7.92512,2021,,
NO-0052-OOV21-K3-10R.dw.png,NO-0052,60.72017,7.92512,2021,,
NO-0052-OOV21-K3-11R.dw.png,NO-0052,60.72017,7.92512,2021,,
NO-0052-OOV21-K3-12R.dw.png,NO-0052,60.72017,7.92512,2021,,
NO-0052-OOV21-K3-13R.dw.png,NO-0052,60.72017,7.92512,2021,,
NO-0052-OOV21-K3-14R.dw.png,NO-0052,60.72017,7.92512,2021,,
NO-0052-OOV21-K3-15R.dw.png,NO-0052,60.72017,7.92512,2021,,
NO-0052-OOV21-K3-16R.dw.png,NO-0052,60.72017,7.92512,2021,,
NO-0052-OOV21-K3-17R.dw.png,NO-0052,60.72017,7.92512,2021,,
NO-0052-OOV21-K3-18R.dw.png,NO-0052,60.72017,7.92512,2021,,
NO-0052-OOV21-K3-19R.dw.png,NO-0052,60.72017,7.92512,2021,,
NO-0052-OOV21-K3-1R.dw.png,NO-0052,60.72017,7.92512,2021,,
NO-0052-OOV21-K3-20R.dw.png,NO-0052,60.72017,7.92512,2021,,
NO-0052-OOV21-K3-21R.dw.png,NO-0052,60.72017,7.92512,2021,,
NO-0052-OOV21-K3-22R.dw.png,NO-0052,60.72017,7.92512,2021,,
NO-0052-OOV21-K3-23R.dw.png,NO-0052,60.72017,7.92512,2021,,
NO-0052-OOV21-K3-24R.dw.png,NO-0052,60.72017,7.92512,2021,,
NO-0052-OOV21-K3-25R.dw.png,NO-0052,60.72017,7.92512,2021,,
NO-0052-OOV21-K3-26R.dw.png,NO-0052,60.72017,7.92512,2021,,
NO-0052-OOV21-K3-2R.dw.png,NO-0052,60.72017,7.92512,2021,,
NO-0052-OOV21-K3-3R.dw.png,NO-0052,60.72017,7.92512,2021,,
NO-0052-OOV21-K3-4R.dw.png,NO-0052,60.72017,7.92512,2021,,
NO-0052-OOV21-K3-5R.dw.png,NO-0052,60.72017,7.92512,2021,,
NO-0052-OOV21-K3-6R.dw.png,NO-0052,60.72017,7.92512,2021,,
NO-0052-OOV21-K3-7R.dw.png,NO-0052,60.72017,7.92512,2021,,
NO-0052-OOV21-K3-8R.dw.png,NO-0052,60.72017,7.92512,2021,,
NO-0052-OOV21-K3-9R.dw.png,NO-0052,60.72017,7.92512,2021,,
NO-0053-PRM11-358-2020-0R.dw.png,NO-0053,59.1765,8.5074,2020,,
NO-0053-PRM11-358-2020-10R.dw.png,NO-0053,59.1765,8.5074,2020,,
NO-0053-PRM11-358-2020-11R.dw.png,NO-0053,59.1765,8.5074,2020,,
NO-0053-PRM11-358-2020-12R.dw.png,NO-0053,59.1765,8.5074,2020,,
NO-0053-PRM11-358-2020-13R.dw.png,NO-0053,59.1765,8.5074,2020,,
NO-0053-PRM11-358-2020-14R.dw.png,NO-0053,59.1765,8.5074,2020,,
NO-0053-PRM11-358-2020-15R.dw.png,NO-0053,59.1765,8.5074,2020,,
NO-0053-PRM11-358-2020-16R.dw.png,NO-0053,59.1765,8.5074,2020,,
NO-0053-PRM11-358-2020-17R.dw.png,NO-0053,59.1765,8.5074,2020,,
NO-0053-PRM11-358-2020-18R.dw.png,NO-0053,59.1765,8.5074,2020,,
NO-0053-PRM11-358-2020-19R.dw.png,NO-0053,59.1765,8.5074,2020,,
NO-0053-PRM11-358-2020-1R.dw.png,NO-0053,59.1765,8.5074,2020,,
NO-0053-PRM11-358-2020-20R.dw.png,NO-0053,59.1765,8.5074,2020,,
NO-0053-PRM11-358-2020-21R.dw.png,NO-0053,59.1765,8.5074,2020,,
NO-0053-PRM11-358-2020-22R.dw.png,NO-0053,59.1765,8.5074,2020,,
NO-0053-PRM11-358-2020-23R.dw.png,NO-0053,59.1765,8.5074,2020,,
NO-0053-PRM11-358-2020-24R.dw.png,NO-0053,59.1765,8.5074,2020,,
NO-0053-PRM11-358-2020-25R.dw.png,NO-0053,59.1765,8.5074,2020,,
NO-0053-PRM11-358-2020-26R.dw.png,NO-0053,59.1765,8.5074,2020,,
NO-0053-PRM11-358-2020-27R.dw.png,NO-0053,59.1765,8.5074,2020,,
NO-0053-PRM11-358-2020-2R.dw.png,NO-0053,59.1765,8.5074,2020,,
NO-0053-PRM11-358-2020-3R.dw.png,NO-0053,59.1765,8.5074,2020,,
NO-0053-PRM11-358-2020-4R.dw.png,NO-0053,59.1765,8.5074,2020,,
NO-0053-PRM11-358-2020-5R.dw.png,NO-0053,59.1765,8.5074,2020,,
NO-0053-PRM11-358-2020-6R.dw.png,NO-0053,59.1765,8.5074,2020,,
NO-0053-PRM11-358-2020-8R.dw.png,NO-0053,59.1765,8.5074,2020,,
NO-0053-PRM11-358-2020-9R.dw.png,NO-0053,59.1765,8.5074,2020,,
NO-0054-PRM53-137-2019-0R.dw.png,NO-0054,59.16506,8.59612,2019,,
NO-0054-PRM53-137-2019-10R.dw.png,NO-0054,59.16506,8.59612,2019,,
NO-0054-PRM53-137-2019-11R.dw.png,NO-0054,59.16506,8.59612,2019,,
NO-0054-PRM53-137-2019-12R.dw.png,NO-0054,59.16506,8.59612,2019,,
NO-0054-PRM53-137-2019-13R.dw.png,NO-0054,59.16506,8.59612,2019,,
NO-0054-PRM53-137-2019-14R.dw.png,NO-0054,59.16506,8.59612,2019,,
NO-0054-PRM53-137-2019-15R.dw.png,NO-0054,59.16506,8.59612,2019,,
NO-0054-PRM53-137-2019-16R.dw.png,NO-0054,59.16506,8.59612,2019,,
NO-0054-PRM53-137-2019-17R.dw.png,NO-0054,59.16506,8.59612,2019,,
NO-0054-PRM53-137-2019-18R.dw.png,NO-0054,59.16506,8.59612,2019,,
NO-0054-PRM53-137-2019-19R.dw.png,NO-0054,59.16506,8.59612,2019,,
NO-0054-PRM53-137-2019-1R.dw.png,NO-0054,59.16506,8.59612,2019,,
NO-0054-PRM53-137-2019-20R.dw.png,NO-0054,59.16506,8.59612,2019,,
NO-0054-PRM53-137-2019-21R.dw.png,NO-0054,59.16506,8.59612,2019,,
NO-0054-PRM53-137-2019-22R.dw.png,NO-0054,59.16506,8.59612,2019,,
NO-0054-PRM53-137-2019-23R.dw.png,NO-0054,59.16506,8.59612,2019,,
NO-0054-PRM53-137-2019-24R.dw.png,NO-0054,59.16506,8.59612,2019,,
NO-0054-PRM53-137-2019-25R.dw.png,NO-0054,59.16506,8.59612,2019,,
NO-0054-PRM53-137-2019-26R.dw.png,NO-0054,59.16506,8.59612,2019,,
NO-0054-PRM53-137-2019-27R.dw.png,NO-0054,59.16506,8.59612,2019,,
NO-0054-PRM53-137-2019-28R.dw.png,NO-0054,59.16506,8.59612,2019,,
NO-0054-PRM53-137-2019-29R.dw.png,NO-0054,59.16506,8.59612,2019,,
NO-0054-PRM53-137-2019-2R.dw.png,NO-0054,59.16506,8.59612,2019,,
NO-0054-PRM53-137-2019-30R.dw.png,NO-0054,59.16506,8.59612,2019,,
NO-0054-PRM53-137-2019-31R.dw.png,NO-0054,59.16506,8.59612,2019,,
NO-0054-PRM53-137-2019-3R.dw.png,NO-0054,59.16506,8.59612,2019,,
NO-0054-PRM53-137-2019-4R.dw.png,NO-0054,59.16506,8.59612,2019,,
NO-0054-PRM53-137-2019-5R.dw.png,NO-0054,59.16506,8.59612,2019,,
NO-0054-PRM53-137-2019-6R.dw.png,NO-0054,59.16506,8.59612,2019,,
NO-0054-PRM53-137-2019-7R.dw.png,NO-0054,59.16506,8.59612,2019,,
NO-0054-PRM53-137-2019-8R.dw.png,NO-0054,59.16506,8.59612,2019,,
NO-0054-PRM53-137-2019-9R.dw.png,NO-0054,59.16506,8.59612,2019,,
NO-0055-PRM55-149-2020-0R.dw.png,NO-0055,59.1765,8.5074,2020,,
NO-0055-PRM55-149-2020-10R.dw.png,NO-0055,59.1765,8.5074,2020,,
NO-0055-PRM55-149-2020-11R.dw.png,NO-0055,59.1765,8.5074,2020,,
NO-0055-PRM55-149-2020-12R.dw.png,NO-0055,59.1765,8.5074,2020,,
NO-0055-PRM55-149-2020-13R.dw.png,NO-0055,59.1765,8.5074,2020,,
NO-0055-PRM55-149-2020-14R.dw.png,NO-0055,59.1765,8.5074,2020,,
NO-0055-PRM55-149-2020-15R.dw.png,NO-0055,59.1765,8.5074,2020,,
NO-0055-PRM55-149-2020-16R.dw.png,NO-0055,59.1765,8.5074,2020,,
NO-0055-PRM55-149-2020-17R.dw.png,NO-0055,59.1765,8.5074,2020,,
NO-0055-PRM55-149-2020-18R.dw.png,NO-0055,59.1765,8.5074,2020,,
NO-0055-PRM55-149-2020-19R.dw.png,NO-0055,59.1765,8.5074,2020,,
NO-0055-PRM55-149-2020-1R.dw.png,NO-0055,59.1765,8.5074,2020,,
NO-0055-PRM55-149-2020-20R.dw.png,NO-0055,59.1765,8.5074,2020,,
NO-0055-PRM55-149-2020-21R.dw.png,NO-0055,59.1765,8.5074,2020,,
NO-0055-PRM55-149-2020-22R.dw.png,NO-0055,59.1765,8.5074,2020,,
NO-0055-PRM55-149-2020-23R.dw.png,NO-0055,59.1765,8.5074,2020,,
NO-0055-PRM55-149-2020-24R.dw.png,NO-0055,59.1765,8.5074,2020,,
NO-0055-PRM55-149-2020-25R.dw.png,NO-0055,59.1765,8.5074,2020,,
NO-0055-PRM55-149-2020-26R.dw.png,NO-0055,59.1765,8.5074,2020,,
NO-0055-PRM55-149-2020-28R.dw.png,NO-0055,59.1765,8.5074,2020,,
NO-0055-PRM55-149-2020-29R.dw.png,NO-0055,59.1765,8.5074,2020,,
NO-0055-PRM55-149-2020-2R.dw.png,NO-0055,59.1765,8.5074,2020,,
NO-0055-PRM55-149-2020-30R.dw.png,NO-0055,59.1765,8.5074,2020,,
NO-0055-PRM55-149-2020-31R.dw.png,NO-0055,59.1765,8.5074,2020,,
NO-0055-PRM55-149-2020-3R.dw.png,NO-0055,59.1765,8.5074,2020,,
NO-0055-PRM55-149-2020-4R.dw.png,NO-0055,59.1765,8.5074,2020,,
NO-0055-PRM55-149-2020-5R.dw.png,NO-0055,59.1765,8.5074,2020,,
NO-0055-PRM55-149-2020-6R.dw.png,NO-0055,59.1765,8.5074,2020,,
NO-0055-PRM55-149-2020-7R.dw.png,NO-0055,59.1765,8.5074,2020,,
NO-0055-PRM55-149-2020-8R.dw.png,NO-0055,59.1765,8.5074,2020,,
NO-0055-PRM55-149-2020-9R.dw.png,NO-0055,59.1765,8.5074,2020,,
NO-0056-SEi21-D7-7-0R.dw.png,NO-0056,58.4371,6.51735,2021,,
NO-0056-SEi21-D7-7-10R.dw.png,NO-0056,58.4371,6.51735,2021,,
NO-0056-SEi21-D7-7-11R.dw.png,NO-0056,58.4371,6.51735,2021,,
NO-0056-SEi21-D7-7-12R.dw.png,NO-0056,58.4371,6.51735,2021,,
NO-0056-SEi21-D7-7-13R.dw.png,NO-0056,58.4371,6.51735,2021,,
NO-0056-SEi21-D7-7-14R.dw.png,NO-0056,58.4371,6.51735,2021,,
NO-0056-SEi21-D7-7-15R.dw.png,NO-0056,58.4371,6.51735,2021,,
NO-0056-SEi21-D7-7-16R.dw.png,NO-0056,58.4371,6.51735,2021,,
NO-0056-SEi21-D7-7-17R.dw.png,NO-0056,58.4371,6.51735,2021,,
NO-0056-SEi21-D7-7-18R.dw.png,NO-0056,58.4371,6.51735,2021,,
NO-0056-SEi21-D7-7-19R.dw.png,NO-0056,58.4371,6.51735,2021,,
NO-0056-SEi21-D7-7-1R.dw.png,NO-0056,58.4371,6.51735,2021,,
NO-0056-SEi21-D7-7-20R.dw.png,NO-0056,58.4371,6.51735,2021,,
NO-0056-SEi21-D7-7-21R.dw.png,NO-0056,58.4371,6.51735,2021,,
NO-0056-SEi21-D7-7-22R.dw.png,NO-0056,58.4371,6.51735,2021,,
NO-0056-SEi21-D7-7-23R.dw.png,NO-0056,58.4371,6.51735,2021,,
NO-0056-SEi21-D7-7-24R.dw.png,NO-0056,58.4371,6.51735,2021,,
NO-0056-SEi21-D7-7-25R.dw.png,NO-0056,58.4371,6.51735,2021,,
NO-0056-SEi21-D7-7-26R.dw.png,NO-0056,58.4371,6.51735,2021,,
NO-0056-SEi21-D7-7-2R.dw.png,NO-0056,58.4371,6.51735,2021,,
NO-0056-SEi21-D7-7-3R.dw.png,NO-0056,58.4371,6.51735,2021,,
NO-0056-SEi21-D7-7-4R.dw.png,NO-0056,58.4371,6.51735,2021,,
NO-0056-SEi21-D7-7-5R.dw.png,NO-0056,58.4371,6.51735,2021,,
NO-0056-SEi21-D7-7-6R.dw.png,NO-0056,58.4371,6.51735,2021,,
NO-0056-SEi21-D7-7-7R.dw.png,NO-0056,58.4371,6.51735,2021,,
NO-0056-SEi21-D7-7-8R.dw.png,NO-0056,58.4371,6.51735,2021,,
NO-0056-SEi21-D7-7-9R.dw.png,NO-0056,58.4371,6.51735,2021,,
NO-0057-SEi21-E7-0R.dw.png,NO-0057,58.4371,6.51735,2021,,
NO-0057-SEi21-E7-10R.dw.png,NO-0057,58.4371,6.51735,2021,,
NO-0057-SEi21-E7-11R.dw.png,NO-0057,58.4371,6.51735,2021,,
NO-0057-SEi21-E7-12R.dw.png,NO-0057,58.4371,6.51735,2021,,
NO-0057-SEi21-E7-13R.dw.png,NO-0057,58.4371,6.51735,2021,,
NO-0057-SEi21-E7-14R.dw.png,NO-0057,58.4371,6.51735,2021,,
NO-0057-SEi21-E7-15R.dw.png,NO-0057,58.4371,6.51735,2021,,
NO-0057-SEi21-E7-16R.dw.png,NO-0057,58.4371,6.51735,2021,,
NO-0057-SEi21-E7-17R.dw.png,NO-0057,58.4371,6.51735,2021,,
NO-0057-SEi21-E7-18R.dw.png,NO-0057,58.4371,6.51735,2021,,
NO-0057-SEi21-E7-19R.dw.png,NO-0057,58.4371,6.51735,2021,,
NO-0057-SEi21-E7-1R.dw.png,NO-0057,58.4371,6.51735,2021,,
NO-0057-SEi21-E7-21R.dw.png,NO-0057,58.4371,6.51735,2021,,
NO-0057-SEi21-E7-22R.dw.png,NO-0057,58.4371,6.51735,2021,,
NO-0057-SEi21-E7-23R.dw.png,NO-0057,58.4371,6.51735,2021,,
NO-0057-SEi21-E7-24R.dw.png,NO-0057,58.4371,6.51735,2021,,
NO-0057-SEi21-E7-25R.dw.png,NO-0057,58.4371,6.51735,2021,,
NO-0057-SEi21-E7-26R.dw.png,NO-0057,58.4371,6.51735,2021,,
NO-0057-SEi21-E7-27R.dw.png,NO-0057,58.4371,6.51735,2021,,
NO-0057-SEi21-E7-2R.dw.png,NO-0057,58.4371,6.51735,2021,,
NO-0057-SEi21-E7-3R.dw.png,NO-0057,58.4371,6.51735,2021,,
NO-0057-SEi21-E7-4R.dw.png,NO-0057,58.4371,6.51735,2021,,
NO-0057-SEi21-E7-5R.dw.png,NO-0057,58.4371,6.51735,2021,,
NO-0057-SEi21-E7-6R.dw.png,NO-0057,58.4371,6.51735,2021,,
NO-0057-SEi21-E7-7R.dw.png,NO-0057,58.4371,6.51735,2021,,
NO-0057-SEi21-E7-8R.dw.png,NO-0057,58.4371,6.51735,2021,,
NO-0057-SEi21-E7-9R.dw.png,NO-0057,58.4371,6.51735,2021,,
NO-0058-SRM21-B-0R.dw.png,NO-0058,60.72017,7.92512,2021,,
NO-0058-SRM21-B-10R.dw.png,NO-0058,60.72017,7.92512,2021,,
NO-0058-SRM21-B-11R.dw.png,NO-0058,60.72017,7.92512,2021,,
NO-0058-SRM21-B-12R.dw.png,NO-0058,60.72017,7.92512,2021,,
NO-0058-SRM21-B-13R.dw.png,NO-0058,60.72017,7.92512,2021,,
NO-0058-SRM21-B-14R.dw.png,NO-0058,60.72017,7.92512,2021,,
NO-0058-SRM21-B-15R.dw.png,NO-0058,60.72017,7.92512,2021,,
NO-0058-SRM21-B-16R.dw.png,NO-0058,60.72017,7.92512,2021,,
NO-0058-SRM21-B-17R.dw.png,NO-0058,60.72017,7.92512,2021,,
NO-0058-SRM21-B-18R.dw.png,NO-0058,60.72017,7.92512,2021,,
NO-0058-SRM21-B-19R.dw.png,NO-0058,60.72017,7.92512,2021,,
NO-0058-SRM21-B-1R.dw.png,NO-0058,60.72017,7.92512,2021,,
NO-0058-SRM21-B-2R.dw.png,NO-0058,60.72017,7.92512,2021,,
NO-0058-SRM21-B-3R.dw.png,NO-0058,60.72017,7.92512,2021,,
NO-0058-SRM21-B-4R.dw.png,NO-0058,60.72017,7.92512,2021,,
NO-0058-SRM21-B-5R.dw.png,NO-0058,60.72017,7.92512,2021,,
NO-0058-SRM21-B-6R.dw.png,NO-0058,60.72017,7.92512,2021,,
NO-0058-SRM21-B-7R.dw.png,NO-0058,60.72017,7.92512,2021,,
NO-0058-SRM21-B-8R.dw.png,NO-0058,60.72017,7.92512,2021,,
NO-0058-SRM21-B-9R.dw.png,NO-0058,60.72017,7.92512,2021,,
NO-0059-SS21-135-2019-0R.dw.png,NO-0059,58.69674,6.40965,2019,,
NO-0059-SS21-135-2019-10R.dw.png,NO-0059,58.69674,6.40965,2019,,
NO-0059-SS21-135-2019-11R.dw.png,NO-0059,58.69674,6.40965,2019,,
NO-0059-SS21-135-2019-12R.dw.png,NO-0059,58.69674,6.40965,2019,,
NO-0059-SS21-135-2019-13R.dw.png,NO-0059,58.69674,6.40965,2019,,
NO-0059-SS21-135-2019-14R.dw.png,NO-0059,58.69674,6.40965,2019,,
NO-0059-SS21-135-2019-16R.dw.png,NO-0059,58.69674,6.40965,2019,,
NO-0059-SS21-135-2019-17R.dw.png,NO-0059,58.69674,6.40965,2019,,
NO-0059-SS21-135-2019-18R.dw.png,NO-0059,58.69674,6.40965,2019,,
NO-0059-SS21-135-2019-19R.dw.png,NO-0059,58.69674,6.40965,2019,,
NO-0059-SS21-135-2019-1R.dw.png,NO-0059,58.69674,6.40965,2019,,
NO-0059-SS21-135-2019-20R.dw.png,NO-0059,58.69674,6.40965,2019,,
NO-0059-SS21-135-2019-21R.dw.png,NO-0059,58.69674,6.40965,2019,,
NO-0059-SS21-135-2019-22R.dw.png,NO-0059,58.69674,6.40965,2019,,
NO-0059-SS21-135-2019-23R.dw.png,NO-0059,58.69674,6.40965,2019,,
NO-0059-SS21-135-2019-24R.dw.png,NO-0059,58.69674,6.40965,2019,,
NO-0059-SS21-135-2019-25R.dw.png,NO-0059,58.69674,6.40965,2019,,
NO-0059-SS21-135-2019-26R.dw.png,NO-0059,58.69674,6.40965,2019,,
NO-0059-SS21-135-2019-27R.dw.png,NO-0059,58.69674,6.40965,2019,,
NO-0059-SS21-135-2019-28R.dw.png,NO-0059,58.69674,6.40965,2019,,
NO-0059-SS21-135-2019-29R.dw.png,NO-0059,58.69674,6.40965,2019,,
NO-0059-SS21-135-2019-2R.dw.png,NO-0059,58.69674,6.40965,2019,,
NO-0059-SS21-135-2019-3R.dw.png,NO-0059,58.69674,6.40965,2019,,
NO-0059-SS21-135-2019-4R.dw.png,NO-0059,58.69674,6.40965,2019,,
NO-0059-SS21-135-2019-5R.dw.png,NO-0059,58.69674,6.40965,2019,,
NO-0059-SS21-135-2019-6R.dw.png,NO-0059,58.69674,6.40965,2019,,
NO-0059-SS21-135-2019-7R.dw.png,NO-0059,58.69674,6.40965,2019,,
NO-0059-SS21-135-2019-8R.dw.png,NO-0059,58.69674,6.40965,2019,,
NO-0059-SS21-135-2019-9R.dw.png,NO-0059,58.69674,6.40965,2019,,
NO-0060-SS21-18-2020-0R.dw.png,NO-0060,58.69674,6.40965,2019,,
NO-0060-SS21-18-2020-10R.dw.png,NO-0060,58.69674,6.40965,2019,,
NO-0060-SS21-18-2020-11R.dw.png,NO-0060,58.69674,6.40965,2019,,
NO-0060-SS21-18-2020-12R.dw.png,NO-0060,58.69674,6.40965,2019,,
NO-0060-SS21-18-2020-13R.dw.png,NO-0060,58.69674,6.40965,2019,,
NO-0060-SS21-18-2020-14R.dw.png,NO-0060,58.69674,6.40965,2019,,
NO-0060-SS21-18-2020-15R.dw.png,NO-0060,58.69674,6.40965,2019,,
NO-0060-SS21-18-2020-16R.dw.png,NO-0060,58.69674,6.40965,2019,,
NO-0060-SS21-18-2020-17R.dw.png,NO-0060,58.69674,6.40965,2019,,
NO-0060-SS21-18-2020-18R.dw.png,NO-0060,58.69674,6.40965,2019,,
NO-0060-SS21-18-2020-19R.dw.png,NO-0060,58.69674,6.40965,2019,,
NO-0060-SS21-18-2020-1R.dw.png,NO-0060,58.69674,6.40965,2019,,
NO-0060-SS21-18-2020-20R.dw.png,NO-0060,58.69674,6.40965,2019,,
NO-0060-SS21-18-2020-21R.dw.png,NO-0060,58.69674,6.40965,2019,,
NO-0060-SS21-18-2020-22R.dw.png,NO-0060,58.69674,6.40965,2019,,
NO-0060-SS21-18-2020-23R.dw.png,NO-0060,58.69674,6.40965,2019,,
NO-0060-SS21-18-2020-25R.dw.png,NO-0060,58.69674,6.40965,2019,,
NO-0060-SS21-18-2020-26R.dw.png,NO-0060,58.69674,6.40965,2019,,
NO-0060-SS21-18-2020-28R.dw.png,NO-0060,58.69674,6.40965,2019,,
NO-0060-SS21-18-2020-29R.dw.png,NO-0060,58.69674,6.40965,2019,,
NO-0060-SS21-18-2020-2R.dw.png,NO-0060,58.69674,6.40965,2019,,
NO-0060-SS21-18-2020-30R.dw.png,NO-0060,58.69674,6.40965,2019,,
NO-0060-SS21-18-2020-31R.dw.png,NO-0060,58.69674,6.40965,2019,,
NO-0060-SS21-18-2020-3R.dw.png,NO-0060,58.69674,6.40965,2019,,
NO-0060-SS21-18-2020-4R.dw.png,NO-0060,58.69674,6.40965,2019,,
NO-0060-SS21-18-2020-5R.dw.png,NO-0060,58.69674,6.40965,2019,,
NO-0060-SS21-18-2020-6R.dw.png,NO-0060,58.69674,6.40965,2019,,
NO-0060-SS21-18-2020-7R.dw.png,NO-0060,58.69674,6.40965,2019,,
NO-0060-SS21-18-2020-9R.dw.png,NO-0060,58.69674,6.40965,2019,,
NO-0061-SS55-107-2020-0R.dw.png,NO-0061,58.3072,6.6865,2020,,
NO-0061-SS55-107-2020-10R.dw.png,NO-0061,58.3072,6.6865,2020,,
NO-0061-SS55-107-2020-11R.dw.png,NO-0061,58.3072,6.6865,2020,,
NO-0061-SS55-107-2020-12R.dw.png,NO-0061,58.3072,6.6865,2020,,
NO-0061-SS55-107-2020-13R.dw.png,NO-0061,58.3072,6.6865,2020,,
NO-0061-SS55-107-2020-14R.dw.png,NO-0061,58.3072,6.6865,2020,,
NO-0061-SS55-107-2020-15R.dw.png,NO-0061,58.3072,6.6865,2020,,
NO-0061-SS55-107-2020-16R.dw.png,NO-0061,58.3072,6.6865,2020,,
NO-0061-SS55-107-2020-17R.dw.png,NO-0061,58.3072,6.6865,2020,,
NO-0061-SS55-107-2020-18R.dw.png,NO-0061,58.3072,6.6865,2020,,
NO-0061-SS55-107-2020-19R.dw.png,NO-0061,58.3072,6.6865,2020,,
NO-0061-SS55-107-2020-1R.dw.png,NO-0061,58.3072,6.6865,2020,,
NO-0061-SS55-107-2020-20R.dw.png,NO-0061,58.3072,6.6865,2020,,
NO-0061-SS55-107-2020-21R.dw.png,NO-0061,58.3072,6.6865,2020,,
NO-0061-SS55-107-2020-22R.dw.png,NO-0061,58.3072,6.6865,2020,,
NO-0061-SS55-107-2020-23R.dw.png,NO-0061,58.3072,6.6865,2020,,
NO-0061-SS55-107-2020-24R.dw.png,NO-0061,58.3072,6.6865,2020,,
NO-0061-SS55-107-2020-25R.dw.png,NO-0061,58.3072,6.6865,2020,,
NO-0061-SS55-107-2020-26R.dw.png,NO-0061,58.3072,6.6865,2020,,
NO-0061-SS55-107-2020-27R.dw.png,NO-0061,58.3072,6.6865,2020,,
NO-0061-SS55-107-2020-28R.dw.png,NO-0061,58.3072,6.6865,2020,,
NO-0061-SS55-107-2020-29R.dw.png,NO-0061,58.3072,6.6865,2020,,
NO-0061-SS55-107-2020-2R.dw.png,NO-0061,58.3072,6.6865,2020,,
NO-0061-SS55-107-2020-3R.dw.png,NO-0061,58.3072,6.6865,2020,,
NO-0061-SS55-107-2020-4R.dw.png,NO-0061,58.3072,6.6865,2020,,
NO-0061-SS55-107-2020-5R.dw.png,NO-0061,58.3072,6.6865,2020,,
NO-0061-SS55-107-2020-6R.dw.png,NO-0061,58.3072,6.6865,2020,,
NO-0061-SS55-107-2020-7R.dw.png,NO-0061,58.3072,6.6865,2020,,
NO-0061-SS55-107-2020-8R.dw.png,NO-0061,58.3072,6.6865,2020,,
NO-0061-SS55-107-2020-9R.dw.png,NO-0061,58.3072,6.6865,2020,,
NO-0062-SS55-110-2020-0R.dw.png,NO-0062,58.3072,6.6865,2020,,
NO-0062-SS55-110-2020-10R.dw.png,NO-0062,58.3072,6.6865,2020,,
NO-0062-SS55-110-2020-11R.dw.png,NO-0062,58.3072,6.6865,2020,,
NO-0062-SS55-110-2020-12R.dw.png,NO-0062,58.3072,6.6865,2020,,
NO-0062-SS55-110-2020-13R.dw.png,NO-0062,58.3072,6.6865,2020,,
NO-0062-SS55-110-2020-14R.dw.png,NO-0062,58.3072,6.6865,2020,,
NO-0062-SS55-110-2020-15R.dw.png,NO-0062,58.3072,6.6865,2020,,
NO-0062-SS55-110-2020-16R.dw.png,NO-0062,58.3072,6.6865,2020,,
NO-0062-SS55-110-2020-17R.dw.png,NO-0062,58.3072,6.6865,2020,,
NO-0062-SS55-110-2020-18R.dw.png,NO-0062,58.3072,6.6865,2020,,
NO-0062-SS55-110-2020-19R.dw.png,NO-0062,58.3072,6.6865,2020,,
NO-0062-SS55-110-2020-1R.dw.png,NO-0062,58.3072,6.6865,2020,,
NO-0062-SS55-110-2020-20R.dw.png,NO-0062,58.3072,6.6865,2020,,
NO-0062-SS55-110-2020-21R.dw.png,NO-0062,58.3072,6.6865,2020,,
NO-0062-SS55-110-2020-22R.dw.png,NO-0062,58.3072,6.6865,2020,,
NO-0062-SS55-110-2020-23R.dw.png,NO-0062,58.3072,6.6865,2020,,
NO-0062-SS55-110-2020-24R.dw.png,NO-0062,58.3072,6.6865,2020,,
NO-0062-SS55-110-2020-25R.dw.png,NO-0062,58.3072,6.6865,2020,,
NO-0062-SS55-110-2020-26R.dw.png,NO-0062,58.3072,6.6865,2020,,
NO-0062-SS55-110-2020-27R.dw.png,NO-0062,58.3072,6.6865,2020,,
NO-0062-SS55-110-2020-28R.dw.png,NO-0062,58.3072,6.6865,2020,,
NO-0062-SS55-110-2020-29R.dw.png,NO-0062,58.3072,6.6865,2020,,
NO-0062-SS55-110-2020-2R.dw.png,NO-0062,58.3072,6.6865,2020,,
NO-0062-SS55-110-2020-3R.dw.png,NO-0062,58.3072,6.6865,2020,,
NO-0062-SS55-110-2020-4R.dw.png,NO-0062,58.3072,6.6865,2020,,
NO-0062-SS55-110-2020-5R.dw.png,NO-0062,58.3072,6.6865,2020,,
NO-0062-SS55-110-2020-6R.dw.png,NO-0062,58.3072,6.6865,2020,,
NO-0062-SS55-110-2020-7R.dw.png,NO-0062,58.3072,6.6865,2020,,
NO-0062-SS55-110-2020-8R.dw.png,NO-0062,58.3072,6.6865,2020,,
NO-0062-SS55-110-2020-9R.dw.png,NO-0062,58.3072,6.6865,2020,,
NO-0063-SS55-130-2020-0R.dw.png,NO-0063,58.3072,6.6865,2020,,
NO-0063-SS55-130-2020-10R.dw.png,NO-0063,58.3072,6.6865,2020,,
NO-0063-SS55-130-2020-11R.dw.png,NO-0063,58.3072,6.6865,2020,,
NO-0063-SS55-130-2020-12R.dw.png,NO-0063,58.3072,6.6865,2020,,
NO-0063-SS55-130-2020-13R.dw.png,NO-0063,58.3072,6.6865,2020,,
NO-0063-SS55-130-2020-14R.dw.png,NO-0063,58.3072,6.6865,2020,,
NO-0063-SS55-130-2020-15R.dw.png,NO-0063,58.3072,6.6865,2020,,
NO-0063-SS55-130-2020-16R.dw.png,NO-0063,58.3072,6.6865,2020,,
NO-0063-SS55-130-2020-17R.dw.png,NO-0063,58.3072,6.6865,2020,,
NO-0063-SS55-130-2020-18R.dw.png,NO-0063,58.3072,6.6865,2020,,
NO-0063-SS55-130-2020-19R.dw.png,NO-0063,58.3072,6.6865,2020,,
NO-0063-SS55-130-2020-1R.dw.png,NO-0063,58.3072,6.6865,2020,,
NO-0063-SS55-130-2020-20R.dw.png,NO-0063,58.3072,6.6865,2020,,
NO-0063-SS55-130-2020-21R.dw.png,NO-0063,58.3072,6.6865,2020,,
NO-0063-SS55-130-2020-22R.dw.png,NO-0063,58.3072,6.6865,2020,,
NO-0063-SS55-130-2020-23R.dw.png,NO-0063,58.3072,6.6865,2020,,
NO-0063-SS55-130-2020-24R.dw.png,NO-0063,58.3072,6.6865,2020,,
NO-0063-SS55-130-2020-25R.dw.png,NO-0063,58.3072,6.6865,2020,,
NO-0063-SS55-130-2020-26R.dw.png,NO-0063,58.3072,6.6865,2020,,
NO-0063-SS55-130-2020-27R.dw.png,NO-0063,58.3072,6.6865,2020,,
NO-0063-SS55-130-2020-28R.dw.png,NO-0063,58.3072,6.6865,2020,,
NO-0063-SS55-130-2020-29R.dw.png,NO-0063,58.3072,6.6865,2020,,
NO-0063-SS55-130-2020-2R.dw.png,NO-0063,58.3072,6.6865,2020,,
NO-0063-SS55-130-2020-3R.dw.png,NO-0063,58.3072,6.6865,2020,,
NO-0063-SS55-130-2020-4R.dw.png,NO-0063,58.3072,6.6865,2020,,
NO-0063-SS55-130-2020-5R.dw.png,NO-0063,58.3072,6.6865,2020,,
NO-0063-SS55-130-2020-6R.dw.png,NO-0063,58.3072,6.6865,2020,,
NO-0063-SS55-130-2020-7R.dw.png,NO-0063,58.3072,6.6865,2020,,
NO-0063-SS55-130-2020-8R.dw.png,NO-0063,58.3072,6.6865,2020,,
NO-0063-SS55-130-2020-9R.dw.png,NO-0063,58.3072,6.6865,2020,,
NO-0064-SS55-143-2020-0R.dw.png,NO-0064,58.3072,6.6865,2020,,
NO-0064-SS55-143-2020-10R.dw.png,NO-0064,58.3072,6.6865,2020,,
NO-0064-SS55-143-2020-12R.dw.png,NO-0064,58.3072,6.6865,2020,,
NO-0064-SS55-143-2020-13R.dw.png,NO-0064,58.3072,6.6865,2020,,
NO-0064-SS55-143-2020-14R.dw.png,NO-0064,58.3072,6.6865,2020,,
NO-0064-SS55-143-2020-15R.dw.png,NO-0064,58.3072,6.6865,2020,,
NO-0064-SS55-143-2020-16R.dw.png,NO-0064,58.3072,6.6865,2020,,
NO-0064-SS55-143-2020-17R.dw.png,NO-0064,58.3072,6.6865,2020,,
NO-0064-SS55-143-2020-18R.dw.png,NO-0064,58.3072,6.6865,2020,,
NO-0064-SS55-143-2020-19R.dw.png,NO-0064,58.3072,6.6865,2020,,
NO-0064-SS55-143-2020-1R.dw.png,NO-0064,58.3072,6.6865,2020,,
NO-0064-SS55-143-2020-20R.dw.png,NO-0064,58.3072,6.6865,2020,,
NO-0064-SS55-143-2020-21R.dw.png,NO-0064,58.3072,6.6865,2020,,
NO-0064-SS55-143-2020-22R.dw.png,NO-0064,58.3072,6.6865,2020,,
NO-0064-SS55-143-2020-23R.dw.png,NO-0064,58.3072,6.6865,2020,,
NO-0064-SS55-143-2020-24R.dw.png,NO-0064,58.3072,6.6865,2020,,
NO-0064-SS55-143-2020-25R.dw.png,NO-0064,58.3072,6.6865,2020,,
NO-0064-SS55-143-2020-26R.dw.png,NO-0064,58.3072,6.6865,2020,,
NO-0064-SS55-143-2020-27R.dw.png,NO-0064,58.3072,6.6865,2020,,
NO-0064-SS55-143-2020-28R.dw.png,NO-0064,58.3072,6.6865,2020,,
NO-0064-SS55-143-2020-29R.dw.png,NO-0064,58.3072,6.6865,2020,,
NO-0064-SS55-143-2020-2R.dw.png,NO-0064,58.3072,6.6865,2020,,
NO-0064-SS55-143-2020-30R.dw.png,NO-0064,58.3072,6.6865,2020,,
NO-0064-SS55-143-2020-3R.dw.png,NO-0064,58.3072,6.6865,2020,,
NO-0064-SS55-143-2020-4R.dw.png,NO-0064,58.3072,6.6865,2020,,
NO-0064-SS55-143-2020-5R.dw.png,NO-0064,58.3072,6.6865,2020,,
NO-0064-SS55-143-2020-6R.dw.png,NO-0064,58.3072,6.6865,2020,,
NO-0064-SS55-143-2020-7R.dw.png,NO-0064,58.3072,6.6865,2020,,
NO-0064-SS55-143-2020-8R.dw.png,NO-0064,58.3072,6.6865,2020,,
NO-0064-SS55-143-2020-9R.dw.png,NO-0064,58.3072,6.6865,2020,,
NO-0065-SS55-161-2020-0R.dw.png,NO-0065,58.3072,6.6865,2020,,
NO-0065-SS55-161-2020-10R.dw.png,NO-0065,58.3072,6.6865,2020,,
NO-0065-SS55-161-2020-11R.dw.png,NO-0065,58.3072,6.6865,2020,,
NO-0065-SS55-161-2020-12R.dw.png,NO-0065,58.3072,6.6865,2020,,
NO-0065-SS55-161-2020-13R.dw.png,NO-0065,58.3072,6.6865,2020,,
NO-0065-SS55-161-2020-14R.dw.png,NO-0065,58.3072,6.6865,2020,,
NO-0065-SS55-161-2020-15R.dw.png,NO-0065,58.3072,6.6865,2020,,
NO-0065-SS55-161-2020-16R.dw.png,NO-0065,58.3072,6.6865,2020,,
NO-0065-SS55-161-2020-17R.dw.png,NO-0065,58.3072,6.6865,2020,,
NO-0065-SS55-161-2020-18R.dw.png,NO-0065,58.3072,6.6865,2020,,
NO-0065-SS55-161-2020-19R.dw.png,NO-0065,58.3072,6.6865,2020,,
NO-0065-SS55-161-2020-1R.dw.png,NO-0065,58.3072,6.6865,2020,,
NO-0065-SS55-161-2020-20R.dw.png,NO-0065,58.3072,6.6865,2020,,
NO-0065-SS55-161-2020-21R.dw.png,NO-0065,58.3072,6.6865,2020,,
NO-0065-SS55-161-2020-22R.dw.png,NO-0065,58.3072,6.6865,2020,,
NO-0065-SS55-161-2020-23R.dw.png,NO-0065,58.3072,6.6865,2020,,
NO-0065-SS55-161-2020-24R.dw.png,NO-0065,58.3072,6.6865,2020,,
NO-0065-SS55-161-2020-25R.dw.png,NO-0065,58.3072,6.6865,2020,,
NO-0065-SS55-161-2020-26R.dw.png,NO-0065,58.3072,6.6865,2020,,
NO-0065-SS55-161-2020-27R.dw.png,NO-0065,58.3072,6.6865,2020,,
NO-0065-SS55-161-2020-2R.dw.png,NO-0065,58.3072,6.6865,2020,,
NO-0065-SS55-161-2020-3R.dw.png,NO-0065,58.3072,6.6865,2020,,
NO-0065-SS55-161-2020-4R.dw.png,NO-0065,58.3072,6.6865,2020,,
NO-0065-SS55-161-2020-5R.dw.png,NO-0065,58.3072,6.6865,2020,,
NO-0065-SS55-161-2020-6R.dw.png,NO-0065,58.3072,6.6865,2020,,
NO-0065-SS55-161-2020-7R.dw.png,NO-0065,58.3072,6.6865,2020,,
NO-0065-SS55-161-2020-8R.dw.png,NO-0065,58.3072,6.6865,2020,,
NO-0065-SS55-161-2020-9R.dw.png,NO-0065,58.3072,6.6865,2020,,
NO-0066-SS55-242-2020-0R.dw.png,NO-0066,58.3072,6.6865,2020,,
NO-0066-SS55-242-2020-10R.dw.png,NO-0066,58.3072,6.6865,2020,,
NO-0066-SS55-242-2020-11R.dw.png,NO-0066,58.3072,6.6865,2020,,
NO-0066-SS55-242-2020-12R.dw.png,NO-0066,58.3072,6.6865,2020,,
NO-0066-SS55-242-2020-13R.dw.png,NO-0066,58.3072,6.6865,2020,,
NO-0066-SS55-242-2020-14R.dw.png,NO-0066,58.3072,6.6865,2020,,
NO-0066-SS55-242-2020-15R.dw.png,NO-0066,58.3072,6.6865,2020,,
NO-0066-SS55-242-2020-16R.dw.png,NO-0066,58.3072,6.6865,2020,,
NO-0066-SS55-242-2020-17R.dw.png,NO-0066,58.3072,6.6865,2020,,
NO-0066-SS55-242-2020-18R.dw.png,NO-0066,58.3072,6.6865,2020,,
NO-0066-SS55-242-2020-19R.dw.png,NO-0066,58.3072,6.6865,2020,,
NO-0066-SS55-242-2020-1R.dw.png,NO-0066,58.3072,6.6865,2020,,
NO-0066-SS55-242-2020-20R.dw.png,NO-0066,58.3072,6.6865,2020,,
NO-0066-SS55-242-2020-21R.dw.png,NO-0066,58.3072,6.6865,2020,,
NO-0066-SS55-242-2020-22R.dw.png,NO-0066,58.3072,6.6865,2020,,
NO-0066-SS55-242-2020-23R.dw.png,NO-0066,58.3072,6.6865,2020,,
NO-0066-SS55-242-2020-24R.dw.png,NO-0066,58.3072,6.6865,2020,,
NO-0066-SS55-242-2020-25R.dw.png,NO-0066,58.3072,6.6865,2020,,
NO-0066-SS55-242-2020-26R.dw.png,NO-0066,58.3072,6.6865,2020,,
NO-0066-SS55-242-2020-27R.dw.png,NO-0066,58.3072,6.6865,2020,,
NO-0066-SS55-242-2020-2R.dw.png,NO-0066,58.3072,6.6865,2020,,
NO-0066-SS55-242-2020-3R.dw.png,NO-0066,58.3072,6.6865,2020,,
NO-0066-SS55-242-2020-4R.dw.png,NO-0066,58.3072,6.6865,2020,,
NO-0066-SS55-242-2020-5R.dw.png,NO-0066,58.3072,6.6865,2020,,
NO-0066-SS55-242-2020-6R.dw.png,NO-0066,58.3072,6.6865,2020,,
NO-0066-SS55-242-2020-7R.dw.png,NO-0066,58.3072,6.6865,2020,,
NO-0066-SS55-242-2020-8R.dw.png,NO-0066,58.3072,6.6865,2020,,
NO-0066-SS55-242-2020-9R.dw.png,NO-0066,58.3072,6.6865,2020,,
NO-0067-SS55-345-2020-0R.dw.png,NO-0067,58.3072,6.6865,2020,,
NO-0067-SS55-345-2020-10R.dw.png,NO-0067,58.3072,6.6865,2020,,
NO-0067-SS55-345-2020-11R.dw.png,NO-0067,58.3072,6.6865,2020,,
NO-0067-SS55-345-2020-12R.dw.png,NO-0067,58.3072,6.6865,2020,,
NO-0067-SS55-345-2020-13R.dw.png,NO-0067,58.3072,6.6865,2020,,
NO-0067-SS55-345-2020-14R.dw.png,NO-0067,58.3072,6.6865,2020,,
NO-0067-SS55-345-2020-15R.dw.png,NO-0067,58.3072,6.6865,2020,,
NO-0067-SS55-345-2020-16R.dw.png,NO-0067,58.3072,6.6865,2020,,
NO-0067-SS55-345-2020-17R.dw.png,NO-0067,58.3072,6.6865,2020,,
NO-0067-SS55-345-2020-18R.dw.png,NO-0067,58.3072,6.6865,2020,,
NO-0067-SS55-345-2020-19R.dw.png,NO-0067,58.3072,6.6865,2020,,
NO-0067-SS55-345-2020-1R.dw.png,NO-0067,58.3072,6.6865,2020,,
NO-0067-SS55-345-2020-20R.dw.png,NO-0067,58.3072,6.6865,2020,,
NO-0067-SS55-345-2020-21R.dw.png,NO-0067,58.3072,6.6865,2020,,
NO-0067-SS55-345-2020-22R.dw.png,NO-0067,58.3072,6.6865,2020,,
NO-0067-SS55-345-2020-23R.dw.png,NO-0067,58.3072,6.6865,2020,,
NO-0067-SS55-345-2020-24R.dw.png,NO-0067,58.3072,6.6865,2020,,
NO-0067-SS55-345-2020-25R.dw.png,NO-0067,58.3072,6.6865,2020,,
NO-0067-SS55-345-2020-26R.dw.png,NO-0067,58.3072,6.6865,2020,,
NO-0067-SS55-345-2020-27R.dw.png,NO-0067,58.3072,6.6865,2020,,
NO-0067-SS55-345-2020-28R.dw.png,NO-0067,58.3072,6.6865,2020,,
NO-0067-SS55-345-2020-2R.dw.png,NO-0067,58.3072,6.6865,2020,,
NO-0067-SS55-345-2020-3R.dw.png,NO-0067,58.3072,6.6865,2020,,
NO-0067-SS55-345-2020-4R.dw.png,NO-0067,58.3072,6.6865,2020,,
NO-0067-SS55-345-2020-5R.dw.png,NO-0067,58.3072,6.6865,2020,,
NO-0067-SS55-345-2020-6R.dw.png,NO-0067,58.3072,6.6865,2020,,
NO-0067-SS55-345-2020-7R.dw.png,NO-0067,58.3072,6.6865,2020,,
NO-0067-SS55-345-2020-8R.dw.png,NO-0067,58.3072,6.6865,2020,,
NO-0067-SS55-345-2020-9R.dw.png,NO-0067,58.3072,6.6865,2020,,
NO-0068-SS55-378-2020-0R.dw.png,NO-0068,58.3072,6.6865,2020,,
NO-0068-SS55-378-2020-10R.dw.png,NO-0068,58.3072,6.6865,2020,,
NO-0068-SS55-378-2020-11R.dw.png,NO-0068,58.3072,6.6865,2020,,
NO-0068-SS55-378-2020-12R.dw.png,NO-0068,58.3072,6.6865,2020,,
NO-0068-SS55-378-2020-13R.dw.png,NO-0068,58.3072,6.6865,2020,,
NO-0068-SS55-378-2020-14R.dw.png,NO-0068,58.3072,6.6865,2020,,
NO-0068-SS55-378-2020-15R.dw.png,NO-0068,58.3072,6.6865,2020,,
NO-0068-SS55-378-2020-16R.dw.png,NO-0068,58.3072,6.6865,2020,,
NO-0068-SS55-378-2020-17R.dw.png,NO-0068,58.3072,6.6865,2020,,
NO-0068-SS55-378-2020-18R.dw.png,NO-0068,58.3072,6.6865,2020,,
NO-0068-SS55-378-2020-19R.dw.png,NO-0068,58.3072,6.6865,2020,,
NO-0068-SS55-378-2020-1R.dw.png,NO-0068,58.3072,6.6865,2020,,
NO-0068-SS55-378-2020-20R.dw.png,NO-0068,58.3072,6.6865,2020,,
NO-0068-SS55-378-2020-21R.dw.png,NO-0068,58.3072,6.6865,2020,,
NO-0068-SS55-378-2020-22R.dw.png,NO-0068,58.3072,6.6865,2020,,
NO-0068-SS55-378-2020-23R.dw.png,NO-0068,58.3072,6.6865,2020,,
NO-0068-SS55-378-2020-24R.dw.png,NO-0068,58.3072,6.6865,2020,,
NO-0068-SS55-378-2020-25R.dw.png,NO-0068,58.3072,6.6865,2020,,
NO-0068-SS55-378-2020-2R.dw.png,NO-0068,58.3072,6.6865,2020,,
NO-0068-SS55-378-2020-3R.dw.png,NO-0068,58.3072,6.6865,2020,,
NO-0068-SS55-378-2020-4R.dw.png,NO-0068,58.3072,6.6865,2020,,
NO-0068-SS55-378-2020-5R.dw.png,NO-0068,58.3072,6.6865,2020,,
NO-0068-SS55-378-2020-6R.dw.png,NO-0068,58.3072,6.6865,2020,,
NO-0068-SS55-378-2020-7R.dw.png,NO-0068,58.3072,6.6865,2020,,
NO-0068-SS55-378-2020-8R.dw.png,NO-0068,58.3072,6.6865,2020,,
NO-0068-SS55-378-2020-9R.dw.png,NO-0068,58.3072,6.6865,2020,,
NO-0069-SS55-90-2020-0R.dw.png,NO-0069,58.3072,6.6865,2020,,
NO-0069-SS55-90-2020-10R.dw.png,NO-0069,58.3072,6.6865,2020,,
NO-0069-SS55-90-2020-11R.dw.png,NO-0069,58.3072,6.6865,2020,,
NO-0069-SS55-90-2020-12R.dw.png,NO-0069,58.3072,6.6865,2020,,
NO-0069-SS55-90-2020-13R.dw.png,NO-0069,58.3072,6.6865,2020,,
NO-0069-SS55-90-2020-14R.dw.png,NO-0069,58.3072,6.6865,2020,,
NO-0069-SS55-90-2020-15R.dw.png,NO-0069,58.3072,6.6865,2020,,
NO-0069-SS55-90-2020-16R.dw.png,NO-0069,58.3072,6.6865,2020,,
NO-0069-SS55-90-2020-17R.dw.png,NO-0069,58.3072,6.6865,2020,,
NO-0069-SS55-90-2020-18R.dw.png,NO-0069,58.3072,6.6865,2020,,
NO-0069-SS55-90-2020-19R.dw.png,NO-0069,58.3072,6.6865,2020,,
NO-0069-SS55-90-2020-1R.dw.png,NO-0069,58.3072,6.6865,2020,,
NO-0069-SS55-90-2020-20R.dw.png,NO-0069,58.3072,6.6865,2020,,
NO-0069-SS55-90-2020-21R.dw.png,NO-0069,58.3072,6.6865,2020,,
NO-0069-SS55-90-2020-22R.dw.png,NO-0069,58.3072,6.6865,2020,,
NO-0069-SS55-90-2020-23R.dw.png,NO-0069,58.3072,6.6865,2020,,
NO-0069-SS55-90-2020-24R.dw.png,NO-0069,58.3072,6.6865,2020,,
NO-0069-SS55-90-2020-25R.dw.png,NO-0069,58.3072,6.6865,2020,,
NO-0069-SS55-90-2020-26R.dw.png,NO-0069,58.3072,6.6865,2020,,
NO-0069-SS55-90-2020-27R.dw.png,NO-0069,58.3072,6.6865,2020,,
NO-0069-SS55-90-2020-28R.dw.png,NO-0069,58.3072,6.6865,2020,,
NO-0069-SS55-90-2020-2R.dw.png,NO-0069,58.3072,6.6865,2020,,
NO-0069-SS55-90-2020-3R.dw.png,NO-0069,58.3072,6.6865,2020,,
NO-0069-SS55-90-2020-4R.dw.png,NO-0069,58.3072,6.6865,2020,,
NO-0069-SS55-90-2020-5R.dw.png,NO-0069,58.3072,6.6865,2020,,
NO-0069-SS55-90-2020-6R.dw.png,NO-0069,58.3072,6.6865,2020,,
NO-0069-SS55-90-2020-7R.dw.png,NO-0069,58.3072,6.6865,2020,,
NO-0069-SS55-90-2020-8R.dw.png,NO-0069,58.3072,6.6865,2020,,
NO-0070-TER11-201-2020-0R.dw.png,NO-0070,61.1347161,11.3433464,2020,,
NO-0070-TER11-201-2020-10R.dw.png,NO-0070,61.1347161,11.3433464,2020,,
NO-0070-TER11-201-2020-11R.dw.png,NO-0070,61.1347161,11.3433464,2020,,
NO-0070-TER11-201-2020-12R.dw.png,NO-0070,61.1347161,11.3433464,2020,,
NO-0070-TER11-201-2020-13R.dw.png,NO-0070,61.1347161,11.3433464,2020,,
NO-0070-TER11-201-2020-14R.dw.png,NO-0070,61.1347161,11.3433464,2020,,
NO-0070-TER11-201-2020-15R.dw.png,NO-0070,61.1347161,11.3433464,2020,,
NO-0070-TER11-201-2020-16R.dw.png,NO-0070,61.1347161,11.3433464,2020,,
NO-0070-TER11-201-2020-17R.dw.png,NO-0070,61.1347161,11.3433464,2020,,
NO-0070-TER11-201-2020-18R.dw.png,NO-0070,61.1347161,11.3433464,2020,,
NO-0070-TER11-201-2020-19R.dw.png,NO-0070,61.1347161,11.3433464,2020,,
NO-0070-TER11-201-2020-1R.dw.png,NO-0070,61.1347161,11.3433464,2020,,
NO-0070-TER11-201-2020-20R.dw.png,NO-0070,61.1347161,11.3433464,2020,,
NO-0070-TER11-201-2020-21R.dw.png,NO-0070,61.1347161,11.3433464,2020,,
NO-0070-TER11-201-2020-22R.dw.png,NO-0070,61.1347161,11.3433464,2020,,
NO-0070-TER11-201-2020-23R.dw.png,NO-0070,61.1347161,11.3433464,2020,,
NO-0070-TER11-201-2020-24R.dw.png,NO-0070,61.1347161,11.3433464,2020,,
NO-0070-TER11-201-2020-25R.dw.png,NO-0070,61.1347161,11.3433464,2020,,
NO-0070-TER11-201-2020-26R.dw.png,NO-0070,61.1347161,11.3433464,2020,,
NO-0070-TER11-201-2020-27R.dw.png,NO-0070,61.1347161,11.3433464,2020,,
NO-0070-TER11-201-2020-28R.dw.png,NO-0070,61.1347161,11.3433464,2020,,
NO-0070-TER11-201-2020-29R.dw.png,NO-0070,61.1347161,11.3433464,2020,,
NO-0070-TER11-201-2020-2R.dw.png,NO-0070,61.1347161,11.3433464,2020,,
NO-0070-TER11-201-2020-3R.dw.png,NO-0070,61.1347161,11.3433464,2020,,
NO-0070-TER11-201-2020-4R.dw.png,NO-0070,61.1347161,11.3433464,2020,,
NO-0070-TER11-201-2020-5R.dw.png,NO-0070,61.1347161,11.3433464,2020,,
NO-0070-TER11-201-2020-6R.dw.png,NO-0070,61.1347161,11.3433464,2020,,
NO-0070-TER11-201-2020-7R.dw.png,NO-0070,61.1347161,11.3433464,2020,,
NO-0070-TER11-201-2020-8R.dw.png,NO-0070,61.1347161,11.3433464,2020,,
NO-0070-TER11-201-2020-9R.dw.png,NO-0070,61.1347161,11.3433464,2020,,
NO-0071-TER11-212-2020-0R.dw.png,NO-0071,61.1347161,11.3433464,2020,,
NO-0071-TER11-212-2020-10R.dw.png,NO-0071,61.1347161,11.3433464,2020,,
NO-0071-TER11-212-2020-11R.dw.png,NO-0071,61.1347161,11.3433464,2020,,
NO-0071-TER11-212-2020-12R.dw.png,NO-0071,61.1347161,11.3433464,2020,,
NO-0071-TER11-212-2020-13R.dw.png,NO-0071,61.1347161,11.3433464,2020,,
NO-0071-TER11-212-2020-14R.dw.png,NO-0071,61.1347161,11.3433464,2020,,
NO-0071-TER11-212-2020-15R.dw.png,NO-0071,61.1347161,11.3433464,2020,,
NO-0071-TER11-212-2020-16R.dw.png,NO-0071,61.1347161,11.3433464,2020,,
NO-0071-TER11-212-2020-17R.dw.png,NO-0071,61.1347161,11.3433464,2020,,
NO-0071-TER11-212-2020-18R.dw.png,NO-0071,61.1347161,11.3433464,2020,,
NO-0071-TER11-212-2020-19R.dw.png,NO-0071,61.1347161,11.3433464,2020,,
NO-0071-TER11-212-2020-1R.dw.png,NO-0071,61.1347161,11.3433464,2020,,
NO-0071-TER11-212-2020-20R.dw.png,NO-0071,61.1347161,11.3433464,2020,,
NO-0071-TER11-212-2020-21R.dw.png,NO-0071,61.1347161,11.3433464,2020,,
NO-0071-TER11-212-2020-22R.dw.png,NO-0071,61.1347161,11.3433464,2020,,
NO-0071-TER11-212-2020-23R.dw.png,NO-0071,61.1347161,11.3433464,2020,,
NO-0071-TER11-212-2020-24R.dw.png,NO-0071,61.1347161,11.3433464,2020,,
NO-0071-TER11-212-2020-25R.dw.png,NO-0071,61.1347161,11.3433464,2020,,
NO-0071-TER11-212-2020-26R.dw.png,NO-0071,61.1347161,11.3433464,2020,,
NO-0071-TER11-212-2020-27R.dw.png,NO-0071,61.1347161,11.3433464,2020,,
NO-0071-TER11-212-2020-28R.dw.png,NO-0071,61.1347161,11.3433464,2020,,
NO-0071-TER11-212-2020-29R.dw.png,NO-0071,61.1347161,11.3433464,2020,,
NO-0071-TER11-212-2020-2R.dw.png,NO-0071,61.1347161,11.3433464,2020,,
NO-0071-TER11-212-2020-3R.dw.png,NO-0071,61.1347161,11.3433464,2020,,
NO-0071-TER11-212-2020-4R.dw.png,NO-0071,61.1347161,11.3433464,2020,,
NO-0071-TER11-212-2020-5R.dw.png,NO-0071,61.1347161,11.3433464,2020,,
NO-0071-TER11-212-2020-6R.dw.png,NO-0071,61.1347161,11.3433464,2020,,
NO-0071-TER11-212-2020-7R.dw.png,NO-0071,61.1347161,11.3433464,2020,,
NO-0071-TER11-212-2020-8R.dw.png,NO-0071,61.1347161,11.3433464,2020,,
NO-0071-TER11-212-2020-9R.dw.png,NO-0071,61.1347161,11.3433464,2020,,
NO-0072-TER11-236-2020-0R.dw.png,NO-0072,61.1347161,11.3433464,2020,,
NO-0072-TER11-236-2020-10R.dw.png,NO-0072,61.1347161,11.3433464,2020,,
NO-0072-TER11-236-2020-11R.dw.png,NO-0072,61.1347161,11.3433464,2020,,
NO-0072-TER11-236-2020-12R.dw.png,NO-0072,61.1347161,11.3433464,2020,,
NO-0072-TER11-236-2020-13R.dw.png,NO-0072,61.1347161,11.3433464,2020,,
NO-0072-TER11-236-2020-14R.dw.png,NO-0072,61.1347161,11.3433464,2020,,
NO-0072-TER11-236-2020-15R.dw.png,NO-0072,61.1347161,11.3433464,2020,,
NO-0072-TER11-236-2020-16R.dw.png,NO-0072,61.1347161,11.3433464,2020,,
NO-0072-TER11-236-2020-17R.dw.png,NO-0072,61.1347161,11.3433464,2020,,
NO-0072-TER11-236-2020-18R.dw.png,NO-0072,61.1347161,11.3433464,2020,,
NO-0072-TER11-236-2020-19R.dw.png,NO-0072,61.1347161,11.3433464,2020,,
NO-0072-TER11-236-2020-1R.dw.png,NO-0072,61.1347161,11.3433464,2020,,
NO-0072-TER11-236-2020-20R.dw.png,NO-0072,61.1347161,11.3433464,2020,,
NO-0072-TER11-236-2020-21R.dw.png,NO-0072,61.1347161,11.3433464,2020,,
NO-0072-TER11-236-2020-22R.dw.png,NO-0072,61.1347161,11.3433464,2020,,
NO-0072-TER11-236-2020-23R.dw.png,NO-0072,61.1347161,11.3433464,2020,,
NO-0072-TER11-236-2020-24R.dw.png,NO-0072,61.1347161,11.3433464,2020,,
NO-0072-TER11-236-2020-25R.dw.png,NO-0072,61.1347161,11.3433464,2020,,
NO-0072-TER11-236-2020-26R.dw.png,NO-0072,61.1347161,11.3433464,2020,,
NO-0072-TER11-236-2020-27R.dw.png,NO-0072,61.1347161,11.3433464,2020,,
NO-0072-TER11-236-2020-2R.dw.png,NO-0072,61.1347161,11.3433464,2020,,
NO-0072-TER11-236-2020-3R.dw.png,NO-0072,61.1347161,11.3433464,2020,,
NO-0072-TER11-236-2020-4R.dw.png,NO-0072,61.1347161,11.3433464,2020,,
NO-0072-TER11-236-2020-5R.dw.png,NO-0072,61.1347161,11.3433464,2020,,
NO-0072-TER11-236-2020-6R.dw.png,NO-0072,61.1347161,11.3433464,2020,,
NO-0072-TER11-236-2020-7R.dw.png,NO-0072,61.1347161,11.3433464,2020,,
NO-0072-TER11-236-2020-8R.dw.png,NO-0072,61.1347161,11.3433464,2020,,
NO-0072-TER11-236-2020-9R.dw.png,NO-0072,61.1347161,11.3433464,2020,,
NO-0073-TER11-285-2020-0R.dw.png,NO-0073,61.1347161,11.3433464,2020,,
NO-0073-TER11-285-2020-10R.dw.png,NO-0073,61.1347161,11.3433464,2020,,
NO-0073-TER11-285-2020-11R.dw.png,NO-0073,61.1347161,11.3433464,2020,,
NO-0073-TER11-285-2020-12R.dw.png,NO-0073,61.1347161,11.3433464,2020,,
NO-0073-TER11-285-2020-13R.dw.png,NO-0073,61.1347161,11.3433464,2020,,
NO-0073-TER11-285-2020-14R.dw.png,NO-0073,61.1347161,11.3433464,2020,,
NO-0073-TER11-285-2020-15R.dw.png,NO-0073,61.1347161,11.3433464,2020,,
NO-0073-TER11-285-2020-16R.dw.png,NO-0073,61.1347161,11.3433464,2020,,
NO-0073-TER11-285-2020-17R.dw.png,NO-0073,61.1347161,11.3433464,2020,,
NO-0073-TER11-285-2020-18R.dw.png,NO-0073,61.1347161,11.3433464,2020,,
NO-0073-TER11-285-2020-19R.dw.png,NO-0073,61.1347161,11.3433464,2020,,
NO-0073-TER11-285-2020-1R.dw.png,NO-0073,61.1347161,11.3433464,2020,,
NO-0073-TER11-285-2020-20R.dw.png,NO-0073,61.1347161,11.3433464,2020,,
NO-0073-TER11-285-2020-21R.dw.png,NO-0073,61.1347161,11.3433464,2020,,
NO-0073-TER11-285-2020-22R.dw.png,NO-0073,61.1347161,11.3433464,2020,,
NO-0073-TER11-285-2020-23R.dw.png,NO-0073,61.1347161,11.3433464,2020,,
NO-0073-TER11-285-2020-24R.dw.png,NO-0073,61.1347161,11.3433464,2020,,
NO-0073-TER11-285-2020-25R.dw.png,NO-0073,61.1347161,11.3433464,2020,,
NO-0073-TER11-285-2020-26R.dw.png,NO-0073,61.1347161,11.3433464,2020,,
NO-0073-TER11-285-2020-2R.dw.png,NO-0073,61.1347161,11.3433464,2020,,
NO-0073-TER11-285-2020-4R.dw.png,NO-0073,61.1347161,11.3433464,2020,,
NO-0073-TER11-285-2020-5R.dw.png,NO-0073,61.1347161,11.3433464,2020,,
NO-0073-TER11-285-2020-6R.dw.png,NO-0073,61.1347161,11.3433464,2020,,
NO-0073-TER11-285-2020-7R.dw.png,NO-0073,61.1347161,11.3433464,2020,,
NO-0073-TER11-285-2020-8R.dw.png,NO-0073,61.1347161,11.3433464,2020,,
NO-0073-TER11-285-2020-9R.dw.png,NO-0073,61.1347161,11.3433464,2020,,
NO-0074-TER11-303-2020-0R.dw.png,NO-0074,61.1347161,11.3433464,2020,,
NO-0074-TER11-303-2020-10R.dw.png,NO-0074,61.1347161,11.3433464,2020,,
NO-0074-TER11-303-2020-11R.dw.png,NO-0074,61.1347161,11.3433464,2020,,
NO-0074-TER11-303-2020-12R.dw.png,NO-0074,61.1347161,11.3433464,2020,,
NO-0074-TER11-303-2020-13R.dw.png,NO-0074,61.1347161,11.3433464,2020,,
NO-0074-TER11-303-2020-14R.dw.png,NO-0074,61.1347161,11.3433464,2020,,
NO-0074-TER11-303-2020-15R.dw.png,NO-0074,61.1347161,11.3433464,2020,,
NO-0074-TER11-303-2020-16R.dw.png,NO-0074,61.1347161,11.3433464,2020,,
NO-0074-TER11-303-2020-17R.dw.png,NO-0074,61.1347161,11.3433464,2020,,
NO-0074-TER11-303-2020-18R.dw.png,NO-0074,61.1347161,11.3433464,2020,,
NO-0074-TER11-303-2020-19R.dw.png,NO-0074,61.1347161,11.3433464,2020,,
NO-0074-TER11-303-2020-1R.dw.png,NO-0074,61.1347161,11.3433464,2020,,
NO-0074-TER11-303-2020-20R.dw.png,NO-0074,61.1347161,11.3433464,2020,,
NO-0074-TER11-303-2020-21R.dw.png,NO-0074,61.1347161,11.3433464,2020,,
NO-0074-TER11-303-2020-22R.dw.png,NO-0074,61.1347161,11.3433464,2020,,
NO-0074-TER11-303-2020-23R.dw.png,NO-0074,61.1347161,11.3433464,2020,,
NO-0074-TER11-303-2020-24R.dw.png,NO-0074,61.1347161,11.3433464,2020,,
NO-0074-TER11-303-2020-25R.dw.png,NO-0074,61.1347161,11.3433464,2020,,
NO-0074-TER11-303-2020-26R.dw.png,NO-0074,61.1347161,11.3433464,2020,,
NO-0074-TER11-303-2020-27R.dw.png,NO-0074,61.1347161,11.3433464,2020,,
NO-0074-TER11-303-2020-28R.dw.png,NO-0074,61.1347161,11.3433464,2020,,
NO-0074-TER11-303-2020-29R.dw.png,NO-0074,61.1347161,11.3433464,2020,,
NO-0074-TER11-303-2020-2R.dw.png,NO-0074,61.1347161,11.3433464,2020,,
NO-0074-TER11-303-2020-3R.dw.png,NO-0074,61.1347161,11.3433464,2020,,
NO-0074-TER11-303-2020-4R.dw.png,NO-0074,61.1347161,11.3433464,2020,,
NO-0074-TER11-303-2020-5R.dw.png,NO-0074,61.1347161,11.3433464,2020,,
NO-0074-TER11-303-2020-6R.dw.png,NO-0074,61.1347161,11.3433464,2020,,
NO-0074-TER11-303-2020-7R.dw.png,NO-0074,61.1347161,11.3433464,2020,,
NO-0074-TER11-303-2020-8R.dw.png,NO-0074,61.1347161,11.3433464,2020,,
NO-0074-TER11-303-2020-9R.dw.png,NO-0074,61.1347161,11.3433464,2020,,
NO-0075-TER11-346-2020-0R.dw.png,NO-0075,61.1347161,11.3433464,2020,,
NO-0075-TER11-346-2020-10R.dw.png,NO-0075,61.1347161,11.3433464,2020,,
NO-0075-TER11-346-2020-11R.dw.png,NO-0075,61.1347161,11.3433464,2020,,
NO-0075-TER11-346-2020-12R.dw.png,NO-0075,61.1347161,11.3433464,2020,,
NO-0075-TER11-346-2020-13R.dw.png,NO-0075,61.1347161,11.3433464,2020,,
NO-0075-TER11-346-2020-14R.dw.png,NO-0075,61.1347161,11.3433464,2020,,
NO-0075-TER11-346-2020-15R.dw.png,NO-0075,61.1347161,11.3433464,2020,,
NO-0075-TER11-346-2020-16R.dw.png,NO-0075,61.1347161,11.3433464,2020,,
NO-0075-TER11-346-2020-17R.dw.png,NO-0075,61.1347161,11.3433464,2020,,
NO-0075-TER11-346-2020-18R.dw.png,NO-0075,61.1347161,11.3433464,2020,,
NO-0075-TER11-346-2020-19R.dw.png,NO-0075,61.1347161,11.3433464,2020,,
NO-0075-TER11-346-2020-1R.dw.png,NO-0075,61.1347161,11.3433464,2020,,
NO-0075-TER11-346-2020-20R.dw.png,NO-0075,61.1347161,11.3433464,2020,,
NO-0075-TER11-346-2020-21R.dw.png,NO-0075,61.1347161,11.3433464,2020,,
NO-0075-TER11-346-2020-22R.dw.png,NO-0075,61.1347161,11.3433464,2020,,
NO-0075-TER11-346-2020-23R.dw.png,NO-0075,61.1347161,11.3433464,2020,,
NO-0075-TER11-346-2020-24R.dw.png,NO-0075,61.1347161,11.3433464,2020,,
NO-0075-TER11-346-2020-25R.dw.png,NO-0075,61.1347161,11.3433464,2020,,
NO-0075-TER11-346-2020-26R.dw.png,NO-0075,61.1347161,11.3433464,2020,,
NO-0075-TER11-346-2020-27R.dw.png,NO-0075,61.1347161,11.3433464,2020,,
NO-0075-TER11-346-2020-28R.dw.png,NO-0075,61.1347161,11.3433464,2020,,
NO-0075-TER11-346-2020-29R.dw.png,NO-0075,61.1347161,11.3433464,2020,,
NO-0075-TER11-346-2020-2R.dw.png,NO-0075,61.1347161,11.3433464,2020,,
NO-0075-TER11-346-2020-3R.dw.png,NO-0075,61.1347161,11.3433464,2020,,
NO-0075-TER11-346-2020-4R.dw.png,NO-0075,61.1347161,11.3433464,2020,,
NO-0075-TER11-346-2020-5R.dw.png,NO-0075,61.1347161,11.3433464,2020,,
NO-0075-TER11-346-2020-6R.dw.png,NO-0075,61.1347161,11.3433464,2020,,
NO-0075-TER11-346-2020-7R.dw.png,NO-0075,61.1347161,11.3433464,2020,,
NO-0075-TER11-346-2020-8R.dw.png,NO-0075,61.1347161,11.3433464,2020,,
NO-0075-TER11-346-2020-9R.dw.png,NO-0075,61.1347161,11.3433464,2020,,
NO-0076-TER11-366-2020-10R.dw.png,NO-0076,61.1347161,11.3433464,2020,,
NO-0076-TER11-366-2020-11R.dw.png,NO-0076,61.1347161,11.3433464,2020,,
NO-0076-TER11-366-2020-12R.dw.png,NO-0076,61.1347161,11.3433464,2020,,
NO-0076-TER11-366-2020-13R.dw.png,NO-0076,61.1347161,11.3433464,2020,,
NO-0076-TER11-366-2020-14R.dw.png,NO-0076,61.1347161,11.3433464,2020,,
NO-0076-TER11-366-2020-15R.dw.png,NO-0076,61.1347161,11.3433464,2020,,
NO-0076-TER11-366-2020-16R.dw.png,NO-0076,61.1347161,11.3433464,2020,,
NO-0076-TER11-366-2020-17R.dw.png,NO-0076,61.1347161,11.3433464,2020,,
NO-0076-TER11-366-2020-18R.dw.png,NO-0076,61.1347161,11.3433464,2020,,
NO-0076-TER11-366-2020-19R.dw.png,NO-0076,61.1347161,11.3433464,2020,,
NO-0076-TER11-366-2020-1R.dw.png,NO-0076,61.1347161,11.3433464,2020,,
NO-0076-TER11-366-2020-20R.dw.png,NO-0076,61.1347161,11.3433464,2020,,
NO-0076-TER11-366-2020-21R.dw.png,NO-0076,61.1347161,11.3433464,2020,,
NO-0076-TER11-366-2020-22R.dw.png,NO-0076,61.1347161,11.3433464,2020,,
NO-0076-TER11-366-2020-23R.dw.png,NO-0076,61.1347161,11.3433464,2020,,
NO-0076-TER11-366-2020-24R.dw.png,NO-0076,61.1347161,11.3433464,2020,,
NO-0076-TER11-366-2020-25R.dw.png,NO-0076,61.1347161,11.3433464,2020,,
NO-0076-TER11-366-2020-26R.dw.png,NO-0076,61.1347161,11.3433464,2020,,
NO-0076-TER11-366-2020-27R.dw.png,NO-0076,61.1347161,11.3433464,2020,,
NO-0076-TER11-366-2020-28R.dw.png,NO-0076,61.1347161,11.3433464,2020,,
NO-0076-TER11-366-2020-29R.dw.png,NO-0076,61.1347161,11.3433464,2020,,
NO-0076-TER11-366-2020-2R.dw.png,NO-0076,61.1347161,11.3433464,2020,,
NO-0076-TER11-366-2020-3R.dw.png,NO-0076,61.1347161,11.3433464,2020,,
NO-0076-TER11-366-2020-4R.dw.png,NO-0076,61.1347161,11.3433464,2020,,
NO-0076-TER11-366-2020-5R.dw.png,NO-0076,61.1347161,11.3433464,2020,,
NO-0076-TER11-366-2020-6R.dw.png,NO-0076,61.1347161,11.3433464,2020,,
NO-0076-TER11-366-2020-8R.dw.png,NO-0076,61.1347161,11.3433464,2020,,
NO-0076-TER11-366-2020-9R.dw.png,NO-0076,61.1347161,11.3433464,2020,,
NO-0077-TER11-371-2020-0R.dw.png,NO-0077,61.1347161,11.3433464,2020,,
NO-0077-TER11-371-2020-10R.dw.png,NO-0077,61.1347161,11.3433464,2020,,
NO-0077-TER11-371-2020-11R.dw.png,NO-0077,61.1347161,11.3433464,2020,,
NO-0077-TER11-371-2020-12R.dw.png,NO-0077,61.1347161,11.3433464,2020,,
NO-0077-TER11-371-2020-13R.dw.png,NO-0077,61.1347161,11.3433464,2020,,
NO-0077-TER11-371-2020-14R.dw.png,NO-0077,61.1347161,11.3433464,2020,,
NO-0077-TER11-371-2020-15R.dw.png,NO-0077,61.1347161,11.3433464,2020,,
NO-0077-TER11-371-2020-16R.dw.png,NO-0077,61.1347161,11.3433464,2020,,
NO-0077-TER11-371-2020-17R.dw.png,NO-0077,61.1347161,11.3433464,2020,,
NO-0077-TER11-371-2020-18R.dw.png,NO-0077,61.1347161,11.3433464,2020,,
NO-0077-TER11-371-2020-19R.dw.png,NO-0077,61.1347161,11.3433464,2020,,
NO-0077-TER11-371-2020-1R.dw.png,NO-0077,61.1347161,11.3433464,2020,,
NO-0077-TER11-371-2020-20R.dw.png,NO-0077,61.1347161,11.3433464,2020,,
NO-0077-TER11-371-2020-21R.dw.png,NO-0077,61.1347161,11.3433464,2020,,
NO-0077-TER11-371-2020-22R.dw.png,NO-0077,61.1347161,11.3433464,2020,,
NO-0077-TER11-371-2020-23R.dw.png,NO-0077,61.1347161,11.3433464,2020,,
NO-0077-TER11-371-2020-24R.dw.png,NO-0077,61.1347161,11.3433464,2020,,
NO-0077-TER11-371-2020-25R.dw.png,NO-0077,61.1347161,11.3433464,2020,,
NO-0077-TER11-371-2020-26R.dw.png,NO-0077,61.1347161,11.3433464,2020,,
NO-0077-TER11-371-2020-27R.dw.png,NO-0077,61.1347161,11.3433464,2020,,
NO-0077-TER11-371-2020-2R.dw.png,NO-0077,61.1347161,11.3433464,2020,,
NO-0077-TER11-371-2020-3R.dw.png,NO-0077,61.1347161,11.3433464,2020,,
NO-0077-TER11-371-2020-4R.dw.png,NO-0077,61.1347161,11.3433464,2020,,
NO-0077-TER11-371-2020-5R.dw.png,NO-0077,61.1347161,11.3433464,2020,,
NO-0077-TER11-371-2020-6R.dw.png,NO-0077,61.1347161,11.3433464,2020,,
NO-0077-TER11-371-2020-7R.dw.png,NO-0077,61.1347161,11.3433464,2020,,
NO-0077-TER11-371-2020-8R.dw.png,NO-0077,61.1347161,11.3433464,2020,,
NO-0077-TER11-371-2020-9R.dw.png,NO-0077,61.1347161,11.3433464,2020,,
NO-0078-THF21-70-0R.dw.png,NO-0078,58.12852,7.09873,2021,,
NO-0078-THF21-70-10R.dw.png,NO-0078,58.12852,7.09873,2021,,
NO-0078-THF21-70-11R.dw.png,NO-0078,58.12852,7.09873,2021,,
NO-0078-THF21-70-12R.dw.png,NO-0078,58.12852,7.09873,2021,,
NO-0078-THF21-70-13R.dw.png,NO-0078,58.12852,7.09873,2021,,
NO-0078-THF21-70-14R.dw.png,NO-0078,58.12852,7.09873,2021,,
NO-0078-THF21-70-15R.dw.png,NO-0078,58.12852,7.09873,2021,,
NO-0078-THF21-70-16R.dw.png,NO-0078,58.12852,7.09873,2021,,
NO-0078-THF21-70-17R.dw.png,NO-0078,58.12852,7.09873,2021,,
NO-0078-THF21-70-18R.dw.png,NO-0078,58.12852,7.09873,2021,,
NO-0078-THF21-70-19R.dw.png,NO-0078,58.12852,7.09873,2021,,
NO-0078-THF21-70-1R.dw.png,NO-0078,58.12852,7.09873,2021,,
NO-0078-THF21-70-20R.dw.png,NO-0078,58.12852,7.09873,2021,,
NO-0078-THF21-70-21R.dw.png,NO-0078,58.12852,7.09873,2021,,
NO-0078-THF21-70-22R.dw.png,NO-0078,58.12852,7.09873,2021,,
NO-0078-THF21-70-23R.dw.png,NO-0078,58.12852,7.09873,2021,,
NO-0078-THF21-70-24R.dw.png,NO-0078,58.12852,7.09873,2021,,
NO-0078-THF21-70-2R.dw.png,NO-0078,58.12852,7.09873,2021,,
NO-0078-THF21-70-4R.dw.png,NO-0078,58.12852,7.09873,2021,,
NO-0078-THF21-70-5R.dw.png,NO-0078,58.12852,7.09873,2021,,
NO-0078-THF21-70-6R.dw.png,NO-0078,58.12852,7.09873,2021,,
NO-0078-THF21-70-7R.dw.png,NO-0078,58.12852,7.09873,2021,,
NO-0078-THF21-70-8R.dw.png,NO-0078,58.12852,7.09873,2021,,
NO-0078-THF21-70-9R.dw.png,NO-0078,58.12852,7.09873,2021,,
NO-0079-THF21-80-0R.dw.png,NO-0079,58.12852,7.09873,2021,,
NO-0079-THF21-80-10R.dw.png,NO-0079,58.12852,7.09873,2021,,
NO-0079-THF21-80-11R.dw.png,NO-0079,58.12852,7.09873,2021,,
NO-0079-THF21-80-12R.dw.png,NO-0079,58.12852,7.09873,2021,,
NO-0079-THF21-80-13R.dw.png,NO-0079,58.12852,7.09873,2021,,
NO-0079-THF21-80-14R.dw.png,NO-0079,58.12852,7.09873,2021,,
NO-0079-THF21-80-15R.dw.png,NO-0079,58.12852,7.09873,2021,,
NO-0079-THF21-80-16R.dw.png,NO-0079,58.12852,7.09873,2021,,
NO-0079-THF21-80-17R.dw.png,NO-0079,58.12852,7.09873,2021,,
NO-0079-THF21-80-18R.dw.png,NO-0079,58.12852,7.09873,2021,,
NO-0079-THF21-80-19R.dw.png,NO-0079,58.12852,7.09873,2021,,
NO-0079-THF21-80-1R.dw.png,NO-0079,58.12852,7.09873,2021,,
NO-0079-THF21-80-20R.dw.png,NO-0079,58.12852,7.09873,2021,,
NO-0079-THF21-80-21R.dw.png,NO-0079,58.12852,7.09873,2021,,
NO-0079-THF21-80-22R.dw.png,NO-0079,58.12852,7.09873,2021,,
NO-0079-THF21-80-23R.dw.png,NO-0079,58.12852,7.09873,2021,,
NO-0079-THF21-80-24R.dw.png,NO-0079,58.12852,7.09873,2021,,
NO-0079-THF21-80-25R.dw.png,NO-0079,58.12852,7.09873,2021,,
NO-0079-THF21-80-26R.dw.png,NO-0079,58.12852,7.09873,2021,,
NO-0079-THF21-80-27R.dw.png,NO-0079,58.12852,7.09873,2021,,
NO-0079-THF21-80-28R.dw.png,NO-0079,58.12852,7.09873,2021,,
NO-0079-THF21-80-29R.dw.png,NO-0079,58.12852,7.09873,2021,,
NO-0079-THF21-80-2R.dw.png,NO-0079,58.12852,7.09873,2021,,
NO-0079-THF21-80-30R.dw.png,NO-0079,58.12852,7.09873,2021,,
NO-0079-THF21-80-3R.dw.png,NO-0079,58.12852,7.09873,2021,,
NO-0079-THF21-80-4R.dw.png,NO-0079,58.12852,7.09873,2021,,
NO-0079-THF21-80-5R.dw.png,NO-0079,58.12852,7.09873,2021,,
NO-0079-THF21-80-6R.dw.png,NO-0079,58.12852,7.09873,2021,,
NO-0079-THF21-80-7R.dw.png,NO-0079,58.12852,7.09873,2021,,
NO-0079-THF21-80-8R.dw.png,NO-0079,58.12852,7.09873,2021,,
NO-0079-THF21-80-9R.dw.png,NO-0079,58.12852,7.09873,2021,,
NO-0080-TL21-41-4-0R.dw.png,NO-0080,58.38045,6.32715,2021,,
NO-0080-TL21-41-4-10R.dw.png,NO-0080,58.38045,6.32715,2021,,
NO-0080-TL21-41-4-11R.dw.png,NO-0080,58.38045,6.32715,2021,,
NO-0080-TL21-41-4-12R.dw.png,NO-0080,58.38045,6.32715,2021,,
NO-0080-TL21-41-4-13R.dw.png,NO-0080,58.38045,6.32715,2021,,
NO-0080-TL21-41-4-14R.dw.png,NO-0080,58.38045,6.32715,2021,,
NO-0080-TL21-41-4-15R.dw.png,NO-0080,58.38045,6.32715,2021,,
NO-0080-TL21-41-4-16R.dw.png,NO-0080,58.38045,6.32715,2021,,
NO-0080-TL21-41-4-17R.dw.png,NO-0080,58.38045,6.32715,2021,,
NO-0080-TL21-41-4-19R.dw.png,NO-0080,58.38045,6.32715,2021,,
NO-0080-TL21-41-4-1R.dw.png,NO-0080,58.38045,6.32715,2021,,
NO-0080-TL21-41-4-20R.dw.png,NO-0080,58.38045,6.32715,2021,,
NO-0080-TL21-41-4-21R.dw.png,NO-0080,58.38045,6.32715,2021,,
NO-0080-TL21-41-4-22R.dw.png,NO-0080,58.38045,6.32715,2021,,
NO-0080-TL21-41-4-23R.dw.png,NO-0080,58.38045,6.32715,2021,,
NO-0080-TL21-41-4-24R.dw.png,NO-0080,58.38045,6.32715,2021,,
NO-0080-TL21-41-4-25R.dw.png,NO-0080,58.38045,6.32715,2021,,
NO-0080-TL21-41-4-26R.dw.png,NO-0080,58.38045,6.32715,2021,,
NO-0080-TL21-41-4-2R.dw.png,NO-0080,58.38045,6.32715,2021,,
NO-0080-TL21-41-4-3R.dw.png,NO-0080,58.38045,6.32715,2021,,
NO-0080-TL21-41-4-4R.dw.png,NO-0080,58.38045,6.32715,2021,,
NO-0080-TL21-41-4-5R.dw.png,NO-0080,58.38045,6.32715,2021,,
NO-0080-TL21-41-4-6R.dw.png,NO-0080,58.38045,6.32715,2021,,
NO-0080-TL21-41-4-7R.dw.png,NO-0080,58.38045,6.32715,2021,,
NO-0080-TL21-41-4-8R.dw.png,NO-0080,58.38045,6.32715,2021,,
NO-0080-TL21-41-4-9R.dw.png,NO-0080,58.38045,6.32715,2021,,
NO-0081-TL21-F3-2019-1-0R.dw.png,NO-0081,58.38045,6.32715,2021,,
NO-0081-TL21-F3-2019-1-10R.dw.png,NO-0081,58.38045,6.32715,2021,,
NO-0081-TL21-F3-2019-1-11R.dw.png,NO-0081,58.38045,6.32715,2021,,
NO-0081-TL21-F3-2019-1-12R.dw.png,NO-0081,58.38045,6.32715,2021,,
NO-0081-TL21-F3-2019-1-13R.dw.png,NO-0081,58.38045,6.32715,2021,,
NO-0081-TL21-F3-2019-1-14R.dw.png,NO-0081,58.38045,6.32715,2021,,
NO-0081-TL21-F3-2019-1-15R.dw.png,NO-0081,58.38045,6.32715,2021,,
NO-0081-TL21-F3-2019-1-16R.dw.png,NO-0081,58.38045,6.32715,2021,,
NO-0081-TL21-F3-2019-1-17R.dw.png,NO-0081,58.38045,6.32715,2021,,
NO-0081-TL21-F3-2019-1-18R.dw.png,NO-0081,58.38045,6.32715,2021,,
NO-0081-TL21-F3-2019-1-19R.dw.png,NO-0081,58.38045,6.32715,2021,,
NO-0081-TL21-F3-2019-1-1R.dw.png,NO-0081,58.38045,6.32715,2021,,
NO-0081-TL21-F3-2019-1-21R.dw.png,NO-0081,58.38045,6.32715,2021,,
NO-0081-TL21-F3-2019-1-22R.dw.png,NO-0081,58.38045,6.32715,2021,,
NO-0081-TL21-F3-2019-1-23R.dw.png,NO-0081,58.38045,6.32715,2021,,
NO-0081-TL21-F3-2019-1-24R.dw.png,NO-0081,58.38045,6.32715,2021,,
NO-0081-TL21-F3-2019-1-25R.dw.png,NO-0081,58.38045,6.32715,2021,,
NO-0081-TL21-F3-2019-1-2R.dw.png,NO-0081,58.38045,6.32715,2021,,
NO-0081-TL21-F3-2019-1-3R.dw.png,NO-0081,58.38045,6.32715,2021,,
NO-0081-TL21-F3-2019-1-4R.dw.png,NO-0081,58.38045,6.32715,2021,,
NO-0081-TL21-F3-2019-1-5R.dw.png,NO-0081,58.38045,6.32715,2021,,
NO-0081-TL21-F3-2019-1-6R.dw.png,NO-0081,58.38045,6.32715,2021,,
NO-0081-TL21-F3-2019-1-7R.dw.png,NO-0081,58.38045,6.32715,2021,,
NO-0081-TL21-F3-2019-1-8R.dw.png,NO-0081,58.38045,6.32715,2021,,
NO-0081-TL21-F3-2019-1-9R.dw.png,NO-0081,58.38045,6.32715,2021,,
NO-0082-TL21-G3-2020-2-0R.dw.png,NO-0082,58.38045,6.32715,2021,,
NO-0082-TL21-G3-2020-2-10R.dw.png,NO-0082,58.38045,6.32715,2021,,
NO-0082-TL21-G3-2020-2-11R.dw.png,NO-0082,58.38045,6.32715,2021,,
NO-0082-TL21-G3-2020-2-12R.dw.png,NO-0082,58.38045,6.32715,2021,,
NO-0082-TL21-G3-2020-2-13R.dw.png,NO-0082,58.38045,6.32715,2021,,
NO-0082-TL21-G3-2020-2-14R.dw.png,NO-0082,58.38045,6.32715,2021,,
NO-0082-TL21-G3-2020-2-15R.dw.png,NO-0082,58.38045,6.32715,2021,,
NO-0082-TL21-G3-2020-2-16R.dw.png,NO-0082,58.38045,6.32715,2021,,
NO-0082-TL21-G3-2020-2-17R.dw.png,NO-0082,58.38045,6.32715,2021,,
NO-0082-TL21-G3-2020-2-18R.dw.png,NO-0082,58.38045,6.32715,2021,,
NO-0082-TL21-G3-2020-2-19R.dw.png,NO-0082,58.38045,6.32715,2021,,
NO-0082-TL21-G3-2020-2-1R.dw.png,NO-0082,58.38045,6.32715,2021,,
NO-0082-TL21-G3-2020-2-20R.dw.png,NO-0082,58.38045,6.32715,2021,,
NO-0082-TL21-G3-2020-2-21R.dw.png,NO-0082,58.38045,6.32715,2021,,
NO-0082-TL21-G3-2020-2-22R.dw.png,NO-0082,58.38045,6.32715,2021,,
NO-0082-TL21-G3-2020-2-23R.dw.png,NO-0082,58.38045,6.32715,2021,,
NO-0082-TL21-G3-2020-2-24R.dw.png,NO-0082,58.38045,6.32715,2021,,
NO-0082-TL21-G3-2020-2-25R.dw.png,NO-0082,58.38045,6.32715,2021,,
NO-0082-TL21-G3-2020-2-26R.dw.png,NO-0082,58.38045,6.32715,2021,,
NO-0082-TL21-G3-2020-2-27R.dw.png,NO-0082,58.38045,6.32715,2021,,
NO-0082-TL21-G3-2020-2-28R.dw.png,NO-0082,58.38045,6.32715,2021,,
NO-0082-TL21-G3-2020-2-2R.dw.png,NO-0082,58.38045,6.32715,2021,,
NO-0082-TL21-G3-2020-2-3R.dw.png,NO-0082,58.38045,6.32715,2021,,
NO-0082-TL21-G3-2020-2-4R.dw.png,NO-0082,58.38045,6.32715,2021,,
NO-0082-TL21-G3-2020-2-5R.dw.png,NO-0082,58.38045,6.32715,2021,,
NO-0082-TL21-G3-2020-2-6R.dw.png,NO-0082,58.38045,6.32715,2021,,
NO-0082-TL21-G3-2020-2-7R.dw.png,NO-0082,58.38045,6.32715,2021,,
NO-0082-TL21-G3-2020-2-8R.dw.png,NO-0082,58.38045,6.32715,2021,,
NO-0082-TL21-G3-2020-2-9R.dw.png,NO-0082,58.38045,6.32715,2021,,
NO-0083-TL21-Sverm-0R.dw.png,NO-0083,58.38045,6.32715,2021,,
NO-0083-TL21-Sverm-10R.dw.png,NO-0083,58.38045,6.32715,2021,,
NO-0083-TL21-Sverm-11R.dw.png,NO-0083,58.38045,6.32715,2021,,
NO-0083-TL21-Sverm-12R.dw.png,NO-0083,58.38045,6.32715,2021,,
NO-0083-TL21-Sverm-13R.dw.png,NO-0083,58.38045,6.32715,2021,,
NO-0083-TL21-Sverm-14R.dw.png,NO-0083,58.38045,6.32715,2021,,
NO-0083-TL21-Sverm-15R.dw.png,NO-0083,58.38045,6.32715,2021,,
NO-0083-TL21-Sverm-16R.dw.png,NO-0083,58.38045,6.32715,2021,,
NO-0083-TL21-Sverm-17R.dw.png,NO-0083,58.38045,6.32715,2021,,
NO-0083-TL21-Sverm-18R.dw.png,NO-0083,58.38045,6.32715,2021,,
NO-0083-TL21-Sverm-19R.dw.png,NO-0083,58.38045,6.32715,2021,,
NO-0083-TL21-Sverm-1R.dw.png,NO-0083,58.38045,6.32715,2021,,
NO-0083-TL21-Sverm-20R.dw.png,NO-0083,58.38045,6.32715,2021,,
NO-0083-TL21-Sverm-21R.dw.png,NO-0083,58.38045,6.32715,2021,,
NO-0083-TL21-Sverm-22R.dw.png,NO-0083,58.38045,6.32715,2021,,
NO-0083-TL21-Sverm-23R.dw.png,NO-0083,58.38045,6.32715,2021,,
NO-0083-TL21-Sverm-24R.dw.png,NO-0083,58.38045,6.32715,2021,,
NO-0083-TL21-Sverm-25R.dw.png,NO-0083,58.38045,6.32715,2021,,
NO-0083-TL21-Sverm-26R.dw.png,NO-0083,58.38045,6.32715,2021,,
NO-0083-TL21-Sverm-2R.dw.png,NO-0083,58.38045,6.32715,2021,,
NO-0083-TL21-Sverm-3R.dw.png,NO-0083,58.38045,6.32715,2021,,
NO-0083-TL21-Sverm-4R.dw.png,NO-0083,58.38045,6.32715,2021,,
NO-0083-TL21-Sverm-5R.dw.png,NO-0083,58.38045,6.32715,2021,,
NO-0083-TL21-Sverm-6R.dw.png,NO-0083,58.38045,6.32715,2021,,
NO-0083-TL21-Sverm-7R.dw.png,NO-0083,58.38045,6.32715,2021,,
NO-0083-TL21-Sverm-8R.dw.png,NO-0083,58.38045,6.32715,2021,,
NO-0083-TL21-Sverm-9R.dw.png,NO-0083,58.38045,6.32715,2021,,
NO-0084-TMy21-8-0R.dw.png,NO-0084,58.28814,6.64488,2021,,
NO-0084-TMy21-8-10R.dw.png,NO-0084,58.28814,6.64488,2021,,
NO-0084-TMy21-8-11R.dw.png,NO-0084,58.28814,6.64488,2021,,
NO-0084-TMy21-8-12R.dw.png,NO-0084,58.28814,6.64488,2021,,
NO-0084-TMy21-8-13R.dw.png,NO-0084,58.28814,6.64488,2021,,
NO-0084-TMy21-8-14R.dw.png,NO-0084,58.28814,6.64488,2021,,
NO-0084-TMy21-8-15R.dw.png,NO-0084,58.28814,6.64488,2021,,
NO-0084-TMy21-8-16R.dw.png,NO-0084,58.28814,6.64488,2021,,
NO-0084-TMy21-8-17R.dw.png,NO-0084,58.28814,6.64488,2021,,
NO-0084-TMy21-8-18R.dw.png,NO-0084,58.28814,6.64488,2021,,
NO-0084-TMy21-8-19R.dw.png,NO-0084,58.28814,6.64488,2021,,
NO-0084-TMy21-8-1R.dw.png,NO-0084,58.28814,6.64488,2021,,
NO-0084-TMy21-8-20R.dw.png,NO-0084,58.28814,6.64488,2021,,
NO-0084-TMy21-8-21R.dw.png,NO-0084,58.28814,6.64488,2021,,
NO-0084-TMy21-8-23R.dw.png,NO-0084,58.28814,6.64488,2021,,
NO-0084-TMy21-8-24R.dw.png,NO-0084,58.28814,6.64488,2021,,
NO-0084-TMy21-8-25R.dw.png,NO-0084,58.28814,6.64488,2021,,
NO-0084-TMy21-8-2R.dw.png,NO-0084,58.28814,6.64488,2021,,
NO-0084-TMy21-8-3R.dw.png,NO-0084,58.28814,6.64488,2021,,
NO-0084-TMy21-8-4R.dw.png,NO-0084,58.28814,6.64488,2021,,
NO-0084-TMy21-8-5R.dw.png,NO-0084,58.28814,6.64488,2021,,
NO-0084-TMy21-8-6R.dw.png,NO-0084,58.28814,6.64488,2021,,
NO-0084-TMy21-8-7R.dw.png,NO-0084,58.28814,6.64488,2021,,
NO-0084-TMy21-8-8R.dw.png,NO-0084,58.28814,6.64488,2021,,
NO-0084-TMy21-8-9R.dw.png,NO-0084,58.28814,6.64488,2021,,
