"file","x1","y1","x2","y2","x3","y3","x4","y4","x5","y5","x6","y6","x7","y7","x8","y8","x9","y9","x10","y10","x11","y11","x12","y12","x13","y13","x14","y14","x15","y15","x16","y16","x17","y17","x18","y18","x19","y19"
"NO-0001-AkM21-222-6-0R.dw.png","200","174","228","173","257","253","266","197","279","117","334","257","383","289","369","268","410","237","380","215","423","181","431","140","448","111","452","282","485","248","570","208","605","206","612","175","83","245"
"NO-0001-AkM21-222-6-10R.dw.png","206","177","238","177","266","259","268","198","290","121","344","262","402","296","386","272","426","240","399","220","440","186","446","144","464","115","467","288","498","255","587","211","621","209","625","177","81","251"
"NO-0001-AkM21-222-6-11R.dw.png","201","174","230","173","261","255","263","195","277","118","341","260","393","293","379","271","425","239","389","217","430","182","437","142","454","113","462","285","497","250","580","210","615","206","622","175","79","246"
"NO-0001-AkM21-222-6-12R.dw.png","199","172","229","171","263","251","268","196","279","118","337","254","390","287","375","265","411","232","386","213","425","178","429","138","447","108","454","278","486","246","564","205","595","202","603","171","81","242"
"NO-0001-AkM21-222-6-13R.dw.png","200","169","230","169","260","247","266","193","281","112","335","249","390","282","375","260","411","225","389","211","426","173","430","133","448","103","460","273","487","242","566","201","605","198","613","167","83","246"
"NO-0001-AkM21-222-6-14R.dw.png","203","176","232","176","262","256","268","201","285","123","339","262","392","294","377","274","419","241","392","221","434","188","441","147","459","118","464","286","497","257","583","215","615","212","619","180","78","242"
"NO-0001-AkM21-222-6-15R.dw.png","207","172","241","173","267","254","278","198","291","119","356","259","409","291","394","270","435","237","404","217","446","184","452","141","471","112","478","283","511","248","598","209","633","207","641","176","84","246"
"NO-0001-AkM21-222-6-16R.dw.png","197","173","225","172","262","251","262","194","276","115","340","254","395","287","378","265","413","230","388","213","428","176","431","137","447","105","459","278","490","245","563","204","602","200","607","168","79","246"
"NO-0001-AkM21-222-6-17R.dw.png","202","167","228","167","256","244","263","190","280","114","332","247","385","279","371","258","409","226","381","207","421","175","425","136","443","106","453","271","483","239","562","199","596","196","604","166","81","236"
"NO-0001-AkM21-222-6-18R.dw.png","205","168","235","169","266","245","271","193","284","116","343","250","393","280","379","259","421","228","390","209","430","175","434","136","449","108","467","273","501","240","576","201","611","198","618","170","80","234"
"NO-0001-AkM21-222-6-19R.dw.png","207","175","238","176","270","257","274","201","292","122","345","263","398","296","382","273","423","241","400","222","438","187","444","144","459","117","466","289","500","255","586","215","616","211","622","181","79","247"
"NO-0001-AkM21-222-6-1R.dw.png","213","183","242","183","277","265","278","207","298","124","355","271","409","304","395","282","432","246","410","229","447","191","449","148","470","115","480","296","514","262","602","218","637","215","648","184","86","256"
"NO-0001-AkM21-222-6-20R.dw.png","202","170","234","171","262","250","267","194","282","117","338","256","390","288","375","266","420","236","389","216","429","180","434","140","452","111","455","280","489","246","571","207","605","203","609","172","79","241"
"NO-0001-AkM21-222-6-22R.dw.png","201","178","230","178","259","259","267","201","282","120","339","262","396","296","381","274","424","241","389","219","432","184","438","144","456","113","461","288","495","254","579","215","615","211","620","179","83","256"
"NO-0001-AkM21-222-6-23R.dw.png","195","170","224","170","257","250","256","193","280","118","329","253","383","286","368","264","411","234","381","213","425","182","431","142","450","114","452","279","483","247","568","207","602","205","608","175","77","240"
"NO-0001-AkM21-222-6-24R.dw.png","204","175","237","176","273","256","275","200","286","121","352","259","398","288","386","268","429","236","397","215","435","182","440","141","457","112","470","281","502","248","588","206","620","203","625","171","83","249"
"NO-0001-AkM21-222-6-25R.dw.png","200","170","232","171","256","247","264","192","282","116","335","252","389","285","373","263","414","231","385","211","425","178","430","137","448","109","452","277","482","245","567","204","606","201","612","170","79","242"
"NO-0001-AkM21-222-6-26R.dw.png","201","167","234","168","264","247","274","193","284","113","349","250","402","281","387","259","424","226","395","206","436","173","440","136","456","106","466","273","502","239","577","201","617","196","622","165","79","239"
"NO-0001-AkM21-222-6-27R.dw.png","209","178","235","178","269","258","274","202","291","122","345","262","399","295","385","274","424","240","399","221","436","187","439","146","457","114","468","287","502","256","585","212","621","209","629","181","82","244"
"NO-0001-AkM21-222-6-28R.dw.png","212","181","236","179","269","261","278","205","292","122","351","266","405","299","391","279","427","242","399","222","440","188","442","144","463","111","471","291","507","257","587","212","623","209","632","178","89","255"
"NO-0001-AkM21-222-6-29R.dw.png","206","175","233","174","263","254","271","198","288","118","345","259","395","290","383","270","422","236","397","218","434","184","439","141","458","110","465","282","499","252","585","207","617","205","625","175","84","244"
"NO-0001-AkM21-222-6-2R.dw.png","202","173","234","172","263","251","272","197","284","119","346","255","399","287","385","267","426","234","392","213","434","180","440","141","457","113","466","279","499","246","578","208","613","205","619","174","84","246"
"NO-0001-AkM21-222-6-3R.dw.png","208","175","238","175","267","256","274","199","287","118","347","261","399","293","384","271","429","239","394","217","437","181","442","139","460","109","470","285","503","250","582","209","617","205","626","174","79","243"
"NO-0001-AkM21-222-6-4R.dw.png","203","176","230","175","264","256","270","201","282","120","340","258","389","292","374","269","418","238","386","217","429","182","434","142","451","111","457","284","489","252","574","209","610","206","613","173","79","249"
"NO-0001-AkM21-222-6-5R.dw.png","202","171","233","171","265","250","272","195","282","116","344","253","399","286","381","264","425","231","393","210","434","176","439","137","459","109","462","278","498","243","579","206","617","202","624","172","81","244"
"NO-0001-AkM21-222-6-6R.dw.png","204","168","231","167","261","246","265","189","283","115","339","250","391","281","376","260","416","228","388","208","429","174","433","135","450","105","460","273","490","241","569","200","605","196","612","165","78","237"
"NO-0001-AkM21-222-6-7R.dw.png","201","170","231","170","268","252","268","195","283","116","339","253","392","286","379","265","419","233","387","211","431","178","437","139","453","110","460","279","494","246","572","206","608","203","612","172","78","240"
"NO-0001-AkM21-222-6-8R.dw.png","206","171","236","170","268","248","274","194","285","115","342","250","398","283","383","262","420","230","393","211","434","175","437","134","452","106","463","277","495","243","577","203","610","200","619","170","83","244"
"NO-0001-AkM21-222-6-9R.dw.png","204","170","236","170","268","249","276","196","288","118","352","255","404","285","390","265","427","230","399","211","440","177","445","138","458","111","478","277","509","242","585","205","625","200","630","171","76","242"
"NO-0002-AkM21-230-5-0R.dw.png","196","171","226","172","251","249","261","194","277","115","336","252","395","285","380","262","417","228","390","210","428","176","433","136","452","106","463","276","501","240","571","201","608","197","614","165","81","243"
"NO-0002-AkM21-230-5-10R.dw.png","205","177","233","177","259","255","268","200","290","117","341","259","405","294","390","272","433","237","403","218","446","181","450","139","467","107","474","286","514","249","593","209","629","206","637","174","80","245"
"NO-0002-AkM21-230-5-11R.dw.png","202","181","230","181","262","260","269","205","281","123","340","261","397","296","379","273","423","240","393","220","434","186","439","145","458","111","464","288","503","251","583","211","618","209","627","178","81","250"
"NO-0002-AkM21-230-5-12R.dw.png","203","176","232","177","263","257","269","200","285","121","342","260","396","296","380","273","427","239","395","219","437","185","443","143","463","109","464","288","505","250","585","210","621","207","627","175","79","245"
"NO-0002-AkM21-230-5-13R.dw.png","199","172","226","173","264","257","265","199","286","117","340","262","399","299","382","275","421","240","394","221","438","185","443","143","461","109","466","290","504","255","581","214","621","212","628","178","75","241"
"NO-0002-AkM21-230-5-14R.dw.png","199","175","225","175","261","254","264","199","278","121","337","256","392","292","376","268","421","236","387","215","429","183","433","142","451","109","458","283","494","247","575","207","614","204","622","175","80","244"
"NO-0002-AkM21-230-5-15R.dw.png","197","173","224","174","253","255","262","199","276","118","331","259","389","295","374","272","414","238","387","220","425","183","431","140","449","108","459","286","495","249","574","210","610","208","621","177","78","241"
"NO-0002-AkM21-230-5-16R.dw.png","202","176","231","176","265","256","265","199","287","119","338","260","404","296","388","274","426","238","398","219","442","183","448","141","466","110","471","287","509","249","589","210","626","207","634","176","79","244"
"NO-0002-AkM21-230-5-17R.dw.png","206","179","233","180","267","264","271","205","291","124","349","268","405","303","391","281","433","246","400","225","440","190","448","143","466","111","478","294","513","256","589","216","622","214","628","181","82","252"
"NO-0002-AkM21-230-5-18R.dw.png","199","177","228","176","261","260","261","198","282","123","341","262","399","296","383","274","425","240","394","220","437","186","444","145","464","113","474","287","506","253","583","213","619","209","628","178","78","248"
"NO-0002-AkM21-230-5-19R.dw.png","195","174","224","174","258","257","262","199","279","118","335","261","398","295","383","273","419","236","392","218","433","182","439","140","455","109","468","286","506","249","583","210","616","206","624","176","79","247"
"NO-0002-AkM21-230-5-1R.dw.png","199","174","225","174","262","256","264","199","284","119","345","260","400","295","385","272","420","236","392","217","433","184","436","141","454","108","468","286","504","251","581","210","616","207","623","175","79","246"
"NO-0002-AkM21-230-5-20R.dw.png","196","170","225","171","250","248","261","195","281","116","333","254","391","289","376","266","415","233","387","216","427","181","432","141","451","109","459","279","495","242","569","205","601","202","608","171","78","237"
"NO-0002-AkM21-230-5-21R.dw.png","191","170","220","170","251","249","262","197","272","116","333","253","389","286","375","264","414","232","383","212","424","180","428","139","445","109","456","277","491","243","567","206","606","202","614","172","79","239"
"NO-0002-AkM21-230-5-22R.dw.png","196","170","224","169","254","249","262","194","284","116","334","253","395","287","377","265","419","230","395","214","435","178","440","137","459","105","461","279","500","242","581","203","617","199","624","168","80","240"
"NO-0002-AkM21-230-5-23R.dw.png","207","183","234","183","265","268","272","208","292","125","347","272","405","306","390","284","432","249","400","228","441","192","450","148","469","116","480","297","516","262","589","221","626","217","632","185","81","253"
"NO-0002-AkM21-230-5-24R.dw.png","195","166","227","166","256","243","264","190","274","113","328","245","385","279","371","257","408","226","379","207","421","175","426","134","442","105","450","271","481","238","556","199","590","196","597","165","77","236"
"NO-0002-AkM21-230-5-25R.dw.png","200","171","229","171","259","255","266","198","283","115","338","260","398","295","384","274","420","237","392","216","435","183","443","141","463","107","470","286","503","252","584","210","622","207","630","174","79","244"
"NO-0002-AkM21-230-5-26R.dw.png","201","176","226","175","263","259","267","201","285","119","344","262","403","297","388","275","424","239","396","221","433","185","438","143","457","113","472","288","510","251","578","212","618","209","623","178","79","249"
"NO-0002-AkM21-230-5-2R.dw.png","206","178","231","178","267","260","271","204","290","119","345","264","406","299","390","276","429","241","400","222","438","185","446","143","465","108","475","291","513","256","593","213","631","210","637","176","81","249"
"NO-0002-AkM21-230-5-3R.dw.png","199","178","228","178","267","258","269","202","277","121","346","259","403","293","387","271","427","237","395","217","434","183","438","141","457","108","470","284","506","246","580","207","616","204","623","172","84","253"
"NO-0002-AkM21-230-5-4R.dw.png","206","177","228","175","262","256","269","200","282","121","340","259","395","292","380","270","420","236","392","218","432","181","438","140","455","108","465","283","500","248","576","207","611","204","619","172","82","243"
"NO-0002-AkM21-230-5-5R.dw.png","200","179","230","180","263","260","266","204","287","123","339","264","404","301","387","277","433","242","404","224","444","187","447","145","467","109","475","292","510","255","590","215","631","211","638","178","82","253"
"NO-0002-AkM21-230-5-6R.dw.png","203","181","233","181","267","262","269","205","285","124","344","265","399","300","384","276","429","243","398","223","436","186","442","144","461","113","471","291","507","254","589","213","622","210","630","180","82","254"
"NO-0002-AkM21-230-5-7R.dw.png","202","179","227","178","259","258","267","202","283","121","335","262","395","296","380","274","416","238","396","223","434","183","441","140","458","108","469","287","504","252","579","211","617","207","627","176","80","245"
"NO-0002-AkM21-230-5-8R.dw.png","203","170","231","171","259","248","262","193","284","116","340","253","400","287","385","266","424","231","396","214","436","179","440","139","459","107","472","278","505","244","580","204","616","201","622","169","83","240"
"NO-0002-AkM21-230-5-9R.dw.png","191","166","218","165","247","242","255","190","273","113","323","245","383","280","367","258","408","225","380","207","419","175","423","136","443","105","451","272","483","236","556","200","594","196","601","165","78","237"
"NO-0003-AL11-205-2020-0R.dw.png","208","167","237","167","263","246","277","193","289","114","352","250","407","280","393","259","433","225","406","207","444","175","445","133","463","102","481","271","513","235","593","195","633","190","641","160","82","235"
"NO-0003-AL11-205-2020-10R.dw.png","204","171","232","172","260","252","272","197","287","116","350","256","399","284","386","265","424","229","406","214","438","180","441","136","458","106","475","276","505","244","594","199","630","195","637","166","82","239"
"NO-0003-AL11-205-2020-11R.dw.png","206","174","231","173","258","254","268","196","284","117","340","257","395","287","383","268","422","234","397","215","432","180","437","139","454","111","465","281","500","245","580","205","618","203","628","174","81","246"
"NO-0003-AL11-205-2020-12R.dw.png","199","172","228","171","248","248","259","191","276","117","338","250","390","277","376","258","414","224","398","210","432","174","433","133","449","102","469","269","498","238","580","195","618","190","625","160","83","239"
"NO-0003-AL11-205-2020-13R.dw.png","202","172","230","169","261","251","270","195","280","112","344","254","396","283","384","265","423","231","396","212","433","177","438","137","457","107","471","276","504","242","581","204","622","200","630","169","80","239"
"NO-0003-AL11-205-2020-14R.dw.png","204","174","231","173","259","253","271","199","284","116","341","255","397","284","385","265","425","232","391","211","437","177","442","135","462","104","475","277","508","243","592","200","633","194","643","164","79","240"
"NO-0003-AL11-205-2020-15R.dw.png","204","174","231","174","261","254","266","197","289","118","338","257","395","288","383","269","425","234","398","215","436","182","443","142","464","111","473","280","505","246","585","205","625","200","634","171","81","240"
"NO-0003-AL11-205-2020-16R.dw.png","198","166","225","164","255","241","264","188","275","111","342","245","390","271","379","254","419","221","392","203","429","169","431","130","447","103","466","264","497","232","578","190","614","186","622","156","81","234"
"NO-0003-AL11-205-2020-17R.dw.png","201","174","228","173","251","250","269","197","282","116","343","252","399","281","386","262","425","228","402","211","438","178","440","135","457","104","471","274","509","237","592","198","627","195","636","166","81","243"
"NO-0003-AL11-205-2020-18R.dw.png","217","177","243","176","277","260","279","200","300","118","358","262","412","292","398","272","443","237","418","218","457","183","462","140","481","110","488","285","525","249","612","205","648","202","658","171","83","248"
"NO-0003-AL11-205-2020-19R.dw.png","203","170","231","170","265","250","269","195","288","114","350","253","403","284","389","264","427","229","401","211","441","178","441","135","458","105","477","276","509","242","592","200","628","195","637","164","81","240"
"NO-0003-AL11-205-2020-1R.dw.png","198","176","223","174","258","253","264","199","277","118","335","256","393","285","381","266","419","232","391","213","430","180","433","139","450","109","468","278","501","245","580","204","618","200","627","171","77","243"
"NO-0003-AL11-205-2020-20R.dw.png","203","175","230","174","262","257","269","201","285","120","343","260","394","290","382","271","422","236","399","219","438","184","442","143","460","112","471","283","507","247","590","207","627","203","637","173","80","240"
"NO-0003-AL11-205-2020-21R.dw.png","210","174","237","173","267","256","274","198","288","116","348","258","401","287","387","267","430","233","408","216","445","180","448","139","468","108","478","280","514","246","601","203","634","200","645","169","82","243"
"NO-0003-AL11-205-2020-22R.dw.png","199","166","225","166","256","247","260","190","278","113","335","250","388","277","379","261","418","225","393","208","430","173","434","134","450","105","465","271","500","239","580","198","616","193","626","164","76","230"
"NO-0003-AL11-205-2020-23R.dw.png","203","171","230","171","252","251","263","193","281","117","337","255","387","284","375","265","413","231","394","216","432","179","437","137","453","106","467","277","496","244","581","201","615","196","623","165","79","237"
"NO-0003-AL11-205-2020-24R.dw.png","209","169","238","170","266","248","270","191","288","116","345","250","400","281","387","261","428","228","404","210","442","174","445","135","465","105","476","272","509","238","592","197","630","192","640","162","82","233"
"NO-0003-AL11-205-2020-25R.dw.png","204","170","231","170","257","248","271","195","282","115","340","251","396","282","379","260","417","226","400","212","433","177","436","135","451","105","467","275","499","240","581","199","617","194","625","165","80","234"
"NO-0003-AL11-205-2020-2R.dw.png","210","178","237","177","267","261","277","202","288","120","348","263","403","293","389","273","434","237","406","218","444","182","447","140","466","110","481","286","512","251","595","207","637","202","646","170","83","250"
"NO-0003-AL11-205-2020-3R.dw.png","191","168","222","169","244","246","258","192","272","115","326","248","384","277","373","260","412","225","385","207","425","174","428","135","445","105","460","270","495","236","570","197","605","192","613","163","74","235"
"NO-0003-AL11-205-2020-4R.dw.png","203","173","229","173","262","254","267","198","284","118","339","257","396","290","383","269","425","235","397","215","437","182","442","140","461","110","472","282","506","246","591","205","628","202","638","173","75","240"
"NO-0003-AL11-205-2020-5R.dw.png","203","171","230","170","259","249","264","192","281","115","341","253","391","281","379","262","417","227","395","210","431","177","437","136","456","107","461","274","496","240","580","199","616","196","624","170","80","239"
"NO-0003-AL11-205-2020-6R.dw.png","205","172","232","171","267","254","272","198","288","117","344","256","397","287","384","267","423","232","399","213","439","180","442","138","461","108","474","280","506","247","590","202","628","197","638","168","79","239"
"NO-0003-AL11-205-2020-7R.dw.png","196","170","223","170","249","248","259","193","278","114","335","250","392","279","378","260","415","226","394","209","430","177","432","137","447","109","465","272","500","240","578","202","615","198","623","170","79","243"
"NO-0003-AL11-205-2020-8R.dw.png","201","173","230","172","259","250","271","198","279","117","341","251","397","282","382","261","424","229","393","209","434","176","438","134","457","104","468","274","503","239","586","197","626","195","635","165","82","245"
"NO-0003-AL11-205-2020-9R.dw.png","199","166","229","167","258","246","268","193","285","111","342","252","393","281","383","263","428","229","395","207","437","175","439","133","458","103","475","273","508","238","585","198","625","193","633","164","75","231"
"NO-0004-AL11-240-2020-0R.dw.png","200","177","231","177","255","258","269","202","284","120","339","263","394","298","378","275","423","240","395","220","434","185","439","144","457","113","465","289","502","251","583","214","623","210","631","179","77","247"
"NO-0004-AL11-240-2020-10R.dw.png","205","177","233","175","259","255","272","199","283","116","346","259","397","289","382","268","423","232","396","213","439","180","443","139","461","110","471","281","501","246","589","207","625","203","636","172","82","245"
"NO-0004-AL11-240-2020-11R.dw.png","204","174","232","173","267","255","271","198","288","118","347","258","398","287","386","268","427","234","402","217","440","182","443","141","459","111","473","280","507","245","583","206","620","202","627","171","85","244"
"NO-0004-AL11-240-2020-12R.dw.png","214","179","244","178","278","262","278","202","294","121","353","265","407","298","394","277","440","243","413","224","449","185","455","145","474","115","477","291","519","254","604","212","637","209","647","177","86","253"
"NO-0004-AL11-240-2020-13R.dw.png","209","177","234","176","275","259","278","204","293","121","349","263","401","294","389","274","431","238","406","220","448","185","451","143","467","115","476","287","512","250","597","210","628","206","634","173","87","250"
"NO-0004-AL11-240-2020-14R.dw.png","203","175","230","175","261","253","273","201","282","121","340","256","395","287","382","268","422","233","396","213","436","181","441","141","459","110","471","280","506","244","586","205","625","200","633","169","82","242"
"NO-0004-AL11-240-2020-15R.dw.png","209","171","239","172","263","252","272","196","292","117","346","256","398","287","385","266","427","232","406","216","444","182","448","140","466","112","472","280","508","245","586","205","624","200","631","169","83","240"
"NO-0004-AL11-240-2020-16R.dw.png","202","167","231","167","258","243","267","193","283","114","338","247","391","277","379","257","421","224","393","205","430","174","435","133","453","104","467","269","499","235","579","194","616","191","624","160","78","231"
"NO-0004-AL11-240-2020-17R.dw.png","204","176","233","175","269","257","269","198","283","118","348","260","395","290","384","271","426","236","400","218","440","182","445","141","462","111","471","283","508","248","585","208","623","204","630","173","84","249"
"NO-0004-AL11-240-2020-18R.dw.png","206","173","233","172","259","248","271","197","283","115","338","254","392","284","380","264","420","230","394","210","435","177","439","136","456","106","469","276","502","240","583","200","620","197","629","166","80","239"
"NO-0004-AL11-240-2020-19R.dw.png","207","174","236","173","272","255","274","197","291","118","353","257","404","285","392","268","433","233","409","216","446","180","449","139","465","111","478","279","512","245","591","204","627","199","634","169","89","248"
"NO-0004-AL11-240-2020-1R.dw.png","214","174","242","174","279","254","279","199","296","119","349","257","405","289","391","266","434","232","408","214","448","182","450","141","466","111","474","281","509","246","589","206","629","202","637","170","86","246"
"NO-0004-AL11-240-2020-20R.dw.png","203","173","230","173","262","252","267","197","284","117","341","258","391","286","380","268","420","233","392","213","432","179","437","138","455","107","469","278","500","244","586","203","620","197","628","166","79","240"
"NO-0004-AL11-240-2020-21R.dw.png","207","171","234","170","262","248","268","193","285","114","344","252","398","284","385","263","428","229","401","210","438","177","441","137","460","106","471","275","508","238","585","199","620","194","627","163","84","242"
"NO-0004-AL11-240-2020-22R.dw.png","202","173","233","172","267","251","266","193","284","116","343","254","395","283","384","265","431","231","403","213","440","178","444","136","461","107","473","275","507","242","585","201","621","196","628","165","86","246"
"NO-0004-AL11-240-2020-23R.dw.png","201","173","230","173","258","251","268","198","282","117","335","254","389","285","374","264","410","229","387","211","428","177","432","136","450","106","457","278","491","242","575","201","608","197","617","166","80","241"
"NO-0004-AL11-240-2020-2R.dw.png","204","169","229","168","267","246","265","192","281","116","343","249","398","279","383","259","416","224","395","207","434","173","438","132","455","104","469","271","501","236","580","195","613","191","617","158","80","236"
"NO-0004-AL11-240-2020-3R.dw.png","210","175","237","175","273","258","274","200","291","119","345","262","400","295","385","273","427","237","402","219","442","184","449","143","469","115","471","287","510","251","593","211","626","208","636","175","83","249"
"NO-0004-AL11-240-2020-4R.dw.png","204","176","232","175","263","256","273","200","287","118","346","261","397","293","384","272","429","238","400","218","439","183","443","143","461","112","472","284","511","248","586","211","626","207","636","175","82","244"
"NO-0004-AL11-240-2020-5R.dw.png","212","177","239","176","277","254","275","199","297","118","347","258","403","289","389","269","431","234","404","214","447","182","451","140","469","111","477","282","511","247","595","206","632","201","640","169","84","245"
"NO-0004-AL11-240-2020-6R.dw.png","202","171","228","170","254","248","269","197","279","115","337","253","390","283","376","262","415","227","391","208","428","175","432","136","450","105","458","276","492","240","579","197","608","194","616","163","79","237"
"NO-0004-AL11-240-2020-7R.dw.png","205","174","231","172","260","249","272","198","283","117","340","255","393","286","379","265","422","230","394","209","433","177","437","136","455","106","465","278","500","239","578","200","616","195","626","164","80","240"
"NO-0004-AL11-240-2020-8R.dw.png","204","177","231","177","259","255","265","200","282","121","342","260","397","292","384","271","426","237","397","217","436","184","440","144","459","111","469","285","505","249","585","208","622","203","631","172","82","245"
"NO-0004-AL11-240-2020-9R.dw.png","208","176","238","176","260","257","271","201","295","120","344","261","400","296","385","273","430","239","401","219","443","187","448","146","466","115","472","287","507","252","595","212","633","209","641","178","81","247"
"NO-0005-AL11-304-2020-0R.dw.png","202","175","230","174","266","251","267","196","285","116","346","252","404","282","387","261","429","228","402","209","439","178","439","135","454","106","475","274","505","241","585","199","619","195","625","165","86","253"
"NO-0005-AL11-304-2020-10R.dw.png","198","171","230","171","261","250","266","195","286","116","341","253","398","285","384","264","422","228","400","211","439","181","442","140","461","109","469","278","506","241","586","201","622","196","628","166","80","241"
"NO-0005-AL11-304-2020-11R.dw.png","210","181","236","180","270","261","276","206","291","122","347","265","404","297","390","276","432","240","406","221","446","186","452","145","469","115","475","290","513","252","594","212","626","210","635","178","81","253"
"NO-0005-AL11-304-2020-12R.dw.png","203","174","233","174","263","254","272","199","292","118","347","257","405","289","390","269","435","236","404","214","443","182","447","141","466","111","477","281","508","247","592","206","628","202","634","171","81","246"
"NO-0005-AL11-304-2020-13R.dw.png","198","170","228","170","249","245","265","193","282","116","336","247","391","278","376","257","416","224","392","206","428","174","429","135","449","104","461","271","492","237","572","193","610","189","618","160","81","240"
"NO-0005-AL11-304-2020-14R.dw.png","197","172","228","172","251","247","262","194","279","117","332","248","392","280","378","260","417","227","388","207","428","177","433","137","449","109","462","273","496","240","568","201","605","197","614","169","79","240"
"NO-0005-AL11-304-2020-15R.dw.png","207","166","237","167","265","248","272","193","296","113","348","251","404","285","390","264","434","229","407","210","448","178","451","134","468","104","479","277","513","243","596","198","634","194","642","163","81","236"
"NO-0005-AL11-304-2020-16R.dw.png","201","178","230","177","263","256","265","199","287","121","344","259","404","292","387","269","425","236","399","217","437","186","439","143","459","112","470","285","501","250","584","209","619","206","625","175","81","251"
"NO-0005-AL11-304-2020-17R.dw.png","195","167","228","168","248","246","266","194","287","114","336","249","391","280","377","260","418","226","394","208","433","178","436","136","454","106","465","273","501","237","574","198","618","192","628","161","76","236"
"NO-0005-AL11-304-2020-18R.dw.png","204","171","236","172","260","250","270","196","295","116","340","253","400","286","387","266","430","232","399","211","440","182","443","139","462","110","475","279","506","245","584","202","624","198","632","168","81","244"
"NO-0005-AL11-304-2020-19R.dw.png","199","174","230","173","256","255","267","198","289","117","343","255","405","288","389","266","430","233","398","211","441","182","444","140","463","110","473","280","505","245","587","206","628","201","637","172","81","251"
"NO-0005-AL11-304-2020-1R.dw.png","210","179","239","178","274","257","276","203","294","122","352","260","407","292","393","271","435","237","409","218","448","183","454","141","472","113","478","285","514","248","598","206","635","201","645","170","80","249"
"NO-0005-AL11-304-2020-20R.dw.png","214","181","243","179","270","258","281","203","296","121","351","262","412","295","398","275","439","238","412","218","454","183","459","142","477","111","485","287","522","249","607","209","641","205","649","172","85","255"
"NO-0005-AL11-304-2020-21R.dw.png","207","176","237","176","262","255","272","198","294","120","346","257","405","289","389","267","428","232","403","214","444","184","445","140","463","109","476","281","507","247","589","207","622","203","628","170","82","252"
"NO-0005-AL11-304-2020-22R.dw.png","208","182","239","181","274","262","276","205","292","123","351","265","412","297","397","276","437","241","407","220","452","185","459","143","477","114","485","289","518","255","601","213","637","208","647","176","84","255"
"NO-0005-AL11-304-2020-23R.dw.png","201","175","233","175","261","254","269","199","291","120","345","255","404","288","389","267","432","233","404","214","442","183","445","142","465","111","475","281","510","244","589","203","631","199","636","169","82","245"
"NO-0005-AL11-304-2020-24R.dw.png","202","176","229","176","261","256","268","200","286","118","344","258","403","288","388","268","432","235","401","214","440","184","442","141","458","112","477","280","508","245","583","206","622","201","627","172","84","251"
"NO-0005-AL11-304-2020-25R.dw.png","204","177","232","176","264","256","270","200","293","122","348","258","410","291","392","269","430","234","404","215","445","184","448","142","467","110","480","283","510","248","593","206","632","201","638","169","84","250"
"NO-0005-AL11-304-2020-26R.dw.png","202","169","232","170","264","248","268","193","290","113","343","252","395","282","382","262","428","229","396","207","437","176","442","133","459","104","471","274","503","239","584","197","619","192","626","163","79","241"
"NO-0005-AL11-304-2020-27R.dw.png","206","173","235","172","266","250","272","197","292","119","341","252","401","285","387","264","434","231","403","211","446","180","447","139","464","108","480","276","508","244","592","201","628","197","636","167","84","248"
"NO-0005-AL11-304-2020-2R.dw.png","201","171","233","171","262","250","273","197","288","118","346","253","403","285","389","264","430","230","401","209","442","180","445","139","463","109","475","277","508","243","586","201","627","197","633","167","82","243"
"NO-0005-AL11-304-2020-3R.dw.png","202","178","231","177","262","256","271","202","289","120","346","258","406","292","389","269","430","235","404","216","442","183","446","141","463","111","475","283","506","249","591","206","626","203","632","172","83","253"
"NO-0005-AL11-304-2020-4R.dw.png","204","173","234","172","256","250","268","195","286","118","342","254","400","286","384","264","427","231","401","212","439","181","441","139","459","110","470","278","503","244","581","203","619","199","628","169","85","245"
"NO-0005-AL11-304-2020-5R.dw.png","204","175","231","174","266","253","270","200","290","119","345","255","401","288","386","266","429","232","404","214","441","182","443","140","460","109","476","280","508","246","590","205","629","200","637","171","81","248"
"NO-0005-AL11-304-2020-6R.dw.png","206","175","235","174","269","253","272","198","292","118","348","257","403","289","387","267","425","232","401","214","443","182","446","138","462","109","467","282","503","247","586","206","622","201","630","171","81","245"
"NO-0005-AL11-304-2020-7R.dw.png","196","171","229","172","256","247","262","196","284","116","336","248","393","280","378","259","418","226","392","207","430","178","432","138","450","108","463","273","495","238","575","199","616","195","624","167","79","243"
"NO-0005-AL11-304-2020-8R.dw.png","201","172","230","171","265","250","268","196","285","117","340","254","395","285","380","264","417","229","396","212","435","177","439","136","455","107","466","278","502","240","583","200","620","196","627","167","80","245"
"NO-0005-AL11-304-2020-9R.dw.png","204","179","234","179","263","260","268","202","289","121","346","263","404","297","388","274","429","240","403","220","443","187","447","145","466","115","476","289","510","253","594","212","633","209","640","178","81","251"
"NO-0006-AL11-313-2020-0R.dw.png","201","175","232","174","262","256","271","201","285","121","344","261","395","292","382","273","427","238","399","219","435","183","439","142","456","112","468","285","503","247","584","209","618","206","629","175","80","241"
"NO-0006-AL11-313-2020-10R.dw.png","208","176","238","177","263","258","277","206","291","122","349","263","399","295","389","275","435","239","403","218","443","185","446","142","463","110","477","287","514","251","596","210","632","205","641","175","79","245"
"NO-0006-AL11-313-2020-11R.dw.png","197","177","228","177","253","255","264","201","278","120","338","261","392","291","379","272","422","237","392","216","430","184","433","144","450","113","464","285","499","249","582","211","620","207","628","178","77","249"
"NO-0006-AL11-313-2020-12R.dw.png","206","178","236","177","262","256","276","203","291","121","351","263","401","294","389","274","438","239","404","217","441","184","444","142","462","112","476","286","513","248","592","210","630","206","641","175","83","248"
"NO-0006-AL11-313-2020-13R.dw.png","204","180","235","179","262","257","273","204","291","123","350","262","400","291","388","271","434","238","402","217","442","184","444","141","461","111","475","283","508","248","590","208","628","204","640","174","80","246"
"NO-0006-AL11-313-2020-14R.dw.png","206","179","236","178","262","259","276","204","286","122","350","264","399","294","387","274","431","240","401","219","441","184","445","142","463","112","473","286","508","249","588","210","627","206","637","175","80","250"
"NO-0006-AL11-313-2020-15R.dw.png","205","177","235","177","264","257","276","204","286","122","348","263","397","293","386","274","432","239","398","217","441","184","444","142","461","111","472","286","509","248","591","210","628","205","638","174","80","246"
"NO-0006-AL11-313-2020-16R.dw.png","212","179","239","178","269","258","278","204","291","125","353","263","403","292","393","274","439","240","407","217","447","186","448","144","467","113","480","286","516","249","599","209","637","205","647","175","82","249"
"NO-0006-AL11-313-2020-17R.dw.png","208","174","238","174","264","254","275","200","289","118","351","260","397","290","386","271","435","237","401","214","440","182","444","139","462","108","475","283","511","245","594","206","630","203","640","172","80","243"
"NO-0006-AL11-313-2020-18R.dw.png","206","175","237","175","262","253","273","198","290","121","354","260","402","289","389","269","434","235","403","213","443","182","447","141","464","112","475","282","513","245","592","208","629","203","639","173","79","241"
"NO-0006-AL11-313-2020-19R.dw.png","203","174","229","172","260","250","268","198","282","120","339","254","392","286","379","265","424","233","396","213","435","177","440","136","457","107","468","278","502","242","580","205","626","199","633","168","79","240"
"NO-0006-AL11-313-2020-1R.dw.png","208","181","237","181","263","258","276","207","288","126","346","265","400","297","388","277","432","243","400","220","441","187","445","146","465","115","476","291","513","253","596","214","633","209","643","179","81","247"
"NO-0006-AL11-313-2020-20R.dw.png","206","174","233","172","267","254","273","199","288","121","345","258","399","289","387","269","428","236","405","218","440","182","447","143","466","113","473","282","509","247","586","207","626","201","634","171","81","240"
"NO-0006-AL11-313-2020-21R.dw.png","208","172","234","171","266","249","272","195","286","118","347","254","400","284","389","265","430","230","401","209","440","177","443","136","459","106","472","277","508","241","589","202","626","200","634","171","80","241"
"NO-0006-AL11-313-2020-22R.dw.png","208","174","235","174","271","254","274","201","289","119","351","259","398","291","385","270","430","235","400","214","438","182","441","140","460","109","469","284","505","246","586","206","623","203","633","171","81","241"
"NO-0006-AL11-313-2020-23R.dw.png","204","179","231","178","259","257","272","203","284","121","343","263","392","292","380","273","425","237","397","216","436","183","439","143","458","111","465","285","501","246","582","209","621","205","632","173","78","245"
"NO-0006-AL11-313-2020-24R.dw.png","205","172","229","172","267","252","269","199","284","120","340","256","391","287","378","266","424","234","399","216","439","180","444","139","462","110","470","279","501","245","582","205","626","200","629","168","81","241"
"NO-0006-AL11-313-2020-25R.dw.png","205","171","231","169","263","252","267","195","287","116","346","255","398","284","386","265","425","230","402","213","440","179","446","138","463","109","473","278","508","244","588","203","629","200","638","168","76","241"
"NO-0006-AL11-313-2020-26R.dw.png","210","182","238","182","267","264","279","208","291","127","354","270","405","301","393","281","441","247","409","224","449","190","455","149","472","118","484","294","517","257","603","218","640","214","650","182","79","251"
"NO-0006-AL11-313-2020-2R.dw.png","211","179","242","179","266","260","278","203","296","123","356","266","405","295","395","276","438","240","408","217","449","186","454","144","471","113","483","288","520","251","602","210","641","205","651","175","81","249"
"NO-0006-AL11-313-2020-3R.dw.png","214","178","238","176","276","261","276","202","293","122","358","264","412","294","398","274","440","240","413","220","454","185","460","143","476","116","487","287","521","251","604","212","642","208","650","176","82","251"
"NO-0006-AL11-313-2020-4R.dw.png","208","174","235","173","266","255","271","198","288","121","344","261","395","291","383","271","426","237","400","216","439","183","447","144","466","114","472","283","507","247","588","206","625","203","635","172","76","236"
"NO-0006-AL11-313-2020-5R.dw.png","209","175","234","174","267","256","275","201","291","120","350","260","404","290","392","271","432","237","409","220","448","183","454","145","470","114","479","283","515","249","595","208","637","203","646","173","79","242"
"NO-0006-AL11-313-2020-6R.dw.png","208","171","232","169","268","251","267","195","283","115","344","253","393","286","380","264","427","234","397","214","437","178","444","136","461","109","469","279","505","245","587","206","625","201","631","170","79","243"
"NO-0006-AL11-313-2020-7R.dw.png","212","175","237","173","272","255","277","201","293","119","354","260","406","290","394","270","435","235","407","215","447","182","454","142","472","112","483","282","517","245","594","205","635","201","642","169","80","238"
"NO-0006-AL11-313-2020-9R.dw.png","196","174","225","173","253","251","263","199","276","120","335","257","387","287","375","268","418","233","389","214","426","180","429","141","444","111","459","280","495","244","577","206","612","202","622","173","79","241"
"NO-0007-AL11-382-2020-0R.dw.png","203","175","231","174","262","251","270","199","284","121","340","255","396","287","385","268","422","232","398","213","437","183","443","144","462","113","470","279","501","247","581","205","621","199","629","171","79","240"
"NO-0007-AL11-382-2020-10R.dw.png","210","178","238","177","270","255","275","201","293","125","351","260","403","290","390","270","432","235","410","219","448","185","451","142","468","111","480","283","514","249","601","207","641","204","650","175","87","248"
"NO-0007-AL11-382-2020-11R.dw.png","200","175","227","174","240","245","262","197","278","120","329","253","386","288","372","266","408","229","386","211","423","180","427","139","446","108","458","279","488","246","571","203","604","200","613","171","77","236"
"NO-0007-AL11-382-2020-12R.dw.png","209","174","240","173","260","248","274","195","293","119","349","256","402","288","388","267","428","230","407","215","443","180","448","139","466","109","475","280","507","246","587","203","625","198","634","168","85","245"
"NO-0007-AL11-382-2020-13R.dw.png","209","175","238","176","253","254","278","204","295","118","346","261","405","293","391","272","431","236","412","221","444","185","448","141","467","110","477","286","514","250","595","207","633","202","641","172","80","242"
"NO-0007-AL11-382-2020-14R.dw.png","212","182","240","182","262","259","278","206","294","126","358","264","408","292","396","273","434","238","410","219","449","185","452","142","468","111","478","286","513","251","600","207","634","203","642","172","83","251"
"NO-0007-AL11-382-2020-15R.dw.png","207","174","234","174","252","252","273","199","295","118","355","260","410","294","396","271","436","235","415","220","452","185","456","142","474","113","485","285","519","250","601","210","642","204","648","174","82","243"
"NO-0007-AL11-382-2020-16R.dw.png","203","177","231","175","262","254","271","200","288","120","352","259","403","290","388","269","430","234","400","214","436","179","440","139","460","107","470","284","507","247","588","206","624","202","631","171","87","253"
"NO-0007-AL11-382-2020-17R.dw.png","209","178","236","176","257","251","275","201","290","122","347","259","400","289","389","270","424","231","408","218","442","181","446","139","464","108","479","281","507","247","594","204","629","199","639","169","79","239"
"NO-0007-AL11-382-2020-18R.dw.png","193","170","224","171","240","243","256","194","278","120","325","251","378","285","364","263","404","232","378","214","414","184","418","143","440","113","447","277","475","246","553","206","594","202","601","173","76","229"
"NO-0007-AL11-382-2020-19R.dw.png","199","172","231","173","248","249","269","199","291","116","347","258","402","291","385","268","421","232","404","219","439","184","442","142","460","111","470","283","504","248","581","207","625","201","634","172","81","242"
"NO-0007-AL11-382-2020-1R.dw.png","207","175","237","176","260","254","269","199","295","121","345","259","401","291","387","269","423","234","406","221","444","184","447","141","466","111","473","283","503","249","592","206","623","202","632","171","82","243"
"NO-0007-AL11-382-2020-20R.dw.png","205","177","232","175","263","252","269","199","286","123","344","258","399","288","386","268","423","233","401","217","439","183","443","142","461","112","469","282","503","247","584","208","623","204","633","174","83","247"
"NO-0007-AL11-382-2020-21R.dw.png","195","166","223","166","240","237","261","191","276","114","331","244","383","275","371","255","408","222","387","204","421","172","427","132","444","103","455","267","488","235","563","194","597","189","608","160","74","227"
"NO-0007-AL11-382-2020-22R.dw.png","207","177","233","176","255","254","273","202","288","119","343","261","400","293","386","272","427","236","400","217","441","184","443","140","462","111","475","286","507","251","591","208","629","204","636","173","83","246"
"NO-0007-AL11-382-2020-23R.dw.png","194","167","221","167","241","239","259","190","276","116","330","245","388","276","374","257","409","222","386","205","424","173","427","133","444","105","457","269","488","239","569","194","602","191","614","162","79","231"
"NO-0007-AL11-382-2020-24R.dw.png","216","177","247","177","268","255","284","203","300","124","356","260","416","292","403","271","439","236","419","220","454","185","459","141","477","110","491","285","523","251","606","207","641","202","648","169","88","247"
"NO-0007-AL11-382-2020-2R.dw.png","205","180","235","179","266","257","275","203","291","125","354","261","404","292","390","270","432","238","404","218","443","183","447","141","464","112","479","285","515","248","599","208","632","203","637","173","85","250"
"NO-0007-AL11-382-2020-3R.dw.png","209","181","240","181","260","260","278","205","296","126","355","266","410","298","394","276","430","239","415","227","453","186","454","142","470","110","480","291","516","256","605","212","639","208","646","176","86","253"
"NO-0007-AL11-382-2020-4R.dw.png","205","173","237","174","256","249","276","198","294","121","352","255","412","288","396","267","431","232","411","216","447","180","450","139","468","105","481","280","515","245","599","204","634","200","645","169","84","241"
"NO-0007-AL11-382-2020-5R.dw.png","206","175","234","175","253","253","269","199","294","119","350","261","409","295","392","272","429","234","410","219","449","185","452","141","473","110","481","286","515","249","598","207","638","202","647","171","78","243"
"NO-0007-AL11-382-2020-6R.dw.png","209","182","237","181","254","256","273","204","291","124","350","265","407","295","393","275","425","235","409","222","447","185","450","144","468","113","480","288","512","254","599","210","636","206","645","177","80","250"
"NO-0007-AL11-382-2020-7R.dw.png","209","180","235","179","255","253","273","203","289","124","345","261","398","290","386","270","421","234","400","217","437","183","439","141","458","111","473","283","502","249","587","205","624","200","632","170","81","244"
"NO-0007-AL11-382-2020-8R.dw.png","205","178","233","176","261","255","276","202","286","123","354","260","406","290","391","269","429","233","405","216","440","181","445","139","462","110","472","283","508","247","593","204","624","200","628","170","89","253"
"NO-0007-AL11-382-2020-9R.dw.png","205","178","235","177","260","259","272","202","293","118","351","265","404","297","391","276","434","240","407","222","445","187","449","142","467","113","475","290","512","252","592","212","632","208","640","177","85","255"
"NO-0008-AL21-144-B-0R.dw.png","196","172","226","173","252","249","264","199","277","119","334","252","390","283","376","262","409","230","386","215","427","178","429","140","448","107","458","276","489","243","573","201","606","199","616","168","78","238"
"NO-0008-AL21-144-B-2R.dw.png","197","164","228","164","258","243","268","190","276","113","340","248","395","280","381","259","419","226","393","208","428","174","435","133","453","102","465","271","500","238","580","196","616","192","620","160","79","225"
"NO-0008-AL21-144-B-4R.dw.png","203","174","231","175","256","254","265","198","283","121","342","259","392","289","377","268","416","237","390","219","430","186","437","146","454","116","458","282","492","248","572","208","610","205","618","174","83","242"
"NO-0008-AL21-144-B-5R.dw.png","201","172","229","172","257","250","267","197","279","120","334","252","391","284","378","263","417","232","387","215","427","179","434","138","449","107","461","277","495","241","575","203","614","200","621","169","81","242"
"NO-0008-AL21-144-B-6R.dw.png","205","171","234","172","260","249","272","198","285","120","345","254","398","284","385","264","424","232","399","216","438","179","443","140","462","109","470","277","502","243","586","202","626","197","634","167","81","237"
"NO-0009-ALV21-5-0R.dw.png","201","176","229","177","257","258","270","203","289","122","344","263","399","299","381","274","423","241","398","222","438","187","444","144","462","112","465","290","504","255","586","215","621","211","631","180","79","246"
"NO-0009-ALV21-5-10R.dw.png","206","179","236","179","260","257","272","202","292","123","348","262","403","295","387","272","425","237","403","221","440","185","446","143","466","111","467","287","502","254","591","213","624","210","633","178","86","249"
"NO-0009-ALV21-5-11R.dw.png","201","177","228","177","257","256","264","200","285","119","333","259","392","292","374","268","414","236","387","218","427","184","430","142","451","109","457","284","493","248","578","209","615","208","620","175","80","247"
"NO-0009-ALV21-5-12R.dw.png","200","179","229","179","259","259","272","205","286","122","345","264","399","298","384","275","429","243","397","221","441","189","446","145","462","112","470","290","507","253","589","213","622","211","629","179","86","255"
"NO-0009-ALV21-5-13R.dw.png","198","174","225","173","255","249","264","197","278","114","332","251","393","284","376","262","416","232","386","212","424","179","428","138","448","103","457","277","489","244","572","204","609","201","618","169","81","248"
"NO-0009-ALV21-5-14R.dw.png","205","181","233","181","264","264","273","206","295","124","349","267","408","301","389","277","424","242","404","227","441","190","448","147","465","116","472","293","509","258","587","219","626","215","633","183","83","253"
"NO-0009-ALV21-5-15R.dw.png","197","175","224","176","254","253","266","202","278","118","334","257","392","289","377","268","412","235","390","218","429","182","436","142","454","111","459","282","494","250","577","210","614","207","621","175","82","245"
"NO-0009-ALV21-5-16R.dw.png","188","173","220","174","250","255","257","198","275","119","329","259","384","292","366","269","406","237","378","217","417","185","423","141","442","110","448","285","485","250","567","212","599","209","608","177","71","244"
"NO-0009-ALV21-5-17R.dw.png","200","172","232","173","256","250","271","198","286","116","338","254","399","288","382","265","423","231","398","214","437","179","440","140","459","107","464","279","498","245","582","206","624","204","636","174","81","243"
"NO-0009-ALV21-5-18R.dw.png","204","173","233","173","267","251","267","196","287","120","346","255","401","287","383","263","422","232","396","213","435","181","440","142","459","109","468","279","502","245","585","207","620","204","628","174","82","242"
"NO-0009-ALV21-5-19R.dw.png","204","172","230","172","262","255","270","199","288","120","341","261","390","295","375","273","423","237","395","217","435","182","438","141","455","112","458","289","498","248","581","210","615","207","622","177","81","244"
"NO-0009-ALV21-5-1R.dw.png","203","175","234","175","261","254","268","198","287","118","349","258","401","291","386","269","427","236","400","217","438","183","442","141","461","111","469","283","504","250","588","209","620","206","629","176","82","246"
"NO-0009-ALV21-5-20R.dw.png","208","175","234","175","256","254","271","198","291","118","338","260","400","295","380","270","423","238","398","218","439","184","443","143","464","109","464","286","499","251","581","211","622","208","631","177","81","247"
"NO-0009-ALV21-5-21R.dw.png","204","174","231","174","264","255","264","196","286","119","338","257","394","291","380","270","419","236","388","216","430","183","437","140","453","109","463","283","499","248","574","211","611","207","618","175","81","246"
"NO-0009-ALV21-5-22R.dw.png","208","179","238","179","267","259","281","206","294","124","347","263","398","299","385","275","427","241","396","219","440","188","446","146","466","114","468","291","509","253","586","216","623","212","630","179","85","253"
"NO-0009-ALV21-5-23R.dw.png","202","177","229","178","262","256","261","200","283","121","337","260","392","293","374","271","414","238","388","218","427","185","432","144","452","112","455","286","495","251","572","213","609","209","619","178","79","246"
"NO-0009-ALV21-5-24R.dw.png","208","182","238","182","263","264","272","205","296","123","351","268","409","301","391","277","430","243","406","226","447","189","452","147","471","113","477","293","516","257","596","216","632","213","641","180","86","255"
"NO-0009-ALV21-5-25R.dw.png","200","177","233","178","249","252","270","201","288","120","341","257","405","292","387","268","422","235","403","220","438","183","442","140","459","107","470","283","505","249","585","209","621","207","630","174","84","251"
"NO-0009-ALV21-5-26R.dw.png","208","179","236","178","265","256","280","202","292","118","347","259","410","293","391","270","436","236","407","217","446","181","449","141","468","108","474","285","509","249","595","211","636","208","648","176","87","253"
"NO-0009-ALV21-5-27R.dw.png","196","178","223","178","254","256","257","199","275","120","333","257","387","291","370","267","409","235","384","217","422","184","425","142","445","108","453","283","489","249","567","210","601","207","609","175","78","246"
"NO-0009-ALV21-5-2R.dw.png","205","176","233","176","268","257","272","201","286","121","343","259","398","291","383","270","422","236","396","217","435","184","443","142","459","111","467","283","507","249","584","209","618","207","625","176","83","247"
"NO-0009-ALV21-5-3R.dw.png","207","179","235","181","259","259","269","203","288","122","341","263","395","297","377","272","415","238","393","222","431","186","435","145","457","112","455","289","498","253","578","215","615","211","622","178","83","249"
"NO-0009-ALV21-5-4R.dw.png","198","175","229","175","261","257","266","200","285","121","335","261","389","296","375","276","421","240","390","219","430","187","435","144","453","115","458","288","492","251","575","213","609","211","616","181","83","251"
"NO-0009-ALV21-5-5R.dw.png","194","171","223","172","250","251","262","199","278","117","331","255","388","288","374","267","413","234","388","215","430","182","435","143","452","112","456","281","493","247","573","210","611","206","621","175","80","240"
"NO-0009-ALV21-5-6R.dw.png","207","181","233","180","271","262","277","204","285","125","351","264","403","297","388","275","427","241","396","219","436","188","445","143","463","112","467","289","510","255","590","213","622","210","629","178","77","245"
"NO-0009-ALV21-5-7R.dw.png","201","180","230","180","264","258","264","202","284","121","340","260","395","294","379","270","417","237","390","219","428","185","433","143","455","111","463","286","503","250","583","211","616","210","623","178","80","250"
"NO-0009-ALV21-5-8R.dw.png","200","165","229","166","251","243","271","193","281","117","333","249","383","282","368","261","408","227","384","210","426","178","429","136","444","106","454","276","486","240","566","202","600","199","608","168","85","239"
"NO-0009-ALV21-5-9R.dw.png","200","174","229","174","258","252","268","198","280","118","344","255","396","286","380","265","419","233","392","214","431","182","435","143","451","112","460","279","496","246","576","209","608","207","616","176","85","246"
"NO-0010-ALV21-6A-0R.dw.png","202","179","230","178","262","258","263","199","283","118","342","261","394","292","380","271","423","236","390","217","434","182","439","139","459","107","464","284","497","249","582","209","622","206","628","173","84","255"
"NO-0010-ALV21-6A-10R.dw.png","202","173","229","173","261","250","269","199","281","119","342","255","396","287","380","265","414","232","396","217","431","181","437","138","453","109","457","280","491","247","578","205","608","202","619","172","82","243"
"NO-0010-ALV21-6A-11R.dw.png","199","173","228","173","263","254","263","196","285","116","339","258","393","290","375","267","417","233","392","215","432","181","436","139","453","108","458","283","496","246","578","207","618","204","625","172","80","246"
"NO-0010-ALV21-6A-12R.dw.png","205","169","232","169","259","248","273","195","287","114","338","251","396","288","380","264","421","228","395","210","436","176","437","134","457","103","463","279","502","240","584","201","619","198","626","168","87","243"
"NO-0010-ALV21-6A-13R.dw.png","196","174","223","173","257","253","263","198","277","115","334","255","389","287","375","266","417","233","385","213","429","180","433","138","450","106","457","279","491","244","572","205","614","203","622","173","84","249"
"NO-0010-ALV21-6A-14R.dw.png","204","176","230","175","266","254","267","199","285","119","343","257","398","290","381","267","421","233","399","216","438","180","440","138","460","107","463","281","501","246","587","204","618","201","632","171","80","242"
"NO-0010-ALV21-6A-15R.dw.png","200","171","226","170","261","250","267","196","277","116","341","254","393","288","377","264","416","229","392","213","427","177","430","136","447","105","456","280","493","243","574","203","612","200","620","171","85","246"
"NO-0010-ALV21-6A-16R.dw.png","198","169","221","168","255","248","264","195","275","112","330","252","384","286","367","262","413","229","386","212","423","176","426","134","441","103","450","277","486","241","567","201","604","199","612","169","80","240"
"NO-0010-ALV21-6A-17R.dw.png","199","176","229","175","268","256","267","198","283","118","342","258","397","290","382","269","420","234","392","215","436","182","443","140","459","106","467","282","500","248","585","207","625","204","633","171","85","252"
"NO-0010-ALV21-6A-18R.dw.png","206","169","231","169","266","249","271","194","286","116","338","251","395","286","380","263","421","229","396","212","433","175","436","135","455","103","462","277","495","241","580","200","617","198","624","168","85","242"
"NO-0010-ALV21-6A-19R.dw.png","199","171","224","171","259","253","266","199","280","116","331","256","386","288","370","267","416","234","388","216","425","179","429","137","444","107","452","280","489","243","571","204","607","203","615","173","82","244"
"NO-0010-ALV21-6A-1R.dw.png","192","165","218","165","247","244","257","192","270","111","322","248","375","281","358","258","401","224","377","208","416","170","419","131","435","102","439","272","477","236","556","196","594","194","603","164","78","237"
"NO-0010-ALV21-6A-20R.dw.png","209","175","233","175","271","254","272","198","289","119","346","257","398","291","381","268","430","235","398","216","441","180","444","139","460","109","471","281","507","245","589","205","625","202","635","173","85","246"
"NO-0010-ALV21-6A-21R.dw.png","203","173","227","172","259","250","269","198","283","116","339","253","392","285","376","263","414","230","390","214","430","176","431","133","449","103","455","277","488","242","575","202","610","200","618","169","82","245"
"NO-0010-ALV21-6A-22R.dw.png","210","176","235","175","270","255","273","198","291","117","344","258","403","291","386","268","429","233","399","214","439","181","444","139","465","107","466","284","507","247","592","206","631","203","641","173","85","249"
"NO-0010-ALV21-6A-23R.dw.png","211","171","233","170","272","248","272","195","287","116","339","251","396","286","379","262","421","229","398","213","437","176","440","136","455","107","465","278","504","240","587","201","618","198","627","170","81","236"
"NO-0010-ALV21-6A-24R.dw.png","201","170","226","170","265","246","263","193","280","114","333","249","383","281","369","258","413","226","385","208","422","175","425","136","443","106","450","272","485","236","564","199","599","196","610","169","80","238"
"NO-0010-ALV21-6A-25R.dw.png","206","172","229","171","265","251","268","195","283","115","337","254","391","288","374","264","421","230","395","214","431","177","433","137","452","106","458","280","495","243","581","202","613","200","622","172","83","243"
"NO-0010-ALV21-6A-2R.dw.png","204","173","232","173","262","254","265","195","284","117","336","255","390","288","376","266","417","231","390","214","431","179","435","137","453","107","455","280","489","246","582","205","619","203","627","173","84","249"
"NO-0010-ALV21-6A-3R.dw.png","201","173","232","174","267","254","269","197","287","118","343","257","399","291","382","268","422","233","393","214","435","182","439","139","457","106","466","282","500","246","580","208","623","205","630","172","81","245"
"NO-0010-ALV21-6A-4R.dw.png","206","177","233","176","268","255","269","198","284","117","343","257","399","292","382","268","424","235","395","214","436","179","441","138","460","107","462","285","498","249","584","208","622","206","631","174","89","255"
"NO-0010-ALV21-6A-5R.dw.png","196","168","221","167","258","246","262","194","277","111","332","249","386","283","365","258","411","226","387","210","424","173","425","131","442","101","451","274","485","238","568","197","603","195","612","165","83","242"
"NO-0010-ALV21-6A-6R.dw.png","198","178","226","177","269","260","267","202","283","118","344","263","398","295","382","272","423","237","394","219","438","183","443","141","461","108","469","286","502","250","585","212","627","209","635","176","84","255"
"NO-0010-ALV21-6A-7R.dw.png","201","174","226","173","261","251","268","198","282","117","337","255","393","287","377","264","416","231","390","214","429","178","434","137","449","107","459","279","495","244","576","204","618","202","625","174","80","243"
"NO-0010-ALV21-6A-8R.dw.png","201","176","226","174","263","257","270","199","284","114","343","261","395","293","380","271","425","236","393","216","437","181","443","139","461","106","466","284","500","248","586","209","626","207","633","174","84","251"
"NO-0010-ALV21-6A-9R.dw.png","200","166","225","166","256","244","264","191","279","112","331","248","387","282","373","260","411","226","384","206","426","174","431","134","448","105","454","273","491","236","573","199","611","197","617","167","79","237"
"NO-0011-ALV21-8-0R.dw.png","205","173","232","173","263","252","274","200","286","118","343","258","399","292","382","268","418","233","398","218","438","182","439","140","455","108","466","284","505","247","582","208","614","205","624","173","81","244"
"NO-0011-ALV21-8-10R.dw.png","203","176","231","174","268","254","270","198","283","119","347","256","403","292","385","267","420","233","398","217","436","180","439","136","456","107","468","283","506","247","585","206","617","204","626","173","84","252"
"NO-0011-ALV21-8-11R.dw.png","203","173","231","172","266","251","271","198","285","117","341","253","398","289","380","264","414","230","389","213","435","179","437","135","455","104","463","281","500","244","583","203","615","200","625","169","80","244"
"NO-0011-ALV21-8-12R.dw.png","206","175","234","175","269","255","277","203","289","120","344","259","399","294","384","271","426","241","397","220","440","187","443","143","460","113","467","285","500","252","586","209","617","205","625","176","80","246"
"NO-0011-ALV21-8-13R.dw.png","202","177","229","175","262","253","267","199","282","118","342","255","403","288","383","266","417","233","395","217","437","180","440","139","455","108","466","281","504","246","584","206","615","203","623","172","80","246"
"NO-0011-ALV21-8-14R.dw.png","198","168","225","168","255","247","261","193","279","115","335","250","389","283","374","261","407","228","386","212","426","178","429","138","446","108","454","276","487","242","564","204","599","201","607","171","77","235"
"NO-0011-ALV21-8-15R.dw.png","202","172","229","172","259","249","271","199","283","117","341","254","397","286","380","265","414","231","393","215","431","178","434","138","451","108","462","279","499","244","577","203","609","200","616","170","79","241"
"NO-0011-ALV21-8-16R.dw.png","203","176","226","174","263","254","271","202","280","116","342","258","387","290","374","268","416","235","391","218","432","181","436","139","452","107","457","282","494","247","578","207","610","204","618","173","85","247"
"NO-0011-ALV21-8-17R.dw.png","203","176","229","175","265","255","270","202","289","118","342","259","391","292","376","269","415","236","389","219","432","182","436","141","452","108","456","285","493","246","573","207","604","203","614","172","84","247"
"NO-0011-ALV21-8-18R.dw.png","206","172","232","172","269","251","271","195","284","117","343","253","400","287","383","264","423","231","397","213","438","178","441","136","457","106","465","279","503","243","582","205","616","202","627","173","83","242"
"NO-0011-ALV21-8-19R.dw.png","204","178","231","176","267","255","272","201","282","120","348","261","404","294","388","271","423","237","400","221","441","185","446","143","461","113","472","285","509","249","590","211","621","209","629","178","82","249"
"NO-0011-ALV21-8-1R.dw.png","201","174","226","174","259","251","267","199","279","118","338","254","392","286","375","262","413","231","390","215","430","177","434","137","451","104","461","277","496","244","577","202","612","199","620","167","80","243"
"NO-0011-ALV21-8-20R.dw.png","208","175","234","175","273","259","275","201","290","120","353","264","404","297","388","274","429","242","402","223","445","188","449","144","468","112","477","288","510","254","599","213","632","211","641","179","84","248"
"NO-0011-ALV21-8-21R.dw.png","200","173","225","172","262","251","264","197","281","116","342","257","397","289","380","267","418","235","393","217","430","181","434","137","450","107","461","282","499","247","578","205","610","201","618","169","80","242"
"NO-0011-ALV21-8-22R.dw.png","195","168","223","168","253","246","262","194","278","116","335","251","392","285","377","263","416","230","393","214","430","179","433","136","449","104","462","276","499","241","575","202","609","198","614","165","78","236"
"NO-0011-ALV21-8-23R.dw.png","196","172","221","172","250","249","267","200","282","117","330","254","388","289","373","267","412","234","387","218","427","181","429","139","447","110","456","281","490","245","569","208","606","205","615","177","78","239"
"NO-0011-ALV21-8-24R.dw.png","206","176","233","176","267","256","272","201","288","121","348","262","404","295","388","273","424","239","402","222","442","186","447","142","461","113","467","288","507","251","587","213","621","210","631","180","83","249"
"NO-0011-ALV21-8-25R.dw.png","203","172","230","171","262","250","269","196","282","116","344","254","398","288","380","264","419","232","395","214","434","181","437","138","455","109","464","279","501","242","579","206","613","203","622","173","82","241"
"NO-0011-ALV21-8-26R.dw.png","201","171","231","171","256","249","270","197","280","119","338","254","393","288","378","266","418","233","394","216","435","181","440","140","454","110","464","280","503","244","579","205","612","201","621","172","78","240"
"NO-0011-ALV21-8-2R.dw.png","204","176","231","175","267","253","275","201","283","115","345","257","402","289","383","267","424","231","397","214","439","181","444","136","460","107","466","282","505","243","581","205","613","202","620","170","81","248"
"NO-0011-ALV21-8-3R.dw.png","210","178","237","177","272","256","276","202","291","121","347","260","404","297","389","274","434","241","400","221","444","188","448","145","466","113","474","288","509","253","587","212","623","210","632","180","82","251"
"NO-0011-ALV21-8-4R.dw.png","205","180","234","179","273","262","273","204","290","120","355","267","407","300","391","277","429","241","406","225","447","188","451","144","467","114","474","291","513","255","589","217","627","214","636","182","84","256"
"NO-0011-ALV21-8-5R.dw.png","201","174","229","173","266","253","267","197","281","120","345","257","398","291","381","266","419","233","392","216","437","182","441","137","458","107","467","281","506","244","579","207","614","204","624","173","79","244"
"NO-0011-ALV21-8-6R.dw.png","203","179","228","178","271","258","267","201","282","120","346","261","400","295","383","271","419","238","397","221","436","184","442","142","460","112","464","286","504","250","584","211","615","209","623","177","84","254"
"NO-0011-ALV21-8-7R.dw.png","203","178","234","178","268","257","271","202","286","120","346","261","401","296","385","272","423","237","398","221","441","184","445","141","461","110","464","288","507","249","582","211","618","209","628","177","79","250"
"NO-0011-ALV21-8-8R.dw.png","210","176","237","175","272","252","275","199","288","119","351","258","404","292","388","268","432","237","404","219","443","183","446","141","462","111","473","283","510","249","588","207","621","204","628","174","83","247"
"NO-0011-ALV21-8-9R.dw.png","208","169","235","169","271","248","278","197","289","117","347","251","401","285","386","263","426","230","398","212","443","180","445","138","462","106","473","277","511","242","592","201","628","199","633","169","85","240"
"NO-0012-AMa21-P1-0R.dw.png","200","171","230","172","257","249","269","198","283","117","334","253","390","285","376","264","411","229","395","217","428","181","433","138","452","108","462","278","496","244","577","204","617","199","620","170","81","238"
"NO-0012-AMa21-P1-10R.dw.png","204","176","231","175","262","254","275","203","283","120","337","255","393","288","379","267","424","236","395","216","436","184","442","140","459","112","465","280","499","250","585","208","621","204","628","173","80","239"
"NO-0012-AMa21-P1-11R.dw.png","197","173","226","173","262","251","267","198","283","120","337","255","394","288","377","266","420","233","392","213","432","182","437","141","452","111","463","280","498","248","579","207","614","203","622","172","79","239"
"NO-0012-AMa21-P1-12R.dw.png","209","184","238","181","264","257","270","203","287","126","344","260","400","288","387","270","424","231","401","218","437","182","437","141","457","111","472","277","506","243","584","201","622","195","628","165","85","255"
"NO-0012-AMa21-P1-13R.dw.png","194","172","221","172","250","245","259","195","271","118","330","249","382","278","368","259","410","227","383","208","417","177","419","136","437","107","452","271","481","240","565","197","605","194","611","162","82","238"
"NO-0012-AMa21-P1-14R.dw.png","202","171","230","171","262","250","275","202","283","119","337","254","392","286","378","265","420","233","393","213","434","181","441","141","459","111","464","279","499","247","586","206","620","202","626","171","79","235"
"NO-0012-AMa21-P1-15R.dw.png","201","173","228","173","265","250","270","198","280","119","339","253","392","284","378","263","416","231","392","213","430","180","435","139","454","108","459","277","493","244","582","201","616","199","625","169","79","236"
"NO-0012-AMa21-P1-16R.dw.png","187","164","218","166","243","237","252","189","265","114","318","239","367","269","351","248","390","217","368","201","404","172","405","133","428","103","430","263","467","230","539","193","578","190","586","160","76","229"
"NO-0012-AMa21-P1-17R.dw.png","204","174","232","174","262","254","271","200","285","122","337","258","388","292","374","270","415","237","386","217","425","186","432","146","454","114","459","284","493","252","575","211","608","208","615","178","77","238"
"NO-0012-AMa21-P1-18R.dw.png","202","172","231","172","265","251","275","200","283","118","337","253","393","286","379","264","425","234","398","214","434","180","439","138","454","109","462","278","496","248","586","205","619","200","627","170","79","234"
"NO-0012-AMa21-P1-19R.dw.png","202","181","233","182","264","262","272","208","285","127","340","266","393","299","380","279","423","246","391","223","436","190","441","150","461","119","464","292","500","258","583","217","620","211","629","181","77","245"
"NO-0012-AMa21-P1-1R.dw.png","196","172","228","172","256","251","262","195","279","118","330","253","388","284","370","263","410","231","384","212","424","180","429","140","448","111","454","278","484","247","562","205","604","202","611","171","80","243"
"NO-0012-AMa21-P1-20R.dw.png","201","167","232","168","258","247","264","191","280","113","331","250","380","281","366","260","410","227","384","207","422","177","426","138","447","108","451","273","483","241","561","201","603","196","611","166","74","231"
"NO-0012-AMa21-P1-21R.dw.png","203","172","234","172","267","249","269","196","283","119","336","253","384","284","371","263","414","229","389","211","427","179","429","139","450","111","453","277","486","244","571","205","610","201","619","171","80","236"
"NO-0012-AMa21-P1-22R.dw.png","202","174","232","175","257","251","268","200","283","122","337","255","395","286","381","267","418","233","400","220","433","183","437","143","455","111","464","280","498","248","582","206","618","202","625","173","81","239"
"NO-0012-AMa21-P1-23R.dw.png","201","177","230","177","260","254","267","201","282","123","334","258","384","290","370","270","415","235","387","215","427","183","433","143","450","114","456","282","489","247","571","208","607","206","616","175","83","243"
"NO-0012-AMa21-P1-24R.dw.png","204","177","232","177","264","257","271","203","288","124","341","262","394","293","380","272","422","240","393","219","433","189","440","147","457","118","465","286","499","254","583","212","625","209","633","183","80","240"
"NO-0012-AMa21-P1-25R.dw.png","204","170","236","170","254","247","271","194","287","117","335","251","388","282","376","263","417","230","393","211","432","180","440","138","459","111","458","276","492","244","573","203","615","198","620","170","80","236"
"NO-0012-AMa21-P1-26R.dw.png","202","170","231","170","262","249","269","196","281","118","338","253","389","285","374","263","417","231","390","211","430","179","436","139","455","110","460","277","494","246","576","203","616","201","624","171","81","233"
"NO-0012-AMa21-P1-27R.dw.png","199","167","228","167","265","244","273","194","278","115","337","247","394","280","380","259","420","227","391","206","429","175","436","133","452","107","464","271","499","240","578","198","615","194","623","163","77","229"
"NO-0012-AMa21-P1-28R.dw.png","203","177","230","178","259","255","268","203","286","124","333","258","386","294","370","271","416","241","384","219","429","188","433","147","454","115","456","287","492","253","575","212","611","209","620","179","77","235"
"NO-0012-AMa21-P1-29R.dw.png","200","174","227","174","257","254","270","203","279","120","329","257","387","291","373","270","415","237","390","218","431","187","437","143","453","112","460","283","492","253","580","211","616","207","624","176","80","244"
"NO-0012-AMa21-P1-2R.dw.png","203","175","232","176","260","255","268","201","283","121","332","259","386","292","372","271","421","239","390","216","428","183","433","142","451","114","461","285","494","251","578","209","618","207","625","176","83","245"
"NO-0012-AMa21-P1-3R.dw.png","204","178","233","178","272","260","275","204","291","122","346","261","399","295","384","273","422","239","398","220","440","187","444","146","463","114","471","287","504","254","586","212","627","208","634","178","83","250"
"NO-0012-AMa21-P1-4R.dw.png","205","170","234","170","263","247","268","194","284","118","340","250","392","280","379","259","422","228","396","210","431","178","434","139","453","108","463","273","496","241","575","203","614","198","621","169","81","234"
"NO-0012-AMa21-P1-5R.dw.png","198","171","228","171","260","248","271","199","279","119","331","250","386","283","371","261","414","230","388","213","426","181","432","139","450","109","452","276","489","243","566","204","608","199","616","170","79","234"
"NO-0012-AMa21-P1-6R.dw.png","197","168","226","168","259","245","268","195","280","115","332","247","390","282","374","259","416","227","391","209","431","177","436","136","455","104","462","273","498","240","580","201","618","196","626","166","80","232"
"NO-0012-AMa21-P1-7R.dw.png","206","173","236","174","264","254","274","200","288","121","342","258","391","290","378","269","423","237","390","216","433","183","439","143","457","112","460","283","499","249","581","209","614","207","622","176","82","238"
"NO-0012-AMa21-P1-8R.dw.png","200","173","229","173","259","251","267","199","280","119","331","256","387","288","373","267","415","235","391","216","429","184","434","141","454","111","458","281","491","251","578","208","614","205","622","175","79","238"
"NO-0012-AMa21-P1-9R.dw.png","203","179","231","178","260","257","271","204","280","121","340","261","394","294","379","272","423","240","394","219","433","187","438","144","458","113","462","288","499","255","589","211","620","208","629","177","81","246"
"NO-0013-ATN21-P1-0R.dw.png","207","179","235","179","261","256","273","202","283","121","341","260","397","291","384","271","428","238","406","221","440","182","447","139","464","113","472","284","508","250","594","209","625","205","629","174","79","240"
"NO-0013-ATN21-P1-10R.dw.png","205","171","235","172","268","250","278","199","285","115","347","252","399","285","386","264","428","232","405","216","441","180","446","139","463","111","473","277","505","245","589","203","623","200","630","171","84","242"
"NO-0013-ATN21-P1-11R.dw.png","204","167","235","168","267","247","279","197","289","115","350","253","398","285","385","264","429","233","402","216","441","183","447","138","465","110","470","278","506","243","589","202","622","200","629","170","80","231"
"NO-0013-ATN21-P1-12R.dw.png","202","170","230","170","251","246","267","195","279","115","330","251","388","284","375","263","417","229","390","212","427","176","434","134","453","107","464","275","497","241","579","200","611","198","620","168","78","232"
"NO-0013-ATN21-P1-13R.dw.png","196","170","225","171","255","250","269","198","277","116","339","255","390","285","379","267","421","232","396","214","432","179","437","138","456","108","467","278","500","246","585","204","615","201","624","171","74","240"
"NO-0013-ATN21-P1-14R.dw.png","204","174","227","175","266","255","271","200","282","120","340","259","393","291","379","272","425","239","393","218","432","182","436","140","458","109","465","283","501","247","585","207","616","204","623","171","83","240"
"NO-0013-ATN21-P1-15R.dw.png","206","176","235","176","259","255","278","204","285","120","353","260","408","293","394","271","435","237","406","217","445","182","453","140","471","111","483","285","519","250","601","209","633","206","641","174","84","244"
"NO-0013-ATN21-P1-16R.dw.png","204","172","230","171","263","251","272","199","282","117","338","256","389","289","374","269","421","235","395","217","431","181","436","139","454","111","463","282","500","246","574","208","607","205","612","174","81","238"
"NO-0013-ATN21-P1-17R.dw.png","207","175","233","176","261","258","274","204","287","121","340","264","396","296","381","276","425","241","398","221","436","188","444","145","463","117","468","289","505","255","583","214","618","210","624","180","79","244"
"NO-0013-ATN21-P1-18R.dw.png","210","177","237","175","271","256","278","202","288","120","349","261","402","294","388","272","432","239","403","219","442","185","447","141","465","111","476","287","512","251","595","211","625","208","633","176","85","242"
"NO-0013-ATN21-P1-19R.dw.png","187","175","217","175","246","252","263","203","267","120","330","256","383","288","369","268","412","235","382","216","416","181","424","140","442","111","450","280","485","248","569","207","601","203","608","172","76","242"
"NO-0013-ATN21-P1-1R.dw.png","202","169","231","169","261","247","273","196","283","114","337","250","391","282","381","264","423","230","396","211","432","180","437","138","456","107","466","274","498","241","579","202","614","199","622","168","82","238"
"NO-0013-ATN21-P1-20R.dw.png","202","183","230","183","261","263","275","211","285","127","348","269","401","302","387","280","431","247","401","227","439","191","446","148","466","118","475","294","510","258","592","217","625","215","634","185","80","251"
"NO-0013-ATN21-P1-21R.dw.png","202","171","231","172","254","254","271","200","280","120","338","259","391","293","379","272","422","237","395","220","434","183","441","142","459","113","465","285","504","251","584","210","620","207","628","176","81","239"
"NO-0013-ATN21-P1-22R.dw.png","203","173","234","173","257","252","275","201","285","118","348","257","402","288","389","269","429","235","403","219","438","183","447","140","464","110","475","281","508","248","586","206","623","202","629","171","79","236"
"NO-0013-ATN21-P1-23R.dw.png","200","172","229","173","257","248","274","201","284","117","343","255","396","288","381","265","424","233","401","216","435","181","439","138","459","111","470","280","508","245","588","204","618","202","625","172","81","237"
"NO-0013-ATN21-P1-24R.dw.png","201","169","227","168","259","247","272","196","278","115","332","251","390","283","375","262","415","229","394","213","426","177","431","136","450","106","458","275","493","240","570","202","606","199","613","168","83","237"
"NO-0013-ATN21-P1-25R.dw.png","199","170","230","171","259","250","267","197","280","117","344","254","397","286","384","265","428","233","402","216","437","182","442","139","460","111","467","278","503","245","583","205","620","202","628","172","80","238"
"NO-0013-ATN21-P1-26R.dw.png","200","178","227","176","261","256","271","205","281","121","334","262","395","296","381","275","426","241","395","221","433","187","437","142","457","111","469","286","507","252","586","212","616","208","623","177","79","243"
"NO-0013-ATN21-P1-27R.dw.png","193","171","220","171","250","248","264","197","270","116","329","250","387","282","373","263","417","230","382","209","417","175","425","134","443","106","453","274","490","241","569","200","600","197","606","166","79","241"
"NO-0013-ATN21-P1-2R.dw.png","200","171","231","170","258","247","274","196","281","116","347","252","399","283","383","264","428","231","398","211","432","176","440","135","456","109","473","275","506","240","582","202","614","199","618","169","83","238"
"NO-0013-ATN21-P1-3R.dw.png","202","170","233","171","265","249","278","200","284","115","344","254","395","286","383","266","422","233","403","218","437","182","443","141","458","112","467","278","505","244","583","206","614","204","622","173","82","240"
"NO-0013-ATN21-P1-4R.dw.png","208","178","235","178","263","259","277","208","284","123","339","264","396","298","385","278","425","242","402","223","435","188","444","145","463","116","472","291","505","257","592","215","623","212","627","184","80","246"
"NO-0013-ATN21-P1-5R.dw.png","203","172","231","171","260","249","273","199","278","117","337","254","388","286","376","266","420","233","393","214","428","179","436","139","456","112","464","279","501","242","576","203","608","200","615","172","81","237"
"NO-0013-ATN21-P1-6R.dw.png","201","174","230","173","259","251","274","203","280","118","339","256","394","290","380","268","424","234","401","217","433","180","438","137","456","108","469","282","505","247","586","206","614","204","622","173","78","238"
"NO-0013-ATN21-P1-7R.dw.png","203","170","232","171","261","248","274","199","286","116","341","254","396","288","380","265","423","233","396","215","432","180","439","137","462","108","472","280","506","244","584","205","618","200","624","171","84","238"
"NO-0013-ATN21-P1-8R.dw.png","201","170","230","171","260","248","270","196","283","116","344","254","395","284","384","265","425","232","401","216","438","181","443","138","460","111","466","276","501","244","582","203","615","201","625","171","82","240"
"NO-0013-ATN21-P1-9R.dw.png","205","180","235","181","266","262","280","209","287","124","350","267","403","299","390","279","433","242","406","222","444","187","448","142","465","111","479","292","515","255","598","213","630","211","637","178","80","249"
"NO-0014-BTo21-10-0R.dw.png","206","175","236","175","270","254","276","201","290","119","347","257","403","290","385","266","428","235","406","218","438","182","439","141","456","108","468","282","501","248","580","208","623","205","630","175","83","249"
"NO-0014-BTo21-10-10R.dw.png","212","183","238","182","270","266","275","205","296","126","350","268","403","300","389","278","429","244","401","224","442","189","448","146","465","115","473","292","513","256","588","219","628","216","636","184","83","256"
"NO-0014-BTo21-10-11R.dw.png","206","171","230","170","271","249","271","195","278","114","342","251","399","283","383","262","424","228","397","209","437","176","440","133","455","103","467","275","504","241","584","201","620","197","628","167","79","238"
"NO-0014-BTo21-10-12R.dw.png","204","176","237","176","265","258","271","199","292","120","350","261","405","294","391","272","434","240","406","219","445","186","449","143","466","113","476","287","514","253","596","214","635","211","642","181","80","251"
"NO-0014-BTo21-10-13R.dw.png","208","183","237","184","263","263","269","204","295","124","344","267","407","304","386","278","433","245","409","228","447","190","451","145","468","115","477","296","514","259","593","218","636","216","644","185","84","255"
"NO-0014-BTo21-10-14R.dw.png","206","175","240","175","273","257","276","198","293","120","358","260","413","293","398","271","440","238","408","218","447","182","450","141","465","109","480","285","522","248","601","209","635","207","641","174","81","248"
"NO-0014-BTo21-10-15R.dw.png","210","182","239","180","272","264","277","206","301","126","352","266","411","300","394","277","435","244","411","225","449","189","451","147","470","114","480","292","517","258","602","217","638","214","645","182","82","254"
"NO-0014-BTo21-10-16R.dw.png","204","175","235","175","268","252","273","199","287","116","344","256","401","288","384","265","422","234","398","216","437","181","439","139","457","108","468","280","502","246","583","206","625","204","631","174","81","246"
"NO-0014-BTo21-10-18R.dw.png","211","188","239","188","271","270","278","213","297","129","350","273","410","304","395","283","438","249","413","231","448","194","451","152","470","119","482","296","518","262","601","222","635","219","643","188","83","261"
"NO-0014-BTo21-10-19R.dw.png","213","186","237","184","272","267","271","206","296","128","348","270","401","300","388","280","432","248","402","226","444","193","449","150","467","119","474","294","512","260","591","223","629","220","636","188","82","259"
"NO-0014-BTo21-10-1R.dw.png","209","180","234","179","272","262","281","207","295","122","351","264","408","297","393","276","435","242","408","223","446","187","450","144","467","114","476","289","514","251","597","214","635","211","643","180","84","252"
"NO-0014-BTo21-10-20R.dw.png","212","177","242","177","275","260","277","202","292","121","351","265","405","301","391","278","433","246","407","226","449","190","452","146","469","115","475","292","511","261","600","222","635","220","643","189","83","249"
"NO-0014-BTo21-10-21R.dw.png","205","177","232","178","263","256","269","200","288","122","338","260","393","293","376","271","422","239","394","219","433","185","437","144","455","115","461","285","495","250","577","212","617","209","626","180","81","247"
"NO-0014-BTo21-10-22R.dw.png","200","175","229","175","262","255","264","199","284","119","338","259","396","293","379","270","421","237","394","218","431","182","434","141","451","109","463","284","499","249","577","210","618","207","627","177","78","248"
"NO-0014-BTo21-10-23R.dw.png","216","184","239","182","278","267","279","207","299","126","355","269","409","302","394","280","437","247","408","225","451","191","456","148","473","115","480","294","520","259","598","220","639","217","647","185","81","254"
"NO-0014-BTo21-10-24R.dw.png","208","180","237","179","269","262","270","202","295","123","350","266","406","297","389","276","433","241","408","223","444","187","450","146","468","114","477","290","510","257","596","217","632","214","640","182","82","252"
"NO-0014-BTo21-10-25R.dw.png","209","178","239","179","275","261","277","203","293","122","352","266","405","299","388","277","434","244","406","224","445","187","447","143","464","112","469","292","506","257","594","215","629","214","637","181","83","258"
"NO-0014-BTo21-10-2R.dw.png","200","179","225","178","259","257","266","202","280","120","336","260","391","291","370","267","419","235","392","218","427","182","429","140","445","107","456","283","491","248","572","207","609","204","616","173","80","252"
"NO-0014-BTo21-10-3R.dw.png","186","185","216","184","256","265","259","208","271","123","333","265","390","296","375","275","416","240","389","222","426","184","429","141","444","110","459","286","496","249","576","207","614","204","620","172","65","263"
"NO-0014-BTo21-10-4R.dw.png","204","179","232","177","262","257","269","201","290","121","340","259","400","292","383","270","429","237","398","217","436","183","442","142","457","112","469","283","504","248","582","210","620","208","628","175","84","254"
"NO-0014-BTo21-10-5R.dw.png","210","182","238","181","269","263","275","204","293","125","347","265","403","298","389","276","435","243","406","221","444","186","451","144","467","113","474","289","511","255","596","212","632","208","640","177","79","254"
"NO-0014-BTo21-10-6R.dw.png","210","181","237","181","269","261","273","203","296","122","347","265","408","299","389","275","435","243","406","224","447","188","451","144","465","114","478","291","516","254","598","216","635","212","643","183","81","250"
"NO-0014-BTo21-10-7R.dw.png","216","183","243","182","272","263","278","203","298","124","355","267","405","298","391","276","432","244","401","223","446","190","450","147","469","115","473","289","510","255","589","217","628","215","637","183","85","259"
"NO-0014-BTo21-10-8R.dw.png","199","174","229","174","263","251","267","198","281","117","334","253","395","286","379","264","421","232","394","215","429","180","432","139","449","106","459","278","495","244","572","203","613","201","620","171","80","246"
"NO-0014-BTo21-10-9R.dw.png","208","178","240","178","273","261","274","202","298","123","356","264","413","295","398","274","441","241","416","222","451","188","454","145","469","112","484","288","525","253","605","214","640","211","647","180","82","250"
"NO-0015-BTo21-10A-0R.dw.png","205","179","229","179","267","260","271","203","285","119","352","263","404","294","388","272","432","240","403","221","436","184","439","141","455","111","471","286","507","251","586","210","619","208","627","178","85","252"
"NO-0015-BTo21-10A-10R.dw.png","211","174","236","172","270","254","277","198","287","121","353","258","405","290","390","267","434","236","410","218","442","180","446","141","462","111","476","281","513","247","591","209","629","207","637","179","82","242"
"NO-0015-BTo21-10A-11R.dw.png","205","175","231","174","263","254","270","199","283","120","343","258","401","290","384","267","425","235","396","215","437","180","441","137","457","106","468","282","504","245","581","205","619","201","625","168","87","249"
"NO-0015-BTo21-10A-12R.dw.png","212","182","240","180","281","261","282","204","294","122","358","265","414","297","398","274","440","241","416","222","450","186","453","144","466","110","484","289","522","253","598","214","633","211","640","179","86","254"
"NO-0015-BTo21-10A-13R.dw.png","204","172","229","172","260","251","267","197","282","117","337","255","392","287","377","264","420","233","393","213","427","182","432","140","449","111","462","279","498","243","573","206","610","203","618","175","79","238"
"NO-0015-BTo21-10A-14R.dw.png","212","177","234","176","268","256","277","203","287","122","345","260","401","293","384","269","425","237","404","223","436","183","440","141","458","110","468","285","502","248","578","209","616","204","624","173","86","247"
"NO-0015-BTo21-10A-15R.dw.png","216","176","239","175","268","255","278","200","292","122","355","259","407","293","393","270","435","237","406","217","443","182","447","141","463","111","479","284","516","247","590","210","628","206","635","176","86","246"
"NO-0015-BTo21-10A-16R.dw.png","213","182","240","181","276","264","274","203","297","123","355","268","414","300","399","279","442","244","415","224","453","187","456","143","470","110","488","292","528","255","606","215","639","212","647","179","84","253"
"NO-0015-BTo21-10A-17R.dw.png","211","179","236","179","269","260","276","204","290","123","349","263","400","296","386","274","431","241","401","221","438","186","443","143","460","114","471","287","509","251","587","213","622","210","630","181","84","250"
"NO-0015-BTo21-10A-18R.dw.png","211","176","237","176","267","256","276","202","293","120","348","260","407","294","389","271","430","237","404","219","442","183","444","141","462","109","474","286","511","249","585","209","623","206","629","174","83","245"
"NO-0015-BTo21-10A-19R.dw.png","204","174","231","174","267","252","268","197","280","119","341","254","394","287","379","264","418","233","394","215","431","181","436","141","450","110","461","279","496","244","570","210","610","206","618","177","80","245"
"NO-0015-BTo21-10A-1R.dw.png","209","175","235","175","263","254","270","198","288","119","342","257","399","293","382","269","430","239","394","215","440","184","445","144","462","113","472","284","507","249","581","213","621","210","631","181","82","242"
"NO-0015-BTo21-10A-20R.dw.png","202","176","226","175","267","254","271","201","277","119","345","257","401","288","384","265","422","233","399","217","433","179","436","138","449","106","471","279","507","244","585","206","620","203","627","172","83","248"
"NO-0015-BTo21-10A-21R.dw.png","207","179","235","179","270","260","269","201","286","122","341","261","397","295","381","272","423","241","396","221","435","187","440","145","456","113","465","287","498","254","577","217","616","213","625","183","79","248"
"NO-0015-BTo21-10A-22R.dw.png","213","182","237","181","271","262","280","206","291","126","357","265","402","298","388","275","437","243","403","221","440","187","445","146","460","115","475","290","513","254","587","215","624","212","632","182","81","250"
"NO-0015-BTo21-10A-23R.dw.png","218","181","245","181","280","262","283","206","298","124","356","265","414","301","395","275","434","242","411","225","451","187","454","144","472","112","480","292","515","255","595","215","636","211","643","179","87","251"
"NO-0015-BTo21-10A-24R.dw.png","216","177","238","176","273","257","279","201","292","121","353","259","403","292","389","271","432","237","403","217","442","182","445","140","460","108","476","283","513","247","591","207","627","204","635","175","84","246"
"NO-0015-BTo21-10A-25R.dw.png","203","172","230","173","267","253","276","198","285","118","349","256","398","288","382","264","425","232","401","215","433","178","437","137","452","107","467","279","500","244","574","205","615","202","621","172","82","246"
"NO-0015-BTo21-10A-26R.dw.png","202","176","228","175","267","256","268","200","282","117","344","259","400","293","380","268","415","234","396","220","436","180","437","138","454","106","464","284","497","248","577","208","619","206","628","173","84","250"
"NO-0015-BTo21-10A-2R.dw.png","208","183","233","183","265","262","273","208","285","126","342","265","398","299","381","275","425","243","395","223","435","188","439","145","455","111","462","292","500","256","579","214","618","210","624","178","82","251"
"NO-0015-BTo21-10A-3R.dw.png","207","173","232","172","260","251","269","197","283","119","337","254","394","288","379","266","418","233","391","213","427","180","433","140","451","109","459","280","495","245","572","206","606","204","613","174","84","242"
"NO-0015-BTo21-10A-4R.dw.png","203","176","231","176","270","256","274","203","282","119","347","258","405","292","388","269","423","234","401","218","434","181","438","141","454","109","473","283","508","248","587","209","623","206","628","174","83","246"
"NO-0015-BTo21-10A-5R.dw.png","209","173","232","172","267","254","275","198","288","117","349","258","402","291","387","268","430","237","401","216","442","183","446","143","465","112","475","282","509","250","584","213","626","209","635","181","82","241"
"NO-0015-BTo21-10A-6R.dw.png","213","179","240","178","272","258","275","200","290","120","349","261","405","293","387","271","431","238","407","219","443","182","447","141","464","111","474","285","512","250","591","211","627","209","636","178","87","257"
"NO-0015-BTo21-10A-7R.dw.png","201","177","226","176","266","253","267","201","275","119","340","256","394","288","378","265","418","233","390","214","424","180","427","140","441","106","460","279","493","244","573","207","606","203","613","173","83","248"
"NO-0015-BTo21-10A-8R.dw.png","201","172","229","172","264","250","262","194","277","119","338","253","388","285","374","263","416","232","389","213","427","180","430","139","447","110","453","278","491","244","571","206","610","204","616","175","81","244"
"NO-0015-BTo21-10A-9R.dw.png","208","177","233","176","272","256","275","202","289","120","348","259","402","293","386","269","430","238","402","219","441","185","445","146","464","116","473","286","511","249","583","214","623","212","633","182","82","246"
"NO-0016-BTo21-5-0R.dw.png","207","174","234","174","265","254","269","197","292","118","346","258","408","292","391","269","429","234","405","216","444","179","447","137","466","105","472","285","510","249","595","205","629","202","638","171","77","245"
"NO-0016-BTo21-5-10R.dw.png","207","178","235","178","263","255","282","206","291","120","353","262","413","294","393","272","424","234","416","224","451","181","456","140","471","107","476","288","513","253","604","207","637","204","646","171","81","248"
"NO-0016-BTo21-5-11R.dw.png","204","175","230","173","272","254","275","200","283","119","351","257","405","290","388","267","428","233","405","217","441","179","445","138","460","108","465","283","502","247","585","206","622","203","630","173","86","249"
"NO-0016-BTo21-5-12R.dw.png","204","175","230","174","261","256","270","200","286","119","341","261","398","295","383","273","427","239","399","220","439","182","445","141","464","111","468","288","509","250","588","210","628","207","636","177","80","245"
"NO-0016-BTo21-5-13R.dw.png","209","180","234","180","269","264","278","206","289","124","357","268","415","302","398","279","435","244","414","227","452","189","456","144","474","114","480","294","515","260","603","216","638","214","645","182","83","251"
"NO-0016-BTo21-5-14R.dw.png","207","169","233","169","264","249","265","192","286","114","342","254","401","288","385","266","427","232","400","213","438","178","442","136","458","108","468","279","505","245","585","205","619","202","626","173","83","239"
"NO-0016-BTo21-5-15R.dw.png","201","169","223","168","255","243","267","191","279","113","340","246","400","281","379","257","409","220","402","213","435","171","439","131","454","101","461","273","493","240","579","197","619","193","623","163","84","241"
"NO-0016-BTo21-5-16R.dw.png","203","171","228","170","258","251","267","194","283","113","340","254","399","287","382","265","423","232","401","215","438","179","444","137","459","108","464","280","497","248","580","205","617","203","626","173","79","240"
"NO-0016-BTo21-5-17R.dw.png","211","177","239","176","261","251","279","202","292","122","346","256","404","289","388","266","421","231","409","221","445","180","449","140","464","109","468","282","504","248","586","206","627","202","634","170","84","244"
"NO-0016-BTo21-5-18R.dw.png","206","173","236","174","265","257","268","196","282","117","347","261","404","294","389","272","436","238","402","217","445","181","451","140","467","110","474","285","511","250","591","207","627","204","632","173","83","247"
"NO-0016-BTo21-5-19R.dw.png","203","172","232","171","252","251","269","194","279","118","347","258","401","289","386","268","430","236","396","213","440","180","447","138","462","108","468","282","504","249","587","204","624","201","629","170","81","242"
"NO-0016-BTo21-5-1R.dw.png","208","175","232","175","270","256","276","202","282","121","349","259","404","293","387","271","426","237","397","217","439","182","444","142","462","112","467","286","501","252","579","212","619","208","627","178","85","248"
"NO-0016-BTo21-5-20R.dw.png","201","175","229","175","261","256","267","198","283","120","340","262","397","296","381","273","421","237","397","220","433","181","438","138","457","108","463","288","501","250","582","209","618","207","626","176","78","244"
"NO-0016-BTo21-5-21R.dw.png","203","173","232","174","255","254","267","197","280","117","346","262","400","294","386","273","427","238","396","218","439","180","446","139","462","107","467","286","500","251","585","206","620","203","627","171","82","246"
"NO-0016-BTo21-5-22R.dw.png","206","179","232","177","256","254","264","198","283","121","337","258","391","291","376","271","419","236","397","219","435","181","439","139","457","110","460","284","499","249","581","207","618","204","626","175","81","247"
"NO-0016-BTo21-5-23R.dw.png","201","174","229","172","258","254","267","196","285","117","337","257","399","292","383","270","425","234","397","215","434","178","438","137","456","107","464","284","502","246","576","207","613","204","620","173","81","248"
"NO-0016-BTo21-5-24R.dw.png","205","170","233","171","256","250","267","193","285","117","342","254","402","287","386","264","426","232","398","212","441","178","447","137","463","110","467","279","504","246","583","204","625","201","633","171","81","237"
"NO-0016-BTo21-5-25R.dw.png","215","177","243","176","270","251","279","201","293","120","348","254","411","289","390","264","436","230","415","217","445","178","448","137","458","104","474","281","512","245","588","202","626","197","631","169","89","244"
"NO-0016-BTo21-5-2R.dw.png","203","172","231","172","257","250","267","196","286","118","342","255","403","288","386","265","418","229","407","219","442","180","447","137","464","108","465","280","501","247","586","205","626","203","631","170","82","238"
"NO-0016-BTo21-5-3R.dw.png","202","165","228","165","254","242","268","191","278","116","331","245","392","279","376","256","417","226","394","209","428","174","433","132","449","104","457","272","492","237","566","197","607","194","615","164","79","233"
"NO-0016-BTo21-5-4R.dw.png","201","177","228","178","260","260","271","205","285","122","349","265","404","299","391","278","424","241","402","224","439","187","445","144","464","113","467","293","503","258","585","216","621","212","628","182","82","252"
"NO-0016-BTo21-5-5R.dw.png","208","177","231","177","262","254","275","202","290","120","347","256","406","289","390","267","423","232","409","220","446","180","449","139","463","108","467","282","500","250","587","206","629","201","634","171","86","249"
"NO-0016-BTo21-5-6R.dw.png","201","175","228","174","253","254","267","198","281","119","338","258","395","292","380","270","418","235","394","218","433","182","439","140","455","109","463","284","496","249","578","210","614","207","622","176","78","242"
"NO-0016-BTo21-5-7R.dw.png","209","174","232","173","269","255","272","199","284","119","342","259","400","293","384","270","429","237","398","218","440","179","445","138","462","107","468","285","508","249","588","206","620","203","629","171","81","240"
"NO-0016-BTo21-5-8R.dw.png","201","169","227","167","253","244","264","190","282","114","336","249","393","283","377","260","412","225","396","213","430","173","434","132","451","103","460","275","496","238","571","200","610","196","618","166","79","236"
"NO-0016-BTo21-5-9R.dw.png","205","170","232","169","260","249","269","194","282","115","341","253","400","287","382","264","426","231","401","214","438","178","445","138","460","109","467","279","502","244","581","204","620","202","628","172","85","241"
"NO-0017-BTo21-8-0R.dw.png","209","180","237","179","274","263","281","206","295","122","348","263","408","297","392","275","433","241","408","222","447","184","451","142","467","111","480","289","517","253","600","213","635","210","641","179","85","255"
"NO-0017-BTo21-8-10R.dw.png","206","180","235","180","269","261","269","202","291","121","348","263","402","296","387","274","430","240","404","221","440","186","445","142","463","110","471","288","508","253","590","212","623","209","632","177","86","253"
"NO-0017-BTo21-8-11R.dw.png","196","179","222","178","254","258","259","201","277","123","334","261","381","292","367","271","407","237","386","221","418","184","421","143","438","112","451","284","483","251","560","212","592","209","600","177","82","249"
"NO-0017-BTo21-8-12R.dw.png","212","182","239","182","273","266","276","205","296","125","354","270","412","303","396","281","436","246","405","223","449","191","457","148","474","116","482","295","516","261","598","220","632","219","642","186","86","254"
"NO-0017-BTo21-8-13R.dw.png","200","174","227","174","254","253","264","198","281","118","334","258","385","290","371","269","410","235","387","216","424","181","428","142","445","110","453","282","487","250","570","209","603","208","611","176","79","240"
"NO-0017-BTo21-8-14R.dw.png","203","184","227","184","257","260","266","207","285","125","341","264","391","296","377","274","411","240","394","224","429","187","432","145","451","110","459","287","493","255","575","213","607","208","615","175","80","253"
"NO-0017-BTo21-8-15R.dw.png","200","175","229","177","258","257","263","201","282","122","344","265","397","297","381","276","422","243","397","225","431","186","439","144","456","113","467","289","498","256","578","214","613","211","622","180","83","245"
"NO-0017-BTo21-8-16R.dw.png","198","179","224","179","257","258","266","204","282","121","340","263","388","293","376","274","415","238","391","220","429","185","430","142","447","111","459","285","491","254","574","213","605","211","612","179","80","249"
"NO-0017-BTo21-8-17R.dw.png","201","179","230","178","262","260","266","201","287","123","341","264","397","296","383","275","426","241","396","220","435","186","441","144","459","113","470","288","503","255","584","215","623","212","631","180","80","251"
"NO-0017-BTo21-8-18R.dw.png","206","178","235","180","266","260","270","203","293","124","343","265","397","297","385","277","424","243","397","222","439","188","445","145","465","114","471","290","503","257","590","216","625","213","635","182","78","242"
"NO-0017-BTo21-8-19R.dw.png","203","179","230","178","267","257","265","199","282","118","347","261","399","292","385","271","429","238","395","217","434","183","438","141","456","110","465","284","501","249","581","210","616","209","627","177","84","249"
"NO-0017-BTo21-8-20R.dw.png","206","176","234","176","265","256","270","200","291","119","343","262","397","292","384","272","423","240","397","220","437","186","437","144","457","110","468","284","496","253","585","210","617","208","628","178","82","243"
"NO-0017-BTo21-8-21R.dw.png","203","181","230","181","267","262","267","205","289","126","345","266","396","296","383","276","424","244","395","222","434","188","442","147","458","117","466","290","499","255","582","214","614","211","623","181","81","246"
"NO-0017-BTo21-8-22R.dw.png","199","179","226","179","259","256","262","202","281","125","335","260","388","292","375","272","412","237","387","218","423","185","428","145","448","113","456","284","488","252","567","211","602","209","610","181","80","246"
"NO-0017-BTo21-8-23R.dw.png","204","177","233","177","261","257","269","199","286","120","337","261","388","293","375","272","420","238","391","217","430","185","435","142","456","112","461","285","494","252","578","212","611","209","620","178","82","243"
"NO-0017-BTo21-8-24R.dw.png","207","183","237","185","270","265","274","209","294","126","345","270","398","302","386","282","431","247","403","227","441","190","448","148","467","118","475","295","507","260","597","217","627","215","637","185","82","252"
"NO-0017-BTo21-8-25R.dw.png","194","173","222","174","256","254","260","197","278","119","332","257","382","287","367","269","415","237","387","217","422","183","427","142","440","113","454","281","486","248","568","211","604","209","613","180","84","250"
"NO-0017-BTo21-8-26R.dw.png","205","177","230","177","263","255","273","203","292","120","347","259","396","290","382","270","427","237","400","218","434","184","437","142","458","112","470","283","502","249","587","208","621","206","629","177","85","247"
"NO-0017-BTo21-8-2R.dw.png","198","173","225","172","256","249","265","198","281","117","334","252","389","284","374","262","409","229","389","213","422","177","426","138","443","107","454","276","488","241","558","206","597","202","604","170","84","244"
"NO-0017-BTo21-8-3R.dw.png","205","178","232","177","259","257","269","202","282","121","343","260","397","293","384","271","421","236","399","220","434","182","438","143","458","110","465","285","500","250","580","208","613","205","623","175","82","247"
"NO-0017-BTo21-8-4R.dw.png","204","184","230","182","263","263","268","206","289","123","343","267","400","299","386","278","423","242","400","224","439","187","442","145","462","112","468","291","502","257","588","215","623","213","634","181","83","256"
"NO-0017-BTo21-8-5R.dw.png","205","180","233","180","269","262","275","206","292","123","350","266","402","298","388","276","429","243","397","222","438","188","445","146","463","116","469","289","502","253","582","213","619","210","628","181","82","250"
"NO-0017-BTo21-8-6R.dw.png","202","175","226","175","264","255","265","199","283","119","340","259","392","291","376","269","415","235","388","216","427","182","433","140","452","110","458","283","491","250","569","210","607","207","618","178","82","247"
"NO-0017-BTo21-8-7R.dw.png","209","177","238","176","270","255","274","199","289","123","349","258","403","292","387","270","430","239","404","218","442","183","444","141","460","109","470","284","505","250","592","209","627","207","634","176","82","249"
"NO-0017-BTo21-8-8R.dw.png","207","178","238","178","265","258","271","199","289","121","350","263","401","295","388","275","429","242","401","221","440","187","444","144","462","111","466","288","502","256","588","213","621","209","630","178","83","246"
"NO-0017-BTo21-8-9R.dw.png","212","182","243","183","269","263","272","203","296","123","352","267","403","299","391","279","435","244","404","222","443","188","448","146","466","114","478","290","507","258","593","215","622","211","633","180","85","253"
"NO-0018-GAN21-10-0R.dw.png","210","180","240","181","278","265","279","206","294","126","361","266","413","302","396","277","441","243","409","222","451","189","454","148","470","112","487","292","526","256","597","219","638","215","646","183","84","253"
"NO-0018-GAN21-10-10R.dw.png","207","182","238","183","273","268","278","209","289","124","358","273","416","308","398","285","442","248","404","226","450","190","452","146","468","110","483","299","522","260","600","218","639","213","648","180","89","263"
"NO-0018-GAN21-10-11R.dw.png","203","171","229","170","260","248","267","193","279","116","342","253","395","288","378","263","419","230","391","210","431","178","435","138","455","107","467","278","503","241","575","203","613","199","624","170","79","237"
"NO-0018-GAN21-10-12R.dw.png","206","176","234","176","278","260","277","203","291","123","358","264","410","296","394","273","432","239","410","222","450","186","452","145","467","111","481","289","522","251","594","216","639","211","645","181","82","246"
"NO-0018-GAN21-10-13R.dw.png","204","180","233","180","270","264","278","209","288","125","348","270","405","307","385","280","428","245","399","225","445","190","449","146","468","113","476","298","516","258","586","219","628","214","636","180","83","254"
"NO-0018-GAN21-10-14R.dw.png","210","182","239","182","280","270","283","209","297","126","366","274","419","309","402","286","448","250","420","231","461","196","462","150","480","115","489","300","531","262","608","221","644","218","654","184","85","257"
"NO-0018-GAN21-10-15R.dw.png","206","178","232","178","276","261","277","206","285","122","353","266","404","299","389","276","435","243","397","221","441","189","445","145","462","111","479","290","515","254","590","217","631","213","639","181","85","250"
"NO-0018-GAN21-10-16R.dw.png","207","177","233","177","273","265","273","203","291","120","352","266","407","301","390","277","434","242","406","223","449","188","450","143","468","110","484","292","518","256","596","214","630","210","640","177","79","251"
"NO-0018-GAN21-10-17R.dw.png","206","176","236","176","267","259","273","201","286","122","351","264","401","296","386","273","432","240","403","220","443","186","445","143","459","109","471","287","509","251","586","213","624","210","631","179","83","246"
"NO-0018-GAN21-10-18R.dw.png","207","178","236","178","277","263","277","205","287","126","353","266","405","300","389","277","432","243","403","222","443","192","444","146","459","114","477","291","514","255","591","217","626","214","632","183","83","248"
"NO-0018-GAN21-10-19R.dw.png","204","172","235","172","269","256","269","197","288","120","346","259","401","292","385","270","428","236","401","217","442","185","442","143","455","110","471","283","508","246","581","213","626","210","632","180","80","242"
"NO-0018-GAN21-10-1R.dw.png","210","177","240","177","272","259","276","200","288","120","355","262","409","296","393","272","439","238","408","218","446","184","448","141","467","108","481","287","518","251","594","210","625","207","634","175","85","250"
"NO-0018-GAN21-10-20R.dw.png","200","169","231","170","260","251","272","196","282","113","343","256","396","287","382","266","429","233","398","213","435","179","439","139","454","107","467","279","501","242","579","205","616","202","623","171","78","239"
"NO-0018-GAN21-10-21R.dw.png","205","180","233","180","269","264","279","207","294","122","360","269","413","303","399","280","442","244","408","222","451","194","455","148","474","111","486","295","523","256","597","216","639","212","647","180","81","252"
"NO-0018-GAN21-10-22R.dw.png","205","178","235","178","267","259","274","202","289","120","350","263","405","297","391","275","436","240","403","218","444","188","446","144","464","110","479","288","516","251","586","213","629","209","638","177","82","246"
"NO-0018-GAN21-10-23R.dw.png","207","178","233","178","271","263","272","204","291","124","351","265","405","299","391","276","432","243","406","223","446","190","450","146","466","111","479","290","516","255","596","216","634","213","641","183","79","244"
"NO-0018-GAN21-10-24R.dw.png","206","178","231","176","266","258","272","202","287","122","351","262","406","295","391","273","428","238","404","220","444","185","448","141","464","108","477","286","514","252","592","212","628","209","635","176","84","249"
"NO-0018-GAN21-10-25R.dw.png","208","180","233","179","270","261","272","202","287","123","354","265","412","299","396","276","443","242","409","221","450","185","455","142","469","108","481","291","523","254","602","213","638","209","645","177","87","252"
"NO-0018-GAN21-10-26R.dw.png","203","177","232","177","264","264","274","207","287","119","352","270","407","305","392","282","434","244","402","224","443","189","443","144","461","110","477","295","513","257","589","216","627","211","638","179","81","251"
"NO-0018-GAN21-10-27R.dw.png","209","179","237","180","275","266","276","206","294","126","357","269","406","302","394","280","439","247","409","225","446","196","448","149","463","115","481","294","519","258","597","219","631","217","639","186","80","247"
"NO-0018-GAN21-10-28R.dw.png","209","177","238","177","269","262","277","203","292","123","353","266","404","299","389","276","430","240","408","223","446","188","449","144","464","111","475","290","514","253","592","215","633","213","640","182","80","246"
"NO-0018-GAN21-10-29R.dw.png","204","177","233","177","270","264","276","205","289","120","358","270","411","304","395","280","435","243","403","223","446","188","448","143","467","108","479","295","519","256","595","215","637","211","647","178","81","253"
"NO-0018-GAN21-10-2R.dw.png","206","181","235","182","267","269","274","208","290","123","356","274","409","308","394","285","433","247","403","227","446","191","447","146","466","110","478","299","516","260","598","217","634","214","644","181","82","257"
"NO-0018-GAN21-10-3R.dw.png","203","178","232","178","269","262","273","203","290","121","353","266","409","299","392","276","430","240","409","223","446","187","448","143","466","111","482","289","514","251","591","213","630","209","637","178","86","255"
"NO-0018-GAN21-10-4R.dw.png","211","182","239","181","283","265","279","207","294","125","359","270","413","305","398","282","439","247","412","226","456","191","459","147","474","111","488","296","524","260","609","218","640","215","646","182","88","255"
"NO-0018-GAN21-10-5R.dw.png","198","177","229","178","258","260","268","204","286","121","343","263","397","298","382","274","425","242","391","220","434","187","437","147","456","111","465","289","503","251","581","214","618","210","625","177","79","247"
"NO-0018-GAN21-10-6R.dw.png","206","182","234","181","270","263","274","205","291","121","353","266","407","298","394","277","439","242","407","220","452","187","455","142","473","110","483","290","517","256","600","211","633","208","641","176","80","259"
"NO-0018-GAN21-10-7R.dw.png","198","173","231","174","256","253","267","198","281","118","339","256","396","291","380","267","422","234","393","215","433","183","435","141","454","109","469","282","503","245","574","209","615","205","619","174","82","248"
"NO-0018-GAN21-10-8R.dw.png","202","172","235","174","259","255","270","199","292","119","344","258","400","294","385","270","428","237","398","217","439","184","442","143","460","109","466","286","506","249","587","211","626","208","630","175","81","243"
"NO-0018-GAN21-10-9R.dw.png","207","179","236","179","268","262","279","206","292","122","351","267","405","301","388","278","437","243","404","222","451","187","457","143","476","111","478","294","519","256","598","214","636","210","644","177","84","251"
"NO-0019-GAN21-49-0R.dw.png","197","175","230","176","258","253","271","201","280","121","345","259","398","291","385","271","426","237","393","216","437","183","441","142","457","110","468","283","504","248","580","208","619","204","626","172","81","242"
"NO-0019-GAN21-49-10R.dw.png","199","173","230","173","262","256","270","199","280","119","345","262","398","295","384","274","434","242","397","217","437","183","442","142","458","110","470","287","505","251","586","211","622","208","629","176","82","244"
"NO-0019-GAN21-49-11R.dw.png","200","173","232","174","250","250","268","197","285","119","340","256","393","288","380","266","422","231","398","214","437","180","437","137","454","105","455","280","492","244","574","204","611","201","619","168","82","242"
"NO-0019-GAN21-49-12R.dw.png","201","169","230","169","260","249","266","193","279","116","341","253","389","284","377","264","418","230","387","210","429","178","432","138","448","108","458","276","493","240","571","203","605","200","613","171","83","238"
"NO-0019-GAN21-49-13R.dw.png","195","174","220","173","253","253","260","199","272","122","334","259","386","292","373","271","410","237","382","218","422","183","426","141","441","110","451","284","485","249","563","208","597","205","604","174","78","240"
"NO-0019-GAN21-49-14R.dw.png","201","179","230","179","265","261","273","206","283","124","348","267","397","300","383","277","423","241","398","223","435","186","438","146","456","110","463","290","499","253","574","215","616","210","625","177","83","249"
"NO-0019-GAN21-49-15R.dw.png","203","173","233","173","261","250","275","199","285","121","344","256","395","288","382","267","420","233","397","216","437","182","441","143","460","111","465","280","498","247","576","207","614","203","622","172","84","236"
"NO-0019-GAN21-49-16R.dw.png","195","173","226","173","259","256","266","200","278","120","339","261","394","296","382","275","426","240","393","218","434","184","439","143","455","111","467","287","502","252","581","212","617","209","625","178","79","243"
"NO-0019-GAN21-49-17R.dw.png","198","172","226","172","257","251","270","199","279","115","340","255","396","288","382","265","420","231","396","215","433","178","433","138","449","104","464","279","498","243","577","204","617","200","623","170","83","242"
"NO-0019-GAN21-49-18R.dw.png","196","171","222","170","258","252","268","199","276","118","342","258","392","290","379","268","421","234","391","214","432","180","434","139","449","107","460","281","495","246","578","205","610","202","618","172","80","237"
"NO-0019-GAN21-49-19R.dw.png","200","177","229","177","263","257","268","202","283","122","341","261","396","296","381","273","413","237","392","222","436","183","441","141","458","107","463","287","493","253","577","211","620","206","627","173","80","243"
"NO-0019-GAN21-49-1R.dw.png","196","172","221","172","254","249","264","198","269","119","334","252","387","283","374","262","409","228","388","212","423","178","426","140","441","108","455","274","491","241","565","202","605","199","611","171","80","237"
"NO-0019-GAN21-49-20R.dw.png","196","171","226","171","254","248","265","196","272","118","333","251","387","285","374","263","418","232","387","211","425","179","429","138","447","107","453","277","487","243","569","200","603","196","611","166","78","235"
"NO-0019-GAN21-49-21R.dw.png","196","174","222","173","260","254","265","199","276","119","341","258","394","289","379","268","419","234","390","215","429","181","432","141","447","107","460","281","495","245","571","208","612","204","620","173","83","243"
"NO-0019-GAN21-49-22R.dw.png","199","177","230","177","258","257","270","203","282","121","339","262","392","296","378","274","420","240","391","220","433","185","438","142","458","110","458","288","495","251","581","212","616","208","624","177","78","240"
"NO-0019-GAN21-49-23R.dw.png","206","179","235","178","275","262","273","203","287","121","352","265","404","296","389","274","430","238","401","221","441","184","446","144","461","110","469","288","504","251","584","211","622","208","631","177","91","258"
"NO-0019-GAN21-49-24R.dw.png","205","179","233","179","264","262","271","204","283","122","345","267","397","301","382","279","429","244","396","223","437","190","441","145","457","112","465","293","504","257","585","215","619","212","630","181","85","252"
"NO-0019-GAN21-49-25R.dw.png","197","178","227","177","262","257","268","203","277","121","342","262","395","295","379","272","420","238","391","218","431","183","435","142","453","109","462","286","497","250","575","210","614","206","621","174","81","248"
"NO-0019-GAN21-49-26R.dw.png","199","176","230","176","262","257","271","204","279","123","340","262","393","298","378","273","417","240","386","222","432","185","437","144","453","109","461","288","494","253","575","212","613","208","622","175","79","244"
"NO-0019-GAN21-49-27R.dw.png","191","171","222","172","250","251","262","197","273","119","330","255","383","287","369","266","413","234","388","216","426","182","429","141","446","110","454","279","489","244","566","206","604","202","614","172","75","236"
"NO-0019-GAN21-49-28R.dw.png","206","177","235","176","272","260","277","204","285","122","352","265","402","299","390","276","432","240","401","220","445","185","449","144","466","109","470","290","508","252","585","213","628","209","636","176","83","248"
"NO-0019-GAN21-49-29R.dw.png","199","172","226","172","265","250","268","197","276","116","336","252","389","283","375","261","409","227","382","211","425","177","426","137","443","103","454","274","487","239","562","200","597","197","604","166","84","245"
"NO-0019-GAN21-49-2R.dw.png","200","170","231","170","256","247","270","195","283","119","337","252","390","284","377","263","418","230","393","214","432","180","435","140","450","110","455","277","492","242","572","206","607","201","611","172","82","237"
"NO-0019-GAN21-49-3R.dw.png","202","175","231","176","265","255","272","201","280","121","342","258","395","290","383","270","423","236","392","217","435","183","440","141","456","112","465","282","499","248","578","208","612","205","621","176","80","243"
"NO-0019-GAN21-49-4R.dw.png","205","176","232","175","268","256","273","200","283","120","347","259","399","291","387","272","430","238","397","216","436","184","440","142","455","112","468","284","502","249","584","210","617","206","628","177","84","245"
"NO-0019-GAN21-49-5R.dw.png","198","170","225","170","262","250","266","196","276","116","338","252","390","285","376","264","415","231","389","214","430","180","432","139","446","109","457","277","491","242","565","205","603","201","611","171","82","241"
"NO-0019-GAN21-49-6R.dw.png","197","170","228","171","255","249","267","197","279","119","340","255","392","286","379","266","426","233","393","213","429","182","433","139","450","107","463","278","498","243","577","205","620","201","629","171","77","234"
"NO-0019-GAN21-49-7R.dw.png","197","168","228","168","253","247","268","193","281","116","344","253","397","285","383","265","429","232","398","212","436","178","441","137","456","106","465","277","498","243","583","203","621","200","630","169","79","235"
"NO-0019-GAN21-49-8R.dw.png","202","170","232","171","255","252","271","197","285","121","341","258","395","290","384","271","428","236","400","217","436","182","440","140","455","109","466","282","502","247","580","207","620","203","627","172","80","238"
"NO-0019-GAN21-49-9R.dw.png","196","172","225","173","256","253","264","199","279","120","330","256","388","290","373","268","415","236","387","216","429","182","433","141","453","110","456","281","491","247","569","208","607","205","618","175","77","239"
"NO-0020-GT21-237-B-0R.dw.png","196","176","224","177","256","254","266","204","278","120","337","259","390","290","376","270","421","239","385","217","426","183","432","141","450","112","459","283","496","248","576","209","608","205","615","173","82","244"
"NO-0020-GT21-237-B-10R.dw.png","204","174","229","173","267","255","268","198","286","120","349","258","399","289","384","266","420","235","395","217","434","183","439","145","456","114","469","281","503","249","585","209","619","206","624","177","83","244"
"NO-0020-GT21-237-B-11R.dw.png","201","179","228","179","258","257","266","204","281","123","335","262","391","292","377","272","415","238","395","222","431","188","436","147","452","116","462","285","497","251","577","212","613","209","621","179","84","246"
"NO-0020-GT21-237-B-12R.dw.png","202","175","228","175","265","255","268","199","283","119","342","257","394","287","380","267","423","235","394","216","435","180","439","140","456","110","465","279","502","243","577","206","614","201","621","171","81","247"
"NO-0020-GT21-237-B-13R.dw.png","199","174","230","175","258","254","266","200","281","123","339","257","394","289","382","269","424","236","393","216","434","183","436","142","453","109","470","280","505","246","585","205","615","202","621","170","80","241"
"NO-0020-GT21-237-B-14R.dw.png","213","177","238","176","279","253","277","199","289","120","355","255","409","284","393","264","431","233","405","215","443","183","449","144","464","113","478","277","510","245","592","206","628","205","633","176","89","250"
"NO-0020-GT21-237-B-15R.dw.png","204","178","233","178","264","258","274","204","286","125","349","261","401","293","389","273","432","241","400","222","439","186","443","142","461","113","476","284","507","251","591","210","630","207","635","176","83","248"
"NO-0020-GT21-237-B-16R.dw.png","203","179","229","178","258","255","273","206","282","124","342","262","397","293","384","273","423","239","400","222","434","185","440","144","458","114","474","286","509","250","588","209","624","206","632","176","86","246"
"NO-0020-GT21-237-B-17R.dw.png","213","178","239","176","279","255","278","201","291","121","354","258","405","290","390","267","428","235","401","216","442","184","446","143","463","112","478","282","512","248","592","211","627","207","634","178","85","250"
"NO-0020-GT21-237-B-18R.dw.png","203","177","229","176","264","257","267","201","288","122","344","257","401","288","386","268","430","236","398","217","434","184","437","142","451","112","468","280","508","246","583","208","616","206","623","176","87","255"
"NO-0020-GT21-237-B-19R.dw.png","202","176","225","174","266","253","267","198","279","121","342","254","397","287","382","265","423","234","389","213","433","182","439","142","456","112","470","280","506","246","586","206","619","203","624","173","83","244"
"NO-0020-GT21-237-B-1R.dw.png","209","176","235","175","272","254","271","199","291","121","350","258","402","289","387","269","433","238","399","216","442","183","446","144","462","115","477","283","509","250","591","211","629","209","635","180","82","247"
"NO-0020-GT21-237-B-20R.dw.png","215","176","242","176","277","255","276","198","295","121","354","258","408","290","391","266","433","235","403","214","445","182","449","143","466","112","479","282","511","248","590","210","629","207","634","176","87","248"
"NO-0020-GT21-237-B-21R.dw.png","205","182","236","182","269","262","273","206","289","125","351","265","405","297","393","277","437","244","405","223","443","188","447","144","464","114","479","288","511","256","596","213","635","211","639","178","82","253"
"NO-0020-GT21-237-B-22R.dw.png","199","177","224","177","252","253","268","206","281","121","336","260","392","292","378","272","419","238","391","219","431","188","435","146","454","116","463","285","499","251","574","212","616","209","625","179","83","244"
"NO-0020-GT21-237-B-23R.dw.png","202","177","229","177","258","255","271","205","285","121","339","260","394","294","376","270","416","239","392","221","430","186","435","144","453","114","463","285","498","251","574","212","614","208","623","177","84","245"
"NO-0020-GT21-237-B-24R.dw.png","203","174","232","174","267","253","276","201","289","121","346","258","403","292","388","270","433","238","399","218","441","185","446","145","463","117","474","284","512","249","591","211","627","208","633","177","88","242"
"NO-0020-GT21-237-B-25R.dw.png","208","177","234","177","269","258","271","204","288","125","342","262","394","295","379","273","424","242","397","223","436","189","440","147","459","116","468","286","505","251","582","215","618","211","625","181","82","244"
"NO-0020-GT21-237-B-26R.dw.png","209","178","237","178","277","257","275","202","292","123","351","260","407","291","391","270","429","240","403","220","443","188","447","148","463","117","477","285","514","250","598","213","630","211","635","181","91","251"
"NO-0020-GT21-237-B-2R.dw.png","199","177","228","176","260","256","272","204","281","121","339","259","393","291","380","271","424","239","393","220","431","185","435","145","453","114","467","283","502","250","578","211","614","207","622","177","82","248"
"NO-0020-GT21-237-B-3R.dw.png","204","177","232","177","264","259","274","207","291","122","341","262","399","296","387","276","428","241","401","223","442","187","449","147","468","116","475","289","509","255","593","215","628","211","636","180","80","245"
"NO-0020-GT21-237-B-4R.dw.png","204","169","233","170","256","249","269","195","288","118","342","251","395","282","381","261","419","230","392","211","434","180","438","141","454","110","466","274","499","243","576","204","615","201","622","171","81","236"
"NO-0020-GT21-237-B-5R.dw.png","213","179","237","178","277","255","273","199","290","122","352","256","403","286","388","266","431","233","401","214","443","183","448","142","460","113","478","278","511","246","590","208","628","206","634","176","86","254"
"NO-0020-GT21-237-B-6R.dw.png","198","172","225","171","254","247","266","196","278","118","334","250","388","282","377","263","417","230","387","210","425","178","431","136","448","106","462","274","492","242","571","201","611","198","618","168","83","237"
"NO-0020-GT21-237-B-7R.dw.png","205","173","235","173","268","251","274","198","292","121","345","255","401","287","389","266","428","232","400","214","440","182","445","142","463","114","476","279","509","246","589","206","624","203","631","172","83","241"
"NO-0020-GT21-237-B-8R.dw.png","211","177","238","177","275","259","278","205","292","123","354","261","402","293","390","271","434","240","405","220","442","187","444","145","462","113","475","285","514","250","590","211","622","208","629","177","84","247"
"NO-0020-GT21-237-B-9R.dw.png","201","175","228","174","265","253","271","199","279","120","348","255","399","285","387","265","428","232","401","214","434","180","437","138","452","108","474","277","510","243","586","204","619","202","626","171","86","247"
"NO-0021-GT21-238-B-0R.dw.png","182","171","214","171","241","254","262","201","273","117","333","260","388","293","372","269","409","237","389","222","425","185","430","142","447","110","457","285","498","250","572","214","610","212","619","179","66","245"
"NO-0021-GT21-238-B-10R.dw.png","214","177","241","177","273","257","287","205","296","122","358","262","409","292","397","272","435","236","411","220","447","185","450","145","465","115","482","283","518","246","581","211","624","207","631","176","91","248"
"NO-0021-GT21-238-B-11R.dw.png","204","177","234","178","265","253","275","200","287","123","347","257","400","287","385","267","424","233","402","217","437","182","443","141","459","108","472","278","507","246","583","207","620","204","628","174","90","249"
"NO-0021-GT21-238-B-12R.dw.png","216","181","245","182","275","262","288","210","298","127","359","266","411","296","399","276","433","240","411","225","450","194","452","152","466","121","482","288","519","252","582","216","626","213","634","183","91","252"
"NO-0021-GT21-238-B-13R.dw.png","200","173","229","173","265","252","271","199","283","118","341","256","394","287","378","265","420","234","394","216","430","185","435","141","455","111","465","280","502","243","576","206","610","203","618","173","85","246"
"NO-0021-GT21-238-B-14R.dw.png","210","178","240","178","269","259","280","205","293","124","355","263","404","295","390","273","431","241","404","222","442","188","447","148","462","117","475","287","512","251","575","216","621","212","628","180","88","247"
"NO-0021-GT21-238-B-15R.dw.png","204","180","231","180","256","260","277","210","290","120","349","267","402","299","387","277","422","241","401","225","438","190","445","148","465","116","478","292","513","257","588","219","627","216","635","184","83","252"
"NO-0021-GT21-238-B-18R.dw.png","205","163","232","162","257","241","265","185","285","106","338","243","396","274","382","254","421","219","395","201","433","168","437","127","455","95","469","267","503","230","580","193","614","189","618","155","86","235"
"NO-0021-GT21-238-B-19R.dw.png","214","180","242","179","276","263","287","209","301","122","358","268","412","300","398","279","440","243","414","225","453","191","457","146","472","115","487","292","525","254","594","218","635","215","642","183","90","254"
"NO-0021-GT21-238-B-1R.dw.png","205","173","237","173","262","251","274","196","292","117","349","254","406","284","392","264","428","228","409","214","442","179","446","137","465","105","474","278","513","240","594","202","632","199","640","166","90","243"
"NO-0021-GT21-238-B-21R.dw.png","201","169","232","170","257","249","271","196","286","118","346","253","402","283","388","263","421","228","400","214","434","182","440","140","459","110","470","277","505","242","585","204","623","201","632","171","84","241"
"NO-0021-GT21-238-B-22R.dw.png","216","181","247","181","275","265","292","210","304","124","366","272","418","303","402","283","443","246","419","228","456","193","460","151","475","119","487","295","529","257","596","221","637","217","646","187","92","251"
"NO-0021-GT21-238-B-23R.dw.png","205","161","231","160","262","238","268","184","283","105","336","241","393","273","380","252","420","218","396","200","433","167","436","129","452","98","467","266","507","228","574","195","608","191","615","161","85","234"
"NO-0021-GT21-238-B-24R.dw.png","202","176","229","176","261","257","271","201","280","123","338","260","397","295","381","273","421","239","395","221","431","187","434","144","452","115","468","287","504","251","581","213","617","209","627","179","85","249"
"NO-0021-GT21-238-B-25R.dw.png","204","174","232","174","254","252","276","203","290","119","342","258","393","287","382","269","418","234","397","220","432","184","436","141","453","112","468","280","504","245","569","208","610","205","617","176","81","243"
"NO-0021-GT21-238-B-26R.dw.png","201","173","234","174","264","256","270","199","288","120","346","263","399","294","385","274","422","240","399","222","437","189","442","147","459","116","469","288","506","256","588","216","621","213","626","184","80","241"
"NO-0021-GT21-238-B-27R.dw.png","205","167","236","168","259","245","273","194","288","117","342","250","397","282","382","260","417","226","397","211","435","180","437","138","456","107","461","275","499","237","574","200","610","196","619","164","85","237"
"NO-0021-GT21-238-B-3R.dw.png","217","186","246","185","278","269","291","213","300","128","363","272","415","303","402","283","443","246","418","228","457","194","458","151","475","118","491","294","530","256","595","218","637","214","643","182","89","257"
"NO-0021-GT21-238-B-4R.dw.png","202","175","233","176","266","256","273","202","289","119","347","259","400","290","386","270","424","235","399","219","436","184","438","143","456","108","465","284","505","247","580","209","617","205","625","175","88","251"
"NO-0021-GT21-238-B-6R.dw.png","208","179","236","179","264","261","280","208","290","126","353","266","409","299","395","279","434","245","413","231","448","192","452","148","468","117","484","291","520","257","597","217","636","213","643","182","84","251"
"NO-0021-GT21-238-B-7R.dw.png","211","178","240","178","278","266","278","204","299","122","360","271","413","305","399","283","441","248","412","230","452","193","457","149","475","117","482","299","523","260","603","223","636","220","643","185","87","253"
"NO-0021-GT21-238-B-8R.dw.png","200","174","229","175","260","256","272","202","287","119","343","262","395","293","381","272","420","239","394","221","433","187","438","145","457","114","466","286","502","249","578","213","609","211","618","181","84","247"
"NO-0021-GT21-238-B-9R.dw.png","197","146","222","148","257","226","268","175","282","92","338","231","392","262","377","241","418","207","390","190","428","157","431","112","448","80","458","255","494","217","574","179","608","178","614","146","82","223"
"NO-0022-GW21-P2-0R.dw.png","204","183","233","181","266","266","276","209","286","124","346","269","398","302","382","280","429","244","398","223","441","191","442","150","464","116","471","293","509","257","590","216","625","215","633","182","84","261"
"NO-0022-GW21-P2-10R.dw.png","202","169","233","169","254","246","274","194","286","114","341","250","398","282","385","263","422","227","399","210","440","175","444","133","461","103","469","276","504","240","587","200","627","197","634","165","81","242"
"NO-0022-GW21-P2-11R.dw.png","206","169","234","169","261","246","272","193","285","114","339","249","401","281","387","262","425","225","404","210","440","175","443","135","458","106","473","272","506","239","589","198","626","195","634","165","84","239"
"NO-0022-GW21-P2-12R.dw.png","203","170","228","169","257","248","265","193","275","118","336","250","389","283","374","260","415","227","393","211","431","178","435","137","451","108","458","274","491","242","579","203","616","200","623","171","82","239"
"NO-0022-GW21-P2-13R.dw.png","210","177","240","177","275","260","278","202","296","122","359","265","413","297","399","275","444","240","417","221","457","187","460","145","479","114","488","289","525","253","612","214","648","212","659","180","82","246"
"NO-0022-GW21-P2-14R.dw.png","212","174","237","172","269","252","273","197","289","118","345","255","401","286","389","266","429","233","405","216","445","182","449","142","466","112","474","279","507","246","587","207","628","204","636","173","89","246"
"NO-0022-GW21-P2-15R.dw.png","207","177","234","177","266","261","273","203","285","124","348","264","400","296","385","274","431","242","397","220","439","189","442","147","460","116","469","288","506","253","591","213","624","211","633","180","83","251"
"NO-0022-GW21-P2-16R.dw.png","206","177","233","175","264","257","276","200","287","119","350","260","403","291","388","269","433","236","402","215","442","183","447","141","464","111","475","284","510","249","596","209","629","207","638","176","83","248"
"NO-0022-GW21-P2-17R.dw.png","206","173","232","173","265","252","272","198","286","120","342","256","395","288","379","265","416","231","402","218","437","182","442","141","459","112","468","280","502","248","589","207","622","205","631","175","80","239"
"NO-0022-GW21-P2-18R.dw.png","209","172","237","171","273","251","280","198","289","119","347","254","403","288","387","264","428","231","402","211","442","180","443","138","460","107","474","279","511","242","592","202","622","198","630","167","83","241"
"NO-0022-GW21-P2-19R.dw.png","206","172","237","173","259","254","271","196","291","117","345","259","400","290","386","269","429","234","403","216","441","181","445","140","463","110","471","282","505","247","592","208","631","204","638","174","82","245"
"NO-0022-GW21-P2-1R.dw.png","203","175","229","174","262","255","267","198","280","119","338","258","394","290","378","268","420","234","397","217","437","183","441","141","458","111","466","283","499","250","588","209","623","206","630","175","83","245"
"NO-0022-GW21-P2-20R.dw.png","204","173","232","173","252","248","269","197","280","120","338","253","395","286","381","265","419","231","396","214","432","182","435","138","451","109","464","278","495","246","579","205","616","201","623","172","80","238"
"NO-0022-GW21-P2-21R.dw.png","202","174","230","174","260","251","266","199","285","120","342","257","397","288","381","266","419","232","396","214","435","183","440","144","459","111","465","281","500","246","585","206","620","203","627","172","80","243"
"NO-0022-GW21-P2-22R.dw.png","210","174","237","173","266","255","277","199","291","119","352","258","405","290","390","268","430","235","406","217","445","183","450","142","468","112","478","281","514","248","596","208","629","205","636","174","83","243"
"NO-0022-GW21-P2-23R.dw.png","208","177","236","176","261","254","272","199","289","119","346","260","402","291","388","270","429","235","404","217","441","182","446","142","463","111","471","283","508","248","593","208","629","205","637","175","85","249"
"NO-0022-GW21-P2-24R.dw.png","211","178","241","180","269","257","278","202","295","122","350","261","408","294","393","271","433","238","409","219","449","190","454","147","473","117","476","287","514","252","598","214","636","210","646","179","83","249"
"NO-0022-GW21-P2-25R.dw.png","212","176","240","175","272","255","277","200","292","121","348","259","403","291","388","269","432","237","404","218","446","184","450","144","468","113","474","283","510","250","595","209","634","206","643","176","87","247"
"NO-0022-GW21-P2-26R.dw.png","207","175","236","174","264","253","271","198","287","122","340","256","397","287","384","266","424","234","396","213","438","183","445","145","462","114","468","279","501","246","589","207","626","204","632","173","82","243"
"NO-0022-GW21-P2-2R.dw.png","209","178","240","178","271","260","277","202","287","124","357","267","408","296","393","274","438","240","406","219","447","186","451","144","469","113","480","287","520","251","600","211","635","208","644","178","83","250"
"NO-0022-GW21-P2-3R.dw.png","204","172","231","171","267","253","269","195","284","116","345","257","395","288","380","267","428","233","397","213","441","180","446","139","463","108","473","280","508","244","588","205","622","202","630","170","84","244"
"NO-0022-GW21-P2-4R.dw.png","208","179","237","179","269","258","276","204","288","123","348","260","398","292","381","271","425","237","400","217","444","187","450","144","466","114","472","283","507","249","592","210","636","207","642","176","86","251"
"NO-0022-GW21-P2-5R.dw.png","203","172","228","171","253","246","266","193","278","117","337","249","388","280","373","258","414","227","390","210","425","177","430","138","446","108","458","272","490","240","571","201","605","198","612","168","81","238"
"NO-0022-GW21-P2-6R.dw.png","212","178","242","178","276","263","280","204","297","121","357","268","411","300","395","278","444","244","408","221","453","189","458","145","476","114","482","293","520","256","605","216","645","215","653","184","82","252"
"NO-0022-GW21-P2-7R.dw.png","209","178","240","178","265","258","278","203","292","123","350","262","404","295","390","273","431","239","405","220","443","188","450","148","467","117","473","287","505","254","594","214","630","211","638","180","83","247"
"NO-0022-GW21-P2-8R.dw.png","205","172","236","173","258","253","271","198","289","118","342","259","403","293","388","271","426","236","402","218","444","182","447","140","464","110","477","284","510","251","594","208","631","206","638","174","81","243"
"NO-0022-GW21-P2-9R.dw.png","200","170","227","169","253","246","263","192","280","115","330","250","386","282","370","260","412","227","389","211","427","178","428","137","443","107","456","273","490","241","573","202","605","199","612","169","84","240"
"NO-0023-HFU21-P4-708-2018-0R.dw.png","206","172","234","172","259","255","266","194","290","116","346","257","406","287","394","268","430","234","401","214","440","179","449","142","469","111","477","281","511","247","589","206","622","203","630","174","82","242"
"NO-0023-HFU21-P4-708-2018-10R.dw.png","206","171","231","171","265","252","264","192","288","117","347","254","399","283","386","264","421","231","396","211","432","180","437","140","458","109","462","277","494","245","573","203","611","200","618","170","87","243"
"NO-0023-HFU21-P4-708-2018-11R.dw.png","188","164","215","164","245","240","254","187","272","110","330","245","383","274","372","256","411","223","384","205","418","174","422","136","439","105","450","267","485","233","560","196","594","194","601","167","82","239"
"NO-0023-HFU21-P4-708-2018-12R.dw.png","199","169","228","170","255","250","258","191","287","116","339","252","394","283","381","264","421","230","396","212","436","181","440","141","458","111","466","276","500","243","581","204","615","201","621","173","82","238"
"NO-0023-HFU21-P4-708-2018-13R.dw.png","190","169","219","169","252","246","254","193","274","115","328","250","381","281","369","262","406","229","383","212","414","181","418","138","434","107","447","273","480","241","554","202","592","198","601","171","80","237"
"NO-0023-HFU21-P4-708-2018-14R.dw.png","199","170","227","170","253","247","263","192","282","114","339","251","396","282","383","263","422","232","396","213","432","178","438","139","455","109","466","274","499","242","573","204","613","201","621","172","85","241"
"NO-0023-HFU21-P4-708-2018-15R.dw.png","197","160","224","161","249","238","253","181","278","112","330","245","382","275","371","257","406","224","377","203","419","171","423","134","441","103","451","268","481","237","558","194","592","191","601","162","80","228"
"NO-0023-HFU21-P4-708-2018-16R.dw.png","195","164","225","165","251","243","263","190","275","111","338","248","396","278","385","260","419","226","395","210","430","175","436","132","453","103","467","271","500","239","577","195","611","190","618","159","78","230"
"NO-0023-HFU21-P4-708-2018-17R.dw.png","204","175","232","175","258","255","266","197","292","119","347","260","403","290","390","271","428","236","403","217","443","183","449","142","469","111","473","283","509","250","590","207","624","204","632","173","86","248"
"NO-0023-HFU21-P4-708-2018-18R.dw.png","203","173","233","173","258","255","266","195","292","117","349","258","408","289","394","270","431","236","402","215","444","183","448","143","467","114","476","282","513","248","591","208","628","206","635","176","85","250"
"NO-0023-HFU21-P4-708-2018-19R.dw.png","206","179","234","179","261","258","267","200","283","120","342","260","400","290","387","270","422","237","395","217","435","182","439","143","459","112","471","283","502","250","581","209","614","205","624","175","85","253"
"NO-0023-HFU21-P4-708-2018-1R.dw.png","209","179","236","180","263","261","273","202","297","123","349","265","409","296","395","277","429","241","406","223","446","190","452","148","471","118","478","290","511","258","592","216","627","213","635","182","87","252"
"NO-0023-HFU21-P4-708-2018-21R.dw.png","212","182","238","180","274","264","276","204","296","122","353","269","408","301","391","280","434","245","405","223","449","189","453","147","472","115","477","295","514","260","591","219","630","215","638","182","85","252"
"NO-0023-HFU21-P4-708-2018-22R.dw.png","200","173","228","173","250","254","258","193","286","118","339","261","392","291","380","271","417","237","393","218","430","184","436","141","454","111","458","284","492","251","570","208","603","204","613","174","82","244"
"NO-0023-HFU21-P4-708-2018-23R.dw.png","210","172","236","171","260","254","267","193","290","117","352","262","401","291","387","271","424","237","402","219","438","182","443","141","462","110","471","285","503","251","586","206","620","202","628","170","87","243"
"NO-0023-HFU21-P4-708-2018-24R.dw.png","207","172","234","172","262","254","268","195","293","118","344","259","401","290","388","269","426","236","401","215","440","184","445","143","464","113","469","284","504","249","583","210","616","208","625","177","83","241"
"NO-0023-HFU21-P4-708-2018-25R.dw.png","206","176","232","176","255","258","259","195","286","120","343","264","394","293","383","275","421","240","396","221","433","185","441","143","457","112","469","287","500","256","583","210","618","206","625","175","82","246"
"NO-0023-HFU21-P4-708-2018-26R.dw.png","209","184","238","183","261","265","271","204","291","122","352","269","412","299","398","279","436","245","405","223","443","189","453","147","474","115","483","292","519","256","601","214","632","211","641","179","86","256"
"NO-0023-HFU21-P4-708-2018-2R.dw.png","205","180","235","179","272","263","271","202","294","124","352","266","409","298","395","278","431","242","406","224","442","189","447","146","464","114","477","292","514","256","593","213","624","210","630","179","86","251"
"NO-0023-HFU21-P4-708-2018-3R.dw.png","202","173","227","173","258","255","268","199","284","117","342","260","395","291","383","272","424","237","396","217","435","181","440","141","458","108","467","285","503","252","583","207","620","203","629","173","82","246"
"NO-0023-HFU21-P4-708-2018-4R.dw.png","200","171","232","172","260","249","269","196","283","116","344","253","400","284","385","265","420","230","390","211","429","181","435","139","454","107","466","277","499","243","575","204","612","200","619","170","85","242"
"NO-0023-HFU21-P4-708-2018-5R.dw.png","204","175","230","174","265","254","271","198","287","118","344","258","399","289","386","269","422","234","394","213","433","180","437","140","453","109","466","282","503","247","579","207","618","204","626","175","85","249"
"NO-0023-HFU21-P4-708-2018-6R.dw.png","204","170","229","170","259","251","260","191","285","117","351","258","401","287","387","267","418","233","398","216","437","180","441","138","459","108","471","279","502","248","579","204","613","201","623","168","86","243"
"NO-0023-HFU21-P4-708-2018-7R.dw.png","192","169","219","169","247","249","255","191","277","116","336","255","390","282","375","264","404","231","386","216","426","183","431","141","448","110","454","275","484","245","565","205","602","201","609","172","81","241"
"NO-0023-HFU21-P4-708-2018-8R.dw.png","202","173","230","173","260","256","266","196","288","118","342","258","402","287","386","268","426","236","397","214","434","181","440","143","457","113","469","281","502","247","578","207","609","205","619","176","83","248"
"NO-0023-HFU21-P4-708-2018-9R.dw.png","207","173","233","172","262","253","269","195","289","117","351","259","404","288","391","269","427","236","403","219","439","183","444","140","460","110","471","282","505","250","581","207","615","204","623","175","89","249"
"NO-0024-HM11-417-2020-10R.dw.png","199","169","230","169","261","247","271","195","282","116","346","252","395","281","382","262","420","228","392","210","429","176","433","135","450","107","468","273","503","238","573","202","611","196","619","167","86","242"
"NO-0024-HM11-417-2020-11R.dw.png","197","165","230","165","246","240","266","188","277","110","332","243","384","275","369","254","413","221","384","202","421","170","424","130","441","99","460","267","491","231","563","193","605","188","613","158","82","234"
"NO-0024-HM11-417-2020-12R.dw.png","197","167","230","167","250","241","265","189","277","109","332","243","387","279","371","255","412","222","386","203","424","170","425","130","443","97","458","270","493","231","564","194","608","190","615","159","83","242"
"NO-0024-HM11-417-2020-13R.dw.png","193","169","221","169","244","242","259","192","271","113","332","246","383","276","371","257","411","224","380","203","417","172","418","132","434","103","453","269","488","234","564","196","600","193","605","162","80","236"
"NO-0024-HM11-417-2020-14R.dw.png","195","168","228","168","248","242","262","190","276","113","329","245","386","279","369","257","411","224","383","205","420","172","423","133","441","101","454","271","488","234","564","197","603","194","611","162","83","239"
"NO-0024-HM11-417-2020-15R.dw.png","200","170","228","169","256","247","272","198","280","117","336","251","392","284","377","263","418","231","395","214","429","178","432","137","448","110","463","277","500","242","580","205","612","202","620","171","82","239"
"NO-0024-HM11-417-2020-16R.dw.png","207","176","241","176","268","257","277","200","297","120","356","262","410","295","396","273","441","237","412","219","450","180","452","139","471","107","483","286","524","246","599","210","637","206","644","173","84","256"
"NO-0024-HM11-417-2020-17R.dw.png","199","168","227","167","250","241","268","192","280","113","331","244","395","278","379","256","417","223","393","206","430","171","431","130","451","99","465","270","496","234","576","193","610","189","620","158","80","236"
"NO-0024-HM11-417-2020-18R.dw.png","196","163","222","161","248","235","263","186","271","108","333","238","383","266","370","248","412","216","379","197","414","167","417","128","433","99","456","258","486","226","554","187","596","181","603","152","82","236"
"NO-0024-HM11-417-2020-1R.dw.png","204","174","236","173","269","253","274","198","284","120","348","256","404","287","391","268","433","234","403","216","440","180","444","137","458","109","476","280","513","245","595","205","629","202","638","171","86","246"
"NO-0024-HM11-417-2020-20R.dw.png","202","175","230","174","257","254","265","197","284","116","338","257","396","292","381","269","421","235","397","218","433","180","437","139","456","108","463","284","503","247","580","209","618","206","626","173","85","251"
"NO-0024-HM11-417-2020-21R.dw.png","194","169","222","169","247","244","265","196","274","113","331","249","382","282","368","260","406","226","382","208","417","174","419","135","438","103","451","273","485","237","564","199","598","196","605","165","79","238"
"NO-0024-HM11-417-2020-22R.dw.png","202","166","231","165","258","241","270","190","275","112","341","244","394","275","381","256","424","224","391","204","425","171","429","129","445","100","469","267","500","233","573","193","616","189","624","160","85","239"
"NO-0024-HM11-417-2020-23R.dw.png","195","173","223","172","247","251","266","200","279","117","332","257","390","290","374","269","420","235","390","214","429","182","434","141","451","112","461","282","495","248","573","210","615","206","622","175","81","244"
"NO-0024-HM11-417-2020-24R.dw.png","206","178","237","176","265","258","275","200","288","118","348","259","402","291","386","269","429","235","401","217","438","181","441","140","461","109","471","283","506","247","584","208","617","205","624","172","92","259"
"NO-0024-HM11-417-2020-25R.dw.png","198","170","228","168","252","242","267","191","275","111","339","244","398","273","379","253","417","218","390","200","426","166","427","126","444","94","469","262","497","228","571","187","612","179","618","149","84","244"
"NO-0024-HM11-417-2020-26R.dw.png","195","167","223","166","246","240","265","193","277","109","331","247","384","280","368","258","413","226","384","204","421","173","423","133","440","103","458","271","491","236","570","198","608","194","616","165","76","232"
"NO-0024-HM11-417-2020-27R.dw.png","197","170","227","170","252","247","266","195","280","112","338","252","393","285","376","262","420","229","395","211","431","176","434","135","452","106","465","277","500","241","577","204","615","200","623","170","83","245"
"NO-0024-HM11-417-2020-28R.dw.png","196","164","223","163","248","237","264","189","273","110","329","241","383","273","367","251","410","220","380","201","416","169","417","129","434","99","452","265","485","230","555","193","600","188","609","159","84","237"
"NO-0024-HM11-417-2020-29R.dw.png","200","173","229","171","258","250","269","196","279","116","341","253","392","283","379","263","420","231","392","213","428","178","431","136","449","105","459","276","496","241","575","202","608","199","613","168","88","247"
"NO-0024-HM11-417-2020-2R.dw.png","200","167","229","166","244","240","267","190","280","111","333","247","390","281","376","259","419","226","391","207","427","173","428","132","446","101","460","272","495","236","572","198","611","194","619","163","81","237"
"NO-0024-HM11-417-2020-3R.dw.png","210","178","240","176","271","259","277","200","288","119","347","260","405","293","389","272","433","237","403","219","440","180","446","141","463","109","472","286","510","248","592","209","626","207","638","177","91","258"
"NO-0024-HM11-417-2020-4R.dw.png","201","166","229","165","253","238","270","190","282","111","344","244","398","276","383","255","425","222","396","203","433","168","436","128","453","97","471","268","505","230","582","190","618","186","628","156","81","234"
"NO-0024-HM11-417-2020-5R.dw.png","204","174","234","173","259","249","268","194","287","115","347","253","399","286","384","264","430","231","399","212","437","176","439","135","457","104","473","277","504","243","582","203","618","199","625","167","84","248"
"NO-0024-HM11-417-2020-6R.dw.png","194","167","220","166","241","238","259","190","266","108","321","242","374","275","359","254","402","221","375","204","408","169","410","130","427","100","438","269","475","231","546","195","587","191","596","161","79","239"
"NO-0024-HM11-417-2020-7R.dw.png","198","173","230","172","259","249","275","199","280","117","338","254","395","287","381","265","419","231","394","214","432","178","435","136","452","105","465","279","499","243","578","204","612","199","621","167","79","238"
"NO-0024-HM11-417-2020-8R.dw.png","194","172","222","171","243","246","258","194","271","113","328","251","380","283","367","262","404","228","381","212","415","174","418","135","436","105","445","275","482","237","554","202","593","198","602","167","78","241"
"NO-0024-HM11-417-2020-9R.dw.png","198","172","227","170","247","244","265","192","274","113","333","246","388","279","372","258","411","224","386","207","422","173","423","132","442","102","453","272","487","237","565","198","601","195","609","165","91","250"
"NO-0025-HPT21-Flord-2-0R.dw.png","214","175","238","174","270","254","278","198","297","119","353","258","411","289","397","268","439","234","407","213","451","182","451","140","467","109","483","281","515","247","598","208","636","205","644","176","84","247"
"NO-0025-HPT21-Flord-2-10R.dw.png","207","171","232","170","264","253","276","198","286","120","348","258","403","292","386","269","427","235","402","217","443","183","447","140","463","111","473","283","507","247","587","211","625","207","632","176","81","238"
"NO-0025-HPT21-Flord-2-11R.dw.png","198","169","225","169","246","247","268","197","286","117","329","251","391","286","375","264","417","232","393","214","436","182","438","139","453","108","459","278","491","247","576","207","615","204","625","174","75","236"
"NO-0025-HPT21-Flord-2-12R.dw.png","205","173","230","173","265","259","272","199","293","119","350","262","401","294","387","272","428","237","398","216","442","183","447","141","467","107","469","286","507","250","591","212","631","208","638","175","82","246"
"NO-0025-HPT21-Flord-2-13R.dw.png","200","176","227","175","253","254","263","198","283","119","334","257","394","289","375","267","412","233","395","219","437","181","440","137","457","105","464","281","497","247","578","208","619","205","629","174","80","246"
"NO-0025-HPT21-Flord-2-14R.dw.png","211","182","235","182","272","265","279","207","290","126","363","269","414","300","400","279","443","244","407","223","450","189","455","148","472","116","483","292","521","257","599","219","638","216","646","183","87","257"
"NO-0025-HPT21-Flord-2-15R.dw.png","203","176","228","174","259","255","266","198","284","119","338","259","393","290","378","268","419","234","391","215","432","180","434","138","450","108","462","281","495","247","574","210","614","206","622","175","80","244"
"NO-0025-HPT21-Flord-2-16R.dw.png","205","181","229","179","264","260","270","203","285","121","341","262","401","296","385","273","425","238","402","221","444","183","447","141","464","108","473","287","509","254","590","211","628","209","637","179","84","255"
"NO-0025-HPT21-Flord-2-17R.dw.png","208","178","229","176","269","260","270","200","288","120","353","264","406","294","391","273","431","240","403","220","445","186","449","142","466","110","475","285","509","253","592","212","626","209","632","177","85","252"
"NO-0025-HPT21-Flord-2-18R.dw.png","206","176","230","176","259","252","265","197","289","120","339","255","397","287","382","265","422","232","390","213","433","181","433","139","449","108","469","278","501","245","581","206","617","203","627","174","81","244"
"NO-0025-HPT21-Flord-2-19R.dw.png","201","173","225","173","262","251","263","196","284","118","341","254","395","285","379","263","416","230","390","212","426","178","429","137","444","106","459","277","493","242","573","205","606","203","615","172","80","242"
"NO-0025-HPT21-Flord-2-1R.dw.png","205","175","230","174","259","252","271","199","281","120","339","256","399","289","384","268","428","234","395","214","436","180","442","141","459","109","468","281","504","245","581","206","618","203","624","172","81","243"
"NO-0025-HPT21-Flord-2-20R.dw.png","208","179","234","179","263","258","271","202","292","121","342","261","403","293","389","273","429","239","400","219","443","187","446","145","462","111","474","285","509","252","588","213","627","211","635","180","84","251"
"NO-0025-HPT21-Flord-2-21R.dw.png","199","168","225","167","255","244","265","193","279","113","333","247","388","282","368","256","401","224","390","214","429","177","435","135","453","104","455","275","486","244","574","202","611","200","621","170","86","239"
"NO-0025-HPT21-Flord-2-22R.dw.png","201","175","227","175","248","254","265","200","290","120","331","258","392","295","376","271","420","238","391","217","435","184","438","143","454","110","460","287","497","251","579","210","614","206","623","176","80","246"
"NO-0025-HPT21-Flord-2-23R.dw.png","205","177","230","177","260","256","270","202","285","121","340","258","398","292","382","269","422","236","395","217","435","182","437","142","455","111","467","283","499","250","585","210","619","207","627","177","81","247"
"NO-0025-HPT21-Flord-2-24R.dw.png","206","182","232","180","265","258","272","203","282","120","347","259","408","289","389","267","429","230","402","214","439","176","438","133","452","99","476","278","508","242","587","198","623","192","630","161","89","262"
"NO-0025-HPT21-Flord-2-25R.dw.png","211","178","237","178","275","261","275","201","297","121","355","263","409","297","394","275","435","241","406","221","450","186","453","143","471","110","479","288","512","254","595","213","636","211","644","178","84","254"
"NO-0025-HPT21-Flord-2-2R.dw.png","200","171","226","171","254","252","265","197","279","119","336","255","392","289","375","265","415","232","391","215","431","179","436","137","452","107","460","281","492","246","573","206","606","201","613","170","80","240"
"NO-0025-HPT21-Flord-2-3R.dw.png","201","177","224","175","258","255","268","201","278","120","339","259","395","292","380","270","421","235","395","217","431","179","434","139","450","108","462","284","498","249","576","208","610","205","617","173","82","248"
"NO-0025-HPT21-Flord-2-4R.dw.png","195","171","219","170","245","248","259","194","269","118","329","251","389","282","374","261","412","228","381","208","425","177","428","134","444","104","459","274","493","239","572","203","607","199","615","169","81","243"
"NO-0025-HPT21-Flord-2-5R.dw.png","205","172","231","172","254","250","268","196","291","116","339","255","398","287","383","266","422","232","395","213","440","181","444","140","458","109","470","278","504","245","587","207","629","204","637","174","78","240"
"NO-0025-HPT21-Flord-2-6R.dw.png","205","174","232","175","266","257","278","204","287","123","349","263","400","296","386","274","428","243","401","224","441","190","446","147","463","117","469","290","503","257","589","219","621","217","631","186","79","238"
"NO-0025-HPT21-Flord-2-7R.dw.png","212","179","238","179","268","260","276","204","297","121","350","264","410","297","394","274","440","241","406","220","451","186","452","144","471","113","484","288","520","255","600","215","638","212","647","181","84","250"
"NO-0025-HPT21-Flord-2-8R.dw.png","196","168","223","167","251","247","265","193","279","115","335","251","390","285","375","263","420","230","390","208","434","180","436","138","450","109","463","278","500","241","574","209","613","206","622","175","78","237"
"NO-0025-HPT21-Flord-2-9R.dw.png","201","172","226","171","256","249","270","198","285","118","333","252","393","287","378","264","421","231","395","212","436","180","439","139","454","106","465","278","498","246","583","205","620","201","628","172","78","238"
"NO-0026-HPT21-Myd-1-0R.dw.png","195","178","216","177","254","256","263","202","276","118","335","259","391","292","376","269","415","236","388","218","427","182","433","139","448","108","457","284","492","249","574","208","610","205","617","173","82","252"
"NO-0026-HPT21-Myd-1-10R.dw.png","202","177","227","175","260","252","269","202","283","117","335","254","397","288","380","265","420","231","390","212","433","182","437","137","455","105","469","279","505","243","579","204","615","201","622","169","81","243"
"NO-0026-HPT21-Myd-1-12R.dw.png","205","176","232","175","258","251","271","199","282","120","340","254","396","286","381","264","424","231","393","211","432","181","437","138","452","108","469","277","505","241","575","203","611","201","616","171","87","248"
"NO-0026-HPT21-Myd-1-13R.dw.png","211","181","239","181","268","260","276","205","294","123","348","264","408","298","391","274","436","241","403","220","449","187","454","143","470","113","478","290","515","254","591","213","634","209","640","177","86","252"
"NO-0026-HPT21-Myd-1-14R.dw.png","202","177","228","177","261","255","267","201","284","118","332","258","393","293","376","270","419","236","394","218","435","184","438","140","453","111","460","285","495","249","574","210","611","206","620","176","87","251"
"NO-0026-HPT21-Myd-1-15R.dw.png","205","175","230","175","261","255","269","200","285","117","336","258","394","290","379","269","420","235","393","218","433","184","438","142","455","113","463","282","497","248","575","208","615","205","622","176","83","247"
"NO-0026-HPT21-Myd-1-16R.dw.png","204","172","231","172","259","250","269","197","283","114","335","254","392","286","377","265","418","231","391","213","432","181","438","138","454","111","459","278","496","243","573","205","610","201","615","171","87","246"
"NO-0026-HPT21-Myd-1-17R.dw.png","207","178","235","178","261","260","272","204","292","120","341","264","402","300","387","278","436","244","402","221","450","189","456","144","469","114","479","291","514","257","596","214","635","212","639","181","81","253"
"NO-0026-HPT21-Myd-1-18R.dw.png","207","185","232","184","266","266","274","210","284","125","344","269","402","301","387","279","424","244","399","226","441","191","447","147","462","116","470","293","505","260","584","218","624","215","633","183","88","259"
"NO-0026-HPT21-Myd-1-19R.dw.png","198","179","226","178","257","256","270","204","281","118","339","260","398","292","380","269","423","235","394","217","438","184","439","140","454","109","466","283","502","248","579","205","614","203","622","172","87","257"
"NO-0026-HPT21-Myd-1-1R.dw.png","208","180","234","179","265","261","276","206","292","121","346","262","407","297","390","274","434","239","407","221","443","186","448","142","466","110","480","289","517","250","593","211","628","209","637","177","87","256"
"NO-0026-HPT21-Myd-1-20R.dw.png","206","183","232","181","269","264","270","206","288","122","348","265","405","298","390","277","433","242","399","223","445","187","448","143","464","111","478","290","514","254","594","211","628","208","637","177","84","257"
"NO-0026-HPT21-Myd-1-21R.dw.png","198","173","221","172","256","253","265","200","278","115","332","255","389","289","374","267","413","233","387","214","429","182","434","138","448","109","460","281","493","246","573","205","612","201","620","171","84","249"
"NO-0026-HPT21-Myd-1-22R.dw.png","203","176","231","176","259","255","265","200","281","119","335","258","391","292","376","270","419","236","393","218","433","183","439","142","456","111","456","285","494","248","570","209","607","205","615","173","85","244"
"NO-0026-HPT21-Myd-1-23R.dw.png","206","180","229","179","269","259","275","205","290","120","346","262","405","295","388","272","430","239","399","219","441","186","446","145","465","111","474","287","510","252","593","212","629","210","638","180","86","255"
"NO-0026-HPT21-Myd-1-24R.dw.png","205","173","229","172","264","253","271","198","282","114","340","256","396","288","381","267","423","234","394","214","436","181","440","138","456","110","468","281","503","245","581","206","618","203","625","172","86","250"
"NO-0026-HPT21-Myd-1-25R.dw.png","210","180","239","180","270","262","279","205","294","119","352","266","412","300","392","276","437","240","410","223","451","186","452","142","470","110","477","292","516","254","594","214","632","211","641","180","88","257"
"NO-0026-HPT21-Myd-1-26R.dw.png","203","179","228","178","263","259","264","203","284","121","338","261","397","295","380","272","422","237","391","216","438","187","442","143","459","113","465","287","503","250","576","211","615","207","622","177","84","253"
"NO-0026-HPT21-Myd-1-2R.dw.png","211","181","239","180","267","264","275","204","290","122","349","268","407","303","393","281","443","245","411","224","456","189","462","143","477","114","487","294","525","257","607","215","640","213","646","182","84","257"
"NO-0026-HPT21-Myd-1-3R.dw.png","199","184","226","182","262","262","274","209","285","122","340","263","402","296","384","273","426","238","396","219","439","185","442","143","460","112","471","288","507","252","583","212","619","208","624","175","85","259"
"NO-0026-HPT21-Myd-1-4R.dw.png","197","179","221","177","256","255","265","203","278","118","337","258","392","290","376","268","416","235","386","216","426","183","430","139","446","108","458","283","493","248","573","207","614","204","623","175","82","253"
"NO-0026-HPT21-Myd-1-5R.dw.png","205","181","233","180","266","258","274","204","287","122","340","260","404","294","388","272","428","237","399","219","442","182","448","141","467","110","475","286","511","251","591","209","627","206","634","174","86","255"
"NO-0026-HPT21-Myd-1-6R.dw.png","209","178","235","177","267","253","274","201","288","120","344","256","402","288","385","265","424","232","397","213","434","182","438","139","456","109","471","279","508","242","578","204","617","201","624","171","83","248"
"NO-0026-HPT21-Myd-1-7R.dw.png","208","182","232","182","272","264","273","207","292","122","353","267","412","300","395","278","440","243","413","225","450","188","453","146","472","111","485","292","519","256","598","215","638","212","646","180","90","259"
"NO-0026-HPT21-Myd-1-8R.dw.png","211","181","237","180","270","261","280","207","291","123","350","265","406","297","392","276","431","240","407","223","444","187","450","146","466","116","474","289","512","254","589","215","625","211","632","180","90","255"
"NO-0026-HPT21-Myd-1-9R.dw.png","207","180","234","180","264","263","273","205","290","121","341","266","405","303","388","279","437","244","399","221","448","189","452","144","467","113","482","293","520","256","591","216","633","213","641","183","82","257"
"NO-0027-HPT21-Myd-2-0R.dw.png","210","180","233","179","275","263","278","206","291","122","359","267","408","297","394","276","434","244","409","225","450","187","454","145","470","115","482","289","517","256","598","217","638","216","649","186","84","249"
"NO-0027-HPT21-Myd-2-10R.dw.png","209","173","234","173","263","252","271","198","287","119","342","255","394","286","380","265","423","235","393","215","436","181","439","143","454","113","464","278","496","246","572","207","614","205","623","176","83","238"
"NO-0027-HPT21-Myd-2-11R.dw.png","210","173","235","172","271","252","276","198","289","119","348","256","398","287","385","266","429","236","401","216","439","181","445","142","461","112","472","280","505","248","586","208","622","206","631","176","82","237"
"NO-0027-HPT21-Myd-2-12R.dw.png","200","169","222","169","258","249","264","194","277","117","342","252","392","282","375","261","421","230","393","212","430","177","433","139","448","109","463","274","494","242","573","203","614","201","622","172","80","238"
"NO-0027-HPT21-Myd-2-13R.dw.png","201","173","224","173","255","254","264","201","280","122","335","259","384","292","368","271","413","238","386","218","426","185","430","146","450","113","455","286","490","252","570","211","604","208","611","176","78","237"
"NO-0027-HPT21-Myd-2-14R.dw.png","207","182","233","182","257","261","268","204","288","127","343","266","395","298","381","277","426","245","394","224","438","190","444","148","459","117","467","292","503","259","583","219","622","216","629","185","82","249"
"NO-0027-HPT21-Myd-2-15R.dw.png","207","174","233","174","264","252","270","199","285","120","343","256","395","288","381","266","423","235","398","217","435","181","438","141","453","110","464","280","496","249","579","206","614","205","624","174","83","240"
"NO-0027-HPT21-Myd-2-16R.dw.png","205","176","229","176","262","257","266","200","281","118","339","261","394","294","379","274","423","239","395","220","432","184","436","142","455","110","467","286","498","253","581","209","615","208","623","177","80","243"
"NO-0027-HPT21-Myd-2-17R.dw.png","210","181","237","181","277","266","278","205","296","126","366","269","412","300","396","277","441","244","416","225","456","191","459","149","473","118","487","292","521","259","604","220","645","217","653","187","84","256"
"NO-0027-HPT21-Myd-2-18R.dw.png","208","177","233","176","268","259","277","203","293","121","356","264","408","296","394","274","439","242","411","223","448","187","450","144","465","114","481","287","512","257","593","215","633","213","644","185","88","249"
"NO-0027-HPT21-Myd-2-19R.dw.png","215","173","239","173","269","253","275","197","293","119","349","256","402","289","388","267","427","236","400","216","442","181","446","142","464","112","471","281","502","250","583","209","627","206","637","179","84","238"
"NO-0027-HPT21-Myd-2-1R.dw.png","208","181","234","182","263","266","275","207","292","128","347","269","400","302","386","281","429","247","405","229","446","194","452","151","467","124","469","295","503","262","584","222","621","221","630","190","88","258"
"NO-0027-HPT21-Myd-2-20R.dw.png","205","181","230","180","263","264","264","203","288","124","346","268","403","301","386","279","429","246","396","224","441","190","445","147","460","115","472","294","509","260","593","219","626","217","633","184","80","251"
"NO-0027-HPT21-Myd-2-21R.dw.png","209","184","236","185","280","271","274","208","299","126","362","275","416","307","398","285","444","253","412","231","454","195","458","151","474","119","487","300","523","265","604","224","642","221","649","190","84","257"
"NO-0027-HPT21-Myd-2-22R.dw.png","202","172","224","172","260","254","263","196","279","118","339","258","391","290","376","268","421","235","389","214","429","180","434","141","452","109","457","282","494","246","577","206","611","204","618","173","77","236"
"NO-0027-HPT21-Myd-2-23R.dw.png","205","171","230","170","263","252","263","192","283","119","344","255","393","286","377","264","424","232","396","214","435","180","438","141","450","110","463","278","496","245","569","206","604","203","613","172","84","242"
"NO-0027-HPT21-Myd-2-24R.dw.png","212","175","237","174","272","256","272","197","289","120","344","258","402","290","385","268","426","236","402","218","440","182","442","142","460","110","470","283","505","249","581","209","617","205","626","174","86","243"
"NO-0027-HPT21-Myd-2-25R.dw.png","202","176","225","175","264","254","266","201","281","122","339","257","388","289","373","267","418","238","384","217","426","184","430","143","449","113","458","282","492","249","568","210","608","207","617","178","78","239"
"NO-0027-HPT21-Myd-2-26R.dw.png","212","179","235","179","267","255","272","200","290","123","345","259","394","290","375","268","421","237","399","220","433","184","432","141","448","112","461","283","500","249","580","210","617","209","627","181","85","247"
"NO-0027-HPT21-Myd-2-2R.dw.png","204","170","227","170","269","249","271","195","280","115","343","252","391","283","375","261","418","230","390","211","426","178","429","138","446","108","458","275","492","244","566","204","602","201","609","171","85","240"
"NO-0027-HPT21-Myd-2-3R.dw.png","199","170","228","170","253","251","266","195","282","117","340","255","393","287","377","264","422","234","395","216","435","182","440","141","456","111","463","279","496","246","576","207","614","204","621","173","80","238"
"NO-0027-HPT21-Myd-2-4R.dw.png","206","179","229","179","266","258","273","204","288","119","349","261","401","293","385","271","424","239","399","220","434","184","438","142","455","112","466","286","507","253","589","212","624","211","632","181","84","250"
"NO-0027-HPT21-Myd-2-5R.dw.png","214","175","240","175","268","254","271","196","290","121","345","257","397","289","383","268","427","236","400","217","439","183","443","144","457","113","470","281","502","249","581","210","620","207","630","178","86","241"
"NO-0027-HPT21-Myd-2-6R.dw.png","207","178","233","178","254","255","269","201","287","123","338","261","392","293","377","271","416","239","390","220","429","184","433","144","452","114","457","286","493","252","576","212","609","210","618","180","83","244"
"NO-0027-HPT21-Myd-2-7R.dw.png","205","169","233","171","259","251","275","199","290","118","343","256","396","290","381","268","423","236","395","217","435","183","440","143","457","114","464","282","497","250","573","210","612","208","621","179","84","238"
"NO-0027-HPT21-Myd-2-8R.dw.png","206","178","234","178","263","260","276","206","291","122","349","264","402","295","388","274","433","243","405","224","442","189","446","148","465","118","474","287","507","257","589","215","627","214","638","185","82","248"
"NO-0027-HPT21-Myd-2-9R.dw.png","207","176","233","177","264","255","271","203","285","123","340","259","391","291","376","269","420","238","393","218","431","184","434","145","453","114","463","284","493","254","570","212","611","209","620","181","80","241"
"NO-0028-HPT21-N1-0R.dw.png","211","178","236","177","265","254","281","204","290","119","344","258","399","291","383","268","425","237","392","215","430","182","434","141","451","107","466","283","503","246","582","207","621","204","628","175","87","248"
"NO-0028-HPT21-N1-10R.dw.png","209","183","240","182","276","265","284","207","290","122","357","267","413","300","396","277","445","245","411","223","449","187","453","145","470","112","482","291","520","252","601","215","636","211","643","179","88","261"
"NO-0028-HPT21-N1-12R.dw.png","212","177","240","178","267","259","279","202","295","121","351","262","408","297","391","273","434","240","404","221","440","186","443","142","460","111","474","288","516","248","590","211","628","208","637","178","85","250"
"NO-0028-HPT21-N1-13R.dw.png","211","177","238","176","274","256","279","201","295","119","351","259","407","292","391","269","435","237","406","216","445","183","449","140","467","108","477","283","517","246","594","207","630","205","637","174","84","247"
"NO-0028-HPT21-N1-14R.dw.png","208","181","232","179","271","259","276","205","283","122","347","261","403","295","388","272","433","241","402","221","438","185","442","142","459","111","472","287","512","250","592","211","623","208","630","177","85","255"
"NO-0028-HPT21-N1-15R.dw.png","213","180","240","179","274","260","283","204","296","122","357","263","417","297","400","273","449","243","412","219","453","186","456","142","475","110","489","288","530","251","610","211","639","208","647","177","83","250"
"NO-0028-HPT21-N1-16R.dw.png","208","175","235","176","269","257","274","199","295","120","351","262","401","294","386","271","430","238","403","220","442","186","446","141","464","110","471","285","510","248","588","209","626","206","635","176","81","245"
"NO-0028-HPT21-N1-17R.dw.png","164","175","191","173","229","251","230","196","239","118","303","250","355","281","338","260","381","231","344","209","384","177","388","137","405","108","418","273","453","239","528","202","562","200","568","169","52","247"
"NO-0028-HPT21-N1-18R.dw.png","204","181","231","179","266","261","266","202","282","121","346","265","398","298","382","276","423","243","393","223","434","187","438","144","457","114","466","290","500","256","583","215","614","211","623","180","81","252"
"NO-0028-HPT21-N1-19R.dw.png","208","180","233","179","266","255","275","202","286","122","341","257","401","289","386","268","427","236","398","218","432","183","437","140","455","109","468","281","505","247","582","207","614","205","622","174","84","250"
"NO-0028-HPT21-N1-1R.dw.png","200","177","227","176","267","257","271","200","284","117","350","258","398","289","384","267","424","233","392","214","432","178","434","137","451","105","465","281","502","245","577","207","614","203","622","172","82","251"
"NO-0028-HPT21-N1-20R.dw.png","207","182","233","181","272","262","275","205","286","123","350","264","404","296","387","273","428","241","401","223","437","188","442","146","459","115","471","288","509","252","590","215","623","213","629","183","88","258"
"NO-0028-HPT21-N1-21R.dw.png","201","173","226","171","266","249","268","195","279","115","337","250","393","282","376","260","418","229","390","211","426","177","428","136","444","107","454","275","493","240","575","202","608","200","613","170","85","245"
"NO-0028-HPT21-N1-22R.dw.png","212","186","240","184","276","267","286","212","297","123","359","270","414","305","399","281","439","247","409","227","447","192","450","147","466","113","484","296","522","259","603","220","639","217","647","185","88","261"
"NO-0028-HPT21-N1-23R.dw.png","208","184","233","182","267","264","274","207","288","125","346","267","398","301","382","277","426","245","397","226","436","190","439","147","458","116","466","293","506","256","584","218","615","215","623","185","85","254"
"NO-0028-HPT21-N1-24R.dw.png","205","167","232","167","262","245","268","192","284","115","335","249","386","282","371","258","407","228","379","208","422","180","428","139","446","111","452","274","483","242","562","203","603","201","610","173","81","234"
"NO-0028-HPT21-N1-25R.dw.png","207","181","233","180","271","263","276","207","290","120","348","267","409","301","392","278","434","244","403","223","440","190","445","143","462","110","481","292","519","254","599","214","632","211","639","180","81","250"
"NO-0028-HPT21-N1-2R.dw.png","201","175","228","175","264","255","270","200","284","119","340","257","398","292","382","268","421","236","388","216","431","181","435","139","452","108","467","283","502","248","577","208","615","205","622","174","82","248"
"NO-0028-HPT21-N1-3R.dw.png","208","182","236","182","275","266","278","208","287","122","354","267","408","301","391","278","436","245","406","226","441","189","445","145","461","112","472","293","515","254","590","217","627","213","634","183","90","261"
"NO-0028-HPT21-N1-4R.dw.png","206","179","233","178","272","261","272","203","293","120","350","264","400","297","383","275","422","238","404","223","444","185","448","144","468","110","471","290","508","253","595","212","628","209","635","177","83","252"
"NO-0028-HPT21-N1-5R.dw.png","212","187","236","186","277","267","275","209","293","125","354","269","409","302","393","279","435","245","410","228","445","190","448","148","467","115","480","293","514","257","596","217","629","215","637","185","86","261"
"NO-0028-HPT21-N1-6R.dw.png","205","174","228","173","268","254","273","200","282","118","339","255","395","286","378","264","419","232","388","212","428","180","431","138","447","107","459","278","495","244","573","204","608","201","614","170","86","248"
"NO-0028-HPT21-N1-7R.dw.png","211","180","236","179","272","260","279","206","293","122","353","265","405","296","386","272","432","241","406","222","443","186","448","145","467","113","474","287","510","252","592","212","624","209","634","179","83","249"
"NO-0028-HPT21-N1-8R.dw.png","206","178","231","177","263","256","274","201","285","117","345","260","397","293","383","270","426","240","393","217","433","182","434","141","454","109","462","285","497","251","577","210","616","208","625","178","85","247"
"NO-0028-HPT21-N1-9R.dw.png","202","175","228","175","260","253","269","202","281","120","336","256","386","289","369","265","414","235","388","217","425","183","427","142","445","112","455","279","489","246","568","208","602","206","609","177","84","245"
"NO-0029-HPT21-N2-0R.dw.png","201","180","225","179","264","261","270","204","278","122","343","265","396","297","382","275","414","241","384","221","427","188","431","142","447","111","457","289","496","253","577","212","610","209","616","179","83","248"
"NO-0029-HPT21-N2-10R.dw.png","208","181","239","181","272","263","276","207","292","126","351","268","412","305","396","281","436","246","399","223","448","190","454","147","473","117","481","297","519","259","600","219","636","216","643","183","83","249"
"NO-0029-HPT21-N2-11R.dw.png","197","170","224","169","249","247","256","190","278","116","333","253","385","287","372","265","416","233","384","212","420","178","424","137","442","108","450","278","485","244","564","203","598","200","605","169","80","238"
"NO-0029-HPT21-N2-12R.dw.png","205","167","233","168","257","246","264","189","292","113","342","249","394","281","378","258","421","226","393","207","436","175","439","135","455","106","464","272","500","236","580","197","614","195","621","166","81","236"
"NO-0029-HPT21-N2-13R.dw.png","201","170","228","170","253","249","263","193","282","118","341","252","387","282","375","262","420","229","388","210","431","179","434","137","447","109","462","274","493","240","575","199","610","197","619","168","80","240"
"NO-0029-HPT21-N2-16R.dw.png","203","170","231","171","260","249","266","195","284","116","337","252","394","289","379","265","416","233","385","212","428","180","432","139","451","111","462","281","498","245","572","207","610","204","614","174","82","233"
"NO-0029-HPT21-N2-17R.dw.png","207","178","232","177","267","260","273","202","290","122","353","265","405","298","392","276","435","243","403","223","441","187","445","144","462","114","474","289","511","255","590","214","623","211","632","181","82","248"
"NO-0029-HPT21-N2-18R.dw.png","206","181","234","180","269","263","273","205","287","126","343","265","398","303","384","278","429","245","398","224","439","191","443","149","460","116","469","294","507","257","588","218","625","215","632","184","82","253"
"NO-0029-HPT21-N2-19R.dw.png","210","181","236","181","267","266","274","207","292","125","345","271","403","308","389","286","437","252","398","228","441","194","447","148","465","118","470","300","508","262","589","222","627","219","634","186","81","253"
"NO-0029-HPT21-N2-1R.dw.png","197","173","224","172","250","249","256","193","276","119","331","254","386","288","372","265","414","231","385","212","422","178","424","137","440","105","453","279","490","243","564","201","601","198","609","168","79","238"
"NO-0029-HPT21-N2-20R.dw.png","204","167","230","168","262","245","266","191","284","114","338","249","395","284","379","261","417","228","385","206","428","175","432","135","450","106","459","277","497","240","573","202","613","198","619","168","82","236"
"NO-0029-HPT21-N2-21R.dw.png","207","176","235","175","276","254","273","199","286","120","346","258","405","294","389","271","430","238","390","213","437","183","441","139","459","110","475","286","511","251","590","210","624","208","629","176","85","246"
"NO-0029-HPT21-N2-23R.dw.png","197","166","226","167","252","243","255","187","278","114","329","245","384","276","370","255","408","224","382","206","421","173","422","133","437","103","451","269","484","234","561","195","594","193","601","164","82","235"
"NO-0029-HPT21-N2-24R.dw.png","208","177","237","178","277","260","277","203","292","123","352","262","412","299","394","275","433","241","401","220","446","185","450","142","469","112","479","291","517","254","597","213","633","211","641","178","85","247"
"NO-0029-HPT21-N2-25R.dw.png","205","175","237","176","263","255","267","196","291","119","350","258","401","291","386","268","429","233","398","213","445","183","447","138","463","107","467","283","507","244","589","204","623","202","632","171","83","247"
"NO-0029-HPT21-N2-3R.dw.png","198","168","224","169","252","246","266","195","279","118","332","252","385","286","372","265","415","232","384","211","422","180","428","139","443","110","455","278","489","244","568","204","602","202","609","172","79","234"
"NO-0029-HPT21-N2-4R.dw.png","204","174","231","173","264","254","275","200","286","119","341","257","400","294","385","270","423","237","389","214","436","182","440","140","459","112","468","286","503","248","582","210","622","207","628","176","84","245"
"NO-0029-HPT21-N2-5R.dw.png","201","177","229","177","262","258","267","203","279","123","331","258","388","294","373","271","412","239","383","218","425","186","430","144","449","115","454","286","488","254","570","212","602","210","605","179","82","248"
"NO-0029-HPT21-N2-6R.dw.png","204","177","233","177","262","260","273","202","286","122","347","265","404","300","389","278","431","243","398","221","442","187","447","144","466","113","473","293","514","254","590","214","624","211","630","180","81","247"
"NO-0029-HPT21-N2-7R.dw.png","200","172","229","173","263","254","269","200","280","120","336","257","391","292","376","268","414","237","385","216","428","186","434","145","453","116","457","285","491","253","578","212","611","210","617","181","78","235"
"NO-0029-HPT21-N2-8R.dw.png","203","179","230","179","256","259","266","201","283","124","341","263","397","295","381","274","421","241","394","222","431","187","435","144","452","116","464","287","497","256","575","213","608","210","618","182","81","249"
"NO-0029-HPT21-N2-9R.dw.png","207","181","234","180","267","264","274","204","291","122","352","268","406","304","393","280","435","245","402","225","445","188","449","145","467","113","477","296","518","258","599","214","630","212","637","180","84","254"
"NO-0030-HTP21-F1-0R.dw.png","209","177","234","176","273","258","275","202","288","120","348","261","401","296","385","272","421","238","397","221","436","185","444","141","463","110","467","288","503","253","584","212","621","209","628","176","86","247"
"NO-0030-HTP21-F1-10R.dw.png","198","173","221","172","262","254","265","199","274","119","334","257","390","290","373","267","413","237","387","218","429","186","434","143","451","113","453","283","488","250","578","209","610","208","618","176","81","244"
"NO-0030-HTP21-F1-11R.dw.png","198","179","226","179","261","260","268","205","288","121","349","265","409","298","390","274","426","240","406","225","446","189","449","144","466","111","473","290","506","256","589","213","628","210","634","177","81","252"
"NO-0030-HTP21-F1-12R.dw.png","202","170","228","170","261","250","266","195","281","116","342","254","396","289","380","264","418","232","399","216","437","178","439","137","456","107","463","280","495","246","583","203","617","201","625","171","83","240"
"NO-0030-HTP21-F1-13R.dw.png","208","175","235","173","267","253","277","199","285","117","346","256","406","290","388","266","429","233","404","215","443","180","447","137","463","105","475","282","510","248","592","206","626","203","636","172","87","248"
"NO-0030-HTP21-F1-14R.dw.png","211","176","236","176","268","256","271","199","293","120","349","259","408","293","390","269","430","238","407","220","444","183","449","142","466","111","471","285","510","248","591","210","624","208","631","178","85","248"
"NO-0030-HTP21-F1-15R.dw.png","205","169","231","168","268","247","267","191","283","113","342","250","398","285","381","261","418","228","394","210","434","174","439","134","457","102","462","278","499","242","577","202","616","199","626","169","82","240"
"NO-0030-HTP21-F1-16R.dw.png","201","176","228","178","266","261","271","205","292","119","349","267","410","303","390","278","432","245","409","227","448","192","453","146","471","114","474","296","513","262","599","216","636","214","642","180","81","249"
"NO-0030-HTP21-F1-17R.dw.png","206","177","231","176","270","260","270","201","287","123","344","262","401","297","383","273","428","240","398","220","441","185","445","144","463","112","469","290","508","252","587","215","621","212","627","180","89","253"
"NO-0030-HTP21-F1-18R.dw.png","200","171","225","172","263","253","264","196","283","116","345","257","399","292","381","268","423","235","397","216","437","179","442","136","459","107","466","284","503","248","587","207","622","205","630","174","84","248"
"NO-0030-HTP21-F1-19R.dw.png","208","179","232","178","264","259","275","205","290","125","351","265","407","299","390","275","428","240","406","224","446","188","451","145","467","114","473","291","512","255","589","214","626","211","634","181","86","249"
"NO-0030-HTP21-F1-1R.dw.png","204","179","229","179","262","261","270","205","287","123","347","265","401","298","379","273","414","238","401","227","440","189","444","145","458","112","465","290","499","255","582","213","617","211","625","180","82","249"
"NO-0030-HTP21-F1-20R.dw.png","198","175","223","174","260","254","263","198","273","118","338","257","396","291","377","267","418","234","395","217","433","182","437","137","452","106","461","283","498","248","577","207","616","206","627","176","82","252"
"NO-0030-HTP21-F1-21R.dw.png","199","171","225","171","259","249","260","194","278","116","332","252","390","288","372","263","413","232","386","213","427","177","430","137","447","107","453","280","490","244","568","206","604","204","612","173","83","247"
"NO-0030-HTP21-F1-22R.dw.png","197","165","223","166","255","244","260","190","275","111","333","248","386","281","367","259","411","226","388","209","425","174","430","131","446","102","453","273","490","238","566","197","600","195","609","165","83","240"
"NO-0030-HTP21-F1-23R.dw.png","193","167","220","167","256","245","257","190","275","114","330","248","384","283","367","259","408","227","386","211","424","176","429","136","444","105","448","276","487","239","567","202","603","200","611","170","81","240"
"NO-0030-HTP21-F1-24R.dw.png","201","172","228","173","258","253","270","199","286","118","340","258","393","293","377","269","416","234","394","218","431","180","434","136","451","104","457","286","496","248","577","205","612","202","619","171","82","244"
"NO-0030-HTP21-F1-25R.dw.png","202","173","229","173","263","252","265","196","284","116","342","256","397","290","379","266","413","233","397","220","439","182","443","139","461","108","466","282","499","249","584","207","622","205","631","175","81","245"
"NO-0030-HTP21-F1-26R.dw.png","200","165","224","165","258","240","266","189","273","113","330","242","385","276","366","253","407","221","387","206","423","168","427","129","444","98","449","269","483","233","565","194","601","191","609","160","85","237"
"NO-0030-HTP21-F1-2R.dw.png","201","170","229","170","268","251","269","195","285","117","343","252","400","287","382","263","421","231","398","213","439","179","443","137","460","106","466","279","503","244","585","205","622","203","631","172","81","243"
"NO-0030-HTP21-F1-3R.dw.png","203","178","227","177","261","256","270","202","280","121","336","257","395","291","377","268","416","234","393","218","432","182","437","139","453","106","458","283","492","249","576","207","612","206","624","175","84","249"
"NO-0030-HTP21-F1-4R.dw.png","205","174","231","172","267","250","268","194","277","116","342","252","400","284","382","261","420","228","397","211","434","178","438","134","454","103","467","276","500","240","584","199","614","198","621","166","89","248"
"NO-0030-HTP21-F1-5R.dw.png","197","177","222","176","259","256","261","200","277","121","336","260","392","292","374","268","411","233","387","217","425","181","430","137","444","106","457","284","493","248","573","205","606","203","614","172","83","253"
"NO-0030-HTP21-F1-6R.dw.png","214","178","237","176","276","258","278","202","291","120","351","262","405","297","387","272","427","240","402","222","440","188","447","143","466","112","469","289","506","253","587","213","623","210","630","179","88","250"
"NO-0030-HTP21-F1-7R.dw.png","197","175","224","175","261","255","270","202","276","119","338","258","393","292","377","269","416","237","396","221","432","184","437","142","452","111","457","285","492","252","581","209","614","206","619","175","85","250"
"NO-0030-HTP21-F1-8R.dw.png","206","176","232","173","260","251","270","197","285","116","338","253","398","288","381","265","425","232","398","213","437","179","440","136","457","106","466","280","502","245","579","204","614","203","623","172","87","247"
"NO-0030-HTP21-F1-9R.dw.png","189","162","215","163","240","235","248","186","268","113","310","238","366","273","348","249","386","219","364","203","405","169","407","130","424","101","426","266","460","231","538","194","579","191","586","161","77","226"
"NO-0031-JB21-3-160-2018-0R.dw.png","205","184","237","183","268","266","282","210","300","122","367","273","419","304","403","282","447","248","420","230","457","191","462","145","481","115","494","295","526","259","612","218","642","215","654","182","87","260"
"NO-0031-JB21-3-160-2018-10R.dw.png","212","170","237","168","270","249","279","194","292","112","352","252","408","284","391","262","426","227","402","208","444","177","446","135","465","106","476","277","514","240","591","201","627","198","633","167","89","244"
"NO-0031-JB21-3-160-2018-11R.dw.png","203","177","232","176","258","251","273","201","288","118","349","257","405","289","390","267","431","233","404","215","447","183","450","139","466","109","479","281","516","246","595","206","630","202","638","171","83","244"
"NO-0031-JB21-3-160-2018-12R.dw.png","210","185","240","184","272","267","277","207","299","123","365","272","422","305","404","282","449","246","420","226","458","189","460","145","479","113","493","295","531","257","613","215","642","212","652","179","89","265"
"NO-0031-JB21-3-160-2018-13R.dw.png","215","184","242","182","272","262","281","204","296","120","361","267","415","301","398","277","442","241","414","220","456","186","461","143","479","112","488","293","527","254","606","216","644","211","652","178","90","256"
"NO-0031-JB21-3-160-2018-14R.dw.png","205","177","235","175","258","251","278","200","290","117","354","256","410","288","394","266","435","232","405","213","446","179","449","137","467","107","482","279","519","242","596","205","630","201","638","170","83","247"
"NO-0031-JB21-3-160-2018-15R.dw.png","210","179","239","177","267","253","275","199","292","118","353","259","408","293","393","270","429","234","406","216","446","183","451","139","468","110","480","285","518","248","596","210","632","207","639","175","86","251"
"NO-0031-JB21-3-160-2018-16R.dw.png","212","178","245","179","272","260","288","206","302","120","369","267","422","300","407","277","442","239","424","226","461","184","465","143","483","109","491","291","529","252","609","213","647","209","655","174","86","251"
"NO-0031-JB21-3-160-2018-17R.dw.png","205","175","234","175","261","251","274","200","290","119","349","257","404","289","389","267","429","234","403","215","443","180","447","139","464","108","476","281","512","244","594","207","628","202","636","172","83","241"
"NO-0031-JB21-3-160-2018-18R.dw.png","209","180","240","179","264","258","276","203","296","122","352","264","406","297","394","277","441","243","410","223","449","187","454","145","471","115","483","290","519","252","597","216","633","213","641","182","84","253"
"NO-0031-JB21-3-160-2018-19R.dw.png","208","178","236","176","261","253","278","201","289","119","348","257","405","291","388","268","428","233","401","215","441","180","446","138","466","106","473","282","511","244","591","206","628","201","634","168","85","251"
"NO-0031-JB21-3-160-2018-1R.dw.png","209","183","238","181","267","261","280","207","292","121","357","266","417","298","401","276","434","238","411","221","452","187","457","143","475","113","488","289","527","252","605","212","636","209","643","175","86","255"
"NO-0031-JB21-3-160-2018-20R.dw.png","209","181","239","180","263","258","281","205","293","119","354","263","408","298","390","274","434","238","410","221","447","184","450","141","470","109","476","289","518","251","602","210","631","206","638","172","86","250"
"NO-0031-JB21-3-160-2018-21R.dw.png","202","174","232","171","264","249","279","199","286","116","349","253","408","285","389","262","421","227","399","210","440","174","443","134","459","105","474","276","509","240","586","202","626","199","633","167","88","247"
"NO-0031-JB21-3-160-2018-22R.dw.png","216","185","244","184","272","267","284","210","299","126","356","270","417","305","401","282","445","248","414","227","455","193","460","147","480","115","489","297","529","258","605","220","639","216","648","181","87","258"
"NO-0031-JB21-3-160-2018-23R.dw.png","217","185","245","182","273","262","292","210","294","122","367","266","420","300","405","278","449","242","417","222","459","187","465","144","485","113","493","291","529","255","613","214","648","211","656","178","90","258"
"NO-0031-JB21-3-160-2018-24R.dw.png","208","177","240","177","269","255","279","201","296","118","361","261","416","292","400","271","441","237","411","217","453","183","459","141","476","110","486","285","526","246","607","209","641","204","648","173","87","248"
"NO-0031-JB21-3-160-2018-25R.dw.png","212","178","245","177","276","256","282","200","299","118","362","258","419","292","403","269","444","236","417","216","460","182","463","140","481","109","492","283","529","246","612","209","646","205","654","172","89","251"
"NO-0031-JB21-3-160-2018-26R.dw.png","207","177","236","177","265","256","273","200","289","118","355","262","407","294","393","272","432","236","405","216","443","183","448","140","466","111","480","287","519","249","597","211","632","207","638","175","85","248"
"NO-0031-JB21-3-160-2018-27R.dw.png","208","178","240","177","269","255","280","201","295","119","359","260","412","292","398","271","440","236","412","217","452","183","455","141","473","111","485","285","523","247","603","209","636","204","644","174","88","250"
"NO-0031-JB21-3-160-2018-2R.dw.png","204","174","233","173","261","250","277","199","290","115","354","256","408","290","393","268","437","234","407","214","449","180","453","138","472","107","476","282","513","245","594","209","630","204","640","171","82","242"
"NO-0031-JB21-3-160-2018-3R.dw.png","209","175","239","175","264","255","278","201","290","119","353","259","407","292","394","272","435","237","402","215","444","184","451","141","470","111","479","285","513","249","596","208","627","205","633","173","86","245"
"NO-0031-JB21-3-160-2018-4R.dw.png","215","184","244","182","267","262","282","207","296","120","363","268","420","301","405","279","444","242","418","223","456","188","462","145","481","113","489","293","529","255","604","215","638","211","649","179","88","257"
"NO-0031-JB21-3-160-2018-5R.dw.png","212","177","240","177","271","256","278","201","296","119","361","262","412","294","398","272","434","237","411","219","449","188","454","144","474","113","483","286","519","246","600","211","637","207","646","175","89","246"
"NO-0031-JB21-3-160-2018-6R.dw.png","213","176","240","175","275","256","284","204","296","116","356","259","415","292","396","268","434","232","408","214","451","181","454","135","471","106","482","284","520","245","596","208","631","204","639","170","91","254"
"NO-0031-JB21-3-160-2018-7R.dw.png","208","179","236","177","262","256","280","205","290","119","347","261","404","295","389","273","435","239","404","218","444","185","449","141","467","111","477","287","514","249","594","212","629","208","635","175","88","252"
"NO-0031-JB21-3-160-2018-8R.dw.png","211","178","237","176","267","255","281","202","292","119","359","260","414","293","398","270","434","235","413","219","450","182","452","139","472","106","485","284","522","247","603","208","633","204","642","171","89","251"
"NO-0031-JB21-3-160-2018-9R.dw.png","212","182","240","180","269","261","275","202","295","120","361","268","412","301","395","277","436","241","411","222","450","187","454","142","474","111","485","292","523","255","603","217","638","212","646","179","90","256"
"NO-0032-JB21-4-131-2018-0R.dw.png","206","170","235","170","268","249","271","194","287","118","343","251","396","284","383","263","423","231","398","212","435","178","441","137","458","107","469","277","502","243","589","203","621","199","631","170","83","241"
"NO-0032-JB21-4-131-2018-10R.dw.png","206","177","232","176","263","255","270","201","287","121","349","262","399","293","382","270","421","236","401","221","435","183","442","140","460","110","468","286","506","249","587","210","616","206","625","173","80","245"
"NO-0032-JB21-4-131-2018-12R.dw.png","205","179","236","180","268","259","272","204","293","121","347","263","405","296","391","275","430","242","399","222","444","190","448","148","471","117","477","288","510","256","592","215","631","213","642","181","85","252"
"NO-0032-JB21-4-131-2018-13R.dw.png","206","178","237","179","269","254","278","205","292","120","343","256","404","289","388","267","427","234","402","216","444","183","447","141","465","111","479","281","511","248","594","207","626","205","632","174","85","252"
"NO-0032-JB21-4-131-2018-15R.dw.png","200","177","231","177","260","256","270","203","284","121","344","259","401","292","386","270","419","235","395","218","436","185","439","145","457","114","471","284","510","247","581","210","619","207","626","176","83","247"
"NO-0032-JB21-4-131-2018-16R.dw.png","210","171","241","170","274","250","279","196","294","117","349","252","404","287","390","265","430","231","403","209","446","179","452","140","469","111","476","279","513","242","592","203","630","200","638","171","89","244"
"NO-0032-JB21-4-131-2018-17R.dw.png","209","180","236","180","273","258","278","206","290","120","356","264","407","295","393","274","432","241","406","221","446","187","450","145","469","115","482","287","518","253","600","213","635","210","643","181","82","245"
"NO-0032-JB21-4-131-2018-18R.dw.png","204","178","234","178","271","258","270","203","292","122","353","263","405","296","391","274","430","240","406","224","443","187","449","145","466","115","476","288","512","252","593","212","629","210","639","182","87","250"
"NO-0032-JB21-4-131-2018-19R.dw.png","204","175","234","174","270","249","265","193","280","118","345","251","399","282","385","260","423","227","394","208","432","176","436","135","453","106","470","273","504","237","577","199","613","196","620","166","91","247"
"NO-0032-JB21-4-131-2018-1R.dw.png","204","174","231","175","259","253","269","200","282","120","342","258","392","290","379","269","419","236","394","217","428","185","431","141","450","113","469","281","502","248","573","210","611","205","620","175","80","240"
"NO-0032-JB21-4-131-2018-20R.dw.png","201","174","233","175","267","253","269","200","287","120","342","256","399","288","386","269","425","235","396","216","437","182","439","142","459","112","469","280","502","248","581","207","618","204","627","174","85","246"
"NO-0032-JB21-4-131-2018-21R.dw.png","204","172","237","174","265","251","274","199","291","118","349","256","408","289","393","267","430","233","407","216","448","183","453","140","470","110","481","282","518","246","596","205","631","202","639","173","84","244"
"NO-0032-JB21-4-131-2018-22R.dw.png","208","178","241","179","275","259","278","205","297","123","351","262","406","296","393","274","434","239","404","219","448","185","454","142","471","112","478","289","515","252","600","210","635","208","644","177","86","251"
"NO-0032-JB21-4-131-2018-23R.dw.png","198","173","228","172","262","250","266","196","285","117","348","253","402","284","386","263","422","230","396","211","436","180","441","140","461","108","469","277","507","241","585","204","621","200","628","168","84","242"
"NO-0032-JB21-4-131-2018-24R.dw.png","201","177","230","175","264","253","268","199","287","117","343","255","397","286","381","264","415","229","395","213","436","180","440","139","458","110","470","278","504","243","578","205","617","200","623","171","90","250"
"NO-0032-JB21-4-131-2018-25R.dw.png","194","171","225","171","245","242","268","196","275","114","335","247","391","279","378","259","412","226","389","210","430","176","433","136","451","104","466","272","492","241","577","198","614","195","622","166","85","243"
"NO-0032-JB21-4-131-2018-26R.dw.png","196","175","229","175","258","253","268","200","285","116","344","257","398","288","383","266","417","233","397","218","435","182","438","141","457","109","466","281","497","247","576","207","617","204","625","174","86","251"
"NO-0032-JB21-4-131-2018-27R.dw.png","205","176","236","175","269","256","278","202","294","122","353","259","409","291","394","270","432","235","408","216","449","183","455","141","473","109","480","284","516","250","602","207","638","203","645","172","82","247"
"NO-0032-JB21-4-131-2018-28R.dw.png","197","173","229","173","251","249","265","197","284","117","337","252","392","283","376","263","415","230","393","213","430","181","433","139","452","109","459","277","491","243","569","205","611","202","618","173","82","242"
"NO-0032-JB21-4-131-2018-29R.dw.png","200","178","231","177","262","256","271","203","287","119","346","259","402","292","387","270","423","236","400","220","442","185","445","143","462","111","474","284","506","251","587","208","623","204","630","174","88","252"
"NO-0032-JB21-4-131-2018-2R.dw.png","208","175","238","176","263","258","271","201","295","121","352","263","403","294","388","273","429","240","406","223","449","188","454","145","471","118","477","287","509","253","593","210","624","207","634","177","86","250"
"NO-0032-JB21-4-131-2018-3R.dw.png","201","180","232","178","262","255","272","203","286","125","349","260","399","291","387","271","423","237","401","220","443","188","449","147","467","115","474","284","508","250","586","212","623","208","629","177","82","248"
"NO-0032-JB21-4-131-2018-4R.dw.png","206","174","235","173","268","250","273","198","289","118","342","253","398","285","383","263","420","231","398","214","438","182","441","140","460","110","470","278","504","243","587","202","618","199","624","169","85","245"
"NO-0032-JB21-4-131-2018-5R.dw.png","209","179","242","179","271","260","280","207","297","124","348","264","407","299","394","278","440","243","410","222","448","186","454","143","471","112","480","292","518","254","600","213","637","210","644","180","84","250"
"NO-0032-JB21-4-131-2018-6R.dw.png","204","176","233","176","266","255","273","203","290","121","345","259","399","291","385","270","425","236","399","218","441","185","445","142","462","112","472","284","506","250","590","207","623","204","630","173","84","248"
"NO-0032-JB21-4-131-2018-7R.dw.png","201","178","233","177","263","255","273","204","284","120","344","259","401","290","387","270","428","235","400","217","437","183","440","140","457","110","474","282","510","248","589","207","625","204","633","174","88","251"
"NO-0032-JB21-4-131-2018-8R.dw.png","210","185","239","185","273","269","275","209","297","126","355","275","408","307","394","285","436","250","409","230","450","193","458","151","476","121","480","300","517","264","603","224","642","222","651","191","82","254"
"NO-0032-JB21-4-131-2018-9R.dw.png","202","175","234","177","262","256","269","201","291","118","344","262","400","295","385","273","424","239","403","224","443","186","448","143","464","115","473","287","506","253","590","213","624","210","632","180","88","251"
"NO-0033-JMN21-245-0R.dw.png","198","175","226","175","248","254","262","199","281","119","327","257","384","290","367","268","413","236","386","216","424","183","430","142","449","111","455","282","488","247","566","208","603","205","612","175","80","245"
"NO-0033-JMN21-245-11R.dw.png","199","181","230","181","262","261","265","204","283","124","342","262","400","294","387","274","430","242","398","221","438","190","443","147","458","115","477","286","506","252","586","215","623","212","631","182","80","253"
"NO-0033-JMN21-245-12R.dw.png","199","174","225","173","260","256","265","200","279","120","334","257","389","291","374","268","418","239","385","218","424","187","431","144","450","114","463","282","497","248","570","211","611","206","618","177","77","240"
"NO-0033-JMN21-245-13R.dw.png","197","168","231","171","252","251","263","194","287","116","332","255","388","288","374","267","418","236","392","216","431","184","436","142","454","112","466","281","496","248","576","207","615","204","623","176","77","236"
"NO-0033-JMN21-245-14R.dw.png","204","177","235","176","264","258","269","200","293","118","343","260","401","295","387","273","430","240","400","218","441","187","447","144","465","110","472","288","508","251","585","211","622","208","629","175","84","246"
"NO-0033-JMN21-245-15R.dw.png","199","174","228","174","253","254","264","199","283","119","335","257","393","291","377","268","415","236","391","217","427","185","431","143","449","112","465","283","494","249","569","210","609","207","616","178","83","247"
"NO-0033-JMN21-245-16R.dw.png","197","183","224","184","257","264","260","206","281","125","334","266","392","299","380","279","423","246","391","224","432","194","438","153","457","118","469","291","500","257","579","219","620","215","629","185","78","253"
"NO-0033-JMN21-245-17R.dw.png","204","173","232","173","261","250","270","197","281","118","347","254","401","284","385","265","424","231","398","213","437","180","442","138","460","109","471","275","502","243","580","204","619","200","627","170","84","237"
"NO-0033-JMN21-245-18R.dw.png","195","172","222","171","256","248","257","193","273","112","335","248","387","277","373","257","416","225","385","205","422","171","423","129","441","96","460","266","489","231","561","189","605","183","609","154","84","248"
"NO-0033-JMN21-245-19R.dw.png","202","174","231","175","259","252","270","202","285","123","339","257","399","291","384","270","424","239","396","219","433","190","439","144","456","113","473","283","507","250","582","210","623","207","629","176","80","240"
"NO-0033-JMN21-245-1R.dw.png","199","172","226","171","250","249","261","195","278","116","327","252","381","285","368","264","409","233","378","211","421","180","428","138","443","109","452","278","482","244","557","206","599","201","607","171","78","239"
"NO-0033-JMN21-245-20R.dw.png","197","177","225","177","250","256","260","200","278","120","333","259","387","292","372","271","412","238","383","218","426","185","431","141","448","110","460","285","490","251","567","210","611","206","619","176","81","247"
"NO-0033-JMN21-245-21R.dw.png","198","175","223","176","256","255","266","202","281","118","334","257","394","291","380","270","422","237","388","216","429","185","434","142","453","112","470","283","501","249","576","211","618","208","625","179","81","248"
"NO-0033-JMN21-245-22R.dw.png","197","171","225","172","246","248","259","195","279","115","327","252","385","285","369","263","410","232","382","211","419","180","426","139","445","108","455","277","487","243","563","205","609","201","616","172","80","241"
"NO-0033-JMN21-245-23R.dw.png","203","176","229","175","261","254","269","201","284","121","340","255","398","290","383","268","424","237","393","216","435","185","439","143","455","114","473","282","506","248","576","210","619","206","626","177","81","246"
"NO-0033-JMN21-245-24R.dw.png","197","181","222","180","259","260","264","204","279","122","335","263","394","294","381","274","424","240","395","220","434","188","438","146","457","114","471","285","503","252","582","213","624","210","633","180","78","250"
"NO-0033-JMN21-245-25R.dw.png","196","175","224","176","251","253","259","199","275","120","324","255","380","288","363","267","408","235","380","215","417","184","420","142","437","111","449","282","481","248","555","210","596","205","603","174","80","248"
"NO-0033-JMN21-245-26R.dw.png","209","168","236","167","266","249","273","191","289","111","354","253","407","282","395","264","436","229","404","208","450","177","456","132","471","101","483","275","517","241","600","201","636","197","642","166","90","242"
"NO-0033-JMN21-245-27R.dw.png","195","172","223","174","247","251","255","196","273","117","329","255","380","286","365","264","404","233","373","213","417","181","422","140","438","109","450","279","480","245","553","207","599","202","606","173","80","244"
"NO-0033-JMN21-245-2R.dw.png","195","176","224","176","259","256","261","199","278","119","335","258","397","290","382","272","421","237","395","218","436","185","440","143","453","112","470","284","502","250","583","211","623","207","630","180","81","247"
"NO-0033-JMN21-245-3R.dw.png","200","175","228","175","259","252","260","197","284","120","336","256","391","289","375","266","418","234","390","214","427","181","430","140","450","107","464","280","496","243","573","204","613","201","622","169","81","245"
"NO-0033-JMN21-245-4R.dw.png","204","173","231","173","263","251","268","198","289","119","335","255","390","287","376","267","422","234","392","214","434","184","437","142","458","109","471","279","501","245","578","208","615","204","623","174","81","238"
"NO-0033-JMN21-245-6R.dw.png","198","169","228","170","258","249","265","196","285","116","333","252","392","287","377","265","418","234","391","214","427","184","431","139","450","110","465","279","497","244","569","206","608","203","616","173","78","237"
"NO-0033-JMN21-245-7R.dw.png","194","179","223","178","256","260","265","204","282","121","338","261","397","294","384","274","425","241","397","220","436","188","440","146","457","114","473","286","504","254","586","215","624","212","634","182","79","252"
"NO-0033-JMN21-245-8R.dw.png","201","182","229","181","264","262","266","204","286","120","348","264","403","295","391","275","433","241","401","219","444","187","450","144","468","111","482","286","513","252","594","212","636","207","645","178","85","256"
"NO-0033-JMN21-245-9R.dw.png","196","173","223","173","250","251","260","197","273","117","326","253","382","286","367","265","412","233","383","213","422","183","428","140","444","108","454","279","484","245","561","208","600","203","607","173","83","244"
"NO-0034-JMN78-470-2018-0R.dw.png","196","172","232","175","246","252","258","194","286","117","339","256","395","289","380","267","419","233","395","216","438","184","440","142","457","109","465","281","498","246","575","208","619","202","625","172","79","245"
"NO-0034-JMN78-470-2018-10R.dw.png","199","173","229","174","252","251","257","193","281","115","339","256","390","286","378","266","417","233","389","213","432","179","437","139","453","108","462","278","495","245","569","208","615","203","621","172","80","245"
"NO-0034-JMN78-470-2018-11R.dw.png","205","175","237","175","260","256","270","200","289","118","352","262","406","294","391","272","431","237","404","220","449","186","451","140","463","106","480","285","517","249","594","212","634","207","640","174","83","246"
"NO-0034-JMN78-470-2018-12R.dw.png","206","175","236","175","268","254","269","196","289","116","350","258","404","291","392","270","430","235","403","216","447","182","451","139","467","107","475","282","508","249","590","207","630","204","638","172","82","246"
"NO-0034-JMN78-470-2018-13R.dw.png","200","169","230","170","248","247","264","193","280","114","342","252","396","283","383","263","423","231","390","211","435","179","440","140","458","107","463","275","500","240","574","204","618","199","625","168","80","241"
"NO-0034-JMN78-470-2018-14R.dw.png","197","170","226","171","247","249","263","197","282","114","335","254","391","286","373","263","413","231","390","213","431","178","437","137","454","107","461","277","495","242","570","203","612","198","618","168","80","241"
"NO-0034-JMN78-470-2018-15R.dw.png","193","166","222","167","247","243","258","192","273","112","329","248","384","281","371","260","409","229","379","210","422","176","428","138","442","107","452","272","486","239","563","201","605","198","610","167","77","235"
"NO-0034-JMN78-470-2018-16R.dw.png","195","172","227","172","255","252","259","195","279","117","338","256","395","288","380","266","415","233","391","216","431","182","434","140","450","108","464","279","498","245","572","207","615","203","621","171","81","245"
"NO-0034-JMN78-470-2018-17R.dw.png","203","175","233","174","257","253","274","200","287","118","355","257","402","287","389","267","426","232","400","215","441","180","444","139","460","108","465","279","502","245","581","205","622","202","630","172","83","248"
"NO-0034-JMN78-470-2018-18R.dw.png","200","177","228","176","252","257","267","201","283","117","340","261","395","292","380","270","417","237","391","217","432","182","438","141","456","110","462","284","499","248","576","208","615","205","622","173","82","250"
"NO-0034-JMN78-470-2018-19R.dw.png","196","163","226","164","247","242","261","188","278","110","338","247","391","278","379","258","416","225","387","206","430","174","434","138","449","107","456","270","495","233","567","199","608","195","614","166","80","232"
"NO-0034-JMN78-470-2018-1R.dw.png","197","173","225","174","252","254","263","198","279","117","341","258","394","290","380","268","418","236","389","217","431","183","436","142","452","109","457","282","495","247","572","207","611","204","617","173","83","251"
"NO-0034-JMN78-470-2018-20R.dw.png","199","172","229","172","257","254","263","194","283","115","345","259","396","287","382","267","421","233","393","215","435","180","438","138","455","105","464","279","497","246","581","205","617","201","626","170","83","247"
"NO-0034-JMN78-470-2018-21R.dw.png","197","169","225","169","251","247","261","193","278","116","336","250","393","282","378","261","419","231","387","209","430","175","436","135","450","107","463","274","496","240","568","202","608","197","614","167","82","240"
"NO-0034-JMN78-470-2018-22R.dw.png","188","165","218","165","242","241","254","189","273","109","325","245","380","278","364","256","405","224","381","207","421","177","425","134","442","104","446","270","480","236","558","199","598","195","604","165","79","238"
"NO-0034-JMN78-470-2018-23R.dw.png","197","166","226","166","246","245","261","190","276","113","334","248","386","279","372","259","413","228","382","207","425","176","429","135","443","106","454","272","489","238","558","202","595","198","602","168","81","234"
"NO-0034-JMN78-470-2018-24R.dw.png","198","168","225","168","257","248","260","191","279","113","338","251","391","284","377","261","417","230","390","211","429","177","435","138","451","108","462","275","495","242","572","203","610","199","618","170","79","236"
"NO-0034-JMN78-470-2018-25R.dw.png","198","173","231","174","251","253","263","197","286","116","339","259","394","292","380","270","421","235","397","218","437","186","442","143","460","110","464","283","498","247","579","209","618","205","624","172","80","245"
"NO-0034-JMN78-470-2018-26R.dw.png","197","170","226","170","251","250","260","193","278","115","342","255","397","286","384","267","423","234","390","213","433","180","441","140","456","109","466","277","501","243","577","207","618","202","626","172","80","242"
"NO-0034-JMN78-470-2018-27R.dw.png","191","164","218","164","244","239","255","189","270","111","322","241","375","273","359","252","393","221","373","204","413","171","420","132","436","105","444","265","473","234","550","195","588","191","595","162","79","229"
"NO-0034-JMN78-470-2018-28R.dw.png","198","172","226","172","255","252","263","196","279","115","340","255","397","288","382","266","419","234","391","215","436","181","441","139","457","106","468","279","504","245","582","206","623","202","628","170","83","244"
"NO-0034-JMN78-470-2018-29R.dw.png","199","168","232","169","254","245","264","192","282","114","342","250","396","280","380","259","417","228","394","211","436","176","439","136","455","107","469","271","500","239","580","201","624","196","630","167","82","240"
"NO-0034-JMN78-470-2018-2R.dw.png","202","174","229","174","250","252","265","198","286","118","334","257","393","289","377","267","413","233","393","217","435","181","440","140","456","109","463","281","496","247","575","206","615","203","623","172","79","240"
"NO-0034-JMN78-470-2018-3R.dw.png","196","173","223","173","243","251","261","198","276","116","333","257","388","290","373","268","416","235","384","215","428","182","433","141","449","109","451","282","491","245","568","207","606","203","611","170","80","244"
"NO-0034-JMN78-470-2018-4R.dw.png","197","172","224","172","249","252","262","197","280","115","339","256","394","288","380","267","418","234","391","217","432","182","437","142","455","110","462","278","493","245","573","208","616","204","621","173","82","247"
"NO-0034-JMN78-470-2018-5R.dw.png","201","171","229","172","256","251","261","194","282","117","335","253","392","287","377","264","417","231","390","212","433","180","439","140","455","109","462","278","497","245","569","205","611","201","618","171","80","238"
"NO-0034-JMN78-470-2018-6R.dw.png","198","168","227","167","249","246","261","190","279","110","333","251","389","284","374","262","410","228","383","208","427","173","434","134","451","102","457","276","490","243","567","200","605","196","612","163","79","236"
"NO-0034-JMN78-470-2018-7R.dw.png","201","171","229","171","260","249","267","195","283","114","341","252","395","282","382","262","422","230","392","210","434","177","438","137","452","108","466","274","500","240","574","202","610","198","619","168","85","240"
"NO-0034-JMN78-470-2018-8R.dw.png","193","170","222","170","251","249","260","193","275","114","337","250","392","282","380","262","415","229","387","211","431","178","435","137","450","105","461","272","493","240","571","201","609","197","615","166","83","246"
"NO-0034-JMN78-470-2018-9R.dw.png","203","176","232","176","261","256","266","198","284","119","344","259","400","291","386","270","426","237","394","216","438","183","442","144","459","111","466","283","504","248","582","210","621","205","628","175","86","248"
"NO-0035-JOV21-2-2020-0R.dw.png","172","322","193","305","266","351","236","303","207","225","331","310","399","306","372","296","390","241","354","241","367","190","348","155","344","119","451","260","463","206","503","130","529","110","517","79","113","448"
"NO-0035-JOV21-2-2020-10R.dw.png","197","190","223","185","270","260","267","204","272","120","352","254","406","278","384","258","421","218","387","201","429","163","430","120","445","87","474","262","509","218","587","167","624","161","627","127","84","278"
"NO-0035-JOV21-2-2020-11R.dw.png","206","177","233","176","265","258","273","201","289","119","345","264","395","295","383","275","427","243","397","222","440","186","444","143","463","112","471","286","501","256","586","213","624","210","634","178","82","248"
"NO-0035-JOV21-2-2020-12R.dw.png","190","174","217","174","248","255","260","200","274","119","332","261","387","293","373","272","418","239","386","218","426","184","430","142","446","110","459","284","492","250","575","209","612","205","619","174","73","244"
"NO-0035-JOV21-2-2020-13R.dw.png","197","177","229","176","259","254","270","201","281","119","343","259","398","290","385","270","423","235","397","217","439","182","443","141","459","111","473","283","506","250","586","210","625","208","632","177","80","248"
"NO-0035-JOV21-2-2020-14R.dw.png","200","174","231","174","260","252","266","197","286","119","340","256","400","289","385","268","425","232","402","215","442","181","445","140","464","111","474","281","508","247","594","207","629","204","636","173","83","243"
"NO-0035-JOV21-2-2020-15R.dw.png","209","175","240","175","268","255","274","197","290","118","348","256","402","288","386","266","425","232","401","214","440","181","445","141","464","110","471","279","502","247","576","207","616","204","624","173","85","248"
"NO-0035-JOV21-2-2020-16R.dw.png","187","185","214","184","249","266","251","208","267","126","327","270","380","303","366","281","408","246","380","226","423","190","428","146","446","114","455","294","491","258","571","217","609","213","618","181","59","254"
"NO-0035-JOV21-2-2020-17R.dw.png","202","180","227","178","261","256","266","201","282","122","340","260","397","293","383","271","422","237","396","218","435","185","440","145","458","113","470","285","501","251","579","213","623","210","628","179","85","252"
"NO-0035-JOV21-2-2020-18R.dw.png","205","172","236","172","263","252","273","197","289","119","343","255","397","288","382","266","423","232","397","213","438","181","445","142","460","111","469","279","506","242","584","206","617","204","625","173","83","242"
"NO-0035-JOV21-2-2020-19R.dw.png","203","178","232","177","261","260","269","202","286","121","345","266","400","299","387","278","430","244","403","224","444","189","449","146","464","116","477","291","512","260","602","215","634","213","643","182","77","247"
"NO-0035-JOV21-2-2020-1R.dw.png","200","178","226","178","256","257","265","203","288","120","340","264","397","298","383","277","437","245","395","220","444","187","449","143","466","112","472","291","514","254","597","216","636","213","646","183","76","250"
"NO-0035-JOV21-2-2020-20R.dw.png","204","174","237","174","266","258","265","195","290","117","348","264","402","296","386","274","433","241","401","220","444","187","449","144","466","114","474","288","511","254","597","216","633","214","640","182","83","249"
"NO-0035-JOV21-2-2020-21R.dw.png","200","177","230","176","259","252","264","197","278","120","340","255","398","287","381","264","414","231","392","213","431","180","434","139","451","107","463","278","492","243","573","206","615","204","623","172","82","249"
"NO-0035-JOV21-2-2020-22R.dw.png","192","169","218","169","246","244","255","196","269","117","317","248","375","281","361","260","397","227","376","211","415","179","420","140","438","112","446","273","478","243","552","204","586","201","594","173","77","231"
"NO-0035-JOV21-2-2020-23R.dw.png","201","177","231","178","262","258","271","207","288","121","346","263","401","295","389","275","434","244","402","223","442","190","445","147","464","116","473","288","505","254","595","217","630","213","635","182","79","246"
"NO-0035-JOV21-2-2020-24R.dw.png","202","175","232","175","263","255","272","200","287","117","350","260","406","293","391","271","429","236","401","217","442","181","446","140","462","109","471","285","508","248","585","209","622","206","628","174","82","252"
"NO-0035-JOV21-2-2020-25R.dw.png","194","169","222","168","246","241","254","189","272","116","326","243","381","274","364","255","409","223","383","205","414","176","420","136","437","107","446","266","481","234","558","198","593","196","600","167","82","237"
"NO-0035-JOV21-2-2020-26R.dw.png","190","178","222","177","250","254","256","198","274","121","332","258","391","290","375","270","421","237","391","218","433","185","436","143","453","112","465","282","496","251","579","211","616","208","624","176","78","250"
"NO-0035-JOV21-2-2020-27R.dw.png","204","172","235","174","264","252","269","196","286","118","342","257","390","291","376","268","418","234","394","216","431","181","435","142","455","111","454","283","490","248","566","211","608","207","616","176","82","246"
"NO-0035-JOV21-2-2020-2R.dw.png","206","174","229","173","270","253","266","196","289","118","353","258","402","288","385","267","429","236","399","216","437","183","442","144","460","114","470","281","504","246","580","212","618","208","624","179","83","242"
"NO-0035-JOV21-2-2020-3R.dw.png","209","180","231","178","260","259","278","207","288","123","346","265","407","298","390","276","431","243","407","225","449","191","455","150","469","119","478","291","510","256","595","219","633","215","641","185","79","245"
"NO-0035-JOV21-2-2020-4R.dw.png","197","194","229","188","270","260","270","204","270","120","351","247","418","269","398","250","430","208","404","196","436","153","432","113","445","77","485","248","513","207","591","150","626","141","627","108","92","288"
"NO-0035-JOV21-2-2020-5R.dw.png","195","164","224","165","257","245","261","192","278","110","332","248","388","282","373","260","411","228","381","208","427","177","431","137","447","107","455","274","488","242","573","201","606","197","616","167","78","233"
"NO-0035-JOV21-2-2020-6R.dw.png","205","169","235","170","263","249","273","198","287","118","340","252","395","286","382","265","424","231","400","213","439","184","443","142","458","112","465","280","502","244","579","206","618","203","624","174","80","237"
"NO-0035-JOV21-2-2020-7R.dw.png","198","173","224","172","261","252","266","198","280","118","338","256","389","288","377","267","422","235","393","216","427","183","430","142","449","113","459","281","491","248","572","208","611","206","620","176","81","243"
"NO-0035-JOV21-2-2020-8R.dw.png","202","178","229","177","257","253","265","200","285","123","339","257","397","292","382","269","424","236","399","218","435","184","439","144","456","112","468","284","507","249","583","210","615","207","623","175","85","244"
"NO-0035-JOV21-2-2020-9R.dw.png","206","177","235","176","265","257","276","202","290","119","347","261","404","294","390","272","433","236","406","218","446","182","449","142","467","108","477","285","514","250","598","208","631","205","639","171","83","251"
"NO-0036-KIS20-53-0R.dw.png","209","173","238","175","267","252","269","196","288","119","347","259","396","290","381","270","429","236","402","217","440","183","445","142","459","112","472","282","508","247","591","208","624","204","632","174","77","235"
"NO-0036-KIS20-53-10R.dw.png","202","171","233","172","264","254","265","194","289","118","347","260","396","290","384","270","427","234","401","216","447","184","451","140","470","108","472","283","511","248","596","206","633","203","639","169","69","234"
"NO-0036-KIS20-53-12R.dw.png","204","179","233","178","265","260","266","202","286","123","346","266","399","296","387","277","428","244","403","226","439","191","446","147","462","116","473","290","507","257","593","216","631","213","641","183","79","251"
"NO-0036-KIS20-53-13R.dw.png","202","170","227","170","255","241","262","191","275","116","335","246","394","277","379","258","417","224","392","206","426","175","432","133","445","104","466","267","496","235","577","196","615","192","622","162","82","236"
"NO-0036-KIS20-53-14R.dw.png","200","176","228","177","253","251","263","200","278","119","331","255","390","286","377","266","415","233","394","216","430","183","434","141","449","111","467","279","502","246","583","207","620","204","624","172","75","243"
"NO-0036-KIS20-53-15R.dw.png","197","167","224","167","248","243","253","188","273","115","336","249","389","276","377","260","414","228","389","210","425","175","434","136","451","105","465","269","497","236","570","200","614","194","618","165","76","229"
"NO-0036-KIS20-53-16R.dw.png","190","169","219","170","250","247","250","191","270","118","335","252","384","281","373","262","409","231","382","212","423","178","431","140","447","111","459","274","492","241","570","206","608","203","614","173","75","233"
"NO-0036-KIS20-53-17R.dw.png","199","169","229","171","250","246","267","197","282","118","332","254","387","284","372","265","414","231","397","215","427","182","431","140","448","111","459","277","490","247","571","208","611","204","618","175","77","236"
"NO-0036-KIS20-53-18R.dw.png","196","165","222","166","248","241","259","192","274","113","329","247","381","277","368","259","415","226","387","207","425","174","430","134","445","105","456","270","493","236","577","194","606","190","613","161","75","224"
"NO-0036-KIS20-53-19R.dw.png","194","167","223","168","252","246","255","190","273","117","335","252","383","280","372","262","410","229","385","211","426","179","432","142","448","113","460","273","493","242","569","205","607","202","612","172","75","229"
"NO-0036-KIS20-53-1R.dw.png","200","173","230","174","257","251","261","196","278","119","339","258","385","288","374","269","412","238","388","219","423","182","429","142","446","113","457","280","490","248","573","209","609","206","618","177","76","239"
"NO-0036-KIS20-53-20R.dw.png","206","172","233","173","262","254","264","194","289","117","345","260","395","292","382","272","425","236","399","217","437","184","443","143","459","114","469","285","506","249","583","214","622","211","629","182","80","246"
"NO-0036-KIS20-53-21R.dw.png","201","171","231","170","259","245","265","195","278","117","336","252","386","279","378","264","416","231","392","214","422","178","426","137","442","107","460","272","495","240","574","201","609","197","619","169","81","238"
"NO-0036-KIS20-53-22R.dw.png","205","168","234","168","254","244","262","188","285","117","336","250","389","281","376","262","427","230","392","206","432","178","437","133","454","105","464","274","501","240","578","199","619","196","628","165","76","225"
"NO-0036-KIS20-53-23R.dw.png","200","171","228","172","259","248","264","197","282","116","339","254","394","283","379","263","418","230","391","212","432","178","437","137","455","105","469","275","504","241","581","201","616","197","624","167","79","237"
"NO-0036-KIS20-53-24R.dw.png","202","174","231","174","258","251","262","195","281","119","344","256","395","282","385","266","427","236","401","217","432","183","434","139","451","108","468","276","502","243","581","201","618","196","628","171","79","242"
"NO-0036-KIS20-53-25R.dw.png","195","164","222","163","252","238","256","186","274","112","328","242","384","271","373","255","408","220","382","202","419","170","423","132","438","104","458","263","489","230","564","192","605","187","614","159","73","223"
"NO-0036-KIS20-53-26R.dw.png","205","163","237","164","266","245","270","187","289","109","347","249","397","280","385","261","430","226","401","205","441","173","445","132","463","102","477","274","511","240","593","198","633","195","641","164","79","232"
"NO-0036-KIS20-53-27R.dw.png","199","170","231","172","257","250","267","196","283","118","336","254","396","286","379","265","419","233","391","213","430","179","435","140","453","106","464","277","497","246","576","205","618","201","629","170","80","235"
"NO-0036-KIS20-53-2R.dw.png","204","170","231","170","262","248","266","193","281","117","337","250","392","282","377","262","419","229","392","211","428","180","432","139","451","106","470","273","504","239","581","201","619","196","627","168","81","232"
"NO-0036-KIS20-53-3R.dw.png","208","166","241","168","260","243","269","188","289","114","340","248","395","279","380","260","426","226","398","208","436","177","442","133","459","101","473","270","507","237","583","197","621","192","630","162","79","227"
"NO-0036-KIS20-53-4R.dw.png","195","171","226","173","256","253","262","199","280","121","342","260","394","291","380","271","421","239","391","218","433","186","439","144","456","115","464","284","497","251","580","211","615","207","618","176","79","240"
"NO-0036-KIS20-53-5R.dw.png","198","173","231","173","257","253","263","195","283","120","344","258","396","288","383","268","426","235","401","218","438","185","443","142","460","113","471","281","506","248","591","209","623","206","628","175","80","241"
"NO-0036-KIS20-53-6R.dw.png","204","169","231","171","257","248","268","193","283","114","338","252","391","283","377","262","421","229","401","214","434","180","437","136","453","105","467","275","503","242","589","201","620","199","624","168","78","231"
"NO-0036-KIS20-53-7R.dw.png","199","172","227","172","257","251","262","196","277","119","335","257","388","286","376","267","417","237","389","215","425","183","432","141","448","110","459","278","493","248","578","206","614","203","623","174","75","237"
"NO-0036-KIS20-53-8R.dw.png","197","176","227","176","257","256","259","198","280","122","340","262","396","293","379","274","419","238","395","221","440","185","447","143","463","112","466","286","508","251","590","209","627","206","635","173","75","239"
"NO-0036-KIS20-53-9R.dw.png","205","176","232","176","250","253","263","198","285","121","333","259","385","291","371","270","418","238","391","217","427","186","435","144","452","116","460","287","496","252","581","212","621","209","630","181","77","241"
"NO-0037-KJS21-T2101-2019-0R.dw.png","206","172","234","171","268","250","270","193","282","116","342","256","396","286","381","265","417","231","397","213","436","178","439","139","458","110","474","278","506","242","582","205","625","201","633","172","82","239"
"NO-0037-KJS21-T2101-2019-10R.dw.png","202","173","233","173","258","253","268","197","281","120","342","258","393","289","380","267","425","238","396","217","436","183","442","140","455","110","467","283","504","247","583","207","620","204","628","174","76","237"
"NO-0037-KJS21-T2101-2019-11R.dw.png","203","166","236","168","266","248","268","190","288","116","348","252","395","283","383","262","423","229","398","211","438","178","443","136","462","103","468","277","507","242","584","200","621","197","630","165","76","229"
"NO-0037-KJS21-T2101-2019-12R.dw.png","191","166","224","167","249","244","255","189","271","117","329","249","379","279","364","259","402","226","382","211","420","178","424","138","441","104","449","273","485","240","560","202","601","199","609","167","74","227"
"NO-0037-KJS21-T2101-2019-13R.dw.png","202","174","235","174","262","255","271","198","290","119","353","262","405","292","392","272","432","238","407","220","444","184","449","141","465","107","480","286","517","254","599","211","630","208","639","176","80","237"
"NO-0037-KJS21-T2101-2019-14R.dw.png","203","175","234","175","265","258","271","200","282","121","346","262","398","294","385","273","423","240","401","221","438","185","443","142","463","111","473","287","507","255","589","211","624","208","632","176","74","242"
"NO-0037-KJS21-T2101-2019-15R.dw.png","199","169","231","169","267","251","269","193","284","114","349","253","400","282","386","263","428","230","404","212","440","176","445","135","460","106","470","276","506","244","588","202","626","199","635","168","84","242"
"NO-0037-KJS21-T2101-2019-16R.dw.png","190","168","219","167","252","245","257","190","266","114","330","249","386","281","370","260","407","226","387","210","426","177","428","137","443","105","456","275","489","243","568","202","602","199","609","171","77","234"
"NO-0037-KJS21-T2101-2019-17R.dw.png","198","169","229","171","259","252","264","195","283","119","345","258","390","286","379","267","418","234","396","216","434","182","439","140","458","108","466","280","499","250","581","209","620","206","630","174","71","234"
"NO-0037-KJS21-T2101-2019-18R.dw.png","205","174","232","175","263","252","260","195","284","119","344","256","395","287","382","266","420","234","399","218","436","184","441","141","459","110","468","281","503","248","585","207","621","204","628","173","79","237"
"NO-0037-KJS21-T2101-2019-19R.dw.png","205","173","235","173","261","251","272","197","285","119","348","255","395","286","382","265","423","234","403","218","436","182","441","138","459","108","469","279","502","247","584","204","615","201","622","168","81","239"
"NO-0037-KJS21-T2101-2019-1R.dw.png","200","173","228","173","264","253","268","197","276","117","349","259","401","291","385","269","421","232","400","216","440","181","444","139","459","110","470","285","510","249","592","209","623","206","632","177","80","241"
"NO-0037-KJS21-T2101-2019-20R.dw.png","208","176","238","177","273","257","279","203","291","120","358","263","407","293","394","273","434","238","415","223","449","187","454","143","471","109","480","287","513","254","599","211","635","207","642","175","81","244"
"NO-0037-KJS21-T2101-2019-21R.dw.png","191","161","221","161","254","238","259","186","275","110","334","243","387","274","373","255","408","222","389","207","426","174","429","134","447","102","455","268","489","237","567","197","606","193","612","162","77","226"
"NO-0037-KJS21-T2101-2019-22R.dw.png","206","175","236","175","265","254","273","199","283","120","348","259","396","290","383","270","424","236","402","220","438","184","442","140","458","111","470","283","504","251","585","210","622","206","629","176","82","242"
"NO-0037-KJS21-T2101-2019-23R.dw.png","203","171","232","171","264","248","267","195","280","119","342","253","395","285","381","263","420","232","397","214","434","180","440","138","455","108","469","279","503","244","582","204","618","200","626","172","77","234"
"NO-0037-KJS21-T2101-2019-24R.dw.png","201","172","232","173","255","251","264","195","278","120","339","256","387","287","374","267","416","234","392","216","431","182","434","140","450","112","462","279","494","248","572","208","609","204","618","175","80","238"
"NO-0037-KJS21-T2101-2019-25R.dw.png","202","168","234","169","262","248","271","194","285","116","347","254","396","284","384","264","425","232","403","214","439","177","444","136","462","106","473","277","507","246","585","204","621","201","631","169","76","229"
"NO-0037-KJS21-T2101-2019-26R.dw.png","207","179","236","177","268","257","280","203","287","120","358","257","408","286","393","266","433","231","409","215","444","181","447","137","462","105","482","277","517","244","592","200","628","195","634","163","89","251"
"NO-0037-KJS21-T2101-2019-28R.dw.png","200","169","230","170","257","247","267","194","277","119","337","252","388","285","375","264","418","231","392","212","429","180","433","139","449","110","463","277","500","244","574","205","615","201","621","173","79","233"
"NO-0037-KJS21-T2101-2019-2R.dw.png","210","173","239","173","266","251","274","198","286","120","343","256","398","291","384","267","424","235","403","219","439","185","442","138","460","108","472","284","508","249","593","207","630","203","638","171","73","231"
"NO-0037-KJS21-T2101-2019-3R.dw.png","201","169","233","169","262","247","264","191","280","117","341","250","393","282","378","260","414","226","398","213","433","175","437","133","454","101","459","278","499","242","585","200","622","197","629","165","78","234"
"NO-0037-KJS21-T2101-2019-4R.dw.png","203","175","234","175","256","255","271","201","288","121","346","262","399","292","385","271","426","238","405","221","442","185","447","143","466","111","477","285","512","252","592","210","627","206","634","174","80","238"
"NO-0037-KJS21-T2101-2019-5R.dw.png","194","169","226","170","260","250","267","197","275","116","341","255","389","286","375","265","413","232","394","217","430","180","434","137","451","106","462","278","492","248","580","206","615","203","625","172","78","234"
"NO-0037-KJS21-T2101-2019-6R.dw.png","197","169","227","169","257","245","265","194","275","118","344","254","389","283","377","264","417","230","396","214","434","181","437","137","452","107","466","276","501","244","580","205","616","201","622","172","77","230"
"NO-0037-KJS21-T2101-2019-7R.dw.png","203","168","228","168","263","250","270","193","280","115","339","256","396","287","381","266","421","233","394","213","435","179","440","138","457","109","470","281","508","245","586","208","623","204","631","175","79","236"
"NO-0037-KJS21-T2101-2019-8R.dw.png","200","172","232","172","273","255","272","197","285","118","351","258","401","289","389","270","429","235","407","219","444","182","447","140","464","109","476","282","511","250","590","210","632","206","640","173","81","239"
"NO-0037-KJS21-T2101-2019-9R.dw.png","202","169","232","169","258","246","270","196","280","117","345","252","394","283","381","263","424","231","403","215","438","177","441","135","457","107","467","277","501","245","584","204","624","201","630","171","81","233"
"NO-0038-KLY55-24-2020-0R.dw.png","200","169","229","169","256","248","263","192","287","116","337","252","390","283","377","262","417","229","392","213","434","179","440","137","454","109","462","277","498","242","577","203","614","199","621","169","81","239"
"NO-0038-KLY55-24-2020-10R.dw.png","204","176","232","175","256","256","266","198","292","119","346","261","398","293","384","272","427","239","403","221","438","183","443","142","462","113","466","286","502","248","582","209","622","206","632","178","82","247"
"NO-0038-KLY55-24-2020-11R.dw.png","198","171","224","172","252","252","264","197","284","111","340","255","392","283","379","265","417","230","397","216","432","177","437","136","455","105","462","278","498","242","577","202","614","198","623","168","75","242"
"NO-0038-KLY55-24-2020-12R.dw.png","200","165","228","165","254","243","259","186","283","113","338","246","388","277","374","256","417","225","388","206","431","174","436","132","452","103","464","269","497","235","575","196","615","192","621","162","78","229"
"NO-0038-KLY55-24-2020-13R.dw.png","203","176","233","176","265","255","263","196","289","120","344","257","401","287","388","268","432","233","401","214","440","179","440","136","456","106","474","279","514","240","586","204","626","201","632","171","85","247"
"NO-0038-KLY55-24-2020-14R.dw.png","209","173","237","173","260","255","265","193","296","118","350","258","403","288","390","268","438","234","409","217","446","178","448","136","466","107","478","280","516","242","590","206","633","203","642","174","80","241"
"NO-0038-KLY55-24-2020-15R.dw.png","204","176","233","176","266","258","265","197","291","120","348","260","404","290","392","271","437","236","410","218","446","181","446","139","463","108","477","283","519","245","595","207","634","203","643","174","81","245"
"NO-0038-KLY55-24-2020-16R.dw.png","203","183","231","182","264","263","265","204","289","125","344","265","397","294","384","275","432","241","402","221","438","184","438","142","452","113","473","286","509","249","583","210","623","206","632","176","79","252"
"NO-0038-KLY55-24-2020-17R.dw.png","209","172","234","171","269","254","267","193","294","115","347","255","405","286","391","266","435","231","404","213","446","176","449","135","466","105","478","279","517","240","595","202","632","198","641","169","85","243"
"NO-0038-KLY55-24-2020-18R.dw.png","196","827","222","827","247","905","256","849","279","771","330","909","383","942","370","921","410","887","385","869","426","835","431","795","447","765","456","934","491","899","563","861","604","857","613","830","80","893"
"NO-0038-KLY55-24-2020-19R.dw.png","199","177","228","176","264","257","263","198","287","119","342","259","399","290","385","269","430","235","403","218","438","183","440","140","456","110","468","283","508","246","583","208","624","205","632","176","83","250"
"NO-0038-KLY55-24-2020-1R.dw.png","192","167","220","167","249","243","252","188","277","113","328","245","383","274","369","255","407","222","382","206","419","173","423","134","438","106","453","267","486","233","562","196","599","192","607","164","79","234"
"NO-0038-KLY55-24-2020-20R.dw.png","203","170","227","172","262","252","271","198","289","113","345","254","397","286","383","265","425","232","401","215","436","180","440","138","458","108","468","279","504","244","582","204","617","200","624","170","77","236"
"NO-0038-KLY55-24-2020-21R.dw.png","202","172","234","172","262","252","263","192","289","116","343","255","401","286","387","267","431","233","400","214","440","180","445","138","464","109","474","280","510","244","590","204","632","200","639","170","79","238"
"NO-0038-KLY55-24-2020-22R.dw.png","211","181","241","181","272","265","270","202","300","123","355","269","409","301","395","281","441","243","411","225","455","189","460","145","478","115","487","294","525","257","609","216","646","212","655","182","84","252"
"NO-0038-KLY55-24-2020-23R.dw.png","201","169","229","170","257","250","262","192","288","116","340","253","392","284","378","263","422","231","396","213","433","179","438","138","455","110","464","277","498","241","578","204","616","200","623","172","79","236"
"NO-0038-KLY55-24-2020-24R.dw.png","200","165","228","165","259","243","263","188","284","113","341","246","390","275","377","255","419","223","392","205","432","173","436","132","451","103","463","268","498","234","574","195","614","190","621","161","82","232"
"NO-0038-KLY55-24-2020-25R.dw.png","198","170","227","170","257","248","259","191","283","117","337","251","390","279","377","260","418","227","392","210","429","177","433","135","448","106","462","273","497","239","573","199","611","195","617","166","83","240"
"NO-0038-KLY55-24-2020-26R.dw.png","203","173","230","173","259","255","262","195","289","116","336","258","394","291","381","271","427","235","394","216","437","183","443","142","461","111","472","283","508","246","585","208","628","203","636","174","76","238"
"NO-0038-KLY55-24-2020-27R.dw.png","195","166","224","167","252","245","266","193","280","109","335","248","384","279","370","258","412","225","390","209","425","175","428","133","446","103","453","272","488","237","568","198","603","195","610","164","73","229"
"NO-0038-KLY55-24-2020-28R.dw.png","195","175","225","174","254","253","256","194","278","118","333","255","389","284","376","266","419","231","391","213","432","180","436","139","453","107","468","277","502","241","577","201","618","197","625","168","75","244"
"NO-0038-KLY55-24-2020-2R.dw.png","208","179","239","178","266","261","268","199","296","121","350","264","404","295","390","276","439","241","405","220","446","184","447","142","464","111","477","288","516","250","592","212","632","208","640","178","85","250"
"NO-0038-KLY55-24-2020-3R.dw.png","204","174","236","174","267","257","267","196","296","118","350","260","405","291","391","271","435","235","406","216","448","182","454","142","472","112","483","284","519","247","600","208","638","204","646","175","80","244"
"NO-0038-KLY55-24-2020-4R.dw.png","200","172","230","173","262","254","271","199","286","116","345","256","395","286","383","267","425","234","397","215","435","181","440","140","457","112","468","280","505","246","583","206","619","203","627","174","78","243"
"NO-0038-KLY55-24-2020-5R.dw.png","208","173","236","174","266","256","279","201","293","114","348","258","402","291","388","270","427","234","408","220","444","181","448","137","467","108","474","284","514","246","596","205","631","202","639","172","78","242"
"NO-0038-KLY55-24-2020-6R.dw.png","206","176","235","176","267","259","268","199","297","121","351","263","407","294","393","273","438","238","407","219","448","183","450","139","466","109","480","287","517","248","595","209","635","206","644","174","84","248"
"NO-0038-KLY55-24-2020-7R.dw.png","207","174","235","174","265","256","267","195","293","117","346","257","402","289","389","269","435","234","405","215","444","180","447","139","464","110","476","281","514","242","591","207","630","204","638","176","83","248"
"NO-0038-KLY55-24-2020-8R.dw.png","196","169","224","169","259","250","253","190","282","114","334","253","387","282","374","263","417","229","390","210","432","178","436","137","453","108","462","276","499","240","575","203","617","198","625","170","76","234"
"NO-0038-KLY55-24-2020-9R.dw.png","198","168","228","169","258","248","258","190","286","113","335","249","392","279","377","259","421","226","393","208","430","175","433","134","450","106","460","272","498","236","571","200","612","196","618","168","82","238"
"NO-0039-KLY55-69-2020-0R.dw.png","200","174","227","174","259","251","261","197","279","118","343","257","394","287","380","268","423","233","398","217","430","181","433","137","450","106","469","278","501","243","574","205","619","200","629","171","81","241"
"NO-0039-KLY55-69-2020-10R.dw.png","199","172","228","173","254","248","263","196","277","119","343","254","395","283","384","267","426","232","400","214","433","179","437","136","453","107","474","275","510","241","583","203","624","197","631","170","81","236"
"NO-0039-KLY55-69-2020-11R.dw.png","198","169","226","170","257","243","260","192","276","113","335","248","388","279","373","260","420","227","390","207","427","175","431","136","447","106","463","271","496","236","573","198","611","195","618","166","81","238"
"NO-0039-KLY55-69-2020-12R.dw.png","202","173","233","174","261","251","270","199","281","119","346","258","397","288","384","269","425","234","398","216","433","181","437","141","455","110","471","279","506","244","581","208","621","204","630","176","84","244"
"NO-0039-KLY55-69-2020-13R.dw.png","200","173","231","173","267","252","273","199","285","121","350","257","404","287","391","269","434","235","408","216","440","183","445","141","462","108","482","279","516","244","591","206","631","202","640","172","83","242"
"NO-0039-KLY55-69-2020-14R.dw.png","199","178","227","177","258","255","263","201","283","120","344","260","398","290","385","271","429","237","401","217","436","184","441","141","458","112","476","281","509","249","581","209","620","205","631","178","78","243"
"NO-0039-KLY55-69-2020-15R.dw.png","196","173","224","173","258","250","264","199","282","117","341","255","397","285","381","266","427","234","397","214","435","184","437","141","454","110","473","278","502","247","580","207","620","203","627","172","80","243"
"NO-0039-KLY55-69-2020-16R.dw.png","201","174","230","173","258","249","262","195","280","118","341","254","395","285","382","265","427","233","398","214","432","180","434","138","448","107","470","275","505","241","583","204","620","200","629","172","83","243"
"NO-0039-KLY55-69-2020-17R.dw.png","203","172","232","174","265","251","275","201","292","120","344","255","397","287","381","266","427","235","398","215","435","183","436","140","459","110","468","279","505","245","586","208","625","202","630","173","79","239"
"NO-0039-KLY55-69-2020-18R.dw.png","198","175","226","175","263","256","266","203","283","120","348","262","400","291","386","273","428","239","398","220","437","187","440","145","456","113","475","282","506","251","580","211","623","205","630","176","79","243"
"NO-0039-KLY55-69-2020-19R.dw.png","207","175","234","175","264","252","273","199","291","117","351","256","407","288","392","267","433","234","403","213","441","183","444","142","468","108","482","279","513","245","589","209","633","204","644","175","81","245"
"NO-0039-KLY55-69-2020-1R.dw.png","202","175","229","174","261","249","270","199","284","116","343","253","399","284","385","265","427","231","395","210","436","179","440","138","458","103","475","275","507","242","585","203","631","196","639","165","77","239"
"NO-0039-KLY55-69-2020-20R.dw.png","212","175","240","175","263","252","272","196","296","117","352","258","409","289","391","268","439","238","405","216","446","182","450","141","470","109","484","281","516","248","596","209","638","205","647","177","85","245"
"NO-0039-KLY55-69-2020-21R.dw.png","206","180","236","180","263","259","273","206","293","123","347","265","401","296","388","278","433","244","403","224","444","189","450","147","469","115","483","287","512","257","593","216","635","211","645","181","78","246"
"NO-0039-KLY55-69-2020-22R.dw.png","204","179","233","179","269","259","271","203","291","122","357","265","409","298","395","277","445","245","410","220","451","190","453","146","469","111","484","289","523","255","603","215","640","211","650","181","85","252"
"NO-0039-KLY55-69-2020-23R.dw.png","206","179","233","178","263","257","274","203","286","120","346","260","405","294","387","271","431","238","400","218","439","185","444","143","463","109","478","284","511","249","582","213","625","208","635","178","80","249"
"NO-0039-KLY55-69-2020-24R.dw.png","203","176","233","175","266","252","268","198","285","119","346","255","399","286","385","267","428","234","393","213","437","181","442","142","459","109","472","278","504","245","585","205","622","201","631","172","85","249"
"NO-0039-KLY55-69-2020-25R.dw.png","208","179","234","179","265","257","264","199","290","121","346","261","402","293","386","273","434","240","401","218","441","186","446","144","463","111","478","284","512","249","590","214","629","208","638","178","82","250"
"NO-0039-KLY55-69-2020-26R.dw.png","204","183","234","183","262","261","274","209","293","121","347","265","402","296","388","277","431","242","398","222","439","188","445","146","467","111","478","289","513","254","587","216","636","212","646","182","82","255"
"NO-0039-KLY55-69-2020-27R.dw.png","204","178","232","177","266","255","273","202","288","119","347","260","400","291","387","272","431","236","403","218","439","183","443","143","460","110","477","284","514","248","589","210","629","203","636","174","80","249"
"NO-0039-KLY55-69-2020-28R.dw.png","204","183","231","182","267","262","274","207","290","122","355","266","407","299","393","276","434","240","410","223","448","187","450","145","470","110","488","287","522","252","595","216","638","209","647","179","81","257"
"NO-0039-KLY55-69-2020-2R.dw.png","194","175","221","174","257","254","266","202","275","118","344","260","392","287","382","272","426","237","397","219","430","181","433","140","451","111","470","280","504","247","577","206","615","201","624","173","80","245"
"NO-0039-KLY55-69-2020-3R.dw.png","201","173","231","173","255","247","266","196","284","114","346","252","398","281","383","263","433","231","397","210","434","176","435","136","455","107","474","272","506","240","579","202","621","197","634","170","79","239"
"NO-0039-KLY55-69-2020-4R.dw.png","200","173","227","172","258","247","264","196","277","117","340","251","392","280","379","262","419","228","395","212","427","178","426","137","442","105","469","271","502","238","577","200","616","196","622","168","81","238"
"NO-0039-KLY55-69-2020-5R.dw.png","198","175","229","175","261","249","262","197","278","120","345","253","398","281","384","264","431","233","395","212","432","182","435","140","451","107","475","273","506","243","578","202","621","196","629","170","82","244"
"NO-0039-KLY55-69-2020-6R.dw.png","204","177","233","178","258","255","270","204","290","121","348","260","405","291","389","272","429","239","398","220","439","186","442","142","463","109","477","284","514","251","592","210","633","205","640","174","81","243"
"NO-0039-KLY55-69-2020-7R.dw.png","204","177","232","175","263","251","270","199","285","121","342","254","399","285","384","266","429","234","401","215","438","185","443","144","460","113","476","280","505","249","585","208","623","205","631","176","77","245"
"NO-0039-KLY55-69-2020-8R.dw.png","212","177","238","176","269","256","277","202","295","118","351","261","399","292","390","274","430","239","405","222","440","185","446","142","466","110","475","287","511","251","593","209","630","205","639","174","86","245"
"NO-0039-KLY55-69-2020-9R.dw.png","201","175","228","174","265","254","266","198","285","117","347","258","402","287","387","269","429","235","397","214","437","182","442","141","461","112","478","278","512","246","586","208","628","201","637","173","84","245"
"NO-0040-LAK20-201-Esp-K-0R.dw.png","206","179","233","178","260","256","265","199","288","117","339","258","396","290","381","268","424","234","398","217","436","183","438","140","457","108","467","281","501","244","581","207","617","205","625","174","80","250"
"NO-0040-LAK20-201-Esp-K-1R.dw.png","214","178","244","177","271","257","284","202","301","119","356","259","417","292","402","269","440","234","418","218","456","181","460","141","477","107","485","284","524","247","600","206","635","204","645","171","88","249"
"NO-0040-LAK20-201-Esp-K-2R.dw.png","210","180","239","180","264","263","274","203","293","121","351","266","406","297","390","276","435","239","410","221","448","185","450","143","469","110","481","289","521","251","592","211","627","207","635","174","87","256"
"NO-0040-LAK20-201-Esp-K-3R.dw.png","202","179","229","177","263","262","273","204","289","119","350","265","409","298","393","274","428","238","407","222","447","184","451","141","470","108","477","289","515","253","596","212","634","209","641","176","79","251"
"NO-0040-LAK20-201-Esp-K-4R.dw.png","205","179","237","179","257","262","270","201","295","120","349","265","407","297","391","275","433","239","409","221","448","185","453","144","471","113","477","288","515","251","588","213","626","209","636","178","82","252"
"NO-0040-LAK20-201-Esp-K-5R.dw.png","210","177","238","176","269","258","279","200","297","118","359","261","415","292","400","271","441","235","410","216","453","179","458","140","475","107","487","284","523","246","601","206","633","203","644","172","86","250"
"NO-0040-LAK20-201-Esp-K-6R.dw.png","210","179","240","178","268","261","277","201","296","120","357","262","413","296","398","273","437","236","413","220","452","183","455","141","473","106","479","287","516","249","598","209","630","205","640","171","88","254"
"NO-0041-LSo21-P1-0R.dw.png","204","173","234","172","264","253","270","197","282","119","340","256","394","287","379","266","425","233","394","213","433","179","437","139","455","109","466","279","504","245","581","204","613","200","620","169","86","241"
"NO-0041-LSo21-P1-10R.dw.png","208","178","236","178","269","259","275","204","289","122","349","263","402","294","389","274","434","241","405","220","442","185","444","140","462","112","475","287","515","251","593","212","630","208","641","178","82","246"
"NO-0041-LSo21-P1-11R.dw.png","205","171","235","172","258","249","270","195","290","117","344","254","399","286","386","265","431","232","404","213","441","179","446","137","465","109","475","278","514","245","593","205","633","201","638","169","85","235"
"NO-0041-LSo21-P1-12R.dw.png","207","174","235","172","266","252","275","197","285","118","348","255","401","288","388","267","432","233","401","213","442","179","449","136","465","109","477","279","512","247","594","209","632","205","640","173","82","239"
"NO-0041-LSo21-P1-13R.dw.png","203","168","233","167","264","246","273","193","284","114","343","250","401","281","387","260","428","227","400","209","437","175","442","132","458","103","474","273","510","238","590","198","630","194","638","165","82","234"
"NO-0041-LSo21-P1-14R.dw.png","193","169","221","168","258","245","263","194","270","115","336","248","388","279","374","259","420","228","384","206","423","174","428","132","444","104","459","272","493","239","575","200","610","195","619","165","78","236"
"NO-0041-LSo21-P1-15R.dw.png","206","173","231","171","259","253","273","198","282","118","346","259","398","289","387","270","427","236","400","219","437","182","442","137","459","111","472","282","507","248","591","206","623","203","630","174","81","238"
"NO-0041-LSo21-P1-16R.dw.png","208","176","236","176","267","254","274","202","287","121","348","258","402","289","390","270","434","236","404","217","442","185","448","140","463","112","479","282","517","246","594","208","636","204","644","174","81","242"
"NO-0041-LSo21-P1-17R.dw.png","201","173","228","172","261","250","272","198","282","115","344","253","399","285","387","265","435","233","399","211","434","176","442","133","461","104","475","276","508","242","589","200","628","197","637","167","80","237"
"NO-0041-LSo21-P1-18R.dw.png","204","174","232","172","268","255","276","200","288","118","348","258","403","289","390","270","435","235","399","215","440","181","445","139","461","109","480","281","515","246","594","204","625","201","631","172","84","244"
"NO-0041-LSo21-P1-19R.dw.png","205","174","233","173","257","250","274","198","288","120","347","255","402","285","389","266","435","233","400","211","440","181","440","138","459","110","472","278","506","245","589","203","625","201","633","171","84","241"
"NO-0041-LSo21-P1-1R.dw.png","202","168","228","167","261","247","266","191","278","116","339","250","392","279","381","260","419","227","389","208","426","176","429","134","447","107","461","272","495","238","577","199","608","196","616","166","81","236"
"NO-0041-LSo21-P1-20R.dw.png","201","174","228","173","261","251","268","199","282","118","343","254","397","286","384","266","428","233","399","214","436","182","442","139","462","110","468","280","507","245","590","203","627","200","635","173","82","240"
"NO-0041-LSo21-P1-21R.dw.png","205","175","236","175","265","256","276","200","289","120","352","259","407","290","393","269","438","236","409","218","444","184","445","140","466","108","479","282","514","247","592","207","629","204","637","171","83","244"
"NO-0041-LSo21-P1-22R.dw.png","200","173","227","173","257","252","269","202","283","120","343","258","401","290","386","269","425","234","402","218","437","181","442","139","457","110","478","283","510","249","596","208","625","205","633","173","79","240"
"NO-0041-LSo21-P1-23R.dw.png","200","172","228","171","266","251","272","198","280","115","342","252","398","285","384","264","427","231","397","212","432","178","441","135","459","105","472","277","505","244","586","203","622","198","629","167","80","239"
"NO-0041-LSo21-P1-24R.dw.png","205","173","234","172","264","254","271","198","285","118","346","258","403","289","389","269","428","234","400","215","440","180","443","137","460","109","478","282","513","246","593","205","625","200","630","170","84","242"
"NO-0041-LSo21-P1-25R.dw.png","201","173","230","173","268","255","275","202","281","118","349","258","403","288","389","268","434","235","406","217","440","180","447","138","466","110","480","280","513","246","591","205","629","201","636","171","83","243"
"NO-0041-LSo21-P1-26R.dw.png","205","170","235","171","266","250","272","197","283","118","344","254","404","287","390","267","430","233","400","214","440","177","447","135","468","106","479","279","516","244","598","201","628","197","637","166","81","234"
"NO-0041-LSo21-P1-27R.dw.png","208","177","239","177","271","258","278","202","289","122","351","261","404","292","393","274","438","240","407","219","442","183","446","141","463","110","481","286","517","251","604","209","634","206","642","175","84","244"
"NO-0041-LSo21-P1-28R.dw.png","204","172","236","174","264","254","272","199","287","118","344","259","402","291","388","271","430","237","402","218","442","182","446","137","464","109","478","283","513","251","598","207","634","204","642","172","83","240"
"NO-0041-LSo21-P1-2R.dw.png","205","169","233","170","263","248","271","195","288","117","339","251","395","284","380","263","422","229","394","209","434","178","439","136","458","107","469","277","503","243","584","203","624","199","630","169","82","236"
"NO-0041-LSo21-P1-3R.dw.png","201","171","230","171","258","252","271","198","281","117","341","256","397","288","384","268","429","234","397","214","434","179","436","135","454","107","471","280","506","244","587","204","619","201","626","169","84","242"
"NO-0041-LSo21-P1-4R.dw.png","203","175","230","174","268","253","275","200","283","118","347","256","406","290","391","268","436","235","403","213","444","183","451","138","467","109","481","281","514","247","597","206","637","202","641","172","83","245"
"NO-0041-LSo21-P1-5R.dw.png","202","168","230","168","258","246","268","194","282","114","334","250","391","281","377","261","415","229","389","209","427","177","432","135","450","108","464","274","496","243","577","200","614","197","622","169","84","235"
"NO-0041-LSo21-P1-6R.dw.png","197","164","224","164","253","242","264","191","279","111","337","247","394","280","378","260","418","227","390","207","425","176","430","134","447","106","461","273","494","242","571","201","608","196","614","166","81","234"
"NO-0041-LSo21-P1-7R.dw.png","203","173","228","173","259","252","270","199","284","120","345","256","402","288","388","268","428","233","404","216","438","180","441","139","459","110","479","280","510","245","595","205","630","202","637","171","80","239"
"NO-0041-LSo21-P1-8R.dw.png","197","173","225","172","258","251","265","197","274","117","333","252","390","283","376","263","417","231","387","210","425","177","433","135","449","107","463","275","493","244","577","200","609","197","616","167","78","240"
"NO-0041-LSo21-P1-9R.dw.png","202","174","231","173","266","254","271","199","279","120","343","258","399","291","385","270","425","236","400","220","436","182","444","139","460","112","473","282","506","251","589","208","622","205","630","175","83","242"
"NO-0042-LSo21-P2-Sn-0R.dw.png","208","173","239","175","266","256","273","199","288","119","345","261","397","292","385","274","428","239","397","221","436","189","441","141","460","113","468","285","507","250","580","210","620","206","629","178","84","239"
"NO-0042-LSo21-P2-Sn-10R.dw.png","201","174","230","175","262","256","271","203","281","123","336","260","389","292","376","271","420","238","394","221","431","189","435","144","455","114","463","284","498","250","582","212","614","208","621","179","76","237"
"NO-0042-LSo21-P2-Sn-11R.dw.png","198","165","229","165","258","242","268","191","279","114","341","247","395","278","380","258","419","225","394","208","430","178","434","134","450","107","468","270","503","238","579","200","614","196","616","167","81","235"
"NO-0042-LSo21-P2-Sn-12R.dw.png","207","174","235","174","272","251","276","200","283","122","345","254","395","285","382","264","423","233","395","214","435","180","439","138","458","110","469","278","501","246","585","206","619","203","627","173","88","246"
"NO-0042-LSo21-P2-Sn-13R.dw.png","204","173","235","174","263","251","270","198","284","122","340","255","396","287","382","265","421","233","393","213","436","184","445","141","463","113","472","279","504","247","591","207","625","204","629","174","81","241"
"NO-0042-LSo21-P2-Sn-14R.dw.png","201","174","229","174","253","251","268","200","279","121","334","256","392","287","378","267","414","232","395","219","433","181","437","140","453","111","466","280","499","248","578","206","611","203","618","172","79","240"
"NO-0042-LSo21-P2-Sn-15R.dw.png","201","169","228","169","254","248","271","199","276","116","338","252","390","284","379","264","423","233","393","211","433","179","438","140","457","110","465","276","502","243","581","204","612","201","618","173","76","230"
"NO-0042-LSo21-P2-Sn-16R.dw.png","212","181","240","181","278","260","278","205","292","125","357","264","411","297","396","276","438","242","406","221","448","189","454","148","476","118","483","289","518","254","602","215","636","213","645","183","90","254"
"NO-0042-LSo21-P2-Sn-17R.dw.png","203","174","233","174","268","255","276","202","287","121","342","257","401","291","386","269","426","237","401","218","443","186","449","143","467","114","472","285","507","251","590","212","629","208","638","179","84","246"
"NO-0042-LSo21-P2-Sn-18R.dw.png","207","174","237","175","265","255","271","201","288","120","348","261","402","292","391","272","431","237","398","215","445","185","453","142","470","114","480","284","514","252","602","209","631","205","637","174","81","241"
"NO-0042-LSo21-P2-Sn-19R.dw.png","203","174","235","175","267","257","273","200","287","122","345","258","401","291","388","270","431","238","400","217","442","183","445","142","462","112","472","283","507","252","594","211","628","207","637","178","83","244"
"NO-0042-LSo21-P2-Sn-1R.dw.png","204","174","236","174","267","255","276","201","286","121","342","260","397","291","384","272","425","238","401","220","441","186","446","142","463","114","472","284","507","252","593","210","625","208","635","179","85","245"
"NO-0042-LSo21-P2-Sn-20R.dw.png","204","178","232","177","264","256","272","203","276","125","344","261","392","292","378","271","419","237","394","220","435","187","440","143","457","114","465","285","500","250","581","211","614","210","622","182","83","248"
"NO-0042-LSo21-P2-Sn-21R.dw.png","200","171","229","171","248","246","266","195","277","120","331","252","387","284","373","263","409","230","389","216","424","181","430","141","448","112","457","275","486","244","565","207","601","203","607","175","80","239"
"NO-0042-LSo21-P2-Sn-22R.dw.png","200","176","229","175","262","257","275","205","279","122","342","261","394","293","382","273","422","238","395","219","436","185","442","142","459","114","469","285","503","251","584","211","616","208","623","179","83","248"
"NO-0042-LSo21-P2-Sn-23R.dw.png","205","173","234","173","257","253","270","198","282","122","345","257","396","287","384","269","425","234","396","213","436","183","441","140","458","113","467","279","504","246","582","206","614","203","622","174","79","238"
"NO-0042-LSo21-P2-Sn-24R.dw.png","199","173","230","174","256","251","266","198","278","122","336","255","392","288","378","266","413","233","395","219","429","184","434","144","453","114","461","280","494","248","573","209","607","207","614","179","83","243"
"NO-0042-LSo21-P2-Sn-25R.dw.png","201","173","229","173","258","251","269","199","280","119","342","257","390","287","375","266","418","234","391","214","432","182","436","141","456","110","466","279","498","246","583","205","616","202","623","172","82","237"
"NO-0042-LSo21-P2-Sn-26R.dw.png","209","172","237","171","271","250","279","199","286","119","351","255","404","287","390","265","430","232","404","212","444","180","448","139","465","110","481","279","514","245","593","205","630","200","638","170","79","236"
"NO-0042-LSo21-P2-Sn-27R.dw.png","204","174","232","173","268","255","273","200","286","121","342","257","398","291","384","270","423","236","399","219","440","184","445","142","464","113","472","284","511","250","592","211","624","208","632","178","84","244"
"NO-0042-LSo21-P2-Sn-28R.dw.png","201","174","230","175","264","257","270","201","280","122","339","260","392","293","379","272","422","239","395","219","434","186","439","145","460","115","463","285","499","252","581","214","619","209","626","179","80","240"
"NO-0042-LSo21-P2-Sn-29R.dw.png","207","177","237","177","271","257","279","205","287","123","344","261","400","295","387","274","427","240","398","219","441","185","448","144","467","114","474","287","507","253","593","212","623","208","630","176","85","245"
"NO-0042-LSo21-P2-Sn-2R.dw.png","208","176","237","177","273","258","280","206","287","124","346","264","398","296","386","276","432","243","401","221","442","189","448","147","465","119","473","289","507","256","589","215","625","212","632","182","83","243"
"NO-0042-LSo21-P2-Sn-3R.dw.png","207","172","237","172","271","254","281","203","283","121","344","258","396","291","384","271","426","237","400","218","442","183","449","141","466","114","473","283","507","252","590","209","624","207","632","176","83","237"
"NO-0042-LSo21-P2-Sn-4R.dw.png","209","174","238","175","269","256","274","200","289","122","347","262","399","294","385","272","427","239","402","221","439","188","445","146","464","115","472","287","508","251","586","213","623","209","632","181","85","243"
"NO-0042-LSo21-P2-Sn-5R.dw.png","212","169","242","171","277","254","277","196","292","118","349","259","400","291","388","271","434","236","405","216","445","183","451","143","470","113","474","284","509","247","588","209","630","205","639","176","89","243"
"NO-0042-LSo21-P2-Sn-6R.dw.png","204","171","235","173","265","253","270","198","286","119","343","258","396","289","384","269","424","236","395","216","436","184","441","141","461","111","471","281","505","250","588","209","621","206","629","176","84","242"
"NO-0042-LSo21-P2-Sn-7R.dw.png","204","172","231","172","267","255","277","202","280","119","342","258","396","293","383","272","423","238","399","223","440","186","446","145","464","115","471","285","503","253","583","215","621","210","629","181","82","239"
"NO-0042-LSo21-P2-Sn-8R.dw.png","208","174","234","173","264","256","276","201","283","120","349","260","404","292","390","272","432","237","401","215","443","183","448","140","468","111","478","285","513","249","593","209","631","205","639","175","80","241"
"NO-0042-LSo21-P2-Sn-9R.dw.png","197","170","224","170","254","249","268","198","276","119","333","253","388","285","376","265","420","234","389","213","428","181","432","140","450","110","461","277","495","244","576","205","609","202","616","170","77","234"
"NO-0043-MD16-01-k-0R.dw.png","199","171","226","171","256","248","267","197","276","118","333","254","386","288","371","265","414","231","384","211","425","180","427","142","444","111","454","279","492","242","560","206","597","203","603","173","84","244"
"NO-0043-MD16-01-k-10R.dw.png","203","177","232","177","251","251","271","201","283","122","338","257","393","291","378","268","420","237","397","219","435","188","440","146","457","114","466","282","500","250","574","210","614","206","625","176","81","243"
"NO-0043-MD16-01-k-11R.dw.png","200","171","227","170","260","251","268","196","274","117","341","256","390","287","377","266","419","234","387","211","428","181","433","142","449","112","458","279","496","245","572","205","602","202","607","172","83","240"
"NO-0043-MD16-01-k-12R.dw.png","209","178","238","177","267","258","277","203","288","120","348","263","402","295","387","273","433","239","405","219","444","186","447","147","465","116","474","286","508","250","583","212","624","208","633","178","87","246"
"NO-0043-MD16-01-k-14R.dw.png","211","179","238","178","263","255","281","203","283","124","343","258","398","292","384","270","423","239","398","220","436","186","437","146","456","115","468","285","502","250","578","213","615","210","622","180","88","246"
"NO-0043-MD16-01-k-15R.dw.png","195","176","225","174","257","251","265","198","275","122","338","255","391","288","376","266","421","234","385","213","427","180","432","141","449","109","460","280","496","244","572","207","609","203","616","172","84","242"
"NO-0043-MD16-01-k-16R.dw.png","203","169","231","168","258","246","271","193","280","115","336","250","393","283","376","259","415","229","393","212","429","179","433","139","451","108","461","276","493","242","569","204","610","200","614","168","85","236"
"NO-0043-MD16-01-k-17R.dw.png","198","175","230","175","254","250","271","199","281","118","337","255","388","286","373","265","419","233","391","213","429","181","432","143","450","112","457","278","492","244","569","205","606","202","614","172","82","241"
"NO-0043-MD16-01-k-18R.dw.png","198","176","227","176","257","254","267","201","282","123","336","259","398","292","381","272","423","239","391","217","433","186","439","146","455","112","467","285","502","251","582","211","618","207","624","177","85","244"
"NO-0043-MD16-01-k-19R.dw.png","196","177","221","176","254","253","266","199","273","123","342","258","395","291","381","269","423","236","391","216","430","182","434","144","452","111","461","284","502","246","576","208","610","205","617","174","83","244"
"NO-0043-MD16-01-k-1R.dw.png","214","182","243","181","266","260","285","207","290","124","349","264","406","297","390","275","434","241","407","220","450","186","453","148","472","115","479","289","512","253","589","214","634","210","643","176","89","254"
"NO-0043-MD16-01-k-20R.dw.png","209","176","241","176","261","254","275","200","291","123","341","261","401","297","383","272","427","239","399","217","442","187","446","147","466","116","472","289","507","251","586","215","622","211","630","179","84","243"
"NO-0043-MD16-01-k-22R.dw.png","209","183","236","180","265","258","276","204","286","126","349","263","398","293","386","272","429","241","398","219","438","188","443","148","461","117","470","286","506","252","581","214","620","210","627","181","84","249"
"NO-0043-MD16-01-k-23R.dw.png","206","171","233","171","266","248","279","200","283","119","344","254","395","285","381","264","429","233","399","212","439","181","444","143","462","111","466","278","501","243","580","205","618","202","627","172","84","236"
"NO-0043-MD16-01-k-24R.dw.png","203","179","231","177","260","256","270","201","280","121","340","260","395","293","379","270","422","236","393","215","433","183","436","145","455","114","463","284","499","247","568","211","607","208","616","177","87","249"
"NO-0043-MD16-01-k-25R.dw.png","205","177","231","176","259","258","271","201","282","118","339","261","394","293","380","271","421","239","392","218","432","185","435","144","453","112","460","287","495","252","576","212","613","209","621","179","83","247"
"NO-0043-MD16-01-k-26R.dw.png","202","179","228","177","262","258","269","202","284","123","345","262","400","294","387","273","431","240","397","218","441","184","446","146","464","114","474","286","511","252","589","212","624","209","631","179","86","249"
"NO-0043-MD16-01-k-27R.dw.png","202","177","231","176","261","257","271","201","285","124","348","263","404","295","390","273","435","242","401","219","441","184","447","146","461","112","472","288","511","252","588","210","625","206","631","175","82","243"
"NO-0043-MD16-01-k-28R.dw.png","198","173","230","173","255","251","268","198","278","121","334","255","392","291","372","267","418","234","390","214","427","181","429","143","447","111","459","283","499","244","569","208","604","203","611","172","85","245"
"NO-0043-MD16-01-k-29R.dw.png","208","175","234","175","263","254","272","199","288","120","342","259","396","294","382","272","426","236","396","215","436","183","441","144","457","112","467","285","504","249","574","211","611","207","619","176","85","245"
"NO-0043-MD16-01-k-2R.dw.png","201","175","233","175","261","254","273","201","283","119","339","258","390","290","373","268","421","236","393","216","432","183","434","144","451","113","461","282","496","246","566","210","609","206","617","175","84","246"
"NO-0043-MD16-01-k-3R.dw.png","204","176","231","175","267","255","278","201","287","120","353","259","408","291","394","270","437","236","406","218","442","181","447","141","464","107","476","283","516","247","592","207","626","204","631","172","89","248"
"NO-0043-MD16-01-k-4R.dw.png","203","178","231","177","262","256","271","202","281","122","334","259","393","293","378","271","422","236","391","215","434","183","437","145","454","115","464","284","499","248","568","212","611","208","621","179","85","249"
"NO-0043-MD16-01-k-5R.dw.png","202","172","227","172","258","252","264","197","279","119","335","258","388","292","375","270","418","237","387","215","428","183","434","146","449","114","456","283","492","248","568","207","602","204","609","173","81","240"
"NO-0043-MD16-01-k-6R.dw.png","206","172","233","171","262","253","281","199","285","117","346","257","398","290","383","268","428","235","395","214","436","183","441","143","459","114","464","282","501","245","570","210","614","207","623","178","84","242"
"NO-0043-MD16-01-k-7R.dw.png","210","178","238","177","269","256","273","199","288","123","348","260","402","293","387","272","434","239","401","214","442","186","448","147","465","116","472","285","509","251","585","213","620","208","627","176","88","246"
"NO-0043-MD16-01-k-8R.dw.png","206","178","237","177","264","259","278","202","289","121","349","263","402","294","386","272","428","238","404","220","443","186","446","147","464","115","473","285","511","248","586","211","623","206","630","175","86","247"
"NO-0043-MD16-01-k-9R.dw.png","206","178","235","177","264","255","274","201","281","120","341","258","397","291","383","270","426","238","389","216","433","183","435","143","451","111","466","284","498","250","576","209","615","207","622","175","87","247"
"NO-0044-MD-JM-04-2018-0R.dw.png","204","176","232","174","255","253","268","197","285","118","342","259","397","290","382","269","416","233","395","216","437","182","443","142","458","112","467","282","501","249","580","207","617","204","624","173","82","244"
"NO-0044-MD-JM-04-2018-10R.dw.png","204","179","230","178","262","260","270","203","281","122","343","265","396","296","380","274","417","239","391","219","432","186","439","145","457","115","465","289","497","254","573","215","618","210","624","177","84","253"
"NO-0044-MD-JM-04-2018-11R.dw.png","211","175","240","175","266","256","279","200","294","122","352","261","409","292","397","272","440","238","413","218","448","183","454","143","473","112","484","285","517","250","600","211","639","207","648","177","82","238"
"NO-0044-MD-JM-04-2018-12R.dw.png","202","175","229","174","252","253","263","198","282","120","332","258","390","290","372","267","407","233","388","218","429","186","438","144","453","115","454","283","487","251","566","210","606","206","615","175","82","245"
"NO-0044-MD-JM-04-2018-13R.dw.png","208","174","239","173","269","253","276","198","286","118","352","256","407","288","395","270","441","237","408","213","448","183","452","145","468","115","487","281","520","247","589","208","626","204","633","174","86","243"
"NO-0044-MD-JM-04-2018-14R.dw.png","210","170","236","171","256","249","271","193","284","116","340","253","391","284","377","265","417","230","391","210","425","177","431","135","447","108","460","276","490","244","569","204","605","200","613","169","85","240"
"NO-0044-MD-JM-04-2018-15R.dw.png","204","172","230","172","273","254","273","198","280","121","350","258","400","290","386","269","429","239","400","216","440","187","444","143","458","115","472","283","508","249","587","209","620","206","629","176","83","241"
"NO-0044-MD-JM-04-2018-16R.dw.png","215","181","242","177","273","263","282","203","295","122","359","267","412","297","397","275","441","241","416","222","454","187","461","147","477","116","488","290","520","256","604","215","639","212","648","180","87","251"
"NO-0044-MD-JM-04-2018-17R.dw.png","213","174","241","173","263","253","275","197","292","122","351","260","401","289","389","270","427","235","402","216","439","183","442","137","458","109","476","282","507","249","589","206","624","200","633","170","85","241"
"NO-0044-MD-JM-04-2018-18R.dw.png","205","178","232","176","263","259","267","201","285","122","347","265","402","295","386","273","418","238","401","222","439","188","447","145","464","114","471","288","501","257","584","212","618","208","629","176","87","252"
"NO-0044-MD-JM-04-2018-19R.dw.png","202","168","230","168","261","246","271","196","282","116","339","250","389","280","376","260","414","227","389","208","428","175","431","137","447","107","460","272","492","239","560","201","600","195","609","164","81","236"
"NO-0044-MD-JM-04-2018-1R.dw.png","200","178","226","177","261","258","264","202","278","121","337","262","396","296","378","273","413","238","390","220","431","186","437","143","456","112","464","288","497","254","576","212","612","211","620","180","85","253"
"NO-0044-MD-JM-04-2018-20R.dw.png","208","178","235","178","264","257","281","208","290","122","349","263","407","296","391","273","430","240","399","221","443","191","449","147","467","116","478","288","510","254","588","213","630","210","638","180","84","246"
"NO-0044-MD-JM-04-2018-21R.dw.png","202","175","230","174","254","254","271","200","282","122","341","258","396","289","383","269","422","236","396","216","437","182","444","142","459","113","471","281","500","250","581","209","619","206","627","175","80","244"
"NO-0044-MD-JM-04-2018-22R.dw.png","205","175","234","175","259","256","272","199","285","120","347","264","401","295","387","275","425","238","399","220","438","186","446","144","459","114","466","288","502","254","578","214","619","210","631","178","83","246"
"NO-0044-MD-JM-04-2018-23R.dw.png","204","167","230","167","259","246","268","191","280","114","341","251","393","282","379","262","416","227","392","209","430","174","433","133","449","103","463","275","496","241","570","201","612","195","620","164","81","233"
"NO-0044-MD-JM-04-2018-24R.dw.png","205","174","231","172","259","251","268","197","284","118","340","257","395","286","382","266","421","233","396","215","433","181","438","141","455","112","468","278","500","246","576","206","617","201","624","173","82","243"
"NO-0044-MD-JM-04-2018-25R.dw.png","199","170","223","170","255","251","264","195","276","116","336","255","389","287","376","266","412","233","388","215","427","180","433","141","451","111","454","281","484","249","564","208","604","204","612","174","79","237"
"NO-0044-MD-JM-04-2018-26R.dw.png","207","172","234","171","268","251","276","197","286","115","348","256","403","287","387","267","425","231","404","214","443","178","448","139","464","108","479","279","510","246","592","205","631","199","639","168","82","241"
"NO-0044-MD-JM-04-2018-27R.dw.png","208","175","232","172","262","250","272","196","281","116","342","254","394","285","378","263","418","231","395","211","434","178","440","139","456","110","468","278","497","245","578","206","616","203","626","173","84","246"
"NO-0044-MD-JM-04-2018-2R.dw.png","209","179","233","177","262","257","270","200","288","122","346","261","403","292","385","269","427","236","404","221","440","184","442","141","460","109","471","284","502","249","580","209","619","205","626","173","87","253"
"NO-0044-MD-JM-04-2018-3R.dw.png","209","175","236","174","254","248","271","197","286","121","335","252","389","284","374","263","418","230","393","210","430","177","436","137","451","106","457","276","485","244","566","202","606","197","615","165","78","239"
"NO-0044-MD-JM-04-2018-4R.dw.png","207","180","232","178","263","257","273","203","286","120","345","263","401","294","385","272","425","239","399","220","438","185","443","145","461","114","471","286","503","252","581","212","620","207","628","176","88","253"
"NO-0044-MD-JM-04-2018-5R.dw.png","202","174","228","172","257","253","267","197","282","119","337","258","391","289","377","268","413","233","392","216","434","182","443","142","458","113","462","282","494","251","575","209","610","205","619","174","83","244"
"NO-0044-MD-JM-04-2018-6R.dw.png","207","171","232","170","266","251","271","195","288","115","348","255","404","285","387","264","426","230","405","214","441","180","447","140","462","111","476","278","505","246","593","205","626","201","634","172","85","245"
"NO-0044-MD-JM-04-2018-7R.dw.png","204","170","228","169","254","247","264","192","276","117","331","251","382","280","368","261","409","228","386","211","419","176","426","135","442","108","450","272","480","241","561","203","598","201","609","172","84","240"
"NO-0044-MD-JM-04-2018-8R.dw.png","208","178","236","177","264","256","274","202","293","122","349","263","401","294","388","273","429","239","404","220","445","187","448","145","466","115","475","286","504","254","586","214","630","209","641","179","82","245"
"NO-0044-MD-JM-04-2018-9R.dw.png","203","176","229","174","256","254","264","197","283","118","339","260","391","289","377","269","413","233","392","216","432","182","438","141","454","112","462","282","493","251","572","209","613","204","622","174","85","247"
"NO-0045-MLJ21-P1-0R.dw.png","201","173","231","174","258","252","268","198","281","118","339","255","397","287","382","266","423","234","391","213","434","181","440","141","461","112","469","280","502","244","582","206","616","202","622","172","81","241"
"NO-0045-MLJ21-P1-10R.dw.png","205","182","238","182","272","264","278","206","291","122","351","267","411","301","395","279","438","243","412","225","452","189","460","145","477","116","487","292","521","259","613","217","642","214","649","184","84","255"
"NO-0045-MLJ21-P1-11R.dw.png","198","173","227","173","259","253","265","197","283","121","338","256","393","289","378","267","423","235","388","214","430","181","435","141","458","110","465","281","498","247","578","211","617","206","624","175","76","239"
"NO-0045-MLJ21-P1-12R.dw.png","206","175","238","176","268","256","273","200","294","121","348","258","403","291","389","270","432","237","405","218","446","184","452","144","469","114","474","284","509","249","597","210","630","208","638","178","79","245"
"NO-0045-MLJ21-P1-13R.dw.png","207","178","236","179","273","260","275","205","291","123","351","263","408","298","393","275","439","242","408","221","448","187","455","146","474","114","478","290","518","252","605","213","637","210","646","179","80","245"
"NO-0045-MLJ21-P1-14R.dw.png","205","178","233","178","271","260","276","206","287","121","350","264","406","298","391","276","436","243","404","222","443","188","449","145","470","114","477","290","512","255","599","215","632","212","638","180","80","245"
"NO-0045-MLJ21-P1-15R.dw.png","207","181","235","181","263","263","276","207","290","124","352","268","408","302","392","278","435","243","408","227","446","189","451","147","471","117","479","293","515","257","601","217","635","215","641","183","82","252"
"NO-0045-MLJ21-P1-16R.dw.png","211","175","239","175","275","259","277","200","296","120","355","263","411","296","396","274","439","239","412","220","452","185","459","141","476","111","486","287","520","253","609","210","639","207","647","177","81","245"
"NO-0045-MLJ21-P1-17R.dw.png","211","175","237","175","268","257","274","201","296","121","350","263","399","295","383","274","431","240","402","222","445","187","452","143","470","111","472","286","505","251","593","209","626","206","635","175","81","239"
"NO-0045-MLJ21-P1-18R.dw.png","210","176","241","176","271","258","275","200","294","120","351","260","406","295","388","272","435","240","405","219","449","185","456","144","475","112","476","287","513","252","592","213","629","209","637","178","83","249"
"NO-0045-MLJ21-P1-19R.dw.png","206","180","238","182","271","264","278","208","293","124","354","268","406","300","390","277","435","244","407","225","447","192","454","147","472","116","473","293","513","256","603","217","636","214","644","182","80","253"
"NO-0045-MLJ21-P1-1R.dw.png","200","173","227","173","260","254","271","201","280","118","337","256","392","290","377","268","422","236","389","214","430","184","436","140","455","112","461","282","500","246","579","208","608","205","614","175","79","243"
"NO-0045-MLJ21-P1-20R.dw.png","206","180","234","180","270","263","272","205","289","124","351","267","404","302","389","278","433","244","408","226","444","189","451","148","471","115","476","294","513","255","595","216","628","212","636","181","80","250"
"NO-0045-MLJ21-P1-21R.dw.png","196","171","223","171","257","251","264","197","282","117","334","253","390","286","371","264","415","231","386","212","427","180","431","140","452","109","458","279","491","245","577","208","608","203","616","172","78","238"
"NO-0045-MLJ21-P1-22R.dw.png","211","184","242","185","278","271","277","208","295","126","362","275","410","306","395","284","443","249","409","228","457","192","464","151","484","118","484","298","523","261","615","219","650","216","654","184","83","258"
"NO-0045-MLJ21-P1-24R.dw.png","202","177","233","177","274","259","274","202","290","120","353","263","406","294","391","272","434","238","407","220","444","183","448","141","467","111","476","285","510","251","597","212","629","208","635","177","85","251"
"NO-0045-MLJ21-P1-25R.dw.png","206","179","233","178","266","258","271","204","288","125","340","260","401","296","385","274","426","239","397","219","438","184","444","142","462","110","470","288","507","251","589","212","623","208","625","174","83","249"
"NO-0045-MLJ21-P1-26R.dw.png","208","187","235","184","276","264","274","205","286","122","358","259","416","289","397","267","442","227","408","210","448","169","450","128","465","93","486","273","522","233","604","184","637","177","641","144","88","271"
"NO-0045-MLJ21-P1-27R.dw.png","209","182","238","182","269","265","283","209","296","121","356","266","416","302","401","279","441","243","414","225","455","188","461","144","480","111","486","294","523","258","615","216","647","212","655","179","85","257"
"NO-0045-MLJ21-P1-28R.dw.png","207","178","237","178","271","262","273","202","295","119","353","266","406","300","390","276","434","242","403","222","446","187","454","145","474","112","474","291","510","254","591","213","630","210","640","177","82","248"
"NO-0045-MLJ21-P1-2R.dw.png","203","170","233","170","262","251","270","195","285","115","342","253","399","286","384","264","429","233","395","212","437","179","444","139","464","109","470","278","503","244","582","204","617","199","621","168","81","241"
"NO-0045-MLJ21-P1-3R.dw.png","199","173","229","173","264","255","272","200","281","118","340","257","398","291","383","270","421","234","398","217","436","183","444","142","461","113","468","283","503","250","586","210","620","207","626","177","80","243"
"NO-0045-MLJ21-P1-4R.dw.png","205","175","237","176","276","257","280","205","294","119","352","260","410","294","397","274","437","236","412","219","451","183","456","141","475","112","486","286","523","250","606","209","637","206","645","178","81","243"
"NO-0045-MLJ21-P1-5R.dw.png","205","177","237","178","268","260","275","203","290","122","347","264","406","298","390","276","433","241","409","224","447","187","454","144","473","114","479","290","512","256","602","213","632","211","638","179","85","249"
"NO-0045-MLJ21-P1-6R.dw.png","200","176","231","176","261","259","274","204","290","121","346","262","407","296","390","274","429","239","404","222","443","187","448","143","468","113","477","288","512","254","601","212","633","209","639","178","80","247"
"NO-0045-MLJ21-P1-7R.dw.png","204","178","236","178","270","262","271","202","290","121","352","266","404","300","389","277","433","242","402","222","442","188","446","144","467","113","470","291","511","254","590","215","624","211","633","179","84","252"
"NO-0045-MLJ21-P1-8R.dw.png","203","171","232","172","265","255","269","197","288","117","346","259","398","292","385","271","432","238","398","216","440","183","448","143","466","113","469","285","507","248","589","209","620","206","627","177","79","240"
"NO-0045-MLJ21-P1-9R.dw.png","209","176","240","176","277","258","281","202","296","122","354","262","413","295","396","274","438","238","415","221","453","184","458","142","478","113","486","286","523","249","610","211","643","208","651","177","81","244"
"NO-0046-MSa21-K1-0R.dw.png","202","195","230","192","272","275","275","217","285","128","355","276","415","305","398","284","432","246","409","231","449","189","454","145","470","113","485","294","517","259","597","213","638","208","645","174","88","273"
"NO-0046-MSa21-K1-10R.dw.png","207","185","235","182","270","264","278","208","291","123","356","268","414","298","398","277","435","242","410","224","449","187","456","146","473","113","487","289","520","257","602","214","641","211","647","179","88","255"
"NO-0046-MSa21-K1-11R.dw.png","204","177","232","176","265","256","273","202","287","119","350","261","406","291","392","271","429","238","403","219","444","185","451","142","466","111","479","283","513","251","591","211","630","207","638","178","86","247"
"NO-0046-MSa21-K1-12R.dw.png","200","176","228","174","261","256","274","202","283","115","351","260","409","292","393","269","426","235","403","219","445","182","451","142","470","111","477","284","512","248","594","208","627","204","637","172","83","246"
"NO-0046-MSa21-K1-13R.dw.png","204","179","230","178","262","260","273","204","287","117","349","264","408","295","394","275","434","241","406","222","445","186","453","144","470","114","481","287","517","253","597","215","634","212","641","179","86","252"
"NO-0046-MSa21-K1-14R.dw.png","199","174","227","172","257","254","273","200","283","116","349","258","406","289","390","268","427","236","401","217","440","182","447","141","464","109","474","280","506","249","587","208","626","204","633","172","80","239"
"NO-0046-MSa21-K1-15R.dw.png","209","178","235","177","265","260","280","206","291","119","352","265","411","296","398","276","434","242","412","225","451","188","458","146","475","115","484","289","519","257","606","214","642","211","649","182","85","247"
"NO-0046-MSa21-K1-16R.dw.png","205","176","234","175","263","257","274","200","287","117","355","263","411","295","398","274","438","241","411","221","452","188","459","145","476","115","486","288","522","253","603","214","640","210","648","181","78","243"
"NO-0046-MSa21-K1-17R.dw.png","206","178","231","176","264","256","272","202","277","120","345","260","400","292","386","271","424","238","396","218","437","184","443","143","458","111","470","284","504","250","586","209","622","206","631","176","84","244"
"NO-0046-MSa21-K1-18R.dw.png","207","177","235","176","264","259","280","205","287","120","354","264","411","295","398","275","437","242","413","223","452","186","459","145","476","114","486","288","517","256","605","214","643","211","651","181","83","246"
"NO-0046-MSa21-K1-19R.dw.png","206","176","232","174","260","255","278","202","287","116","352","261","408","293","393","270","425","236","409","222","445","183","451","140","470","109","480","284","513","252","598","209","635","205","644","174","81","243"
"NO-0046-MSa21-K1-1R.dw.png","195","175","223","174","249","253","262","200","274","116","339","257","396","287","380","265","418","232","392","214","431","179","437","138","454","109","462","278","494","245","571","204","605","200","613","170","80","247"
"NO-0046-MSa21-K1-20R.dw.png","205","177","232","175","265","256","273","201","288","119","347","262","403","292","389","272","430","238","404","220","444","184","451","142","469","112","478","285","515","251","594","212","632","209","639","181","86","247"
"NO-0046-MSa21-K1-21R.dw.png","205","177","230","174","260","256","276","203","284","117","351","260","407","291","393","271","432","236","410","219","450","183","457","141","474","111","483","284","517","252","604","208","641","205","649","176","82","245"
"NO-0046-MSa21-K1-22R.dw.png","201","175","231","174","261","257","277","203","289","117","350","263","410","293","396","273","434","240","411","222","450","185","458","144","476","112","485","287","519","254","602","211","641","207","647","176","82","244"
"NO-0046-MSa21-K1-23R.dw.png","202","175","227","174","255","256","267","201","285","117","342","262","403","293","388","274","424","239","400","221","441","186","447","144","466","112","474","286","507","254","588","211","625","208","632","176","81","240"
"NO-0046-MSa21-K1-24R.dw.png","208","175","235","174","261","257","279","204","291","116","349","264","407","295","394","275","432","240","406","222","445","186","454","144","473","114","479","288","514","254","595","215","634","211","643","181","84","244"
"NO-0046-MSa21-K1-25R.dw.png","196","178","220","176","252","255","262","203","276","119","331","261","391","293","378","272","412","239","392","223","429","187","436","144","456","114","464","286","499","253","579","213","615","210","624","182","74","244"
"NO-0046-MSa21-K1-26R.dw.png","200","174","226","173","256","254","270","201","284","118","343","260","401","291","389","272","427","238","401","220","442","183","450","141","469","111","476","285","512","252","592","212","630","207","637","178","83","241"
"NO-0046-MSa21-K1-27R.dw.png","204","176","231","175","261","255","273","203","285","117","345","260","400","292","386","272","423","238","401","221","440","184","446","143","466","112","472","285","508","251","590","210","628","207","637","178","83","240"
"NO-0046-MSa21-K1-2R.dw.png","204","180","231","179","259","262","275","205","288","116","351","266","410","297","391","275","429","238","409","224","446","183","454","141","471","110","477","288","511","253","599","210","636","206","644","175","83","257"
"NO-0046-MSa21-K1-3R.dw.png","209","183","238","181","267","267","280","209","293","122","360","272","416","304","403","282","443","249","411","228","457","190","465","147","484","114","487","296","522","263","613","215","647","213","654","177","82","250"
"NO-0046-MSa21-K1-4R.dw.png","207","177","234","176","264","260","277","204","288","116","352","264","411","296","395","274","429","239","403","222","447","184","453","143","472","109","480","288","515","252","595","211","633","207","639","173","83","250"
"NO-0046-MSa21-K1-5R.dw.png","201","175","228","173","260","254","273","200","284","115","345","259","402","290","388","269","425","233","402","217","440","179","446","137","464","107","472","282","507","247","587","206","625","203","634","172","82","245"
"NO-0046-MSa21-K1-6R.dw.png","211","183","239","181","267","265","284","209","292","118","361","269","417","300","402","279","441","244","415","226","456","188","462","145","480","110","489","291","522","258","608","215","648","211","655","176","85","254"
"NO-0046-MSa21-K1-7R.dw.png","203","184","227","182","262","264","271","209","284","123","347","269","406","300","390","280","428","245","399","226","441","190","447","147","466","116","475","292","508","259","593","218","629","214","637","181","84","254"
"NO-0046-MSa21-K1-8R.dw.png","207","179","235","178","262","260","277","205","290","118","354","264","414","297","398","274","434","240","412","224","451","184","460","144","478","111","485","288","514","256","607","212","644","208","654","176","83","248"
"NO-0046-MSa21-K1-9R.dw.png","209","181","234","179","266","262","277","206","290","119","354","266","407","298","391","276","432","243","407","225","445","189","451","145","469","114","480","289","515","255","597","215","631","212","640","180","85","248"
"NO-0047-ND21-15-0R.dw.png","203","179","230","177","260","254","268","200","279","120","343","256","401","289","384","267","431","234","393","212","437","182","441","143","456","110","471","280","506","245","581","207","618","204","624","174","84","253"
"NO-0047-ND21-15-10R.dw.png","202","180","228","180","264","264","265","204","286","123","340","267","396","299","377","277","421","242","394","223","437","188","439","146","459","112","463","292","499","254","580","216","616","211","624","178","78","255"
"NO-0047-ND21-15-11R.dw.png","205","178","235","178","272","260","276","204","290","122","350","262","405","295","392","274","434","240","401","219","445","186","449","146","465","111","475","286","508","252","588","214","626","210","631","179","87","252"
"NO-0047-ND21-15-12R.dw.png","206","173","230","173","268","254","266","197","283","118","345","258","398","290","383","268","428","237","398","218","440","183","443","144","460","110","472","282","504","249","583","209","620","206","629","175","78","241"
"NO-0047-ND21-15-13R.dw.png","199","172","229","173","260","253","269","200","284","117","337","256","393","292","376","268","416","236","394","219","436","184","439","141","457","109","464","283","500","249","577","212","620","209","629","177","80","247"
"NO-0047-ND21-15-14R.dw.png","209","176","234","175","264","258","270","200","286","118","340","259","395","293","381","271","428","239","397","218","438","184","440","143","457","108","468","284","502","250","579","209","614","206","623","175","86","246"
"NO-0047-ND21-15-15R.dw.png","206","174","235","174","267","258","274","200","295","120","345","259","402","292","387","270","429","237","396","216","442","183","444","142","462","109","471","283","504","248","582","210","619","207","628","175","82","247"
"NO-0047-ND21-15-16R.dw.png","198","171","224","171","256","251","264","197","282","114","336","255","394","288","378","265","420","233","390","212","433","179","440","140","458","108","463","279","497","245","577","206","614","203","622","172","82","241"
"NO-0047-ND21-15-17R.dw.png","203","174","227","172","263","254","267","198","284","119","340","257","391","290","378","269","423","237","393","216","431","181","434","141","451","108","454","283","493","247","574","208","605","204","612","173","85","247"
"NO-0047-ND21-15-18R.dw.png","198","180","224","178","260","256","266","202","277","120","341","257","395","288","381","268","422","234","387","214","432","183","437","142","454","109","464","279","497","245","574","207","609","203","617","173","85","255"
"NO-0047-ND21-15-19R.dw.png","202","174","229","174","263","255","270","200","288","120","346","258","398","289","383","268","423","235","396","216","436","182","439","143","457","108","461","281","497","246","578","209","612","206","618","173","85","245"
"NO-0047-ND21-15-1R.dw.png","207","174","231","174","264","255","270","200","290","118","338","258","391","292","376","270","424","239","393","218","435","184","437","143","454","109","464","284","496","250","573","210","611","207","621","176","82","244"
"NO-0047-ND21-15-20R.dw.png","204","173","229","172","265","254","268","197","285","119","346","257","397","289","383","268","422","234","397","217","434","182","437","143","453","110","464","280","499","245","579","207","610","204","618","174","81","242"
"NO-0047-ND21-15-21R.dw.png","207","181","234","181","261","263","271","205","296","123","343","267","402","301","387","279","431","245","400","224","444","190","447","149","468","113","470","293","505","259","587","219","626","215","636","182","78","251"
"NO-0047-ND21-15-22R.dw.png","198","173","224","175","251","248","263","197","283","116","331","251","390","282","375","261","414","229","394","213","430","180","435","142","450","109","459","275","493","242","574","203","611","201","619","171","83","240"
"NO-0047-ND21-15-23R.dw.png","204","176","228","175","262","255","270","200","279","118","343","256","398","288","383","266","424","233","394","215","436","182","440","143","457","109","467","280","502","246","577","208","616","204","627","173","84","247"
"NO-0047-ND21-15-24R.dw.png","195","170","223","170","252","250","261","194","280","113","337","254","390","286","375","264","423","232","391","211","432","178","436","138","455","106","459","278","494","242","570","205","606","202","611","170","81","241"
"NO-0047-ND21-15-25R.dw.png","202","176","230","176","264","257","267","200","288","121","342","259","394","294","379","271","427","240","394","218","436","184","441","144","459","109","465","286","495","253","578","212","617","208","623","175","83","250"
"NO-0047-ND21-15-26R.dw.png","209","178","236","177","272","260","279","203","293","120","352","262","409","295","394","274","437","239","407","219","448","182","451","142","467","108","475","287","511","251","598","211","630","207","637","176","86","254"
"NO-0047-ND21-15-2R.dw.png","202","173","229","174","254","254","270","201","287","118","339","257","398","292","383","269","423","236","394","216","435","183","439","144","457","110","465","283","499","249","577","209","609","205","615","173","84","245"
"NO-0047-ND21-15-3R.dw.png","200","175","228","174","266","257","269","201","284","119","346","260","398","293","382","271","422","237","394","219","433","182","437","142","452","108","464","284","499","248","578","209","613","206","619","173","87","251"
"NO-0047-ND21-15-4R.dw.png","204","172","228","171","260","249","270","197","282","118","341","253","392","285","377","263","423","233","396","214","429","179","431","138","448","105","458","276","492","242","576","204","607","201","614","169","84","242"
"NO-0047-ND21-15-5R.dw.png","205","175","232","174","259","255","269","198","292","119","337","258","393","292","378","270","423","236","395","217","438","184","442","145","460","112","462","285","498","249","580","213","618","210","626","178","80","244"
"NO-0047-ND21-15-6R.dw.png","200","173","226","172","262","251","266","197","284","115","340","253","394","285","380","263","420","230","393","213","435","178","438","137","455","105","461","277","497","241","572","203","607","200","616","170","84","243"
"NO-0047-ND21-15-7R.dw.png","210","174","235","174","265","255","268","197","288","117","345","256","398","289","383","267","428","235","394","214","437","181","438","141","456","107","466","281","501","247","578","206","612","203","621","172","83","244"
"NO-0047-ND21-15-8R.dw.png","200","177","226","177","256","256","268","204","282","119","337","260","395","293","380","272","420","238","393","220","434","186","439","145","455","113","465","284","499","248","578","212","615","208","621","177","82","246"
"NO-0047-ND21-15-9R.dw.png","201","166","226","166","257","247","260","190","282","113","333","249","388","281","373","260","415","228","389","210","429","179","432","137","447","104","458","273","492","240","569","200","604","196","613","165","79","233"
"NO-0048-ND21-3-0R.dw.png","199","174","223","173","254","253","261","196","280","118","334","255","393","289","375","265","409","231","390","216","430","181","433","138","451","106","461","280","493","247","575","206","611","202","619","171","83","251"
"NO-0048-ND21-3-10R.dw.png","192","168","218","168","250","245","257","191","277","114","330","247","387","281","370","258","410","225","380","207","422","176","425","135","443","105","453","272","489","237","565","201","601","199","608","169","77","238"
"NO-0048-ND21-3-11R.dw.png","205","169","229","168","262","246","264","190","281","115","342","249","397","282","382","259","421","227","394","209","432","175","434","135","451","104","463","274","498","239","572","201","604","197","612","166","83","238"
"NO-0048-ND21-3-12R.dw.png","196","173","222","172","257","251","262","196","277","119","334","252","389","286","375","265","414","232","382","211","422","180","425","140","441","109","453","277","487","241","561","206","595","203","603","172","83","246"
"NO-0048-ND21-3-13R.dw.png","199","182","223","180","255","262","264","206","282","123","336","266","394","299","378","277","419","243","393","225","431","189","435","145","455","114","464","291","501","257","580","218","614","214","620","183","79","255"
"NO-0048-ND21-3-14R.dw.png","200","170","225","169","255","248","262","192","275","117","333","249","386","281","372","259","415","229","384","209","423","177","428","138","442","107","451","272","490","239","557","201","596","197","603","168","80","240"
"NO-0048-ND21-3-15R.dw.png","197","171","221","170","255","249","261","195","276","114","327","251","382","284","367","261","406","230","381","213","419","180","422","138","440","107","446","276","481","243","557","204","591","201","600","170","79","241"
"NO-0048-ND21-3-16R.dw.png","199","173","229","173","263","252","265","196","284","118","339","256","394","290","380","267","419","235","394","218","434","182","437","139","454","109","461","282","497","246","573","208","604","204","615","173","82","243"
"NO-0048-ND21-3-17R.dw.png","201","170","225","170","252","248","262","193","280","115","335","250","392","283","375","261","418","230","389","211","427","179","429","138","447","106","458","275","494","240","568","203","610","200","618","170","79","239"
"NO-0048-ND21-3-18R.dw.png","201","174","224","174","262","254","259","197","285","120","337","258","391","291","376","268","411","234","387","216","429","183","432","143","450","111","455","283","492","246","571","211","605","207","614","176","82","243"
"NO-0048-ND21-3-19R.dw.png","197","167","221","166","252","242","259","190","274","113","328","246","378","278","365","256","406","225","377","206","415","175","417","135","434","105","444","269","478","237","549","200","583","196","589","166","79","235"
"NO-0048-ND21-3-1R.dw.png","201","182","222","180","266","262","270","208","279","125","347","266","396","298","377","274","415","239","392","224","428","187","427","142","446","111","461","290","498","252","576","215","612","212","620","179","85","257"
"NO-0048-ND21-3-20R.dw.png","204","178","234","180","265","259","272","204","291","122","343","262","401","296","387","275","422","239","402","223","439","188","442","146","458","113","467","288","506","252","582","214","621","211","628","180","83","250"
"NO-0048-ND21-3-21R.dw.png","203","173","228","173","261","256","269","199","290","118","342","260","399","294","382","271","415","235","398","221","438","184","442","140","461","110","470","286","504","253","587","212","623","210","634","178","79","244"
"NO-0048-ND21-3-22R.dw.png","194","171","222","169","254","248","255","191","281","115","334","251","389","284","372","261","409","227","388","211","424","178","426","136","444","106","454","275","485","241","562","204","599","201","606","171","83","243"
"NO-0048-ND21-3-23R.dw.png","205","176","233","176","260","256","272","201","289","122","343","260","399","295","385","273","427","239","400","219","442","185","446","144","465","112","470","286","505","253","587","213","623","210","631","179","80","246"
"NO-0048-ND21-3-24R.dw.png","195","173","219","171","254","251","259","196","276","118","330","254","389","287","375","266","414","233","385","214","426","182","428","140","445","109","457","278","492","244","568","206","604","203","611","173","79","241"
"NO-0048-ND21-3-25R.dw.png","205","170","227","169","263","249","270","196","286","118","343","254","393","287","379","265","420","232","393","212","430","179","433","138","449","108","462","278","499","243","578","205","611","201","618","171","81","240"
"NO-0048-ND21-3-26R.dw.png","198","172","222","171","259","252","264","197","275","116","331","254","384","287","368","265","410","232","385","214","421","179","424","137","444","106","452","279","488","243","567","206","602","201","612","172","78","241"
"NO-0048-ND21-3-27R.dw.png","197","174","222","173","257","253","266","198","279","119","337","256","394","289","379","267","418","235","392","216","431","184","434","140","451","110","461","280","494","248","573","210","609","208","618","177","82","246"
"NO-0048-ND21-3-28R.dw.png","211","177","238","177","266","257","278","202","293","122","346","261","400","293","385","271","419","235","395","218","438","184","443","143","460","113","468","286","505","249","581","211","613","207","624","177","82","246"
"NO-0048-ND21-3-29R.dw.png","198","173","224","173","258","252","264","197","282","121","334","256","392","290","378","268","420","236","393","216","433","183","437","142","455","110","463","281","498","247","577","208","614","204","622","174","79","240"
"NO-0048-ND21-3-2R.dw.png","201","171","229","171","263","248","271","196","286","116","336","251","391","285","374","261","414","227","389","211","427","178","430","136","448","106","454","276","492","239","571","201","603","199","613","168","82","242"
"NO-0048-ND21-3-3R.dw.png","202","178","226","176","260","256","272","203","280","122","341","260","395","294","383","273","422","239","393","219","433","187","436","143","453","110","464","285","503","250","580","210","616","208","625","176","82","249"
"NO-0048-ND21-3-4R.dw.png","194","173","221","173","251","250","257","195","277","117","331","255","387","289","372","267","411","233","383","214","423","181","426","141","445","110","450","281","488","246","569","208","599","206","608","175","79","241"
"NO-0048-ND21-3-5R.dw.png","197","169","225","169","254","249","264","194","279","114","328","251","384","285","368","262","409","230","384","212","422","178","426","135","444","104","447","277","486","241","566","202","598","199","609","168","80","240"
"NO-0048-ND21-3-6R.dw.png","199","172","225","171","257","251","265","194","275","115","335","252","388","285","375","264","418","230","385","210","425","177","429","137","443","107","451","277","488","239","558","204","596","200","605","170","85","248"
"NO-0048-ND21-3-7R.dw.png","205","173","229","172","264","252","268","196","285","117","342","256","394","288","381","268","423","234","395","215","432","180","433","136","451","106","463","280","498","244","579","205","609","202","616","170","82","244"
"NO-0048-ND21-3-8R.dw.png","197","168","218","167","256","247","260","192","277","116","332","251","385","284","370","262","412","229","384","209","422","177","425","136","443","106","451","276","486","240","566","202","599","199","606","169","80","239"
"NO-0048-ND21-3-9R.dw.png","198","177","220","175","262","257","263","202","279","120","333","260","385","294","367","271","403","236","382","221","419","184","421","142","442","111","447","286","485","251","567","211","601","208","607","177","81","247"
"NO-0049-ND21-4-0R.dw.png","213","186","242","185","278","266","284","210","297","127","360","269","416","303","398","280","437","243","407","225","449","191","454","149","473","114","485","294","521","257","599","219","640","215","647","182","90","262"
"NO-0049-ND21-4-10R.dw.png","209","181","238","180","278","262","279","206","294","121","359","266","415","298","399","276","432","241","407","224","448","187","453","146","473","111","482","290","517","253","598","214","639","211","648","179","85","253"
"NO-0049-ND21-4-11R.dw.png","203","180","227","179","259","257","278","207","283","121","342","260","403","294","386","272","423","237","395","219","436","187","441","145","460","113","466","286","504","250","581","213","622","210","629","179","81","251"
"NO-0049-ND21-4-12R.dw.png","209","177","234","176","264","255","277","202","289","119","351","261","405","293","391","272","431","239","403","220","443","183","447","144","464","112","477","285","510","251","588","212","632","207","636","177","90","246"
"NO-0049-ND21-4-13R.dw.png","211","181","241","180","270","258","282","205","296","123","349","259","412","292","396","271","434","235","406","217","447","183","450","142","470","107","481","284","519","248","597","208","637","204","644","174","95","262"
"NO-0049-ND21-4-14R.dw.png","219","188","246","188","280","266","292","212","302","129","366","270","419","303","402","281","441","245","413","226","455","192","460","149","480","115","487","295","523","257","608","219","645","216","655","185","95","258"
"NO-0049-ND21-4-15R.dw.png","203","171","227","170","260","251","271","197","282","115","343","253","403","288","387","265","422","230","396","213","437","180","441","140","461","107","472","280","506","243","579","206","620","201","629","169","84","242"
"NO-0049-ND21-4-16R.dw.png","206","180","232","180","267","257","272","205","286","121","344","260","404","296","386","272","426","238","395","220","438","186","442","143","460","111","470","288","507","253","590","210","630","207","639","176","86","252"
"NO-0049-ND21-4-17R.dw.png","207","182","237","181","274","266","279","207","292","122","354","268","411","301","395","279","433","243","404","224","447","188","451","147","470","112","482","292","517","254","595","216","633","212","638","179","86","256"
"NO-0049-ND21-4-18R.dw.png","210","175","242","176","271","254","279","201","296","121","345","256","409","289","393","268","429","234","400","215","443","182","445","143","464","111","472","281","511","245","585","207","627","203","633","173","95","251"
"NO-0049-ND21-4-19R.dw.png","215","175","242","175","272","252","282","200","298","120","353","255","412","290","395","267","432","232","410","217","448","186","452","143","469","111","478","282","513","246","587","210","629","205","637","175","94","245"
"NO-0049-ND21-4-20R.dw.png","203","179","228","177","263","258","275","206","282","119","349","262","402","297","385","274","425","239","400","221","438","183","443","142","462","108","472","288","510","251","588","210","622","207","628","173","83","254"
"NO-0049-ND21-4-21R.dw.png","207","190","234","189","276","272","279","215","294","127","355","274","414","309","398","287","436","249","412","235","451","195","454","152","474","116","481","299","519","261","600","218","635","215","642","182","84","264"
"NO-0049-ND21-4-22R.dw.png","210","185","238","184","265","263","277","208","295","127","351","266","409","298","393","277","431","242","405","225","442","190","443","150","460","115","477","289","509","253","582","215","629","210","633","179","91","260"
"NO-0049-ND21-4-23R.dw.png","209","183","233","182","271","260","276","208","290","126","349","263","406","297","389","274","426","241","402","224","442","190","446","150","466","116","475","288","506","256","582","213","621","210","626","178","89","252"
"NO-0049-ND21-4-24R.dw.png","206","179","236","179","265","260","274","205","295","122","351","264","410","298","392","274","425","238","409","226","448","189","452","148","471","113","481","288","514","254","588","216","632","212","639","179","87","251"
"NO-0049-ND21-4-25R.dw.png","208","178","235","178","269","257","282","206","293","124","349","261","411","295","394","275","434","239","405","220","444","186","447","146","466","114","476","286","512","251","587","214","631","210","637","179","91","252"
"NO-0049-ND21-4-27R.dw.png","210","178","239","178","270","258","280","203","295","120","351","261","411","295","395","273","432","237","411","221","450","185","455","143","472","111","479","287","515","249","591","212","635","207","643","175","89","253"
"NO-0049-ND21-4-28R.dw.png","204","179","230","179","266","255","272","206","283","120","342","258","397","290","382","268","418","236","390","218","431","184","435","144","453","113","463","282","498","247","577","208","615","205","620","176","89","253"
"NO-0049-ND21-4-2R.dw.png","203","174","232","175","256","251","272","201","290","119","338","254","401","287","386","267","421","233","396","215","434","182","436","142","457","108","465","279","502","245","581","207","621","204","628","175","87","249"
"NO-0049-ND21-4-3R.dw.png","201","179","221","179","265","255","269","205","276","120","340","257","395","291","381","270","421","237","390","219","430","185","433","143","450","110","464","283","502","248","584","207","619","204","628","176","86","252"
"NO-0049-ND21-4-4R.dw.png","205","171","232","171","262","249","273","196","287","115","341","251","401","285","385","263","421","228","396","212","433","177","436","137","452","105","463","277","504","241","576","202","615","198","622","169","88","246"
"NO-0049-ND21-4-5R.dw.png","210","177","239","180","270","256","281","203","295","120","352","258","412","290","396","270","431","234","407","217","447","184","449","144","467","109","480","282","518","245","595","206","634","203","641","172","88","252"
"NO-0049-ND21-4-6R.dw.png","202","173","228","173","268","250","271","199","285","118","341","253","405","286","389","264","422","230","397","214","434","178","435","138","454","106","469","278","507","242","585","203","623","199","630","170","83","250"
"NO-0049-ND21-4-7R.dw.png","202","175","227","174","259","254","269","200","282","119","339","257","397","292","382","269","418","233","395","216","434","182","439","142","458","109","465","283","502","247","581","208","616","206","624","173","81","247"
"NO-0049-ND21-4-8R.dw.png","197","173","221","171","258","246","264","196","274","116","334","248","391","280","373","257","407","224","387","209","422","176","425","136","441","106","458","271","493","237","562","198","599","196","609","167","81","243"
"NO-0049-ND21-4-9R.dw.png","207","169","235","170","260","247","272","195","289","114","341","251","402","286","385","263","423","229","401","213","440","181","441","139","460","107","469","278","505","241","579","204","622","198","628","168","87","241"
"NO-0050-ND21-9-0R.dw.png","203","173","226","172","253","252","266","198","283","117","333","256","392","290","376","268","419","234","390","215","430","182","433","140","453","107","460","282","499","245","573","207","609","203","618","171","80","243"
"NO-0050-ND21-9-10R.dw.png","199","171","223","170","253","248","265","195","275","114","338","253","387","283","373","263","415","230","383","211","423","178","427","138","445","108","452","275","491","238","560","203","598","199","604","169","82","243"
"NO-0050-ND21-9-11R.dw.png","202","183","225","182","264","266","265","207","283","124","340","268","398","303","380","279","423","244","393","224","436","188","439","148","460","112","467","295","504","257","586","218","622","216","629","182","80","257"
"NO-0050-ND21-9-12R.dw.png","207","172","233","172","263","253","277","202","289","117","344","258","396","292","381","269","417","235","394","218","434","183","437","142","458","110","461","284","502","245","573","211","612","207","622","175","81","239"
"NO-0050-ND21-9-13R.dw.png","204","178","226","176","267","259","272","203","286","117","346","262","399","294","384","271","419","237","393","219","435","183","440","141","459","108","469","286","502","249","580","211","622","208","628","174","84","253"
"NO-0050-ND21-9-14R.dw.png","204","176","230","175","271","255","270","199","286","118","349","257","400","288","386","267","424","234","394","215","434","184","439","142","459","109","469","281","506","246","585","206","615","203","625","172","81","248"
"NO-0050-ND21-9-15R.dw.png","206","177","231","176","269","259","269","200","286","119","350","262","404","296","389","273","427","238","398","219","436","184","441","142","461","109","470","287","503","250","583","210","619","208","627","175","82","252"
"NO-0050-ND21-9-16R.dw.png","201","172","225","171","264","255","265","197","282","117","342","258","393","290","379","268","416","234","387","215","427","180","435","141","454","109","461","281","495","247","571","208","606","204","613","172","81","242"
"NO-0050-ND21-9-17R.dw.png","203","177","228","176","269","258","273","204","283","120","341","260","395","294","380","271","419","237","390","218","430","184","435","142","453","109","462","286","497","248","575","211","615","209","622","174","85","253"
"NO-0050-ND21-9-18R.dw.png","203","175","224","174","259","254","264","197","279","114","336","256","392","289","376","267","417","233","385","214","427","180","431","139","450","108","459","281","499","244","568","209","604","205","613","174","82","248"
"NO-0050-ND21-9-19R.dw.png","209","182","235","182","265","264","277","209","290","124","347","268","406","303","390","279","427","244","399","225","443","191","448","149","469","114","476","294","512","258","595","218","632","216","641","183","85","253"
"NO-0050-ND21-9-1R.dw.png","199","170","222","169","261","248","260","192","276","116","337","250","388","283","374","262","406","229","380","210","421","176","425","138","443","108","454","274","485","239","559","203","594","200","602","169","83","243"
"NO-0050-ND21-9-20R.dw.png","204","174","227","172","264","252","273","199","277","117","344","256","400","289","384","267","424","234","396","215","436","180","441","141","458","109","467","281","505","245","583","207","616","204","623","173","86","246"
"NO-0050-ND21-9-21R.dw.png","203","182","227","182","261","266","265","207","284","124","340","270","396","305","379","281","419","246","392","227","434","192","438","150","459","114","462","298","503","258","578","220","614","217","623","183","81","255"
"NO-0050-ND21-9-22R.dw.png","207","177","233","177","266","258","276","204","290","121","347","263","404","295","389","274","429","242","396","220","441","188","445","147","465","113","471","288","507","254","589","213","627","212","635","180","81","244"
"NO-0050-ND21-9-23R.dw.png","201","169","221","167","254","243","260","189","268","114","334","245","389","277","376","256","412","224","379","205","417","171","421","133","440","101","456","269","495","231","563","195","598","192","605","162","85","241"
"NO-0050-ND21-9-24R.dw.png","207","177","233","177","263","257","273","203","289","120","346","261","400","294","387","272","420","237","392","217","434","181","440","143","462","110","467","287","503","250","582","209","618","206","626","172","80","247"
"NO-0050-ND21-9-25R.dw.png","199","175","226","173","268","258","263","198","283","119","340","261","394","295","379","272","411","235","388","218","430","181","434","142","454","109","461","286","494","249","574","209","608","207","618","173","81","249"
"NO-0050-ND21-9-26R.dw.png","209","171","235","171","265","252","275","197","288","116","345","255","403","289","390","268","432","233","401","214","444","180","448","139","467","106","476","280","516","242","595","204","629","200","637","168","83","242"
"NO-0050-ND21-9-2R.dw.png","203","172","226","171","261","251","267","197","280","118","340","256","391","289","376","266","418","232","392","215","432","180","436","140","455","110","458","282","494","243","569","207","611","203","619","172","83","244"
"NO-0050-ND21-9-3R.dw.png","204","175","228","174","261","254","267","199","281","117","340","259","400","292","384","270","427","236","398","217","438","181","440","140","460","107","470","284","510","247","588","207","624","203","632","170","82","246"
"NO-0050-ND21-9-4R.dw.png","205","176","233","176","269","259","270","200","293","120","344","262","397","296","383","274","421","238","396","220","437","187","443","145","463","112","467","288","505","254","585","211","618","208","627","176","79","246"
"NO-0050-ND21-9-5R.dw.png","197","169","226","168","257","247","268","194","278","112","335","250","389","282","373","260","408","225","383","208","424","174","428","132","445","102","459","273","491","238","569","199","608","197","615","165","84","245"
"NO-0050-ND21-9-6R.dw.png","204","176","232","175","267","257","272","200","285","118","343","260","393","292","380","271","423","238","388","217","432","183","438","141","456","110","461","285","495","248","575","211","612","208","619","175","86","252"
"NO-0050-ND21-9-7R.dw.png","204","176","228","175","267","256","273","202","284","119","346","259","398","293","383","270","418","236","394","218","431","182","435","141","455","109","463","284","494","248","576","209","612","205","621","174","81","247"
"NO-0050-ND21-9-8R.dw.png","203","180","226","180","269","264","271","208","286","124","341","268","398","302","383","280","425","245","397","227","435","189","439","146","458","112","467","294","503","256","582","217","619","214","627","181","80","250"
"NO-0050-ND21-9-9R.dw.png","205","175","232","174","272","256","277","201","289","116","348","259","404","291","390","270","429","235","397","215","440","180","447","139","465","107","476","283","510","246","587","208","628","204","636","171","87","250"
"NO-0051-OM21-K6-0R.dw.png","209","179","235","178","265","259","271","201","294","122","352","263","411","295","396","273","438","238","415","222","452","185","454","143","473","111","478","286","518","249","600","209","630","208","637","174","87","253"
"NO-0051-OM21-K6-10R.dw.png","202","177","230","176","259","253","266","199","290","121","341","255","403","288","386","265","421","232","404","217","440","183","444","143","464","112","469","280","505","246","584","207","621","205","627","173","88","251"
"NO-0051-OM21-K6-11R.dw.png","200","182","227","181","263","263","265","204","283","125","346","267","402","298","388","277","429","243","405","226","443","190","447","149","462","117","473","290","509","254","581","217","617","213","624","182","86","259"
"NO-0051-OM21-K6-12R.dw.png","195","167","221","166","229","234","250","185","271","109","319","241","376","277","356","250","393","215","382","204","420","173","416","129","432","101","440","269","476","231","557","191","587","189","594","163","82","232"
"NO-0051-OM21-K6-13R.dw.png","193","168","223","167","255","243","262","191","281","113","338","247","392","278","378","257","420","223","395","206","428","174","431","136","449","104","459","270","495","234","569","197","603","195","612","165","84","241"
"NO-0051-OM21-K6-14R.dw.png","205","175","232","175","259","254","268","197","287","119","352","258","412","289","396","267","432","233","412","218","447","182","450","141","468","110","477","281","515","246","594","207","627","204","635","174","85","247"
"NO-0051-OM21-K6-15R.dw.png","203","166","230","166","251","237","266","188","286","114","339","242","396","273","380","251","421","220","403","204","435","171","438","134","456","104","464","265","499","230","576","195","614","192","622","163","84","231"
"NO-0051-OM21-K6-16R.dw.png","198","170","222","169","248","244","258","191","289","113","334","249","395","283","373","258","416","225","395","210","434","180","429","132","450","100","458","276","493","239","580","194","606","193","615","163","82","238"
"NO-0051-OM21-K6-17R.dw.png","200","173","228","173","258","256","266","197","285","117","346","260","404","292","390","271","429","236","408","221","444","185","449","143","467","110","475","284","509","250","587","210","627","206","633","175","80","246"
"NO-0051-OM21-K6-18R.dw.png","204","182","233","181","258","265","267","204","291","123","350","270","407","302","392","281","433","245","409","227","447","192","450","148","470","116","476","293","511","258","593","218","630","215","638","184","82","254"
"NO-0051-OM21-K6-19R.dw.png","196","178","222","177","243","255","258","198","279","121","338","262","395","294","378","271","417","236","395","220","430","188","428","140","445","108","460","286","497","250","570","208","605","205","611","173","85","252"
"NO-0051-OM21-K6-1R.dw.png","202","175","230","174","258","251","266","199","289","118","339","252","397","286","381","263","420","230","399","213","436","181","439","143","460","110","463","276","500","242","579","206","614","202","620","172","86","249"
"NO-0051-OM21-K6-20R.dw.png","206","178","234","177","255","257","270","199","292","119","348","262","407","294","392","274","433","238","412","222","448","186","452","144","468","114","476","287","513","252","589","211","625","207","632","178","85","252"
"NO-0051-OM21-K6-21R.dw.png","204","177","231","177","257","259","267","201","292","120","342","264","400","296","387","275","425","240","406","225","443","189","448","146","468","115","471","288","504","256","589","214","624","212","630","181","81","248"
"NO-0051-OM21-K6-22R.dw.png","204","182","231","182","264","263","270","206","286","125","349","267","405","297","391","277","432","243","407","224","444","191","447","150","464","118","474","290","510","254","588","217","622","214","629","187","85","255"
"NO-0051-OM21-K6-23R.dw.png","208","182","235","182","265","265","268","204","292","126","352","269","409","301","393","279","432","244","411","228","449","194","452","151","470","120","479","294","516","260","598","220","629","218","635","185","84","259"
"NO-0051-OM21-K6-24R.dw.png","200","171","228","170","257","250","264","193","283","115","339","254","397","287","382","265","426","233","397","213","436","181","442","140","459","110","465","279","501","245","579","206","615","204","622","176","83","243"
"NO-0051-OM21-K6-25R.dw.png","208","177","236","176","271","258","272","199","295","122","355","263","412","295","398","274","434","238","417","223","454","190","458","147","474","116","484","288","522","253","606","213","638","211","644","182","85","249"
"NO-0051-OM21-K6-26R.dw.png","202","177","229","176","257","256","267","199","283","122","346","260","403","292","390","272","427","236","406","221","444","186","448","145","465","114","474","285","510","249","592","208","623","205","630","176","81","248"
"NO-0051-OM21-K6-27R.dw.png","204","179","230","178","265","261","266","201","288","124","349","264","402","294","388","273","425","239","405","223","442","188","446","147","464","115","471","287","505","254","581","214","619","211","625","180","86","253"
"NO-0051-OM21-K6-28R.dw.png","204","173","231","173","262","253","269","199","288","118","347","256","402","287","389","267","431","234","407","217","441","186","446","144","465","113","470","281","507","248","589","209","623","208","630","178","87","245"
"NO-0051-OM21-K6-29R.dw.png","208","182","236","181","265","264","268","201","296","121","356","267","415","299","400","278","444","243","420","226","457","191","459","148","478","115","487","292","522","258","606","215","639","213","647","183","82","252"
"NO-0051-OM21-K6-2R.dw.png","203","183","230","181","260","262","263","201","286","124","348","264","407","298","390","276","429","240","407","224","442","187","443","145","462","111","474","289","509","254","589","212","621","209","627","177","85","261"
"NO-0051-OM21-K6-3R.dw.png","203","182","230","181","258","262","267","202","288","121","353","266","412","300","396","278","438","242","412","225","451","188","451","145","471","112","480","291","516","255","596","214","631","211","638","179","87","261"
"NO-0051-OM21-K6-4R.dw.png","209","183","238","182","272","264","271","203","291","124","354","268","410","301","396","278","432","241","414","227","450","190","452","147","469","114","477","291","515","256","598","215","629","213","637","180","89","260"
"NO-0051-OM21-K6-5R.dw.png","214","188","240","186","272","269","279","210","296","128","357","273","417","306","402","284","437","246","418","232","455","193","459","150","479","116","483","297","518","263","603","219","636","216","644","184","88","262"
"NO-0051-OM21-K6-6R.dw.png","207","185","234","184","263","265","269","206","292","125","348","267","411","300","395","278","432","243","410","227","446","192","447","147","467","114","476","292","513","256","595","212","626","209","632","177","84","260"
"NO-0051-OM21-K6-7R.dw.png","207","179","235","178","265","261","269","200","295","122","352","264","410","297","394","274","431","240","411","224","449","190","451","148","470","113","477","289","511","255","588","216","624","213","629","180","88","256"
"NO-0051-OM21-K6-8R.dw.png","205","181","229","180","269","259","269","203","281","123","346","263","405","296","388","273","426","237","406","222","444","185","449","144","466","111","476","287","512","251","592","211","623","208","633","178","88","257"
"NO-0051-OM21-K6-9R.dw.png","206","181","234","180","261","262","268","201","291","122","349","266","409","300","392","278","432","243","407","225","444","190","446","146","466","113","475","290","513","255","594","214","625","211","632","179","86","255"
"NO-0052-OOV21-K3-0R.dw.png","204","172","230","171","264","254","271","197","289","116","347","257","404","287","389","267","429","233","402","214","443","179","445","134","461","104","478","281","514","247","599","202","634","198","639","166","81","241"
"NO-0052-OOV21-K3-10R.dw.png","203","174","231","173","261","258","270","200","287","120","338","263","395","296","380","275","417","242","393","221","435","190","440","144","457","114","468","289","503","255","585","215","621","211","629","180","82","242"
"NO-0052-OOV21-K3-11R.dw.png","193","167","221","166","253","242","261","190","274","113","333","245","390","276","375","255","411","222","387","204","428","171","428","130","442","99","463","268","499","234","574","192","612","188","618","157","80","233"
"NO-0052-OOV21-K3-12R.dw.png","190","170","218","169","254","248","258","195","277","117","326","253","381","283","364","261","402","229","380","211","418","180","421","137","437","106","453","275","485","242","560","203","597","199","602","168","80","240"
"NO-0052-OOV21-K3-13R.dw.png","198","172","224","170","250","250","266","197","280","117","332","255","387","285","372","264","418","232","393","215","429","179","433","137","449","109","465","278","502","244","579","204","614","199","617","168","77","236"
"NO-0052-OOV21-K3-14R.dw.png","205","174","233","173","261","254","272","197","291","118","346","258","401","290","386","268","427","233","405","215","444","181","446","136","463","106","476","283","516","245","594","205","633","201","639","168","79","242"
"NO-0052-OOV21-K3-15R.dw.png","197","171","225","171","251","248","261","194","278","115","329","252","387","284","369","263","415","229","391","213","428","178","429","134","446","104","462","277","497","241","573","201","615","196","619","165","79","241"
"NO-0052-OOV21-K3-16R.dw.png","201","171","230","171","259","252","264","194","285","116","337","256","394","286","379","266","426","233","397","213","437","179","440","136","453","105","469","280","509","243","589","201","624","198","629","169","79","240"
"NO-0052-OOV21-K3-17R.dw.png","189","173","218","172","247","253","256","197","270","117","330","256","384","286","369","265","408","231","385","214","422","178","422","134","437","105","458","279","493","243","571","202","606","198","612","166","68","243"
"NO-0052-OOV21-K3-18R.dw.png","206","173","234","171","258","252","267","193","288","114","342","256","397","288","382","266","424","232","400","215","439","178","442","135","459","104","474","280","509","244","593","203","627","199","633","166","82","244"
"NO-0052-OOV21-K3-19R.dw.png","208","179","234","178","266","261","278","208","295","124","348","266","407","297","392","277","433","242","408","223","448","189","452","146","469","115","481","291","519","257","601","214","639","211","645","179","82","248"
"NO-0052-OOV21-K3-1R.dw.png","196","170","226","170","257","251","266","196","278","115","338","253","394","284","379","264","418","229","393","211","432","177","434","135","447","106","468","278","505","243","584","202","619","198","622","166","82","242"
"NO-0052-OOV21-K3-20R.dw.png","206","172","233","172","264","254","270","196","290","116","345","257","402","289","383","266","426","232","405","216","443","181","445","137","461","107","475","282","511","246","593","204","630","200","635","169","82","242"
"NO-0052-OOV21-K3-21R.dw.png","194","176","223","176","260","255","265","201","279","121","334","258","388","290","373","268","411","235","385","217","422","183","424","141","441","111","456","283","491","247","568","210","609","207","617","178","82","250"
"NO-0052-OOV21-K3-22R.dw.png","201","171","227","169","256","250","267","195","282","115","339","256","393","287","377","267","423","233","401","215","439","178","442","134","454","105","472","280","508","246","587","202","623","197","627","165","79","239"
"NO-0052-OOV21-K3-23R.dw.png","210","178","240","177","269","260","276","201","296","121","352","266","409","298","395","276","443","242","417","223","455","187","457","142","475","110","487","291","524","256","612","211","648","207","654","175","82","246"
"NO-0052-OOV21-K3-24R.dw.png","205","172","235","172","259","252","271","195","286","118","343","257","399","287","385","267","429","233","405","215","441","178","445","136","461","106","475","281","512","244","595","202","632","199","637","167","83","242"
"NO-0052-OOV21-K3-25R.dw.png","205","172","232","171","257","249","267","194","288","118","339","254","396","286","381","265","424","231","401","213","441","180","444","135","457","106","473","279","511","243","594","201","631","197","636","167","78","237"
"NO-0052-OOV21-K3-26R.dw.png","200","173","230","173","261","253","266","196","285","117","339","255","396","286","381","266","424","232","398","214","435","178","437","136","453","106","469","279","506","243","585","203","619","199","625","168","81","242"
"NO-0052-OOV21-K3-2R.dw.png","203","172","230","170","255","251","266","194","282","116","337","255","392","287","377","265","421","232","396","213","435","180","438","136","455","106","467","280","502","245","584","202","623","198","631","167","81","239"
"NO-0052-OOV21-K3-3R.dw.png","211","177","241","176","264","257","279","200","288","121","356","261","410","293","397","273","445","237","417","217","455","181","458","136","471","105","491","285","527","250","615","204","648","200","651","168","82","244"
"NO-0052-OOV21-K3-4R.dw.png","202","173","230","173","263","256","269","198","287","118","344","261","399","291","383","271","424","236","398","217","436","183","438","139","453","108","469","285","509","249","588","209","623","205","630","174","82","243"
"NO-0052-OOV21-K3-5R.dw.png","202","172","232","171","263","252","270","196","283","118","340","255","392","287","377","266","419","231","395","213","435","179","437","135","450","106","466","281","506","244","588","202","622","198","629","168","82","239"
"NO-0052-OOV21-K3-6R.dw.png","205","169","231","166","251","243","266","189","283","113","333","247","388","280","372","258","418","226","391","206","432","173","434","131","450","103","463","273","498","237","581","195","614","192","620","162","80","235"
"NO-0052-OOV21-K3-7R.dw.png","193","173","220","171","256","251","259","195","275","118","333","256","388","285","373","266","417","234","383","211","426","180","430","139","447","108","461","278","492","247","571","206","613","201","618","169","82","242"
"NO-0052-OOV21-K3-8R.dw.png","202","171","234","171","260","254","265","193","284","117","346","258","398","290","385","269","429","236","397","214","439","180","442","137","459","105","472","283","510","246","594","203","631","200","639","169","80","240"
"NO-0052-OOV21-K3-9R.dw.png","202","173","231","172","265","256","272","199","289","118","345","260","399","292","385","271","426","237","400","217","437","183","440","140","456","110","472","285","508","250","588","209","628","205","634","174","83","245"
"NO-0053-PRM11-358-2020-0R.dw.png","203","171","232","170","265","252","270","196","285","119","348","259","401","289","389","270","426","236","401","218","440","181","444","141","461","111","477","282","509","247","586","209","626","205","634","174","79","238"
"NO-0053-PRM11-358-2020-10R.dw.png","209","176","237","174","273","256","279","202","288","121","355","262","403","292","390","272","434","239","404","219","442","182","447","140","464","110","481","283","511","251","592","208","632","203","637","171","84","245"
"NO-0053-PRM11-358-2020-11R.dw.png","201","173","229","173","250","251","271","199","287","119","342","259","392","289","382","270","423","236","396","215","435","182","439","141","455","112","469","281","505","246","575","207","612","203","624","174","74","232"
"NO-0053-PRM11-358-2020-12R.dw.png","206","172","235","171","267","250","270","194","283","117","344","254","395","284","384","265","427","232","396","211","434","177","439","136","457","107","471","276","504","244","581","204","624","200","631","168","82","239"
"NO-0053-PRM11-358-2020-13R.dw.png","207","173","234","171","278","253","277","199","283","119","352","257","398","288","383","267","424","233","396","215","437","178","440","137","459","107","469","281","504","245","582","203","621","199","629","167","85","246"
"NO-0053-PRM11-358-2020-14R.dw.png","211","180","239","178","276","260","279","203","292","124","359","263","408","293","395","273","439","239","410","220","447","184","451","141","468","109","484","286","518","251","599","208","634","204","640","171","85","249"
"NO-0053-PRM11-358-2020-15R.dw.png","207","173","232","170","268","253","275","197","284","117","349","256","395","286","382","266","428","233","397","213","435","177","441","136","458","107","469","278","500","243","582","202","621","199","629","167","83","242"
"NO-0053-PRM11-358-2020-16R.dw.png","206","169","236","169","266","249","271","192","288","114","347","253","397","285","384","262","427","230","395","209","440","176","443","135","461","106","474","278","507","240","584","199","620","195","627","165","81","231"
"NO-0053-PRM11-358-2020-17R.dw.png","204","169","231","168","261","248","270","194","280","116","342","253","389","281","378","264","426","231","392","211","433","176","438","133","454","105","470","274","503","239","577","198","608","193","615","162","77","231"
"NO-0053-PRM11-358-2020-18R.dw.png","208","169","236","168","266","252","275","196","289","118","351","259","400","290","389","270","430","237","405","218","440","181","444","140","462","111","474","283","507","247","586","209","621","205","632","173","79","233"
"NO-0053-PRM11-358-2020-19R.dw.png","204","172","233","172","263","257","271","199","286","120","351","264","402","293","391","275","438","241","405","219","444","182","449","141","466","113","481","286","517","252","600","212","638","208","646","177","75","241"
"NO-0053-PRM11-358-2020-1R.dw.png","205","178","238","179","268","261","278","206","289","122","352","266","403","296","393","277","438","243","404","221","441","185","446","141","465","111","482","288","515","251","591","211","624","207","631","173","76","246"
"NO-0053-PRM11-358-2020-20R.dw.png","191","166","220","167","251","247","264","196","277","115","335","252","385","284","375","264","413","231","387","212","424","178","426","139","445","107","458","276","496","240","570","203","605","198","614","170","72","227"
"NO-0053-PRM11-358-2020-21R.dw.png","201","171","229","170","260","250","270","197","280","116","343","254","395","285","382","265","426","233","392","210","432","176","435","134","453","105","470","278","506","242","579","202","615","197","622","165","76","235"
"NO-0053-PRM11-358-2020-22R.dw.png","207","174","236","173","269","254","268","194","285","119","350","258","397","289","384","269","430","235","400","214","440","179","444","137","462","108","470","282","507","245","591","206","627","202","635","170","81","240"
"NO-0053-PRM11-358-2020-23R.dw.png","207","173","236","172","270","252","272","195","283","119","350","257","394","285","382","265","426","232","394","212","434","178","436","133","454","105","469","278","502","242","582","200","619","195","629","164","81","241"
"NO-0053-PRM11-358-2020-24R.dw.png","204","175","232","173","261","252","276","201","287","118","351","257","399","284","386","268","433","235","398","212","437","178","441","137","458","108","475","277","506","244","587","202","620","198","631","167","80","240"
"NO-0053-PRM11-358-2020-25R.dw.png","199","174","233","172","265","254","275","199","283","118","352","257","400","286","387","267","429","233","402","215","437","176","441","135","457","108","473","279","506","244","588","205","622","200","629","170","81","246"
"NO-0053-PRM11-358-2020-26R.dw.png","203","170","230","169","260","250","270","196","280","118","340","255","387","285","371","264","413","232","389","215","428","180","432","139","452","109","460","279","496","246","574","205","615","201","623","171","80","236"
"NO-0053-PRM11-358-2020-27R.dw.png","210","173","240","172","278","254","281","198","285","119","356","257","403","286","391","268","433","234","406","216","443","179","447","135","462","107","476","280","509","246","593","203","630","198","638","166","86","248"
"NO-0053-PRM11-358-2020-2R.dw.png","207","176","238","175","269","255","279","200","289","119","363","263","409","291","398","273","444","239","407","215","448","179","452","138","467","107","485","285","520","249","605","207","638","202","646","170","78","241"
"NO-0053-PRM11-358-2020-3R.dw.png","212","170","239","169","275","247","276","193","291","115","358","250","408","278","396","261","439","227","410","208","447","172","449","131","464","102","487","270","518","237","590","195","627","191","635","158","89","245"
"NO-0053-PRM11-358-2020-4R.dw.png","204","172","231","170","267","250","269","195","276","120","342","254","390","284","378","265","421","233","393","213","431","178","434","137","452","107","461","278","499","243","575","204","613","200","621","169","81","234"
"NO-0053-PRM11-358-2020-5R.dw.png","208","177","238","176","272","259","276","201","288","123","358","264","401","291","391","273","432","240","409","222","446","185","449","142","467","111","471","286","508","251","598","210","631","206","640","174","83","247"
"NO-0053-PRM11-358-2020-6R.dw.png","202","168","234","167","259","245","266","189","284","113","344","250","396","279","383","259","423","226","398","208","432","173","433","133","452","105","470","271","499","237","572","199","612","194","620","163","78","232"
"NO-0053-PRM11-358-2020-8R.dw.png","201","171","230","170","261","249","264","194","276","116","339","254","387","281","376","263","417","230","388","210","425","174","428","133","446","106","462","275","495","239","572","199","602","195","610","162","75","234"
"NO-0053-PRM11-358-2020-9R.dw.png","206","177","233","174","265","257","276","201","281","123","350","262","395","291","384","272","430","240","395","218","437","182","442","140","460","111","474","284","505","250","584","211","627","206","635","174","83","245"
"NO-0054-PRM53-137-2019-0R.dw.png","204","178","232","177","271","260","277","205","292","120","356","262","414","294","400","275","448","243","406","219","448","186","454","142","470","112","487","287","524","254","607","212","642","208","649","178","86","251"
"NO-0054-PRM53-137-2019-10R.dw.png","203","173","233","172","267","249","274","197","286","115","349","252","407","282","393","263","432","229","402","209","442","177","446","135","463","104","483","274","520","239","596","200","631","197","640","167","89","249"
"NO-0054-PRM53-137-2019-11R.dw.png","207","170","236","169","267","245","273","192","288","113","348","252","402","284","389","263","435","229","405","210","440","175","443","134","461","105","475","277","513","239","593","200","624","196","634","166","84","238"
"NO-0054-PRM53-137-2019-12R.dw.png","198","172","231","172","257","249","269","196","287","114","346","253","405","285","391","266","430","231","400","211","442","178","447","135","466","105","478","278","516","240","594","198","628","193","635","165","87","244"
"NO-0054-PRM53-137-2019-13R.dw.png","197","172","229","171","257","249","263","194","281","114","339","252","394","284","379","263","420","229","393","211","430","177","435","136","454","107","464","277","500","240","574","201","613","197","621","165","84","242"
"NO-0054-PRM53-137-2019-14R.dw.png","203","169","233","168","266","245","273","193","281","111","345","247","404","278","387","257","430","223","400","204","438","171","442","128","460","98","478","270","515","233","590","193","626","189","635","158","89","243"
"NO-0054-PRM53-137-2019-15R.dw.png","205","176","235","176","271","257","276","201","291","117","353","262","405","294","390","272","435","238","404","217","444","183","450","140","468","110","477","287","516","247","594","207","628","203","638","173","82","247"
"NO-0054-PRM53-137-2019-16R.dw.png","205","177","235","175","264","256","274","201","280","119","354","260","404","291","391","271","434","236","398","215","443","182","447","137","462","107","479","284","517","247","599","204","634","200","644","168","83","246"
"NO-0054-PRM53-137-2019-17R.dw.png","208","178","236","177","265","252","276","201","289","119","352","257","406","290","392","269","438","235","404","212","445","181","448","138","468","107","485","282","523","244","602","204","639","201","649","170","88","251"
"NO-0054-PRM53-137-2019-18R.dw.png","202","175","232","174","262","253","267","197","287","117","347","256","403","289","386","269","430","234","402","216","439","179","443","138","462","108","472","282","509","244","590","204","623","200","632","169","86","249"
"NO-0054-PRM53-137-2019-19R.dw.png","203","173","232","171","265","250","271","194","282","117","354","254","405","284","393","265","432","231","403","212","440","176","445","135","461","108","476","277","511","241","588","201","625","198","632","169","83","242"
"NO-0054-PRM53-137-2019-1R.dw.png","202","172","232","171","267","251","269","196","283","117","356","255","406","284","393","264","434","230","405","211","440","178","445","136","463","105","480","276","518","238","590","198","626","192","634","163","82","239"
"NO-0054-PRM53-137-2019-20R.dw.png","202","175","225","174","267","253","268","198","283","116","355","257","404","289","390","267","434","234","393","211","439","179","444","135","460","105","477","281","515","244","593","203","625","198","632","166","88","245"
"NO-0054-PRM53-137-2019-21R.dw.png","202","171","229","170","265","252","274","197","287","113","348","256","404","290","390","269","435","235","398","212","441","178","447","135","464","107","477","282","514","245","593","206","631","202","639","171","85","245"
"NO-0054-PRM53-137-2019-22R.dw.png","203","173","231","173","265","254","272","200","285","114","342","258","398","292","383","270","429","237","393","215","437","183","442","138","461","107","476","283","512","247","590","206","625","202","637","173","80","243"
"NO-0054-PRM53-137-2019-23R.dw.png","200","176","227","175","257","252","265","199","279","117","340","255","396","288","381","267","422","233","392","213","431","178","437","136","454","108","464","280","503","241","576","205","613","201","621","170","82","246"
"NO-0054-PRM53-137-2019-24R.dw.png","201","168","232","169","260","248","268","193","283","114","347","251","397","281","384","261","425","228","394","209","433","174","436","133","453","105","464","274","501","236","577","198","613","194","623","162","82","239"
"NO-0054-PRM53-137-2019-25R.dw.png","207","176","238","176","262","256","276","201","295","118","358","262","416","295","401","274","443","240","410","217","456","184","461","141","479","111","488","287","528","249","609","209","646","206","654","174","90","250"
"NO-0054-PRM53-137-2019-26R.dw.png","203","179","230","179","266","260","267","202","287","121","350","264","407","299","391","276","431","243","402","223","440","188","445","145","464","115","471","291","511","253","591","215","623","212","632","180","82","252"
"NO-0054-PRM53-137-2019-27R.dw.png","202","181","235","180","255","258","277","206","292","123","349","264","411","299","394","276","434","242","408","223","449","191","456","147","476","115","487","290","523","253","603","215","642","211","649","180","89","256"
"NO-0054-PRM53-137-2019-28R.dw.png","202","179","229","177","263","253","270","202","281","117","347","258","400","289","387","269","426","234","399","216","437","182","443","139","461","109","473","281","507","247","584","206","623","202","631","170","86","249"
"NO-0054-PRM53-137-2019-29R.dw.png","205","179","233","178","268","258","272","202","286","119","349","260","405","294","389","271","433","237","406","219","443","183","445","141","462","109","475","286","515","246","593","209","628","205","637","174","82","249"
"NO-0054-PRM53-137-2019-2R.dw.png","199","176","225","175","267","254","267","199","281","117","346","257","401","287","387","267","428","232","400","213","438","178","440","135","457","105","471","280","508","242","590","201","620","198","629","166","79","245"
"NO-0054-PRM53-137-2019-30R.dw.png","205","174","233","174","267","251","271","197","290","116","348","256","404","289","388","267","431","234","404","215","439","180","442","139","460","110","472","281","509","243","588","207","622","203","633","173","84","246"
"NO-0054-PRM53-137-2019-31R.dw.png","201","178","234","177","257","253","269","199","285","119","346","258","406","291","391","269","428","236","399","215","441","182","448","138","465","109","477","283","514","246","595","206","630","202","637","172","90","257"
"NO-0054-PRM53-137-2019-3R.dw.png","206","178","233","177","271","258","272","201","290","119","357","263","409","295","394","273","439","239","407","219","445","185","449","142","468","113","478","288","516","248","600","210","633","207","643","176","81","246"
"NO-0054-PRM53-137-2019-4R.dw.png","201","174","231","174","255","252","269","199","288","119","346","258","404","290","392","271","429","236","401","216","442","184","447","141","467","112","480","282","511","249","592","207","628","203","636","173","86","242"
"NO-0054-PRM53-137-2019-5R.dw.png","199","179","232","178","262","257","266","201","286","121","349","262","407","293","394","273","432","240","405","219","447","186","453","142","470","114","482","286","522","250","601","208","634","204","644","175","86","252"
"NO-0054-PRM53-137-2019-6R.dw.png","207","179","234","178","264","258","272","202","287","119","352","261","407","293","394","273","436","238","402","216","441","184","447","138","468","108","483","287","523","249","595","209","633","204","640","171","82","244"
"NO-0054-PRM53-137-2019-7R.dw.png","209","182","239","182","264","263","272","206","296","125","347","270","407","305","391","284","441","250","414","229","454","193","458","149","475","118","488","297","526","261","613","220","647","216","656","185","84","247"
"NO-0054-PRM53-137-2019-8R.dw.png","203","175","233","174","263","251","271","197","285","117","349","256","404","287","390","268","435","233","407","216","438","178","441","137","458","108","474","280","513","242","588","204","619","201","628","171","85","247"
"NO-0054-PRM53-137-2019-9R.dw.png","209","178","235","176","272","257","279","202","290","118","356","261","409","291","395","271","440","238","408","218","444","183","448","141","464","112","477","285","517","247","595","208","628","205","639","175","86","248"
"NO-0055-PRM55-149-2020-0R.dw.png","203","170","230","169","265","246","266","190","279","116","346","249","400","280","387","260","430","226","403","207","438","173","441","131","458","102","477","271","513","236","596","194","632","189","636","160","81","235"
"NO-0055-PRM55-149-2020-10R.dw.png","206","168","232","168","261","243","271","193","286","118","339","246","390","278","377","257","420","226","396","208","431","177","434","135","452","105","465","271","502","235","578","198","608","195","613","166","82","233"
"NO-0055-PRM55-149-2020-11R.dw.png","199","168","227","168","262","246","262","190","280","118","340","250","392","279","381","260","423","226","400","208","437","175","439","133","451","106","470","272","506","239","587","196","625","191","633","163","78","230"
"NO-0055-PRM55-149-2020-12R.dw.png","208","177","237","175","267","254","274","199","289","121","355","258","405","288","392","268","436","234","411","216","446","180","449","139","468","109","483","279","517","245","599","202","637","198","645","169","85","242"
"NO-0055-PRM55-149-2020-13R.dw.png","211","175","236","174","273","253","272","197","287","122","355","258","406","285","390","267","432","232","410","213","449","181","452","141","467","111","478","280","518","246","602","205","642","200","652","172","83","242"
"NO-0055-PRM55-149-2020-14R.dw.png","202","178","230","177","264","251","270","200","282","122","349","255","400","284","388","265","427","230","404","214","441","179","443","138","460","108","471","277","507","242","591","199","627","195","635","165","85","247"
"NO-0055-PRM55-149-2020-15R.dw.png","205","173","231","173","268","252","268","198","285","123","348","254","397","287","383","265","423","232","397","213","434","179","436","136","451","108","468","279","505","242","587","202","621","199","626","170","84","243"
"NO-0055-PRM55-149-2020-16R.dw.png","202","173","231","172","266","254","271","197","283","118","350","256","403","284","391","267","433","231","408","215","441","177","442","136","458","105","482","276","514","243","593","199","632","193","638","165","84","240"
"NO-0055-PRM55-149-2020-17R.dw.png","204","178","231","177","268","260","271","200","284","123","358","264","405","294","391","273","435","238","405","217","447","183","452","141","466","113","478","287","517","251","598","210","639","206","650","178","79","249"
"NO-0055-PRM55-149-2020-18R.dw.png","206","176","239","177","260","258","279","204","291","122","349","265","401","295","389","276","432","241","404","222","445","184","452","144","467","114","468","288","506","254","590","212","625","208","634","175","86","247"
"NO-0055-PRM55-149-2020-19R.dw.png","207","174","236","174","269","259","269","196","290","121","356","264","405","294","392","274","438","238","415","220","452","183","456","140","469","111","485","287","524","252","610","208","644","203","651","174","82","244"
"NO-0055-PRM55-149-2020-1R.dw.png","203","171","233","171","265","247","266","192","283","117","346","252","396","279","385","262","427","227","405","211","440","175","442","132","458","103","476","271","511","237","590","195","627","190","636","162","85","237"
"NO-0055-PRM55-149-2020-20R.dw.png","205","175","233","174","260","250","267","196","286","122","343","253","398","285","386","266","426","230","406","215","443","182","443","141","462","109","477","277","512","243","587","204","628","199","632","169","84","239"
"NO-0055-PRM55-149-2020-21R.dw.png","208","180","237","179","265","258","274","203","287","125","352","264","403","294","391","275","434","239","410","222","449","187","453","145","468","113","482","287","518","250","603","209","640","206","648","177","84","249"
"NO-0055-PRM55-149-2020-22R.dw.png","200","169","230","169","261","247","269","195","282","116","342","250","396","281","384","262","424","228","401","212","437","178","439","136","455","108","474","274","509","240","589","198","623","195","630","167","82","237"
"NO-0055-PRM55-149-2020-23R.dw.png","204","175","229","174","268","253","270","197","283","120","349","256","399","284","386","265","427","230","401","211","440","178","443","135","455","107","475","277","512","243","589","201","629","197","636","168","83","243"
"NO-0055-PRM55-149-2020-24R.dw.png","202","168","232","169","267","245","266","190","285","117","343","247","401","277","388","258","426","223","407","208","441","175","442","136","460","106","476","269","509","235","583","195","624","189","631","161","84","236"
"NO-0055-PRM55-149-2020-25R.dw.png","204","173","236","173","266","252","272","197","288","120","350","256","403","286","390","266","433","232","408","213","446","179","449","139","465","111","481","279","516","244","595","204","630","201","637","172","82","246"
"NO-0055-PRM55-149-2020-26R.dw.png","202","172","230","171","270","247","268","193","279","118","352","251","401","280","388","261","428","226","406","211","442","176","444","134","459","104","478","272","512","239","591","197","626","192","632","164","87","239"
"NO-0055-PRM55-149-2020-28R.dw.png","211","176","241","175","272","249","276","196","289","120","349","249","405","278","392","259","435","224","408","207","443","172","443","129","459","99","485","267","517","231","594","186","630","180","636","151","91","247"
"NO-0055-PRM55-149-2020-29R.dw.png","202","174","229","173","274","252","269","196","286","119","356","256","404","286","391","266","436","231","410","213","445","178","449","137","464","107","482","278","520","241","599","200","637","195","645","166","84","240"
"NO-0055-PRM55-149-2020-2R.dw.png","211","174","242","174","276","251","273","194","293","119","357","254","412","286","398","267","441","230","420","214","456","179","458","137","472","110","489","276","525","243","603","200","645","196","654","168","84","238"
"NO-0055-PRM55-149-2020-30R.dw.png","195","166","220","167","252","239","258","188","270","115","329","244","378","272","365","253","408","223","383","206","416","172","419","133","436","104","449","265","479","233","551","195","587","192","594","163","81","234"
"NO-0055-PRM55-149-2020-31R.dw.png","204","172","235","171","267","251","270","194","283","116","350","254","403","283","392","266","440","231","412","213","446","176","448","134","463","105","482","276","518","240","595","199","634","194","636","164","89","244"
"NO-0055-PRM55-149-2020-3R.dw.png","206","179","234","179","277","259","277","204","288","123","362","262","407","294","392","271","440","238","410","218","451","185","455","143","470","114","480","287","520","250","603","210","641","206","649","178","86","248"
"NO-0055-PRM55-149-2020-4R.dw.png","197","171","227","170","259","246","263","193","277","117","335","248","391","280","379","261","419","227","397","211","433","176","436","135","453","106","469","271","502","240","585","197","622","193","629","164","82","236"
"NO-0055-PRM55-149-2020-5R.dw.png","202","175","234","175","265","252","267","196","283","119","348","256","401","285","389","267","431","231","409","215","444","178","447","136","464","107","479","278","514","242","597","198","636","194","640","166","85","244"
"NO-0055-PRM55-149-2020-6R.dw.png","203","172","236","173","265","250","271","196","288","119","349","254","402","285","389","265","433","232","411","216","442","181","444","139","459","108","478","277","513","243","590","202","630","198","638","171","83","242"
"NO-0055-PRM55-149-2020-7R.dw.png","206","171","230","171","266","247","269","196","285","120","342","250","392","284","378","262","419","232","394","212","432","179","435","138","453","110","465","277","503","242","581","204","613","200","619","171","79","233"
"NO-0055-PRM55-149-2020-8R.dw.png","202","175","230","174","269","253","267","196","284","121","349","258","397","288","384","268","429","234","402","215","441","181","445","141","460","111","475","280","510","245","590","205","630","200","638","173","78","238"
"NO-0055-PRM55-149-2020-9R.dw.png","198","170","224","169","264","245","266","193","277","116","340","249","393","278","380","259","421","226","395","208","434","174","433","133","449","105","468","271","501","237","578","197","617","194","627","167","81","235"
"NO-0056-SEi21-D7-7-0R.dw.png","194","165","224","166","259","246","265","192","276","113","335","249","386","282","371","260","415","230","387","211","426","180","430","136","444","108","453","275","490","240","567","204","603","201","610","172","80","233"
"NO-0056-SEi21-D7-7-10R.dw.png","199","173","226","173","269","253","279","203","281","119","341","255","395","289","378","266","417","234","393","216","430","180","435","140","454","108","459","281","497","247","577","208","614","203","620","173","84","246"
"NO-0056-SEi21-D7-7-11R.dw.png","200","174","227","173","269","256","269","200","280","119","339","256","394","291","377","267","423","235","393","216","434","180","436","138","451","105","463","282","500","246","580","206","614","201","621","170","82","247"
"NO-0056-SEi21-D7-7-12R.dw.png","190","170","218","170","254","247","260","195","273","116","327","248","384","280","366","258","405","226","381","209","424","177","428","136","445","106","452","273","487","239","562","201","600","197","606","167","81","239"
"NO-0056-SEi21-D7-7-13R.dw.png","202","177","227","177","263","256","271","202","280","124","338","259","391","295","374","269","413","236","391","219","429","185","432","143","449","113","457","287","495","252","574","212","608","208","615","178","81","246"
"NO-0056-SEi21-D7-7-14R.dw.png","205","179","234","180","263","261","271","204","287","124","343","264","397","298","382","276","426","244","394","221","439","186","446","143","465","112","465","291","503","256","591","215","627","210","632","178","82","245"
"NO-0056-SEi21-D7-7-15R.dw.png","205","176","232","176","260","256","271","202","284","124","341","260","396","293","380","270","419","239","395","220","434","186","440","144","458","114","463","285","497","252","579","212","619","207","625","177","81","242"
"NO-0056-SEi21-D7-7-16R.dw.png","189","170","215","169","253","248","260","197","269","117","328","252","381","286","364","262","406","231","378","212","414","180","418","138","436","106","440","278","478","245","557","205","591","200","599","170","83","241"
"NO-0056-SEi21-D7-7-17R.dw.png","200","176","230","176","257","253","266","200","283","120","334","258","392","290","375","267","416","234","386","214","433","183","438","141","458","110","460","282","498","247","575","208","612","204","620","173","80","241"
"NO-0056-SEi21-D7-7-18R.dw.png","198","167","225","168","255","245","263","193","277","116","331","248","386","283","369","259","409","227","387","212","422","177","427","135","445","106","449","274","485","239","561","202","600","197","606","166","81","234"
"NO-0056-SEi21-D7-7-19R.dw.png","202","176","228","175","267","256","266","199","279","121","337","258","390","291","374","269","416","236","384","215","426","182","432","139","449","108","458","283","489","248","571","207","607","203","614","171","85","253"
"NO-0056-SEi21-D7-7-1R.dw.png","201","176","225","175","262","254","267","201","278","119","335","257","395","292","378","269","418","237","393","219","430","183","433","139","449","108","460","283","495","249","575","210","612","206","621","176","85","247"
"NO-0056-SEi21-D7-7-20R.dw.png","206","181","234","181","265","260","270","204","285","126","341","262","398","295","382","272","421","240","391","220","435","185","440","144","459","112","462","287","500","252","579","213","620","209","627","177","85","254"
"NO-0056-SEi21-D7-7-21R.dw.png","202","169","230","170","257","248","270","196","280","113","333","252","390","287","370","262","413","230","386","212","427","178","432","137","451","107","458","278","493","243","566","204","607","200","614","170","80","234"
"NO-0056-SEi21-D7-7-22R.dw.png","203","177","227","176","264","258","267","201","279","123","337","262","391","295","374","272","411","238","383","218","428","184","434","141","451","109","459","286","493","251","572","210","610","205","616","173","83","250"
"NO-0056-SEi21-D7-7-23R.dw.png","205","176","232","176","270","260","275","203","290","120","346","263","401","296","386","274","429","241","400","222","439","185","445","141","459","112","469","288","507","253","585","213","622","209","631","178","85","250"
"NO-0056-SEi21-D7-7-24R.dw.png","207","179","234","179","258","257","270","202","285","124","339","260","399","295","383","271","421","237","397","219","436","185","437","141","455","108","467","287","503","250","586","209","622","205","630","173","81","249"
"NO-0056-SEi21-D7-7-25R.dw.png","192","168","220","167","259","247","263","193","274","115","336","249","388","283","371","258","412","227","382","207","421","174","426","136","446","104","451","275","487","238","559","201","602","196","608","165","81","241"
"NO-0056-SEi21-D7-7-26R.dw.png","198","179","228","178","265","257","267","202","278","123","342","261","399","295","382","272","421","239","392","220","434","184","439","141","455","109","468","286","501","251","579","211","617","207","624","174","84","252"
"NO-0056-SEi21-D7-7-2R.dw.png","191","172","218","171","261","253","266","200","276","117","336","256","389","289","373","266","412","234","385","215","423","181","427","141","444","109","450","281","490","247","570","208","605","203","612","173","84","244"
"NO-0056-SEi21-D7-7-3R.dw.png","205","177","230","176","262","257","271","202","281","125","338","260","395","293","380","272","418","239","391","220","433","185","438","144","454","115","462","285","497","252","579","215","617","210","623","179","82","244"
"NO-0056-SEi21-D7-7-4R.dw.png","208","175","238","175","268","257","277","201","289","121","345","260","397","293","383","271","424","238","397","218","444","185","451","144","472","114","471","286","509","251","590","213","631","209","638","178","81","240"
"NO-0056-SEi21-D7-7-5R.dw.png","197","169","224","169","264","252","265","196","277","116","338","256","391","288","376","267","419","235","389","215","430","182","432","140","449","110","461","279","495","247","576","207","614","203","622","174","84","242"
"NO-0056-SEi21-D7-7-6R.dw.png","195","164","219","164","258","243","258","189","272","113","328","247","378","281","361","257","405","228","377","208","417","175","422","135","437","106","448","273","480","240","562","203","596","199","604","170","83","233"
"NO-0056-SEi21-D7-7-7R.dw.png","207","181","233","179","276","258","274","204","284","123","350","261","407","294","388","272","429","239","399","219","440","184","443","142","461","109","475","285","507","252","590","212","625","209","633","176","84","250"
"NO-0056-SEi21-D7-7-8R.dw.png","196","172","223","172","260","250","264","198","272","119","333","255","387","289","371","266","413","235","379","213","423","179","427","138","442","109","455","280","488","246","568","207","603","203","611","173","79","241"
"NO-0056-SEi21-D7-7-9R.dw.png","204","176","231","177","262","257","269","202","289","124","343","261","399","296","383","272","421","240","393","221","434","187","438","143","459","112","464","288","502","251","587","212","621","208","630","179","80","245"
"NO-0057-SEi21-E7-0R.dw.png","202","171","230","171","261","250","270","196","284","117","341","252","395","286","379","262","414","229","391","211","430","182","435","138","452","106","461","277","498","241","573","205","612","201","620","170","78","242"
"NO-0057-SEi21-E7-10R.dw.png","211","176","236","175","261","253","270","198","291","119","343","256","401","289","386","267","425","233","402","215","442","183","448","140","464","107","470","281","507","246","587","206","626","203","636","172","78","241"
"NO-0057-SEi21-E7-11R.dw.png","206","175","233","174","260","255","270","198","285","118","344","260","400","293","383","270","423","234","401","218","441","182","445","141","464","109","470","285","505","249","588","209","627","206","638","175","79","246"
"NO-0057-SEi21-E7-12R.dw.png","185","179","210","177","242","254","253","200","258","118","323","252","382","281","365","260","400","222","377","209","413","168","416","125","431","91","450","268","482","229","559","182","596","176","599","142","64","260"
"NO-0057-SEi21-E7-13R.dw.png","211","184","234","183","266","264","273","207","290","126","342","269","398","304","381","280","428","244","401","227","442","193","445","150","464","117","470","296","506","260","585","220","627","217","635","185","85","259"
"NO-0057-SEi21-E7-14R.dw.png","207","172","231","171","262","247","271","196","276","118","333","248","388","281","375","261","414","229","384","210","428","177","434","139","450","107","457","274","494","240","569","202","608","198","613","169","83","238"
"NO-0057-SEi21-E7-15R.dw.png","202","175","227","173","264","253","267","199","278","120","340","256","393","290","376","267","417","234","394","217","435","182","439","141","457","109","464","282","498","247","582","207","625","203","630","173","82","246"
"NO-0057-SEi21-E7-16R.dw.png","208","178","237","178","267","257","272","201","285","124","347","261","402","294","387","273","421","237","400","224","441","184","446","142","462","110","466","287","502","253","583","210","622","206","629","176","86","252"
"NO-0057-SEi21-E7-17R.dw.png","205","175","231","175","268","254","271","201","278","121","339","256","391","289","376","266","411","234","389","217","427","181","431","140","449","108","457","281","490","246","569","206","606","203","611","172","81","244"
"NO-0057-SEi21-E7-18R.dw.png","209","176","232","175","266","256","274","201","278","121","337","258","391","292","378","271","417","236","392","218","434","182","440","141","453","107","464","285","498","250","580","209","616","205","623","174","86","248"
"NO-0057-SEi21-E7-19R.dw.png","211","177","234","177","260","259","274","203","292","121","339","262","399","299","381","275","423","240","400","222","443","187","446","146","467","112","468","291","505","253","582","216","624","213","633","180","82","251"
"NO-0057-SEi21-E7-1R.dw.png","203","177","231","176","263","252","270","199","280","120","340","257","398","291","381","267","419","232","398","217","438","180","442","139","458","105","470","283","503","248","587","205","625","201","634","170","79","244"
"NO-0057-SEi21-E7-21R.dw.png","207","178","231","177","266","257","274","202","286","123","343","260","407","294","389","272","423","237","403","221","443","184","448","145","464","113","471","287","507","252","592","212","631","208","639","178","85","250"
"NO-0057-SEi21-E7-22R.dw.png","204","175","226","175","258","256","267","201","282","121","334","259","393","293","376","270","411","234","393","221","433","185","436","144","455","112","461","286","494","251","570","211","611","208","619","178","83","250"
"NO-0057-SEi21-E7-23R.dw.png","212","176","234","176","272","256","273","202","284","121","342","259","397","293","383","270","421","236","400","220","437","184","440","140","455","108","470","285","507","248","585","209","623","205","630","175","82","245"
"NO-0057-SEi21-E7-24R.dw.png","204","171","228","169","264","246","264","191","283","115","339","249","393","281","377","257","411","225","387","207","431","175","434","134","453","101","460","273","492","239","570","198","610","195","618","163","80","241"
"NO-0057-SEi21-E7-25R.dw.png","203","173","228","172","256","252","262","195","285","117","334","254","395","290","376","265","419","230","393","214","436","180","438","140","457","108","464","281","498","244","574","206","614","202","619","170","80","249"
"NO-0057-SEi21-E7-26R.dw.png","206","171","234","170","267","248","274","195","285","117","348","251","400","282","385","260","423","226","399","209","436","176","440","135","457","104","470","273","503","238","576","200","618","196","628","166","82","242"
"NO-0057-SEi21-E7-27R.dw.png","200","176","227","175","265","254","269","200","283","118","339","257","401","289","384","267","418","232","393","215","434","179","438","139","455","107","472","280","503","248","588","205","625","202","632","171","85","248"
"NO-0057-SEi21-E7-2R.dw.png","203","170","228","169","264","246","266","193","278","116","338","248","391","282","375","259","410","225","388","209","429","174","433","134","447","101","463","273","496","239","576","199","615","195","624","166","80","239"
"NO-0057-SEi21-E7-3R.dw.png","206","171","229","171","261","249","272","197","282","116","340","252","396","286","381","263","419","229","398","214","440","177","441","137","457","104","464","280","501","244","584","202","626","199","635","168","82","240"
"NO-0057-SEi21-E7-4R.dw.png","205","178","231","178","261","261","272","206","287","124","340","265","400","300","382","277","427","241","400","223","443","189","447","147","466","113","471","291","506","256","589","215","630","212","639","180","83","253"
"NO-0057-SEi21-E7-5R.dw.png","203","169","229","170","258","246","267","193","281","116","332","249","388","281","374","259","412","228","388","210","427","177","433","136","450","104","458","273","491","239","566","200","609","197","613","166","77","235"
"NO-0057-SEi21-E7-6R.dw.png","207","180","233","180","267","259","274","204","292","122","346","261","400","293","385","271","423","237","397","220","438","184","439","141","459","107","467","285","506","248","588","208","624","206","634","175","87","253"
"NO-0057-SEi21-E7-7R.dw.png","203","176","226","175","260","256","263","199","285","120","337","261","396","295","379","272","420","236","395","219","436","187","440","144","460","109","465","287","501","251","583","211","626","207","633","176","80","247"
"NO-0057-SEi21-E7-8R.dw.png","204","170","231","170","261","248","264","192","286","115","338","252","395","287","378","263","417","229","392","211","433","177","437","137","454","103","462","278","497","244","580","204","618","200","627","170","81","239"
"NO-0057-SEi21-E7-9R.dw.png","209","175","233","174","262","252","272","199","279","119","334","253","391","288","376","265","418","233","393","213","432","183","438","141","455","107","460","280","497","245","574","205","615","201","619","170","82","241"
"NO-0058-SRM21-B-0R.dw.png","202","173","229","173","263","253","268","197","282","118","341","256","397","289","383","269","426","234","394","213","434","183","439","140","456","110","464","280","499","247","583","209","616","206","626","176","85","248"
"NO-0058-SRM21-B-10R.dw.png","199","170","226","169","260","251","261","192","283","116","338","255","394","286","374","264","419","232","390","212","432","180","435","138","452","109","460","279","494","242","576","206","615","203","625","173","79","242"
"NO-0058-SRM21-B-11R.dw.png","201","171","228","171","262","246","266","195","282","118","343","250","398","281","386","261","424","229","399","211","436","178","438","136","454","105","473","274","505","243","590","202","622","198","629","170","81","240"
"NO-0058-SRM21-B-12R.dw.png","199","171","226","171","255","248","263","194","283","116","341","255","397","285","384","266","424","233","399","213","436","181","438","138","455","106","469","278","503","244","583","204","617","200","626","172","79","240"
"NO-0058-SRM21-B-13R.dw.png","199","172","227","172","258","253","265","197","282","118","345","259","397","290","384","270","429","239","395","215","434","183","436","140","454","110","466","283","500","248","584","208","620","204","627","175","81","244"
"NO-0058-SRM21-B-14R.dw.png","191","164","218","164","248","243","249","186","269","114","327","248","379","279","366","258","411","228","380","205","418","175","421","136","436","109","450","271","486","235","557","200","595","196","603","168","76","233"
"NO-0058-SRM21-B-15R.dw.png","198","174","223","173","258","254","258","196","278","119","337","259","389","290","375","270","415","237","387","217","427","184","432","141","448","111","458","283","490","250","572","211","612","208","621","178","79","243"
"NO-0058-SRM21-B-16R.dw.png","203","177","232","176","267","256","270","200","285","121","346","259","401","289","389","271","431","237","398","215","440","186","443","141","461","109","471","283","505","249","589","207","623","204","631","175","84","250"
"NO-0058-SRM21-B-17R.dw.png","200","170","231","171","265","254","265","194","283","118","343","257","399","290","386","270","429","237","401","217","438","182","443","141","459","111","471","283","509","248","586","208","620","205","628","174","83","241"
"NO-0058-SRM21-B-18R.dw.png","204","172","232","171","266","250","269","195","287","117","344","254","400","284","386","265","429","231","398","211","437","178","441","137","458","106","473","277","511","242","592","203","629","200","637","172","83","240"
"NO-0058-SRM21-B-19R.dw.png","191","171","216","171","250","249","252","193","271","116","327","252","380","283","367","263","410","232","377","210","415","179","417","138","438","108","449","275","478","243","560","204","597","201","604","171","77","242"
"NO-0058-SRM21-B-1R.dw.png","202","173","227","172","257","252","264","196","282","118","339","255","394","287","381","268","423","235","395","215","429","182","434","141","453","109","462","280","495","247","573","208","616","204","624","176","80","241"
"NO-0058-SRM21-B-2R.dw.png","196","167","226","168","256","246","261","192","275","117","337","251","391","280","378","262","419","230","390","210","427","176","430","137","445","107","459","273","491","241","567","201","604","197","614","168","79","233"
"NO-0058-SRM21-B-3R.dw.png","198","169","227","169","256","250","264","192","281","113","343","254","395","283","382","263","423","228","397","210","434","178","439","136","454","107","465","275","500","241","580","202","614","199","623","169","85","241"
"NO-0058-SRM21-B-4R.dw.png","196","173","220","172","252","251","255","195","271","119","329","254","388","288","374","267","416","235","386","214","423","181","425","141","441","111","456","280","489","245","567","209","602","205","611","175","80","248"
"NO-0058-SRM21-B-5R.dw.png","196","174","222","173","257","250","260","197","271","118","339","254","392","284","378","265","420","233","391","213","428","180","433","138","449","108","465","276","496","244","579","205","615","203","623","175","84","248"
"NO-0058-SRM21-B-6R.dw.png","194","168","221","167","255","245","258","191","273","114","333","248","388","279","375","260","418","228","388","208","424","176","427","134","445","104","459","272","489","240","573","200","609","197","617","168","81","238"
"NO-0058-SRM21-B-7R.dw.png","196","172","225","173","260","253","259","195","278","119","338","257","395","291","378","270","424","238","394","216","430","183","434","142","450","112","464","283","501","246","577","210","612","207","620","178","84","250"
"NO-0058-SRM21-B-8R.dw.png","206","170","232","169","264","250","270","194","285","118","345","255","403","285","390","266","430","231","404","214","441","179","444","138","462","105","476","278","512","243","589","203","625","198","632","168","84","238"
"NO-0058-SRM21-B-9R.dw.png","198","166","227","166","261","243","262","190","280","114","336","248","391","279","379","260","419","227","394","209","432","177","435","135","451","106","463","273","490","241","577","199","616","196","625","168","81","234"
"NO-0059-SS21-135-2019-0R.dw.png","202","169","233","170","263","253","267","194","287","114","345","257","401","287","385","266","428","232","397","212","441","181","445","139","464","108","473","280","508","244","587","204","629","200","636","170","80","243"
"NO-0059-SS21-135-2019-10R.dw.png","200","172","223","170","256","250","262","194","281","117","339","254","398","285","382","265","418","232","393","213","430","179","437","141","455","112","464","279","500","242","576","206","616","203","625","177","84","244"
"NO-0059-SS21-135-2019-11R.dw.png","202","181","229","181","263","262","260","203","285","126","340","266","397","300","379","276","418","241","391","222","431","189","437","145","457","113","462","293","499","255","580","215","615","211","624","179","81","253"
"NO-0059-SS21-135-2019-12R.dw.png","204","178","230","177","259","257","266","201","285","122","340","262","393","293","379","272","420","240","388","217","427","186","433","144","452","114","463","285","498","253","575","211","612","206","620","177","79","243"
"NO-0059-SS21-135-2019-13R.dw.png","205","179","235","179","258","258","266","202","285","125","337","262","395","296","380","273","417","239","388","218","430","187","436","144","456","114","463","289","499","253","579","212","617","209","627","179","79","247"
"NO-0059-SS21-135-2019-14R.dw.png","197","173","223","172","255","251","260","196","276","118","329","254","389","288","370","263","416","233","386","214","425","180","428","137","446","107","455","280","490","242","565","206","603","201","609","168","79","245"
"NO-0059-SS21-135-2019-16R.dw.png","204","176","230","175","265","256","271","202","281","121","345","261","400","291","386","272","429","237","395","216","433","181","437","140","457","110","466","284","504","247","582","207","618","203","624","170","79","244"
"NO-0059-SS21-135-2019-17R.dw.png","205","177","232","176","261","257","267","199","286","124","342","261","403","294","386","271","426","240","398","219","441","188","446","144","463","115","471","287","509","250","589","211","628","207","638","178","80","246"
"NO-0059-SS21-135-2019-18R.dw.png","196","173","224","172","253","252","261","195","280","116","339","256","396","288","379","266","419","231","393","214","430","180","434","139","451","109","462","280","497","243","573","206","613","203","622","173","83","249"
"NO-0059-SS21-135-2019-19R.dw.png","196","175","223","174","249","250","266","199","275","116","334","255","391","289","378","268","418","233","388","215","423","176","431","134","449","103","458","281","492","245","578","202","610","199","617","165","79","243"
"NO-0059-SS21-135-2019-1R.dw.png","204","178","231","177","263","260","268","201","284","123","342","264","397","297","382","275","422","242","395","222","434","189","438","147","455","117","464","289","499","253","577","216","611","213","619","182","85","251"
"NO-0059-SS21-135-2019-20R.dw.png","199","177","227","177","256","258","262","201","283","121","334","260","396","294","380","272","415","238","386","218","430","185","434","141","456","110","464","286","499","251","578","210","617","207","627","175","78","245"
"NO-0059-SS21-135-2019-21R.dw.png","200","173","226","172","259","251","263","196","282","116","337","255","393","288","376","264","415","231","387","211","425","179","429","138","449","106","457","280","495","244","573","204","608","201","618","170","80","243"
"NO-0059-SS21-135-2019-22R.dw.png","199","174","228","174","263","258","264","198","284","117","345","262","398","294","379","270","420","237","392","217","433","182","437","141","456","108","463","286","499","249","577","208","618","204","625","172","81","248"
"NO-0059-SS21-135-2019-23R.dw.png","193","177","224","177","256","257","254","199","276","121","331","258","388","292","371","269","407","234","383","216","423","181","426","139","444","106","449","285","488","248","567","208","605","204","616","174","79","248"
"NO-0059-SS21-135-2019-24R.dw.png","198","178","225","178","257","256","259","201","277","124","332","260","389","295","374","272","410","239","384","219","426","185","431","145","451","113","456","288","492","250","570","212","611","208","622","178","76","243"
"NO-0059-SS21-135-2019-25R.dw.png","197","178","225","178","252","255","257","200","279","123","330","258","389","292","372","269","410","235","382","214","426","183","429","141","447","109","453","285","492","246","568","209","607","205","617","176","80","246"
"NO-0059-SS21-135-2019-26R.dw.png","200","177","229","178","259","256","263","201","281","123","333","259","389","294","372","270","410","236","383","216","423","184","424","143","443","111","452","286","490","246","567","211","605","207","617","178","81","247"
"NO-0059-SS21-135-2019-27R.dw.png","208","182","235","180","270","265","267","201","287","123","348","267","403","300","387","278","429","242","398","221","437","185","443","143","460","112","465","292","502","252","580","215","613","211","623","178","87","261"
"NO-0059-SS21-135-2019-28R.dw.png","208","180","235","179","267","262","272","202","293","121","350","266","407","299","391","276","433","242","403","221","448","187","454","144","473","113","477","291","512","255","593","214","635","210","647","179","82","251"
"NO-0059-SS21-135-2019-29R.dw.png","193","176","221","176","257","255","256","199","275","119","328","257","388","291","370","268","406","232","384","215","421","179","425","140","442","109","452","283","488","245","563","208","604","204","613","174","81","251"
"NO-0059-SS21-135-2019-2R.dw.png","211","182","239","181","269","265","274","205","294","125","350","270","408","304","393","283","437","247","409","226","448","190","455","150","475","119","478","296","514","257","592","219","629","215","638","183","84","253"
"NO-0059-SS21-135-2019-3R.dw.png","198","170","226","170","258","250","262","194","282","116","336","254","390","285","375","265","416","232","387","212","427","180","432","140","449","111","458","278","494","242","567","205","607","202","617","176","82","242"
"NO-0059-SS21-135-2019-4R.dw.png","201","178","228","177","256","255","263","201","278","123","331","259","390","290","376","269","416","236","385","213","426","183","431","142","451","112","460","283","493","249","575","208","614","205","624","176","77","242"
"NO-0059-SS21-135-2019-5R.dw.png","206","177","232","177","265","257","271","201","287","122","351","261","408","294","392","272","431","238","398","217","440","184","446","142","462","114","477","286","514","250","592","210","630","207","640","179","83","245"
"NO-0059-SS21-135-2019-6R.dw.png","204","172","234","173","268","257","264","194","288","116","346","262","398","293","382","272","429","238","395","215","445","185","450","140","467","111","473","285","509","249","590","210","632","208","641","176","77","244"
"NO-0059-SS21-135-2019-7R.dw.png","201","176","228","175","260","257","268","200","282","119","344","262","398","295","384","273","428","241","391","218","430","182","435","140","454","109","463","289","503","249","582","210","615","206","622","173","81","244"
"NO-0059-SS21-135-2019-8R.dw.png","215","168","241","168","271","250","278","193","295","115","350","253","407","286","392","264","435","233","405","211","442","179","448","140","465","113","474","279","511","244","587","205","621","201","631","174","94","235"
"NO-0059-SS21-135-2019-9R.dw.png","198","177","226","177","256","257","263","202","279","124","333","260","387","295","371","271","411","239","383","218","425","186","430","144","450","113","457","287","493","250","573","211","614","208","624","178","75","241"
"NO-0060-SS21-18-2020-0R.dw.png","210","184","237","184","273","267","271","205","290","127","358","271","410","304","395","281","437","246","401","225","445","188","450","146","471","112","477","295","514","258","594","216","627","212","637","177","88","260"
"NO-0060-SS21-18-2020-10R.dw.png","204","177","233","177","264","255","265","198","283","121","341","258","396","293","379","269","420","235","391","216","435","179","437","136","453","105","468","284","503","248","584","208","623","204","633","173","84","248"
"NO-0060-SS21-18-2020-11R.dw.png","199","174","228","174","256","252","267","199","279","119","337","255","396","289","381","267","426","236","391","214","430","179","433","139","450","109","469","280","500","247","577","207","619","202","625","171","81","244"
"NO-0060-SS21-18-2020-12R.dw.png","207","181","236","181","269","263","275","205","288","124","353","267","406","300","391","278","432","244","401","223","443","188","448","141","467","108","471","293","509","254","595","213","629","208","639","174","87","255"
"NO-0060-SS21-18-2020-13R.dw.png","210","181","239","181","268","261","269","202","288","124","350","266","405","298","389","275","435","243","406","223","447","187","448","144","469","111","477","291","516","253","594","213","634","209","643","177","83","247"
"NO-0060-SS21-18-2020-14R.dw.png","210","185","239","184","278","268","278","210","291","129","359","272","411","306","394","282","440","247","405","225","449","189","455","146","475","113","481","297","520","258","600","216","636","213","647","178","87","257"
"NO-0060-SS21-18-2020-15R.dw.png","208","173","236","172","264","249","275","196","289","119","347","253","403","284","388","262","425","230","402","213","443","178","447","139","463","108","470","276","505","242","585","205","627","201","634","170","84","239"
"NO-0060-SS21-18-2020-16R.dw.png","209","178","237","179","263","255","273","202","287","122","343","258","401","292","385","269","425","236","396","217","438","186","438","140","455","107","468","284","503","248","576","208","623","203","632","171","82","245"
"NO-0060-SS21-18-2020-17R.dw.png","206","179","235","179","263","260","265","200","284","122","342","262","398","295","380","274","419","238","394","220","431","184","435","143","452","113","459","288","495","252","566","213","606","209","615","177","84","252"
"NO-0060-SS21-18-2020-18R.dw.png","205","177","236","179","261","255","273","202","284","123","344","259","399","293","382","270","423","237","395","219","437","183","440","141","455","108","465","285","500","248","576","210","617","206","625","174","83","244"
"NO-0060-SS21-18-2020-19R.dw.png","205","173","236","173","258","250","271","195","286","119","341","254","403","288","386","264","430","232","402","212","442","178","443","137","460","104","471","279","505","243","580","204","624","199","632","168","81","240"
"NO-0060-SS21-18-2020-1R.dw.png","205","182","235","182","268","267","268","204","291","121","351","272","402","305","386","282","428","245","394","223","446","194","454","147","474","113","474","296","509","258","594","218","634","215","643","181","79","260"
"NO-0060-SS21-18-2020-20R.dw.png","205","182","231","180","264","263","269","202","288","123","350","265","408","298","391","275","434","241","401","220","442","184","449","144","465","114","474","290","513","252","596","213","631","210","643","180","86","258"
"NO-0060-SS21-18-2020-21R.dw.png","204","179","228","179","268","257","272","203","276","124","343","258","399","293","383","270","419","235","393","217","434","181","441","140","458","108","466","284","502","248","582","208","618","203","626","171","84","252"
"NO-0060-SS21-18-2020-22R.dw.png","205","182","232","181","265","261","271","204","285","125","352","265","401","297","387","275","429","241","400","222","440","187","443","144","462","111","467","288","506","252","584","212","618","208","627","175","85","253"
"NO-0060-SS21-18-2020-23R.dw.png","200","175","227","175","260","255","264","198","281","117","343","260","400","293","384","272","423","236","393","218","428","181","435","139","454","108","461","286","498","248","584","207","618","203","623","170","80","245"
"NO-0060-SS21-18-2020-25R.dw.png","209","174","235","173","267","251","269","194","289","120","349","254","403","286","388","264","424","231","400","213","440","179","445","139","463","106","469","279","506","244","582","205","625","200","635","169","87","243"
"NO-0060-SS21-18-2020-26R.dw.png","201","179","231","179","262","259","269","204","279","124","343","264","401","296","385","274","432","242","398","221","438","186","440","145","457","113","472","287","507","251","581","213","624","208","631","177","84","253"
"NO-0060-SS21-18-2020-28R.dw.png","210","190","238","188","273","270","280","212","290","130","358","273","413","307","397","283","438","248","409","229","449","193","453","148","473","114","482","298","518","262","600","218","635","215","644","181","90","267"
"NO-0060-SS21-18-2020-29R.dw.png","203","172","233","172","257","251","269","196","283","120","340","252","397","285","380","262","420","230","392","212","433","180","439","139","455","106","463","277","494","242","573","204","615","199","621","169","81","237"
"NO-0060-SS21-18-2020-2R.dw.png","205","176","234","176","261","252","273","200","284","121","344","256","397","289","380","265","423","234","392","214","432","180","436","140","453","108","463","280","495","245","573","208","615","204","620","172","84","246"
"NO-0060-SS21-18-2020-30R.dw.png","206","186","234","185","264","264","272","208","290","128","349","268","407","302","391","278","430","245","406","228","444","190","449","147","468","113","476","293","510","256","592","216","628","211","636","178","87","257"
"NO-0060-SS21-18-2020-31R.dw.png","197","176","227","177","265","261","262","199","284","118","344","264","398","297","381","274","419","238","391","219","434","185","439","143","459","108","463","290","502","249","581","211","622","208","631","175","77","253"
"NO-0060-SS21-18-2020-3R.dw.png","207","176","236","177","266","255","270","199","290","122","340","259","400","292","382","270","426","236","401","218","441","180","445","137","461","105","469","284","504","248","585","207","627","203","636","169","85","244"
"NO-0060-SS21-18-2020-4R.dw.png","211","183","237","182","268","266","274","205","298","123","354","271","408","304","393","282","438","244","406","224","449","188","455","147","473","113","480","295","518","258","598","217","633","213","642","181","88","259"
"NO-0060-SS21-18-2020-5R.dw.png","207","179","237","178","265","260","277","203","287","118","353","267","406","299","391","276","437","240","403","218","445","183","449","142","467","109","477","290","512","253","593","212","634","208","642","176","83","256"
"NO-0060-SS21-18-2020-6R.dw.png","204","184","235","182","262","263","277","208","285","124","349","269","403","302","388","279","432","244","404","224","443","187","448","145","464","112","475","293","512","257","592","217","638","213","646","179","82","257"
"NO-0060-SS21-18-2020-7R.dw.png","200","178","228","177","259","258","264","201","281","121","336","261","396","294","378","270","414","236","387","216","430","183","433","142","452","110","462","286","498","249","579","210","614","207","624","177","78","246"
"NO-0060-SS21-18-2020-9R.dw.png","202","170","232","172","257","250","267","194","282","118","336","254","395","288","378","265","420","234","391","213","434","176","440","136","457","104","459","280","498","244","580","204","619","200","626","168","80","237"
"NO-0061-SS55-107-2020-0R.dw.png","202","171","228","170","259","246","270","198","283","121","335","248","386","280","373","260","415","229","389","211","424","179","430","140","450","109","460","273","490","243","569","201","601","197","610","169","86","234"
"NO-0061-SS55-107-2020-10R.dw.png","195","167","226","167","254","246","268","195","279","117","339","248","387","279","374","259","418","227","389","208","428","179","433","138","450","106","461","273","496","238","573","199","612","195","622","167","78","232"
"NO-0061-SS55-107-2020-11R.dw.png","203","160","232","160","264","237","273","186","281","109","342","238","393","271","380","250","421","218","395","200","427","169","433","128","453","98","468","262","499","231","575","189","609","186","615","156","87","226"
"NO-0061-SS55-107-2020-12R.dw.png","196","168","225","168","261","248","269","195","280","117","344","248","397","277","387","260","426","225","395","206","434","173","438","133","456","101","474","269","505","239","583","192","622","188","628","157","81","233"
"NO-0061-SS55-107-2020-13R.dw.png","192","163","218","164","247","238","263","189","270","116","334","241","384","270","371","252","417","223","383","201","417","172","419","132","434","102","458","263","488","231","561","190","594","186","600","155","77","229"
"NO-0061-SS55-107-2020-14R.dw.png","193","168","221","168","255","242","265","195","266","117","334","243","379","272","366","253","403","221","382","206","414","175","417","134","432","103","447","264","482","234","557","191","592","188","598","160","85","231"
"NO-0061-SS55-107-2020-15R.dw.png","199","170","231","170","256","249","263","193","284","119","344","252","396","282","383","265","424","229","399","212","434","179","438","139","456","110","469","275","503","243","582","201","616","197","622","168","86","239"
"NO-0061-SS55-107-2020-16R.dw.png","198","173","230","172","266","248","271","198","284","120","345","250","396","279","384","260","422","228","398","212","432","179","437","140","455","108","466","272","502","240","580","198","615","195","622","166","86","240"
"NO-0061-SS55-107-2020-17R.dw.png","198","167","227","167","256","247","268","193","280","115","338","249","389","279","377","260","421","228","391","208","425","178","430","135","445","105","463","272","497","239","569","198","601","194","607","164","86","233"
"NO-0061-SS55-107-2020-18R.dw.png","190","167","220","167","245","241","258","191","272","118","322","244","376","275","363","255","407","223","379","204","418","175","419","137","436","105","449","267","482","234","555","195","596","192","604","164","77","230"
"NO-0061-SS55-107-2020-19R.dw.png","201","172","230","172","262","250","266","196","283","118","339","251","393","284","379","262","419","231","392","212","430","181","436","140","455","107","463","278","499","243","578","203","613","199","620","168","86","245"
"NO-0061-SS55-107-2020-1R.dw.png","196","171","222","169","250","245","266","197","276","117","332","248","380","280","368","260","408","228","378","207","417","177","422","139","442","108","450","273","480","240","555","199","593","195","602","166","81","233"
"NO-0061-SS55-107-2020-20R.dw.png","201","165","231","166","259","246","267","193","286","116","346","251","397","283","384","263","429","233","400","211","432","180","435","137","453","108","470","276","502","244","580","202","618","199","624","170","78","229"
"NO-0061-SS55-107-2020-21R.dw.png","179","163","211","162","247","236","258","190","261","114","324","237","378","267","365","249","402","215","378","199","411","169","412","128","425","98","446","260","482","225","553","186","591","183","595","155","80","231"
"NO-0061-SS55-107-2020-22R.dw.png","191","165","222","165","249","237","261","190","274","116","325","239","378","268","365","250","402","216","383","201","417","169","419","130","437","99","452","260","482","228","561","187","598","182","606","154","77","227"
"NO-0061-SS55-107-2020-23R.dw.png","195","164","226","164","260","239","264","189","279","114","337","240","389","268","376","251","417","217","390","201","425","169","428","130","445","101","461","261","492","229","563","189","602","185","608","156","86","234"
"NO-0061-SS55-107-2020-24R.dw.png","200","177","231","177","269","255","271","201","285","124","350","256","399","286","384","267","432","236","401","214","438","184","441","143","458","113","470","280","506","246","584","205","618","202","625","172","89","251"
"NO-0061-SS55-107-2020-25R.dw.png","196","169","227","169","251","242","268","195","279","118","333","244","384","273","371","254","412","222","385","205","421","175","424","136","441","104","454","266","488","233","563","195","600","190","609","163","82","233"
"NO-0061-SS55-107-2020-26R.dw.png","194","164","223","163","251","241","258","186","274","112","336","244","390","275","378","256","417","222","391","204","430","172","432","132","450","101","466","267","500","235","576","193","613","189","620","159","80","227"
"NO-0061-SS55-107-2020-27R.dw.png","199","170","230","169","257","247","262","191","283","118","337","250","393","281","380","262","418","227","397","211","435","180","437","138","454","107","470","273","501","242","578","200","619","196","625","167","83","238"
"NO-0061-SS55-107-2020-28R.dw.png","200","169","229","168","260","246","267","192","283","116","336","247","393","278","380","259","423","225","396","207","431","175","435","135","453","104","465","271","497","237","574","197","614","192","622","162","86","236"
"NO-0061-SS55-107-2020-29R.dw.png","199","165","230","165","259","244","266","190","281","114","342","246","393","275","381","256","421","222","397","206","433","174","436","133","453","103","469","267","498","237","579","194","617","191","625","163","83","232"
"NO-0061-SS55-107-2020-2R.dw.png","198","167","224","166","259","245","263","191","281","116","341","248","398","280","383","260","421","226","392","208","432","177","436","138","454","108","469","272","503","238","577","199","619","195","627","167","81","235"
"NO-0061-SS55-107-2020-3R.dw.png","197","171","225","170","260","246","270","197","275","118","347","249","396","278","384","259","423","225","393","206","430","174","430","134","446","102","471","269","500","237","576","194","612","190","620","162","79","240"
"NO-0061-SS55-107-2020-4R.dw.png","201","170","225","169","262","247","272","198","273","118","342","248","389","278","377","258","420","227","392","208","425","176","427","135","443","103","464","270","497","237","570","195","605","190","612","161","85","235"
"NO-0061-SS55-107-2020-5R.dw.png","190","168","223","167","255","243","258","190","276","116","337","244","391","274","379","255","415","221","393","206","426","174","429","135","445","104","462","266","493","234","572","194","610","190","615","160","84","237"
"NO-0061-SS55-107-2020-6R.dw.png","198","169","225","168","259","245","268","195","281","117","336","248","386","281","371","260","414","228","386","211","427","178","432","138","449","108","463","273","494","243","573","201","607","197","615","168","85","236"
"NO-0061-SS55-107-2020-7R.dw.png","194","165","224","166","254","241","264","191","275","117","332","245","383","276","369","256","412","226","384","206","418","175","419","136","436","105","452","270","487","238","561","198","595","194","603","165","78","227"
"NO-0061-SS55-107-2020-8R.dw.png","202","171","232","171","262","247","271","197","281","117","337","248","391","281","378","261","421","228","397","212","433","178","437","137","456","106","468","273","504","238","579","199","619","195","626","165","86","236"
"NO-0061-SS55-107-2020-9R.dw.png","207","172","236","172","265","249","274","198","286","122","342","252","393","285","380","263","421","233","397","216","436","183","440","142","458","111","467","278","503","245","581","205","616","201","625","172","86","235"
"NO-0062-SS55-110-2020-0R.dw.png","199","174","226","174","254","251","262","197","281","118","334","253","389","285","377","266","417","232","395","216","427","183","432","141","450","112","465","277","494","246","573","206","611","202","618","174","83","244"
"NO-0062-SS55-110-2020-10R.dw.png","195","165","219","165","248","242","259","191","278","114","330","246","388","278","372","257","414","225","390","208","425","177","428","136","447","104","461","269","491","237","566","198","610","193","618","166","76","227"
"NO-0062-SS55-110-2020-11R.dw.png","198","165","228","166","257","242","266","191","286","112","336","246","390","279","376","257","419","226","394","208","430","175","434","134","453","104","462","272","497","237","576","200","617","196","622","166","83","232"
"NO-0062-SS55-110-2020-12R.dw.png","197","172","224","171","258","249","263","196","282","115","340","252","393","283","379","263","419","231","393","213","427","179","432","138","451","105","465","275","498","240","574","201","613","197","621","170","81","240"
"NO-0062-SS55-110-2020-13R.dw.png","204","172","227","172","260","248","268","196","285","117","344","253","401","285","388","265","430","232","403","213","439","178","444","137","460","108","476","277","512","242","590","201","629","197","637","171","84","237"
"NO-0062-SS55-110-2020-14R.dw.png","204","167","230","168","257","248","261","193","283","115","338","251","392","283","380","264","421","232","395","212","428","179","431","137","450","106","466","274","500","241","575","200","608","196","613","166","80","235"
"NO-0062-SS55-110-2020-15R.dw.png","199","169","229","170","260","247","268","195","283","116","341","250","395","280","383","263","428","232","396","211","433","181","438","139","455","108","469","273","505","242","581","201","618","197","623","166","82","239"
"NO-0062-SS55-110-2020-16R.dw.png","200","169","227","169","256","247","265","194","279","114","333","250","384","281","368","262","416","230","384","210","424","176","428","135","446","105","461","273","494","240","573","201","610","197","615","169","82","233"
"NO-0062-SS55-110-2020-17R.dw.png","198","169","225","168","253","243","262","192","279","115","329","248","382","279","367","258","411","226","388","209","425","176","430","136","447","106","456","271","488","240","566","201","610","196","620","168","81","236"
"NO-0062-SS55-110-2020-18R.dw.png","207","173","235","173","264","252","270","198","291","116","343","254","396","286","382","265","422","231","399","213","433","177","437","136","458","104","468","279","502","243","588","203","622","199","628","168","85","241"
"NO-0062-SS55-110-2020-19R.dw.png","197","164","223","163","248","240","259","189","276","111","329","243","384","274","371","255","414","222","385","203","425","172","429","132","446","102","458","267","492","235","569","194","609","189","619","161","81","230"
"NO-0062-SS55-110-2020-1R.dw.png","195","168","223","168","253","245","258","192","276","113","332","248","386","278","372","258","415","228","387","209","426","175","429","133","446","103","463","270","492","240","577","197","612","193","619","163","81","237"
"NO-0062-SS55-110-2020-20R.dw.png","202","173","229","172","257","250","267","198","286","116","333","252","393","286","379","266","414","231","392","214","431","181","436","139","458","107","460","279","496","246","578","204","618","200","625","169","82","239"
"NO-0062-SS55-110-2020-21R.dw.png","202","171","228","171","252","245","259","192","278","115","336","248","391","278","378","260","421","226","388","205","427","175","432","134","448","105","468","269","500","237","576","194","611","189","618","162","78","234"
"NO-0062-SS55-110-2020-22R.dw.png","198","167","227","166","250","243","262","190","282","112","333","248","387","279","370","259","416","227","386","207","425","176","431","138","448","107","458","272","494","238","565","202","609","197","618","171","83","234"
"NO-0062-SS55-110-2020-23R.dw.png","204","170","232","170","254","246","265","194","286","114","336","249","388","281","376","261","422","228","392","208","433","176","439","136","458","105","463","274","501","237","575","200","618","194","628","165","80","234"
"NO-0062-SS55-110-2020-24R.dw.png","201","168","226","167","260","245","268","193","283","115","343","249","397","278","382","258","420","225","396","207","434","178","437","135","453","104","471","270","503","236","578","198","617","193","626","165","79","231"
"NO-0062-SS55-110-2020-25R.dw.png","206","172","233","171","264","250","269","196","288","116","344","253","399","284","387","265","431","233","404","214","440","180","443","139","461","108","474","278","506","245","582","205","622","201","631","170","84","242"
"NO-0062-SS55-110-2020-26R.dw.png","206","168","232","169","264","245","271","195","291","116","337","249","391","283","374","260","414","228","395","212","432","179","434","137","457","105","467","275","502","241","580","202","619","198","624","167","84","231"
"NO-0062-SS55-110-2020-27R.dw.png","204","171","233","172","259","250","270","199","293","118","340","253","395","287","382","265","423","234","396","215","436","182","441","139","461","108","473","279","507","246","588","206","625","203","631","173","78","233"
"NO-0062-SS55-110-2020-28R.dw.png","198","168","226","168","251","242","263","193","279","115","330","248","385","279","369","259","417","228","386","208","424","176","430","136","448","108","461","272","493","238","566","200","608","195","616","167","81","232"
"NO-0062-SS55-110-2020-29R.dw.png","203","172","229","172","255","250","267","198","286","118","335","253","391","286","377","265","418","233","395","215","430","180","435","139","454","108","463","278","494","247","575","203","612","199","621","169","83","240"
"NO-0062-SS55-110-2020-2R.dw.png","206","171","235","171","265","251","273","196","297","115","347","255","402","290","388","268","431","237","405","217","443","182","450","140","470","109","474","282","509","248","595","207","637","203","643","173","85","237"
"NO-0062-SS55-110-2020-3R.dw.png","205","171","235","171","262","248","271","194","289","119","351","253","407","283","393","264","434","230","411","213","448","179","450","138","467","107","483","274","515","242","591","200","631","195","639","165","80","233"
"NO-0062-SS55-110-2020-4R.dw.png","200","165","229","166","259","243","266","190","281","114","333","245","392","275","379","257","420","224","394","206","431","174","435","134","453","105","466","268","496","237","576","195","615","190","622","161","85","234"
"NO-0062-SS55-110-2020-5R.dw.png","199","174","227","174","254","252","260","197","283","119","336","255","391","287","377","267","418","235","389","214","430","183","433","141","453","110","464","280","495","247","577","206","616","201","622","172","79","239"
"NO-0062-SS55-110-2020-6R.dw.png","202","173","227","172","254","251","264","195","285","119","341","256","393","286","380","266","422","234","393","214","429","181","434","141","456","111","464","279","497","245","581","206","619","203","628","175","80","237"
"NO-0062-SS55-110-2020-7R.dw.png","203","170","230","170","266","248","266","194","287","116","345","251","399","282","384","261","430","231","396","210","437","181","440","138","459","106","473","274","507","239","585","199","621","196","629","167","77","235"
"NO-0062-SS55-110-2020-8R.dw.png","194","165","221","166","250","243","258","191","281","112","331","248","384","280","371","260","412","228","386","210","425","177","429","136","450","104","459","272","491","239","572","200","610","194","615","164","81","230"
"NO-0062-SS55-110-2020-9R.dw.png","202","174","229","173","258","250","268","198","285","120","341","254","396","286","382","265","421","233","394","214","432","183","438","141","456","110","469","278","504","245","581","203","622","198","632","173","79","234"
"NO-0063-SS55-130-2020-0R.dw.png","204","177","232","177","261","253","278","206","284","125","348","257","398","288","386","269","424","236","400","219","436","184","439","144","460","110","463","282","498","249","583","207","616","202","623","170","87","243"
"NO-0063-SS55-130-2020-10R.dw.png","233","178","258","178","295","255","298","203","310","125","375","256","427","285","413","268","460","237","424","215","464","181","469","140","489","109","500","278","538","247","618","203","647","200","650","170","113","243"
"NO-0063-SS55-130-2020-11R.dw.png","195","171","222","171","260","246","263","196","272","120","334","246","383","276","374","259","411","226","384","208","419","175","424","135","443","106","454","269","487","237","567","194","596","191","603","165","82","234"
"NO-0063-SS55-130-2020-12R.dw.png","210","174","235","173","263","252","273","198","288","120","345","256","395","288","381","266","418","235","396","218","432","182","437","142","456","114","461","281","497","248","578","207","608","205","615","178","84","236"
"NO-0063-SS55-130-2020-13R.dw.png","198","174","223","173","255","247","267","200","281","120","333","249","388","280","375","261","412","230","391","215","426","179","430","137","446","106","457","274","487","243","567","200","598","196","605","165","80","239"
"NO-0063-SS55-130-2020-14R.dw.png","197","172","225","172","255","244","270","197","278","121","336","245","391","278","376","257","406","224","391","212","427","176","432","138","450","108","452","271","483","238","569","199","602","195","607","168","84","239"
"NO-0063-SS55-130-2020-15R.dw.png","207","173","236","172","263","247","275","198","283","121","340","249","391","280","378","261","418","228","393","210","427","176","432","133","449","107","462","273","493","241","575","198","606","195","614","166","84","239"
"NO-0063-SS55-130-2020-16R.dw.png","194","165","222","164","254","236","264","188","269","114","335","239","382","267","370","249","408","217","383","201","419","166","422","128","437","97","452","260","487","227","564","184","594","180","602","150","81","227"
"NO-0063-SS55-130-2020-17R.dw.png","201","173","230","173","254","246","267","197","280","121","334","248","383","278","371","258","407","225","386","209","422","174","426","135","443","104","452","271","484","239","567","197","597","194","605","163","82","238"
"NO-0063-SS55-130-2020-18R.dw.png","196","172","226","170","257","248","266","197","276","116","338","251","390","283","375","262","411","228","386","211","426","176","433","133","450","104","461","276","499","240","581","197","614","194","622","167","78","238"
"NO-0063-SS55-130-2020-19R.dw.png","206","172","233","172","257","246","272","197","284","121","339","249","390","281","378","261","416","228","396","212","429","178","434","138","452","109","463","274","493","242","576","200","607","198","615","169","80","232"
"NO-0063-SS55-130-2020-1R.dw.png","203","269","232","269","257","343","270","295","280","219","335","344","382","373","370","354","406","320","386","305","420","270","423","231","438","204","452","365","482","333","561","290","596","287","604","258","82","336"
"NO-0063-SS55-130-2020-20R.dw.png","206","176","233","174","272","252","276","202","286","123","352","256","399","286","386","266","424","235","399","218","435","183","440","143","460","112","465","279","498","247","581","207","614","204","619","173","93","245"
"NO-0063-SS55-130-2020-21R.dw.png","195","175","225","173","261","247","265","197","277","120","338","251","392","281","378","261","420","230","390","211","429","178","433","139","449","110","460","275","496","241","576","201","606","198","613","169","81","239"
"NO-0063-SS55-130-2020-22R.dw.png","205","175","233","175","263","249","275","201","286","123","349","252","402","284","389","265","424","231","404","216","441","183","448","142","464","112","471","277","503","246","591","202","620","197","628","170","87","240"
"NO-0063-SS55-130-2020-23R.dw.png","203","174","229","173","262","248","274","200","281","120","337","250","390","280","375","260","408","227","391","213","426","175","430","135","449","106","455","274","489","241","570","198","602","194","609","164","87","244"
"NO-0063-SS55-130-2020-24R.dw.png","197","171","221","168","260","243","268","193","270","117","334","243","388","273","377","255","417","224","386","204","419","170","424","130","440","101","461","264","492","232","571","188","599","184","604","156","81","233"
"NO-0063-SS55-130-2020-25R.dw.png","195","174","221","173","253","247","265","199","275","122","336","250","388","281","377","262","414","230","388","212","425","178","429","140","448","107","456","273","487","241","570","201","605","196","611","165","86","236"
"NO-0063-SS55-130-2020-26R.dw.png","208","171","233","170","267","248","281","198","288","119","350","250","401","283","388","262","430","230","407","214","443","176","450","137","470","106","470","276","505","242","596","201","627","198","636","169","85","235"
"NO-0063-SS55-130-2020-27R.dw.png","209","178","237","177","268","256","274","200","291","121","359","262","406","294","394","273","439","240","404","218","448","184","454","141","473","109","483","286","518","250","606","206","640","203","650","173","82","238"
"NO-0063-SS55-130-2020-28R.dw.png","192","167","217","166","252","241","266","195","266","119","338","245","386","274","374","256","410","224","384","207","419","174","424","136","440","106","448","267","484","236","561","195","595","192","601","164","88","233"
"NO-0063-SS55-130-2020-29R.dw.png","204","177","232","177","260","254","278","206","284","125","348","256","398","288","386","269","424","236","400","219","436","184","438","145","460","110","463","282","498","249","583","207","616","202","623","170","87","243"
"NO-0063-SS55-130-2020-2R.dw.png","191","173","219","173","254","246","265","200","274","120","332","250","380","280","368","261","406","230","382","213","417","177","421","138","439","106","447","274","480","242","560","201","595","197","602","166","77","237"
"NO-0063-SS55-130-2020-3R.dw.png","193","169","221","169","250","243","260","195","274","119","328","247","379","280","367","261","404","229","379","212","415","179","422","140","442","108","443","274","480","241","556","201","587","196","592","167","81","233"
"NO-0063-SS55-130-2020-4R.dw.png","204","173","230","173","266","254","274","200","286","121","355","257","402","289","391","270","434","236","404","216","443","180","449","139","467","109","479","281","516","245","598","204","627","202","634","171","82","237"
"NO-0063-SS55-130-2020-5R.dw.png","204","176","233","175","258","249","274","201","280","123","344","253","396","285","383","265","421","231","394","212","434","179","439","138","455","107","464","278","499","245","585","202","614","200","621","170","86","243"
"NO-0063-SS55-130-2020-6R.dw.png","189","171","216","170","245","244","257","196","271","119","328","248","382","279","370","260","407","228","385","212","418","177","426","138","441","110","454","271","484","240","562","201","593","198","599","170","75","232"
"NO-0063-SS55-130-2020-7R.dw.png","199","168","227","168","256","244","272","196","282","117","338","248","387","278","375","259","414","227","387","208","425","177","429","136","447","104","458","271","492","238","567","197","600","192","608","162","84","233"
"NO-0063-SS55-130-2020-8R.dw.png","199","173","229","174","255","249","271","200","281","120","345","255","397","286","385","267","425","234","396","215","434","180","440","138","458","109","469","279","506","245","588","203","622","200","631","169","81","237"
"NO-0063-SS55-130-2020-9R.dw.png","202","167","228","167","258","244","270","193","278","117","338","248","388","281","375","260","413","227","394","211","430","174","435","134","453","107","458","274","490","243","578","200","609","197","617","168","78","229"
"NO-0064-SS55-143-2020-0R.dw.png","201","171","227","171","263","250","267","197","280","119","340","253","391","285","376","264","418","232","391","213","429","181","433","138","451","107","458","279","494","245","578","202","609","198","613","168","82","238"
"NO-0064-SS55-143-2020-10R.dw.png","199","172","228","172","257","250","263","196","283","118","340","254","391","283","378","264","421","231","397","214","432","179","432","137","449","107","467","276","500","241","578","201","614","197","621","168","83","247"
"NO-0064-SS55-143-2020-12R.dw.png","208","171","232","171","271","249","269","193","288","117","355","252","402","280","390","262","426","227","401","209","436","175","440","133","456","106","474","273","508","237","580","196","613","191","619","162","85","239"
"NO-0064-SS55-143-2020-13R.dw.png","197","170","224","169","256","246","261","192","275","116","337","248","387","278","375","259","415","226","390","208","422","177","426","134","442","104","461","271","494","239","571","195","602","191","610","163","82","232"
"NO-0064-SS55-143-2020-14R.dw.png","198","170","226","171","258","248","262","193","281","115","335","251","390","283","376","263","415","230","393","212","430","179","431","137","447","106","461","276","497","240","578","202","610","200","620","171","80","238"
"NO-0064-SS55-143-2020-15R.dw.png","197","173","228","172","257","249","266","196","281","120","340","251","395","280","380","261","418","227","396","210","430","178","436","137","450","106","470","273","503","239","574","198","612","193","617","164","83","241"
"NO-0064-SS55-143-2020-16R.dw.png","198","172","227","172","255","248","264","196","281","119","335","250","387","282","371","261","411","228","388","211","422","177","425","134","442","105","454","276","486","242","567","198","599","193","605","162","85","238"
"NO-0064-SS55-143-2020-17R.dw.png","205","172","230","171","255","249","266","194","282","119","340","253","392","284","378","264","419","231","395","213","429","179","434","136","451","109","469","276","499","243","579","201","610","197","615","166","84","237"
"NO-0064-SS55-143-2020-18R.dw.png","197","173","226","172","255","252","258","194","281","119","340","256","392","285","379","268","420","233","391","214","428","181","434","139","452","110","466","279","500","243","577","201","610","198","616","170","81","242"
"NO-0064-SS55-143-2020-19R.dw.png","172","157","198","158","220","228","239","181","252","110","307","234","360","265","345","245","387","216","363","199","397","168","400","129","417","102","428","257","456","226","532","188","566","184","571","156","76","224"
"NO-0064-SS55-143-2020-1R.dw.png","205","171","232","171","268","250","271","196","285","119","352","252","400","283","388","263","422","229","399","212","434","177","437","134","456","105","469","276","507","238","587","196","619","192","626","163","84","238"
"NO-0064-SS55-143-2020-20R.dw.png","202","168","231","167","261","242","266","190","283","117","338","243","390","271","377","253","417","221","392","203","426","172","429","132","446","102","464","264","498","229","572","191","606","185","612","156","83","236"
"NO-0064-SS55-143-2020-21R.dw.png","196","173","226","172","254","248","261","193","277","120","335","251","389","280","377","263","420","229","395","211","426","178","428","135","446","104","465","274","499","239","576","197","613","193","621","165","78","235"
"NO-0064-SS55-143-2020-22R.dw.png","197","170","226","170","255","245","264","193","278","116","336","249","387","276","374","260","414","225","388","207","426","176","433","135","447","106","463","269","497","236","570","198","608","193","615","164","83","243"
"NO-0064-SS55-143-2020-23R.dw.png","198","169","226","168","257","244","262","191","278","115","338","247","393","277","379","257","422","226","397","207","430","175","434","134","448","105","468","270","499","237","578","196","612","192","618","164","81","233"
"NO-0064-SS55-143-2020-24R.dw.png","199","170","229","170","249","247","261","192","279","118","334","251","383","279","374","263","421","228","393","210","426","176","429","135","444","105","462","272","498","235","572","198","606","193","613","164","80","238"
"NO-0064-SS55-143-2020-25R.dw.png","198","167","227","168","252","246","265","193","279","119","336","251","390","281","376","261","417","229","393","211","427","180","432","138","449","109","466","274","498","242","574","200","610","195","618","167","80","234"
"NO-0064-SS55-143-2020-26R.dw.png","197","169","222","170","256","247","263","195","276","117","337","250","385","279","373","261","413","228","387","210","424","177","428","137","446","107","459","272","488","241","571","197","601","193","607","162","84","240"
"NO-0064-SS55-143-2020-27R.dw.png","200","169","230","170","261","248","267","193","282","116","346","251","396","281","385","262","422","228","397","211","431","175","435","131","448","103","467","274","501","236","577","195","609","191","616","162","83","239"
"NO-0064-SS55-143-2020-28R.dw.png","202","169","228","168","259","243","264","192","279","117","336","245","387","273","374","256","417","222","392","204","425","172","429","131","447","103","463","267","496","233","571","194","607","189","613","160","85","236"
"NO-0064-SS55-143-2020-29R.dw.png","201","173","227","173","260","252","265","198","284","121","339","256","391","288","373","266","418","234","392","215","430","183","434","142","453","111","464","281","498","248","579","204","609","203","615","173","81","238"
"NO-0064-SS55-143-2020-2R.dw.png","198","172","224","172","254","249","265","198","281","120","337","253","389","285","375","265","415","233","386","213","425","180","430","138","449","109","460","278","495","243","572","200","606","196","612","166","86","239"
"NO-0064-SS55-143-2020-30R.dw.png","192","166","220","166","246","242","260","191","274","113","330","244","383","272","370","255","412","223","387","205","420","173","425","133","441","105","456","266","491","232","564","191","597","187","602","160","80","234"
"NO-0064-SS55-143-2020-3R.dw.png","199","171","223","171","256","244","263","195","274","120","339","247","394","276","380","257","420","224","394","207","428","173","432","132","447","105","468","269","503","235","576","193","609","189","615","160","82","238"
"NO-0064-SS55-143-2020-4R.dw.png","200","163","227","162","258","239","261","183","279","109","338","242","387","271","374","252","414","220","389","200","423","170","426","128","441","100","461","263","492","229","567","189","601","185","608","158","83","229"
"NO-0064-SS55-143-2020-5R.dw.png","197","170","225","169","256","247","263","193","277","117","338","251","392","282","378","262","415","228","392","210","426","179","433","135","446","107","467","275","502","241","573","201","611","197","617","168","80","235"
"NO-0064-SS55-143-2020-6R.dw.png","193","170","220","171","251","248","258","197","274","121","329","251","379","281","365","261","407","229","381","210","415","179","418","137","437","106","449","275","482","241","558","200","590","195","596","165","79","234"
"NO-0064-SS55-143-2020-7R.dw.png","192","167","219","166","249","242","256","190","271","113","327","244","382","274","370","256","409","221","387","205","420","173","423","131","440","105","458","267","489","235","565","192","598","188","603","160","82","236"
"NO-0064-SS55-143-2020-8R.dw.png","197","166","223","166","252","240","260","190","277","114","331","243","384","273","370","253","410","221","386","203","419","172","420","132","438","102","457","266","490","230","561","190","596","185","604","159","82","233"
"NO-0064-SS55-143-2020-9R.dw.png","201","174","228","174","255","253","265","199","281","123","339","259","391","292","376","272","421","239","390","216","432","184","440","142","458","114","467","284","495","255","583","210","618","206","623","175","83","239"
"NO-0065-SS55-161-2020-0R.dw.png","204","172","233","172","258","252","266","194","289","118","347","256","399","287","387","267","432","233","400","212","441","180","446","138","462","108","473","279","512","242","589","203","627","200","639","171","84","235"
"NO-0065-SS55-161-2020-10R.dw.png","203","173","234","173","263","253","273","198","287","119","345","258","398","289","387","269","425","235","395","216","437","181","444","139","463","110","470","282","510","245","589","203","627","199","630","170","81","237"
"NO-0065-SS55-161-2020-11R.dw.png","201","168","231","168","262","246","266","190","281","115","342","249","395","278","384","260","426","226","396","206","438","173","441","134","456","103","468","271","506","235","583","198","620","193","627","163","84","233"
"NO-0065-SS55-161-2020-12R.dw.png","199","171","229","168","261","246","266","190","276","116","344","246","397","274","387","257","428","223","390","203","433","170","437","128","452","98","471","266","510","229","584","188","622","183","626","153","84","236"
"NO-0065-SS55-161-2020-13R.dw.png","203","176","231","175","255","254","264","198","289","122","343","258","395","289","381","269","424","235","394","214","436","183","442","142","458","111","470","281","508","245","578","208","623","203","630","173","80","239"
"NO-0065-SS55-161-2020-14R.dw.png","198","167","226","168","254","246","264","190","282","113","341","249","395","280","382","260","425","225","393","205","434","174","439","133","455","102","469","271","508","237","580","196","623","191","631","163","81","229"
"NO-0065-SS55-161-2020-15R.dw.png","198","169","227","169","256","249","266","193","283","116","345","255","399","286","386","266","426","231","393","209","435","178","439","137","452","108","471","278","510","240","583","202","618","200","629","170","82","234"
"NO-0065-SS55-161-2020-16R.dw.png","206","176","235","174","270","255","269","196","291","118","351","260","404","288","395","271","438","236","405","215","448","179","453","137","469","107","485","280","522","245","598","204","638","199","645","168","82","240"
"NO-0065-SS55-161-2020-17R.dw.png","203","175","232","174","263","253","268","198","285","120","342","257","396","288","383","268","425","235","393","214","433","181","438","141","457","109","468","281","505","244","581","204","621","199","629","169","83","242"
"NO-0065-SS55-161-2020-18R.dw.png","202","168","232","168","257","245","267","191","278","113","340","249","392","279","381","261","423","228","392","208","431","175","435","132","451","102","464","272","504","236","580","196","614","192","621","164","85","234"
"NO-0065-SS55-161-2020-19R.dw.png","205","172","235","171","269","252","270","193","292","117","350","254","404","282","392","264","436","230","403","209","444","177","449","137","466","105","481","273","518","239","594","198","638","191","645","164","81","237"
"NO-0065-SS55-161-2020-1R.dw.png","201","170","229","170","262","250","268","193","287","115","347","253","402","282","388","264","430","230","394","209","440","178","445","137","462","106","476","274","510","240","586","202","632","197","638","169","79","234"
"NO-0065-SS55-161-2020-20R.dw.png","183","174","213","173","244","254","250","196","265","118","333","257","386","285","376","268","418","232","386","211","428","177","432","133","447","102","463","277","499","241","584","197","619","192","627","162","62","244"
"NO-0065-SS55-161-2020-21R.dw.png","194","167","218","166","250","242","258","193","273","113","327","246","382","278","367","258","408","228","382","209","420","178","422","135","442","102","456","270","491","238","570","198","604","195","610","165","75","221"
"NO-0065-SS55-161-2020-22R.dw.png","193","165","224","165","245","242","257","188","277","112","327","246","385","278","370","258","408","226","383","206","425","175","430","135","446","106","457","271","490","238","566","200","610","195","619","168","75","229"
"NO-0065-SS55-161-2020-23R.dw.png","205","179","234","178","261","259","276","205","290","123","352","265","407","295","396","277","440","242","406","219","446","187","449","142","466","111","480","289","522","251","600","210","637","207","645","176","83","250"
"NO-0065-SS55-161-2020-24R.dw.png","200","167","229","167","261","248","266","191","284","111","342","251","397","281","385","263","425","228","395","208","434","177","438","134","455","104","473","275","512","241","590","200","621","196","627","167","81","235"
"NO-0065-SS55-161-2020-25R.dw.png","194","163","223","163","249","241","256","185","278","110","334","247","389","276","376","256","416","224","385","203","424","171","428","131","445","100","461","268","496","234","565","194","607","189","617","160","80","226"
"NO-0065-SS55-161-2020-26R.dw.png","204","173","233","173","265","253","265","195","292","119","352","257","402","285","387","266","436","232","404","211","445","178","448","138","465","106","479","277","518","241","597","201","637","196","647","168","79","234"
"NO-0065-SS55-161-2020-27R.dw.png","196","165","225","165","260","245","264","190","281","112","340","249","395","279","382","261","420","229","387","208","430","175","436","133","453","103","463","274","502","239","582","197","619","193","623","165","80","229"
"NO-0065-SS55-161-2020-2R.dw.png","198","171","227","171","253","250","260","194","285","119","337","254","390","285","377","265","418","232","387","212","431","180","436","141","453","111","462","278","501","241","574","205","616","202","624","174","79","235"
"NO-0065-SS55-161-2020-3R.dw.png","203","177","233","175","268","254","271","198","285","119","348","257","401","286","389","268","432","232","402","213","441","179","446","137","461","104","476","279","516","243","597","202","631","199","638","168","84","245"
"NO-0065-SS55-161-2020-4R.dw.png","204","172","234","173","262","251","270","197","289","118","339","256","395","288","382","268","421","234","392","213","434","181","439","141","457","112","460","281","499","246","577","208","621","205","631","176","82","238"
"NO-0065-SS55-161-2020-5R.dw.png","197","172","230","173","263","252","268","200","285","117","350","257","402","288","390","268","429","233","403","215","439","182","442","139","458","109","473","281","512","243","587","203","625","200","631","170","81","242"
"NO-0065-SS55-161-2020-6R.dw.png","210","174","239","173","265","252","272","195","289","118","348","257","404","288","391","269","433","234","405","215","444","179","450","137","466","106","481","280","519","245","597","203","634","199","642","169","85","242"
"NO-0065-SS55-161-2020-7R.dw.png","203","172","232","172","265","251","268","196","289","120","348","256","403","287","390","269","435","234","399","212","442","181","446","140","463","108","477","281","519","241","591","202","627","198","636","170","82","240"
"NO-0065-SS55-161-2020-8R.dw.png","208","182","238","181","269","261","272","204","290","124","355","264","411","293","397","274","440","239","407","219","448","185","451","141","467","111","485","284","522","249","598","208","638","203","646","174","89","257"
"NO-0065-SS55-161-2020-9R.dw.png","196","170","224","168","259","247","258","191","277","117","336","251","386","282","374","264","414","230","383","211","423","178","430","136","448","106","459","275","497","239","576","199","612","195","617","167","78","233"
"NO-0066-SS55-242-2020-0R.dw.png","197","171","223","171","250","249","263","198","274","121","326","252","380","285","367","265","408","233","382","214","420","180","425","142","442","113","456","278","487","246","568","207","599","204","608","174","77","233"
"NO-0066-SS55-242-2020-10R.dw.png","200","164","230","164","260","244","270","190","286","112","344","247","400","280","387","260","427","227","399","208","435","173","438","133","455","106","473","272","506","238","588","196","619","193","624","163","81","232"
"NO-0066-SS55-242-2020-11R.dw.png","200","176","228","176","255","253","265","201","279","124","334","257","388","289","375","268","418","236","399","221","428","183","431","140","445","113","465","282","497","251","576","211","604","208","611","177","79","241"
"NO-0066-SS55-242-2020-12R.dw.png","195","168","228","169","259","244","272","197","277","117","341","247","388","276","376","257","410","225","390","210","420","171","423","132","443","104","458","270","490","239","572","196","604","191","610","162","81","233"
"NO-0066-SS55-242-2020-13R.dw.png","204","167","235","168","271","248","278","195","291","114","350","250","402","280","388","261","420","226","402","212","437","175","440","135","458","105","471","274","504","240","586","199","622","195","627","165","83","236"
"NO-0066-SS55-242-2020-14R.dw.png","196","163","230","164","249","242","269","190","283","113","337","245","397","278","382","257","415","223","397","210","430","172","435","134","453","105","465","272","499","238","580","198","613","194","619","163","80","236"
"NO-0066-SS55-242-2020-15R.dw.png","201","174","233","175","262","254","271","200","287","122","346","257","402","289","387","268","428","236","400","218","436","184","439","142","455","112","472","282","505","248","581","209","614","205","621","176","86","248"
"NO-0066-SS55-242-2020-16R.dw.png","194","161","222","162","259","238","265","188","273","112","337","240","384","271","372","251","412","220","387","203","422","169","424","130","440","103","459","262","492","229","566","191","595","187","601","159","79","224"
"NO-0066-SS55-242-2020-17R.dw.png","204","170","232","170","265","249","273","197","284","118","347","250","401","280","388","261","425","229","398","210","434","178","437","137","455","106","472","274","504","239","580","200","612","195","617","165","84","241"
"NO-0066-SS55-242-2020-18R.dw.png","198","168","230","170","260","245","268","195","278","118","332","248","386","280","373","260","418","229","388","209","426","177","431","137","448","107","459","274","495","240","571","201","604","197","609","168","83","235"
"NO-0066-SS55-242-2020-19R.dw.png","201","171","230","171","264","247","268","196","283","118","343","247","396","277","383","258","426","226","400","209","434","176","436","136","451","106","470","270","507","235","580","197","609","195","615","166","86","246"
"NO-0066-SS55-242-2020-1R.dw.png","201","173","228","173","260","249","266","197","282","122","336","252","390","284","377","264","417","231","392","213","427","181","431","141","450","111","468","276","499","245","573","204","610","200","618","172","79","234"
"NO-0066-SS55-242-2020-20R.dw.png","204","169","232","169","266","247","270","193","284","115","342","248","391","276","379","258","416","223","394","208","427","174","429","133","448","101","468","269","497","235","577","197","609","193","615","164","81","240"
"NO-0066-SS55-242-2020-21R.dw.png","203","170","232","169","270","248","273","195","283","117","347","252","398","284","387","265","419","231","395","213","433","176","436","135","452","107","470","277","507","241","588","198","617","194","621","165","83","234"
"NO-0066-SS55-242-2020-22R.dw.png","200","178","231","177","263","254","272","200","284","121","348","253","404","282","390","263","430","228","401","211","435","173","439","134","455","105","478","270","509","235","593","188","625","183","629","155","87","251"
"NO-0066-SS55-242-2020-23R.dw.png","201","174","233","174","268","253","276","201","287","119","349","258","398","290","386","269","424","235","404","220","436","181","439","139","457","108","474","283","508","249","594","209","627","206","634","174","80","241"
"NO-0066-SS55-242-2020-24R.dw.png","197","170","229","171","262","251","266","196","286","119","339","255","391","288","377","266","410","232","392","218","428","180","430","139","448","107","457","282","496","245","577","206","611","203","618","171","75","237"
"NO-0066-SS55-242-2020-25R.dw.png","199","161","229","162","262","241","268","187","282","110","340","243","393","277","380","256","413","222","389","204","427","170","430","129","448","100","463","269","500","234","581","193","610","190","618","160","77","220"
"NO-0066-SS55-242-2020-26R.dw.png","205","174","233","173","263","251","275","200","287","121","343","253","400","288","388","268","426","234","401","216","438","182","443","141","460","113","473","281","509","246","587","207","618","203","624","174","85","239"
"NO-0066-SS55-242-2020-27R.dw.png","194","171","225","172","258","249","272","200","275","120","338","251","395","282","381","263","424","231","393","211","430","179","433","139","450","109","469","275","504","240","578","202","608","199","614","169","82","242"
"NO-0066-SS55-242-2020-2R.dw.png","201","166","231","166","257","244","270","192","289","115","344","247","399","279","386","259","425","227","401","210","434","172","438","134","455","107","471","271","507","237","588","198","624","195","626","165","81","234"
"NO-0066-SS55-242-2020-3R.dw.png","198","172","230","173","263","250","273","200","284","117","347","256","396","287","384","268","419","235","395","218","433","181","437","137","456","109","469","281","501","249","590","205","622","201","627","169","81","239"
"NO-0066-SS55-242-2020-4R.dw.png","195","167","225","168","258","243","270","195","277","116","343","246","390","276","378","256","409","223","391","210","425","171","427","130","443","102","464","269","494","235","574","194","606","190","608","160","77","233"
"NO-0066-SS55-242-2020-5R.dw.png","198","171","224","171","259","249","264","196","274","120","332","250","388","281","375","263","415","229","390","212","422","177","424","136","440","105","465","274","494","243","578","200","607","197","614","167","80","238"
"NO-0066-SS55-242-2020-6R.dw.png","199","164","230","165","262","242","270","191","282","112","339","243","394","276","380","255","411","221","391","206","428","170","432","131","449","103","463","269","495","236","577","196","613","192","621","163","82","233"
"NO-0066-SS55-242-2020-7R.dw.png","193","168","227","169","262","247","270","196","282","116","338","249","391","283","379","263","415","229","396","215","431","175","434","134","450","105","462","277","498","245","583","202","614","199","620","167","77","233"
"NO-0066-SS55-242-2020-8R.dw.png","203","175","233","176","263","254","272","202","287","123","337","255","392","289","379","268","420","236","400","220","436","183","441","141","458","112","469","282","502","251","587","210","621","206","629","176","79","239"
"NO-0066-SS55-242-2020-9R.dw.png","199","174","227","174","260","251","266","200","275","122","334","252","383","282","368","262","406","231","385","216","416","180","420","140","438","108","452","276","485","243","561","205","597","201","600","172","82","245"
"NO-0067-SS55-345-2020-0R.dw.png","203","172","230","172","262","253","267","196","289","117","348","257","402","288","388","268","432","236","400","215","442","185","449","142","463","112","474","281","511","248","587","207","627","202","635","173","83","242"
"NO-0067-SS55-345-2020-10R.dw.png","208","174","235","173","270","256","271","197","298","120","359","259","413","291","398","271","439","238","412","218","451","184","457","144","473","113","486","283","524","247","599","209","636","205","643","176","82","239"
"NO-0067-SS55-345-2020-11R.dw.png","195","173","225","172","253","252","260","195","279","118","343","256","395","286","383","267","426","235","390","214","431","181","435","139","454","110","468","278","501","244","574","204","616","200","624","171","82","240"
"NO-0067-SS55-345-2020-12R.dw.png","198","168","229","168","251","245","268","192","280","115","347","248","400","277","388","258","431","227","401","207","437","174","439","133","456","102","477","269","510","236","584","194","617","189","625","158","80","237"
"NO-0067-SS55-345-2020-13R.dw.png","200","172","227","171","260","254","266","194","286","116","351","256","401","284","389","266","431","232","400","211","438","178","443","136","458","107","475","277","510","242","583","201","620","195","627","165","84","245"
"NO-0067-SS55-345-2020-14R.dw.png","203","175","233","175","266","255","263","196","285","118","349","257","401","286","389","267","426","234","398","216","437","182","443","140","461","112","475","279","507","245","584","205","628","200","639","171","84","239"
"NO-0067-SS55-345-2020-15R.dw.png","208","174","237","174","267","254","276","199","292","119","357","257","412","286","399","267","438","233","410","214","451","183","456","141","473","111","488","279","528","242","597","203","636","199","641","170","84","240"
"NO-0067-SS55-345-2020-16R.dw.png","199","170","226","169","251","247","260","191","279","118","341","251","389","281","378","261","422","230","390","209","432","176","436","136","452","105","467","273","501","240","574","200","611","194","620","164","79","231"
"NO-0067-SS55-345-2020-17R.dw.png","200","169","229","168","262","248","267","191","281","117","344","249","402","278","389","259","432","228","403","209","440","175","446","135","462","106","478","271","511","240","588","198","624","193","631","163","85","234"
"NO-0067-SS55-345-2020-18R.dw.png","199","170","233","171","260","251","265","192","288","117","350","255","401","283","389","265","427","232","400","213","440","180","443","139","461","109","478","275","508","243","585","202","626","198","635","169","86","240"
"NO-0067-SS55-345-2020-19R.dw.png","197","166","229","166","262","246","266","188","286","112","349","249","402","278","388","258","427","225","402","209","437","176","441","134","458","104","472","271","504","237","581","197","616","193","623","163","85","240"
"NO-0067-SS55-345-2020-1R.dw.png","198","171","228","172","258","250","262","196","279","117","338","253","394","283","382","264","421","231","397","214","436","179","440","136","457","108","475","274","506","243","581","201","621","196","629","166","78","235"
"NO-0067-SS55-345-2020-20R.dw.png","194","171","227","170","255","249","264","195","281","116","341","252","397","283","382","263","425","230","400","212","438","180","442","136","458","106","471","276","505","242","579","200","621","197","629","166","81","239"
"NO-0067-SS55-345-2020-21R.dw.png","196","170","223","170","255","247","261","194","281","118","340","254","391","284","377","264","421","232","391","212","432","181","438","141","454","111","464","277","500","242","576","204","612","199","620","170","78","235"
"NO-0067-SS55-345-2020-22R.dw.png","199","173","226","173","258","249","261","194","280","115","348","253","396","280","385","262","424","229","398","212","434","178","440","135","456","105","474","272","507","239","579","199","619","193","629","164","82","237"
"NO-0067-SS55-345-2020-23R.dw.png","203","178","232","177","265","258","268","199","288","121","352","260","406","291","393","271","434","237","408","218","443","184","447","139","465","109","482","282","514","249","590","204","630","200","638","169","85","244"
"NO-0067-SS55-345-2020-24R.dw.png","203","167","232","166","261","245","266","188","286","113","343","246","402","277","389","258","430","224","402","204","444","172","448","131","462","103","479","268","513","234","590","194","625","190","632","159","84","232"
"NO-0067-SS55-345-2020-25R.dw.png","203","174","233","174","268","254","268","197","282","115","353","257","401","285","389","266","431","233","398","213","438","176","444","134","459","104","474","276","507","241","585","200","623","195","633","164","85","242"
"NO-0067-SS55-345-2020-26R.dw.png","198","168","226","169","256","251","259","191","286","117","342","255","394","285","381","266","420","233","393","214","432","183","438","143","454","114","466","278","500","246","578","206","614","203","622","176","85","236"
"NO-0067-SS55-345-2020-27R.dw.png","200","170","229","169","261","246","268","192","286","113","351","250","401","277","389","258","429","225","402","207","440","173","443","131","462","100","477","269","508","235","586","193","625","189","634","157","82","237"
"NO-0067-SS55-345-2020-28R.dw.png","201","172","232","171","262","251","268","195","288","115","352","256","400","285","389","266","430","233","405","215","441","182","447","141","465","112","474","278","510","243","588","203","624","198","632","170","81","237"
"NO-0067-SS55-345-2020-2R.dw.png","195","167","226","168","253","243","261","190","278","113","336","245","391","275","376","255","418","222","387","203","429","172","432","130","450","101","466","266","501","231","574","191","612","187","617","157","79","231"
"NO-0067-SS55-345-2020-3R.dw.png","202","174","233","174","264","258","265","196","292","121","356","261","409","290","395","271","435","237","408","218","447","184","451","142","470","111","483","283","519","247","596","205","632","200","641","170","83","243"
"NO-0067-SS55-345-2020-4R.dw.png","198","167","228","167","259","243","266","190","282","113","347","245","401","275","388","255","430","224","401","205","440","174","444","135","460","105","480","265","511","236","584","196","624","191","630","164","79","231"
"NO-0067-SS55-345-2020-5R.dw.png","192","172","219","172","249","249","257","194","272","114","339","252","387","280","375","262","416","226","394","211","432","174","435","130","451","100","466","272","501","236","580","196","619","191","627","161","75","238"
"NO-0067-SS55-345-2020-6R.dw.png","202","173","234","172","266","255","269","196","289","116","355","258","410","287","397","269","440","236","409","217","447","183","453","140","470","109","487","280","521","245","599","205","634","200","642","172","86","243"
"NO-0067-SS55-345-2020-7R.dw.png","206","172","237","172","262","252","275","198","292","120","350","256","406","287","393","267","436","235","406","213","447","182","452","142","471","111","485","279","518","245","590","205","628","201","638","171","83","235"
"NO-0067-SS55-345-2020-8R.dw.png","193","169","221","168","252","245","261","191","275","113","340","249","392","278","380","260","419","225","393","207","431","172","435","129","451","101","469","270","502","235","580","193","617","189","625","158","78","233"
"NO-0067-SS55-345-2020-9R.dw.png","197","170","227","171","259","249","264","195","277","118","347","254","397","281","385","263","424","231","392","211","432","180","438","137","455","107","473","273","506","240","579","198","619","193","626","163","79","229"
"NO-0068-SS55-378-2020-0R.dw.png","199","174","226","173","255","254","263","197","284","117","332","257","390","290","375","269","419","236","389","216","427","182","433","139","453","108","461","284","497","250","581","208","614","205","622","172","82","245"
"NO-0068-SS55-378-2020-10R.dw.png","198","173","225","173","250","255","259","198","280","120","336","260","391","294","374","272","419","238","393","221","430","186","432","141","452","108","461","287","498","251","580","209","613","205","620","172","82","245"
"NO-0068-SS55-378-2020-11R.dw.png","198","174","221","172","264","251","262","198","272","117","334","253","384","286","371","266","410","232","386","215","422","178","425","134","443","107","455","280","494","243","569","205","604","201","612","169","80","241"
"NO-0068-SS55-378-2020-12R.dw.png","198","175","221","174","257","255","261","198","277","116","332","256","393","288","380","269","420","234","391","215","431","180","435","135","451","104","469","280","505","246","587","202","620","197","626","165","84","245"
"NO-0068-SS55-378-2020-13R.dw.png","201","174","228","173","258","254","265","198","279","118","339","259","393","292","378","271","422","238","392","218","432","184","436","141","453","112","462","286","499","251","578","211","614","207","620","176","86","244"
"NO-0068-SS55-378-2020-14R.dw.png","201","169","224","167","251","245","263","191","278","115","339","249","391","278","377","259","416","224","391","206","427","174","431","133","447","105","464","270","500","236","572","199","602","196","609","165","79","233"
"NO-0068-SS55-378-2020-15R.dw.png","193","167","219","166","239","242","255","190","273","116","325","247","373","276","361","256","401","227","380","210","412","176","416","138","434","107","443","269","476","236","544","200","585","194","594","167","77","225"
"NO-0068-SS55-378-2020-16R.dw.png","199","175","227","175","257","254","265","200","276","122","335","258","389","290","374","270","421","237","388","217","429","184","434","143","453","111","462","283","498","249","578","210","610","205","617","173","84","245"
"NO-0068-SS55-378-2020-17R.dw.png","200","173","227","173","264","255","268","201","277","120","338","258","389","290","377","271","417","239","387","218","427","184","433","142","450","109","461","283","491","251","576","210","610","207","620","176","83","239"
"NO-0068-SS55-378-2020-18R.dw.png","200","169","227","169","257","247","266","193","275","117","338","250","392","280","377","260","420","226","392","208","431","177","435","138","451","108","459","274","498","240","577","202","608","199","615","170","85","238"
"NO-0068-SS55-378-2020-19R.dw.png","197","170","222","169","261","248","265","194","276","113","340","250","396","281","380","261","419","228","391","208","427","174","430","133","445","101","467","273","501","240","573","201","608","196","614","164","81","239"
"NO-0068-SS55-378-2020-1R.dw.png","196","174","221","173","249","251","261","199","273","121","334","256","383","289","369","268","408","235","383","218","418","185","423","144","444","112","453","282","488","250","568","208","596","205","603","173","84","238"
"NO-0068-SS55-378-2020-20R.dw.png","196","177","224","178","258","258","267","205","279","121","342","262","393","296","378","274","419","241","394","224","427","186","431","143","451","110","459","289","498","254","582","211","609","208","615","174","84","247"
"NO-0068-SS55-378-2020-21R.dw.png","193","168","221","167","243","243","260","191","272","112","321","245","376","276","363","256","401","222","372","204","411","171","416","131","435","101","443","269","479","234","549","195","589","190","596","160","76","231"
"NO-0068-SS55-378-2020-22R.dw.png","196","172","222","172","264","253","266","199","274","116","335","255","393","289","378","267","421","236","389","214","428","179","432","136","448","104","462","281","498","245","577","205","610","201","620","169","81","241"
"NO-0068-SS55-378-2020-23R.dw.png","202","175","226","175","257","250","267","200","275","119","338","254","389","287","376","266","414","235","388","217","423","182","428","140","450","110","459","281","492","248","575","206","604","202","610","169","85","243"
"NO-0068-SS55-378-2020-24R.dw.png","198","175","223","173","256","253","264","198","278","115","333","254","391","285","378","266","419","231","393","214","430","178","434","134","451","103","468","278","500","246","585","202","616","197","623","165","83","244"
"NO-0068-SS55-378-2020-25R.dw.png","197","167","226","166","261","242","264","190","272","113","340","244","386","273","372","254","411","223","384","205","422","170","425","127","440","95","455","267","489","233","570","192","601","187","608","156","86","234"
"NO-0068-SS55-378-2020-2R.dw.png","196","174","220","173","255","256","258","198","275","121","333","262","382","292","368","272","413","241","381","218","425","187","430","146","448","115","451","286","485","252","568","214","601","211","609","180","79","241"
"NO-0068-SS55-378-2020-3R.dw.png","197","172","222","171","254","249","261","195","276","118","338","251","391","282","377","262","415","228","386","211","425","177","429","137","444","105","459","275","495","239","568","201","601","198","610","167","80","242"
"NO-0068-SS55-378-2020-4R.dw.png","197","165","222","165","254","243","260","190","272","112","333","248","380","279","366","259","411","226","383","208","419","173","421","131","438","101","447","272","482","235","558","198","592","194","603","163","79","233"
"NO-0068-SS55-378-2020-5R.dw.png","194","177","225","176","249","252","260","197","273","118","331","254","388","286","373","265","406","230","386","214","423","177","427","136","445","104","453","279","490","244","565","203","606","197","613","165","82","247"
"NO-0068-SS55-378-2020-6R.dw.png","196","174","223","173","242","244","263","197","274","117","333","249","385","278","372","259","407","224","392","211","424","173","426","130","441","100","452","272","489","235","568","191","600","188","606","155","82","244"
"NO-0068-SS55-378-2020-7R.dw.png","202","173","228","172","260","249","264","195","281","118","335","253","385","285","371","266","413","231","387","212","427","177","430","136","449","106","452","278","487","243","569","204","609","201","618","170","84","237"
"NO-0068-SS55-378-2020-8R.dw.png","201","174","227","173","261","252","262","196","279","118","344","256","395","286","383","267","422","234","393","214","428","180","432","135","448","107","467","280","504","243","582","204","613","201","621","169","82","239"
"NO-0068-SS55-378-2020-9R.dw.png","196","177","222","177","255","257","264","204","279","124","338","261","393","293","377","272","421","240","394","221","433","189","438","147","457","115","464","287","500","255","580","215","614","211","620","180","82","246"
"NO-0069-SS55-90-2020-0R.dw.png","197","173","227","173","251","245","262","195","279","117","333","248","391","279","377","260","416","227","387","208","428","176","431","136","448","105","463","271","495","237","574","197","610","194","618","165","80","240"
"NO-0069-SS55-90-2020-10R.dw.png","200","168","227","168","244","240","260","191","278","116","330","245","386","277","373","257","416","226","387","207","431","176","434","132","450","107","463","269","496","237","575","195","610","192","619","165","77","229"
"NO-0069-SS55-90-2020-11R.dw.png","195","163","224","164","250","238","260","187","277","110","335","241","390","272","377","252","418","219","389","200","428","170","432","128","448","98","466","263","498","230","577","189","613","184","620","154","78","225"
"NO-0069-SS55-90-2020-12R.dw.png","204","168","231","168","259","243","265","191","282","114","335","248","387","281","374","259","417","229","387","208","426","175","434","135","452","105","460","274","496","239","573","199","609","196","619","167","83","232"
"NO-0069-SS55-90-2020-13R.dw.png","199","170","227","171","254","246","260","193","279","118","332","249","387","281","373","260","417","228","389","210","426","177","429","135","445","105","463","273","494","240","573","197","608","193","617","165","79","239"
"NO-0069-SS55-90-2020-14R.dw.png","200","168","230","169","253","245","262","191","285","115","341","250","394","281","382","261","420","227","395","208","436","178","439","136","455","107","469","273","501","240","580","199","618","195","626","167","76","229"
"NO-0069-SS55-90-2020-15R.dw.png","203","170","232","170","258","245","260","191","284","117","343","250","395","281","381","260","422","228","393","208","436","178","440","136","456","108","473","272","505","238","582","197","621","193","628","167","80","233"
"NO-0069-SS55-90-2020-16R.dw.png","200","169","232","170","256","246","262","193","284","117","337","249","393","279","381","261","423","229","392","209","431","178","433","137","452","108","472","271","500","241","578","199","614","196","621","166","80","237"
"NO-0069-SS55-90-2020-17R.dw.png","197","169","225","168","247","240","257","190","273","116","327","243","384","275","371","255","412","222","385","202","425","172","428","131","443","101","463","266","495","233","571","192","608","188","616","161","78","229"
"NO-0069-SS55-90-2020-18R.dw.png","202","168","230","168","250","240","261","189","279","116","335","246","390","276","378","257","420","224","393","205","435","172","438","130","452","102","471","267","504","234","581","194","618","189","625","161","84","233"
"NO-0069-SS55-90-2020-19R.dw.png","198","169","227","169","253","245","258","191","282","117","337","249","393","280","379","259","418","226","395","210","437","178","439","134","455","107","468","271","501","237","579","198","619","193","628","165","76","229"
"NO-0069-SS55-90-2020-1R.dw.png","201","166","234","168","261","244","268","191","288","117","344","248","396","279","383","260","429","229","393","206","433","178","436","137","455","108","471","271","503","236","570","201","609","196","616","166","82","233"
"NO-0069-SS55-90-2020-20R.dw.png","205","173","232","172","257","247","264","194","288","116","341","251","397","283","382","262","423","230","395","211","439","179","442","138","460","107","469","276","502","243","581","203","620","199","629","168","84","240"
"NO-0069-SS55-90-2020-21R.dw.png","203","167","233","168","255","243","261","188","283","115","338","247","396","279","383","259","425","227","393","206","438","177","440","134","456","106","474","271","507","237","586","198","625","194","633","166","79","228"
"NO-0069-SS55-90-2020-22R.dw.png","198","162","229","163","259","235","264","186","272","116","338","239","390","268","379","249","425","219","392","199","428","171","429","128","443","100","465","260","499","227","569","187","605","181","611","152","82","230"
"NO-0069-SS55-90-2020-23R.dw.png","202","170","230","170","255","247","260","192","282","115","339","251","394","283","381","263","423","231","392","209","436","180","441","138","456","108","473","275","503","240","581","200","618","196","627","168","81","235"
"NO-0069-SS55-90-2020-24R.dw.png","205","170","236","170","257","245","266","191","287","116","338","250","397","283","384","263","428","228","399","209","438","177","443","136","460","106","474","274","507","241","587","199","624","195","632","167","84","237"
"NO-0069-SS55-90-2020-25R.dw.png","198","169","231","170","255","247","265","193","283","117","340","251","396","282","384","263","426","230","396","210","436","179","438","139","455","107","474","274","507","242","586","199","622","195","630","166","78","235"
"NO-0069-SS55-90-2020-26R.dw.png","202","174","232","174","262","251","269","199","287","121","344","253","398","285","383","264","429","234","397","212","434","182","438","141","458","110","468","278","505","242","578","206","614","202","623","172","84","244"
"NO-0069-SS55-90-2020-27R.dw.png","199","167","230","168","252","242","266","192","279","117","341","247","392","277","380","258","432","228","390","204","429","177","432","134","449","105","468","270","502","235","577","197","614","193","622","164","79","234"
"NO-0069-SS55-90-2020-28R.dw.png","199","169","230","169","252","244","261","190","281","114","331","247","391","279","378","260","423","226","396","208","435","175","439","135","456","105","470","271","505","237","583","198","621","194","628","165","79","233"
"NO-0069-SS55-90-2020-2R.dw.png","204","169","233","169","261","246","268","192","291","116","346","250","400","282","387","261","430","229","398","208","442","179","442","136","459","108","477","273","511","239","588","199","629","196","639","168","77","228"
"NO-0069-SS55-90-2020-3R.dw.png","197","171","226","171","249","247","259","193","285","116","339","253","394","285","381","265","421","231","391","210","432","181","438","140","456","110","467","277","501","243","580","203","614","200","623","170","78","237"
"NO-0069-SS55-90-2020-4R.dw.png","205","172","234","172","263","250","268","195","290","118","342","254","394","289","381","267","421","234","397","216","436","182","442","142","462","112","466","281","501","248","584","209","619","206","628","176","82","240"
"NO-0069-SS55-90-2020-5R.dw.png","197","171","225","171","250","244","259","194","280","119","336","250","389","283","373","260","417","230","390","211","428","179","433","139","450","110","464","275","496","243","575","201","613","197","621","170","77","232"
"NO-0069-SS55-90-2020-6R.dw.png","197","167","225","167","253","243","259","189","281","113","333","246","389","277","375","257","418","225","391","206","429","174","432","133","449","103","465","270","498","237","575","195","612","191","620","163","78","231"
"NO-0069-SS55-90-2020-7R.dw.png","201","168","232","170","246","243","262","191","286","116","334","249","390","281","376","260","414","228","390","209","435","177","439","136","455","108","468","273","500","238","576","200","618","196","627","167","77","229"
"NO-0069-SS55-90-2020-8R.dw.png","200","171","230","172","257","250","268","197","286","119","339","254","395","285","382","266","425","234","395","213","433","183","436","139","453","110","470","278","505","242","582","205","621","200","630","171","80","237"
"NO-0070-TER11-201-2020-0R.dw.png","205","180","231","180","260","262","268","205","291","120","345","269","401","303","385","279","427","244","403","226","444","187","449","145","472","112","472","295","508","256","596","214","633","210","644","178","78","251"
"NO-0070-TER11-201-2020-10R.dw.png","207","179","233","178","259","258","271","203","293","119","344","261","405","294","392","273","428","238","402","220","442","185","446","142","466","111","475","286","509","251","592","211","629","207","637","175","81","248"
"NO-0070-TER11-201-2020-11R.dw.png","207","177","232","176","258","255","268","201","289","118","341","261","396","293","380","271","419","236","396","218","437","182","440","141","460","110","464","285","500","247","585","207","620","204","629","173","80","247"
"NO-0070-TER11-201-2020-12R.dw.png","205","174","233","174","245","248","268","197","288","115","339","254","399","286","384","265","424","230","397","211","437","178","439","136","458","104","474","276","506","241","585","200","626","196","635","165","80","240"
"NO-0070-TER11-201-2020-13R.dw.png","193","167","223","167","250","245","260","191","275","112","337","249","390","278","377","258","417","224","388","206","426","173","428","133","447","102","459","270","493","233","571","195","607","191","616","160","73","232"
"NO-0070-TER11-201-2020-14R.dw.png","201","172","226","171","247","247","266","195","280","114","340","253","394","284","380","263","422","230","394","211","431","177","433","134","452","104","469","275","499","240","578","201","615","197","625","165","82","239"
"NO-0070-TER11-201-2020-15R.dw.png","197","172","225","172","254","252","265","197","284","115","344","256","400","288","385","266","427","233","399","214","437","180","439","138","459","105","472","279","504","243","585","203","623","199","631","167","78","240"
"NO-0070-TER11-201-2020-16R.dw.png","196","175","225","173","249","252","261","196","275","114","336","255","390","285","378","266","421","232","391","212","429","178","431","135","449","105","460","278","497","243","577","203","611","199","619","169","76","243"
"NO-0070-TER11-201-2020-17R.dw.png","201","175","229","174","254","255","271","202","286","114","344","262","399","293","384","272","427","238","396","218","438","181","443","140","463","109","475","284","508","249","589","208","633","204","639","172","80","245"
"NO-0070-TER11-201-2020-18R.dw.png","202","179","232","179","252","258","274","209","292","118","340","265","400","299","385","277","428","242","403","223","442","189","446","144","467","111","474","291","508","256","587","215","637","211","647","178","79","246"
"NO-0070-TER11-201-2020-19R.dw.png","199","176","227","175","256","253","262","198","279","116","340","255","399","287","383","266","422","233","392","213","433","179","436","138","454","107","466","279","502","242","582","203","615","199","624","168","74","241"
"NO-0070-TER11-201-2020-1R.dw.png","198","176","227","176","255","257","268","202","281","117","345","262","399","293","385","272","428","236","398","218","434","180","437","137","456","105","468","284","505","246","583","206","621","201","629","169","81","250"
"NO-0070-TER11-201-2020-20R.dw.png","203","174","234","173","256","252","270","199","290","117","345","257","407","289","394","270","430","234","403","216","443","182","446","140","465","108","475","282","510","245","593","207","626","203","635","171","80","240"
"NO-0070-TER11-201-2020-21R.dw.png","203","171","229","170","249","246","268","196","282","111","336","252","392","282","379","263","425","230","390","208","431","177","436","133","455","104","465","274","499","238","578","198","621","193","628","164","80","238"
"NO-0070-TER11-201-2020-22R.dw.png","204","170","231","170","253","247","265","192","287","112","339","250","396","279","383","259","424","227","393","206","434","175","437","133","457","102","466","272","501","237","580","196","617","192","626","161","77","237"
"NO-0070-TER11-201-2020-23R.dw.png","202","176","230","175","256","255","271","200","287","116","347","257","405","289","392","269","429","234","401","215","442","179","447","137","464","106","477","281","514","245","592","204","625","201","635","169","77","245"
"NO-0070-TER11-201-2020-24R.dw.png","194","174","224","175","255","258","261","202","287","118","335","263","389","295","376","275","418","239","392","221","434","186","439","143","458","113","462","289","499","252","586","212","626","209","637","177","75","248"
"NO-0070-TER11-201-2020-25R.dw.png","203","173","228","172","263","250","268","198","279","117","340","254","388","284","376","264","413","230","388","211","428","178","431","136","446","107","461","277","493","243","574","202","607","199","617","168","76","237"
"NO-0070-TER11-201-2020-26R.dw.png","197","169","225","169","249","246","260","192","279","113","333","251","390","281","376","262","420","229","390","209","426","175","431","133","450","103","466","274","498","238","575","198","610","194","621","163","79","239"
"NO-0070-TER11-201-2020-27R.dw.png","194","168","222","169","242","248","259","195","277","112","333","254","383","285","371","265","413","231","388","213","426","178","429","137","447","106","459","278","492","244","576","202","612","198","619","167","75","234"
"NO-0070-TER11-201-2020-28R.dw.png","202","173","232","172","259","254","269","196","288","116","349","257","401","287","389","268","433","234","398","212","439","180","446","137","464","106","473","279","511","242","594","201","629","196","638","165","79","243"
"NO-0070-TER11-201-2020-29R.dw.png","204","174","233","174","259","253","267","196","286","116","334","257","391","287","380","269","418","233","397","216","434","179","439","138","460","108","466","280","504","244","585","204","624","198","633","169","79","241"
"NO-0070-TER11-201-2020-2R.dw.png","206","182","233","181","251","260","271","205","288","119","340","264","402","297","387","276","431","238","404","220","442","186","447","143","468","109","475","288","509","252","588","211","633","205","643","174","80","251"
"NO-0070-TER11-201-2020-3R.dw.png","204","177","231","176","256","255","268","199","284","116","346","259","402","290","387","270","426","233","396","215","435","177","440","136","458","104","470","282","506","244","582","204","618","199","628","167","82","249"
"NO-0070-TER11-201-2020-4R.dw.png","197","172","227","172","255","253","266","198","285","117","336","255","396","289","381","267","421","233","396","215","436","181","439","141","458","108","465","281","501","245","582","207","620","202","629","172","81","244"
"NO-0070-TER11-201-2020-5R.dw.png","204","175","232","175","257","255","270","201","291","117","344","260","404","294","389","271","430","237","400","216","441","184","445","141","465","108","474","285","509","248","590","207","627","204","637","172","77","245"
"NO-0070-TER11-201-2020-6R.dw.png","200","177","228","176","258","257","270","203","290","117","346","260","404","293","389","271","430","237","399","218","439","183","443","141","462","109","472","285","509","246","585","209","624","205","631","172","79","246"
"NO-0070-TER11-201-2020-7R.dw.png","201","176","227","174","253","252","267","200","281","115","335","256","390","289","376","267","418","232","387","211","430","179","433","137","452","105","460","281","495","244","578","203","612","199","623","167","76","246"
"NO-0070-TER11-201-2020-8R.dw.png","202","171","230","170","252","248","267","195","288","115","340","253","398","285","382","263","422","230","394","210","435","178","437","137","456","106","467","277","504","241","581","201","617","197","626","166","79","239"
"NO-0070-TER11-201-2020-9R.dw.png","195","174","225","174","243","250","261","197","280","116","336","254","391","287","376","266","421","232","391","212","426","179","429","137","449","106","456","279","492","242","569","203","610","198","618","167","77","243"
"NO-0071-TER11-212-2020-0R.dw.png","201","180","234","181","270","264","275","207","292","127","356","269","408","299","395","280","436","244","404","223","446","188","448","145","465","113","477","292","514","254","594","214","628","210","635","178","82","251"
"NO-0071-TER11-212-2020-10R.dw.png","199","177","228","176","261","257","269","202","281","121","345","262","398","294","386","274","427","240","398","221","433","184","435","141","450","111","467","287","505","250","583","211","614","208","622","177","77","246"
"NO-0071-TER11-212-2020-11R.dw.png","208","185","238","184","272","266","281","210","295","123","363","272","416","306","402","282","442","246","416","228","455","189","457","144","475","111","486","298","527","259","615","216","645","213","655","180","85","262"
"NO-0071-TER11-212-2020-12R.dw.png","205","180","235","180","265","260","274","207","288","121","346","264","399","296","385","275","431","241","402","222","440","186","443","144","461","112","471","289","510","251","594","211","626","209","634","177","84","253"
"NO-0071-TER11-212-2020-13R.dw.png","198","177","230","177","268","258","270","202","283","123","344","260","398","291","385","272","425","237","397","217","438","184","440","143","456","111","469","284","505","247","586","209","620","205","628","175","81","250"
"NO-0071-TER11-212-2020-14R.dw.png","205","182","235","182","267","263","270","206","292","125","347","266","404","300","388","277","433","242","404","224","445","187","446","146","465","113","473","292","511","252","594","217","631","212","641","180","82","252"
"NO-0071-TER11-212-2020-15R.dw.png","203","180","233","180","263","262","273","207","293","122","345","267","401","299","388","279","429","242","406","225","445","188","448","145","467","115","471","292","513","253","599","216","634","214","644","182","82","250"
"NO-0071-TER11-212-2020-16R.dw.png","203","182","232","182","268","265","271","206","287","121","351","268","408","302","392","280","437","246","403","225","443","188","445","146","463","112","475","295","515","256","595","217","629","214","639","181","83","258"
"NO-0071-TER11-212-2020-17R.dw.png","196","169","225","169","246","247","262","194","281","114","337","251","392","281","379","262","418","228","390","210","431","178","433","137","451","106","458","274","495","239","577","200","615","197","622","165","80","237"
"NO-0071-TER11-212-2020-18R.dw.png","201","174","233","174","259","251","270","198","283","118","340","255","395","287","381","267","420","232","395","215","431","179","436","138","456","108","467","280","503","242","584","205","620","201","629","170","81","244"
"NO-0071-TER11-212-2020-19R.dw.png","198","177","225","177","251","257","266","204","283","118","338","263","394","295","380","274","423","240","400","223","433","187","437","143","454","112","463","288","497","251","583","213","618","209","629","179","77","245"
"NO-0071-TER11-212-2020-1R.dw.png","201","176","231","176","254","253","265","200","282","119","334","258","385","291","371","269","409","234","387","217","426","184","428","141","447","112","461","282","492","249","574","207","608","204","617","174","78","241"
"NO-0071-TER11-212-2020-20R.dw.png","199","178","232","179","266","261","266","201","286","123","345","263","397","293","385","275","429","240","397","218","439","183","440","143","458","111","469","287","507","249","586","208","620","206","629","174","81","248"
"NO-0071-TER11-212-2020-21R.dw.png","203","176","235","176","262","257","270","199","289","117","346","261","402","290","387","271","429","234","402","216","442","180","443","138","460","107","471","284","506","246","591","206","623","203","630","171","83","252"
"NO-0071-TER11-212-2020-22R.dw.png","203","179","235","179","266","262","272","203","295","124","354","267","410","298","398","279","441","243","412","223","451","187","453","144","470","113","482","290","518","251","603","213","637","210","645","178","83","250"
"NO-0071-TER11-212-2020-23R.dw.png","206","184","235","183","264","265","274","208","290","124","345","270","405","304","390","282","430","245","406","228","446","189","451","147","469","115","474","296","513","259","600","218","634","214","644","182","84","260"
"NO-0071-TER11-212-2020-24R.dw.png","209","181","236","180","265","259","281","207","290","122","350","264","405","295","392","276","429","240","400","219","441","185","444","143","461","113","475","288","509","252","591","210","627","207","636","175","83","252"
"NO-0071-TER11-212-2020-25R.dw.png","199","180","229","179","263","261","271","206","284","120","346","266","401","298","386","277","426","240","402","223","437","186","440","144","456","112","467","291","505","251","584","216","622","212","630","180","83","256"
"NO-0071-TER11-212-2020-26R.dw.png","196","173","226","175","261","255","263","200","282","124","340","261","390","291","377","272","420","238","393","219","429","185","434","143","451","111","458","283","495","248","579","208","611","205","619","175","82","241"
"NO-0071-TER11-212-2020-27R.dw.png","201","172","234","174","254","251","268","198","286","118","342","258","396","290","382","268","417","233","397","217","431","183","435","141","456","109","468","282","500","249","581","206","617","201","626","170","76","236"
"NO-0071-TER11-212-2020-28R.dw.png","199","180","231","179","267","260","267","202","288","124","353","263","409","293","396","274","435","238","406","219","444","183","445","141","461","109","479","285","515","248","590","207","626","203","634","171","82","254"
"NO-0071-TER11-212-2020-29R.dw.png","199","179","224","178","255","256","270","205","277","122","340","261","396","292","382","271","418","236","392","216","429","182","433","142","451","112","464","284","499","247","580","209","615","206","624","175","75","247"
"NO-0071-TER11-212-2020-2R.dw.png","202","179","232","179","257","257","268","203","283","120","346","263","397","292","385","273","423","236","396","218","433","184","433","141","449","109","464","286","504","247","583","207","616","204","627","174","80","252"
"NO-0071-TER11-212-2020-3R.dw.png","201","178","232","178","264","257","267","201","285","121","341","261","398","293","384","273","424","239","397","220","438","184","443","145","460","113","464","287","502","251","587","212","623","210","632","179","79","247"
"NO-0071-TER11-212-2020-4R.dw.png","195","174","229","174","250","252","270","201","279","118","335","257","392","289","377","268","419","234","393","215","432","182","434","141","453","111","460","282","497","245","572","208","613","203","620","172","80","245"
"NO-0071-TER11-212-2020-5R.dw.png","202","178","233","177","274","261","275","203","295","122","359","265","415","295","402","275","441","240","412","221","449","184","452","141","468","110","483","288","522","250","604","209","635","206","643","174","87","257"
"NO-0071-TER11-212-2020-6R.dw.png","196","172","226","173","251","250","264","198","279","116","340","257","393","287","382","268","422","234","391","214","429","181","432","140","451","109","464","279","496","245","577","206","615","203","623","173","78","239"
"NO-0071-TER11-212-2020-7R.dw.png","200","178","225","177","250","253","269","203","279","118","336","257","392","289","379","268","412","232","388","213","425","179","427","137","443","106","459","281","497","243","576","203","610","201","618","171","79","249"
"NO-0071-TER11-212-2020-8R.dw.png","193","172","223","172","248","252","261","198","279","117","339","259","396","289","381","269","422","234","394","215","431","182","433","140","449","109","465","281","501","246","578","206","618","202","626","172","78","245"
"NO-0071-TER11-212-2020-9R.dw.png","200","175","236","177","262","256","268","199","289","122","342","260","396","291","384","271","426","236","397","215","439","182","441","141","459","108","466","284","505","244","582","206","615","203","623","171","79","244"
"NO-0072-TER11-236-2020-0R.dw.png","205","172","230","171","264","250","267","195","283","118","344","254","400","286","387","265","425","232","399","213","437","178","441","138","459","107","469","278","508","242","582","203","626","198","635","168","83","238"
"NO-0072-TER11-236-2020-10R.dw.png","202","172","228","171","260","249","267","196","281","119","337","251","394","284","381","264","422","231","397","212","433","178","437","139","455","109","464","276","500","242","579","204","619","200","627","168","82","242"
"NO-0072-TER11-236-2020-11R.dw.png","205","168","231","168","264","246","266","191","286","115","345","249","401","279","387","259","425","226","397","206","438","174","439","135","457","104","471","271","503","235","580","197","619","193","627","161","81","240"
"NO-0072-TER11-236-2020-12R.dw.png","206","170","230","168","260","245","267","192","282","116","343","249","398","280","385","260","421","227","396","210","435","177","438","136","454","106","468","272","502","236","576","199","614","195","623","167","84","237"
"NO-0072-TER11-236-2020-13R.dw.png","207","171","236","171","257","249","274","196","287","117","346","252","402","285","388","263","424","229","404","213","443","178","447","137","464","107","469","277","507","241","589","200","627","195","631","164","84","240"
"NO-0072-TER11-236-2020-14R.dw.png","199","171","226","170","263","246","267","196","281","115","342","250","400","282","386","262","421","228","398","212","435","176","438","137","456","105","463","276","502","239","582","201","617","197","624","165","80","240"
"NO-0072-TER11-236-2020-15R.dw.png","207","175","236","174","264","253","273","198","289","119","350","254","410","287","394","266","435","233","401","212","445","179","450","138","467","108","479","280","514","244","595","204","631","201","637","168","84","248"
"NO-0072-TER11-236-2020-16R.dw.png","207","170","236","170","266","247","272","194","290","116","349","251","405","284","391","263","434","230","408","212","443","178","445","138","464","106","473","277","510","239","585","203","624","198","632","168","82","240"
"NO-0072-TER11-236-2020-17R.dw.png","204","171","231","171","260","248","269","197","288","117","343","254","399","285","386","266","423","231","403","215","439","181","442","140","459","111","469","279","504","244","587","205","621","202","628","171","80","238"
"NO-0072-TER11-236-2020-18R.dw.png","200","173","229","173","251","247","268","198","274","118","337","252","388","282","375","262","413","229","385","209","424","177","427","136","443","105","455","275","492","238","563","200","600","195","608","164","81","242"
"NO-0072-TER11-236-2020-19R.dw.png","202","165","232","165","261","241","268","189","288","114","340","244","399","277","385","255","421","222","394","203","435","171","441","132","461","102","470","268","501","233","580","194","620","189","628","158","81","229"
"NO-0072-TER11-236-2020-1R.dw.png","217","172","244","171","269","250","283","196","295","119","358","254","413","285","399","264","438","231","412","212","451","178","456","138","473","110","482","278","523","241","603","202","638","198","649","169","83","237"
"NO-0072-TER11-236-2020-20R.dw.png","208","180","239","179","268","260","274","202","290","124","354","264","407","295","395","275","436","239","403","217","442","184","445","145","464","113","476","287","510","252","591","211","630","207","638","176","83","251"
"NO-0072-TER11-236-2020-21R.dw.png","205","179","231","177","260","255","272","203","288","120","348","259","402","290","389","270","433","237","401","213","441","182","445","141","461","110","475","283","509","250","593","207","632","204","641","171","86","252"
"NO-0072-TER11-236-2020-22R.dw.png","211","171","238","169","269","248","276","194","293","117","354","251","412","282","400","262","441","230","412","210","449","176","452","138","470","108","483","275","520","237","598","201","636","198","646","167","82","238"
"NO-0072-TER11-236-2020-23R.dw.png","210","177","238","176","266","254","273","199","291","120","353","259","407","288","394","269","433","233","400","211","438","178","442","138","460","105","476","281","511","244","593","203","628","198","639","167","84","244"
"NO-0072-TER11-236-2020-24R.dw.png","204","173","232","173","259","249","266","196","289","116","346","252","404","284","390","264","425","230","401","212","440","177","444","137","461","105","472","278","508","241","591","202","628","198","636","167","80","242"
"NO-0072-TER11-236-2020-25R.dw.png","207","174","236","173","265","252","274","199","286","119","350","256","401","286","387","265","430","232","399","209","435","178","437","138","456","107","473","278","507","242","585","203","625","197","632","166","80","239"
"NO-0072-TER11-236-2020-26R.dw.png","202","170","231","170","260","248","268","195","287","116","345","251","400","284","387","263","430","229","400","209","439","177","442","137","459","108","471","277","506","241","588","202","625","199","633","168","80","241"
"NO-0072-TER11-236-2020-27R.dw.png","205","173","233","172","264","251","267","195","288","116","350","254","406","286","392","265","432","231","403","212","442","179","444","137","460","106","477","278","511","243","591","201","623","198","632","167","82","244"
"NO-0072-TER11-236-2020-2R.dw.png","207","169","235","169","264","246","275","193","286","117","354","250","409","281","396","260","437","228","411","210","443","174","446","135","461","104","483","272","515","236","594","194","625","191","633","159","83","234"
"NO-0072-TER11-236-2020-3R.dw.png","172","142","198","139","237","215","242","162","249","79","323","210","376","236","364","218","402","179","373","162","406","127","405","87","419","55","450","220","482","183","557","132","593","123","597","94","54","224"
"NO-0072-TER11-236-2020-4R.dw.png","208","174","237","174","267","254","275","199","291","120","352","258","406","290","392","269","437","236","407","216","445","181","449","140","465","110","477","283","518","245","596","206","635","202","643","170","83","244"
"NO-0072-TER11-236-2020-5R.dw.png","202","170","231","170","258","246","265","194","281","117","337","251","387","282","376","262","419","230","384","206","425","176","427","136","446","106","459","275","492","240","570","201","607","198","614","167","77","233"
"NO-0072-TER11-236-2020-6R.dw.png","206","175","235","173","271","254","279","200","286","119","352","256","406","287","393","266","433","234","404","215","439","180","442","139","458","110","474","280","510","244","590","204","622","200","630","170","87","250"
"NO-0072-TER11-236-2020-7R.dw.png","205","173","230","172","267","251","269","196","283","116","350","254","406","282","392","263","432","230","400","210","440","175","445","135","460","103","482","274","515","238","588","198","628","194","635","162","83","245"
"NO-0072-TER11-236-2020-8R.dw.png","205","169","234","167","269","246","274","192","287","111","351","248","410","278","395","258","432","223","406","207","442","171","444","130","460","101","477","270","514","233","590","192","624","187","632","157","83","241"
"NO-0072-TER11-236-2020-9R.dw.png","210","172","238","171","272","251","275","196","292","116","353","255","404","285","391","265","433","232","400","210","440","177","444","138","463","106","474","278","509","242","588","202","627","198","634","167","87","246"
"NO-0073-TER11-285-2020-0R.dw.png","203","181","229","180","261","258","267","204","278","121","344","260","403","293","386","271","422","238","392","219","429","185","434","144","452","112","468","286","498","251","573","209","613","206","619","175","86","258"
"NO-0073-TER11-285-2020-10R.dw.png","198","173","224","173","254","249","257","194","278","115","334","251","393","286","377","261","415","229","386","211","425","178","429","139","447","107","458","278","493","243","566","202","603","199","611","167","85","245"
"NO-0073-TER11-285-2020-11R.dw.png","205","183","234","181","261","264","270","205","293","122","355","268","413","300","397","278","437","244","403","223","445","188","449","146","470","112","478","293","517","255","592","215","631","211","638","177","87","257"
"NO-0073-TER11-285-2020-12R.dw.png","202","181","228","180","255","261","262","203","284","121","342","266","400","299","384","276","422","242","394","223","433","188","438","147","456","114","464","291","501","254","576","216","617","211","624","179","86","254"
"NO-0073-TER11-285-2020-13R.dw.png","201","178","229","179","262","260","264","202","286","118","347","265","404","299","387","275","425","241","392","220","434","186","439","145","459","112","469","291","502","255","580","214","621","209","629","177","86","254"
"NO-0073-TER11-285-2020-14R.dw.png","200","174","229","174","254","253","265","198","282","115","339","257","400","291","383","267","421","234","389","214","431","179","435","139","453","108","463","283","500","246","574","207","617","203","624","172","83","245"
"NO-0073-TER11-285-2020-15R.dw.png","199","178","226","176","252","252","263","198","277","118","339","254","397","288","381","265","419","232","389","212","431","179","434","140","451","108","459","281","495","242","571","204","612","200","620","169","84","250"
"NO-0073-TER11-285-2020-16R.dw.png","207","181","233","181","264","264","270","207","293","123","349","270","405","303","390","281","429","247","396","225","439","191","445","147","465","113","472","296","508","259","585","218","626","213","634","180","87","252"
"NO-0073-TER11-285-2020-17R.dw.png","199","176","225","176","252","257","261","200","288","119","340","262","398","296","381","272","422","239","389","218","428","185","433","144","453","112","465","288","500","252","573","213","612","208","619","176","81","245"
"NO-0073-TER11-285-2020-18R.dw.png","177","183","203","181","236","258","244","203","253","122","322","259","380","291","362","268","398","234","368","215","406","180","408","142","425","111","437","283","476","244","550","203","585","199","590","168","62","255"
"NO-0073-TER11-285-2020-19R.dw.png","204","176","230","176","256","256","265","199","286","120","344","260","404","293","389","272","428","238","391","216","436","183","439","143","458","109","472","286","509","249","579","210","623","205","629","173","86","246"
"NO-0073-TER11-285-2020-1R.dw.png","203","178","231","178","259","259","267","202","290","121","349","263","404","296","389","274","427","238","394","219","435","185","439","143","458","111","472","288","506","252","578","212","622","207","630","175","86","252"
"NO-0073-TER11-285-2020-20R.dw.png","210","180","235","179","273","260","274","202","289","120","358","265","415","296","399","273","439","240","406","219","446","185","448","145","466","113","483","288","518","250","593","210","631","206","638","176","86","252"
"NO-0073-TER11-285-2020-21R.dw.png","204","181","230","181","260","262","267","205","289","121","345","266","403","300","387","278","427","244","396","224","436","189","440","148","461","115","468","293","503","257","581","216","621","211","628","178","86","255"
"NO-0073-TER11-285-2020-22R.dw.png","199","175","226","174","256","250","264","197","278","117","344","254","396","288","382","265","420","232","387","212","429","180","434","142","451","111","462","280","496","243","572","205","611","202","619","172","86","248"
"NO-0073-TER11-285-2020-23R.dw.png","209","182","234","182","262","266","267","205","293","124","349","272","405","306","390","283","430","248","399","227","441","191","445","149","464","115","470","299","507","262","583","221","625","216","636","183","83","254"
"NO-0073-TER11-285-2020-24R.dw.png","202","180","229","179","257","261","264","202","286","120","347","265","403","299","387","276","422","240","391","220","436","185","440","143","460","110","471","291","507","254","581","213","622","209","630","176","84","253"
"NO-0073-TER11-285-2020-25R.dw.png","205","177","231","177","261","257","270","202","280","118","344","259","404","292","386","268","423","235","396","217","432","183","437","141","455","112","467","285","504","246","575","206","615","203","620","172","85","251"
"NO-0073-TER11-285-2020-26R.dw.png","205","185","231","184","258","264","266","207","287","124","343","269","400","302","385","280","426","246","390","223","433","188","436","147","456","112","466","294","503","257","577","216","619","212","626","179","88","258"
"NO-0073-TER11-285-2020-2R.dw.png","209","182","235","180","269","261","273","202","288","121","356","263","411","294","396","273","434","239","404","220","442","183","445","143","464","111","475","287","512","249","590","210","628","207","634","175","86","253"
"NO-0073-TER11-285-2020-4R.dw.png","207","182","235","181","266","265","268","204","291","122","349","268","405","302","391","278","431","243","399","222","440","188","443","146","464","111","475","294","509","255","586","215","628","210","636","177","87","257"
"NO-0073-TER11-285-2020-5R.dw.png","210","179","235","178","272","259","272","201","289","120","353","263","409","296","393","273","431","240","400","218","442","185","445","144","463","113","476","289","510","254","589","211","627","208","634","175","85","248"
"NO-0073-TER11-285-2020-6R.dw.png","208","185","234","184","263","265","271","208","290","124","353","269","408","303","393","280","434","245","399","223","441","191","444","149","464","115","474","294","512","258","586","219","629","213","637","181","89","256"
"NO-0073-TER11-285-2020-7R.dw.png","201","173","229","172","255","251","262","194","284","115","343","255","399","288","383","265","423","232","393","212","434","179","438","140","456","108","465","280","501","245","574","204","615","201","622","169","84","245"
"NO-0073-TER11-285-2020-8R.dw.png","201","173","228","173","254","249","263","197","282","117","336","254","396","288","381","265","419","234","390","214","429","179","431","140","451","106","460","280","494","245","571","205","611","199","619","168","83","241"
"NO-0073-TER11-285-2020-9R.dw.png","203","181","227","180","256","262","262","203","283","121","343","267","400","301","385","279","423","244","391","224","430","187","435","146","454","112","465","294","502","257","578","216","618","211","626","179","85","253"
"NO-0074-TER11-303-2020-0R.dw.png","207","168","236","167","268","245","272","192","285","114","347","247","401","277","387","256","422","222","402","207","440","172","444","134","460","103","470","269","506","232","583","196","617","191","626","160","84","238"
"NO-0074-TER11-303-2020-10R.dw.png","199","170","227","169","259","244","265","192","281","116","343","247","399","278","383","256","420","222","398","206","435","174","436","135","454","103","466","270","500","234","579","197","616","192","624","161","78","236"
"NO-0074-TER11-303-2020-11R.dw.png","205","175","232","173","271","255","268","196","283","117","350","256","411","288","393","266","428","230","405","214","444","178","448","139","465","106","481","279","513","244","591","203","624","199","632","167","82","249"
"NO-0074-TER11-303-2020-12R.dw.png","210","172","238","171","268","248","275","194","293","115","351","252","411","284","398","263","435","228","411","211","448","176","449","135","469","104","478","276","512","239","597","199","631","196","641","163","84","242"
"NO-0074-TER11-303-2020-13R.dw.png","206","174","234","172","269","249","271","195","287","118","346","252","408","286","391","262","428","229","405","212","442","177","446","138","463","107","476","277","512","240","589","204","628","199","637","167","84","242"
"NO-0074-TER11-303-2020-14R.dw.png","209","176","237","176","271","256","274","200","292","120","356","259","412","291","397","269","435","234","405","215","446","179","451","138","467","107","479","283","512","247","592","205","624","201","635","169","84","248"
"NO-0074-TER11-303-2020-15R.dw.png","213","178","240","175","274","253","278","198","293","117","353","256","411","287","394","265","434","230","412","214","448","179","450","138","468","106","476","279","512","242","588","203","622","198","629","165","83","250"
"NO-0074-TER11-303-2020-16R.dw.png","203","170","231","169","269","247","269","191","284","114","344","249","401","280","387","259","425","225","401","208","438","174","441","134","458","102","467","272","504","234","585","195","617","191","625","160","82","241"
"NO-0074-TER11-303-2020-17R.dw.png","196","166","226","167","247","241","259","189","282","111","329","245","390","280","372","257","413","224","388","206","425","176","428","137","449","106","457","272","487","236","567","198","606","194","612","164","75","234"
"NO-0074-TER11-303-2020-18R.dw.png","205","176","230","174","263","251","268","198","285","119","342","254","399","286","382","264","415","228","396","214","437","177","441","138","459","105","461","279","494","244","578","202","616","197","624","166","80","245"
"NO-0074-TER11-303-2020-19R.dw.png","202","177","233","177","262","254","268","200","288","119","345","256","398","287","383","265","423","231","395","212","437","178","440","139","459","108","467","279","498","243","585","203","617","199","626","169","77","246"
"NO-0074-TER11-303-2020-1R.dw.png","203","174","232","174","258","251","268","198","290","120","344","255","403","287","389","266","428","232","400","213","440","182","442","142","461","110","473","279","503","244","588","204","620","201","630","169","80","242"
"NO-0074-TER11-303-2020-20R.dw.png","204","174","231","174","252","251","266","197","287","117","344","257","401","291","385","267","421","233","399","217","436","182","440","140","461","108","468","283","500","246","578","207","616","203","624","171","80","242"
"NO-0074-TER11-303-2020-21R.dw.png","207","171","234","170","268","250","268","192","285","115","343","251","398","284","382","261","421","226","401","210","438","175","441","135","459","104","467","276","503","240","582","200","618","196","627","165","79","240"
"NO-0074-TER11-303-2020-22R.dw.png","201","177","231","177","257","256","263","198","284","119","341","258","401","293","384","270","428","237","397","215","437","183","440","142","458","109","471","284","502","248","580","209","621","204","630","173","82","253"
"NO-0074-TER11-303-2020-23R.dw.png","205","178","233","178","257","255","271","202","287","121","345","260","398","289","384","268","419","233","391","213","435","181","440","143","458","109","465","282","499","246","578","206","612","202","621","170","77","245"
"NO-0074-TER11-303-2020-24R.dw.png","212","178","237","178","272","260","277","203","293","120","353","262","411","297","396","274","432","238","409","221","447","184","450","142","469","110","478","290","513","252","596","211","630","207","637","175","83","250"
"NO-0074-TER11-303-2020-25R.dw.png","204","172","230","170","270","251","268","194","282","118","348","253","406","286","388","262","418","226","398","211","439","175","442","136","461","104","473","278","509","240","587","200","624","195","634","164","80","242"
"NO-0074-TER11-303-2020-26R.dw.png","213","173","239","172","276","250","274","194","293","115","348","252","405","285","390","262","428","227","406","211","446","175","448","137","468","103","476","277","514","238","590","201","629","196","638","165","83","244"
"NO-0074-TER11-303-2020-27R.dw.png","214","179","243","177","271","255","282","200","294","119","356","255","414","289","399","266","436","230","414","214","453","178","456","138","474","105","482","281","518","246","604","203","638","199","647","166","86","253"
"NO-0074-TER11-303-2020-28R.dw.png","210","172","237","172","271","253","275","196","290","115","350","255","403","288","388","265","428","230","405","214","442","177","445","136","463","103","475","280","511","241","589","201","618","197","628","163","82","243"
"NO-0074-TER11-303-2020-29R.dw.png","199","175","227","174","249","247","260","194","281","116","335","250","393","283","378","260","415","226","392","210","429","177","432","138","450","105","459","275","491","239","566","199","604","196","613","165","81","244"
"NO-0074-TER11-303-2020-2R.dw.png","200","173","228","173","249","249","265","197","283","115","338","254","395","287","382","265","423","232","394","213","431","180","435","139","455","107","466","278","496","244","577","202","611","198","619","167","77","240"
"NO-0074-TER11-303-2020-3R.dw.png","211","177","240","176","272","253","275","198","293","120","356","253","416","286","401","264","438","231","413","213","451","178","455","138","473","106","484","277","516","243","604","201","636","197","644","165","82","243"
"NO-0074-TER11-303-2020-4R.dw.png","209","171","237","171","268","249","269","192","289","117","349","252","403","284","389","262","431","228","401","208","441","176","443","134","460","104","472","276","505","240","579","200","613","195","620","163","82","239"
"NO-0074-TER11-303-2020-5R.dw.png","205","172","231","171","261","248","271","197","284","116","343","253","395","284","382","264","422","229","393","209","433","177","433","136","451","104","470","276","501","240","579","202","613","198","621","166","79","241"
"NO-0074-TER11-303-2020-6R.dw.png","211","175","239","174","275","253","281","200","289","119","358","256","407","287","394","266","431","231","402","211","443","179","448","139","466","106","476","279","508","242","587","202","619","198","629","166","81","244"
"NO-0074-TER11-303-2020-7R.dw.png","200","168","228","167","269","248","262","190","279","115","343","250","396","281","380","259","415","224","395","209","434","173","438","134","455","103","462","273","498","236","580","197","614","193","624","162","79","240"
"NO-0074-TER11-303-2020-8R.dw.png","203","172","230","171","262","248","266","194","285","116","342","251","395","281","382","260","422","227","393","207","434","176","436","138","452","105","467","273","499","238","573","200","605","196","615","164","77","239"
"NO-0074-TER11-303-2020-9R.dw.png","208","169","236","169","267","247","266","191","291","116","347","249","403","280","389","259","425","223","401","207","438","173","441","133","458","103","472","271","503","234","584","197","616","193","624","162","80","238"
"NO-0075-TER11-346-2020-0R.dw.png","198","175","228","175","258","252","269","201","281","117","339","255","394","287","379","265","420","233","389","212","428","181","431","141","449","110","458","279","494","241","572","206","608","203","617","170","78","245"
"NO-0075-TER11-346-2020-10R.dw.png","206","181","235","180","267","261","269","201","291","123","349","263","406","295","389","272","432","238","405","219","446","182","447","141","463","108","476","286","512","248","587","207","623","203","631","171","82","256"
"NO-0075-TER11-346-2020-11R.dw.png","204","182","230","179","267","261","266","202","280","123","346","265","398","299","381","274","419","238","398","223","435","186","438","144","457","112","460","292","502","253","584","213","619","210","628","177","81","255"
"NO-0075-TER11-346-2020-12R.dw.png","207","178","235","177","271","257","271","199","292","119","351","260","410","294","394","271","438","237","407","217","446","180","448","139","466","106","475","287","512","249","594","207","630","204","641","171","83","250"
"NO-0075-TER11-346-2020-13R.dw.png","210","177","238","177","270","257","279","202","292","118","354","261","408","295","391","270","430","237","404","217","443","184","446","142","462","110","478","287","509","250","591","210","627","207","637","175","79","246"
"NO-0075-TER11-346-2020-14R.dw.png","207","175","234","174","270","254","271","198","288","120","343","257","399","289","379","266","423","233","398","215","439","182","443","143","460","112","465","281","500","245","579","209","618","205","630","174","83","246"
"NO-0075-TER11-346-2020-15R.dw.png","199","177","226","176","256","254","265","201","279","119","328","258","382","293","367","270","411","235","384","216","421","182","426","142","445","111","447","286","484","247","571","209","601","206","611","174","76","246"
"NO-0075-TER11-346-2020-16R.dw.png","201","177","228","175","256","254","267","200","285","117","335","258","392","292","377","270","421","236","389","214","430","180","434","140","454","107","462","285","496","247","578","207","614","204","624","172","77","245"
"NO-0075-TER11-346-2020-17R.dw.png","209","177","238","177","268","258","271","200","297","122","349","263","404","295","390","274","435","241","407","221","447","184","450","143","466","112","473","288","510","251","591","211","626","207","635","177","79","245"
"NO-0075-TER11-346-2020-18R.dw.png","207","173","237","172","262","249","274","196","294","117","345","253","407","285","390","264","430","230","407","212","443","178","445","138","462","106","475","278","509","243","591","203","629","199","639","168","81","240"
"NO-0075-TER11-346-2020-19R.dw.png","203","175","230","175","255","258","263","198","289","116","341","262","401","298","385","274","431","241","399","219","440","187","443","144","462","114","468","291","510","253","585","213","628","209","637","179","77","245"
"NO-0075-TER11-346-2020-1R.dw.png","202","175","229","173","264","254","265","197","284","118","342","257","397","292","380","267","420","233","398","217","436","179","440","140","457","107","460","286","500","245","582","207","623","204","631","171","78","249"
"NO-0075-TER11-346-2020-20R.dw.png","214","184","240","182","273","266","274","204","297","123","359","269","413","302","398","279","441","246","414","226","455","188","458","146","474","113","483","294","518","256","601","216","636","214","646","181","84","258"
"NO-0075-TER11-346-2020-21R.dw.png","213","181","240","181","267","260","278","205","294","121","352","263","407","297","392","274","431","239","405","219","445","185","449","145","468","112","477","289","514","249","592","212","631","208","641","177","82","248"
"NO-0075-TER11-346-2020-22R.dw.png","201","175","228","174","254","249","269","201","282","117","333","255","393","289","378","267","415","233","388","213","430","179","436","141","454","109","460","282","497","247","579","207","613","204","624","172","76","241"
"NO-0075-TER11-346-2020-23R.dw.png","203","172","232","172","266","254","267","196","289","116","344","259","401","292","383","269","423","233","401","217","438","181","440","141","459","110","468","285","503","248","584","209","616","206","625","173","79","245"
"NO-0075-TER11-346-2020-24R.dw.png","205","177","235","177","264","257","270","199","294","119","348","261","406","295","389","272","430","236","403","218","441","182","444","141","463","110","475","286","508","250","592","210","623","207","633","175","81","249"
"NO-0075-TER11-346-2020-25R.dw.png","201","177","232","177","269","259","267","200","292","120","343","261","398","295","382","272","425","237","402","221","441","188","443","142","461","109","467","288","503","250","583","209","618","205","626","172","81","250"
"NO-0075-TER11-346-2020-26R.dw.png","203","179","229","177","261","254","266","201","283","119","335","258","388","291","374","269","418","236","386","215","427","179","432","140","450","108","460","283","492","247","572","207","609","203","620","170","77","248"
"NO-0075-TER11-346-2020-27R.dw.png","204","180","232","180","264","261","274","206","288","121","350","264","407","297","391","274","428","239","400","219","441","183","443","143","461","110","475","289","509","251","589","210","625","206","633","173","76","249"
"NO-0075-TER11-346-2020-28R.dw.png","203","179","233","178","267","259","270","202","288","120","341","260","404","297","386","272","429","237","400","219","440","183","444","142","462","109","474","288","510","250","593","210","630","208","639","175","83","255"
"NO-0075-TER11-346-2020-29R.dw.png","206","181","235","181","267","261","269","203","294","121","348","265","408","299","392","276","433","240","404","220","446","185","449","145","468","113","476","291","512","255","598","213","631","210","640","177","80","254"
"NO-0075-TER11-346-2020-2R.dw.png","206","183","232","181","266","262","273","207","286","122","350","266","401","298","385","274","431","242","397","220","438","184","441","144","458","110","474","290","509","252","585","213","622","209","631","176","76","254"
"NO-0075-TER11-346-2020-3R.dw.png","203","183","230","183","260","260","266","205","285","121","339","264","395","299","380","275","423","241","390","219","433","184","439","144","458","112","462","291","501","253","584","212","620","210","630","177","77","257"
"NO-0075-TER11-346-2020-4R.dw.png","211","179","239","178","267","258","274","200","296","119","352","263","410","296","394","272","435","237","410","219","449","183","452","143","472","110","480","289","518","250","601","210","634","208","644","176","81","250"
"NO-0075-TER11-346-2020-5R.dw.png","204","178","232","178","261","256","270","203","286","119","342","263","395","296","380","273","423","237","393","216","434","180","438","140","458","107","467","288","500","249","584","209","621","204","632","172","78","250"
"NO-0075-TER11-346-2020-6R.dw.png","208","181","238","181","268","262","272","203","296","122","353","266","411","299","394","276","438","242","408","222","449","185","452","143","469","112","481","291","518","253","600","212","637","209","645","177","82","253"
"NO-0075-TER11-346-2020-7R.dw.png","206","180","234","180","267","261","271","205","295","118","349","265","405","298","389","275","435","240","409","223","446","185","448","142","468","111","479","290","519","252","596","214","634","210","642","178","78","251"
"NO-0075-TER11-346-2020-8R.dw.png","197","174","225","173","266","252","262","196","277","117","335","253","393","286","376","263","415","231","393","216","428","178","430","140","448","109","458","279","492","244","573","205","610","202","619","172","82","245"
"NO-0075-TER11-346-2020-9R.dw.png","209","178","236","177","273","259","274","200","294","121","352","262","409","296","393","273","437","239","410","220","450","183","452","141","468","108","481","287","517","252","599","211","633","207","641","175","81","248"
"NO-0076-TER11-366-2020-10R.dw.png","200","176","228","175","255","250","269","199","278","118","337","255","387","287","374","266","412","229","385","210","422","176","425","139","443","107","454","279","487","241","571","201","602","198","612","166","82","246"
"NO-0076-TER11-366-2020-11R.dw.png","204","169","233","169","257","243","269","192","284","115","336","246","397","279","381","257","418","224","390","204","429","173","432","135","450","104","461","271","493","235","573","196","611","192","620","160","79","233"
"NO-0076-TER11-366-2020-12R.dw.png","193","165","223","166","251","241","263","191","278","110","333","244","385","274","372","254","411","223","384","205","419","171","422","134","441","102","448","267","482","233","562","195","602","191","609","160","81","238"
"NO-0076-TER11-366-2020-13R.dw.png","203","177","232","176","255","252","273","201","284","120","338","257","390","291","375","268","416","233","390","213","427","179","431","140","449","107","456","283","493","245","578","205","610","202","620","170","81","246"
"NO-0076-TER11-366-2020-14R.dw.png","196","175","222","175","251","253","263","202","278","117","331","257","384","290","369","268","414","235","384","214","422","182","425","142","445","109","453","282","486","245","571","208","605","205","614","173","81","246"
"NO-0076-TER11-366-2020-15R.dw.png","209","175","237","176","257","250","275","200","288","120","340","258","389","290","375","268","418","234","389","212","429","180","433","142","452","111","458","282","496","244","576","207","613","203","624","174","80","243"
"NO-0076-TER11-366-2020-16R.dw.png","205","173","234","173","260","247","273","197","286","118","337","251","391","282","378","262","416","227","387","206","426","174","429","136","446","104","463","275","497","237","572","197","611","193","620","162","78","237"
"NO-0076-TER11-366-2020-17R.dw.png","198","168","226","169","249","240","259","190","280","114","324","243","380","276","365","254","407","221","379","202","420","173","421","132","438","101","450","268","484","230","559","193","599","189","608","159","73","233"
"NO-0076-TER11-366-2020-18R.dw.png","201","177","229","176","248","253","268","201","286","119","339","258","397","291","381","269","419","234","390","214","430","180","433","138","451","105","462","283","496","245","577","204","611","199","619","167","81","247"
"NO-0076-TER11-366-2020-19R.dw.png","198","174","228","174","256","250","264","197","279","118","333","254","385","285","371","265","411","230","382","210","420","177","422","138","440","107","448","278","485","240","566","202","600","200","610","169","79","246"
"NO-0076-TER11-366-2020-1R.dw.png","202","175","232","175","256","251","272","200","282","120","339","254","390","286","377","265","416","230","387","210","427","178","430","140","448","109","458","279","495","241","569","204","609","200","619","170","79","242"
"NO-0076-TER11-366-2020-20R.dw.png","208","174","238","175","259","251","269","196","287","120","339","256","393","288","379","267","424","233","395","212","433","181","435","141","454","109","464","280","496","245","575","206","614","202","622","174","80","240"
"NO-0076-TER11-366-2020-21R.dw.png","200","169","228","168","250","241","265","191","278","112","336","245","392","277","376","255","415","221","386","201","422","169","424","131","441","98","454","269","484","235","564","193","601","188","611","156","76","237"
"NO-0076-TER11-366-2020-22R.dw.png","199","174","223","172","252","248","268","199","278","114","331","250","386","282","371","260","413","227","388","209","423","177","425","138","442","105","454","274","486","239","567","202","601","199","608","168","83","246"
"NO-0076-TER11-366-2020-23R.dw.png","203","174","229","174","254","251","270","200","286","119","340","257","393","290","379","268","418","234","392","214","431","181","434","139","452","107","459","282","488","247","573","205","609","201","618","169","83","242"
"NO-0076-TER11-366-2020-24R.dw.png","204","174","233","173","259","249","266","194","284","116","339","252","399","286","381","263","420","229","391","209","431","175","435","136","452","103","461","278","496","240","577","199","612","194","621","162","80","244"
"NO-0076-TER11-366-2020-25R.dw.png","203","178","232","178","260","255","268","201","287","121","343","260","396","292","382","271","426","237","397","217","434","181","436","143","455","110","465","284","499","247","574","209","612","206","624","174","79","249"
"NO-0076-TER11-366-2020-26R.dw.png","203","180","229","179","260","257","268","203","283","120","343","262","393","294","379","273","421","237","390","215","429","179","432","140","451","106","462","285","497","246","580","205","615","202","625","170","81","252"
"NO-0076-TER11-366-2020-27R.dw.png","203","176","232","176","253","253","271","200","286","119","338","255","395","288","379","265","418","231","394","213","433","178","436","137","454","104","458","281","492","246","581","200","613","196","622","164","80","247"
"NO-0076-TER11-366-2020-28R.dw.png","200","173","230","173","249","252","266","198","283","115","339","257","387","290","373","268","417","233","390","214","428","179","430","140","450","107","454","282","492","244","571","205","606","202","614","169","80","246"
"NO-0076-TER11-366-2020-29R.dw.png","200","172","230","171","256","249","269","196","284","112","341","253","395","285","382","265","422","230","391","209","429","175","432","136","452","104","460","277","495","240","576","201","612","197","620","165","85","248"
"NO-0076-TER11-366-2020-2R.dw.png","197","163","224","164","249","235","255","185","274","112","322","238","376","271","362","249","406","216","380","198","420","169","420","128","437","98","450","263","483","225","564","187","601","182","609","153","74","223"
"NO-0076-TER11-366-2020-3R.dw.png","199","168","229","168","249","243","268","194","282","116","330","247","385","278","372","259","409","224","386","206","423","173","428","134","446","104","452","271","486","236","566","194","602","189","609","158","81","235"
"NO-0076-TER11-366-2020-4R.dw.png","201","173","232","173","258","252","270","198","286","118","347","257","400","288","387","269","428","236","393","213","434","180","438","140","457","107","467","281","504","247","587","206","626","202","633","171","84","243"
"NO-0076-TER11-366-2020-5R.dw.png","203","172","230","171","260","245","268","195","282","117","333","249","391","281","377","260","413","226","385","205","424","173","427","136","444","102","458","274","494","238","572","196","609","192","620","162","74","235"
"NO-0076-TER11-366-2020-6R.dw.png","195","170","223","170","237","245","260","195","278","114","325","249","384","283","369","261","411","227","384","209","420","176","423","137","442","104","449","275","483","237","562","200","602","196","610","167","74","236"
"NO-0076-TER11-366-2020-8R.dw.png","200","173","233","175","257","252","265","198","287","120","340","257","393","287","378","266","420","232","394","213","430","182","433","142","451","110","460","281","494","245","571","204","611","201","621","171","77","242"
"NO-0076-TER11-366-2020-9R.dw.png","205","177","234","177","259","254","272","201","286","119","341","258","393","291","378","269","419","235","388","213","428","179","431","140","450","108","458","283","495","243","576","204","608","200","617","169","80","245"
"NO-0077-TER11-371-2020-0R.dw.png","199","183","234","181","265","260","274","204","288","121","349","261","405","294","387","270","431","235","402","216","441","181","444","140","462","104","474","286","509","248","589","208","625","204","631","169","88","261"
"NO-0077-TER11-371-2020-10R.dw.png","204","168","233","167","267","247","270","191","287","114","343","250","402","282","385","260","427","227","398","208","439","174","442","133","458","104","473","274","511","236","586","199","626","195","636","165","86","242"
"NO-0077-TER11-371-2020-11R.dw.png","203","177","236","175","266","256","273","200","286","120","348","258","401","291","385","268","430","236","399","216","441","181","443","141","461","110","475","283","509","247","588","209","627","205","634","174","84","250"
"NO-0077-TER11-371-2020-12R.dw.png","206","180","238","180","265","263","267","201","298","125","344","268","403","303","388","281","437","245","404","223","444","188","448","149","466","114","473","296","512","255","592","217","627","214","638","183","79","248"
"NO-0077-TER11-371-2020-13R.dw.png","196","175","224","174","256","253","265","200","278","119","336","256","394","290","378","267","417","233","392","215","433","180","437","139","455","107","462","282","499","245","577","205","618","200","629","170","80","248"
"NO-0077-TER11-371-2020-14R.dw.png","201","175","233","174","271","254","273","199","284","120","349","256","403","289","388","268","433","234","400","213","439","179","442","140","460","110","475","281","512","244","591","207","628","203","637","173","84","252"
"NO-0077-TER11-371-2020-15R.dw.png","200","173","231","172","266","249","267","195","282","118","347","251","403","282","387","260","427","227","400","210","442","175","444","134","459","104","474","274","511","237","593","199","630","195","638","164","82","245"
"NO-0077-TER11-371-2020-16R.dw.png","200","176","228","175","265","258","265","198","282","120","347","262","398","294","383","272","428","239","397","218","436","183","439","143","456","113","467","286","504","247","584","211","618","207","628","176","84","252"
"NO-0077-TER11-371-2020-17R.dw.png","198","173","232","173","262","258","264","196","290","118","345","261","404","293","387","272","435","238","402","217","442","182","446","139","464","107","472","286","509","250","590","210","627","207","636","175","78","248"
"NO-0077-TER11-371-2020-18R.dw.png","199","176","232","176","262","257","267","200","287","123","345","261","400","294","385","272","431","240","399","219","442","186","446","144","464","111","469","287","506","251","587","210","623","206","633","173","80","246"
"NO-0077-TER11-371-2020-19R.dw.png","204","174","232","173","266","254","271","197","283","120","344","256","402","290","387","267","425","233","397","214","439","181","445","141","462","110","474","282","512","244","591","208","626","204","635","173","82","245"
"NO-0077-TER11-371-2020-1R.dw.png","203","183","233","181","271","264","270","204","289","122","352","265","408","298","391","276","438","241","403","219","445","185","447","142","465","108","474","291","514","249","590","212","626","208","633","174","88","264"
"NO-0077-TER11-371-2020-20R.dw.png","204","180","232","179","272","260","273","204","291","123","352","263","408","295","394","274","433","240","406","221","446","185","450","144","467","112","481","288","522","251","598","212","634","209","645","177","79","251"
"NO-0077-TER11-371-2020-21R.dw.png","207","177","238","177","271","260","271","199","294","121","348","264","406","299","391","276","433","241","406","222","445","185","451","144","469","113","477","292","519","254","600","215","635","211","645","180","81","248"
"NO-0077-TER11-371-2020-22R.dw.png","205","174","234","175","270","259","274","201","292","118","351","263","405","296","391","274","435","240","407","220","445","184","450","142","466","109","477","289","513","250","598","212","636","206","646","176","78","244"
"NO-0077-TER11-371-2020-23R.dw.png","206","176","236","175","266","256","271","199","291","121","345","260","401","294","384","272","430","239","398","217","440","183","446","142","465","112","474","287","514","248","594","210","630","206","640","176","81","245"
"NO-0077-TER11-371-2020-24R.dw.png","199","172","232","173","266","250","269","195","288","118","348","253","402","282","388","263","431","230","402","211","440","176","444","136","461","106","474","276","509","242","586","200","623","195","629","164","85","243"
"NO-0077-TER11-371-2020-25R.dw.png","202","176","233","174","266","254","271","200","282","120","342","256","399","289","384","268","428","234","397","213","439","178","443","140","461","109","469","282","507","246","591","206","627","202","635","170","83","248"
"NO-0077-TER11-371-2020-26R.dw.png","207","175","235","174","266","254","274","199","290","122","346","256","410","290","395","269","438","235","407","215","446","182","450","141","466","111","481","282","515","246","596","207","631","204","641","175","85","247"
"NO-0077-TER11-371-2020-27R.dw.png","203","172","231","171","267","251","273","197","286","117","341","253","399","285","385","264","430","230","402","209","441","176","444","136","458","106","475","277","512","238","587","202","627","197","637","168","78","239"
"NO-0077-TER11-371-2020-2R.dw.png","202","179","233","177","259","257","272","202","285","121","346","260","403","293","386","270","429","236","400","217","441","181","443","142","461","110","472","285","511","246","584","209","623","204","631","173","84","255"
"NO-0077-TER11-371-2020-3R.dw.png","205","181","237","181","263","263","276","206","294","126","351","268","403","302","388","282","433","244","407","224","445","187","449","146","466","113","478","294","515","255","595","215","628","212","639","180","82","254"
"NO-0077-TER11-371-2020-4R.dw.png","201","174","232","173","263","251","270","197","286","118","346","255","400","287","385","266","434","233","398","210","437","177","442","137","460","105","470","279","508","240","586","202","620","199","627","167","85","247"
"NO-0077-TER11-371-2020-5R.dw.png","202","178","236","178","266","259","276","202","289","120","350","261","403","295","389","272","431","237","405","217","442","182","444","141","461","107","476","286","510","248","587","210","626","206","634","174","83","254"
"NO-0077-TER11-371-2020-6R.dw.png","207","181","237","180","267","260","274","203","293","123","352","262","408","295","391","271","444","240","406","217","445","183","448","143","465","110","478","287","516","249","593","210","633","205","641","172","84","255"
"NO-0077-TER11-371-2020-7R.dw.png","202","172","234","172","266","251","270","195","291","117","347","253","408","288","391","264","432","230","405","211","445","178","449","137","464","106","478","279","519","242","598","204","636","201","645","170","82","243"
"NO-0077-TER11-371-2020-8R.dw.png","193","165","222","165","251","241","263","191","280","114","328","245","387","277","370","256","411","222","390","208","428","174","428","131","447","100","459","269","490","234","563","196","609","191","617","161","74","234"
"NO-0077-TER11-371-2020-9R.dw.png","206","181","237","181","272","264","272","204","294","124","348","266","406","299","390","276","433","241","404","221","446","186","449","145","466","113","473","291","512","253","588","215","630","212","641","181","84","259"
"NO-0078-THF21-70-0R.dw.png","199","172","229","173","251","252","266","199","282","120","338","259","392","293","379","271","422","238","398","220","436","183","442","143","460","111","467","285","506","250","587","210","625","207","631","175","76","236"
"NO-0078-THF21-70-10R.dw.png","199","168","232","169","262","246","269","192","279","116","344","250","395","281","381","260","426","228","396","208","437","176","442","136","457","107","466","273","502","239","583","200","617","196","622","166","83","235"
"NO-0078-THF21-70-11R.dw.png","198","165","230","167","251","243","259","188","279","114","333","248","388","279","377","260","415","228","386","208","427","177","432","138","449","106","460","272","494","240","579","199","611","195","618","165","76","229"
"NO-0078-THF21-70-12R.dw.png","216","177","247","177","277","259","279","199","300","122","359","264","414","297","401","275","443","242","414","221","453","185","459","142","478","112","490","288","528","252","606","211","644","206","650","174","85","244"
"NO-0078-THF21-70-13R.dw.png","208","174","240","175","274","257","272","199","291","122","349","261","403","295","388","272","427","239","403","221","440","185","446","144","462","114","474","286","511","249","588","211","624","208","630","177","84","245"
"NO-0078-THF21-70-14R.dw.png","199","174","226","174","258","255","265","201","278","121","340","261","392","293","378","272","415","238","388","220","429","185","433","145","452","114","460","286","497","250","577","212","614","209","620","180","82","239"
"NO-0078-THF21-70-15R.dw.png","203","169","235","171","263","250","271","196","288","118","341","255","393","288","380","267","425","235","395","214","432","180","438","141","456","111","462","281","500","245","578","207","619","203","627","174","80","235"
"NO-0078-THF21-70-16R.dw.png","203","171","231","170","261","245","266","193","280","116","331","249","386","282","373","261","413","228","389","211","429","177","432","139","454","111","459","274","493","238","564","202","605","196","612","167","79","237"
"NO-0078-THF21-70-17R.dw.png","212","175","242","175","274","255","279","200","290","121","345","258","404","291","391","270","428","237","402","217","443","184","449","143","468","111","474","283","509","249","594","210","628","207","636","176","81","241"
"NO-0078-THF21-70-18R.dw.png","206","170","235","170","260","248","271","193","283","114","343","252","395","285","383","264","424","232","394","210","433","176","439","136","456","106","464","276","500","241","579","202","619","197","626","167","82","235"
"NO-0078-THF21-70-19R.dw.png","202","176","235","177","265","256","269","198","288","121","350","259","400","288","385","266","421","234","391","216","434","181","439","139","457","106","469","280","502","247","584","207","621","202","629","170","77","247"
"NO-0078-THF21-70-1R.dw.png","206","176","235","176","256","256","268","199","288","122","346","262","399","296","387","275","433","243","405","222","445","186","451","145","467","113","476","288","512","253","598","214","634","211","641","180","81","240"
"NO-0078-THF21-70-20R.dw.png","207","172","237","173","261","255","272","197","287","120","346","260","399","292","386","270","428","238","399","218","439","183","442","142","459","112","470","284","507","250","589","210","625","206","632","176","83","241"
"NO-0078-THF21-70-21R.dw.png","207","177","235","177","267","260","272","203","287","122","345","263","400","297","386","274","425","241","397","222","436","185","441","146","459","113","472","288","509","253","589","213","625","210","633","179","81","246"
"NO-0078-THF21-70-22R.dw.png","207","180","237","180","269","260","278","208","285","125","343","265","396","298","383","278","425","242","400","224","441","188","444","146","460","113","465","290","506","254","587","215","624","211","631","178","85","248"
"NO-0078-THF21-70-23R.dw.png","201","178","229","177","263","257","273","203","287","119","343","263","394","294","378","271","425","238","394","217","435","184","440","142","457","109","467","285","505","247","584","211","619","208","628","176","82","248"
"NO-0078-THF21-70-24R.dw.png","206","178","238","178","264","260","278","204","290","120","346","265","405","299","388","276","434","240","405","222","446","184","450","140","465","107","475","290","515","252","601","211","637","209","642","174","80","249"
"NO-0078-THF21-70-2R.dw.png","205","173","235","175","261","254","266","196","286","121","341","259","395","292","379","269","418","236","395","218","433","182","437","141","453","111","465","284","502","245","574","209","613","205","620","175","84","241"
"NO-0078-THF21-70-4R.dw.png","210","176","238","175","265","255","280","204","285","123","350","260","396","292","384","270","426","240","396","217","436","185","440","144","456","113","468","285","503","251","584","210","620","208","628","178","85","239"
"NO-0078-THF21-70-5R.dw.png","210","172","239","173","273","253","277","197","289","121","349","256","406","288","393","267","431","234","403","213","446","180","451","139","469","108","476","281","512","247","595","205","634","200","642","171","81","236"
"NO-0078-THF21-70-6R.dw.png","206","171","237","172","266","250","275","197","291","118","349","255","405","288","390","265","430","233","404","215","443","179","446","140","463","108","477","280","513","243","591","204","629","200","637","170","81","236"
"NO-0078-THF21-70-7R.dw.png","205","171","234","171","262","250","269","196","283","119","340","253","394","285","381","264","419","232","394","213","432","179","437","138","455","108","464","277","496","246","579","203","614","200","622","170","81","235"
"NO-0078-THF21-70-8R.dw.png","207","178","236","178","261","256","273","202","291","123","347","262","399","293","386","272","429","240","399","218","438","185","443","143","462","111","470","286","510","251","590","215","628","210","636","178","83","242"
"NO-0078-THF21-70-9R.dw.png","210","175","240","176","264","255","277","201","290","122","348","262","400","293","387","272","429","238","401","217","443","184","450","143","467","113","473","285","508","252","596","211","631","207","641","178","80","238"
"NO-0079-THF21-80-0R.dw.png","200","170","230","170","254","249","262","191","284","114","343","254","397","287","382","264","422","230","395","210","435","178","438","138","455","106","468","277","505","241","579","203","616","198","624","169","76","234"
"NO-0079-THF21-80-10R.dw.png","198","171","229","172","257","252","265","197","280","120","336","256","391","289","374","267","414","233","389","216","430","183","435","143","452","111","459","281","492","247","567","209","605","205","611","173","83","244"
"NO-0079-THF21-80-11R.dw.png","207","171","238","171","264","248","273","194","291","116","348","254","402","285","388","264","430","229","403","209","443","176","447","134","462","105","473","276","509","240","583","200","621","196","629","166","80","237"
"NO-0079-THF21-80-12R.dw.png","204","171","231","171","257","256","272","201","285","117","331","259","394","296","376","271","420","239","397","222","437","183","440","143","458","111","468","287","506","248","586","209","620","206","630","173","79","244"
"NO-0079-THF21-80-13R.dw.png","202","176","230","176","253","253","269","203","283","121","333","258","389","294","371","270","417","236","391","218","431","182","433","141","451","109","459","285","500","248","571","211","613","206","621","175","82","244"
"NO-0079-THF21-80-14R.dw.png","203","179","237","180","264","259","266","200","287","124","344","261","402","295","387","273","433","240","398","219","441","186","445","145","462","112","476","285","513","250","587","213","625","208","632","177","86","253"
"NO-0079-THF21-80-15R.dw.png","208","178","238","178","270","263","276","204","292","123","343","267","398","300","386","279","429","243","404","224","444","187","448","146","465","111","475","290","514","254","588","215","626","210","632","177","81","249"
"NO-0079-THF21-80-16R.dw.png","198","167","227","167","252","247","260","190","278","112","335","251","391","284","376","262","417","228","388","208","429","176","434","137","451","106","465","275","501","241","576","200","614","196","621","167","77","236"
"NO-0079-THF21-80-17R.dw.png","204","174","235","173","264","256","272","199","289","116","343","260","399","292","385","270","430","236","404","217","442","182","446","142","464","110","474","283","510","248","587","209","624","205","634","175","78","244"
"NO-0079-THF21-80-18R.dw.png","209","183","237","182","272","263","278","206","291","125","350","265","407","298","393","276","435","241","409","223","446","187","449","146","467","112","479","289","512","254","589","215","631","211","637","179","88","259"
"NO-0079-THF21-80-19R.dw.png","200","172","230","171","254","254","268","197","282","117","340","259","391","289","378","269","422","234","390","215","431","181","435","140","453","108","462","281","501","244","576","206","608","202","615","170","81","246"
"NO-0079-THF21-80-1R.dw.png","208","179","240","178","267","261","274","201","293","120","352","265","409","297","396","275","439","241","409","220","452","186","458","145","474","111","484","288","519","253","600","213","638","209","647","177","78","244"
"NO-0079-THF21-80-20R.dw.png","208","175","237","175","269","257","277","201","294","120","349","261","401","294","387","272","434","237","405","218","443","182","447","140","463","110","471","285","510","248","582","210","621","206","630","176","84","245"
"NO-0079-THF21-80-21R.dw.png","201","169","232","168","259","248","264","191","282","113","333","250","389","283","375","261","418","229","391","210","431","176","434","137","453","105","464","274","499","240","570","201","609","196","617","166","78","235"
"NO-0079-THF21-80-22R.dw.png","209","183","240","182","269","264","273","205","290","124","347","266","407","301","393","279","442","245","404","222","446","188","450","146","467","112","484","292","523","255","599","216","636","213","643","182","85","258"
"NO-0079-THF21-80-23R.dw.png","212","175","241","175","263","256","272","197","293","116","348","261","400","293","387","272","437","237","403","216","445","181","450","141","468","108","477","284","515","249","588","209","626","205","636","173","78","243"
"NO-0079-THF21-80-24R.dw.png","208","174","236","174","266","253","270","197","289","120","340","257","397","289","383","267","424","234","398","216","439","179","442","140","457","107","470","280","507","245","581","206","615","202","621","169","82","241"
"NO-0079-THF21-80-25R.dw.png","205","176","236","176","259","258","270","199","289","119","345","261","404","294","388","272","432","236","405","217","446","183","450","144","466","110","476","285","514","250","590","209","632","205","640","175","79","246"
"NO-0079-THF21-80-26R.dw.png","203","172","236","172","260","251","269","196","286","115","340","255","396","287","381","265","423","232","394","211","437","179","442","139","459","106","464","278","500","244","575","204","617","201","626","170","81","242"
"NO-0079-THF21-80-27R.dw.png","208","177","238","177","262","257","272","200","289","119","345","261","399","294","386","272","429","238","400","217","440","182","445","142","462","107","471","286","508","251","584","210","624","204","633","173","80","244"
"NO-0079-THF21-80-28R.dw.png","197","171","229","171","258","250","262","193","280","118","338","253","391","284","377","265","417","230","391","213","425","178","427","139","443","106","458","275","494","240","565","202","597","198","604","168","82","241"
"NO-0079-THF21-80-29R.dw.png","213","180","242","180","263","265","275","204","294","121","342","269","401","304","387","282","431","246","401","225","446","188","450","146","469","114","476","295","517","258","594","218","630","214","638","181","82","251"
"NO-0079-THF21-80-2R.dw.png","204","173","231","173","259","250","277","201","284","118","343","254","398","286","383","264","425","230","400","213","439","180","442","136","456","106","470","277","504","242","580","204","619","200","630","170","83","242"
"NO-0079-THF21-80-30R.dw.png","206","174","236","173","263","251","277","199","289","119","346","257","401","289","387","267","429","233","404","216","440","179","445","138","460","109","470","280","504","246","579","207","618","203","627","173","84","242"
"NO-0079-THF21-80-3R.dw.png","203","170","231","170","253","249","264","193","287","114","339","254","397","287","383","265","423","232","398","213","436","179","441","138","460","106","465","278","501","243","580","202","615","199","624","168","77","234"
"NO-0079-THF21-80-4R.dw.png","192","165","225","165","248","242","260","189","275","111","326","246","381","279","368","257","411","225","382","204","422","173","425","134","443","103","454","270","490","236","563","198","600","194","607","165","79","238"
"NO-0079-THF21-80-5R.dw.png","203","177","233","177","265","259","271","202","288","123","347","263","401","295","388","274","425","239","401","222","442","186","447","146","464","112","469","287","508","250","584","213","622","207","629","176","84","245"
"NO-0079-THF21-80-6R.dw.png","214","168","239","166","269","242","280","191","289","112","344","246","396","278","383","257","427","223","404","206","443","173","447","131","461","102","470","270","503","235","578","195","618","192","626","162","86","238"
"NO-0079-THF21-80-7R.dw.png","197","167","227","167","249","246","260","190","282","113","331","249","390","283","376","262","414","227","386","207","426","175","430","136","449","105","459","275","494","238","565","202","608","196","617","167","79","238"
"NO-0079-THF21-80-8R.dw.png","210","176","240","176","272","257","279","201","294","120","355","262","406","292","392","271","438","238","407","217","446","182","451","142","466","112","474","284","512","248","587","210","626","206","634","176","85","246"
"NO-0079-THF21-80-9R.dw.png","208","185","239","184","264","264","275","207","293","125","349","266","411","301","396","280","442","243","406","221","450","188","454","148","473","114","483","292","524","255","602","217","640","213","647","182","84","257"
"NO-0080-TL21-41-4-0R.dw.png","198","173","223","173","255","252","264","201","286","118","326","254","384","288","367","265","403","232","379","215","419","182","421","140","440","107","444","282","480","247","565","206","603","203","611","171","83","247"
"NO-0080-TL21-41-4-10R.dw.png","203","173","226","172","257","252","268","200","280","120","339","256","392","288","377","266","410","233","392","218","430","185","433","141","451","112","459","282","495","246","572","208","609","205","613","173","79","239"
"NO-0080-TL21-41-4-11R.dw.png","202","173","229","173","256","251","267","197","283","119","338","254","391","286","375","264","414","232","391","213","430","181","434","139","450","110","461","279","492","247","573","207","610","204","617","173","78","240"
"NO-0080-TL21-41-4-12R.dw.png","202","175","228","175","254","252","269","202","285","119","330","255","385","290","368","267","407","233","387","217","423","181","425","140","442","108","455","282","493","247","571","209","608","206","617","175","81","241"
"NO-0080-TL21-41-4-13R.dw.png","195","178","222","178","249","255","265","204","282","122","326","259","384","293","366","270","407","238","387","222","426","186","427","142","444","109","454","285","489","252","571","211","606","207","614","176","80","246"
"NO-0080-TL21-41-4-14R.dw.png","207","182","235","182","262","262","275","207","292","122","343","264","400","298","384","276","428","243","401","223","441","188","444","143","460","112","469","290","508","257","588","216","626","213","636","180","86","253"
"NO-0080-TL21-41-4-15R.dw.png","205","180","233","179","263","258","271","204","290","121","338","261","396","296","380","273","415","238","394","222","432","185","434","142","451","108","459","289","499","251","580","211","619","209","628","177","87","251"
"NO-0080-TL21-41-4-16R.dw.png","205","179","231","179","259","258","267","202","290","122","336","260","395","295","378","272","421","240","398","223","435","186","437","142","453","110","462","288","499","253","579","211","618","210","626","177","83","253"
"NO-0080-TL21-41-4-17R.dw.png","207","176","231","174","256","257","271","200","286","119","341","261","395","293","380","272","424","239","393","217","431","183","436","139","455","109","465","285","502","251","585","209","618","208","625","175","83","247"
"NO-0080-TL21-41-4-19R.dw.png","200","169","227","170","254","251","261","193","284","115","333","254","387","286","370","263","408","230","386","212","425","178","428","138","446","107","451","279","486","243","566","204","602","201","611","171","75","241"
"NO-0080-TL21-41-4-1R.dw.png","200","168","228","168","260","246","265","191","281","112","332","247","387","278","373","258","408","224","383","206","420","173","424","132","443","103","455","270","485","240","568","197","607","194","613","164","85","241"
"NO-0080-TL21-41-4-20R.dw.png","201","175","225","174","255","251","267","198","284","116","339","256","393","287","376","265","415","233","389","214","428","180","430","138","447","108","455","280","493","244","572","206","607","203","616","173","84","247"
"NO-0080-TL21-41-4-21R.dw.png","204","181","230","180","256","260","273","206","291","122","341","264","397","298","379","274","415","240","396","225","435","187","437","143","455","111","460","291","500","255","584","214","621","211","628","179","84","253"
"NO-0080-TL21-41-4-22R.dw.png","200","174","227","173","254","249","266","197","279","115","329","251","385","284","368","262","401","227","380","211","415","174","417","132","438","100","448","277","481","242","564","200","603","198","614","166","84","247"
"NO-0080-TL21-41-4-23R.dw.png","205","174","231","173","259","251","263","195","282","119","336","252","393","284","377","262","415","230","389","211","427","178","430","137","449","107","461","277","496","241","571","204","608","200","610","168","81","242"
"NO-0080-TL21-41-4-24R.dw.png","195","175","225","175","256","252","263","198","284","116","333","254","385","286","370","265","408","230","385","213","419","178","421","138","441","107","450","278","486","241","559","204","592","201","601","168","83","251"
"NO-0080-TL21-41-4-25R.dw.png","205","183","229","182","260","261","270","206","288","122","340","265","397","299","380","278","419","242","392","224","434","185","436","141","455","110","462","292","499","255","582","212","616","209","623","177","81","254"
"NO-0080-TL21-41-4-26R.dw.png","198","168","226","170","255","248","260","191","281","113","329","251","384","284","367","261","405","228","378","209","417","176","421","135","441","104","450","276","481","242","564","202","597","200","608","169","78","242"
"NO-0080-TL21-41-4-2R.dw.png","196","168","223","168","250","242","258","190","274","115","329","246","383","275","369","256","406","223","376","204","411","173","415","132","432","103","451","267","483","235","562","195","599","192","606","163","79","237"
"NO-0080-TL21-41-4-3R.dw.png","200","172","227","172","264","253","264","196","278","119","339","256","390","287","374","265","413","233","387","215","425","179","428","138","445","109","456","280","491","244","566","206","599","203","604","171","82","244"
"NO-0080-TL21-41-4-4R.dw.png","206","179","231","178","260","259","271","204","292","122","342","264","394","297","379","274","419","241","398","224","439","189","442","144","457","112","465","289","502","255","583","215","617","212","625","179","83","248"
"NO-0080-TL21-41-4-5R.dw.png","200","174","226","174","254","251","267","200","280","120","336","254","389","287","373","264","407","230","390","217","425","180","429","139","448","107","456","280","492","244","567","205","606","202","617","173","77","241"
"NO-0080-TL21-41-4-6R.dw.png","200","168","225","167","264","248","265","193","276","115","336","250","382","280","368","260","410","230","380","209","419","176","423","135","440","107","451","273","483","242","565","202","602","200","610","172","84","240"
"NO-0080-TL21-41-4-7R.dw.png","203","172","230","172","261","249","271","198","283","116","341","251","393","282","380","261","414","229","391","212","429","177","432","135","448","106","460","275","493","240","573","201","612","197","615","166","80","238"
"NO-0080-TL21-41-4-8R.dw.png","202","171","229","172","257","248","267","197","280","116","335","251","388","283","374","261","408","229","386","212","424","179","427","138","446","107","456","276","490","242","566","203","608","200","612","169","78","237"
"NO-0080-TL21-41-4-9R.dw.png","202","177","226","176","256","256","261","198","287","118","336","259","392","293","375","270","419","238","390","217","428","182","432","141","449","109","458","285","495","249","573","210","611","208","618","176","83","247"
"NO-0081-TL21-F3-2019-1-0R.dw.png","195","173","221","172","245","246","255","194","278","115","324","250","384","283","368","261","405","228","383","212","425","179","425","138","443","107","458","274","487","241","567","201","609","198","617","169","72","244"
"NO-0081-TL21-F3-2019-1-10R.dw.png","197","171","223","170","257","247","259","193","278","115","328","250","388","284","371","261","409","229","387","213","424","179","427","140","444","112","452","276","483","243","562","206","603","203","610","174","81","242"
"NO-0081-TL21-F3-2019-1-11R.dw.png","213","179","240","178","276","259","274","201","291","119","345","262","396","294","382","273","428","240","398","220","440","185","444","143","463","111","469","286","504","252","588","212","622","210","629","178","87","250"
"NO-0081-TL21-F3-2019-1-12R.dw.png","206","175","234","175","267","255","270","199","284","117","340","259","393","292","377","269","419","236","393","218","434","183","437","141","455","110","460","283","495","247","578","209","616","205","624","175","85","247"
"NO-0081-TL21-F3-2019-1-13R.dw.png","204","175","232","174","256","252","274","201","284","119","341","258","398","291","384","270","426","236","399","217","434","182","436","141","454","110","467","283","504","248","588","209","621","206","631","177","84","245"
"NO-0081-TL21-F3-2019-1-14R.dw.png","207","175","231","173","258","252","269","198","281","117","339","257","394","290","379","268","424","235","398","217","432","180","435","138","454","110","465","281","498","248","584","206","612","204","620","174","84","242"
"NO-0081-TL21-F3-2019-1-15R.dw.png","201","165","231","165","248","240","264","187","280","112","333","245","388","277","375","256","414","225","388","207","426","173","428","133","444","103","455","269","488","235","566","197","604","193","612","165","80","231"
"NO-0081-TL21-F3-2019-1-16R.dw.png","192","167","224","169","242","242","253","190","282","113","321","247","378","281","363","259","403","226","383","211","420","178","421","138","439","106","447","273","479","239","558","200","594","196","603","168","78","234"
"NO-0081-TL21-F3-2019-1-17R.dw.png","208","172","234","171","260","250","275","197","287","117","343","255","401","288","385","266","429","234","400","214","438","180","441","140","457","110","468","280","505","246","590","208","624","206","632","176","86","243"
"NO-0081-TL21-F3-2019-1-18R.dw.png","202","172","229","171","257","251","266","195","284","116","331","254","394","289","376","266","419","233","393","215","434","181","438","139","456","110","460","281","493","249","581","208","618","205","626","175","81","242"
"NO-0081-TL21-F3-2019-1-19R.dw.png","202","169","230","169","255","248","268","194","286","114","334","251","392","285","375","262","414","229","392","213","432","178","435","137","453","108","457","277","491","244","574","204","610","201","617","171","81","239"
"NO-0081-TL21-F3-2019-1-1R.dw.png","198","168","225","168","248","244","267","195","274","115","328","249","382","280","368","259","412","229","381","210","420","175","424","135","440","107","446","272","480","237","555","201","597","196","603","167","84","237"
"NO-0081-TL21-F3-2019-1-21R.dw.png","204","170","231","170","260","248","266","193","280","115","337","253","389","286","373","263","415","230","390","213","427","178","429","137","448","106","458","277","493","241","569","203","606","199","613","169","82","241"
"NO-0081-TL21-F3-2019-1-22R.dw.png","212","180","238","178","264","256","278","204","290","121","345","260","405","295","390","273","434","239","406","220","444","184","447","143","465","110","475","286","511","251","598","210","634","208","642","177","85","250"
"NO-0081-TL21-F3-2019-1-23R.dw.png","207","173","233","173","262","250","270","196","290","115","334","253","396","287","380","265","420","231","399","215","438","179","440","138","461","107","464","279","496","247","583","204","620","202","629","171","83","241"
"NO-0081-TL21-F3-2019-1-24R.dw.png","202","171","227","171","250","248","265","196","283","116","330","254","388","289","371","266","410","233","387","216","429","181","432","141","451","111","454","281","487","247","568","207","604","204","612","174","81","238"
"NO-0081-TL21-F3-2019-1-25R.dw.png","209","170","236","170","261","246","270","191","286","113","346","250","398","283","383","260","424","228","397","209","433","174","435","135","452","103","466","274","499","239","579","201","619","197","625","168","88","244"
"NO-0081-TL21-F3-2019-1-2R.dw.png","196","170","225","169","251","243","263","192","275","114","334","248","390","279","375","258","413","225","390","210","427","175","430","135","444","106","455","272","492","236","560","200","604","195","608","166","84","239"
"NO-0081-TL21-F3-2019-1-3R.dw.png","204","176","231","174","255","251","272","200","283","120","339","255","395","289","380","267","423","235","397","216","436","182","439","141","451","110","466","281","502","247","585","208","623","205","631","175","80","242"
"NO-0081-TL21-F3-2019-1-4R.dw.png","208","176","233","175","257","253","277","202","286","120","340","257","397","290","382","269","426","237","399","217","436","183","438","143","455","112","465","282","502","248","582","210","620","207","627","178","88","246"
"NO-0081-TL21-F3-2019-1-5R.dw.png","204","181","234","181","261","261","269","204","295","122","341","264","402","299","387","277","431","242","403","223","447","189","449","146","468","112","476","291","510","257","597","215","636","212","646","181","79","253"
"NO-0081-TL21-F3-2019-1-6R.dw.png","209","171","235","169","262","247","268","192","285","116","337","250","394","285","379","262","420","231","398","215","435","179","439","138","457","109","461","277","497","243","581","205","618","202","626","173","87","239"
"NO-0081-TL21-F3-2019-1-7R.dw.png","206","182","233","180","259","257","273","205","287","125","345","264","399","294","383","273","424","239","398","221","436","186","440","143","458","113","466","286","501","253","583","212","621","209","627","179","85","250"
"NO-0081-TL21-F3-2019-1-8R.dw.png","205","173","235","173","264","250","267","194","290","117","342","253","399","285","383","263","426","231","399","213","438","179","439","137","457","104","470","277","502","243","585","204","623","200","632","170","83","245"
"NO-0081-TL21-F3-2019-1-9R.dw.png","207","179","233","177","264","257","274","203","287","122","351","261","403","293","388","271","432","237","404","219","442","184","445","142","462","111","471","285","508","250","596","210","631","208","641","179","84","246"
"NO-0082-TL21-G3-2020-2-0R.dw.png","206","179","234","177","261","256","272","202","285","122","337","258","396","291","378","268","413","235","392","219","433","182","434","138","452","107","462","283","494","251","576","208","616","204","625","173","85","249"
"NO-0082-TL21-G3-2020-2-10R.dw.png","198","177","229","177","264","259","269","201","286","121","346","262","399","293","383","271","420","239","393","220","430","184","433","142","455","110","467","285","498","252","585","209","618","206","627","174","83","250"
"NO-0082-TL21-G3-2020-2-11R.dw.png","216","182","242","180","272","264","282","206","293","124","356","266","409","300","391","276","435","244","406","223","452","188","453","144","470","114","481","292","516","256","595","215","632","213","637","180","85","254"
"NO-0082-TL21-G3-2020-2-12R.dw.png","207","172","228","172","264","248","271","197","287","117","341","252","391","283","372","260","414","228","391","211","428","180","427","139","446","109","459","275","491","244","577","205","610","202","622","175","82","242"
"NO-0082-TL21-G3-2020-2-13R.dw.png","202","178","228","178","256","256","261","199","285","122","329","257","388","290","367","268","411","235","387","217","428","186","432","144","450","109","453","282","485","250","570","208","609","205","619","173","86","247"
"NO-0082-TL21-G3-2020-2-14R.dw.png","207","177","235","177","261","256","268","198","286","120","334","259","390","293","375","272","415","237","387","217","426","181","428","140","448","109","457","285","490","251","576","209","610","207","619","177","83","250"
"NO-0082-TL21-G3-2020-2-15R.dw.png","205","181","231","181","259","261","271","207","288","124","335","264","391","300","375","277","415","241","393","224","434","189","436","145","451","112","462","291","498","256","577","215","612","211","622","179","82","249"
"NO-0082-TL21-G3-2020-2-16R.dw.png","210","176","236","174","270","252","274","198","286","120","345","253","398","285","381","262","420","230","397","213","432","178","434","137","450","107","465","277","497","244","581","204","614","203","624","173","86","246"
"NO-0082-TL21-G3-2020-2-17R.dw.png","196","182","220","181","253","260","265","208","279","121","329","263","385","297","367","274","404","239","387","226","419","187","422","144","440","111","448","289","485","255","570","214","604","211","612","180","83","253"
"NO-0082-TL21-G3-2020-2-18R.dw.png","203","174","232","174","257","253","270","198","285","119","342","256","398","289","381","267","417","234","396","216","434","184","436","140","452","111","461","282","496","248","577","209","611","205","617","174","79","245"
"NO-0082-TL21-G3-2020-2-19R.dw.png","194","176","223","176","249","255","264","201","278","119","333","258","384","291","366","268","406","236","380","217","418","183","422","142","441","110","450","282","484","249","562","209","595","205","603","173","79","246"
"NO-0082-TL21-G3-2020-2-1R.dw.png","202","181","228","179","265","262","266","202","287","120","345","265","395","297","380","275","419","241","395","223","434","187","438","142","456","111","459","291","496","255","578","213","613","210","620","176","84","257"
"NO-0082-TL21-G3-2020-2-20R.dw.png","202","177","229","177","259","258","268","202","290","119","338","260","398","293","380","271","416","238","390","219","428","183","430","141","453","108","464","285","497","251","580","209","620","207","628","176","85","253"
"NO-0082-TL21-G3-2020-2-21R.dw.png","190","171","218","171","241","247","256","194","272","118","321","250","378","282","359","258","395","226","377","210","414","176","417","137","433","105","446","274","478","240","553","202","590","199","600","169","78","241"
"NO-0082-TL21-G3-2020-2-22R.dw.png","207","180","231","179","262","260","270","203","292","121","345","264","400","298","383","276","427","242","398","222","436","185","439","143","457","111","465","291","502","256","588","214","619","212","629","180","83","251"
"NO-0082-TL21-G3-2020-2-23R.dw.png","208","176","234","176","262","255","276","202","291","118","342","259","401","292","385","271","427","238","397","217","436","181","441","140","459","109","469","285","504","252","585","210","621","208","631","177","85","248"
"NO-0082-TL21-G3-2020-2-24R.dw.png","203","181","229","180","265","263","269","205","287","120","341","265","390","295","377","275","420","243","391","222","429","186","434","143","454","111","459","289","492","256","578","212","610","208","617","174","84","254"
"NO-0082-TL21-G3-2020-2-25R.dw.png","208","178","234","177","261","255","272","201","284","122","340","260","394","291","380","270","421","236","397","218","438","185","441","141","457","110","465","283","500","248","583","208","620","206","628","176","83","249"
"NO-0082-TL21-G3-2020-2-26R.dw.png","202","178","226","177","253","255","265","200","285","124","330","256","390","291","373","268","411","235","387","216","428","183","430","141","446","110","456","284","491","248","568","209","606","206","612","175","83","251"
"NO-0082-TL21-G3-2020-2-27R.dw.png","202","175","229","175","260","254","269","200","292","116","340","257","399","290","382","267","419","234","392","215","431","180","435","139","456","106","465","282","500","248","582","205","615","202","626","171","83","244"
"NO-0082-TL21-G3-2020-2-28R.dw.png","203","169","229","168","255","248","261","190","284","113","333","251","387","283","371","261","410","228","388","211","424","176","427","135","445","106","456","274","488","240","565","203","601","200","611","170","77","238"
"NO-0082-TL21-G3-2020-2-2R.dw.png","201","176","230","175","265","257","269","201","286","121","339","260","397","293","380","270","416","237","391","218","433","183","435","140","453","109","463","285","497","250","583","207","620","205","626","174","86","250"
"NO-0082-TL21-G3-2020-2-3R.dw.png","208","176","234","175","266","255","272","198","289","118","343","257","396","290","382","268","422","235","392","214","430","181","436","139","455","107","464","282","497","250","578","207","619","204","628","173","82","249"
"NO-0082-TL21-G3-2020-2-4R.dw.png","201","170","228","170","255","249","267","195","280","117","334","251","387","284","373","262","413","231","387","212","426","179","429","136","447","107","455","277","489","243","567","205","603","202","606","170","78","238"
"NO-0082-TL21-G3-2020-2-5R.dw.png","205","184","231","183","264","263","273","209","290","124","344","265","399","300","383","277","421","243","397","225","437","188","439","145","457","111","466","292","505","257","588","215","626","212","634","179","86","256"
"NO-0082-TL21-G3-2020-2-6R.dw.png","206","183","230","182","262","264","273","209","293","123","337","266","398","302","379","279","419","244","398","228","438","189","441","144","459","112","465","295","503","260","589","217","629","214","638","183","85","258"
"NO-0082-TL21-G3-2020-2-7R.dw.png","205","182","234","181","257","261","273","206","292","122","342","264","401","297","385","275","421","240","399","223","441","188","444","143","462","110","466","290","505","256","587","212","625","209","633","178","84","253"
"NO-0082-TL21-G3-2020-2-8R.dw.png","205","174","232","174","259","252","272","200","284","120","339","255","396","287","378","265","415","233","390","215","431","181","435","139","452","109","460","279","493","245","574","206","615","203","618","170","81","241"
"NO-0082-TL21-G3-2020-2-9R.dw.png","200","171","225","170","249","245","267","196","273","119","327","247","384","281","368","258","403","227","382","210","419","175","424","133","440","104","449","274","484","240","563","199","601","196","603","162","83","241"
"NO-0083-TL21-Sverm-0R.dw.png","198","170","226","171","264","250","263","195","278","114","337","252","395","285","378","262","416","230","393","213","427","178","426","135","439","106","457","277","491","242","565","203","604","199","611","171","80","241"
"NO-0083-TL21-Sverm-10R.dw.png","190","165","218","165","251","242","257","190","270","112","326","244","381","278","360","255","400","223","375","207","415","173","418","133","434","105","443","269","477","234","553","197","592","193","598","163","82","241"
"NO-0083-TL21-Sverm-11R.dw.png","198","166","225","167","256","245","263","191","278","115","334","248","389","282","371","258","408","226","386","211","419","176","422","135","439","106","449","274","485","237","556","201","597","196","604","167","79","235"
"NO-0083-TL21-Sverm-12R.dw.png","204","174","234","174","263","254","271","198","285","121","348","259","398","288","385","269","428","236","396","214","435","182","439","139","456","108","469","281","503","246","578","207","617","203","626","172","82","241"
"NO-0083-TL21-Sverm-13R.dw.png","193","168","220","168","248","244","258","192","270","115","324","247","378","279","360","256","400","225","376","208","413","176","414","135","431","107","442","272","475","238","549","199","586","196","594","169","79","234"
"NO-0083-TL21-Sverm-14R.dw.png","193","165","221","164","251","234","256","187","266","113","327","239","381","270","364","249","407","219","377","199","416","169","415","131","429","103","447","262","481","228","555","193","589","189","595","160","81","234"
"NO-0083-TL21-Sverm-15R.dw.png","194","162","224","163","251","235","259","186","274","111","328","240","381","272","367","251","405","220","379","202","419","169","421","131","438","101","446","265","478","232","561","192","598","188","605","160","82","227"
"NO-0083-TL21-Sverm-16R.dw.png","193","163","220","164","250","234","257","188","266","111","318","237","369","270","353","247","391","217","365","199","403","168","406","129","425","100","433","262","464","227","535","191","574","188","582","158","80","229"
"NO-0083-TL21-Sverm-17R.dw.png","191","159","216","159","244","230","257","183","266","108","325","233","379","264","364","243","401","211","374","193","412","163","413","125","427","96","442","256","476","221","549","183","585","180","594","151","78","229"
"NO-0083-TL21-Sverm-18R.dw.png","193","165","219","164","253","238","262","190","260","116","327","242","379","273","362","251","398","222","376","206","411","173","416","134","432","104","441","266","473","234","544","195","581","192","589","163","82","231"
"NO-0083-TL21-Sverm-19R.dw.png","203","174","227","173","258","253","265","198","277","118","343","258","395","289","382","269","422","236","391","217","429","180","435","140","449","111","460","283","497","246","570","208","608","205","616","174","82","244"
"NO-0083-TL21-Sverm-1R.dw.png","192","169","222","168","253","244","262","192","271","114","335","246","393","279","376","257","418","222","390","204","426","170","428","130","441","99","459","271","495","234","562","197","605","192","612","163","85","247"
"NO-0083-TL21-Sverm-20R.dw.png","196","165","222","166","255","244","263","192","277","114","331","247","387","280","371","258","405","225","387","209","422","175","424","134","440","106","455","273","488","238","563","199","599","197","607","168","80","234"
"NO-0083-TL21-Sverm-21R.dw.png","193","159","220","160","250","233","258","184","266","111","324","236","374","267","357","246","396","215","371","197","408","168","410","128","428","99","439","260","468","227","542","189","582","184","589","154","79","222"
"NO-0083-TL21-Sverm-22R.dw.png","194","165","222","165","256","239","264","190","269","115","333","243","387","273","373","253","411","220","384","201","420","170","422","129","437","98","457","265","490","230","562","191","601","186","608","157","81","234"
"NO-0083-TL21-Sverm-23R.dw.png","199","167","229","168","254","246","265","192","280","115","339","252","390","282","376","262","418","229","392","209","432","178","436","135","449","105","461","275","497","239","570","200","609","195","616","166","78","236"
"NO-0083-TL21-Sverm-24R.dw.png","194","170","223","170","258","250","260","194","274","117","334","252","389","284","373","263","417","231","380","211","422","177","426","137","443","108","458","276","494","239","567","204","604","201","610","170","82","244"
"NO-0083-TL21-Sverm-25R.dw.png","183","159","211","159","243","232","253","184","254","107","315","235","369","266","354","245","390","215","370","200","401","166","404","128","419","99","433","258","460","226","540","188","578","185","585","157","76","227"
"NO-0083-TL21-Sverm-26R.dw.png","192","164","218","165","246","238","255","189","265","113","316","241","370","273","356","253","395","221","370","203","408","171","411","131","428","105","437","266","470","233","543","195","579","192","583","161","76","226"
"NO-0083-TL21-Sverm-2R.dw.png","194","166","220","165","253","238","261","187","268","114","327","239","384","273","368","250","410","218","382","201","418","167","421","129","436","98","450","264","484","229","554","191","593","187","603","159","83","237"
"NO-0083-TL21-Sverm-3R.dw.png","188","167","216","166","250","243","255","191","268","114","326","246","379","277","360","253","391","224","367","206","408","172","411","132","429","103","436","268","472","232","548","197","584","193","589","162","82","246"
"NO-0083-TL21-Sverm-4R.dw.png","204","168","232","168","258","243","273","192","283","117","339","245","400","278","382","256","422","223","398","206","436","173","439","133","455","104","470","269","501","234","578","197","618","193","626","165","84","238"
"NO-0083-TL21-Sverm-5R.dw.png","196","173","223","171","260","246","270","198","274","117","337","249","392","281","373","258","409","226","390","212","426","179","427","138","443","107","457","273","488","240","568","201","605","198","612","169","87","244"
"NO-0083-TL21-Sverm-6R.dw.png","194","168","218","169","251","245","261","194","272","117","331","249","384","283","367","259","412","228","379","208","421","176","423","136","439","105","449","274","486","238","556","199","595","195","602","165","79","237"
"NO-0083-TL21-Sverm-7R.dw.png","182","165","211","165","240","238","247","187","253","111","314","240","368","272","352","250","385","220","361","203","396","169","401","131","417","101","428","264","459","231","526","194","564","189","571","159","78","237"
"NO-0083-TL21-Sverm-8R.dw.png","192","167","219","168","246","239","260","190","263","114","327","242","381","274","365","253","402","223","378","208","411","171","415","132","429","103","443","266","473","233","545","195","583","191","589","162","83","235"
"NO-0083-TL21-Sverm-9R.dw.png","191","162","216","161","246","236","259","187","265","111","326","239","383","272","366","250","404","219","377","199","416","169","420","130","433","102","449","264","482","228","550","193","593","190","602","161","80","235"
"NO-0084-TMy21-8-0R.dw.png","204","172","229","171","264","250","271","198","284","118","339","253","389","289","375","265","414","233","388","213","423","180","430","139","448","110","454","282","490","244","567","207","605","204","616","175","81","240"
"NO-0084-TMy21-8-10R.dw.png","204","168","229","168","264","246","268","194","275","115","332","248","387","283","373","260","412","229","385","211","422","177","426","138","443","109","450","274","485","238","567","199","601","196","612","169","79","229"
"NO-0084-TMy21-8-11R.dw.png","208","171","238","172","269","253","271","197","289","119","339","255","398","291","383","268","426","235","399","215","437","182","441","140","459","110","466","282","506","245","587","206","620","203","627","170","81","239"
"NO-0084-TMy21-8-12R.dw.png","206","173","230","173","267","253","269","198","284","119","340","255","397","289","381","267","421","235","391","214","432","182","435","141","454","111","463","280","498","245","575","208","613","205","620","176","80","244"
"NO-0084-TMy21-8-13R.dw.png","204","172","231","171","265","250","272","197","286","114","349","254","404","285","389","265","427","233","401","215","437","178","442","137","459","108","471","277","509","242","583","205","621","200","630","171","83","241"
"NO-0084-TMy21-8-14R.dw.png","200","177","228","176","262","259","266","201","282","118","344","264","395","295","380","273","419","238","397","222","433","186","437","144","455","114","464","286","497","255","583","211","616","209","626","178","79","249"
"NO-0084-TMy21-8-15R.dw.png","207","173","231","173","266","256","273","200","292","121","347","260","401","293","386","270","426","239","396","217","438","188","443","146","463","114","469","285","504","252","588","212","625","210","633","179","77","240"
"NO-0084-TMy21-8-16R.dw.png","202","174","232","174","263","252","269","199","287","118","343","258","399","292","383","269","421","234","399","218","443","185","446","141","465","111","468","283","505","248","589","207","629","206","636","176","82","244"
"NO-0084-TMy21-8-17R.dw.png","201","171","226","170","257","248","264","195","274","116","332","251","388","285","370","261","411","229","385","212","424","176","429","136","445","106","452","276","493","239","566","201","604","198","613","168","80","241"
"NO-0084-TMy21-8-18R.dw.png","197","169","225","169","256","246","262","193","273","115","325","249","383","284","366","261","405","228","382","210","421","174","425","133","443","105","446","275","484","240","567","202","600","200","611","170","80","242"
"NO-0084-TMy21-8-19R.dw.png","200","171","229","171","257","251","269","198","285","116","334","256","391","291","374","268","422","234","390","214","433","180","436","139","455","109","455","283","497","245","581","206","615","203","622","172","80","243"
"NO-0084-TMy21-8-1R.dw.png","206","172","231","172","264","256","264","195","285","118","340","259","392","293","379","271","422","239","395","219","432","184","438","143","455","116","461","284","500","248","582","209","613","207","625","179","79","239"
"NO-0084-TMy21-8-20R.dw.png","202","166","228","166","256","245","267","192","283","115","337","250","387","284","373","261","414","232","388","210","426","179","429","140","448","108","454","275","486","242","568","204","602","201","612","172","81","233"
"NO-0084-TMy21-8-21R.dw.png","203","172","229","172","260","251","270","197","285","116","341","257","394","291","378","267","416","234","389","215","432","182","437","139","455","109","459","282","497","247","575","208","611","204","618","173","82","242"
"NO-0084-TMy21-8-23R.dw.png","205","178","232","177","267","256","274","203","283","120","341","259","397","292","380","269","421","236","390","215","434","179","439","139","457","108","461","284","499","248","585","208","621","205","631","175","80","249"
"NO-0084-TMy21-8-24R.dw.png","206","177","231","176","263","255","272","202","286","121","340","257","390","291","376","268","417","238","391","218","429","185","431","144","450","113","458","281","493","250","574","211","607","209","618","181","81","247"
"NO-0084-TMy21-8-25R.dw.png","201","169","226","169","263","247","268","196","280","115","336","251","390","285","374","261","412","227","387","210","425","174","429","135","448","103","454","277","491","239","566","201","608","197","616","166","81","239"
"NO-0084-TMy21-8-2R.dw.png","204","176","229","175","262","253","265","199","281","120","340","256","396","288","379","265","419","233","396","218","432","181","436","141","451","111","460","280","498","244","581","207","616","205","624","176","81","244"
"NO-0084-TMy21-8-3R.dw.png","203","169","227","169","255","248","267","194","281","117","333","252","385","285","371","262","411","230","386","211","423","180","426","140","444","109","452","275","483","244","563","204","601","201","610","173","81","237"
"NO-0084-TMy21-8-4R.dw.png","202","175","229","175","257","256","268","201","284","118","339","261","391","293","376","271","419","237","393","219","430","185","435","141","453","111","456","286","498","247","575","211","614","209","622","177","78","244"
"NO-0084-TMy21-8-5R.dw.png","209","179","233","178","272","260","272","202","291","123","346","262","397","295","382","272","426","240","399","218","439","186","443","146","462","113","467","287","502","252","588","211","621","209","629","177","80","248"
"NO-0084-TMy21-8-6R.dw.png","207","178","232","178","267","260","267","201","289","122","341","264","397","297","384","276","428","242","399","221","440","186","446","144","464","114","471","286","507","254","587","213","626","210","634","179","80","250"
"NO-0084-TMy21-8-7R.dw.png","199","166","227","167","260","246","267","193","275","114","333","249","390","283","374","260","416","229","385","209","429","177","434","136","450","108","456","275","494","240","578","202","616","199","624","170","75","232"
"NO-0084-TMy21-8-8R.dw.png","202","166","230","166","264","242","269","192","282","113","335","243","397","276","379","254","415","222","395","206","440","177","439","133","456","104","465","268","499","235","580","195","618","193","625","164","84","236"
"NO-0084-TMy21-8-9R.dw.png","202","173","228","172","259","250","269","199","276","119","333","253","391","287","376","265","412","230","387","213","429","177","432","137","452","106","460","278","496","244","578","202","615","199","627","169","77","241"
